Direction,TF,Feature,Outcome,N_total,N_complete,N_missing,N_zero,Median,Q1,Q3,IQR,Min,Max
BUY,M1,RSI,STOP,75,75,0,0,48.082976,45.319054,52.967942,7.648887,23.249235,80.813131
BUY,M1,RSI,NON-STOP,3538,3538,0,0,48.036566,43.382614,52.560169,9.177555,20.568392,91.246668
BUY,M1,RSI,TARGET,3255,3255,0,0,48.000674,43.360142,52.463182,9.103040,20.568392,91.246668
BUY,M1,RSI,BE,282,282,0,0,48.381432,43.494334,53.052585,9.558250,27.569147,84.948774
BUY,M1,RSI,OTHER_NONSTOP,1,1,0,0,53.333608,53.333608,53.333608,0.000000,53.333608,53.333608
BUY,M1,ADX,STOP,75,75,0,0,24.396298,18.857296,36.293516,17.436220,14.156034,60.157599
BUY,M1,ADX,NON-STOP,3538,3538,0,0,27.676040,21.593160,36.728952,15.135792,10.660250,81.718527
BUY,M1,ADX,TARGET,3255,3255,0,0,27.750164,21.705608,36.725406,15.019797,10.660250,81.718527
BUY,M1,ADX,BE,282,282,0,0,27.035835,20.510037,36.721836,16.211798,11.402362,68.868585
BUY,M1,ADX,OTHER_NONSTOP,1,1,0,0,17.304945,17.304945,17.304945,0.000000,17.304945,17.304945
BUY,M1,DIPlus,STOP,75,75,0,0,21.914169,16.780302,25.667246,8.886944,8.598275,37.996985
BUY,M1,DIPlus,NON-STOP,3538,3538,0,0,20.807324,16.883897,25.353260,8.469363,3.251259,52.964044
BUY,M1,DIPlus,TARGET,3255,3255,0,0,20.730797,16.774562,25.120648,8.346086,3.251259,52.964044
BUY,M1,DIPlus,BE,282,282,0,0,21.888080,18.044441,26.924140,8.879698,10.416350,45.726824
BUY,M1,DIPlus,OTHER_NONSTOP,1,1,0,0,25.470007,25.470007,25.470007,0.000000,25.470007,25.470007
BUY,M1,DIMinus,STOP,75,75,0,0,19.648666,16.173668,22.028248,5.854580,7.370631,29.762626
BUY,M1,DIMinus,NON-STOP,3538,3538,0,0,19.923760,16.503257,23.427124,6.923866,0.974258,40.728664
BUY,M1,DIMinus,TARGET,3255,3255,0,0,19.954292,16.583632,23.450794,6.867162,2.565902,40.728664
BUY,M1,DIMinus,BE,282,282,0,0,19.536740,15.986630,22.928176,6.941546,0.974258,39.682921
BUY,M1,DIMinus,OTHER_NONSTOP,1,1,0,0,17.009250,17.009250,17.009250,0.000000,17.009250,17.009250
BUY,M1,DIGap,STOP,75,75,0,0,5.463678,3.113817,9.703852,6.590035,0.236407,30.626354
BUY,M1,DIGap,NON-STOP,3538,3538,0,0,5.791745,2.723245,9.849410,7.126165,0.005854,46.101602
BUY,M1,DIGap,TARGET,3255,3255,0,0,5.756213,2.696026,9.759895,7.063870,0.005854,46.101602
BUY,M1,DIGap,BE,282,282,0,0,5.942620,3.058716,11.502551,8.443836,0.053401,44.620798
BUY,M1,DIGap,OTHER_NONSTOP,1,1,0,0,8.460756,8.460756,8.460756,0.000000,8.460756,8.460756
BUY,M1,ATR,STOP,75,75,0,0,0.940000,0.380000,2.185000,1.805000,0.120000,11.940000
BUY,M1,ATR,NON-STOP,3538,3538,0,0,0.460000,0.280000,0.840000,0.560000,0.030000,20.230000
BUY,M1,ATR,TARGET,3255,3255,0,0,0.480000,0.290000,0.890000,0.600000,0.050000,20.230000
BUY,M1,ATR,BE,282,282,0,0,0.290000,0.160000,0.437500,0.277500,0.030000,1.850000
BUY,M1,ATR,OTHER_NONSTOP,1,1,0,0,4.420000,4.420000,4.420000,0.000000,4.420000,4.420000
BUY,M1,CCI,STOP,75,75,0,0,22.709168,-16.527962,93.303304,109.831267,-75.436810,456.122113
BUY,M1,CCI,NON-STOP,3538,3538,0,0,26.691095,-27.106900,101.471152,128.578052,-127.250420,459.840881
BUY,M1,CCI,TARGET,3255,3255,0,0,25.769638,-27.566764,101.123633,128.690396,-127.250420,459.840881
BUY,M1,CCI,BE,282,282,0,0,37.690502,-21.622530,108.708485,130.331016,-110.846442,341.943783
BUY,M1,CCI,OTHER_NONSTOP,1,1,0,0,7.440256,7.440256,7.440256,0.000000,7.440256,7.440256
BUY,M1,EMA20,STOP,75,75,0,0,1961.030000,1422.740000,4051.820000,2629.080000,1122.210000,5413.170000
BUY,M1,EMA20,NON-STOP,3538,3538,0,0,1766.775000,1290.137500,2034.980000,744.842500,1059.290000,5351.610000
BUY,M1,EMA20,TARGET,3255,3255,0,0,1782.200000,1293.095000,2141.330000,848.235000,1059.290000,5351.610000
BUY,M1,EMA20,BE,282,282,0,0,1324.775000,1245.852500,1811.315000,565.462500,1065.290000,5206.820000
BUY,M1,EMA20,OTHER_NONSTOP,1,1,0,0,4393.530000,4393.530000,4393.530000,0.000000,4393.530000,4393.530000
BUY,M1,EMA50,STOP,75,75,0,0,1960.470000,1422.670000,4053.775000,2631.105000,1122.430000,5421.930000
BUY,M1,EMA50,NON-STOP,3538,3538,0,0,1767.275000,1290.367500,2035.962500,745.595000,1060.060000,5346.370000
BUY,M1,EMA50,TARGET,3255,3255,0,0,1783.110000,1293.220000,2141.770000,848.550000,1060.060000,5346.370000
BUY,M1,EMA50,BE,282,282,0,0,1325.070000,1246.165000,1811.930000,565.765000,1065.710000,5207.440000
BUY,M1,EMA50,OTHER_NONSTOP,1,1,0,0,4393.710000,4393.710000,4393.710000,0.000000,4393.710000,4393.710000
BUY,M1,EMA100,STOP,75,75,0,0,1961.800000,1422.455000,4054.530000,2632.075000,1122.700000,5420.820000
BUY,M1,EMA100,NON-STOP,3538,3538,0,0,1768.210000,1290.512500,2035.997500,745.485000,1060.710000,5342.200000
BUY,M1,EMA100,TARGET,3255,3255,0,0,1783.520000,1293.350000,2141.715000,848.365000,1060.710000,5342.200000
BUY,M1,EMA100,BE,282,282,0,0,1325.735000,1246.470000,1812.650000,566.180000,1066.330000,5206.960000
BUY,M1,EMA100,OTHER_NONSTOP,1,1,0,0,4393.590000,4393.590000,4393.590000,0.000000,4393.590000,4393.590000
BUY,M1,EMA200,STOP,75,75,0,0,1964.730000,1422.165000,4054.725000,2632.560000,1123.040000,5405.730000
BUY,M1,EMA200,NON-STOP,3538,3538,0,0,1768.530000,1290.232500,2036.032500,745.800000,1061.300000,5338.270000
BUY,M1,EMA200,TARGET,3255,3255,0,0,1783.580000,1293.700000,2140.895000,847.195000,1061.300000,5338.270000
BUY,M1,EMA200,BE,282,282,0,0,1326.130000,1245.892500,1812.890000,566.997500,1067.010000,5202.950000
BUY,M1,EMA200,OTHER_NONSTOP,1,1,0,0,4393.620000,4393.620000,4393.620000,0.000000,4393.620000,4393.620000
BUY,M1,EMA200DistATR,STOP,75,75,0,0,-0.583000,-3.146906,1.120008,4.266914,-15.453311,7.285303
BUY,M1,EMA200DistATR,NON-STOP,3538,3538,0,0,-1.620472,-4.167400,0.753438,4.920838,-41.770908,21.663578
BUY,M1,EMA200DistATR,TARGET,3255,3255,0,0,-1.614569,-4.126388,0.742800,4.869187,-41.770908,19.487601
BUY,M1,EMA200DistATR,BE,282,282,0,0,-1.701660,-4.830270,0.940958,5.771228,-27.261342,21.663578
BUY,M1,EMA200DistATR,OTHER_NONSTOP,1,1,0,0,0.277125,0.277125,0.277125,0.000000,0.277125,0.277125
BUY,M1,RSISlope5,STOP,75,75,0,0,1.602936,0.830666,2.296664,1.465997,-0.888443,7.706349
BUY,M1,RSISlope5,NON-STOP,3538,3538,0,0,1.720190,0.916500,2.600162,1.683662,-6.029628,10.851236
BUY,M1,RSISlope5,TARGET,3255,3255,0,0,1.730379,0.922102,2.614049,1.691946,-6.029628,10.851236
BUY,M1,RSISlope5,BE,282,282,0,0,1.650390,0.799702,2.373918,1.574217,-3.390595,5.984959
BUY,M1,RSISlope5,OTHER_NONSTOP,1,1,0,0,0.882660,0.882660,0.882660,0.000000,0.882660,0.882660
BUY,M1,CCISlope5,STOP,75,75,0,0,21.250204,14.410829,30.915302,16.504472,-25.557934,106.147097
BUY,M1,CCISlope5,NON-STOP,3538,3538,0,0,22.218248,11.432062,35.298684,23.866622,-57.067351,108.138791
BUY,M1,CCISlope5,TARGET,3255,3255,0,0,22.185982,11.501174,35.271502,23.770329,-57.067351,108.138791
BUY,M1,CCISlope5,BE,282,282,0,0,22.725368,10.736183,35.544552,24.808368,-42.927454,87.986649
BUY,M1,CCISlope5,OTHER_NONSTOP,1,1,0,0,6.144092,6.144092,6.144092,0.000000,6.144092,6.144092
BUY,M1,ADXSlope5,STOP,75,75,0,0,-0.680769,-1.454161,0.086981,1.541142,-2.849357,2.258768
BUY,M1,ADXSlope5,NON-STOP,3538,3538,0,0,-0.548640,-1.346867,0.229688,1.576555,-5.500564,5.065950
BUY,M1,ADXSlope5,TARGET,3255,3255,0,0,-0.548797,-1.339966,0.236486,1.576452,-5.352699,5.065950
BUY,M1,ADXSlope5,BE,282,282,0,0,-0.515956,-1.501916,0.149436,1.651352,-5.500564,4.966002
BUY,M1,ADXSlope5,OTHER_NONSTOP,1,1,0,0,-1.267222,-1.267222,-1.267222,0.000000,-1.267222,-1.267222
BUY,M1,ATRRegime,STOP,75,75,0,0,1.067860,0.834315,1.491087,0.656772,0.355080,6.600719
BUY,M1,ATRRegime,NON-STOP,3538,3538,0,0,1.059399,0.813518,1.405440,0.591922,0.041503,14.526531
BUY,M1,ATRRegime,TARGET,3255,3255,0,0,1.066440,0.822017,1.412564,0.590546,0.041503,14.526531
BUY,M1,ATRRegime,BE,282,282,0,0,0.961983,0.744643,1.326530,0.581886,0.159521,6.568627
BUY,M1,ATRRegime,OTHER_NONSTOP,1,1,0,0,2.769953,2.769953,2.769953,0.000000,2.769953,2.769953
BUY,M1,EMA20Slope5ATR,STOP,75,75,0,0,-0.087737,-0.125753,-0.023622,0.102132,-0.527479,0.291710
BUY,M1,EMA20Slope5ATR,NON-STOP,3538,3538,0,0,-0.086960,-0.144640,-0.038054,0.106585,-1.164425,0.887685
BUY,M1,EMA20Slope5ATR,TARGET,3255,3255,0,0,-0.087221,-0.143075,-0.039218,0.103856,-1.164425,0.887685
BUY,M1,EMA20Slope5ATR,BE,282,282,0,0,-0.084787,-0.163829,-0.028506,0.135323,-0.824261,0.631388
BUY,M1,EMA20Slope5ATR,OTHER_NONSTOP,1,1,0,0,-0.020899,-0.020899,-0.020899,0.000000,-0.020899,-0.020899
BUY,M1,EMA50Slope5ATR,STOP,75,75,0,0,-0.048956,-0.094943,-0.021464,0.073480,-0.379922,0.116726
BUY,M1,EMA50Slope5ATR,NON-STOP,3538,3538,0,1,-0.073866,-0.119505,-0.033250,0.086254,-0.726796,0.509518
BUY,M1,EMA50Slope5ATR,TARGET,3255,3255,0,1,-0.073679,-0.118247,-0.033654,0.084594,-0.661875,0.509518
BUY,M1,EMA50Slope5ATR,BE,282,282,0,0,-0.075788,-0.126354,-0.029932,0.096422,-0.726796,0.247934
BUY,M1,EMA50Slope5ATR,OTHER_NONSTOP,1,1,0,0,-0.009124,-0.009124,-0.009124,0.000000,-0.009124,-0.009124
BUY,M1,EMA200Slope5ATR,STOP,75,75,0,0,-0.014089,-0.039338,0.003902,0.043240,-0.162566,0.072900
BUY,M1,EMA200Slope5ATR,NON-STOP,3538,3538,0,0,-0.024540,-0.050746,0.000055,0.050800,-0.435844,0.214879
BUY,M1,EMA200Slope5ATR,TARGET,3255,3255,0,0,-0.024480,-0.050271,-0.000004,0.050268,-0.435844,0.192874
BUY,M1,EMA200Slope5ATR,BE,282,282,0,0,-0.025510,-0.057055,0.001590,0.058646,-0.289627,0.214879
BUY,M1,EMA200Slope5ATR,OTHER_NONSTOP,1,1,0,0,-0.001927,-0.001927,-0.001927,0.000000,-0.001927,-0.001927
BUY,M1,EMAGap2050ATR,STOP,75,75,0,0,-0.681363,-1.314692,-0.169834,1.144858,-4.507691,0.837045
BUY,M1,EMAGap2050ATR,NON-STOP,3538,3538,0,0,-0.954024,-1.588623,-0.395954,1.192668,-10.665104,4.700987
BUY,M1,EMAGap2050ATR,TARGET,3255,3255,0,0,-0.944763,-1.579026,-0.395368,1.183658,-10.665104,4.700987
BUY,M1,EMAGap2050ATR,BE,282,282,0,0,-1.044479,-1.703656,-0.420063,1.283593,-10.029441,2.520147
BUY,M1,EMAGap2050ATR,OTHER_NONSTOP,1,1,0,0,-0.040350,-0.040350,-0.040350,0.000000,-0.040350,-0.040350
BUY,M1,EMAGap50200ATR,STOP,75,75,0,0,-0.300716,-1.695464,1.170560,2.866024,-7.680083,9.063375
BUY,M1,EMAGap50200ATR,NON-STOP,3538,3538,0,0,-0.698420,-2.590877,1.096281,3.687158,-28.679205,23.289871
BUY,M1,EMAGap50200ATR,TARGET,3255,3255,0,0,-0.688494,-2.571268,1.060292,3.631560,-28.679205,17.311048
BUY,M1,EMAGap50200ATR,BE,282,282,0,0,-0.826667,-3.042250,1.282311,4.324561,-16.155760,23.289871
BUY,M1,EMAGap50200ATR,OTHER_NONSTOP,1,1,0,0,0.019840,0.019840,0.019840,0.000000,0.019840,0.019840
BUY,M1,EMACompressionATR,STOP,75,75,0,0,2.061775,1.117694,3.675666,2.557972,0.070859,11.778251
BUY,M1,EMACompressionATR,NON-STOP,3538,3538,0,0,2.874237,1.615077,4.796361,3.181284,0.040350,38.215790
BUY,M1,EMACompressionATR,TARGET,3255,3255,0,0,2.837179,1.591495,4.714354,3.122859,0.060394,38.215790
BUY,M1,EMACompressionATR,BE,282,282,0,0,3.305314,1.786818,5.693031,3.906212,0.109121,23.289871
BUY,M1,EMACompressionATR,OTHER_NONSTOP,1,1,0,0,0.040350,0.040350,0.040350,0.000000,0.040350,0.040350
BUY,M5,RSI,STOP,75,75,0,0,44.792671,35.741670,49.560466,13.818796,16.651680,58.246898
BUY,M5,RSI,NON-STOP,3538,3538,0,0,41.938498,35.510881,48.441140,12.930259,8.634043,73.764707
BUY,M5,RSI,TARGET,3255,3255,0,0,41.856708,35.408056,48.427296,13.019241,8.634043,73.764707
BUY,M5,RSI,BE,282,282,0,0,42.902180,36.544556,48.443038,11.898482,9.542608,72.149818
BUY,M5,RSI,OTHER_NONSTOP,1,1,0,0,51.435296,51.435296,51.435296,0.000000,51.435296,51.435296
BUY,M5,ADX,STOP,75,75,0,0,29.445342,23.417914,36.937732,13.519818,12.138251,62.723731
BUY,M5,ADX,NON-STOP,3538,3538,0,0,29.989490,23.362498,38.450315,15.087816,9.842707,80.899695
BUY,M5,ADX,TARGET,3255,3255,0,0,30.056186,23.468858,38.408012,14.939154,9.842707,80.899695
BUY,M5,ADX,BE,282,282,0,0,29.162038,22.462659,38.958784,16.496124,10.117776,70.341486
BUY,M5,ADX,OTHER_NONSTOP,1,1,0,0,19.084987,19.084987,19.084987,0.000000,19.084987,19.084987
BUY,M5,DIPlus,STOP,75,75,0,0,12.449122,8.267530,15.298567,7.031038,2.476719,34.210943
BUY,M5,DIPlus,NON-STOP,3538,3538,0,0,11.606012,8.469114,15.190687,6.721573,1.238876,39.067600
BUY,M5,DIPlus,TARGET,3255,3255,0,0,11.572488,8.483393,15.170734,6.687341,1.238876,39.067600
BUY,M5,DIPlus,BE,282,282,0,0,12.156972,8.365072,15.410868,7.045796,2.340412,33.807723
BUY,M5,DIPlus,OTHER_NONSTOP,1,1,0,0,17.967846,17.967846,17.967846,0.000000,17.967846,17.967846
BUY,M5,DIMinus,STOP,75,75,0,0,23.902865,18.953616,30.647894,11.694278,13.500395,46.741627
BUY,M5,DIMinus,NON-STOP,3538,3538,0,0,25.487765,20.394174,30.675717,10.281544,2.929765,54.193774
BUY,M5,DIMinus,TARGET,3255,3255,0,0,25.578306,20.440276,30.640054,10.199778,4.137912,54.193774
BUY,M5,DIMinus,BE,282,282,0,0,24.942660,19.887354,31.101310,11.213956,2.929765,46.776633
BUY,M5,DIMinus,OTHER_NONSTOP,1,1,0,0,14.430947,14.430947,14.430947,0.000000,14.430947,14.430947
BUY,M5,DIGap,STOP,75,75,0,0,12.623820,7.148010,20.079810,12.931800,0.404791,42.873667
BUY,M5,DIGap,NON-STOP,3538,3538,0,0,13.906704,7.321981,20.870579,13.548598,0.002861,48.019722
BUY,M5,DIGap,TARGET,3255,3255,0,0,13.883471,7.330564,20.889086,13.558522,0.002861,48.019722
BUY,M5,DIGap,BE,282,282,0,0,14.330493,7.316497,20.573538,13.257040,0.134667,41.764782
BUY,M5,DIGap,OTHER_NONSTOP,1,1,0,0,3.536899,3.536899,3.536899,0.000000,3.536899,3.536899
BUY,M5,ATR,STOP,75,75,0,0,1.850000,0.660000,4.985000,4.325000,0.140000,24.670000
BUY,M5,ATR,NON-STOP,3538,3538,0,0,0.990000,0.620000,1.787500,1.167500,0.080000,57.160000
BUY,M5,ATR,TARGET,3255,3255,0,0,1.040000,0.650000,1.850000,1.200000,0.080000,57.160000
BUY,M5,ATR,BE,282,282,0,0,0.650000,0.440000,1.090000,0.650000,0.120000,4.660000
BUY,M5,ATR,OTHER_NONSTOP,1,1,0,0,4.360000,4.360000,4.360000,0.000000,4.360000,4.360000
BUY,M5,CCI,STOP,75,75,0,0,-115.158381,-152.541512,-53.540246,99.001266,-293.905527,73.125689
BUY,M5,CCI,NON-STOP,3538,3538,0,0,-109.308480,-141.340156,-66.573593,74.766562,-466.666667,273.618210
BUY,M5,CCI,TARGET,3255,3255,0,0,-109.885376,-141.469248,-67.460995,74.008253,-466.666667,273.618210
BUY,M5,CCI,BE,282,282,0,0,-104.767043,-139.893856,-58.120851,81.773005,-252.845066,215.581911
BUY,M5,CCI,OTHER_NONSTOP,1,1,0,0,-11.508378,-11.508378,-11.508378,0.000000,-11.508378,-11.508378
BUY,M5,EMA20,STOP,75,75,0,0,1961.460000,1422.425000,4054.635000,2632.210000,1122.690000,5421.210000
BUY,M5,EMA20,NON-STOP,3538,3538,0,0,1768.190000,1290.452500,2036.037500,745.585000,1060.710000,5341.830000
BUY,M5,EMA20,TARGET,3255,3255,0,0,1783.500000,1293.390000,2141.740000,848.350000,1060.710000,5341.830000
BUY,M5,EMA20,BE,282,282,0,0,1325.740000,1246.527500,1812.827500,566.300000,1066.360000,5206.890000
BUY,M5,EMA20,OTHER_NONSTOP,1,1,0,0,4393.700000,4393.700000,4393.700000,0.000000,4393.700000,4393.700000
BUY,M5,EMA50,STOP,75,75,0,0,1965.800000,1422.030000,4054.880000,2632.850000,1123.110000,5398.970000
BUY,M5,EMA50,NON-STOP,3538,3538,0,0,1768.830000,1290.272500,2035.995000,745.722500,1061.460000,5345.800000
BUY,M5,EMA50,TARGET,3255,3255,0,0,1783.350000,1293.560000,2140.480000,846.920000,1061.460000,5345.800000
BUY,M5,EMA50,BE,282,282,0,0,1326.095000,1245.585000,1812.640000,567.055000,1067.250000,5200.870000
BUY,M5,EMA50,OTHER_NONSTOP,1,1,0,0,4393.810000,4393.810000,4393.810000,0.000000,4393.810000,4393.810000
BUY,M5,EMA100,STOP,75,75,0,0,1969.780000,1421.400000,4054.740000,2633.340000,1123.140000,5391.830000
BUY,M5,EMA100,NON-STOP,3538,3538,0,0,1768.505000,1289.997500,2035.610000,745.612500,1061.540000,5386.330000
BUY,M5,EMA100,TARGET,3255,3255,0,0,1783.110000,1293.485000,2138.755000,845.270000,1061.540000,5386.330000
BUY,M5,EMA100,BE,282,282,0,0,1326.035000,1245.082500,1812.147500,567.065000,1068.070000,5194.250000
BUY,M5,EMA100,OTHER_NONSTOP,1,1,0,0,4395.650000,4395.650000,4395.650000,0.000000,4395.650000,4395.650000
BUY,M5,EMA200,STOP,75,75,0,0,1974.260000,1420.345000,4053.040000,2632.695000,1122.810000,5404.870000
BUY,M5,EMA200,NON-STOP,3538,3538,0,0,1765.910000,1289.717500,2034.250000,744.532500,1059.690000,5417.230000
BUY,M5,EMA200,TARGET,3255,3255,0,0,1783.010000,1293.315000,2135.175000,841.860000,1059.690000,5417.230000
BUY,M5,EMA200,BE,282,282,0,0,1326.560000,1243.762500,1812.940000,569.177500,1068.210000,5186.840000
BUY,M5,EMA200,OTHER_NONSTOP,1,1,0,0,4398.770000,4398.770000,4398.770000,0.000000,4398.770000,4398.770000
BUY,M5,EMA200DistATR,STOP,75,75,0,0,-1.033657,-2.803777,1.919307,4.723084,-16.074120,18.017110
BUY,M5,EMA200DistATR,NON-STOP,3538,3538,0,0,-0.669584,-3.457862,2.644926,6.102788,-27.581208,36.567655
BUY,M5,EMA200DistATR,TARGET,3255,3255,0,0,-0.637094,-3.346160,2.651099,5.997258,-27.581208,36.567655
BUY,M5,EMA200DistATR,BE,282,282,0,0,-1.159549,-5.120968,2.601924,7.722893,-25.056549,33.977024
BUY,M5,EMA200DistATR,OTHER_NONSTOP,1,1,0,0,-1.015157,-1.015157,-1.015157,0.000000,-1.015157,-1.015157
BUY,M5,RSISlope5,STOP,75,75,0,0,-1.593278,-2.660442,-0.605846,2.054596,-4.939719,5.102334
BUY,M5,RSISlope5,NON-STOP,3538,3538,0,0,-1.432578,-2.405102,-0.540489,1.864613,-8.307992,6.922288
BUY,M5,RSISlope5,TARGET,3255,3255,0,0,-1.462700,-2.435217,-0.571084,1.864134,-8.307992,6.922288
BUY,M5,RSISlope5,BE,282,282,0,0,-1.126264,-2.094618,-0.264838,1.829780,-8.090009,2.480559
BUY,M5,RSISlope5,OTHER_NONSTOP,1,1,0,0,-1.059227,-1.059227,-1.059227,0.000000,-1.059227,-1.059227
BUY,M5,CCISlope5,STOP,75,75,0,0,-17.783422,-31.676851,-0.706650,30.970201,-83.486465,79.760110
BUY,M5,CCISlope5,NON-STOP,3538,3538,0,0,-16.084818,-30.408580,-0.399381,30.009198,-103.328500,74.005941
BUY,M5,CCISlope5,TARGET,3255,3255,0,0,-16.542729,-30.793080,-0.813671,29.979409,-103.328500,74.005941
BUY,M5,CCISlope5,BE,282,282,0,0,-11.548990,-25.799517,2.068849,27.868366,-70.346472,48.884203
BUY,M5,CCISlope5,OTHER_NONSTOP,1,1,0,0,-24.414238,-24.414238,-24.414238,0.000000,-24.414238,-24.414238
BUY,M5,ADXSlope5,STOP,75,75,0,0,0.170134,-1.200308,1.467497,2.667805,-5.053963,4.890365
BUY,M5,ADXSlope5,NON-STOP,3538,3538,0,0,0.350378,-0.945346,2.018728,2.964074,-6.399265,5.525396
BUY,M5,ADXSlope5,TARGET,3255,3255,0,0,0.363303,-0.943151,2.006282,2.949432,-6.399265,5.525396
BUY,M5,ADXSlope5,BE,282,282,0,0,0.160466,-0.967051,2.214925,3.181976,-5.104800,4.961699
BUY,M5,ADXSlope5,OTHER_NONSTOP,1,1,0,0,0.020868,0.020868,0.020868,0.000000,0.020868,0.020868
BUY,M5,ATRRegime,STOP,75,75,0,0,1.017174,0.825833,1.316654,0.490822,0.252097,3.711433
BUY,M5,ATRRegime,NON-STOP,3538,3538,0,0,0.983918,0.773251,1.270504,0.497253,0.151190,9.252525
BUY,M5,ATRRegime,TARGET,3255,3255,0,0,0.985915,0.773638,1.269506,0.495868,0.253317,9.252525
BUY,M5,ATRRegime,BE,282,282,0,0,0.960355,0.752157,1.311124,0.558968,0.151190,4.452236
BUY,M5,ATRRegime,OTHER_NONSTOP,1,1,0,0,0.874624,0.874624,0.874624,0.000000,0.874624,0.874624
BUY,M5,EMA20Slope5ATR,STOP,75,75,0,0,-0.052416,-0.125964,0.013142,0.139106,-0.313864,0.208727
BUY,M5,EMA20Slope5ATR,NON-STOP,3538,3538,0,0,-0.082909,-0.154558,-0.007540,0.147018,-0.910532,0.520357
BUY,M5,EMA20Slope5ATR,TARGET,3255,3255,0,0,-0.082787,-0.154688,-0.007496,0.147192,-0.797992,0.520357
BUY,M5,EMA20Slope5ATR,BE,282,282,0,0,-0.087010,-0.151061,-0.012687,0.138374,-0.910532,0.336143
BUY,M5,EMA20Slope5ATR,OTHER_NONSTOP,1,1,0,0,0.004171,0.004171,0.004171,0.000000,0.004171,0.004171
BUY,M5,EMA50Slope5ATR,STOP,75,75,0,0,-0.013443,-0.074986,0.042340,0.117326,-0.259451,0.162579
BUY,M5,EMA50Slope5ATR,NON-STOP,3538,3538,0,0,-0.029693,-0.082424,0.024204,0.106628,-0.557350,0.553743
BUY,M5,EMA50Slope5ATR,TARGET,3255,3255,0,0,-0.029854,-0.081998,0.023929,0.105927,-0.557350,0.553743
BUY,M5,EMA50Slope5ATR,BE,282,282,0,0,-0.028160,-0.085472,0.031480,0.116952,-0.425097,0.442133
BUY,M5,EMA50Slope5ATR,OTHER_NONSTOP,1,1,0,0,0.000084,0.000084,0.000084,0.000000,0.000084,0.000084
BUY,M5,EMA200Slope5ATR,STOP,75,75,0,0,-0.003832,-0.027808,0.024170,0.051977,-0.159888,0.186798
BUY,M5,EMA200Slope5ATR,NON-STOP,3538,3538,0,0,-0.001236,-0.030679,0.031210,0.061889,-0.283459,0.377777
BUY,M5,EMA200Slope5ATR,TARGET,3255,3255,0,0,-0.000884,-0.029358,0.031286,0.060643,-0.283459,0.377777
BUY,M5,EMA200Slope5ATR,BE,282,282,0,0,-0.005830,-0.046894,0.030604,0.077498,-0.260620,0.347351
BUY,M5,EMA200Slope5ATR,OTHER_NONSTOP,1,1,0,0,-0.011659,-0.011659,-0.011659,0.000000,-0.011659,-0.011659
BUY,M5,EMAGap2050ATR,STOP,75,75,0,0,-0.016567,-0.868866,0.889846,1.758711,-4.344907,3.201133
BUY,M5,EMAGap2050ATR,NON-STOP,3538,3538,0,0,-0.067014,-0.787129,0.702534,1.489663,-6.939749,10.236425
BUY,M5,EMAGap2050ATR,TARGET,3255,3255,0,0,-0.067065,-0.773278,0.693745,1.467022,-6.939749,9.165104
BUY,M5,EMAGap2050ATR,BE,282,282,0,0,-0.067102,-0.977668,0.818624,1.796292,-5.361168,10.236425
BUY,M5,EMAGap2050ATR,OTHER_NONSTOP,1,1,0,0,-0.026076,-0.026076,-0.026076,0.000000,-0.026076,-0.026076
BUY,M5,EMAGap50200ATR,STOP,75,75,0,0,0.265577,-1.544380,2.072204,3.616584,-9.751284,16.308284
BUY,M5,EMAGap50200ATR,NON-STOP,3538,3538,0,0,0.521911,-1.612924,2.999917,4.612841,-25.633725,34.157191
BUY,M5,EMAGap50200ATR,TARGET,3255,3255,0,0,0.545806,-1.529120,3.024971,4.554090,-25.633725,34.157191
BUY,M5,EMAGap50200ATR,BE,282,282,0,0,0.131714,-2.820956,2.841080,5.662036,-21.310237,26.456898
BUY,M5,EMAGap50200ATR,OTHER_NONSTOP,1,1,0,0,-1.136776,-1.136776,-1.136776,0.000000,-1.136776,-1.136776
BUY,M5,EMACompressionATR,STOP,75,75,0,0,2.553173,1.164734,4.154388,2.989655,0.157504,18.639110
BUY,M5,EMACompressionATR,NON-STOP,3538,3538,0,0,3.030507,1.591477,5.524105,3.932628,0.072471,37.100653
BUY,M5,EMACompressionATR,TARGET,3255,3255,0,0,2.992889,1.573172,5.453534,3.880362,0.072471,37.100653
BUY,M5,EMACompressionATR,BE,282,282,0,0,3.653552,1.833285,6.094880,4.261595,0.310675,34.120345
BUY,M5,EMACompressionATR,OTHER_NONSTOP,1,1,0,0,1.162851,1.162851,1.162851,0.000000,1.162851,1.162851
BUY,M15,RSI,STOP,75,75,0,0,47.746505,38.656479,53.984410,15.327931,17.221717,69.053735
BUY,M15,RSI,NON-STOP,3538,3535,3,0,46.891403,39.510990,53.673800,14.162811,6.266724,85.192194
BUY,M15,RSI,TARGET,3255,3252,3,0,46.831884,39.511538,53.695454,14.183916,6.266724,85.192194
BUY,M15,RSI,BE,282,282,0,0,47.080410,39.480580,53.399596,13.919016,14.143522,76.388184
BUY,M15,RSI,OTHER_NONSTOP,1,1,0,0,49.362342,49.362342,49.362342,0.000000,49.362342,49.362342
BUY,M15,ADX,STOP,75,75,0,0,25.692148,20.915905,33.213700,12.297795,12.170097,66.128815
BUY,M15,ADX,NON-STOP,3538,3535,3,0,27.236551,21.712151,34.916372,13.204221,9.298184,77.089038
BUY,M15,ADX,TARGET,3255,3252,3,0,27.294592,21.745318,34.969259,13.223940,9.298184,77.089038
BUY,M15,ADX,BE,282,282,0,0,26.723810,21.494342,34.441562,12.947219,11.548873,60.923189
BUY,M15,ADX,OTHER_NONSTOP,1,1,0,0,12.114931,12.114931,12.114931,0.000000,12.114931,12.114931
BUY,M15,DIPlus,STOP,75,75,0,0,15.801680,11.427902,20.533000,9.105098,4.634804,34.157307
BUY,M15,DIPlus,NON-STOP,3538,3535,3,0,15.702915,11.550787,20.420447,8.869660,1.416934,42.792825
BUY,M15,DIPlus,TARGET,3255,3252,3,0,15.728765,11.645946,20.472402,8.826456,1.416934,42.792825
BUY,M15,DIPlus,BE,282,282,0,0,15.553846,10.635540,19.858042,9.222502,3.076742,36.297848
BUY,M15,DIPlus,OTHER_NONSTOP,1,1,0,0,14.195578,14.195578,14.195578,0.000000,14.195578,14.195578
BUY,M15,DIMinus,STOP,75,75,0,0,20.409946,15.825944,25.810190,9.984246,6.073755,35.482031
BUY,M15,DIMinus,NON-STOP,3538,3535,3,0,21.551293,16.404318,26.899430,10.495112,1.097202,51.818355
BUY,M15,DIMinus,TARGET,3255,3252,3,0,21.568147,16.423115,26.923772,10.500658,1.097202,51.818355
BUY,M15,DIMinus,BE,282,282,0,0,21.424344,16.138224,26.487167,10.348943,5.214037,46.448666
BUY,M15,DIMinus,OTHER_NONSTOP,1,1,0,0,13.106280,13.106280,13.106280,0.000000,13.106280,13.106280
BUY,M15,DIGap,STOP,75,75,0,0,9.696060,4.665848,16.100338,11.434490,0.072313,30.297227
BUY,M15,DIGap,NON-STOP,3538,3535,3,0,9.377395,4.397782,15.971066,11.573284,0.002422,44.929568
BUY,M15,DIGap,TARGET,3255,3252,3,0,9.349592,4.382178,15.941610,11.559432,0.002422,44.929568
BUY,M15,DIGap,BE,282,282,0,0,9.560414,4.778497,16.320391,11.541894,0.179867,39.817306
BUY,M15,DIGap,OTHER_NONSTOP,1,1,0,0,1.089298,1.089298,1.089298,0.000000,1.089298,1.089298
BUY,M15,ATR,STOP,75,75,0,0,2.650000,1.150000,7.380000,6.230000,0.460000,44.800000
BUY,M15,ATR,NON-STOP,3538,3535,3,0,1.830000,1.140000,3.230000,2.090000,0.200000,75.340000
BUY,M15,ATR,TARGET,3255,3252,3,0,1.920000,1.190000,3.330000,2.140000,0.200000,75.340000
BUY,M15,ATR,BE,282,282,0,0,1.245000,0.845000,1.847500,1.002500,0.280000,6.880000
BUY,M15,ATR,OTHER_NONSTOP,1,1,0,0,7.530000,7.530000,7.530000,0.000000,7.530000,7.530000
BUY,M15,CCI,STOP,75,75,0,0,-24.549481,-110.167628,44.353070,154.520699,-293.752979,158.107058
BUY,M15,CCI,NON-STOP,3538,3535,3,0,-52.803210,-126.263958,33.149899,159.413858,-466.666667,277.535546
BUY,M15,CCI,TARGET,3255,3252,3,0,-53.747082,-126.606726,32.887268,159.493994,-440.041523,277.535546
BUY,M15,CCI,BE,282,282,0,0,-46.163190,-121.718866,34.861962,156.580828,-466.666667,142.957050
BUY,M15,CCI,OTHER_NONSTOP,1,1,0,0,16.628928,16.628928,16.628928,0.000000,16.628928,16.628928
BUY,M15,EMA20,STOP,75,75,0,0,1967.140000,1421.845000,4054.890000,2633.045000,1123.160000,5393.170000
BUY,M15,EMA20,NON-STOP,3538,3535,3,0,1769.090000,1290.485000,2036.320000,745.835000,1061.670000,5349.850000
BUY,M15,EMA20,TARGET,3255,3252,3,0,1783.680000,1293.812500,2160.195000,866.382500,1061.670000,5349.850000
BUY,M15,EMA20,BE,282,282,0,0,1326.025000,1245.225000,1812.520000,567.295000,1067.430000,5199.290000
BUY,M15,EMA20,OTHER_NONSTOP,1,1,0,0,4394.060000,4394.060000,4394.060000,0.000000,4394.060000,4394.060000
BUY,M15,EMA50,STOP,75,75,0,0,1972.470000,1420.735000,4053.865000,2633.130000,1122.980000,5398.130000
BUY,M15,EMA50,NON-STOP,3538,3535,3,0,1768.080000,1290.065000,2035.085000,745.020000,1060.480000,5406.380000
BUY,M15,EMA50,TARGET,3255,3252,3,0,1783.175000,1293.807500,2159.267500,865.460000,1060.480000,5406.380000
BUY,M15,EMA50,BE,282,282,0,0,1326.560000,1245.117500,1812.697500,567.580000,1068.520000,5190.250000
BUY,M15,EMA50,OTHER_NONSTOP,1,1,0,0,4397.660000,4397.660000,4397.660000,0.000000,4397.660000,4397.660000
BUY,M15,EMA100,STOP,75,75,0,0,1977.590000,1419.835000,4052.030000,2632.195000,1122.530000,5401.130000
BUY,M15,EMA100,NON-STOP,3538,3535,3,0,1765.670000,1289.665000,2034.025000,744.360000,1059.040000,5407.680000
BUY,M15,EMA100,TARGET,3255,3252,3,0,1783.280000,1293.272500,2155.320000,862.047500,1059.040000,5407.680000
BUY,M15,EMA100,BE,282,282,0,0,1326.130000,1243.060000,1813.045000,569.985000,1067.520000,5182.340000
BUY,M15,EMA100,OTHER_NONSTOP,1,1,0,0,4398.970000,4398.970000,4398.970000,0.000000,4398.970000,4398.970000
BUY,M15,EMA200,STOP,75,75,0,0,1984.010000,1418.980000,4063.165000,2644.185000,1122.740000,5348.130000
BUY,M15,EMA200,NON-STOP,3538,3535,3,0,1764.330000,1288.960000,2032.915000,743.955000,1059.820000,5341.100000
BUY,M15,EMA200,TARGET,3255,3252,3,0,1782.435000,1292.887500,2145.305000,852.417500,1059.820000,5341.100000
BUY,M15,EMA200,BE,282,282,0,0,1326.305000,1245.672500,1815.070000,569.397500,1066.700000,5166.550000
BUY,M15,EMA200,OTHER_NONSTOP,1,1,0,0,4394.430000,4394.430000,4394.430000,0.000000,4394.430000,4394.430000
BUY,M15,EMA200DistATR,STOP,75,75,0,0,-0.020127,-3.131038,2.551215,5.682253,-11.232104,23.298806
BUY,M15,EMA200DistATR,NON-STOP,3538,3535,3,0,0.341243,-3.082418,4.030420,7.112837,-40.258289,44.927479
BUY,M15,EMA200DistATR,TARGET,3255,3252,3,0,0.367162,-2.979698,4.040976,7.020675,-40.258289,44.927479
BUY,M15,EMA200DistATR,BE,282,282,0,0,-0.173880,-4.406917,3.337112,7.744030,-21.836837,25.601663
BUY,M15,EMA200DistATR,OTHER_NONSTOP,1,1,0,0,-0.011087,-0.011087,-0.011087,0.000000,-0.011087,-0.011087
BUY,M15,RSISlope5,STOP,75,75,0,0,-0.703177,-2.090728,0.040028,2.130756,-6.333501,5.215568
BUY,M15,RSISlope5,NON-STOP,3538,3535,3,0,-1.041628,-2.131336,-0.002018,2.129318,-10.479252,9.342807
BUY,M15,RSISlope5,TARGET,3255,3252,3,0,-1.059634,-2.171544,-0.005606,2.165938,-10.479252,9.342807
BUY,M15,RSISlope5,BE,282,282,0,0,-0.841146,-1.765308,0.023590,1.788897,-6.705082,5.925248
BUY,M15,RSISlope5,OTHER_NONSTOP,1,1,0,0,1.047472,1.047472,1.047472,0.000000,1.047472,1.047472
BUY,M15,CCISlope5,STOP,75,75,0,0,-12.259017,-23.815346,6.268198,30.083544,-67.742306,84.578533
BUY,M15,CCISlope5,NON-STOP,3538,3535,3,0,-13.178856,-29.577186,3.788741,33.365927,-117.090203,74.035454
BUY,M15,CCISlope5,TARGET,3255,3252,3,0,-13.256386,-29.771178,3.902368,33.673546,-107.217682,74.035454
BUY,M15,CCISlope5,BE,282,282,0,0,-12.560820,-25.611748,1.798510,27.410258,-117.090203,58.947893
BUY,M15,CCISlope5,OTHER_NONSTOP,1,1,0,0,18.621900,18.621900,18.621900,0.000000,18.621900,18.621900
BUY,M15,ADXSlope5,STOP,75,75,0,0,0.233200,-0.882388,1.142560,2.024947,-3.615305,4.063328
BUY,M15,ADXSlope5,NON-STOP,3538,3535,3,0,-0.187389,-1.169102,0.907028,2.076129,-5.706063,4.786324
BUY,M15,ADXSlope5,TARGET,3255,3252,3,0,-0.205222,-1.187823,0.894967,2.082790,-5.706063,4.786324
BUY,M15,ADXSlope5,BE,282,282,0,0,0.005086,-1.028978,1.000940,2.029918,-3.974503,4.335320
BUY,M15,ADXSlope5,OTHER_NONSTOP,1,1,0,0,-1.203855,-1.203855,-1.203855,0.000000,-1.203855,-1.203855
BUY,M15,ATRRegime,STOP,75,75,0,0,0.909643,0.691949,1.211417,0.519468,0.402027,3.662947
BUY,M15,ATRRegime,NON-STOP,3538,3535,3,0,0.967231,0.733706,1.358373,0.624668,0.161144,7.542355
BUY,M15,ATRRegime,TARGET,3255,3252,3,0,0.969124,0.738760,1.367361,0.628600,0.161144,7.542355
BUY,M15,ATRRegime,BE,282,282,0,0,0.893027,0.660545,1.201260,0.540715,0.287174,5.511271
BUY,M15,ATRRegime,OTHER_NONSTOP,1,1,0,0,1.569792,1.569792,1.569792,0.000000,1.569792,1.569792
BUY,M15,EMA20Slope5ATR,STOP,75,75,0,0,0.014133,-0.085152,0.108726,0.193878,-0.473051,0.290333
BUY,M15,EMA20Slope5ATR,NON-STOP,3538,3535,3,0,0.004025,-0.077037,0.087729,0.164766,-0.660264,1.110954
BUY,M15,EMA20Slope5ATR,TARGET,3255,3252,3,0,0.004686,-0.074968,0.087148,0.162116,-0.660264,1.110954
BUY,M15,EMA20Slope5ATR,BE,282,282,0,0,-0.003664,-0.083526,0.096580,0.180107,-0.560673,0.910038
BUY,M15,EMA20Slope5ATR,OTHER_NONSTOP,1,1,0,0,-0.001536,-0.001536,-0.001536,0.000000,-0.001536,-0.001536
BUY,M15,EMA50Slope5ATR,STOP,75,75,0,0,0.006971,-0.047715,0.059003,0.106718,-0.328601,0.395082
BUY,M15,EMA50Slope5ATR,NON-STOP,3538,3535,3,0,0.009724,-0.045272,0.070604,0.115876,-0.613077,0.874449
BUY,M15,EMA50Slope5ATR,TARGET,3255,3252,3,0,0.010714,-0.044104,0.070377,0.114481,-0.613077,0.663179
BUY,M15,EMA50Slope5ATR,BE,282,282,0,0,0.000324,-0.069640,0.077298,0.146938,-0.322961,0.874449
BUY,M15,EMA50Slope5ATR,OTHER_NONSTOP,1,1,0,0,-0.021413,-0.021413,-0.021413,0.000000,-0.021413,-0.021413
BUY,M15,EMA200Slope5ATR,STOP,75,75,0,0,0.005055,-0.023641,0.032616,0.056257,-0.106672,0.236534
BUY,M15,EMA200Slope5ATR,NON-STOP,3538,3535,3,1,0.008569,-0.024916,0.046447,0.071363,-0.400540,0.470828
BUY,M15,EMA200Slope5ATR,TARGET,3255,3252,3,1,0.008878,-0.023812,0.046620,0.070432,-0.400540,0.470828
BUY,M15,EMA200Slope5ATR,BE,282,282,0,0,0.003469,-0.037774,0.044468,0.082242,-0.214942,0.271431
BUY,M15,EMA200Slope5ATR,OTHER_NONSTOP,1,1,0,0,-0.000527,-0.000527,-0.000527,0.000000,-0.000527,-0.000527
BUY,M15,EMAGap2050ATR,STOP,75,75,0,0,0.060527,-0.549200,0.911054,1.460254,-3.797336,6.794402
BUY,M15,EMAGap2050ATR,NON-STOP,3538,3535,3,0,0.191059,-0.578229,1.011950,1.590180,-11.280743,13.186329
BUY,M15,EMAGap2050ATR,TARGET,3255,3252,3,0,0.201712,-0.547332,1.022648,1.569980,-11.280743,13.186329
BUY,M15,EMAGap2050ATR,BE,282,282,0,0,0.059843,-1.010972,0.850878,1.861850,-5.224408,12.697017
BUY,M15,EMAGap2050ATR,OTHER_NONSTOP,1,1,0,0,-0.477365,-0.477365,-0.477365,0.000000,-0.477365,-0.477365
BUY,M15,EMAGap50200ATR,STOP,75,75,0,0,0.386241,-1.923194,2.506660,4.429853,-8.739432,16.335510
BUY,M15,EMAGap50200ATR,NON-STOP,3538,3535,3,0,0.617205,-1.699102,3.253110,4.952212,-27.551360,31.704748
BUY,M15,EMAGap50200ATR,TARGET,3255,3252,3,0,0.648376,-1.643882,3.280440,4.924322,-27.551360,31.704748
BUY,M15,EMAGap50200ATR,BE,282,282,0,0,0.238929,-2.572096,3.110110,5.682206,-18.027918,20.877730
BUY,M15,EMAGap50200ATR,OTHER_NONSTOP,1,1,0,0,0.429035,0.429035,0.429035,0.000000,0.429035,0.429035
BUY,M15,EMACompressionATR,STOP,75,75,0,0,3.089440,1.468922,5.905811,4.436890,0.362456,20.856808
BUY,M15,EMACompressionATR,NON-STOP,3538,3535,3,0,3.399883,1.680752,6.027168,4.346417,0.045452,44.891077
BUY,M15,EMACompressionATR,TARGET,3255,3252,3,0,3.360160,1.676588,5.967622,4.291034,0.045452,44.891077
BUY,M15,EMACompressionATR,BE,282,282,0,0,3.891494,1.759455,6.860085,5.100630,0.269503,21.949107
BUY,M15,EMACompressionATR,OTHER_NONSTOP,1,1,0,0,0.651156,0.651156,0.651156,0.000000,0.651156,0.651156
BUY,M30,RSI,STOP,75,75,0,0,49.487882,43.105714,55.614338,12.508624,10.575836,71.366343
BUY,M30,RSI,NON-STOP,3538,3534,4,0,49.799883,42.366193,57.742105,15.375912,8.128369,85.680518
BUY,M30,RSI,TARGET,3255,3252,3,0,49.923378,42.440123,57.858048,15.417924,8.128369,85.680518
BUY,M30,RSI,BE,282,281,1,0,48.907042,41.096250,56.177141,15.080891,13.977087,79.009334
BUY,M30,RSI,OTHER_NONSTOP,1,1,0,0,46.424039,46.424039,46.424039,0.000000,46.424039,46.424039
BUY,M30,ADX,STOP,75,75,0,0,26.028339,20.004146,31.022778,11.018632,11.501651,66.932411
BUY,M30,ADX,NON-STOP,3538,3534,4,0,27.266874,21.333508,35.730481,14.396973,8.469857,90.178377
BUY,M30,ADX,TARGET,3255,3252,3,0,27.369960,21.330401,35.769003,14.438602,8.469857,90.178377
BUY,M30,ADX,BE,282,281,1,0,26.198801,21.455480,34.813880,13.358400,11.755234,64.955752
BUY,M30,ADX,OTHER_NONSTOP,1,1,0,0,15.179722,15.179722,15.179722,0.000000,15.179722,15.179722
BUY,M30,DIPlus,STOP,75,75,0,0,17.216882,12.423496,22.635864,10.212368,2.794467,37.787916
BUY,M30,DIPlus,NON-STOP,3538,3534,4,0,17.995987,13.088176,22.985714,9.897538,1.323925,48.200923
BUY,M30,DIPlus,TARGET,3255,3252,3,0,18.058946,13.171955,23.090929,9.918974,1.323925,48.200923
BUY,M30,DIPlus,BE,282,281,1,0,17.289206,12.545498,21.942667,9.397169,2.661124,35.937737
BUY,M30,DIPlus,OTHER_NONSTOP,1,1,0,0,13.112636,13.112636,13.112636,0.000000,13.112636,13.112636
BUY,M30,DIMinus,STOP,75,75,0,0,18.526666,13.719303,22.941101,9.221798,6.030553,39.124520
BUY,M30,DIMinus,NON-STOP,3538,3534,4,0,17.912480,12.758976,22.932122,10.173146,1.084529,49.993942
BUY,M30,DIMinus,TARGET,3255,3252,3,0,17.922340,12.746512,22.923712,10.177200,1.084529,49.993942
BUY,M30,DIMinus,BE,282,281,1,0,17.825578,13.212870,23.305322,10.092452,3.709976,42.066550
BUY,M30,DIMinus,OTHER_NONSTOP,1,1,0,0,12.086481,12.086481,12.086481,0.000000,12.086481,12.086481
BUY,M30,DIGap,STOP,75,75,0,0,8.774394,3.435372,15.664263,12.228892,0.011093,36.330053
BUY,M30,DIGap,NON-STOP,3538,3534,4,0,9.044110,4.221786,15.148852,10.927066,0.003325,45.721780
BUY,M30,DIGap,TARGET,3255,3252,3,0,9.026632,4.253661,15.190058,10.936397,0.003325,45.721780
BUY,M30,DIGap,BE,282,281,1,0,9.317755,3.972227,14.590072,10.617845,0.022337,35.897604
BUY,M30,DIGap,OTHER_NONSTOP,1,1,0,0,1.026155,1.026155,1.026155,0.000000,1.026155,1.026155
BUY,M30,ATR,STOP,75,75,0,0,4.340000,1.780000,10.995000,9.215000,0.740000,49.930000
BUY,M30,ATR,NON-STOP,3538,3534,4,0,2.680000,1.700000,4.647500,2.947500,0.470000,74.200000
BUY,M30,ATR,TARGET,3255,3252,3,0,2.800000,1.750000,4.820000,3.070000,0.530000,74.200000
BUY,M30,ATR,BE,282,281,1,0,1.860000,1.230000,2.940000,1.710000,0.470000,14.160000
BUY,M30,ATR,OTHER_NONSTOP,1,1,0,0,9.070000,9.070000,9.070000,0.000000,9.070000,9.070000
BUY,M30,CCI,STOP,75,75,0,0,6.603272,-91.460912,73.677418,165.138330,-293.688854,226.614495
BUY,M30,CCI,NON-STOP,3538,3534,4,0,-0.499988,-86.630152,74.195654,160.825807,-453.017774,426.806241
BUY,M30,CCI,TARGET,3255,3252,3,0,0.339348,-86.681150,74.893033,161.574184,-453.017774,426.806241
BUY,M30,CCI,BE,282,281,1,0,-8.603420,-86.599220,69.702983,156.302203,-296.081396,221.894980
BUY,M30,CCI,OTHER_NONSTOP,1,1,0,0,-6.202668,-6.202668,-6.202668,0.000000,-6.202668,-6.202668
BUY,M30,EMA20,STOP,75,75,0,0,1971.170000,1421.085000,4054.055000,2632.970000,1123.090000,5391.860000
BUY,M30,EMA20,NON-STOP,3538,3534,4,0,1768.625000,1290.102500,2035.552500,745.450000,1061.140000,5395.650000
BUY,M30,EMA20,TARGET,3255,3252,3,0,1783.375000,1294.045000,2159.947500,865.902500,1061.140000,5395.650000
BUY,M30,EMA20,BE,282,281,1,0,1326.380000,1246.060000,1812.860000,566.800000,1068.460000,5193.010000
BUY,M30,EMA20,OTHER_NONSTOP,1,1,0,0,4396.730000,4396.730000,4396.730000,0.000000,4396.730000,4396.730000
BUY,M30,EMA50,STOP,75,75,0,0,1977.660000,1419.865000,4051.795000,2631.930000,1122.490000,5400.570000
BUY,M30,EMA50,NON-STOP,3538,3534,4,0,1765.725000,1289.725000,2034.040000,744.315000,1058.970000,5408.260000
BUY,M30,EMA50,TARGET,3255,3252,3,0,1783.370000,1293.267500,2155.432500,862.165000,1058.970000,5408.260000
BUY,M30,EMA50,BE,282,281,1,0,1327.560000,1246.900000,1813.430000,566.530000,1067.490000,5182.480000
BUY,M30,EMA50,OTHER_NONSTOP,1,1,0,0,4399.230000,4399.230000,4399.230000,0.000000,4399.230000,4399.230000
BUY,M30,EMA100,STOP,75,75,0,0,1984.040000,1419.000000,4063.160000,2644.160000,1122.680000,5347.540000
BUY,M30,EMA100,NON-STOP,3538,3534,4,0,1764.325000,1289.030000,2032.932500,743.902500,1059.760000,5341.010000
BUY,M30,EMA100,TARGET,3255,3252,3,0,1782.410000,1292.845000,2145.360000,852.515000,1059.760000,5341.010000
BUY,M30,EMA100,BE,282,281,1,0,1328.010000,1246.990000,1815.200000,568.210000,1066.670000,5166.520000
BUY,M30,EMA100,OTHER_NONSTOP,1,1,0,0,4394.730000,4394.730000,4394.730000,0.000000,4394.730000,4394.730000
BUY,M30,EMA200,STOP,75,75,0,0,1978.360000,1416.785000,4080.555000,2663.770000,1124.840000,5257.390000
BUY,M30,EMA200,NON-STOP,3538,3534,4,0,1760.990000,1288.610000,2032.265000,743.655000,1062.350000,5257.270000
BUY,M30,EMA200,TARGET,3255,3252,3,0,1781.875000,1293.412500,2124.135000,830.722500,1062.350000,5257.270000
BUY,M30,EMA200,BE,282,281,1,0,1327.400000,1245.300000,1816.460000,571.160000,1067.950000,5127.440000
BUY,M30,EMA200,OTHER_NONSTOP,1,1,0,0,4381.040000,4381.040000,4381.040000,0.000000,4381.040000,4381.040000
BUY,M30,EMA200DistATR,STOP,75,75,0,0,0.831988,-3.393796,3.003232,6.397028,-13.254665,18.416917
BUY,M30,EMA200DistATR,NON-STOP,3538,3534,4,0,0.816121,-2.817239,4.502040,7.319278,-28.583570,29.088363
BUY,M30,EMA200DistATR,TARGET,3255,3252,3,0,0.892098,-2.715194,4.510548,7.225742,-28.583570,29.088363
BUY,M30,EMA200DistATR,BE,282,281,1,0,0.149991,-3.621837,4.349686,7.971523,-23.297989,18.165421
BUY,M30,EMA200DistATR,OTHER_NONSTOP,1,1,0,0,1.466217,1.466217,1.466217,0.000000,1.466217,1.466217
BUY,M30,RSISlope5,STOP,75,75,0,0,-0.124645,-1.129360,0.877858,2.007219,-6.551339,4.392692
BUY,M30,RSISlope5,NON-STOP,3538,3534,4,0,-0.371155,-1.567666,0.711090,2.278756,-10.655847,7.180751
BUY,M30,RSISlope5,TARGET,3255,3252,3,0,-0.372604,-1.583322,0.676088,2.259410,-10.655847,7.180751
BUY,M30,RSISlope5,BE,282,281,1,0,-0.313634,-1.468884,0.888978,2.357862,-6.549793,4.438921
BUY,M30,RSISlope5,OTHER_NONSTOP,1,1,0,0,0.732207,0.732207,0.732207,0.000000,0.732207,0.732207
BUY,M30,CCISlope5,STOP,75,75,0,0,-0.825735,-15.459119,19.019726,34.478845,-77.434973,63.234712
BUY,M30,CCISlope5,NON-STOP,3538,3534,4,0,-3.897334,-20.385599,13.172298,33.557897,-119.953872,85.252178
BUY,M30,CCISlope5,TARGET,3255,3252,3,0,-3.966352,-20.481398,13.129280,33.610678,-119.953872,85.252178
BUY,M30,CCISlope5,BE,282,281,1,0,-2.852124,-19.237264,14.237463,33.474727,-69.140989,78.781498
BUY,M30,CCISlope5,OTHER_NONSTOP,1,1,0,0,5.896843,5.896843,5.896843,0.000000,5.896843,5.896843
BUY,M30,ADXSlope5,STOP,75,75,0,0,-0.079148,-1.040940,0.904050,1.944990,-4.232593,3.587349
BUY,M30,ADXSlope5,NON-STOP,3538,3534,4,0,-0.171018,-1.139347,1.086195,2.225542,-6.743044,5.256323
BUY,M30,ADXSlope5,TARGET,3255,3252,3,0,-0.173684,-1.138131,1.084128,2.222259,-6.743044,5.256323
BUY,M30,ADXSlope5,BE,282,281,1,0,-0.092191,-1.113659,1.120924,2.234583,-4.638954,4.381961
BUY,M30,ADXSlope5,OTHER_NONSTOP,1,1,0,0,-1.825630,-1.825630,-1.825630,0.000000,-1.825630,-1.825630
BUY,M30,ATRRegime,STOP,75,75,0,0,0.860183,0.672270,1.426784,0.754515,0.346192,12.382458
BUY,M30,ATRRegime,NON-STOP,3538,3534,4,0,0.975952,0.684354,1.399780,0.715426,0.157252,6.603462
BUY,M30,ATRRegime,TARGET,3255,3252,3,0,0.982323,0.692186,1.416358,0.724172,0.177498,6.603462
BUY,M30,ATRRegime,BE,282,281,1,0,0.881654,0.639359,1.266040,0.626681,0.157252,4.471834
BUY,M30,ATRRegime,OTHER_NONSTOP,1,1,0,0,1.243151,1.243151,1.243151,0.000000,1.243151,1.243151
BUY,M30,EMA20Slope5ATR,STOP,75,75,0,0,-0.006334,-0.059543,0.070567,0.130110,-0.424375,0.637545
BUY,M30,EMA20Slope5ATR,NON-STOP,3538,3534,4,0,0.021996,-0.064820,0.109376,0.174196,-0.555342,0.988660
BUY,M30,EMA20Slope5ATR,TARGET,3255,3252,3,0,0.023134,-0.062957,0.110734,0.173691,-0.498391,0.811165
BUY,M30,EMA20Slope5ATR,BE,282,281,1,0,0.000975,-0.092448,0.100736,0.193184,-0.555342,0.988660
BUY,M30,EMA20Slope5ATR,OTHER_NONSTOP,1,1,0,0,-0.031790,-0.031790,-0.031790,0.000000,-0.031790,-0.031790
BUY,M30,EMA50Slope5ATR,STOP,75,75,0,0,0.014036,-0.034442,0.056960,0.091403,-0.210578,0.400889
BUY,M30,EMA50Slope5ATR,NON-STOP,3538,3534,4,0,0.017484,-0.042718,0.083286,0.126005,-0.606827,0.606277
BUY,M30,EMA50Slope5ATR,TARGET,3255,3252,3,0,0.018446,-0.040933,0.083832,0.124764,-0.606827,0.606277
BUY,M30,EMA50Slope5ATR,BE,282,281,1,0,0.004552,-0.063635,0.071774,0.135409,-0.445967,0.510673
BUY,M30,EMA50Slope5ATR,OTHER_NONSTOP,1,1,0,0,-0.023038,-0.023038,-0.023038,0.000000,-0.023038,-0.023038
BUY,M30,EMA200Slope5ATR,STOP,75,75,0,0,0.008688,-0.030666,0.033458,0.064125,-0.139308,0.188362
BUY,M30,EMA200Slope5ATR,NON-STOP,3538,3534,4,0,0.010280,-0.025159,0.048152,0.073310,-0.293989,0.299908
BUY,M30,EMA200Slope5ATR,TARGET,3255,3252,3,0,0.011012,-0.024288,0.048176,0.072465,-0.293989,0.299908
BUY,M30,EMA200Slope5ATR,BE,282,281,1,0,0.004293,-0.035586,0.046655,0.082241,-0.232776,0.186548
BUY,M30,EMA200Slope5ATR,OTHER_NONSTOP,1,1,0,0,0.015227,0.015227,0.015227,0.000000,0.015227,0.015227
BUY,M30,EMAGap2050ATR,STOP,75,75,0,0,0.131146,-0.434356,0.862489,1.296845,-2.783622,4.404233
BUY,M30,EMAGap2050ATR,NON-STOP,3538,3534,4,0,0.218013,-0.566792,1.154413,1.721204,-10.368217,8.391673
BUY,M30,EMAGap2050ATR,TARGET,3255,3252,3,0,0.230731,-0.536429,1.162802,1.699231,-10.368217,8.391673
BUY,M30,EMAGap2050ATR,BE,282,281,1,0,0.083670,-0.937919,1.035465,1.973384,-6.542743,5.156860
BUY,M30,EMAGap2050ATR,OTHER_NONSTOP,1,1,0,0,-0.276070,-0.276070,-0.276070,0.000000,-0.276070,-0.276070
BUY,M30,EMAGap50200ATR,STOP,75,75,0,0,0.265342,-2.205918,2.893839,5.099756,-12.205961,10.964461
BUY,M30,EMAGap50200ATR,NON-STOP,3538,3534,4,0,0.670436,-1.852131,3.276239,5.128370,-21.835197,20.967377
BUY,M30,EMAGap50200ATR,TARGET,3255,3252,3,0,0.695150,-1.803407,3.279820,5.083226,-21.835197,20.967377
BUY,M30,EMAGap50200ATR,BE,282,281,1,0,0.075078,-2.522997,3.186480,5.709477,-15.259560,13.143733
BUY,M30,EMAGap50200ATR,OTHER_NONSTOP,1,1,0,0,2.004665,2.004665,2.004665,0.000000,2.004665,2.004665
BUY,M30,EMACompressionATR,STOP,75,75,0,0,3.530711,1.503688,6.323154,4.819466,0.276501,15.368694
BUY,M30,EMACompressionATR,NON-STOP,3538,3534,4,0,3.475094,1.813838,6.171086,4.357248,0.085401,27.222053
BUY,M30,EMACompressionATR,TARGET,3255,3252,3,0,3.462160,1.810917,6.119195,4.308278,0.085401,27.222053
BUY,M30,EMACompressionATR,BE,282,281,1,0,3.751338,1.838476,6.632686,4.794210,0.223706,21.802303
BUY,M30,EMACompressionATR,OTHER_NONSTOP,1,1,0,0,2.004665,2.004665,2.004665,0.000000,2.004665,2.004665
BUY,H1,RSI,STOP,75,75,0,0,51.015899,44.095022,57.226894,13.131872,12.956873,75.131896
BUY,H1,RSI,NON-STOP,3538,3529,9,0,51.795012,43.874902,60.575926,16.701024,11.975080,89.295444
BUY,H1,RSI,TARGET,3255,3247,8,0,51.910720,44.044088,60.755568,16.711480,11.975080,89.295444
BUY,H1,RSI,BE,282,281,1,0,49.624356,42.465822,57.700371,15.234549,12.157066,81.573817
BUY,H1,RSI,OTHER_NONSTOP,1,1,0,0,46.820225,46.820225,46.820225,0.000000,46.820225,46.820225
BUY,H1,ADX,STOP,75,75,0,0,27.442349,22.376700,33.974027,11.597326,11.515033,58.396864
BUY,H1,ADX,NON-STOP,3538,3529,9,0,27.696986,21.526541,35.793613,14.267072,9.693425,85.495862
BUY,H1,ADX,TARGET,3255,3247,8,0,27.836062,21.580566,35.912226,14.331659,9.693425,85.495862
BUY,H1,ADX,BE,282,281,1,0,25.613372,21.130738,34.028358,12.897620,12.291338,77.431378
BUY,H1,ADX,OTHER_NONSTOP,1,1,0,0,20.931102,20.931102,20.931102,0.000000,20.931102,20.931102
BUY,H1,DIPlus,STOP,75,75,0,0,17.838084,13.638938,21.609508,7.970569,4.594983,40.079333
BUY,H1,DIPlus,NON-STOP,3538,3529,9,0,18.779913,14.012965,24.258340,10.245375,2.353134,51.589949
BUY,H1,DIPlus,TARGET,3255,3247,8,0,18.825290,14.099484,24.449664,10.350180,2.353134,51.589949
BUY,H1,DIPlus,BE,282,281,1,0,18.269668,13.464774,22.839791,9.375017,2.661068,40.903087
BUY,H1,DIPlus,OTHER_NONSTOP,1,1,0,0,14.499064,14.499064,14.499064,0.000000,14.499064,14.499064
BUY,H1,DIMinus,STOP,75,75,0,0,17.526859,13.485736,20.927102,7.441365,4.188359,38.221611
BUY,H1,DIMinus,NON-STOP,3538,3529,9,0,16.176629,11.582707,21.372459,9.789752,0.919850,49.934358
BUY,H1,DIMinus,TARGET,3255,3247,8,0,16.142109,11.457959,21.373570,9.915610,0.919850,49.934358
BUY,H1,DIMinus,BE,282,281,1,0,16.537127,12.717101,21.325176,8.608075,2.720608,37.045381
BUY,H1,DIMinus,OTHER_NONSTOP,1,1,0,0,16.625141,16.625141,16.625141,0.000000,16.625141,16.625141
BUY,H1,DIGap,STOP,75,75,0,0,8.560506,4.389609,13.195295,8.805686,0.077836,34.294214
BUY,H1,DIGap,NON-STOP,3538,3529,9,0,9.214312,4.410708,15.638103,11.227395,0.006008,50.670099
BUY,H1,DIGap,TARGET,3255,3247,8,0,9.348604,4.526859,15.791358,11.264499,0.006008,50.670099
BUY,H1,DIGap,BE,282,281,1,0,8.147240,3.436057,14.003073,10.567016,0.043141,32.822175
BUY,H1,DIGap,OTHER_NONSTOP,1,1,0,0,2.126078,2.126078,2.126078,0.000000,2.126078,2.126078
BUY,H1,ATR,STOP,75,75,0,0,6.190000,2.970000,15.160000,12.190000,1.320000,76.610000
BUY,H1,ATR,NON-STOP,3538,3529,9,0,3.920000,2.520000,6.680000,4.160000,0.700000,175.720000
BUY,H1,ATR,TARGET,3255,3247,8,0,4.030000,2.590000,6.875000,4.285000,0.700000,175.720000
BUY,H1,ATR,BE,282,281,1,0,2.790000,1.950000,4.370000,2.420000,0.820000,25.830000
BUY,H1,ATR,OTHER_NONSTOP,1,1,0,0,9.880000,9.880000,9.880000,0.000000,9.880000,9.880000
BUY,H1,CCI,STOP,75,75,0,0,-12.318688,-70.664988,83.211690,153.876678,-248.807098,245.035169
BUY,H1,CCI,NON-STOP,3538,3529,9,0,24.110010,-65.606182,93.632979,159.239161,-359.780510,418.702912
BUY,H1,CCI,TARGET,3255,3247,8,0,26.063577,-65.160886,94.236167,159.397052,-359.780510,418.702912
BUY,H1,CCI,BE,282,281,1,0,5.755039,-71.872927,82.644144,154.517071,-238.547016,281.760923
BUY,H1,CCI,OTHER_NONSTOP,1,1,0,0,-42.669297,-42.669297,-42.669297,0.000000,-42.669297,-42.669297
BUY,H1,EMA20,STOP,75,75,0,0,1976.730000,1419.960000,4052.040000,2632.080000,1122.600000,5403.010000
BUY,H1,EMA20,NON-STOP,3538,3529,9,0,1769.690000,1290.360000,2034.810000,744.450000,1059.140000,5412.520000
BUY,H1,EMA20,TARGET,3255,3247,8,0,1783.580000,1293.985000,2163.300000,869.315000,1059.140000,5412.520000
BUY,H1,EMA20,BE,282,281,1,0,1327.460000,1246.180000,1814.320000,568.140000,1067.840000,5185.440000
BUY,H1,EMA20,OTHER_NONSTOP,1,1,0,0,4399.720000,4399.720000,4399.720000,0.000000,4399.720000,4399.720000
BUY,H1,EMA50,STOP,75,75,0,0,1984.570000,1418.845000,4063.395000,2644.550000,1122.610000,5347.040000
BUY,H1,EMA50,NON-STOP,3538,3529,9,0,1765.030000,1289.660000,2033.550000,743.890000,1059.760000,5341.180000
BUY,H1,EMA50,TARGET,3255,3247,8,0,1782.880000,1293.275000,2156.045000,862.770000,1059.760000,5341.180000
BUY,H1,EMA50,BE,282,281,1,0,1328.050000,1246.900000,1815.160000,568.260000,1066.630000,5166.700000
BUY,H1,EMA50,OTHER_NONSTOP,1,1,0,0,4394.870000,4394.870000,4394.870000,0.000000,4394.870000,4394.870000
BUY,H1,EMA100,STOP,75,75,0,0,1978.360000,1416.655000,4080.605000,2663.950000,1124.750000,5256.990000
BUY,H1,EMA100,NON-STOP,3538,3529,9,0,1761.480000,1289.270000,2032.930000,743.660000,1062.350000,5256.820000
BUY,H1,EMA100,TARGET,3255,3247,8,0,1782.060000,1293.715000,2135.600000,841.885000,1062.350000,5256.820000
BUY,H1,EMA100,BE,282,281,1,0,1327.270000,1245.130000,1816.380000,571.250000,1067.930000,5127.600000
BUY,H1,EMA100,OTHER_NONSTOP,1,1,0,0,4381.120000,4381.120000,4381.120000,0.000000,4381.120000,4381.120000
BUY,H1,EMA200,STOP,75,75,0,0,1966.840000,1413.770000,4097.495000,2683.725000,1127.430000,5188.750000
BUY,H1,EMA200,NON-STOP,3538,3529,9,0,1761.220000,1288.250000,2033.270000,745.020000,1067.770000,5187.290000
BUY,H1,EMA200,TARGET,3255,3247,8,0,1780.930000,1295.280000,2104.625000,809.345000,1067.770000,5187.290000
BUY,H1,EMA200,BE,282,281,1,0,1325.990000,1243.220000,1811.080000,567.860000,1072.590000,5077.850000
BUY,H1,EMA200,OTHER_NONSTOP,1,1,0,0,4335.460000,4335.460000,4335.460000,0.000000,4335.460000,4335.460000
BUY,H1,EMA200DistATR,STOP,75,75,0,0,1.271345,-4.142858,4.866104,9.008961,-14.438538,13.577809
BUY,H1,EMA200DistATR,NON-STOP,3538,3529,9,0,1.113293,-2.645167,4.779697,7.424864,-22.936301,25.610956
BUY,H1,EMA200DistATR,TARGET,3255,3247,8,0,1.142511,-2.592090,4.876608,7.468698,-22.936301,25.610956
BUY,H1,EMA200DistATR,BE,282,281,1,0,0.716133,-3.215332,4.132517,7.347849,-18.577623,20.694673
BUY,H1,EMA200DistATR,OTHER_NONSTOP,1,1,0,0,5.958113,5.958113,5.958113,0.000000,5.958113,5.958113
BUY,H1,RSISlope5,STOP,75,75,0,0,-0.198883,-1.602038,0.827107,2.429146,-5.544464,3.725488
BUY,H1,RSISlope5,NON-STOP,3538,3529,9,0,-0.025425,-1.211464,1.175762,2.387226,-8.479417,9.190965
BUY,H1,RSISlope5,TARGET,3255,3247,8,0,-0.017516,-1.237084,1.198966,2.436051,-8.479417,9.190965
BUY,H1,RSISlope5,BE,282,281,1,0,-0.111872,-1.037584,1.093172,2.130756,-6.457968,6.104335
BUY,H1,RSISlope5,OTHER_NONSTOP,1,1,0,0,-0.062821,-0.062821,-0.062821,0.000000,-0.062821,-0.062821
BUY,H1,CCISlope5,STOP,75,75,0,0,-6.456052,-21.326845,13.223584,34.550430,-64.443121,56.769288
BUY,H1,CCISlope5,NON-STOP,3538,3529,9,0,-0.665065,-18.054873,18.079051,36.133924,-105.172392,98.446906
BUY,H1,CCISlope5,TARGET,3255,3247,8,0,-0.522294,-18.201614,17.985652,36.187266,-105.172392,98.446906
BUY,H1,CCISlope5,BE,282,281,1,0,-2.163242,-16.774146,18.129653,34.903799,-58.647846,76.303641
BUY,H1,CCISlope5,OTHER_NONSTOP,1,1,0,0,3.684731,3.684731,3.684731,0.000000,3.684731,3.684731
BUY,H1,ADXSlope5,STOP,75,75,0,0,-0.377208,-1.334942,0.854228,2.189170,-2.518746,3.812598
BUY,H1,ADXSlope5,NON-STOP,3538,3529,9,0,-0.179992,-1.236101,1.178501,2.414602,-5.356560,5.212113
BUY,H1,ADXSlope5,TARGET,3255,3247,8,0,-0.169568,-1.240772,1.183430,2.424202,-5.356560,5.212113
BUY,H1,ADXSlope5,BE,282,281,1,0,-0.298160,-1.180668,1.093377,2.274045,-4.697322,4.422348
BUY,H1,ADXSlope5,OTHER_NONSTOP,1,1,0,0,-0.801362,-0.801362,-0.801362,0.000000,-0.801362,-0.801362
BUY,H1,ATRRegime,STOP,75,75,0,0,1.024148,0.734522,1.410602,0.676080,0.205935,2.331433
BUY,H1,ATRRegime,NON-STOP,3538,3529,9,0,1.050470,0.704669,1.480850,0.776181,0.158650,5.771263
BUY,H1,ATRRegime,TARGET,3255,3247,8,0,1.061442,0.715422,1.483422,0.768000,0.158650,5.771263
BUY,H1,ATRRegime,BE,282,281,1,0,0.950672,0.579725,1.423211,0.843486,0.185495,4.662063
BUY,H1,ATRRegime,OTHER_NONSTOP,1,1,0,0,1.003299,1.003299,1.003299,0.000000,1.003299,1.003299
BUY,H1,EMA20Slope5ATR,STOP,75,75,0,0,0.019881,-0.055084,0.088448,0.143532,-0.313345,0.484329
BUY,H1,EMA20Slope5ATR,NON-STOP,3538,3529,9,0,0.025677,-0.060948,0.122342,0.183290,-0.688036,0.795441
BUY,H1,EMA20Slope5ATR,TARGET,3255,3247,8,0,0.027820,-0.059216,0.123568,0.182784,-0.688036,0.795441
BUY,H1,EMA20Slope5ATR,BE,282,281,1,0,0.004270,-0.095917,0.099385,0.195302,-0.606866,0.595107
BUY,H1,EMA20Slope5ATR,OTHER_NONSTOP,1,1,0,0,-0.063793,-0.063793,-0.063793,0.000000,-0.063793,-0.063793
BUY,H1,EMA50Slope5ATR,STOP,75,75,0,0,0.014698,-0.043128,0.053933,0.097062,-0.212577,0.275410
BUY,H1,EMA50Slope5ATR,NON-STOP,3538,3529,9,0,0.019415,-0.044816,0.086223,0.131039,-0.484339,0.496618
BUY,H1,EMA50Slope5ATR,TARGET,3255,3247,8,0,0.020976,-0.043266,0.087820,0.131086,-0.484339,0.496618
BUY,H1,EMA50Slope5ATR,BE,282,281,1,0,0.003241,-0.058962,0.060778,0.119740,-0.371221,0.300014
BUY,H1,EMA50Slope5ATR,OTHER_NONSTOP,1,1,0,0,-0.000250,-0.000250,-0.000250,0.000000,-0.000250,-0.000250
BUY,H1,EMA200Slope5ATR,STOP,75,75,0,0,0.012110,-0.033817,0.045480,0.079296,-0.149168,0.128811
BUY,H1,EMA200Slope5ATR,NON-STOP,3538,3529,9,0,0.011470,-0.025653,0.048171,0.073824,-0.234719,0.273338
BUY,H1,EMA200Slope5ATR,TARGET,3255,3247,8,0,0.012063,-0.024964,0.048408,0.073372,-0.234719,0.273338
BUY,H1,EMA200Slope5ATR,BE,282,281,1,0,0.005298,-0.030821,0.042264,0.073085,-0.186952,0.212450
BUY,H1,EMA200Slope5ATR,OTHER_NONSTOP,1,1,0,0,0.061555,0.061555,0.061555,0.000000,0.061555,0.061555
BUY,H1,EMAGap2050ATR,STOP,75,75,0,0,0.162818,-0.784297,0.803704,1.588000,-3.130756,3.688200
BUY,H1,EMAGap2050ATR,NON-STOP,3538,3529,9,0,0.233457,-0.640646,1.132031,1.772677,-6.548028,6.401197
BUY,H1,EMAGap2050ATR,TARGET,3255,3247,8,0,0.255734,-0.631383,1.160634,1.792017,-6.365142,6.401197
BUY,H1,EMAGap2050ATR,BE,282,281,1,0,0.090314,-0.715513,0.954564,1.670077,-6.548028,4.910223
BUY,H1,EMAGap2050ATR,OTHER_NONSTOP,1,1,0,0,0.490946,0.490946,0.490946,0.000000,0.490946,0.490946
BUY,H1,EMAGap50200ATR,STOP,75,75,0,0,1.010250,-2.435284,3.350412,5.785696,-12.247561,6.946139
BUY,H1,EMAGap50200ATR,NON-STOP,3538,3529,9,0,0.647437,-1.897426,3.223955,5.121381,-21.390915,20.252977
BUY,H1,EMAGap50200ATR,TARGET,3255,3247,8,0,0.673966,-1.837898,3.226940,5.064838,-21.390915,20.252977
BUY,H1,EMAGap50200ATR,BE,282,281,1,0,0.371559,-2.505766,3.112470,5.618236,-12.792806,14.617646
BUY,H1,EMAGap50200ATR,OTHER_NONSTOP,1,1,0,0,6.011478,6.011478,6.011478,0.000000,6.011478,6.011478
BUY,H1,EMACompressionATR,STOP,75,75,0,0,3.732085,1.703602,6.098134,4.394532,0.095633,14.932608
BUY,H1,EMACompressionATR,NON-STOP,3538,3529,9,0,3.507814,1.926055,5.902075,3.976020,0.097022,24.496547
BUY,H1,EMACompressionATR,TARGET,3255,3247,8,0,3.501827,1.925578,5.889760,3.964181,0.097022,24.496547
BUY,H1,EMACompressionATR,BE,282,281,1,0,3.544798,1.984747,6.125273,4.140526,0.211008,19.167017
BUY,H1,EMACompressionATR,OTHER_NONSTOP,1,1,0,0,6.502424,6.502424,6.502424,0.000000,6.502424,6.502424
BUY,H4,RSI,STOP,75,74,1,0,52.269388,42.978996,62.006747,19.027751,13.636957,89.024112
BUY,H4,RSI,NON-STOP,3538,3505,33,0,52.645389,43.613250,62.209673,18.596423,15.399328,91.938604
BUY,H4,RSI,TARGET,3255,3223,32,0,52.897938,43.736266,62.491102,18.754836,15.399328,91.938604
BUY,H4,RSI,BE,282,281,1,0,50.502807,42.415855,59.832197,17.416342,16.392907,81.015120
BUY,H4,RSI,OTHER_NONSTOP,1,1,0,0,53.561953,53.561953,53.561953,0.000000,53.561953,53.561953
BUY,H4,ADX,STOP,75,74,1,0,28.878638,22.739697,39.194996,16.455299,12.403966,56.031998
BUY,H4,ADX,NON-STOP,3538,3505,33,0,28.517321,21.927361,37.759551,15.832190,9.686789,83.761075
BUY,H4,ADX,TARGET,3255,3223,32,0,28.610971,21.964876,37.840204,15.875328,9.686789,83.761075
BUY,H4,ADX,BE,282,281,1,0,27.450293,21.772674,36.084917,14.312243,9.913170,79.055456
BUY,H4,ADX,OTHER_NONSTOP,1,1,0,0,37.230204,37.230204,37.230204,0.000000,37.230204,37.230204
BUY,H4,DIPlus,STOP,75,74,1,0,17.478048,14.347295,23.279998,8.932704,5.178188,35.039139
BUY,H4,DIPlus,NON-STOP,3538,3505,33,0,19.208920,14.081268,25.113367,11.032099,1.268912,51.291678
BUY,H4,DIPlus,TARGET,3255,3223,32,0,19.315749,14.229610,25.262050,11.032440,1.268912,51.291678
BUY,H4,DIPlus,BE,282,281,1,0,18.017454,12.694367,22.866916,10.172549,2.607024,42.669195
BUY,H4,DIPlus,OTHER_NONSTOP,1,1,0,0,12.802811,12.802811,12.802811,0.000000,12.802811,12.802811
BUY,H4,DIMinus,STOP,75,74,1,0,16.604721,12.886664,21.467562,8.580898,3.751842,42.814818
BUY,H4,DIMinus,NON-STOP,3538,3505,33,0,16.513392,11.502409,21.550153,10.047744,1.318913,43.477305
BUY,H4,DIMinus,TARGET,3255,3223,32,0,16.391681,11.473180,21.452890,9.979710,1.705293,43.477305
BUY,H4,DIMinus,BE,282,281,1,0,17.967630,12.765837,22.279278,9.513441,1.318913,38.200724
BUY,H4,DIMinus,OTHER_NONSTOP,1,1,0,0,9.851509,9.851509,9.851509,0.000000,9.851509,9.851509
BUY,H4,DIGap,STOP,75,74,1,0,8.097130,4.961421,16.513828,11.552406,0.142939,34.046243
BUY,H4,DIGap,NON-STOP,3538,3505,33,0,9.886347,4.712482,16.926410,12.213928,0.004479,46.636562
BUY,H4,DIGap,TARGET,3255,3223,32,0,9.949593,4.738783,16.984682,12.245900,0.004479,46.636562
BUY,H4,DIGap,BE,282,281,1,0,9.050751,4.511203,15.938191,11.426988,0.024224,36.698313
BUY,H4,DIGap,OTHER_NONSTOP,1,1,0,0,2.951302,2.951302,2.951302,0.000000,2.951302,2.951302
BUY,H4,ATR,STOP,75,74,1,0,10.830000,6.065000,31.272500,25.207500,3.290000,225.930000
BUY,H4,ATR,NON-STOP,3538,3505,33,0,7.540000,5.080000,12.060000,6.980000,1.120000,289.760000
BUY,H4,ATR,TARGET,3255,3223,32,0,7.740000,5.180000,12.440000,7.260000,1.120000,289.760000
BUY,H4,ATR,BE,282,281,1,0,5.810000,3.930000,8.360000,4.430000,1.980000,45.350000
BUY,H4,ATR,OTHER_NONSTOP,1,1,0,0,23.240000,23.240000,23.240000,0.000000,23.240000,23.240000
BUY,H4,CCI,STOP,75,74,1,0,19.408023,-48.312323,88.133940,136.446263,-244.006347,305.169666
BUY,H4,CCI,NON-STOP,3538,3505,33,0,30.927912,-64.675360,101.435405,166.110765,-349.003150,466.666667
BUY,H4,CCI,TARGET,3255,3223,32,0,32.168448,-62.214674,102.582422,164.797096,-349.003150,466.666667
BUY,H4,CCI,BE,282,281,1,0,7.946863,-80.642544,82.930938,163.573482,-347.494536,354.438013
BUY,H4,CCI,OTHER_NONSTOP,1,1,0,0,3.073824,3.073824,3.073824,0.000000,3.073824,3.073824
BUY,H4,EMA20,STOP,75,74,1,0,1984.010000,1536.937500,4073.337500,2536.400000,1123.550000,5288.850000
BUY,H4,EMA20,NON-STOP,3538,3505,33,0,1768.880000,1291.140000,2034.470000,743.330000,1060.890000,5288.850000
BUY,H4,EMA20,TARGET,3255,3223,32,0,1784.980000,1295.075000,2171.190000,876.115000,1060.890000,5288.850000
BUY,H4,EMA20,BE,282,281,1,0,1328.660000,1246.600000,1817.020000,570.420000,1066.670000,5145.480000
BUY,H4,EMA20,OTHER_NONSTOP,1,1,0,0,4390.380000,4390.380000,4390.380000,0.000000,4390.380000,4390.380000
BUY,H4,EMA50,STOP,75,74,1,0,1975.395000,1536.515000,4098.485000,2561.970000,1127.310000,5201.210000
BUY,H4,EMA50,NON-STOP,3538,3505,33,0,1766.810000,1291.660000,2034.520000,742.860000,1065.670000,5201.210000
BUY,H4,EMA50,TARGET,3255,3223,32,0,1782.640000,1296.800000,2164.005000,867.205000,1065.670000,5201.210000
BUY,H4,EMA50,BE,282,281,1,0,1326.120000,1244.810000,1811.410000,566.600000,1070.630000,5082.170000
BUY,H4,EMA50,OTHER_NONSTOP,1,1,0,0,4344.790000,4344.790000,4344.790000,0.000000,4344.790000,4344.790000
BUY,H4,EMA100,STOP,75,74,1,0,1953.855000,1532.262500,4073.177500,2540.915000,1127.630000,5134.540000
BUY,H4,EMA100,NON-STOP,3538,3505,33,0,1763.990000,1291.530000,2033.190000,741.660000,1072.580000,5134.800000
BUY,H4,EMA100,TARGET,3255,3223,32,0,1781.150000,1297.125000,2140.310000,843.185000,1072.580000,5134.800000
BUY,H4,EMA100,BE,282,281,1,0,1320.480000,1246.570000,1809.590000,563.020000,1075.720000,5026.530000
BUY,H4,EMA100,OTHER_NONSTOP,1,1,0,0,4271.590000,4271.590000,4271.590000,0.000000,4271.590000,4271.590000
BUY,H4,EMA200,STOP,75,74,1,0,1927.505000,1525.695000,3992.195000,2466.500000,1126.940000,5036.830000
BUY,H4,EMA200,NON-STOP,3538,3505,33,0,1768.340000,1291.750000,2028.960000,737.210000,1084.760000,5043.960000
BUY,H4,EMA200,TARGET,3255,3223,32,0,1776.330000,1296.660000,2105.180000,808.520000,1084.760000,5043.960000
BUY,H4,EMA200,BE,282,281,1,0,1308.050000,1250.290000,1811.260000,560.970000,1089.400000,4909.190000
BUY,H4,EMA200,OTHER_NONSTOP,1,1,0,0,4221.550000,4221.550000,4221.550000,0.000000,4221.550000,4221.550000
BUY,H4,EMA200DistATR,STOP,75,74,1,0,1.581167,-2.523515,5.179675,7.703190,-10.911145,12.421752
BUY,H4,EMA200DistATR,NON-STOP,3538,3505,33,0,1.278289,-2.339113,5.058408,7.397521,-26.143128,17.933325
BUY,H4,EMA200DistATR,TARGET,3255,3223,32,0,1.311906,-2.293649,5.083552,7.377202,-26.143128,17.933325
BUY,H4,EMA200DistATR,BE,282,281,1,0,0.756315,-3.062787,4.481327,7.544114,-15.726200,17.336142
BUY,H4,EMA200DistATR,OTHER_NONSTOP,1,1,0,0,7.497818,7.497818,7.497818,0.000000,7.497818,7.497818
BUY,H4,RSISlope5,STOP,75,74,1,0,0.317156,-0.984493,1.184486,2.168979,-5.229915,5.187613
BUY,H4,RSISlope5,NON-STOP,3538,3505,33,0,0.204891,-1.113175,1.467111,2.580286,-7.921589,9.628579
BUY,H4,RSISlope5,TARGET,3255,3223,32,0,0.239102,-1.105992,1.506017,2.612010,-7.921589,7.658959
BUY,H4,RSISlope5,BE,282,281,1,0,-0.085124,-1.310668,1.021380,2.332048,-6.161513,9.628579
BUY,H4,RSISlope5,OTHER_NONSTOP,1,1,0,0,-1.854036,-1.854036,-1.854036,0.000000,-1.854036,-1.854036
BUY,H4,CCISlope5,STOP,75,74,1,0,0.729444,-14.171948,18.296623,32.468571,-49.448911,67.981795
BUY,H4,CCISlope5,NON-STOP,3538,3505,33,0,1.855753,-14.961257,19.284619,34.245876,-102.340793,99.990866
BUY,H4,CCISlope5,TARGET,3255,3223,32,0,2.142558,-14.838571,19.846918,34.685488,-102.340793,99.990866
BUY,H4,CCISlope5,BE,282,281,1,0,-1.242887,-17.041930,14.771055,31.812985,-93.404344,85.608108
BUY,H4,CCISlope5,OTHER_NONSTOP,1,1,0,0,-26.091416,-26.091416,-26.091416,0.000000,-26.091416,-26.091416
BUY,H4,ADXSlope5,STOP,75,74,1,0,-0.586460,-1.645870,0.737183,2.383054,-3.308649,4.303858
BUY,H4,ADXSlope5,NON-STOP,3538,3505,33,0,-0.137771,-1.162943,1.226479,2.389422,-6.825762,5.179896
BUY,H4,ADXSlope5,TARGET,3255,3223,32,0,-0.126832,-1.162934,1.242250,2.405184,-6.825762,5.179896
BUY,H4,ADXSlope5,BE,282,281,1,0,-0.206755,-1.169158,1.072094,2.241252,-4.239847,4.586711
BUY,H4,ADXSlope5,OTHER_NONSTOP,1,1,0,0,-0.970346,-0.970346,-0.970346,0.000000,-0.970346,-0.970346
BUY,H4,ATRRegime,STOP,75,74,1,0,0.937402,0.696021,1.292253,0.596232,0.465178,5.823691
BUY,H4,ATRRegime,NON-STOP,3538,3505,33,0,0.988398,0.745147,1.319747,0.574600,0.266642,10.947818
BUY,H4,ATRRegime,TARGET,3255,3223,32,0,0.987601,0.746706,1.320694,0.573988,0.266642,10.947818
BUY,H4,ATRRegime,BE,282,281,1,0,0.991508,0.739685,1.298445,0.558760,0.359618,4.937371
BUY,H4,ATRRegime,OTHER_NONSTOP,1,1,0,0,0.674061,0.674061,0.674061,0.000000,0.674061,0.674061
BUY,H4,EMA20Slope5ATR,STOP,75,74,1,0,0.024216,-0.098837,0.104186,0.203024,-0.397923,0.300766
BUY,H4,EMA20Slope5ATR,NON-STOP,3538,3505,33,0,0.024643,-0.073536,0.130377,0.203913,-0.578477,0.660377
BUY,H4,EMA20Slope5ATR,TARGET,3255,3223,32,0,0.026187,-0.073162,0.133033,0.206194,-0.578477,0.660377
BUY,H4,EMA20Slope5ATR,BE,282,281,1,0,0.004847,-0.084809,0.104795,0.189604,-0.518584,0.454036
BUY,H4,EMA20Slope5ATR,OTHER_NONSTOP,1,1,0,0,0.076861,0.076861,0.076861,0.000000,0.076861,0.076861
BUY,H4,EMA50Slope5ATR,STOP,75,74,1,0,0.020814,-0.063202,0.093997,0.157199,-0.279198,0.200502
BUY,H4,EMA50Slope5ATR,NON-STOP,3538,3505,33,0,0.020394,-0.050391,0.087174,0.137565,-0.412879,0.367394
BUY,H4,EMA50Slope5ATR,TARGET,3255,3223,32,0,0.021186,-0.050182,0.087779,0.137960,-0.412879,0.362875
BUY,H4,EMA50Slope5ATR,BE,282,281,1,0,0.007078,-0.053888,0.082946,0.136834,-0.291612,0.367394
BUY,H4,EMA50Slope5ATR,OTHER_NONSTOP,1,1,0,0,0.114794,0.114794,0.114794,0.000000,0.114794,0.114794
BUY,H4,EMA200Slope5ATR,STOP,75,74,1,0,0.015604,-0.020200,0.048320,0.068520,-0.108649,0.128828
BUY,H4,EMA200Slope5ATR,NON-STOP,3538,3505,33,0,0.012191,-0.024069,0.049914,0.073983,-0.275897,0.188340
BUY,H4,EMA200Slope5ATR,TARGET,3255,3223,32,0,0.012520,-0.023376,0.050468,0.073844,-0.275897,0.188340
BUY,H4,EMA200Slope5ATR,BE,282,281,1,0,0.008074,-0.033460,0.043623,0.077083,-0.155590,0.174311
BUY,H4,EMA200Slope5ATR,OTHER_NONSTOP,1,1,0,0,0.081152,0.081152,0.081152,0.000000,0.081152,0.081152
BUY,H4,EMAGap2050ATR,STOP,75,74,1,0,0.339394,-0.943680,1.173700,2.117380,-3.757796,2.849429
BUY,H4,EMAGap2050ATR,NON-STOP,3538,3505,33,0,0.244729,-0.682559,1.150794,1.833353,-5.454567,4.965458
BUY,H4,EMAGap2050ATR,TARGET,3255,3223,32,0,0.258683,-0.671020,1.153418,1.824438,-5.454567,4.965458
BUY,H4,EMAGap2050ATR,BE,282,281,1,0,0.153427,-0.835379,1.120780,1.956159,-3.504166,4.834127
BUY,H4,EMAGap2050ATR,OTHER_NONSTOP,1,1,0,0,1.961223,1.961223,1.961223,0.000000,1.961223,1.961223
BUY,H4,EMAGap50200ATR,STOP,75,74,1,0,1.303954,-1.134692,3.471986,4.606678,-6.656728,10.430171
BUY,H4,EMAGap50200ATR,NON-STOP,3538,3505,33,0,0.815602,-1.691020,3.258846,4.949866,-22.081763,12.598982
BUY,H4,EMAGap50200ATR,TARGET,3255,3223,32,0,0.852826,-1.698578,3.260007,4.958586,-22.081763,12.598982
BUY,H4,EMAGap50200ATR,BE,282,281,1,0,0.275184,-1.671236,3.186370,4.857606,-12.075592,10.730830
BUY,H4,EMAGap50200ATR,OTHER_NONSTOP,1,1,0,0,5.301922,5.301922,5.301922,0.000000,5.301922,5.301922
BUY,H4,EMACompressionATR,STOP,75,74,1,0,3.643743,2.073447,4.905370,2.831924,0.343513,12.070158
BUY,H4,EMACompressionATR,NON-STOP,3538,3505,33,0,3.344005,1.916282,5.501446,3.585164,0.072035,25.840412
BUY,H4,EMACompressionATR,TARGET,3255,3223,32,0,3.346396,1.919035,5.505227,3.586192,0.072035,25.840412
BUY,H4,EMACompressionATR,BE,282,281,1,0,3.242999,1.870677,5.394532,3.523855,0.403677,14.967521
BUY,H4,EMACompressionATR,OTHER_NONSTOP,1,1,0,0,7.263146,7.263146,7.263146,0.000000,7.263146,7.263146
SELL,M1,RSI,STOP,13,13,0,0,52.688877,47.083621,54.860312,7.776691,31.056335,58.271123
SELL,M1,RSI,NON-STOP,1238,1238,0,0,52.837985,48.515942,57.163127,8.647184,18.327944,82.967487
SELL,M1,RSI,TARGET,1159,1159,0,0,52.963423,48.716829,57.177683,8.460854,18.327944,82.967487
SELL,M1,RSI,BE,79,79,0,0,51.709297,45.844270,55.913419,10.069149,38.118314,66.993231
SELL,M1,RSI,OTHER_NONSTOP,0,0,0,0,,,,,,
SELL,M1,ADX,STOP,13,13,0,0,35.789145,23.751611,37.260918,13.509307,13.523668,54.161334
SELL,M1,ADX,NON-STOP,1238,1238,0,0,27.619459,21.474119,36.787207,15.313088,11.264331,77.261521
SELL,M1,ADX,TARGET,1159,1159,0,0,27.584588,21.437390,36.811924,15.374534,11.264331,77.261521
SELL,M1,ADX,BE,79,79,0,0,27.863400,22.148900,36.336626,14.187725,13.618602,76.716588
SELL,M1,ADX,OTHER_NONSTOP,0,0,0,0,,,,,,
SELL,M1,DIPlus,STOP,13,13,0,0,19.800916,18.189236,22.071154,3.881918,7.977452,27.644863
SELL,M1,DIPlus,NON-STOP,1238,1238,0,0,19.532910,16.294914,23.243547,6.948634,1.156581,37.657107
SELL,M1,DIPlus,TARGET,1159,1159,0,0,19.487798,16.288168,23.122410,6.834242,1.156581,37.657107
SELL,M1,DIPlus,BE,79,79,0,0,20.872126,17.316107,24.058481,6.742374,6.173927,37.402688
SELL,M1,DIPlus,OTHER_NONSTOP,0,0,0,0,,,,,,
SELL,M1,DIMinus,STOP,13,13,0,0,21.469172,17.316618,27.851450,10.534832,5.653964,38.058978
SELL,M1,DIMinus,NON-STOP,1238,1238,0,0,20.725362,16.529464,25.080016,8.550552,3.492975,50.795737
SELL,M1,DIMinus,TARGET,1159,1159,0,0,20.725495,16.489165,25.097282,8.608117,3.492975,50.795737
SELL,M1,DIMinus,BE,79,79,0,0,20.218147,17.763890,24.720542,6.956652,7.621942,36.505534
SELL,M1,DIMinus,OTHER_NONSTOP,0,0,0,0,,,,,,
SELL,M1,DIGap,STOP,13,13,0,0,5.915382,3.235156,10.185840,6.950684,0.206586,30.081526
SELL,M1,DIGap,NON-STOP,1238,1238,0,0,5.554408,2.681694,9.512382,6.830688,0.004853,43.494199
SELL,M1,DIGap,TARGET,1159,1159,0,0,5.463481,2.661174,9.513262,6.852088,0.004853,43.494199
SELL,M1,DIGap,BE,79,79,0,0,6.064565,2.926390,9.410752,6.484362,0.254081,19.167724
SELL,M1,DIGap,OTHER_NONSTOP,0,0,0,0,,,,,,
SELL,M1,ATR,STOP,13,13,0,0,0.800000,0.350000,3.140000,2.790000,0.180000,12.250000
SELL,M1,ATR,NON-STOP,1238,1238,0,0,0.460000,0.280000,0.790000,0.510000,0.040000,14.230000
SELL,M1,ATR,TARGET,1159,1159,0,0,0.470000,0.290000,0.800000,0.510000,0.040000,14.230000
SELL,M1,ATR,BE,79,79,0,0,0.320000,0.205000,0.640000,0.435000,0.040000,1.590000
SELL,M1,ATR,OTHER_NONSTOP,0,0,0,0,,,,,,
SELL,M1,CCI,STOP,13,13,0,0,-60.867826,-141.439636,-8.256428,133.183208,-269.036342,34.617136
SELL,M1,CCI,NON-STOP,1238,1238,0,0,-20.901901,-92.136245,25.580288,117.716534,-387.295402,125.630982
SELL,M1,CCI,TARGET,1159,1159,0,0,-19.006449,-91.482344,25.638963,117.121306,-387.295402,125.630982
SELL,M1,CCI,BE,79,79,0,0,-53.606629,-94.689455,21.830325,116.519780,-259.675389,65.347796
SELL,M1,CCI,OTHER_NONSTOP,0,0,0,0,,,,,,
SELL,M1,EMA20,STOP,13,13,0,0,1920.420000,1738.890000,4060.210000,2321.320000,1228.530000,4637.240000
SELL,M1,EMA20,NON-STOP,1238,1238,0,0,1755.600000,1298.417500,2052.002500,753.585000,1069.980000,5169.900000
SELL,M1,EMA20,TARGET,1159,1159,0,0,1765.830000,1302.580000,2158.710000,856.130000,1069.980000,5169.900000
SELL,M1,EMA20,BE,79,79,0,0,1322.900000,1255.975000,1832.605000,576.630000,1137.130000,4728.800000
SELL,M1,EMA20,OTHER_NONSTOP,0,0,0,0,,,,,,
SELL,M1,EMA50,STOP,13,13,0,0,1918.970000,1737.990000,4056.780000,2318.790000,1228.350000,4625.430000
SELL,M1,EMA50,NON-STOP,1238,1238,0,0,1754.975000,1297.697500,2050.702500,753.005000,1069.680000,5164.130000
SELL,M1,EMA50,TARGET,1159,1159,0,0,1764.700000,1301.760000,2158.610000,856.850000,1069.680000,5164.130000
SELL,M1,EMA50,BE,79,79,0,0,1322.140000,1255.805000,1831.690000,575.885000,1137.020000,4724.460000
SELL,M1,EMA50,OTHER_NONSTOP,0,0,0,0,,,,,,
SELL,M1,EMA100,STOP,13,13,0,0,1919.200000,1737.490000,4056.430000,2318.940000,1228.300000,4611.210000
SELL,M1,EMA100,NON-STOP,1238,1238,0,0,1754.765000,1297.077500,2049.435000,752.357500,1069.870000,5161.450000
SELL,M1,EMA100,TARGET,1159,1159,0,0,1763.200000,1301.265000,2158.455000,857.190000,1069.870000,5161.450000
SELL,M1,EMA100,BE,79,79,0,0,1321.890000,1255.885000,1831.345000,575.460000,1137.160000,4719.880000
SELL,M1,EMA100,OTHER_NONSTOP,0,0,0,0,,,,,,
SELL,M1,EMA200,STOP,13,13,0,0,1920.460000,1737.260000,4058.130000,2320.870000,1228.140000,4602.050000
SELL,M1,EMA200,NON-STOP,1238,1238,0,0,1754.420000,1296.987500,2048.367500,751.380000,1070.520000,5160.700000
SELL,M1,EMA200,TARGET,1159,1159,0,0,1762.540000,1301.260000,2158.265000,857.005000,1070.520000,5160.700000
SELL,M1,EMA200,BE,79,79,0,0,1322.170000,1256.155000,1831.860000,575.705000,1137.970000,4715.720000
SELL,M1,EMA200,OTHER_NONSTOP,0,0,0,0,,,,,,
SELL,M1,EMA200DistATR,STOP,13,13,0,0,1.442370,0.147432,2.763512,2.616080,-1.289048,4.837648
SELL,M1,EMA200DistATR,NON-STOP,1238,1238,0,0,2.511945,-0.182270,5.236436,5.418706,-21.350621,32.546780
SELL,M1,EMA200DistATR,TARGET,1159,1159,0,0,2.531837,-0.127432,5.229603,5.357035,-15.851950,32.546780
SELL,M1,EMA200DistATR,BE,79,79,0,0,2.100276,-1.497928,5.324967,6.822894,-21.350621,12.390353
SELL,M1,EMA200DistATR,OTHER_NONSTOP,0,0,0,0,,,,,,
SELL,M1,RSISlope5,STOP,13,13,0,0,-2.380218,-2.780725,-1.763632,1.017093,-4.765788,-0.569615
SELL,M1,RSISlope5,NON-STOP,1238,1238,0,0,-1.642148,-2.520134,-0.867208,1.652925,-7.464741,5.965811
SELL,M1,RSISlope5,TARGET,1159,1159,0,0,-1.611130,-2.518202,-0.858268,1.659934,-7.464741,5.965811
SELL,M1,RSISlope5,BE,79,79,0,0,-1.742816,-2.600890,-1.174568,1.426321,-5.864403,0.847879
SELL,M1,RSISlope5,OTHER_NONSTOP,0,0,0,0,,,,,,
SELL,M1,CCISlope5,STOP,13,13,0,0,-31.771763,-35.658261,-17.899092,17.759169,-77.706490,-12.209023
SELL,M1,CCISlope5,NON-STOP,1238,1238,0,0,-22.218285,-34.020092,-11.132111,22.887980,-92.647723,78.395540
SELL,M1,CCISlope5,TARGET,1159,1159,0,0,-21.705148,-33.178909,-11.060792,22.118118,-92.647723,78.395540
SELL,M1,CCISlope5,BE,79,79,0,0,-29.238349,-40.346111,-14.901635,25.444476,-65.444536,21.096522
SELL,M1,CCISlope5,OTHER_NONSTOP,0,0,0,0,,,,,,
SELL,M1,ADXSlope5,STOP,13,13,0,0,-0.672212,-2.191242,0.359227,2.550469,-4.397397,2.409063
SELL,M1,ADXSlope5,NON-STOP,1238,1238,0,0,-0.595318,-1.422983,0.163476,1.586459,-5.514900,5.079383
SELL,M1,ADXSlope5,TARGET,1159,1159,0,0,-0.600157,-1.425592,0.159688,1.585280,-5.514900,5.079383
SELL,M1,ADXSlope5,BE,79,79,0,0,-0.510336,-1.394464,0.299318,1.693782,-4.133368,2.099914
SELL,M1,ADXSlope5,OTHER_NONSTOP,0,0,0,0,,,,,,
SELL,M1,ATRRegime,STOP,13,13,0,0,1.276867,0.979548,1.574916,0.595368,0.830814,1.891610
SELL,M1,ATRRegime,NON-STOP,1238,1238,0,0,1.015246,0.789406,1.321061,0.531655,0.224299,9.356253
SELL,M1,ATRRegime,TARGET,1159,1159,0,0,1.015577,0.789481,1.320949,0.531468,0.231252,9.356253
SELL,M1,ATRRegime,BE,79,79,0,0,1.005865,0.795572,1.317184,0.521612,0.224299,2.921725
SELL,M1,ATRRegime,OTHER_NONSTOP,0,0,0,0,,,,,,
SELL,M1,EMA20Slope5ATR,STOP,13,13,0,0,0.094974,0.028593,0.114523,0.085930,-0.081423,0.149818
SELL,M1,EMA20Slope5ATR,NON-STOP,1238,1238,0,0,0.095905,0.046682,0.148199,0.101518,-0.355494,1.159368
SELL,M1,EMA20Slope5ATR,TARGET,1159,1159,0,0,0.096380,0.048692,0.147593,0.098900,-0.355494,1.159368
SELL,M1,EMA20Slope5ATR,BE,79,79,0,0,0.080905,0.031138,0.155378,0.124239,-0.082404,0.481290
SELL,M1,EMA20Slope5ATR,OTHER_NONSTOP,0,0,0,0,,,,,,
SELL,M1,EMA50Slope5ATR,STOP,13,13,0,0,0.078564,0.052599,0.085576,0.032977,-0.014355,0.173136
SELL,M1,EMA50Slope5ATR,NON-STOP,1238,1238,0,0,0.084620,0.042046,0.129455,0.087408,-0.178775,1.000205
SELL,M1,EMA50Slope5ATR,TARGET,1159,1159,0,0,0.085321,0.043284,0.129111,0.085827,-0.178775,1.000205
SELL,M1,EMA50Slope5ATR,BE,79,79,0,0,0.072428,0.030830,0.135578,0.104748,-0.079045,0.453439
SELL,M1,EMA50Slope5ATR,OTHER_NONSTOP,0,0,0,0,,,,,,
SELL,M1,EMA200Slope5ATR,STOP,13,13,0,0,0.018256,0.012780,0.037023,0.024243,0.001073,0.062908
SELL,M1,EMA200Slope5ATR,NON-STOP,1238,1238,0,0,0.033073,0.006308,0.062347,0.056039,-0.212157,0.337285
SELL,M1,EMA200Slope5ATR,TARGET,1159,1159,0,0,0.033111,0.006862,0.062080,0.055218,-0.157370,0.337285
SELL,M1,EMA200Slope5ATR,BE,79,79,0,0,0.029960,-0.001856,0.063942,0.065798,-0.212157,0.137409
SELL,M1,EMA200Slope5ATR,OTHER_NONSTOP,0,0,0,0,,,,,,
SELL,M1,EMAGap2050ATR,STOP,13,13,0,0,0.965042,0.706423,1.145991,0.439568,0.235209,2.706850
SELL,M1,EMAGap2050ATR,NON-STOP,1238,1238,0,0,1.126796,0.485674,1.801158,1.315484,-3.388835,13.640025
SELL,M1,EMAGap2050ATR,TARGET,1159,1159,0,0,1.136286,0.490424,1.801602,1.311178,-3.388835,13.640025
SELL,M1,EMAGap2050ATR,BE,79,79,0,0,0.900977,0.454020,1.754318,1.300298,-1.384920,6.472263
SELL,M1,EMAGap2050ATR,OTHER_NONSTOP,0,0,0,0,,,,,,
SELL,M1,EMAGap50200ATR,STOP,13,13,0,0,1.097133,-0.428824,2.201315,2.630139,-1.412156,2.865653
SELL,M1,EMAGap50200ATR,NON-STOP,1238,1238,0,0,1.370996,-0.518048,3.323295,3.841343,-19.791678,17.310890
SELL,M1,EMAGap50200ATR,TARGET,1159,1159,0,0,1.390664,-0.464110,3.254183,3.718294,-16.902557,17.310890
SELL,M1,EMAGap50200ATR,BE,79,79,0,0,0.916554,-1.027274,3.742550,4.769824,-19.791678,10.478801
SELL,M1,EMAGap50200ATR,OTHER_NONSTOP,0,0,0,0,,,,,,
SELL,M1,EMACompressionATR,STOP,13,13,0,0,1.502912,1.201706,3.299739,2.098033,0.675693,4.908165
SELL,M1,EMACompressionATR,NON-STOP,1238,1238,0,0,3.297609,1.822058,5.450331,3.628273,0.092550,23.938308
SELL,M1,EMACompressionATR,TARGET,1159,1159,0,0,3.272792,1.822360,5.415800,3.593440,0.112619,23.938308
SELL,M1,EMACompressionATR,BE,79,79,0,0,3.545476,1.918689,6.202650,4.283962,0.092550,20.631788
SELL,M1,EMACompressionATR,OTHER_NONSTOP,0,0,0,0,,,,,,
SELL,M5,RSI,STOP,13,13,0,0,57.593853,56.186273,59.187904,3.001631,53.375425,63.967538
SELL,M5,RSI,NON-STOP,1238,1238,0,0,59.492057,53.035710,66.109604,13.073894,30.308590,87.653888
SELL,M5,RSI,TARGET,1159,1159,0,0,59.520152,53.083123,66.164480,13.081356,30.308590,87.653888
SELL,M5,RSI,BE,79,79,0,0,58.764250,50.295324,65.800971,15.505648,35.041540,85.337418
SELL,M5,RSI,OTHER_NONSTOP,0,0,0,0,,,,,,
SELL,M5,ADX,STOP,13,13,0,0,26.789035,24.650316,31.054910,6.404594,18.027451,53.253974
SELL,M5,ADX,NON-STOP,1238,1238,0,0,30.261332,23.425319,39.259357,15.834038,10.420202,80.043686
SELL,M5,ADX,TARGET,1159,1159,0,0,30.340529,23.273762,39.253542,15.979780,10.420202,80.043686
SELL,M5,ADX,BE,79,79,0,0,28.995470,24.429890,39.120284,14.690394,14.899867,74.712850
SELL,M5,ADX,OTHER_NONSTOP,0,0,0,0,,,,,,
SELL,M5,DIPlus,STOP,13,13,0,0,26.320636,22.882204,28.054268,5.172064,20.508201,40.087976
SELL,M5,DIPlus,NON-STOP,1238,1238,0,0,25.941146,20.819114,31.029516,10.210402,4.828054,54.556838
SELL,M5,DIPlus,TARGET,1159,1159,0,0,25.994600,20.864186,31.069959,10.205773,4.828054,54.556838
SELL,M5,DIPlus,BE,79,79,0,0,25.543928,20.318331,30.022009,9.703678,8.637640,44.002781
SELL,M5,DIPlus,OTHER_NONSTOP,0,0,0,0,,,,,,
SELL,M5,DIMinus,STOP,13,13,0,0,11.313386,10.335248,13.580113,3.244865,3.793970,22.857122
SELL,M5,DIMinus,NON-STOP,1238,1238,0,0,10.964004,8.032970,14.960224,6.927254,1.625396,33.492340
SELL,M5,DIMinus,TARGET,1159,1159,0,0,10.965387,8.034830,14.989486,6.954656,1.625396,33.492340
SELL,M5,DIMinus,BE,79,79,0,0,10.819215,8.038889,14.565616,6.526727,1.988319,27.724920
SELL,M5,DIMinus,OTHER_NONSTOP,0,0,0,0,,,,,,
SELL,M5,DIGap,STOP,13,13,0,0,15.495187,9.302091,18.960507,9.658416,0.829124,32.121048
SELL,M5,DIGap,NON-STOP,1238,1238,0,0,14.733554,7.965121,21.831785,13.866664,0.008253,49.776404
SELL,M5,DIGap,TARGET,1159,1159,0,0,14.792269,7.895770,21.843684,13.947914,0.008253,49.776404
SELL,M5,DIGap,BE,79,79,0,0,14.281633,8.826643,20.984980,12.158338,0.166281,38.871466
SELL,M5,DIGap,OTHER_NONSTOP,0,0,0,0,,,,,,
SELL,M5,ATR,STOP,13,13,0,0,1.580000,0.960000,6.640000,5.680000,0.430000,22.870000
SELL,M5,ATR,NON-STOP,1238,1238,0,0,1.020000,0.650000,1.690000,1.040000,0.140000,16.570000
SELL,M5,ATR,TARGET,1159,1159,0,0,1.040000,0.665000,1.720000,1.055000,0.150000,16.570000
SELL,M5,ATR,BE,79,79,0,0,0.690000,0.425000,1.245000,0.820000,0.140000,4.780000
SELL,M5,ATR,OTHER_NONSTOP,0,0,0,0,,,,,,
SELL,M5,CCI,STOP,13,13,0,0,117.977704,86.673166,140.980742,54.307576,64.237056,173.452332
SELL,M5,CCI,NON-STOP,1238,1238,0,0,110.490433,74.357032,141.194132,66.837100,-276.854392,298.502319
SELL,M5,CCI,TARGET,1159,1159,0,0,110.767657,75.437731,140.859517,65.421786,-276.854392,298.502319
SELL,M5,CCI,BE,79,79,0,0,106.203834,68.313029,144.510344,76.197316,-74.006149,220.581661
SELL,M5,CCI,OTHER_NONSTOP,0,0,0,0,,,,,,
SELL,M5,EMA20,STOP,13,13,0,0,1919.280000,1737.530000,4056.760000,2319.230000,1228.300000,4611.740000
SELL,M5,EMA20,NON-STOP,1238,1238,0,0,1754.755000,1297.120000,2049.355000,752.235000,1069.910000,5160.970000
SELL,M5,EMA20,TARGET,1159,1159,0,0,1763.100000,1301.260000,2158.425000,857.165000,1069.910000,5160.970000
SELL,M5,EMA20,BE,79,79,0,0,1322.000000,1255.885000,1831.370000,575.485000,1137.200000,4719.870000
SELL,M5,EMA20,OTHER_NONSTOP,0,0,0,0,,,,,,
SELL,M5,EMA50,STOP,13,13,0,0,1920.980000,1737.270000,4058.780000,2321.510000,1227.900000,4602.430000
SELL,M5,EMA50,NON-STOP,1238,1238,0,0,1754.200000,1297.152500,2048.115000,750.962500,1070.880000,5160.890000
SELL,M5,EMA50,TARGET,1159,1159,0,0,1762.490000,1301.180000,2157.840000,856.660000,1070.880000,5160.890000
SELL,M5,EMA50,BE,79,79,0,0,1322.470000,1256.245000,1832.340000,576.095000,1138.360000,4715.870000
SELL,M5,EMA50,OTHER_NONSTOP,0,0,0,0,,,,,,
SELL,M5,EMA100,STOP,13,13,0,0,1922.110000,1737.630000,4056.710000,2319.080000,1226.200000,4650.150000
SELL,M5,EMA100,NON-STOP,1238,1238,0,0,1753.340000,1297.245000,2047.517500,750.272500,1066.960000,5162.360000
SELL,M5,EMA100,TARGET,1159,1159,0,0,1762.200000,1301.905000,2157.195000,855.290000,1066.960000,5162.360000
SELL,M5,EMA100,BE,79,79,0,0,1323.130000,1256.535000,1832.590000,576.055000,1138.840000,4724.740000
SELL,M5,EMA100,OTHER_NONSTOP,0,0,0,0,,,,,,
SELL,M5,EMA200,STOP,13,13,0,0,1922.550000,1738.780000,4047.090000,2308.310000,1223.820000,4756.200000
SELL,M5,EMA200,NON-STOP,1238,1238,0,0,1753.090000,1297.552500,2045.805000,748.252500,1063.950000,5220.060000
SELL,M5,EMA200,TARGET,1159,1159,0,0,1760.480000,1302.220000,2157.870000,855.650000,1063.950000,5220.060000
SELL,M5,EMA200,BE,79,79,0,0,1322.370000,1256.855000,1831.280000,574.425000,1137.680000,4744.640000
SELL,M5,EMA200,OTHER_NONSTOP,0,0,0,0,,,,,,
SELL,M5,EMA200DistATR,STOP,13,13,0,0,0.122859,-1.842324,2.378542,4.220866,-4.801960,11.213600
SELL,M5,EMA200DistATR,NON-STOP,1238,1238,0,0,1.582854,-1.569471,4.663742,6.233213,-35.846332,30.869757
SELL,M5,EMA200DistATR,TARGET,1159,1159,0,0,1.597720,-1.510638,4.573017,6.083656,-35.846332,30.869757
SELL,M5,EMA200DistATR,BE,79,79,0,0,1.152524,-2.478712,5.546104,8.024816,-21.960747,16.718582
SELL,M5,EMA200DistATR,OTHER_NONSTOP,0,0,0,0,,,,,,
SELL,M5,RSISlope5,STOP,13,13,0,0,1.543494,0.055131,2.660106,2.604975,-1.406219,3.894979
SELL,M5,RSISlope5,NON-STOP,1238,1238,0,0,1.376644,0.543548,2.290969,1.747421,-5.255949,11.340639
SELL,M5,RSISlope5,TARGET,1159,1159,0,0,1.376171,0.544302,2.259603,1.715301,-5.255949,11.340639
SELL,M5,RSISlope5,BE,79,79,0,0,1.380553,0.514880,2.591257,2.076376,-3.023733,4.164694
SELL,M5,RSISlope5,OTHER_NONSTOP,0,0,0,0,,,,,,
SELL,M5,CCISlope5,STOP,13,13,0,0,23.968540,-5.810777,36.187716,41.998493,-13.818278,52.395806
SELL,M5,CCISlope5,NON-STOP,1238,1238,0,0,13.972512,-1.330961,29.262573,30.593534,-74.450470,89.319188
SELL,M5,CCISlope5,TARGET,1159,1159,0,0,13.692323,-1.546567,29.141452,30.688020,-74.450470,89.319188
SELL,M5,CCISlope5,BE,79,79,0,0,18.664634,2.394985,31.652306,29.257320,-32.645338,57.052932
SELL,M5,CCISlope5,OTHER_NONSTOP,0,0,0,0,,,,,,
SELL,M5,ADXSlope5,STOP,13,13,0,0,-0.197945,-0.726780,0.970632,1.697412,-1.737155,4.011910
SELL,M5,ADXSlope5,NON-STOP,1238,1238,0,0,0.544734,-0.894772,2.149696,3.044468,-5.181508,5.522172
SELL,M5,ADXSlope5,TARGET,1159,1159,0,0,0.563838,-0.892476,2.156037,3.048513,-5.181508,5.522172
SELL,M5,ADXSlope5,BE,79,79,0,0,0.449746,-0.944406,2.108882,3.053287,-5.113881,4.184535
SELL,M5,ADXSlope5,OTHER_NONSTOP,0,0,0,0,,,,,,
SELL,M5,ATRRegime,STOP,13,13,0,0,1.038796,0.925605,1.248521,0.322916,0.695936,2.337679
SELL,M5,ATRRegime,NON-STOP,1238,1238,0,0,0.969599,0.760162,1.256909,0.496747,0.246983,11.455305
SELL,M5,ATRRegime,TARGET,1159,1159,0,0,0.972075,0.764820,1.260782,0.495962,0.246983,11.455305
SELL,M5,ATRRegime,BE,79,79,0,0,0.926743,0.693974,1.142820,0.448846,0.316082,2.453821
SELL,M5,ATRRegime,OTHER_NONSTOP,0,0,0,0,,,,,,
SELL,M5,EMA20Slope5ATR,STOP,13,13,0,0,0.066889,0.046375,0.110567,0.064192,0.025796,0.219548
SELL,M5,EMA20Slope5ATR,NON-STOP,1238,1238,0,0,0.104478,0.026188,0.169622,0.143434,-0.517575,0.562198
SELL,M5,EMA20Slope5ATR,TARGET,1159,1159,0,0,0.105131,0.027802,0.169877,0.142076,-0.517575,0.562198
SELL,M5,EMA20Slope5ATR,BE,79,79,0,0,0.086989,-0.005159,0.164470,0.169629,-0.252657,0.371268
SELL,M5,EMA20Slope5ATR,OTHER_NONSTOP,0,0,0,0,,,,,,
SELL,M5,EMA50Slope5ATR,STOP,13,13,0,0,0.049857,-0.000742,0.054712,0.055454,-0.027864,0.123813
SELL,M5,EMA50Slope5ATR,NON-STOP,1238,1238,0,0,0.046228,-0.007921,0.095909,0.103830,-0.446482,0.430369
SELL,M5,EMA50Slope5ATR,TARGET,1159,1159,0,0,0.046642,-0.007346,0.095396,0.102741,-0.446482,0.430369
SELL,M5,EMA50Slope5ATR,BE,79,79,0,0,0.035759,-0.023686,0.110214,0.133900,-0.355878,0.231699
SELL,M5,EMA50Slope5ATR,OTHER_NONSTOP,0,0,0,0,,,,,,
SELL,M5,EMA200Slope5ATR,STOP,13,13,0,0,-0.000209,-0.019862,0.016981,0.036843,-0.056857,0.107642
SELL,M5,EMA200Slope5ATR,NON-STOP,1238,1238,0,0,0.011330,-0.020777,0.042030,0.062808,-0.376835,0.313870
SELL,M5,EMA200Slope5ATR,TARGET,1159,1159,0,0,0.011519,-0.020375,0.041434,0.061810,-0.376835,0.313870
SELL,M5,EMA200Slope5ATR,BE,79,79,0,0,0.005567,-0.028432,0.050348,0.078780,-0.226150,0.159098
SELL,M5,EMA200Slope5ATR,OTHER_NONSTOP,0,0,0,0,,,,,,
SELL,M5,EMAGap2050ATR,STOP,13,13,0,0,0.048676,-0.357104,0.510016,0.867120,-0.838383,1.949118
SELL,M5,EMAGap2050ATR,NON-STOP,1238,1238,0,0,0.296710,-0.435444,1.009413,1.444858,-8.637537,7.737161
SELL,M5,EMAGap2050ATR,TARGET,1159,1159,0,0,0.295502,-0.420988,1.009403,1.430392,-8.637537,7.737161
SELL,M5,EMAGap2050ATR,BE,79,79,0,0,0.323815,-0.560139,0.985659,1.545798,-6.451614,2.575701
SELL,M5,EMAGap2050ATR,OTHER_NONSTOP,0,0,0,0,,,,,,
SELL,M5,EMAGap50200ATR,STOP,13,13,0,0,-0.586648,-2.696012,1.668937,4.364949,-6.724482,9.401093
SELL,M5,EMAGap50200ATR,NON-STOP,1238,1238,0,0,0.198486,-2.169359,2.364044,4.533403,-29.633900,24.011593
SELL,M5,EMAGap50200ATR,TARGET,1159,1159,0,0,0.194101,-2.100852,2.336374,4.437226,-29.633900,24.011593
SELL,M5,EMAGap50200ATR,BE,79,79,0,0,0.481113,-2.505030,2.676227,5.181258,-16.369539,11.298679
SELL,M5,EMAGap50200ATR,OTHER_NONSTOP,0,0,0,0,,,,,,
SELL,M5,EMACompressionATR,STOP,13,13,0,0,3.053116,1.609644,5.744962,4.135318,0.498472,10.309460
SELL,M5,EMACompressionATR,NON-STOP,1238,1238,0,0,3.062159,1.623815,5.534515,3.910700,0.153262,37.323716
SELL,M5,EMACompressionATR,TARGET,1159,1159,0,0,3.012827,1.597373,5.485734,3.888361,0.153262,37.323716
SELL,M5,EMACompressionATR,BE,79,79,0,0,3.810149,1.970859,6.268624,4.297764,0.491013,21.394166
SELL,M5,EMACompressionATR,OTHER_NONSTOP,0,0,0,0,,,,,,
SELL,M15,RSI,STOP,13,13,0,0,51.765071,47.500055,58.745650,11.245595,44.302665,62.681988
SELL,M15,RSI,NON-STOP,1238,1238,0,0,55.493224,48.915701,63.437133,14.521432,21.012414,88.307172
SELL,M15,RSI,TARGET,1159,1159,0,0,55.556116,48.961082,63.524320,14.563238,21.012414,88.307172
SELL,M15,RSI,BE,79,79,0,0,54.255358,47.255764,60.335458,13.079694,31.667496,81.427406
SELL,M15,RSI,OTHER_NONSTOP,0,0,0,0,,,,,,
SELL,M15,ADX,STOP,13,13,0,0,26.054297,24.309426,29.927775,5.618349,20.352494,35.624666
SELL,M15,ADX,NON-STOP,1238,1238,0,0,26.859986,21.336300,35.522399,14.186098,9.327345,70.983067
SELL,M15,ADX,TARGET,1159,1159,0,0,26.810723,21.496206,35.545402,14.049196,9.327345,70.983067
SELL,M15,ADX,BE,79,79,0,0,27.443160,20.567400,33.218242,12.650842,14.409604,58.455003
SELL,M15,ADX,OTHER_NONSTOP,0,0,0,0,,,,,,
SELL,M15,DIPlus,STOP,13,13,0,0,21.967776,18.979537,27.917304,8.937767,14.517483,30.652518
SELL,M15,DIPlus,NON-STOP,1238,1238,0,0,22.780486,17.506337,27.973133,10.466796,3.469812,45.484643
SELL,M15,DIPlus,TARGET,1159,1159,0,0,22.725378,17.533692,27.967144,10.433452,3.469812,45.484643
SELL,M15,DIPlus,BE,79,79,0,0,23.859129,16.759535,28.289714,11.530180,7.001308,41.784023
SELL,M15,DIPlus,OTHER_NONSTOP,0,0,0,0,,,,,,
SELL,M15,DIMinus,STOP,13,13,0,0,13.198844,10.491705,17.943240,7.451535,6.366721,27.118938
SELL,M15,DIMinus,NON-STOP,1238,1238,0,0,14.929455,11.081837,19.423420,8.341583,2.683309,40.494236
SELL,M15,DIMinus,TARGET,1159,1159,0,0,14.919201,11.082509,19.230840,8.148330,2.683309,40.494236
SELL,M15,DIMinus,BE,79,79,0,0,15.561310,11.063174,20.960960,9.897786,3.369042,34.772349
SELL,M15,DIMinus,OTHER_NONSTOP,0,0,0,0,,,,,,
SELL,M15,DIGap,STOP,13,13,0,0,6.734635,2.877893,11.886428,9.008535,0.382969,23.283943
SELL,M15,DIGap,NON-STOP,1238,1238,0,0,9.887630,4.602315,17.202874,12.600559,0.012499,41.751685
SELL,M15,DIGap,TARGET,1159,1159,0,0,9.765972,4.660796,17.014996,12.354200,0.012499,41.751685
SELL,M15,DIGap,BE,79,79,0,0,10.980716,4.320243,18.936234,14.615991,0.046739,35.879867
SELL,M15,DIGap,OTHER_NONSTOP,0,0,0,0,,,,,,
SELL,M15,ATR,STOP,13,13,0,0,2.370000,1.450000,11.980000,10.530000,0.590000,49.970000
SELL,M15,ATR,NON-STOP,1238,1238,0,0,1.865000,1.200000,3.097500,1.897500,0.300000,41.590000
SELL,M15,ATR,TARGET,1159,1159,0,0,1.880000,1.230000,3.160000,1.930000,0.300000,41.590000
SELL,M15,ATR,BE,79,79,0,0,1.310000,0.850000,2.465000,1.615000,0.300000,6.400000
SELL,M15,ATR,OTHER_NONSTOP,0,0,0,0,,,,,,
SELL,M15,CCI,STOP,13,13,0,0,47.264390,12.603242,94.351561,81.748319,-52.196988,151.410206
SELL,M15,CCI,NON-STOP,1238,1238,0,0,72.292218,-13.538911,138.655268,152.194178,-230.610556,466.666667
SELL,M15,CCI,TARGET,1159,1159,0,0,72.640248,-12.738600,140.339602,153.078202,-230.610556,466.666667
SELL,M15,CCI,BE,79,79,0,0,62.082082,-31.893389,132.061526,163.954914,-188.692991,239.467288
SELL,M15,CCI,OTHER_NONSTOP,0,0,0,0,,,,,,
SELL,M15,EMA20,STOP,13,13,0,0,1921.270000,1737.140000,4058.680000,2321.540000,1227.550000,4609.800000
SELL,M15,EMA20,NON-STOP,1238,1238,0,0,1754.005000,1297.197500,2047.930000,750.732500,1069.190000,5160.310000
SELL,M15,EMA20,TARGET,1159,1159,0,0,1762.420000,1301.285000,2157.155000,855.870000,1069.190000,5160.310000
SELL,M15,EMA20,BE,79,79,0,0,1322.720000,1256.345000,1832.765000,576.420000,1138.620000,4715.820000
SELL,M15,EMA20,OTHER_NONSTOP,0,0,0,0,,,,,,
SELL,M15,EMA50,STOP,13,13,0,0,1922.480000,1738.210000,4051.620000,2313.410000,1224.680000,4705.330000
SELL,M15,EMA50,NON-STOP,1238,1238,0,0,1753.570000,1297.242500,2046.710000,749.467500,1064.870000,5186.880000
SELL,M15,EMA50,TARGET,1159,1159,0,0,1761.030000,1302.490000,2157.805000,855.315000,1064.870000,5186.880000
SELL,M15,EMA50,BE,79,79,0,0,1322.810000,1256.715000,1831.440000,574.725000,1138.340000,4735.160000
SELL,M15,EMA50,OTHER_NONSTOP,0,0,0,0,,,,,,
SELL,M15,EMA100,STOP,13,13,0,0,1922.080000,1739.210000,4039.210000,2300.000000,1222.530000,4846.780000
SELL,M15,EMA100,NON-STOP,1238,1238,0,0,1752.185000,1297.822500,2046.692500,748.870000,1062.310000,5261.370000
SELL,M15,EMA100,TARGET,1159,1159,0,0,1759.870000,1302.240000,2157.755000,855.515000,1062.310000,5261.370000
SELL,M15,EMA100,BE,79,79,0,0,1321.600000,1257.110000,1830.760000,573.650000,1136.500000,4757.800000
SELL,M15,EMA100,OTHER_NONSTOP,0,0,0,0,,,,,,
SELL,M15,EMA200,STOP,13,13,0,0,1920.830000,1739.590000,4028.030000,2288.440000,1220.710000,5005.090000
SELL,M15,EMA200,NON-STOP,1238,1238,0,0,1751.185000,1297.075000,2049.865000,752.790000,1061.360000,5285.030000
SELL,M15,EMA200,TARGET,1159,1159,0,0,1762.030000,1301.805000,2159.395000,857.590000,1061.360000,5285.030000
SELL,M15,EMA200,BE,79,79,0,0,1321.020000,1256.585000,1829.470000,572.885000,1134.940000,4777.400000
SELL,M15,EMA200,OTHER_NONSTOP,0,0,0,0,,,,,,
SELL,M15,EMA200DistATR,STOP,13,13,0,0,-0.145437,-2.617981,2.611429,5.229410,-7.289505,10.377303
SELL,M15,EMA200DistATR,NON-STOP,1238,1238,0,0,0.641456,-2.599071,3.706634,6.305705,-23.616493,21.061673
SELL,M15,EMA200DistATR,TARGET,1159,1159,0,0,0.635909,-2.614254,3.656805,6.271060,-23.616493,21.061673
SELL,M15,EMA200DistATR,BE,79,79,0,0,0.849907,-2.442206,4.736307,7.178513,-14.037481,14.626912
SELL,M15,EMA200DistATR,OTHER_NONSTOP,0,0,0,0,,,,,,
SELL,M15,RSISlope5,STOP,13,13,0,0,0.944701,0.253406,2.235541,1.982135,-1.408801,3.582422
SELL,M15,RSISlope5,NON-STOP,1238,1238,0,0,1.060653,-0.034626,2.201191,2.235816,-5.296554,8.374608
SELL,M15,RSISlope5,TARGET,1159,1159,0,0,1.072519,-0.035305,2.212874,2.248180,-5.296554,8.374608
SELL,M15,RSISlope5,BE,79,79,0,0,1.029234,-0.005740,2.014797,2.020538,-2.769498,5.403151
SELL,M15,RSISlope5,OTHER_NONSTOP,0,0,0,0,,,,,,
SELL,M15,CCISlope5,STOP,13,13,0,0,21.275326,3.466883,33.657041,30.190158,-19.871480,39.455531
SELL,M15,CCISlope5,NON-STOP,1238,1238,0,0,13.924854,-4.152758,30.186483,34.339240,-61.488503,109.918685
SELL,M15,CCISlope5,TARGET,1159,1159,0,0,14.114730,-3.917044,30.344954,34.261998,-61.488503,109.918685
SELL,M15,CCISlope5,BE,79,79,0,0,10.496330,-9.570270,26.263924,35.834194,-53.411941,57.812896
SELL,M15,CCISlope5,OTHER_NONSTOP,0,0,0,0,,,,,,
SELL,M15,ADXSlope5,STOP,13,13,0,0,-0.552077,-1.308158,1.146549,2.454707,-3.730642,1.832501
SELL,M15,ADXSlope5,NON-STOP,1238,1238,0,0,-0.183173,-1.057495,0.988971,2.046466,-5.675193,4.887775
SELL,M15,ADXSlope5,TARGET,1159,1159,0,0,-0.188801,-1.060034,0.961843,2.021878,-5.675193,4.887775
SELL,M15,ADXSlope5,BE,79,79,0,0,0.140301,-0.693150,1.756284,2.449434,-2.934733,4.049829
SELL,M15,ADXSlope5,OTHER_NONSTOP,0,0,0,0,,,,,,
SELL,M15,ATRRegime,STOP,13,13,0,0,0.852028,0.703546,1.212298,0.508752,0.509916,2.600405
SELL,M15,ATRRegime,NON-STOP,1238,1238,0,0,0.996182,0.748888,1.371371,0.622484,0.255498,13.035907
SELL,M15,ATRRegime,TARGET,1159,1159,0,0,0.998597,0.747851,1.375878,0.628027,0.255498,13.035907
SELL,M15,ATRRegime,BE,79,79,0,0,0.988506,0.765306,1.361382,0.596076,0.367210,3.180289
SELL,M15,ATRRegime,OTHER_NONSTOP,0,0,0,0,,,,,,
SELL,M15,EMA20Slope5ATR,STOP,13,13,0,0,-0.003866,-0.073824,0.065597,0.139421,-0.130324,0.132843
SELL,M15,EMA20Slope5ATR,NON-STOP,1238,1238,0,0,0.025516,-0.058323,0.103325,0.161648,-0.655502,0.651185
SELL,M15,EMA20Slope5ATR,TARGET,1159,1159,0,0,0.024037,-0.057604,0.103232,0.160837,-0.655502,0.651185
SELL,M15,EMA20Slope5ATR,BE,79,79,0,0,0.036500,-0.075021,0.103772,0.178793,-0.418170,0.253407
SELL,M15,EMA20Slope5ATR,OTHER_NONSTOP,0,0,0,0,,,,,,
SELL,M15,EMA50Slope5ATR,STOP,13,13,0,0,-0.027309,-0.064589,0.013172,0.077761,-0.149553,0.212696
SELL,M15,EMA50Slope5ATR,NON-STOP,1238,1238,0,0,0.008530,-0.049191,0.066519,0.115710,-0.499922,0.404151
SELL,M15,EMA50Slope5ATR,TARGET,1159,1159,0,0,0.008279,-0.048862,0.066098,0.114960,-0.499922,0.404151
SELL,M15,EMA50Slope5ATR,BE,79,79,0,0,0.015745,-0.063496,0.072750,0.136246,-0.316727,0.276271
SELL,M15,EMA50Slope5ATR,OTHER_NONSTOP,0,0,0,0,,,,,,
SELL,M15,EMA200Slope5ATR,STOP,13,13,0,0,-0.009552,-0.035368,0.023172,0.058540,-0.080437,0.102934
SELL,M15,EMA200Slope5ATR,NON-STOP,1238,1238,0,0,-0.000002,-0.031577,0.030086,0.061662,-0.247881,0.213322
SELL,M15,EMA200Slope5ATR,TARGET,1159,1159,0,0,-0.000040,-0.031616,0.029536,0.061152,-0.247881,0.213322
SELL,M15,EMA200Slope5ATR,BE,79,79,0,0,0.002819,-0.029090,0.039088,0.068178,-0.146688,0.135130
SELL,M15,EMA200Slope5ATR,OTHER_NONSTOP,0,0,0,0,,,,,,
SELL,M15,EMAGap2050ATR,STOP,13,13,0,0,-0.314340,-1.373082,0.589224,1.962306,-2.576176,3.779442
SELL,M15,EMAGap2050ATR,NON-STOP,1238,1238,0,0,0.073174,-0.720830,0.866100,1.586930,-7.808839,6.832717
SELL,M15,EMAGap2050ATR,TARGET,1159,1159,0,0,0.071531,-0.720116,0.869148,1.589264,-7.808839,6.832717
SELL,M15,EMAGap2050ATR,BE,79,79,0,0,0.183515,-0.719693,0.835746,1.555438,-3.907266,5.566912
SELL,M15,EMAGap2050ATR,OTHER_NONSTOP,0,0,0,0,,,,,,
SELL,M15,EMAGap50200ATR,STOP,13,13,0,0,0.238992,-1.970752,1.346960,3.317712,-5.998773,5.234655
SELL,M15,EMAGap50200ATR,NON-STOP,1238,1238,0,0,-0.269959,-2.019493,1.724692,3.744185,-18.235509,16.436834
SELL,M15,EMAGap50200ATR,TARGET,1159,1159,0,0,-0.254239,-2.034508,1.694896,3.729404,-18.235509,16.436834
SELL,M15,EMAGap50200ATR,BE,79,79,0,0,-0.331630,-1.932482,2.794161,4.726643,-10.681442,9.978584
SELL,M15,EMAGap50200ATR,OTHER_NONSTOP,0,0,0,0,,,,,,
SELL,M15,EMACompressionATR,STOP,13,13,0,0,2.559173,1.524059,4.319167,2.795108,0.352544,9.014097
SELL,M15,EMACompressionATR,NON-STOP,1238,1238,0,0,2.769740,1.367223,5.117390,3.750166,0.068136,24.548748
SELL,M15,EMACompressionATR,TARGET,1159,1159,0,0,2.737056,1.353392,5.006360,3.652968,0.068136,24.548748
SELL,M15,EMACompressionATR,BE,79,79,0,0,3.288055,1.652274,6.066214,4.413940,0.170502,13.351730
SELL,M15,EMACompressionATR,OTHER_NONSTOP,0,0,0,0,,,,,,
SELL,M30,RSI,STOP,13,13,0,0,47.919964,44.313821,52.673010,8.359189,36.716383,64.346826
SELL,M30,RSI,NON-STOP,1238,1238,0,0,52.900390,44.626152,60.390201,15.764049,16.245898,88.679887
SELL,M30,RSI,TARGET,1159,1159,0,0,53.035761,44.703282,60.397108,15.693825,16.245898,88.679887
SELL,M30,RSI,BE,79,79,0,0,51.236848,42.870599,60.315912,17.445314,22.817440,81.150702
SELL,M30,RSI,OTHER_NONSTOP,0,0,0,0,,,,,,
SELL,M30,ADX,STOP,13,13,0,0,22.941341,20.213823,40.889022,20.675199,18.893182,48.258034
SELL,M30,ADX,NON-STOP,1238,1238,0,0,26.210896,20.784442,34.770588,13.986146,10.369214,77.443452
SELL,M30,ADX,TARGET,1159,1159,0,0,26.212009,20.820127,34.818366,13.998238,10.369214,77.443452
SELL,M30,ADX,BE,79,79,0,0,26.118162,19.999161,33.990880,13.991720,13.441856,53.677747
SELL,M30,ADX,OTHER_NONSTOP,0,0,0,0,,,,,,
SELL,M30,DIPlus,STOP,13,13,0,0,18.876944,15.350224,20.284960,4.934736,6.807719,28.296062
SELL,M30,DIPlus,NON-STOP,1238,1238,0,0,18.833819,13.834220,24.271881,10.437662,1.762622,43.848126
SELL,M30,DIPlus,TARGET,1159,1159,0,0,18.936110,13.829607,24.281511,10.451904,1.762622,43.848126
SELL,M30,DIPlus,BE,79,79,0,0,18.487903,13.990914,24.124206,10.133292,5.232748,37.960810
SELL,M30,DIPlus,OTHER_NONSTOP,0,0,0,0,,,,,,
SELL,M30,DIMinus,STOP,13,13,0,0,17.517221,12.802712,21.205687,8.402975,10.781122,29.558721
SELL,M30,DIMinus,NON-STOP,1238,1238,0,0,16.900812,12.250895,21.700576,9.449681,2.060309,44.834172
SELL,M30,DIMinus,TARGET,1159,1159,0,0,16.900849,12.222251,21.671976,9.449724,2.060309,41.657494
SELL,M30,DIMinus,BE,79,79,0,0,16.513526,12.743105,22.156104,9.413000,5.678809,44.834172
SELL,M30,DIMinus,OTHER_NONSTOP,0,0,0,0,,,,,,
SELL,M30,DIGap,STOP,13,13,0,0,7.467176,2.328743,8.827342,6.498599,0.686887,17.514940
SELL,M30,DIGap,NON-STOP,1238,1238,0,0,8.736735,4.279108,15.372832,11.093723,0.023166,40.234389
SELL,M30,DIGap,TARGET,1159,1159,0,0,8.704486,4.292436,15.335346,11.042910,0.031413,40.234389
SELL,M30,DIGap,BE,79,79,0,0,10.445396,4.143130,17.402126,13.258996,0.023166,36.835466
SELL,M30,DIGap,OTHER_NONSTOP,0,0,0,0,,,,,,
SELL,M30,ATR,STOP,13,13,0,0,3.780000,2.390000,11.870000,9.480000,0.870000,99.450000
SELL,M30,ATR,NON-STOP,1238,1238,0,0,2.750000,1.762500,4.360000,2.597500,0.520000,97.360000
SELL,M30,ATR,TARGET,1159,1159,0,0,2.780000,1.800000,4.445000,2.645000,0.520000,97.360000
SELL,M30,ATR,BE,79,79,0,0,2.030000,1.240000,3.255000,2.015000,0.580000,19.100000
SELL,M30,ATR,OTHER_NONSTOP,0,0,0,0,,,,,,
SELL,M30,CCI,STOP,13,13,0,0,-18.164243,-72.677751,51.546387,124.224138,-162.207504,127.181882
SELL,M30,CCI,NON-STOP,1238,1238,0,0,27.643786,-61.003270,106.948049,167.951320,-341.929394,328.016922
SELL,M30,CCI,TARGET,1159,1159,0,0,28.095925,-61.218616,107.332154,168.550770,-341.929394,328.016922
SELL,M30,CCI,BE,79,79,0,0,20.408808,-56.953865,100.611853,157.565718,-254.886384,238.103098
SELL,M30,CCI,OTHER_NONSTOP,0,0,0,0,,,,,,
SELL,M30,EMA20,STOP,13,13,0,0,1922.280000,1737.850000,4054.040000,2316.190000,1225.480000,4675.810000
SELL,M30,EMA20,NON-STOP,1238,1238,0,0,1753.785000,1297.220000,2047.402500,750.182500,1065.090000,5170.190000
SELL,M30,EMA20,TARGET,1159,1159,0,0,1761.470000,1301.990000,2157.635000,855.645000,1065.090000,5170.190000
SELL,M30,EMA20,BE,79,79,0,0,1322.880000,1256.620000,1832.260000,575.640000,1138.630000,4728.820000
SELL,M30,EMA20,OTHER_NONSTOP,0,0,0,0,,,,,,
SELL,M30,EMA50,STOP,13,13,0,0,1922.080000,1739.210000,4038.830000,2299.620000,1222.520000,4851.170000
SELL,M30,EMA50,NON-STOP,1238,1238,0,0,1752.200000,1297.842500,2046.742500,748.900000,1061.970000,5266.270000
SELL,M30,EMA50,TARGET,1159,1159,0,0,1759.890000,1302.260000,2157.855000,855.595000,1061.970000,5266.270000
SELL,M30,EMA50,BE,79,79,0,0,1321.490000,1257.095000,1830.860000,573.765000,1136.450000,4758.100000
SELL,M30,EMA50,OTHER_NONSTOP,0,0,0,0,,,,,,
SELL,M30,EMA100,STOP,13,13,0,0,1920.830000,1739.560000,4027.870000,2288.310000,1220.690000,5008.790000
SELL,M30,EMA100,NON-STOP,1238,1238,0,0,1751.180000,1297.015000,2049.872500,752.857500,1061.150000,5287.850000
SELL,M30,EMA100,TARGET,1159,1159,0,0,1762.160000,1301.810000,2159.495000,857.685000,1061.150000,5287.850000
SELL,M30,EMA100,BE,79,79,0,0,1320.950000,1256.560000,1829.550000,572.990000,1134.900000,4777.670000
SELL,M30,EMA100,OTHER_NONSTOP,0,0,0,0,,,,,,
SELL,M30,EMA200,STOP,13,13,0,0,1919.920000,1738.660000,4028.010000,2289.350000,1220.210000,5082.220000
SELL,M30,EMA200,NON-STOP,1238,1238,0,0,1752.525000,1296.395000,2054.972500,758.577500,1062.660000,5220.570000
SELL,M30,EMA200,TARGET,1159,1159,0,0,1760.720000,1301.200000,2160.375000,859.175000,1062.660000,5220.570000
SELL,M30,EMA200,BE,79,79,0,0,1323.750000,1256.385000,1830.360000,573.975000,1136.240000,4786.160000
SELL,M30,EMA200,OTHER_NONSTOP,0,0,0,0,,,,,,
SELL,M30,EMA200DistATR,STOP,13,13,0,0,-0.135248,-1.716918,0.707743,2.424661,-4.394039,5.546500
SELL,M30,EMA200DistATR,NON-STOP,1238,1238,0,0,0.252456,-1.736584,2.236084,3.972668,-19.711470,18.452992
SELL,M30,EMA200DistATR,TARGET,1159,1159,0,0,0.238082,-1.738241,2.203832,3.942072,-19.711470,18.452992
SELL,M30,EMA200DistATR,BE,79,79,0,0,0.658673,-1.625386,2.796318,4.421704,-11.930853,14.186811
SELL,M30,EMA200DistATR,OTHER_NONSTOP,0,0,0,0,,,,,,
SELL,M30,RSISlope5,STOP,13,13,0,0,-0.215385,-0.778691,1.281565,2.060256,-3.182895,2.840957
SELL,M30,RSISlope5,NON-STOP,1238,1238,0,0,0.499878,-0.632256,1.713097,2.345352,-5.493492,8.349014
SELL,M30,RSISlope5,TARGET,1159,1159,0,0,0.514327,-0.625762,1.714540,2.340302,-5.493492,8.349014
SELL,M30,RSISlope5,BE,79,79,0,0,0.135699,-0.838950,1.537126,2.376076,-3.307904,7.924333
SELL,M30,RSISlope5,OTHER_NONSTOP,0,0,0,0,,,,,,
SELL,M30,CCISlope5,STOP,13,13,0,0,-3.286041,-29.538597,13.081438,42.620035,-56.627875,37.073892
SELL,M30,CCISlope5,NON-STOP,1238,1238,0,0,5.571398,-13.089413,22.249225,35.338638,-75.556378,104.120965
SELL,M30,CCISlope5,TARGET,1159,1159,0,0,5.819294,-12.874388,22.415982,35.290370,-75.556378,104.120965
SELL,M30,CCISlope5,BE,79,79,0,0,-0.517680,-15.517311,21.994206,37.511516,-49.084071,68.312581
SELL,M30,CCISlope5,OTHER_NONSTOP,0,0,0,0,,,,,,
SELL,M30,ADXSlope5,STOP,13,13,0,0,-1.448033,-1.752363,-0.125894,1.626469,-3.402931,1.900553
SELL,M30,ADXSlope5,NON-STOP,1238,1238,0,0,-0.273612,-1.138191,1.078857,2.217048,-5.536721,4.639761
SELL,M30,ADXSlope5,TARGET,1159,1159,0,0,-0.222156,-1.136304,1.079878,2.216182,-5.536721,4.639761
SELL,M30,ADXSlope5,BE,79,79,0,0,-0.525273,-1.323756,1.025501,2.349258,-5.067721,3.867868
SELL,M30,ADXSlope5,OTHER_NONSTOP,0,0,0,0,,,,,,
SELL,M30,ATRRegime,STOP,13,13,0,0,1.090207,0.742272,1.641770,0.899498,0.375372,2.843716
SELL,M30,ATRRegime,NON-STOP,1238,1238,0,0,1.021152,0.678267,1.466590,0.788323,0.220732,9.457491
SELL,M30,ATRRegime,TARGET,1159,1159,0,0,1.028750,0.682850,1.468266,0.785416,0.220732,9.457491
SELL,M30,ATRRegime,BE,79,79,0,0,0.879125,0.578714,1.361842,0.783127,0.316204,2.832544
SELL,M30,ATRRegime,OTHER_NONSTOP,0,0,0,0,,,,,,
SELL,M30,EMA20Slope5ATR,STOP,13,13,0,0,-0.048368,-0.108513,0.017341,0.125854,-0.259825,0.260565
SELL,M30,EMA20Slope5ATR,NON-STOP,1238,1238,0,0,0.004800,-0.077749,0.092229,0.169978,-0.621268,0.766374
SELL,M30,EMA20Slope5ATR,TARGET,1159,1159,0,0,0.003566,-0.075680,0.092404,0.168085,-0.621268,0.766374
SELL,M30,EMA20Slope5ATR,BE,79,79,0,0,0.015685,-0.100330,0.082048,0.182378,-0.307790,0.454501
SELL,M30,EMA20Slope5ATR,OTHER_NONSTOP,0,0,0,0,,,,,,
SELL,M30,EMA50Slope5ATR,STOP,13,13,0,0,-0.013555,-0.091830,0.063020,0.154850,-0.179398,0.181384
SELL,M30,EMA50Slope5ATR,NON-STOP,1238,1238,0,0,-0.001234,-0.061720,0.063552,0.125272,-0.544985,0.526247
SELL,M30,EMA50Slope5ATR,TARGET,1159,1159,0,0,-0.001431,-0.062084,0.063037,0.125120,-0.544985,0.526247
SELL,M30,EMA50Slope5ATR,BE,79,79,0,0,0.003193,-0.055015,0.074616,0.129632,-0.258806,0.308132
SELL,M30,EMA50Slope5ATR,OTHER_NONSTOP,0,0,0,0,,,,,,
SELL,M30,EMA200Slope5ATR,STOP,13,13,0,0,-0.003984,-0.019643,0.005738,0.025381,-0.054196,0.058656
SELL,M30,EMA200Slope5ATR,NON-STOP,1238,1238,0,0,-0.000464,-0.019540,0.017406,0.036947,-0.201570,0.185075
SELL,M30,EMA200Slope5ATR,TARGET,1159,1159,0,0,-0.000647,-0.019518,0.017026,0.036544,-0.201570,0.185075
SELL,M30,EMA200Slope5ATR,BE,79,79,0,0,0.004719,-0.019530,0.025064,0.044594,-0.125631,0.145082
SELL,M30,EMA200Slope5ATR,OTHER_NONSTOP,0,0,0,0,,,,,,
SELL,M30,EMAGap2050ATR,STOP,13,13,0,0,0.032790,-1.054048,0.528439,1.582487,-2.054697,2.078588
SELL,M30,EMAGap2050ATR,NON-STOP,1238,1238,0,0,-0.054552,-0.855862,0.864148,1.720010,-9.448758,6.724728
SELL,M30,EMAGap2050ATR,TARGET,1159,1159,0,0,-0.050880,-0.856640,0.831406,1.688046,-9.448758,6.724728
SELL,M30,EMAGap2050ATR,BE,79,79,0,0,-0.073390,-0.739852,1.270918,2.010771,-4.343925,3.940872
SELL,M30,EMAGap2050ATR,OTHER_NONSTOP,0,0,0,0,,,,,,
SELL,M30,EMAGap50200ATR,STOP,13,13,0,0,0.366658,-1.060887,0.911983,1.972870,-2.373969,1.943496
SELL,M30,EMAGap50200ATR,NON-STOP,1238,1238,0,0,-0.034296,-1.030964,0.973624,2.004588,-9.120966,10.739106
SELL,M30,EMAGap50200ATR,TARGET,1159,1159,0,0,-0.049100,-1.055158,0.942530,1.997688,-9.120966,10.739106
SELL,M30,EMAGap50200ATR,BE,79,79,0,0,0.160898,-0.620444,1.346430,1.966873,-6.412829,9.397036
SELL,M30,EMAGap50200ATR,OTHER_NONSTOP,0,0,0,0,,,,,,
SELL,M30,EMACompressionATR,STOP,13,13,0,0,1.911695,1.347359,2.373969,1.026610,0.399448,4.086625
SELL,M30,EMACompressionATR,NON-STOP,1238,1238,0,0,1.841749,1.093586,3.302862,2.209276,0.086330,16.796758
SELL,M30,EMACompressionATR,TARGET,1159,1159,0,0,1.819967,1.091037,3.294300,2.203263,0.086330,16.796758
SELL,M30,EMACompressionATR,BE,79,79,0,0,2.244506,1.175308,3.648060,2.472752,0.315048,12.554681
SELL,M30,EMACompressionATR,OTHER_NONSTOP,0,0,0,0,,,,,,
SELL,H1,RSI,STOP,13,13,0,0,47.909549,36.558547,56.469377,19.910830,31.434368,67.940570
SELL,H1,RSI,NON-STOP,1238,1238,0,0,50.414702,42.108165,59.031512,16.923347,10.852422,84.000125
SELL,H1,RSI,TARGET,1159,1159,0,0,50.387567,42.171615,58.997134,16.825519,10.852422,84.000125
SELL,H1,RSI,BE,79,79,0,0,52.051912,41.610646,60.534794,18.924148,21.536809,77.881401
SELL,H1,RSI,OTHER_NONSTOP,0,0,0,0,,,,,,
SELL,H1,ADX,STOP,13,13,0,0,25.756238,16.925448,34.714915,17.789467,13.649397,62.060454
SELL,H1,ADX,NON-STOP,1238,1238,0,0,26.453072,20.539781,35.032436,14.492655,10.547416,74.563539
SELL,H1,ADX,TARGET,1159,1159,0,0,26.613643,20.597974,35.086389,14.488415,10.547416,74.563539
SELL,H1,ADX,BE,79,79,0,0,24.268166,19.321980,31.741176,12.419197,11.885695,62.232886
SELL,H1,ADX,OTHER_NONSTOP,0,0,0,0,,,,,,
SELL,H1,DIPlus,STOP,13,13,0,0,16.744405,12.300846,21.882141,9.581295,5.315155,27.831314
SELL,H1,DIPlus,NON-STOP,1238,1238,0,0,17.654596,12.980147,23.190892,10.210746,2.118102,46.817754
SELL,H1,DIPlus,TARGET,1159,1159,0,0,17.630805,12.984384,23.097869,10.113484,2.118102,46.817754
SELL,H1,DIPlus,BE,79,79,0,0,18.408141,12.971024,23.638824,10.667800,5.617683,34.119604
SELL,H1,DIPlus,OTHER_NONSTOP,0,0,0,0,,,,,,
SELL,H1,DIMinus,STOP,13,13,0,0,18.406469,16.173678,21.765958,5.592280,12.229531,34.089277
SELL,H1,DIMinus,NON-STOP,1238,1238,0,0,17.572264,12.807407,22.597791,9.790384,3.713249,44.669728
SELL,H1,DIMinus,TARGET,1159,1159,0,0,17.524519,12.779057,22.595100,9.816043,3.713249,44.669728
SELL,H1,DIMinus,BE,79,79,0,0,18.205765,13.702663,22.544470,8.841807,4.945049,40.023650
SELL,H1,DIMinus,OTHER_NONSTOP,0,0,0,0,,,,,,
SELL,H1,DIGap,STOP,13,13,0,0,5.921491,3.475672,15.601783,12.126111,0.570726,25.207968
SELL,H1,DIGap,NON-STOP,1238,1238,0,0,9.104288,4.163639,14.952502,10.788862,0.017139,41.877662
SELL,H1,DIGap,TARGET,1159,1159,0,0,9.085867,4.131699,14.977540,10.845842,0.017139,41.877662
SELL,H1,DIGap,BE,79,79,0,0,9.821671,4.796778,14.246596,9.449818,0.230084,31.855619
SELL,H1,DIGap,OTHER_NONSTOP,0,0,0,0,,,,,,
SELL,H1,ATR,STOP,13,13,0,0,5.890000,2.980000,14.700000,11.720000,1.410000,154.040000
SELL,H1,ATR,NON-STOP,1238,1238,0,0,3.930000,2.572500,6.480000,3.907500,0.620000,127.710000
SELL,H1,ATR,TARGET,1159,1159,0,0,4.010000,2.615000,6.625000,4.010000,0.620000,127.710000
SELL,H1,ATR,BE,79,79,0,0,2.930000,2.025000,4.395000,2.370000,0.960000,33.700000
SELL,H1,ATR,OTHER_NONSTOP,0,0,0,0,,,,,,
SELL,H1,CCI,STOP,13,13,0,0,-57.623303,-88.379392,20.065416,108.444808,-257.775621,186.228877
SELL,H1,CCI,NON-STOP,1238,1238,0,0,10.051432,-74.249806,88.036530,162.286336,-412.652605,360.362622
SELL,H1,CCI,TARGET,1159,1159,0,0,10.037537,-74.903216,87.743507,162.646723,-412.652605,360.362622
SELL,H1,CCI,BE,79,79,0,0,11.375885,-66.634236,90.244432,156.878668,-333.900359,276.584741
SELL,H1,CCI,OTHER_NONSTOP,0,0,0,0,,,,,,
SELL,H1,EMA20,STOP,13,13,0,0,1922.210000,1738.870000,4043.280000,2304.410000,1223.290000,4803.270000
SELL,H1,EMA20,NON-STOP,1238,1238,0,0,1752.800000,1297.780000,2045.207500,747.427500,1062.900000,5244.650000
SELL,H1,EMA20,TARGET,1159,1159,0,0,1759.980000,1302.120000,2157.815000,855.695000,1062.900000,5244.650000
SELL,H1,EMA20,BE,79,79,0,0,1321.900000,1256.945000,1830.985000,574.040000,1137.050000,4749.960000
SELL,H1,EMA20,OTHER_NONSTOP,0,0,0,0,,,,,,
SELL,H1,EMA50,STOP,13,13,0,0,1920.740000,1739.510000,4028.070000,2288.560000,1220.790000,5013.650000
SELL,H1,EMA50,NON-STOP,1238,1238,0,0,1751.060000,1297.010000,2049.715000,752.705000,1061.270000,5287.910000
SELL,H1,EMA50,TARGET,1159,1159,0,0,1762.180000,1301.905000,2159.550000,857.645000,1061.270000,5287.910000
SELL,H1,EMA50,BE,79,79,0,0,1320.970000,1256.565000,1829.405000,572.840000,1134.850000,4777.180000
SELL,H1,EMA50,OTHER_NONSTOP,0,0,0,0,,,,,,
SELL,H1,EMA100,STOP,13,13,0,0,1919.870000,1738.660000,4028.130000,2289.470000,1220.280000,5085.620000
SELL,H1,EMA100,NON-STOP,1238,1238,0,0,1752.530000,1296.350000,2054.885000,758.535000,1062.720000,5221.270000
SELL,H1,EMA100,TARGET,1159,1159,0,0,1760.750000,1301.200000,2160.375000,859.175000,1062.720000,5221.270000
SELL,H1,EMA100,BE,79,79,0,0,1323.760000,1256.400000,1830.275000,573.875000,1136.180000,4785.980000
SELL,H1,EMA100,OTHER_NONSTOP,0,0,0,0,,,,,,
SELL,H1,EMA200,STOP,13,13,0,0,1920.700000,1735.310000,4044.700000,2309.390000,1224.290000,5027.380000
SELL,H1,EMA200,NON-STOP,1238,1238,0,0,1751.350000,1297.680000,2053.800000,756.120000,1067.630000,5179.530000
SELL,H1,EMA200,TARGET,1159,1159,0,0,1757.370000,1299.880000,2147.715000,847.835000,1067.630000,5179.530000
SELL,H1,EMA200,BE,79,79,0,0,1320.030000,1259.135000,1833.445000,574.310000,1144.340000,4772.470000
SELL,H1,EMA200,OTHER_NONSTOP,0,0,0,0,,,,,,
SELL,H1,EMA200DistATR,STOP,13,13,0,0,0.227992,-1.773934,0.780817,2.554751,-2.929946,2.019142
SELL,H1,EMA200DistATR,NON-STOP,1238,1238,0,0,0.262678,-1.207315,1.863766,3.071081,-11.545568,10.728102
SELL,H1,EMA200DistATR,TARGET,1159,1159,0,0,0.227098,-1.210100,1.863295,3.073396,-11.545568,10.728102
SELL,H1,EMA200DistATR,BE,79,79,0,0,0.492152,-1.080896,1.900642,2.981539,-4.940732,6.519771
SELL,H1,EMA200DistATR,OTHER_NONSTOP,0,0,0,0,,,,,,
SELL,H1,RSISlope5,STOP,13,13,0,0,-0.021700,-1.516985,0.809364,2.326349,-4.109475,1.374118
SELL,H1,RSISlope5,NON-STOP,1238,1238,0,0,0.170204,-0.955080,1.414173,2.369254,-6.071197,6.674372
SELL,H1,RSISlope5,TARGET,1159,1159,0,0,0.170061,-0.952792,1.421604,2.374396,-6.071197,6.674372
SELL,H1,RSISlope5,BE,79,79,0,0,0.187380,-1.001770,1.250727,2.252496,-4.294805,5.550071
SELL,H1,RSISlope5,OTHER_NONSTOP,0,0,0,0,,,,,,
SELL,H1,CCISlope5,STOP,13,13,0,0,-0.496313,-33.218979,9.703799,42.922778,-51.327992,30.926786
SELL,H1,CCISlope5,NON-STOP,1238,1238,0,0,1.438053,-15.702962,17.633324,33.336286,-70.788067,96.087417
SELL,H1,CCISlope5,TARGET,1159,1159,0,0,1.578467,-15.657962,17.571513,33.229474,-70.788067,96.087417
SELL,H1,CCISlope5,BE,79,79,0,0,-1.209468,-15.071779,19.358026,34.429805,-51.548522,79.539134
SELL,H1,CCISlope5,OTHER_NONSTOP,0,0,0,0,,,,,,
SELL,H1,ADXSlope5,STOP,13,13,0,0,0.199543,-0.931236,1.199937,2.131173,-1.961502,3.025010
SELL,H1,ADXSlope5,NON-STOP,1238,1238,0,0,-0.217930,-1.239647,1.054244,2.293892,-5.633082,4.984540
SELL,H1,ADXSlope5,TARGET,1159,1159,0,0,-0.206929,-1.240409,1.074784,2.315194,-5.633082,4.984540
SELL,H1,ADXSlope5,BE,79,79,0,0,-0.392070,-1.194198,0.649798,1.843996,-3.683187,4.584114
SELL,H1,ADXSlope5,OTHER_NONSTOP,0,0,0,0,,,,,,
SELL,H1,ATRRegime,STOP,13,13,0,0,1.017653,0.853766,1.530975,0.677209,0.540886,2.099118
SELL,H1,ATRRegime,NON-STOP,1238,1238,0,0,1.047412,0.721008,1.443621,0.722613,0.149042,4.977568
SELL,H1,ATRRegime,TARGET,1159,1159,0,0,1.055799,0.720606,1.445509,0.724903,0.149042,4.977568
SELL,H1,ATRRegime,BE,79,79,0,0,0.995566,0.723774,1.385316,0.661542,0.279661,2.333888
SELL,H1,ATRRegime,OTHER_NONSTOP,0,0,0,0,,,,,,
SELL,H1,EMA20Slope5ATR,STOP,13,13,0,0,-0.032877,-0.102080,0.075476,0.177556,-0.274956,0.273680
SELL,H1,EMA20Slope5ATR,NON-STOP,1238,1238,0,0,0.001830,-0.089722,0.097304,0.187025,-0.565856,0.662725
SELL,H1,EMA20Slope5ATR,TARGET,1159,1159,0,0,0.001733,-0.090792,0.097426,0.188217,-0.565856,0.662725
SELL,H1,EMA20Slope5ATR,BE,79,79,0,0,0.003394,-0.078066,0.094322,0.172387,-0.424708,0.397661
SELL,H1,EMA20Slope5ATR,OTHER_NONSTOP,0,0,0,0,,,,,,
SELL,H1,EMA50Slope5ATR,STOP,13,13,0,0,0.009767,-0.083060,0.030221,0.113281,-0.122383,0.132123
SELL,H1,EMA50Slope5ATR,NON-STOP,1238,1238,0,0,-0.005387,-0.057101,0.055497,0.112598,-0.315897,0.397629
SELL,H1,EMA50Slope5ATR,TARGET,1159,1159,0,0,-0.005066,-0.057580,0.054648,0.112227,-0.315897,0.397629
SELL,H1,EMA50Slope5ATR,BE,79,79,0,0,-0.014837,-0.051770,0.070142,0.121912,-0.260940,0.246937
SELL,H1,EMA50Slope5ATR,OTHER_NONSTOP,0,0,0,0,,,,,,
SELL,H1,EMA200Slope5ATR,STOP,13,13,0,0,0.000808,-0.019603,0.009764,0.029367,-0.031848,0.018758
SELL,H1,EMA200Slope5ATR,NON-STOP,1238,1238,0,0,0.002218,-0.012148,0.015775,0.027924,-0.122266,0.110022
SELL,H1,EMA200Slope5ATR,TARGET,1159,1159,0,0,0.002061,-0.012130,0.015622,0.027752,-0.122266,0.110022
SELL,H1,EMA200Slope5ATR,BE,79,79,0,0,0.005070,-0.011039,0.018780,0.029820,-0.054286,0.066383
SELL,H1,EMA200Slope5ATR,OTHER_NONSTOP,0,0,0,0,,,,,,
SELL,H1,EMAGap2050ATR,STOP,13,13,0,0,0.011155,-0.648483,0.768714,1.417197,-1.365743,1.213618
SELL,H1,EMAGap2050ATR,NON-STOP,1238,1238,0,0,-0.088512,-0.653622,0.512698,1.166320,-4.465859,5.429524
SELL,H1,EMAGap2050ATR,TARGET,1159,1159,0,0,-0.089522,-0.652739,0.491499,1.144238,-4.465859,5.429524
SELL,H1,EMAGap2050ATR,BE,79,79,0,0,-0.056196,-0.685509,0.681554,1.367062,-2.819107,4.004633
SELL,H1,EMAGap2050ATR,OTHER_NONSTOP,0,0,0,0,,,,,,
SELL,H1,EMAGap50200ATR,STOP,13,13,0,0,-0.089167,-1.213726,1.338955,2.552681,-3.637818,3.714933
SELL,H1,EMAGap50200ATR,NON-STOP,1238,1238,0,0,0.095017,-0.820654,1.488886,2.309540,-12.498564,9.963818
SELL,H1,EMAGap50200ATR,TARGET,1159,1159,0,0,0.093007,-0.813683,1.427884,2.241566,-12.498564,9.963818
SELL,H1,EMAGap50200ATR,BE,79,79,0,0,0.215948,-0.998096,2.136315,3.134410,-6.450994,6.005547
SELL,H1,EMAGap50200ATR,OTHER_NONSTOP,0,0,0,0,,,,,,
SELL,H1,EMACompressionATR,STOP,13,13,0,0,1.519206,1.338955,2.613793,1.274838,0.460210,3.714933
SELL,H1,EMACompressionATR,NON-STOP,1238,1238,0,0,1.890044,1.017725,3.091811,2.074086,0.018050,12.498564
SELL,H1,EMACompressionATR,TARGET,1159,1159,0,0,1.875415,1.015324,3.059316,2.043992,0.018050,12.498564
SELL,H1,EMACompressionATR,BE,79,79,0,0,2.271483,1.184808,3.428951,2.244142,0.114168,6.450994
SELL,H1,EMACompressionATR,OTHER_NONSTOP,0,0,0,0,,,,,,
SELL,H4,RSI,STOP,13,13,0,0,49.963870,42.568526,55.347125,12.778599,27.233942,65.824414
SELL,H4,RSI,NON-STOP,1238,1225,13,0,49.656170,44.407719,55.166560,10.758841,16.590780,77.603782
SELL,H4,RSI,TARGET,1159,1146,13,0,49.524714,44.452629,55.056254,10.603625,16.590780,74.389250
SELL,H4,RSI,BE,79,79,0,0,50.497417,43.436899,57.023466,13.586567,19.443533,77.603782
SELL,H4,RSI,OTHER_NONSTOP,0,0,0,0,,,,,,
SELL,H4,ADX,STOP,13,13,0,0,23.053670,19.172256,26.712299,7.540043,12.808903,40.819850
SELL,H4,ADX,NON-STOP,1238,1225,13,0,25.823789,20.407883,32.825851,12.417968,10.132997,70.687280
SELL,H4,ADX,TARGET,1159,1146,13,0,25.705596,20.313697,32.517056,12.203358,10.132997,70.687280
SELL,H4,ADX,BE,79,79,0,0,27.020060,21.531938,34.996542,13.464604,12.648604,59.103953
SELL,H4,ADX,OTHER_NONSTOP,0,0,0,0,,,,,,
SELL,H4,DIPlus,STOP,13,13,0,0,16.910896,10.599679,18.920368,8.320689,7.375715,29.153799
SELL,H4,DIPlus,NON-STOP,1238,1225,13,0,17.538322,13.191438,22.155833,8.964395,1.406152,40.944128
SELL,H4,DIPlus,TARGET,1159,1146,13,0,17.567772,13.314721,22.181034,8.866313,1.406152,39.157294
SELL,H4,DIPlus,BE,79,79,0,0,16.764024,11.147904,21.501149,10.353246,7.676887,40.944128
SELL,H4,DIPlus,OTHER_NONSTOP,0,0,0,0,,,,,,
SELL,H4,DIMinus,STOP,13,13,0,0,16.692870,14.903552,23.769417,8.865865,11.624527,34.223754
SELL,H4,DIMinus,NON-STOP,1238,1225,13,0,18.208238,13.854951,23.357656,9.502705,4.035302,44.895688
SELL,H4,DIMinus,TARGET,1159,1146,13,0,18.204134,13.880814,23.337066,9.456252,4.035302,44.895688
SELL,H4,DIMinus,BE,79,79,0,0,18.446111,13.066508,23.659220,10.592712,6.183436,38.025133
SELL,H4,DIMinus,OTHER_NONSTOP,0,0,0,0,,,,,,
SELL,H4,DIGap,STOP,13,13,0,0,7.102902,3.309744,14.250247,10.940503,1.186001,26.236314
SELL,H4,DIGap,NON-STOP,1238,1225,13,0,8.827506,4.200352,14.796857,10.596505,0.007116,41.800235
SELL,H4,DIGap,TARGET,1159,1146,13,0,8.790480,4.183222,14.746042,10.562820,0.007116,41.800235
SELL,H4,DIGap,BE,79,79,0,0,9.292303,4.580969,16.323991,11.743022,0.235082,32.897846
SELL,H4,DIGap,OTHER_NONSTOP,0,0,0,0,,,,,,
SELL,H4,ATR,STOP,13,13,0,0,11.480000,5.640000,30.550000,24.910000,4.210000,234.740000
SELL,H4,ATR,NON-STOP,1238,1225,13,0,7.430000,5.120000,11.750000,6.630000,1.120000,208.030000
SELL,H4,ATR,TARGET,1159,1146,13,0,7.555000,5.205000,11.910000,6.705000,1.120000,208.030000
SELL,H4,ATR,BE,79,79,0,0,5.590000,4.175000,8.610000,4.435000,2.220000,50.250000
SELL,H4,ATR,OTHER_NONSTOP,0,0,0,0,,,,,,
SELL,H4,CCI,STOP,13,13,0,0,41.295037,-107.696776,113.533205,221.229981,-141.227825,243.145283
SELL,H4,CCI,NON-STOP,1238,1225,13,0,-14.457497,-88.357172,80.849148,169.206320,-386.545826,372.676789
SELL,H4,CCI,TARGET,1159,1146,13,0,-15.236903,-88.538359,80.833000,169.371360,-386.545826,372.676789
SELL,H4,CCI,BE,79,79,0,0,-7.689297,-81.707334,81.965771,163.673104,-269.414766,242.927463
SELL,H4,CCI,OTHER_NONSTOP,0,0,0,0,,,,,,
SELL,H4,EMA20,STOP,13,13,0,0,1921.170000,1739.230000,4028.070000,2288.840000,1219.420000,5037.410000
SELL,H4,EMA20,NON-STOP,1238,1225,13,0,1757.760000,1299.250000,2158.360000,859.110000,1061.030000,5260.490000
SELL,H4,EMA20,TARGET,1159,1146,13,0,1773.125000,1309.795000,2163.010000,853.215000,1061.030000,5260.490000
SELL,H4,EMA20,BE,79,79,0,0,1321.320000,1256.465000,1829.680000,573.215000,1134.330000,4784.730000
SELL,H4,EMA20,OTHER_NONSTOP,0,0,0,0,,,,,,
SELL,H4,EMA50,STOP,13,13,0,0,1920.990000,1736.610000,4043.220000,2306.610000,1221.910000,5024.920000
SELL,H4,EMA50,NON-STOP,1238,1225,13,0,1756.100000,1298.570000,2141.700000,843.130000,1065.540000,5188.480000
SELL,H4,EMA50,TARGET,1159,1146,13,0,1765.325000,1307.522500,2153.050000,845.527500,1065.540000,5188.480000
SELL,H4,EMA50,BE,79,79,0,0,1321.080000,1258.490000,1831.730000,573.240000,1138.570000,4775.160000
SELL,H4,EMA50,OTHER_NONSTOP,0,0,0,0,,,,,,
SELL,H4,EMA100,STOP,13,13,0,0,1926.520000,1733.950000,4078.550000,2344.600000,1229.940000,4886.630000
SELL,H4,EMA100,NON-STOP,1238,1225,13,0,1760.680000,1301.840000,2107.350000,805.510000,1075.180000,5124.860000
SELL,H4,EMA100,TARGET,1159,1146,13,0,1762.580000,1305.262500,2126.920000,821.657500,1075.180000,5124.860000
SELL,H4,EMA100,BE,79,79,0,0,1322.550000,1256.365000,1841.065000,584.700000,1151.810000,4757.630000
SELL,H4,EMA100,OTHER_NONSTOP,0,0,0,0,,,,,,
SELL,H4,EMA200,STOP,13,13,0,0,1904.800000,1742.040000,4166.220000,2424.180000,1239.740000,4822.410000
SELL,H4,EMA200,NON-STOP,1238,1225,13,0,1767.160000,1300.570000,2075.480000,774.910000,1088.460000,5006.840000
SELL,H4,EMA200,TARGET,1159,1146,13,0,1771.345000,1304.430000,2092.840000,788.410000,1088.460000,5006.840000
SELL,H4,EMA200,BE,79,79,0,0,1304.080000,1249.685000,1850.135000,600.450000,1137.790000,4782.520000
SELL,H4,EMA200,OTHER_NONSTOP,0,0,0,0,,,,,,
SELL,H4,EMA200DistATR,STOP,13,13,0,0,-0.975843,-3.406056,0.691775,4.097831,-5.847065,5.546413
SELL,H4,EMA200DistATR,NON-STOP,1238,1225,13,0,0.614778,-1.828950,3.334225,5.163175,-13.411356,15.765343
SELL,H4,EMA200DistATR,TARGET,1159,1146,13,0,0.640794,-1.818742,3.356680,5.175422,-13.411356,15.765343
SELL,H4,EMA200DistATR,BE,79,79,0,0,0.279169,-2.037130,3.333694,5.370824,-12.946652,10.110374
SELL,H4,EMA200DistATR,OTHER_NONSTOP,0,0,0,0,,,,,,
SELL,H4,RSISlope5,STOP,13,13,0,0,-0.081615,-0.948627,0.895627,1.844254,-3.012492,3.379640
SELL,H4,RSISlope5,NON-STOP,1238,1225,13,0,0.029568,-1.396675,1.422630,2.819305,-7.190487,6.720319
SELL,H4,RSISlope5,TARGET,1159,1146,13,0,0.031248,-1.382224,1.422631,2.804855,-7.190487,6.720319
SELL,H4,RSISlope5,BE,79,79,0,0,-0.078762,-1.562577,1.255170,2.817748,-7.068591,6.344567
SELL,H4,RSISlope5,OTHER_NONSTOP,0,0,0,0,,,,,,
SELL,H4,CCISlope5,STOP,13,13,0,0,-0.365807,-13.319942,4.000324,17.320266,-30.306682,51.562772
SELL,H4,CCISlope5,NON-STOP,1238,1225,13,0,0.450478,-17.756164,18.594829,36.350993,-91.172393,85.401929
SELL,H4,CCISlope5,TARGET,1159,1146,13,0,0.606774,-17.926914,19.563126,37.490040,-91.172393,85.401929
SELL,H4,CCISlope5,BE,79,79,0,0,-1.368213,-16.999343,12.874799,29.874142,-62.001179,64.887037
SELL,H4,CCISlope5,OTHER_NONSTOP,0,0,0,0,,,,,,
SELL,H4,ADXSlope5,STOP,13,13,0,0,-0.250454,-0.902430,0.857429,1.759859,-2.924504,2.657040
SELL,H4,ADXSlope5,NON-STOP,1238,1225,13,0,-0.332334,-1.237720,0.763912,2.001632,-5.826402,4.438526
SELL,H4,ADXSlope5,TARGET,1159,1146,13,0,-0.343802,-1.242653,0.764917,2.007570,-5.826402,4.438526
SELL,H4,ADXSlope5,BE,79,79,0,0,-0.161951,-1.127079,0.748820,1.875900,-4.810989,3.701389
SELL,H4,ADXSlope5,OTHER_NONSTOP,0,0,0,0,,,,,,
SELL,H4,ATRRegime,STOP,13,13,0,0,0.937795,0.820702,1.080958,0.260256,0.515109,1.989856
SELL,H4,ATRRegime,NON-STOP,1238,1225,13,0,0.967127,0.725788,1.326417,0.600629,0.276975,4.056859
SELL,H4,ATRRegime,TARGET,1159,1146,13,0,0.966230,0.726532,1.318119,0.591587,0.276975,3.905961
SELL,H4,ATRRegime,BE,79,79,0,0,0.976773,0.701010,1.375510,0.674500,0.323389,4.056859
SELL,H4,ATRRegime,OTHER_NONSTOP,0,0,0,0,,,,,,
SELL,H4,EMA20Slope5ATR,STOP,13,13,0,0,-0.010993,-0.047954,0.064924,0.112878,-0.163797,0.089142
SELL,H4,EMA20Slope5ATR,NON-STOP,1238,1225,13,0,-0.008044,-0.062079,0.046135,0.108214,-0.431862,0.431404
SELL,H4,EMA20Slope5ATR,TARGET,1159,1146,13,0,-0.008364,-0.062025,0.043228,0.105253,-0.431862,0.397724
SELL,H4,EMA20Slope5ATR,BE,79,79,0,0,0.001543,-0.068958,0.075222,0.144181,-0.259484,0.431404
SELL,H4,EMA20Slope5ATR,OTHER_NONSTOP,0,0,0,0,,,,,,
SELL,H4,EMA50Slope5ATR,STOP,13,13,0,0,-0.004248,-0.028592,0.018852,0.047444,-0.068293,0.047173
SELL,H4,EMA50Slope5ATR,NON-STOP,1238,1225,13,0,0.002859,-0.025193,0.031195,0.056388,-0.188588,0.192380
SELL,H4,EMA50Slope5ATR,TARGET,1159,1146,13,0,0.001928,-0.025367,0.031394,0.056760,-0.188588,0.154321
SELL,H4,EMA50Slope5ATR,BE,79,79,0,0,0.008134,-0.013864,0.027298,0.041162,-0.118085,0.192380
SELL,H4,EMA50Slope5ATR,OTHER_NONSTOP,0,0,0,0,,,,,,
SELL,H4,EMA200Slope5ATR,STOP,13,13,0,0,-0.005272,-0.040744,0.010440,0.051184,-0.056329,0.064930
SELL,H4,EMA200Slope5ATR,NON-STOP,1238,1225,13,0,0.005795,-0.019215,0.034072,0.053287,-0.146160,0.162800
SELL,H4,EMA200Slope5ATR,TARGET,1159,1146,13,0,0.006194,-0.019127,0.033917,0.053044,-0.146160,0.162800
SELL,H4,EMA200Slope5ATR,BE,79,79,0,0,-0.002321,-0.019518,0.041164,0.060682,-0.129352,0.104097
SELL,H4,EMA200Slope5ATR,OTHER_NONSTOP,0,0,0,0,,,,,,
SELL,H4,EMAGap2050ATR,STOP,13,13,0,0,0.039384,-0.740661,0.464869,1.205530,-1.291004,1.090138
SELL,H4,EMAGap2050ATR,NON-STOP,1238,1225,13,0,0.043262,-0.327030,0.554838,0.881868,-3.575595,3.887830
SELL,H4,EMAGap2050ATR,TARGET,1159,1146,13,0,0.039256,-0.323176,0.554021,0.877198,-2.864781,3.887830
SELL,H4,EMAGap2050ATR,BE,79,79,0,0,0.062844,-0.370907,0.695314,1.066222,-3.575595,2.312854
SELL,H4,EMAGap2050ATR,OTHER_NONSTOP,0,0,0,0,,,,,,
SELL,H4,EMAGap50200ATR,STOP,13,13,0,0,-1.099244,-3.869585,1.422704,5.292289,-4.856178,6.377587
SELL,H4,EMAGap50200ATR,NON-STOP,1238,1225,13,0,0.708033,-1.871001,3.298082,5.169083,-12.968040,14.200217
SELL,H4,EMAGap50200ATR,TARGET,1159,1146,13,0,0.774204,-1.877956,3.273466,5.151422,-12.968040,14.200217
SELL,H4,EMAGap50200ATR,BE,79,79,0,0,-0.141403,-1.812159,3.477458,5.289616,-12.636415,9.428050
SELL,H4,EMAGap50200ATR,OTHER_NONSTOP,0,0,0,0,,,,,,
SELL,H4,EMACompressionATR,STOP,13,13,0,0,3.869585,1.475885,4.636772,3.160887,1.370537,6.938236
SELL,H4,EMACompressionATR,NON-STOP,1238,1225,13,0,3.043448,1.648843,5.176336,3.527493,0.075082,16.133196
SELL,H4,EMACompressionATR,TARGET,1159,1146,13,0,3.037734,1.656738,5.175549,3.518811,0.075082,16.133196
SELL,H4,EMACompressionATR,BE,79,79,0,0,3.239456,1.549326,5.323826,3.774500,0.164264,14.098212
SELL,H4,EMACompressionATR,OTHER_NONSTOP,0,0,0,0,,,,,,
POOLED_SENSITIVITY,M1,RSI,STOP,88,88,0,0,48.754630,45.378934,53.354522,7.975588,23.249235,80.813131
POOLED_SENSITIVITY,M1,RSI,NON-STOP,4776,4776,0,0,49.409778,44.334533,54.035848,9.701315,18.327944,91.246668
POOLED_SENSITIVITY,M1,RSI,TARGET,4414,4414,0,0,49.412210,44.352014,54.069516,9.717502,18.327944,91.246668
POOLED_SENSITIVITY,M1,RSI,BE,361,361,0,0,49.309447,44.128992,53.598873,9.469881,27.569147,84.948774
POOLED_SENSITIVITY,M1,RSI,OTHER_NONSTOP,1,1,0,0,53.333608,53.333608,53.333608,0.000000,53.333608,53.333608
POOLED_SENSITIVITY,M1,ADX,STOP,88,88,0,0,25.131236,19.407250,36.464214,17.056964,13.523668,60.157599
POOLED_SENSITIVITY,M1,ADX,NON-STOP,4776,4776,0,0,27.664750,21.562923,36.742952,15.180030,10.660250,81.718527
POOLED_SENSITIVITY,M1,ADX,TARGET,4414,4414,0,0,27.676040,21.623214,36.777827,15.154612,10.660250,81.718527
POOLED_SENSITIVITY,M1,ADX,BE,361,361,0,0,27.366121,20.764943,36.682108,15.917165,11.402362,76.716588
POOLED_SENSITIVITY,M1,ADX,OTHER_NONSTOP,1,1,0,0,17.304945,17.304945,17.304945,0.000000,17.304945,17.304945
POOLED_SENSITIVITY,M1,DIPlus,STOP,88,88,0,0,21.548338,17.312988,25.530304,8.217316,7.977452,37.996985
POOLED_SENSITIVITY,M1,DIPlus,NON-STOP,4776,4776,0,0,20.437150,16.630646,24.707203,8.076557,1.156581,52.964044
POOLED_SENSITIVITY,M1,DIPlus,TARGET,4414,4414,0,0,20.343431,16.539942,24.555154,8.015213,1.156581,52.964044
POOLED_SENSITIVITY,M1,DIPlus,BE,361,361,0,0,21.532802,17.917716,26.138427,8.220711,6.173927,45.726824
POOLED_SENSITIVITY,M1,DIPlus,OTHER_NONSTOP,1,1,0,0,25.470007,25.470007,25.470007,0.000000,25.470007,25.470007
POOLED_SENSITIVITY,M1,DIMinus,STOP,88,88,0,0,19.676682,16.207322,22.774108,6.566785,5.653964,38.058978
POOLED_SENSITIVITY,M1,DIMinus,NON-STOP,4776,4776,0,0,20.055124,16.508401,23.828977,7.320576,0.974258,50.795737
POOLED_SENSITIVITY,M1,DIMinus,TARGET,4414,4414,0,0,20.098659,16.528426,23.843286,7.314860,2.565902,50.795737
POOLED_SENSITIVITY,M1,DIMinus,BE,361,361,0,0,19.662178,16.244433,23.454127,7.209694,0.974258,39.682921
POOLED_SENSITIVITY,M1,DIMinus,OTHER_NONSTOP,1,1,0,0,17.009250,17.009250,17.009250,0.000000,17.009250,17.009250
POOLED_SENSITIVITY,M1,DIGap,STOP,88,88,0,0,5.467801,3.165816,10.228065,7.062249,0.206586,30.626354
POOLED_SENSITIVITY,M1,DIGap,NON-STOP,4776,4776,0,0,5.746673,2.719694,9.764993,7.045299,0.004853,46.101602
POOLED_SENSITIVITY,M1,DIGap,TARGET,4414,4414,0,0,5.693349,2.692892,9.720567,7.027676,0.004853,46.101602
POOLED_SENSITIVITY,M1,DIGap,BE,361,361,0,0,5.965219,3.043460,10.296425,7.252965,0.053401,44.620798
POOLED_SENSITIVITY,M1,DIGap,OTHER_NONSTOP,1,1,0,0,8.460756,8.460756,8.460756,0.000000,8.460756,8.460756
POOLED_SENSITIVITY,M1,ATR,STOP,88,88,0,0,0.930000,0.367500,2.287500,1.920000,0.120000,12.250000
POOLED_SENSITIVITY,M1,ATR,NON-STOP,4776,4776,0,0,0.460000,0.280000,0.820000,0.540000,0.030000,20.230000
POOLED_SENSITIVITY,M1,ATR,TARGET,4414,4414,0,0,0.470000,0.290000,0.857500,0.567500,0.040000,20.230000
POOLED_SENSITIVITY,M1,ATR,BE,361,361,0,0,0.300000,0.160000,0.470000,0.310000,0.030000,1.850000
POOLED_SENSITIVITY,M1,ATR,OTHER_NONSTOP,1,1,0,0,4.420000,4.420000,4.420000,0.000000,4.420000,4.420000
POOLED_SENSITIVITY,M1,CCI,STOP,88,88,0,0,16.192759,-29.466766,80.339008,109.805774,-269.036342,456.122113
POOLED_SENSITIVITY,M1,CCI,NON-STOP,4776,4776,0,0,13.003575,-38.351070,73.372066,111.723136,-387.295402,459.840881
POOLED_SENSITIVITY,M1,CCI,TARGET,4414,4414,0,0,12.358413,-38.481506,72.227166,110.708671,-387.295402,459.840881
POOLED_SENSITIVITY,M1,CCI,BE,361,361,0,0,20.917615,-36.441759,83.361856,119.803615,-259.675389,341.943783
POOLED_SENSITIVITY,M1,CCI,OTHER_NONSTOP,1,1,0,0,7.440256,7.440256,7.440256,0.000000,7.440256,7.440256
POOLED_SENSITIVITY,M1,EMA20,STOP,88,88,0,0,1952.375000,1456.480000,4064.680000,2608.200000,1122.210000,5413.170000
POOLED_SENSITIVITY,M1,EMA20,NON-STOP,4776,4776,0,0,1762.110000,1291.517500,2036.205000,744.687500,1059.290000,5351.610000
POOLED_SENSITIVITY,M1,EMA20,TARGET,4414,4414,0,0,1780.060000,1295.995000,2158.195000,862.200000,1059.290000,5351.610000
POOLED_SENSITIVITY,M1,EMA20,BE,361,361,0,0,1324.090000,1248.790000,1819.410000,570.620000,1065.290000,5206.820000
POOLED_SENSITIVITY,M1,EMA20,OTHER_NONSTOP,1,1,0,0,4393.530000,4393.530000,4393.530000,0.000000,4393.530000,4393.530000
POOLED_SENSITIVITY,M1,EMA50,STOP,88,88,0,0,1953.225000,1456.470000,4062.590000,2606.120000,1122.430000,5421.930000
POOLED_SENSITIVITY,M1,EMA50,NON-STOP,4776,4776,0,0,1762.220000,1291.730000,2036.582500,744.852500,1060.060000,5346.370000
POOLED_SENSITIVITY,M1,EMA50,TARGET,4414,4414,0,0,1780.295000,1296.027500,2158.677500,862.650000,1060.060000,5346.370000
POOLED_SENSITIVITY,M1,EMA50,BE,361,361,0,0,1324.330000,1248.490000,1818.880000,570.390000,1065.710000,5207.440000
POOLED_SENSITIVITY,M1,EMA50,OTHER_NONSTOP,1,1,0,0,4393.710000,4393.710000,4393.710000,0.000000,4393.710000,4393.710000
POOLED_SENSITIVITY,M1,EMA100,STOP,88,88,0,0,1953.880000,1456.392500,4062.470000,2606.077500,1122.700000,5420.820000
POOLED_SENSITIVITY,M1,EMA100,NON-STOP,4776,4776,0,0,1762.425000,1291.765000,2037.465000,745.700000,1060.710000,5342.200000
POOLED_SENSITIVITY,M1,EMA100,TARGET,4414,4414,0,0,1780.200000,1296.032500,2158.727500,862.695000,1060.710000,5342.200000
POOLED_SENSITIVITY,M1,EMA100,BE,361,361,0,0,1324.380000,1248.690000,1818.670000,569.980000,1066.330000,5206.960000
POOLED_SENSITIVITY,M1,EMA100,OTHER_NONSTOP,1,1,0,0,4393.590000,4393.590000,4393.590000,0.000000,4393.590000,4393.590000
POOLED_SENSITIVITY,M1,EMA200,STOP,88,88,0,0,1954.725000,1456.272500,4063.690000,2607.417500,1123.040000,5405.730000
POOLED_SENSITIVITY,M1,EMA200,NON-STOP,4776,4776,0,0,1762.685000,1291.842500,2037.902500,746.060000,1061.300000,5338.270000
POOLED_SENSITIVITY,M1,EMA200,TARGET,4414,4414,0,0,1780.390000,1295.940000,2158.327500,862.387500,1061.300000,5338.270000
POOLED_SENSITIVITY,M1,EMA200,BE,361,361,0,0,1324.640000,1249.220000,1819.800000,570.580000,1067.010000,5202.950000
POOLED_SENSITIVITY,M1,EMA200,OTHER_NONSTOP,1,1,0,0,4393.620000,4393.620000,4393.620000,0.000000,4393.620000,4393.620000
POOLED_SENSITIVITY,M1,EMA200DistATR,STOP,88,88,0,0,-0.140295,-2.399749,1.412656,3.812406,-15.453311,7.285303
POOLED_SENSITIVITY,M1,EMA200DistATR,NON-STOP,4776,4776,0,0,-0.711004,-3.396715,2.242676,5.639390,-41.770908,32.546780
POOLED_SENSITIVITY,M1,EMA200DistATR,TARGET,4414,4414,0,0,-0.675292,-3.331842,2.253402,5.585244,-41.770908,32.546780
POOLED_SENSITIVITY,M1,EMA200DistATR,BE,361,361,0,0,-1.169858,-3.990932,2.115509,6.106441,-27.261342,21.663578
POOLED_SENSITIVITY,M1,EMA200DistATR,OTHER_NONSTOP,1,1,0,0,0.277125,0.277125,0.277125,0.000000,0.277125,0.277125
POOLED_SENSITIVITY,M1,RSISlope5,STOP,88,88,0,0,1.396210,0.164673,2.196786,2.032113,-4.765788,7.706349
POOLED_SENSITIVITY,M1,RSISlope5,NON-STOP,4776,4776,0,0,1.203571,-0.488034,2.248767,2.736801,-7.464741,10.851236
POOLED_SENSITIVITY,M1,RSISlope5,TARGET,4414,4414,0,0,1.200610,-0.502897,2.256542,2.759438,-7.464741,10.851236
POOLED_SENSITIVITY,M1,RSISlope5,BE,361,361,0,0,1.243601,-0.108126,2.108500,2.216626,-5.864403,5.984959
POOLED_SENSITIVITY,M1,RSISlope5,OTHER_NONSTOP,1,1,0,0,0.882660,0.882660,0.882660,0.000000,0.882660,0.882660
POOLED_SENSITIVITY,M1,CCISlope5,STOP,88,88,0,0,20.299383,-2.790148,29.607369,32.397517,-77.706490,106.147097
POOLED_SENSITIVITY,M1,CCISlope5,NON-STOP,4776,4776,0,0,15.715347,-8.374094,30.461931,38.836025,-92.647723,108.138791
POOLED_SENSITIVITY,M1,CCISlope5,TARGET,4414,4414,0,0,15.614690,-8.604088,30.386273,38.990361,-92.647723,108.138791
POOLED_SENSITIVITY,M1,CCISlope5,BE,361,361,0,0,16.302299,-5.170611,31.360948,36.531559,-65.444536,87.986649
POOLED_SENSITIVITY,M1,CCISlope5,OTHER_NONSTOP,1,1,0,0,6.144092,6.144092,6.144092,0.000000,6.144092,6.144092
POOLED_SENSITIVITY,M1,ADXSlope5,STOP,88,88,0,0,-0.676490,-1.549480,0.147214,1.696693,-4.397397,2.409063
POOLED_SENSITIVITY,M1,ADXSlope5,NON-STOP,4776,4776,0,0,-0.558732,-1.367494,0.211945,1.579438,-5.514900,5.079383
POOLED_SENSITIVITY,M1,ADXSlope5,TARGET,4414,4414,0,0,-0.561738,-1.360924,0.214080,1.575004,-5.514900,5.079383
POOLED_SENSITIVITY,M1,ADXSlope5,BE,361,361,0,0,-0.513414,-1.486594,0.180321,1.666915,-5.500564,4.966002
POOLED_SENSITIVITY,M1,ADXSlope5,OTHER_NONSTOP,1,1,0,0,-1.267222,-1.267222,-1.267222,0.000000,-1.267222,-1.267222
POOLED_SENSITIVITY,M1,ATRRegime,STOP,88,88,0,0,1.087336,0.844780,1.539010,0.694230,0.355080,6.600719
POOLED_SENSITIVITY,M1,ATRRegime,NON-STOP,4776,4776,0,0,1.048872,0.807970,1.382366,0.574396,0.041503,14.526531
POOLED_SENSITIVITY,M1,ATRRegime,TARGET,4414,4414,0,0,1.053686,0.812500,1.387644,0.575144,0.041503,14.526531
POOLED_SENSITIVITY,M1,ATRRegime,BE,361,361,0,0,0.972222,0.751269,1.321739,0.570470,0.159521,6.568627
POOLED_SENSITIVITY,M1,ATRRegime,OTHER_NONSTOP,1,1,0,0,2.769953,2.769953,2.769953,0.000000,2.769953,2.769953
POOLED_SENSITIVITY,M1,EMA20Slope5ATR,STOP,88,88,0,0,-0.064404,-0.118389,-0.005118,0.113271,-0.527479,0.291710
POOLED_SENSITIVITY,M1,EMA20Slope5ATR,NON-STOP,4776,4776,0,0,-0.055286,-0.121802,0.031408,0.153209,-1.164425,1.159368
POOLED_SENSITIVITY,M1,EMA20Slope5ATR,TARGET,4414,4414,0,0,-0.055686,-0.121362,0.032562,0.153924,-1.164425,1.159368
POOLED_SENSITIVITY,M1,EMA20Slope5ATR,BE,361,361,0,0,-0.049458,-0.137511,0.024317,0.161828,-0.824261,0.631388
POOLED_SENSITIVITY,M1,EMA20Slope5ATR,OTHER_NONSTOP,1,1,0,0,-0.020899,-0.020899,-0.020899,0.000000,-0.020899,-0.020899
POOLED_SENSITIVITY,M1,EMA50Slope5ATR,STOP,88,88,0,0,-0.039560,-0.090093,-0.004741,0.085352,-0.379922,0.173136
POOLED_SENSITIVITY,M1,EMA50Slope5ATR,NON-STOP,4776,4776,0,1,-0.047081,-0.100438,0.022851,0.123289,-0.726796,1.000205
POOLED_SENSITIVITY,M1,EMA50Slope5ATR,TARGET,4414,4414,0,1,-0.046434,-0.099127,0.024584,0.123711,-0.661875,1.000205
POOLED_SENSITIVITY,M1,EMA50Slope5ATR,BE,361,361,0,0,-0.054578,-0.115884,0.010965,0.126849,-0.726796,0.453439
POOLED_SENSITIVITY,M1,EMA50Slope5ATR,OTHER_NONSTOP,1,1,0,0,-0.009124,-0.009124,-0.009124,0.000000,-0.009124,-0.009124
POOLED_SENSITIVITY,M1,EMA200Slope5ATR,STOP,88,88,0,0,-0.007190,-0.031094,0.007747,0.038840,-0.162566,0.072900
POOLED_SENSITIVITY,M1,EMA200Slope5ATR,NON-STOP,4776,4776,0,0,-0.012503,-0.041710,0.020709,0.062419,-0.435844,0.337285
POOLED_SENSITIVITY,M1,EMA200Slope5ATR,TARGET,4414,4414,0,0,-0.012206,-0.040948,0.020952,0.061900,-0.435844,0.337285
POOLED_SENSITIVITY,M1,EMA200Slope5ATR,BE,361,361,0,0,-0.016893,-0.048222,0.018316,0.066538,-0.289627,0.214879
POOLED_SENSITIVITY,M1,EMA200Slope5ATR,OTHER_NONSTOP,1,1,0,0,-0.001927,-0.001927,-0.001927,0.000000,-0.001927,-0.001927
POOLED_SENSITIVITY,M1,EMAGap2050ATR,STOP,88,88,0,0,-0.410048,-1.158171,0.052693,1.210864,-4.507691,2.706850
POOLED_SENSITIVITY,M1,EMAGap2050ATR,NON-STOP,4776,4776,0,0,-0.599081,-1.349838,0.339447,1.689285,-10.665104,13.640025
POOLED_SENSITIVITY,M1,EMAGap2050ATR,TARGET,4414,4414,0,0,-0.581994,-1.334707,0.351399,1.686106,-10.665104,13.640025
POOLED_SENSITIVITY,M1,EMAGap2050ATR,BE,361,361,0,0,-0.808918,-1.532468,0.173631,1.706099,-10.029441,6.472263
POOLED_SENSITIVITY,M1,EMAGap2050ATR,OTHER_NONSTOP,1,1,0,0,-0.040350,-0.040350,-0.040350,0.000000,-0.040350,-0.040350
POOLED_SENSITIVITY,M1,EMAGap50200ATR,STOP,88,88,0,0,-0.218026,-1.308006,1.396276,2.704282,-7.680083,9.063375
POOLED_SENSITIVITY,M1,EMAGap50200ATR,NON-STOP,4776,4776,0,0,-0.226168,-2.191956,1.792500,3.984455,-28.679205,23.289871
POOLED_SENSITIVITY,M1,EMAGap50200ATR,TARGET,4414,4414,0,0,-0.208102,-2.159631,1.790837,3.950468,-28.679205,17.311048
POOLED_SENSITIVITY,M1,EMAGap50200ATR,BE,361,361,0,0,-0.525743,-2.606776,1.804222,4.410998,-19.791678,23.289871
POOLED_SENSITIVITY,M1,EMAGap50200ATR,OTHER_NONSTOP,1,1,0,0,0.019840,0.019840,0.019840,0.000000,0.019840,0.019840
POOLED_SENSITIVITY,M1,EMACompressionATR,STOP,88,88,0,0,2.026098,1.147047,3.578134,2.431088,0.070859,11.778251
POOLED_SENSITIVITY,M1,EMACompressionATR,NON-STOP,4776,4776,0,0,2.972176,1.672441,4.996518,3.324077,0.040350,38.215790
POOLED_SENSITIVITY,M1,EMACompressionATR,TARGET,4414,4414,0,0,2.939849,1.660329,4.915894,3.255565,0.060394,38.215790
POOLED_SENSITIVITY,M1,EMACompressionATR,BE,361,361,0,0,3.410316,1.804222,5.745246,3.941024,0.092550,23.289871
POOLED_SENSITIVITY,M1,EMACompressionATR,OTHER_NONSTOP,1,1,0,0,0.040350,0.040350,0.040350,0.000000,0.040350,0.040350
POOLED_SENSITIVITY,M5,RSI,STOP,88,88,0,0,46.950320,37.370243,53.206066,15.835823,16.651680,63.967538
POOLED_SENSITIVITY,M5,RSI,NON-STOP,4776,4776,0,0,45.527929,37.802802,54.497548,16.694746,8.634043,87.653888
POOLED_SENSITIVITY,M5,RSI,TARGET,4414,4414,0,0,45.600738,37.752426,54.521804,16.769377,8.634043,87.653888
POOLED_SENSITIVITY,M5,RSI,BE,361,361,0,0,44.941750,38.289017,53.586080,15.297063,9.542608,85.337418
POOLED_SENSITIVITY,M5,RSI,OTHER_NONSTOP,1,1,0,0,51.435296,51.435296,51.435296,0.000000,51.435296,51.435296
POOLED_SENSITIVITY,M5,ADX,STOP,88,88,0,0,29.302656,23.586107,36.913068,13.326961,12.138251,62.723731
POOLED_SENSITIVITY,M5,ADX,NON-STOP,4776,4776,0,0,30.061041,23.365923,38.645169,15.279246,9.842707,80.899695
POOLED_SENSITIVITY,M5,ADX,TARGET,4414,4414,0,0,30.148106,23.422590,38.637092,15.214502,9.842707,80.899695
POOLED_SENSITIVITY,M5,ADX,BE,361,361,0,0,29.061233,22.787788,38.965968,16.178180,10.117776,74.712850
POOLED_SENSITIVITY,M5,ADX,OTHER_NONSTOP,1,1,0,0,19.084987,19.084987,19.084987,0.000000,19.084987,19.084987
POOLED_SENSITIVITY,M5,DIPlus,STOP,88,88,0,0,13.236144,8.813894,18.864499,10.050606,2.476719,40.087976
POOLED_SENSITIVITY,M5,DIPlus,NON-STOP,4776,4776,0,0,13.741110,9.600930,20.254688,10.653757,1.238876,54.556838
POOLED_SENSITIVITY,M5,DIPlus,TARGET,4414,4414,0,0,13.738378,9.628322,20.302237,10.673916,1.238876,54.556838
POOLED_SENSITIVITY,M5,DIPlus,BE,361,361,0,0,13.837360,9.389351,19.416850,10.027499,2.340412,44.002781
POOLED_SENSITIVITY,M5,DIPlus,OTHER_NONSTOP,1,1,0,0,17.967846,17.967846,17.967846,0.000000,17.967846,17.967846
POOLED_SENSITIVITY,M5,DIMinus,STOP,88,88,0,0,22.575276,17.922884,29.840722,11.917838,3.793970,46.741627
POOLED_SENSITIVITY,M5,DIMinus,NON-STOP,4776,4776,0,0,22.307988,15.015064,28.846591,13.831527,1.625396,54.193774
POOLED_SENSITIVITY,M5,DIMinus,TARGET,4414,4414,0,0,22.313924,14.983416,28.828698,13.845282,1.625396,54.193774
POOLED_SENSITIVITY,M5,DIMinus,BE,361,361,0,0,22.179377,15.329155,29.574218,14.245063,1.988319,46.776633
POOLED_SENSITIVITY,M5,DIMinus,OTHER_NONSTOP,1,1,0,0,14.430947,14.430947,14.430947,0.000000,14.430947,14.430947
POOLED_SENSITIVITY,M5,DIGap,STOP,88,88,0,0,12.970088,7.625882,19.582363,11.956481,0.404791,42.873667
POOLED_SENSITIVITY,M5,DIGap,NON-STOP,4776,4776,0,0,14.210971,7.442495,21.129312,13.686817,0.002861,49.776404
POOLED_SENSITIVITY,M5,DIGap,TARGET,4414,4414,0,0,14.199178,7.451446,21.138269,13.686823,0.002861,49.776404
POOLED_SENSITIVITY,M5,DIGap,BE,361,361,0,0,14.281633,7.443965,20.731061,13.287096,0.134667,41.764782
POOLED_SENSITIVITY,M5,DIGap,OTHER_NONSTOP,1,1,0,0,3.536899,3.536899,3.536899,0.000000,3.536899,3.536899
POOLED_SENSITIVITY,M5,ATR,STOP,88,88,0,0,1.765000,0.660000,5.112500,4.452500,0.140000,24.670000
POOLED_SENSITIVITY,M5,ATR,NON-STOP,4776,4776,0,0,1.000000,0.630000,1.762500,1.132500,0.080000,57.160000
POOLED_SENSITIVITY,M5,ATR,TARGET,4414,4414,0,0,1.040000,0.650000,1.820000,1.170000,0.080000,57.160000
POOLED_SENSITIVITY,M5,ATR,BE,361,361,0,0,0.660000,0.430000,1.110000,0.680000,0.120000,4.780000
POOLED_SENSITIVITY,M5,ATR,OTHER_NONSTOP,1,1,0,0,4.360000,4.360000,4.360000,0.000000,4.360000,4.360000
POOLED_SENSITIVITY,M5,CCI,STOP,88,88,0,0,-93.506088,-140.118176,0.372294,140.490470,-293.905527,173.452332
POOLED_SENSITIVITY,M5,CCI,NON-STOP,4776,4776,0,0,-84.855031,-130.248140,38.492604,168.740744,-466.666667,298.502319
POOLED_SENSITIVITY,M5,CCI,TARGET,4414,4414,0,0,-84.913834,-130.358699,40.438324,170.797023,-466.666667,298.502319
POOLED_SENSITIVITY,M5,CCI,BE,361,361,0,0,-83.897930,-127.085100,17.812609,144.897709,-252.845066,220.581661
POOLED_SENSITIVITY,M5,CCI,OTHER_NONSTOP,1,1,0,0,-11.508378,-11.508378,-11.508378,0.000000,-11.508378,-11.508378
POOLED_SENSITIVITY,M5,EMA20,STOP,88,88,0,0,1953.755000,1456.387500,4062.712500,2606.325000,1122.690000,5421.210000
POOLED_SENSITIVITY,M5,EMA20,NON-STOP,4776,4776,0,0,1762.480000,1291.742500,2037.495000,745.752500,1060.710000,5341.830000
POOLED_SENSITIVITY,M5,EMA20,TARGET,4414,4414,0,0,1780.285000,1296.055000,2158.672500,862.617500,1060.710000,5341.830000
POOLED_SENSITIVITY,M5,EMA20,BE,361,361,0,0,1324.390000,1248.730000,1818.650000,569.920000,1066.360000,5206.890000
POOLED_SENSITIVITY,M5,EMA20,OTHER_NONSTOP,1,1,0,0,4393.700000,4393.700000,4393.700000,0.000000,4393.700000,4393.700000
POOLED_SENSITIVITY,M5,EMA50,STOP,88,88,0,0,1955.055000,1456.190000,4064.202500,2608.012500,1123.110000,5398.970000
POOLED_SENSITIVITY,M5,EMA50,NON-STOP,4776,4776,0,0,1762.740000,1291.797500,2038.487500,746.690000,1061.460000,5345.800000
POOLED_SENSITIVITY,M5,EMA50,TARGET,4414,4414,0,0,1780.220000,1295.855000,2158.005000,862.150000,1061.460000,5345.800000
POOLED_SENSITIVITY,M5,EMA50,BE,361,361,0,0,1324.860000,1249.480000,1819.680000,570.200000,1067.250000,5200.870000
POOLED_SENSITIVITY,M5,EMA50,OTHER_NONSTOP,1,1,0,0,4393.810000,4393.810000,4393.810000,0.000000,4393.810000,4393.810000
POOLED_SENSITIVITY,M5,EMA100,STOP,88,88,0,0,1955.210000,1455.585000,4063.085000,2607.500000,1123.140000,5391.830000
POOLED_SENSITIVITY,M5,EMA100,NON-STOP,4776,4776,0,0,1762.390000,1291.407500,2037.055000,745.647500,1061.540000,5386.330000
POOLED_SENSITIVITY,M5,EMA100,TARGET,4414,4414,0,0,1780.190000,1295.815000,2157.512500,861.697500,1061.540000,5386.330000
POOLED_SENSITIVITY,M5,EMA100,BE,361,361,0,0,1325.540000,1249.680000,1818.910000,569.230000,1068.070000,5194.250000
POOLED_SENSITIVITY,M5,EMA100,OTHER_NONSTOP,1,1,0,0,4395.650000,4395.650000,4395.650000,0.000000,4395.650000,4395.650000
POOLED_SENSITIVITY,M5,EMA200,STOP,88,88,0,0,1952.435000,1454.782500,4056.125000,2601.342500,1122.810000,5404.870000
POOLED_SENSITIVITY,M5,EMA200,NON-STOP,4776,4776,0,0,1761.755000,1291.357500,2034.755000,743.397500,1059.690000,5417.230000
POOLED_SENSITIVITY,M5,EMA200,TARGET,4414,4414,0,0,1779.965000,1295.555000,2157.147500,861.592500,1059.690000,5417.230000
POOLED_SENSITIVITY,M5,EMA200,BE,361,361,0,0,1325.510000,1248.470000,1816.140000,567.670000,1068.210000,5186.840000
POOLED_SENSITIVITY,M5,EMA200,OTHER_NONSTOP,1,1,0,0,4398.770000,4398.770000,4398.770000,0.000000,4398.770000,4398.770000
POOLED_SENSITIVITY,M5,EMA200DistATR,STOP,88,88,0,0,-0.499432,-2.678543,1.975545,4.654088,-16.074120,18.017110
POOLED_SENSITIVITY,M5,EMA200DistATR,NON-STOP,4776,4776,0,0,-0.080136,-3.127205,3.310300,6.437505,-35.846332,36.567655
POOLED_SENSITIVITY,M5,EMA200DistATR,TARGET,4414,4414,0,0,-0.032366,-3.045058,3.308638,6.353697,-35.846332,36.567655
POOLED_SENSITIVITY,M5,EMA200DistATR,BE,361,361,0,0,-0.651838,-4.660574,3.474090,8.134664,-25.056549,33.977024
POOLED_SENSITIVITY,M5,EMA200DistATR,OTHER_NONSTOP,1,1,0,0,-1.015157,-1.015157,-1.015157,0.000000,-1.015157,-1.015157
POOLED_SENSITIVITY,M5,RSISlope5,STOP,88,88,0,0,-1.069327,-2.493436,-0.196106,2.297329,-4.939719,5.102334
POOLED_SENSITIVITY,M5,RSISlope5,NON-STOP,4776,4776,0,0,-0.897082,-2.041655,0.513366,2.555022,-8.307992,11.340639
POOLED_SENSITIVITY,M5,RSISlope5,TARGET,4414,4414,0,0,-0.908654,-2.065406,0.518857,2.584263,-8.307992,11.340639
POOLED_SENSITIVITY,M5,RSISlope5,BE,361,361,0,0,-0.695931,-1.782107,0.452110,2.234217,-8.090009,4.164694
POOLED_SENSITIVITY,M5,RSISlope5,OTHER_NONSTOP,1,1,0,0,-1.059227,-1.059227,-1.059227,0.000000,-1.059227,-1.059227
POOLED_SENSITIVITY,M5,CCISlope5,STOP,88,88,0,0,-12.442988,-29.813296,3.196212,33.009508,-83.486465,79.760110
POOLED_SENSITIVITY,M5,CCISlope5,NON-STOP,4776,4776,0,0,-8.963238,-25.795319,8.950224,34.745543,-103.328500,89.319188
POOLED_SENSITIVITY,M5,CCISlope5,TARGET,4414,4414,0,0,-9.267517,-25.976164,8.894315,34.870479,-103.328500,89.319188
POOLED_SENSITIVITY,M5,CCISlope5,BE,361,361,0,0,-5.981616,-22.482844,9.606021,32.088865,-70.346472,57.052932
POOLED_SENSITIVITY,M5,CCISlope5,OTHER_NONSTOP,1,1,0,0,-24.414238,-24.414238,-24.414238,0.000000,-24.414238,-24.414238
POOLED_SENSITIVITY,M5,ADXSlope5,STOP,88,88,0,0,-0.026414,-1.198392,1.379136,2.577528,-5.053963,4.890365
POOLED_SENSITIVITY,M5,ADXSlope5,NON-STOP,4776,4776,0,0,0.388806,-0.924003,2.060552,2.984555,-6.399265,5.525396
POOLED_SENSITIVITY,M5,ADXSlope5,TARGET,4414,4414,0,0,0.402830,-0.920255,2.053080,2.973334,-6.399265,5.525396
POOLED_SENSITIVITY,M5,ADXSlope5,BE,361,361,0,0,0.224700,-0.966102,2.152694,3.118796,-5.113881,4.961699
POOLED_SENSITIVITY,M5,ADXSlope5,OTHER_NONSTOP,1,1,0,0,0.020868,0.020868,0.020868,0.000000,0.020868,0.020868
POOLED_SENSITIVITY,M5,ATRRegime,STOP,88,88,0,0,1.020962,0.838890,1.312867,0.473976,0.252097,3.711433
POOLED_SENSITIVITY,M5,ATRRegime,NON-STOP,4776,4776,0,0,0.980171,0.770314,1.266238,0.495924,0.151190,11.455305
POOLED_SENSITIVITY,M5,ATRRegime,TARGET,4414,4414,0,0,0.982067,0.772746,1.267432,0.494686,0.246983,11.455305
POOLED_SENSITIVITY,M5,ATRRegime,BE,361,361,0,0,0.952299,0.740439,1.261463,0.521024,0.151190,4.452236
POOLED_SENSITIVITY,M5,ATRRegime,OTHER_NONSTOP,1,1,0,0,0.874624,0.874624,0.874624,0.000000,0.874624,0.874624
POOLED_SENSITIVITY,M5,EMA20Slope5ATR,STOP,88,88,0,0,-0.029206,-0.121268,0.039473,0.160742,-0.313864,0.219548
POOLED_SENSITIVITY,M5,EMA20Slope5ATR,NON-STOP,4776,4776,0,0,-0.043572,-0.132897,0.060729,0.193626,-0.910532,0.562198
POOLED_SENSITIVITY,M5,EMA20Slope5ATR,TARGET,4414,4414,0,0,-0.042707,-0.132114,0.061905,0.194019,-0.797992,0.562198
POOLED_SENSITIVITY,M5,EMA20Slope5ATR,BE,361,361,0,0,-0.057289,-0.137482,0.045975,0.183457,-0.910532,0.371268
POOLED_SENSITIVITY,M5,EMA20Slope5ATR,OTHER_NONSTOP,1,1,0,0,0.004171,0.004171,0.004171,0.000000,0.004171,0.004171
POOLED_SENSITIVITY,M5,EMA50Slope5ATR,STOP,88,88,0,0,-0.008910,-0.055522,0.048872,0.104395,-0.259451,0.162579
POOLED_SENSITIVITY,M5,EMA50Slope5ATR,NON-STOP,4776,4776,0,0,-0.011833,-0.069306,0.051222,0.120528,-0.557350,0.553743
POOLED_SENSITIVITY,M5,EMA50Slope5ATR,TARGET,4414,4414,0,0,-0.011482,-0.068416,0.052180,0.120595,-0.557350,0.553743
POOLED_SENSITIVITY,M5,EMA50Slope5ATR,BE,361,361,0,0,-0.017116,-0.077437,0.043657,0.121094,-0.425097,0.442133
POOLED_SENSITIVITY,M5,EMA50Slope5ATR,OTHER_NONSTOP,1,1,0,0,0.000084,0.000084,0.000084,0.000000,0.000084,0.000084
POOLED_SENSITIVITY,M5,EMA200Slope5ATR,STOP,88,88,0,0,-0.002052,-0.027739,0.022521,0.050260,-0.159888,0.186798
POOLED_SENSITIVITY,M5,EMA200Slope5ATR,NON-STOP,4776,4776,0,0,0.001220,-0.028500,0.035141,0.063640,-0.376835,0.377777
POOLED_SENSITIVITY,M5,EMA200Slope5ATR,TARGET,4414,4414,0,0,0.001842,-0.027545,0.035124,0.062669,-0.376835,0.377777
POOLED_SENSITIVITY,M5,EMA200Slope5ATR,BE,361,361,0,0,-0.003029,-0.043685,0.035392,0.079077,-0.260620,0.347351
POOLED_SENSITIVITY,M5,EMA200Slope5ATR,OTHER_NONSTOP,1,1,0,0,-0.011659,-0.011659,-0.011659,0.000000,-0.011659,-0.011659
POOLED_SENSITIVITY,M5,EMAGap2050ATR,STOP,88,88,0,0,0.010808,-0.810258,0.733858,1.544116,-4.344907,3.201133
POOLED_SENSITIVITY,M5,EMAGap2050ATR,NON-STOP,4776,4776,0,0,0.026152,-0.719925,0.810323,1.530248,-8.637537,10.236425
POOLED_SENSITIVITY,M5,EMAGap2050ATR,TARGET,4414,4414,0,0,0.027930,-0.706528,0.804060,1.510589,-8.637537,9.165104
POOLED_SENSITIVITY,M5,EMAGap2050ATR,BE,361,361,0,0,-0.004491,-0.905831,0.874845,1.780676,-6.451614,10.236425
POOLED_SENSITIVITY,M5,EMAGap2050ATR,OTHER_NONSTOP,1,1,0,0,-0.026076,-0.026076,-0.026076,0.000000,-0.026076,-0.026076
POOLED_SENSITIVITY,M5,EMAGap50200ATR,STOP,88,88,0,0,0.176916,-1.964504,2.057630,4.022135,-9.751284,16.308284
POOLED_SENSITIVITY,M5,EMAGap50200ATR,NON-STOP,4776,4776,0,0,0.422144,-1.743488,2.838490,4.581978,-29.633900,34.157191
POOLED_SENSITIVITY,M5,EMAGap50200ATR,TARGET,4414,4414,0,0,0.431426,-1.688106,2.848985,4.537091,-29.633900,34.157191
POOLED_SENSITIVITY,M5,EMAGap50200ATR,BE,361,361,0,0,0.219410,-2.783407,2.729266,5.512673,-21.310237,26.456898
POOLED_SENSITIVITY,M5,EMAGap50200ATR,OTHER_NONSTOP,1,1,0,0,-1.136776,-1.136776,-1.136776,0.000000,-1.136776,-1.136776
POOLED_SENSITIVITY,M5,EMACompressionATR,STOP,88,88,0,0,2.588751,1.181945,4.328045,3.146100,0.157504,18.639110
POOLED_SENSITIVITY,M5,EMACompressionATR,NON-STOP,4776,4776,0,0,3.043256,1.596576,5.531391,3.934814,0.072471,37.323716
POOLED_SENSITIVITY,M5,EMACompressionATR,TARGET,4414,4414,0,0,2.996022,1.579058,5.460546,3.881488,0.072471,37.323716
POOLED_SENSITIVITY,M5,EMACompressionATR,BE,361,361,0,0,3.671351,1.849549,6.140057,4.290508,0.310675,34.120345
POOLED_SENSITIVITY,M5,EMACompressionATR,OTHER_NONSTOP,1,1,0,0,1.162851,1.162851,1.162851,0.000000,1.162851,1.162851
POOLED_SENSITIVITY,M15,RSI,STOP,88,88,0,0,48.893736,42.573330,54.387343,11.814014,17.221717,69.053735
POOLED_SENSITIVITY,M15,RSI,NON-STOP,4776,4773,3,0,49.034314,41.224578,56.735801,15.511223,6.266724,88.307172
POOLED_SENSITIVITY,M15,RSI,TARGET,4414,4411,3,0,49.094995,41.285256,56.800168,15.514912,6.266724,88.307172
POOLED_SENSITIVITY,M15,RSI,BE,361,361,0,0,48.248027,40.705387,55.618758,14.913371,14.143522,81.427406
POOLED_SENSITIVITY,M15,RSI,OTHER_NONSTOP,1,1,0,0,49.362342,49.362342,49.362342,0.000000,49.362342,49.362342
POOLED_SENSITIVITY,M15,ADX,STOP,88,88,0,0,25.873222,21.112567,32.447464,11.334896,12.170097,66.128815
POOLED_SENSITIVITY,M15,ADX,NON-STOP,4776,4773,3,0,27.150431,21.624791,35.051654,13.426863,9.298184,77.089038
POOLED_SENSITIVITY,M15,ADX,TARGET,4414,4411,3,0,27.168763,21.694630,35.182036,13.487406,9.298184,77.089038
POOLED_SENSITIVITY,M15,ADX,BE,361,361,0,0,26.844752,21.274954,34.123867,12.848913,11.548873,60.923189
POOLED_SENSITIVITY,M15,ADX,OTHER_NONSTOP,1,1,0,0,12.114931,12.114931,12.114931,0.000000,12.114931,12.114931
POOLED_SENSITIVITY,M15,DIPlus,STOP,88,88,0,0,17.327991,11.931835,21.573005,9.641170,4.634804,34.157307
POOLED_SENSITIVITY,M15,DIPlus,NON-STOP,4776,4773,3,0,17.281567,12.587853,22.646056,10.058203,1.416934,45.484643
POOLED_SENSITIVITY,M15,DIPlus,TARGET,4414,4411,3,0,17.331956,12.674530,22.670848,9.996318,1.416934,45.484643
POOLED_SENSITIVITY,M15,DIPlus,BE,361,361,0,0,16.639533,11.352066,22.042550,10.690484,3.076742,41.784023
POOLED_SENSITIVITY,M15,DIPlus,OTHER_NONSTOP,1,1,0,0,14.195578,14.195578,14.195578,0.000000,14.195578,14.195578
POOLED_SENSITIVITY,M15,DIMinus,STOP,88,88,0,0,19.394792,14.892927,25.120704,10.227776,6.073755,35.482031
POOLED_SENSITIVITY,M15,DIMinus,NON-STOP,4776,4773,3,0,19.723241,14.446209,25.247507,10.801298,1.097202,51.818355
POOLED_SENSITIVITY,M15,DIMinus,TARGET,4414,4411,3,0,19.652716,14.419772,25.234402,10.814630,1.097202,51.818355
POOLED_SENSITIVITY,M15,DIMinus,BE,361,361,0,0,20.313992,14.919688,25.376368,10.456680,3.369042,46.448666
POOLED_SENSITIVITY,M15,DIMinus,OTHER_NONSTOP,1,1,0,0,13.106280,13.106280,13.106280,0.000000,13.106280,13.106280
POOLED_SENSITIVITY,M15,DIGap,STOP,88,88,0,0,8.636406,4.378147,15.751438,11.373291,0.072313,30.297227
POOLED_SENSITIVITY,M15,DIGap,NON-STOP,4776,4773,3,0,9.439057,4.439226,16.261203,11.821977,0.002422,44.929568
POOLED_SENSITIVITY,M15,DIGap,TARGET,4414,4411,3,0,9.423431,4.432849,16.222394,11.789545,0.002422,44.929568
POOLED_SENSITIVITY,M15,DIGap,BE,361,361,0,0,9.888165,4.573513,16.803583,12.230070,0.046739,39.817306
POOLED_SENSITIVITY,M15,DIGap,OTHER_NONSTOP,1,1,0,0,1.089298,1.089298,1.089298,0.000000,1.089298,1.089298
POOLED_SENSITIVITY,M15,ATR,STOP,88,88,0,0,2.575000,1.205000,7.912500,6.707500,0.460000,49.970000
POOLED_SENSITIVITY,M15,ATR,NON-STOP,4776,4773,3,0,1.840000,1.160000,3.220000,2.060000,0.200000,75.340000
POOLED_SENSITIVITY,M15,ATR,TARGET,4414,4411,3,0,1.910000,1.200000,3.300000,2.100000,0.200000,75.340000
POOLED_SENSITIVITY,M15,ATR,BE,361,361,0,0,1.250000,0.840000,1.970000,1.130000,0.280000,6.880000
POOLED_SENSITIVITY,M15,ATR,OTHER_NONSTOP,1,1,0,0,7.530000,7.530000,7.530000,0.000000,7.530000,7.530000
POOLED_SENSITIVITY,M15,CCI,STOP,88,88,0,0,-10.134994,-100.710725,52.154028,152.864753,-293.752979,158.107058
POOLED_SENSITIVITY,M15,CCI,NON-STOP,4776,4773,3,0,-19.863347,-104.329198,63.446304,167.775502,-466.666667,466.666667
POOLED_SENSITIVITY,M15,CCI,TARGET,4414,4411,3,0,-19.558151,-104.285474,63.659195,167.944670,-440.041523,466.666667
POOLED_SENSITIVITY,M15,CCI,BE,361,361,0,0,-24.831830,-104.613357,60.675957,165.289314,-466.666667,239.467288
POOLED_SENSITIVITY,M15,CCI,OTHER_NONSTOP,1,1,0,0,16.628928,16.628928,16.628928,0.000000,16.628928,16.628928
POOLED_SENSITIVITY,M15,EMA20,STOP,88,88,0,0,1955.400000,1456.057500,4064.232500,2608.175000,1123.160000,5393.170000
POOLED_SENSITIVITY,M15,EMA20,NON-STOP,4776,4773,3,0,1762.860000,1291.860000,2038.920000,747.060000,1061.670000,5349.850000
POOLED_SENSITIVITY,M15,EMA20,TARGET,4414,4411,3,0,1780.790000,1295.990000,2157.940000,861.950000,1061.670000,5349.850000
POOLED_SENSITIVITY,M15,EMA20,BE,361,361,0,0,1325.110000,1249.720000,1819.430000,569.710000,1067.430000,5199.290000
POOLED_SENSITIVITY,M15,EMA20,OTHER_NONSTOP,1,1,0,0,4394.060000,4394.060000,4394.060000,0.000000,4394.060000,4394.060000
POOLED_SENSITIVITY,M15,EMA50,STOP,88,88,0,0,1954.075000,1455.007500,4059.535000,2604.527500,1122.980000,5398.130000
POOLED_SENSITIVITY,M15,EMA50,NON-STOP,4776,4773,3,0,1762.270000,1291.690000,2036.740000,745.050000,1060.480000,5406.380000
POOLED_SENSITIVITY,M15,EMA50,TARGET,4414,4411,3,0,1780.520000,1295.745000,2157.985000,862.240000,1060.480000,5406.380000
POOLED_SENSITIVITY,M15,EMA50,BE,361,361,0,0,1324.790000,1248.230000,1817.500000,569.270000,1068.520000,5190.250000
POOLED_SENSITIVITY,M15,EMA50,OTHER_NONSTOP,1,1,0,0,4397.660000,4397.660000,4397.660000,0.000000,4397.660000,4397.660000
POOLED_SENSITIVITY,M15,EMA100,STOP,88,88,0,0,1949.615000,1454.912500,4049.855000,2594.942500,1122.530000,5401.130000
POOLED_SENSITIVITY,M15,EMA100,NON-STOP,4776,4773,3,0,1760.460000,1291.390000,2035.490000,744.100000,1059.040000,5407.680000
POOLED_SENSITIVITY,M15,EMA100,TARGET,4414,4411,3,0,1779.870000,1295.565000,2157.755000,862.190000,1059.040000,5407.680000
POOLED_SENSITIVITY,M15,EMA100,BE,361,361,0,0,1324.740000,1248.350000,1816.080000,567.730000,1067.520000,5182.340000
POOLED_SENSITIVITY,M15,EMA100,OTHER_NONSTOP,1,1,0,0,4398.970000,4398.970000,4398.970000,0.000000,4398.970000,4398.970000
POOLED_SENSITIVITY,M15,EMA200,STOP,88,88,0,0,1944.435000,1456.365000,4055.302500,2598.937500,1122.740000,5348.130000
POOLED_SENSITIVITY,M15,EMA200,NON-STOP,4776,4773,3,0,1760.000000,1290.560000,2034.990000,744.430000,1059.820000,5341.100000
POOLED_SENSITIVITY,M15,EMA200,TARGET,4414,4411,3,0,1780.280000,1295.370000,2159.310000,863.940000,1059.820000,5341.100000
POOLED_SENSITIVITY,M15,EMA200,BE,361,361,0,0,1324.610000,1248.470000,1815.650000,567.180000,1066.700000,5166.550000
POOLED_SENSITIVITY,M15,EMA200,OTHER_NONSTOP,1,1,0,0,4394.430000,4394.430000,4394.430000,0.000000,4394.430000,4394.430000
POOLED_SENSITIVITY,M15,EMA200DistATR,STOP,88,88,0,0,-0.064394,-3.017252,2.618430,5.635683,-11.232104,23.298806
POOLED_SENSITIVITY,M15,EMA200DistATR,NON-STOP,4776,4773,3,0,0.403816,-2.930359,3.946985,6.877344,-40.258289,44.927479
POOLED_SENSITIVITY,M15,EMA200DistATR,TARGET,4414,4411,3,0,0.409457,-2.844142,3.947254,6.791396,-40.258289,44.927479
POOLED_SENSITIVITY,M15,EMA200DistATR,BE,361,361,0,0,0.068366,-3.895123,3.910768,7.805891,-21.836837,25.601663
POOLED_SENSITIVITY,M15,EMA200DistATR,OTHER_NONSTOP,1,1,0,0,-0.011087,-0.011087,-0.011087,0.000000,-0.011087,-0.011087
POOLED_SENSITIVITY,M15,RSISlope5,STOP,88,88,0,0,-0.569170,-1.727186,0.344648,2.071834,-6.333501,5.215568
POOLED_SENSITIVITY,M15,RSISlope5,NON-STOP,4776,4773,3,0,-0.557094,-1.786090,0.737959,2.524049,-10.479252,9.342807
POOLED_SENSITIVITY,M15,RSISlope5,TARGET,4414,4411,3,0,-0.555116,-1.810632,0.747257,2.557890,-10.479252,9.342807
POOLED_SENSITIVITY,M15,RSISlope5,BE,361,361,0,0,-0.566176,-1.519802,0.601586,2.121388,-6.705082,5.925248
POOLED_SENSITIVITY,M15,RSISlope5,OTHER_NONSTOP,1,1,0,0,1.047472,1.047472,1.047472,0.000000,1.047472,1.047472
POOLED_SENSITIVITY,M15,CCISlope5,STOP,88,88,0,0,-6.738538,-21.563123,9.837648,31.400770,-67.742306,84.578533
POOLED_SENSITIVITY,M15,CCISlope5,NON-STOP,4776,4773,3,0,-7.121635,-24.557406,12.128472,36.685878,-117.090203,109.918685
POOLED_SENSITIVITY,M15,CCISlope5,TARGET,4414,4411,3,0,-6.806325,-24.621301,12.415620,37.036921,-107.217682,109.918685
POOLED_SENSITIVITY,M15,CCISlope5,BE,361,361,0,0,-9.983666,-23.476929,8.147685,31.624614,-117.090203,58.947893
POOLED_SENSITIVITY,M15,CCISlope5,OTHER_NONSTOP,1,1,0,0,18.621900,18.621900,18.621900,0.000000,18.621900,18.621900
POOLED_SENSITIVITY,M15,ADXSlope5,STOP,88,88,0,0,0.199216,-1.012783,1.152592,2.165374,-3.730642,4.063328
POOLED_SENSITIVITY,M15,ADXSlope5,NON-STOP,4776,4773,3,0,-0.185849,-1.136904,0.923639,2.060543,-5.706063,4.887775
POOLED_SENSITIVITY,M15,ADXSlope5,TARGET,4414,4411,3,0,-0.200718,-1.144774,0.905616,2.050390,-5.706063,4.887775
POOLED_SENSITIVITY,M15,ADXSlope5,BE,361,361,0,0,0.038682,-0.985656,1.113850,2.099506,-3.974503,4.335320
POOLED_SENSITIVITY,M15,ADXSlope5,OTHER_NONSTOP,1,1,0,0,-1.203855,-1.203855,-1.203855,0.000000,-1.203855,-1.203855
POOLED_SENSITIVITY,M15,ATRRegime,STOP,88,88,0,0,0.908984,0.694538,1.213115,0.518578,0.402027,3.662947
POOLED_SENSITIVITY,M15,ATRRegime,NON-STOP,4776,4773,3,0,0.972882,0.736612,1.364117,0.627505,0.161144,13.035907
POOLED_SENSITIVITY,M15,ATRRegime,TARGET,4414,4411,3,0,0.975086,0.741464,1.368425,0.626960,0.161144,13.035907
POOLED_SENSITIVITY,M15,ATRRegime,BE,361,361,0,0,0.929147,0.673243,1.239323,0.566080,0.287174,5.511271
POOLED_SENSITIVITY,M15,ATRRegime,OTHER_NONSTOP,1,1,0,0,1.569792,1.569792,1.569792,0.000000,1.569792,1.569792
POOLED_SENSITIVITY,M15,EMA20Slope5ATR,STOP,88,88,0,0,0.012717,-0.083264,0.098833,0.182097,-0.473051,0.290333
POOLED_SENSITIVITY,M15,EMA20Slope5ATR,NON-STOP,4776,4773,3,0,0.009886,-0.073125,0.091911,0.165036,-0.660264,1.110954
POOLED_SENSITIVITY,M15,EMA20Slope5ATR,TARGET,4414,4411,3,0,0.010409,-0.071242,0.091522,0.162764,-0.660264,1.110954
POOLED_SENSITIVITY,M15,EMA20Slope5ATR,BE,361,361,0,0,0.005381,-0.081433,0.101272,0.182705,-0.560673,0.910038
POOLED_SENSITIVITY,M15,EMA20Slope5ATR,OTHER_NONSTOP,1,1,0,0,-0.001536,-0.001536,-0.001536,0.000000,-0.001536,-0.001536
POOLED_SENSITIVITY,M15,EMA50Slope5ATR,STOP,88,88,0,0,0.006193,-0.056638,0.058052,0.114690,-0.328601,0.395082
POOLED_SENSITIVITY,M15,EMA50Slope5ATR,NON-STOP,4776,4773,3,0,0.009454,-0.046411,0.069784,0.116195,-0.613077,0.874449
POOLED_SENSITIVITY,M15,EMA50Slope5ATR,TARGET,4414,4411,3,0,0.009952,-0.045352,0.069569,0.114921,-0.613077,0.663179
POOLED_SENSITIVITY,M15,EMA50Slope5ATR,BE,361,361,0,0,0.001716,-0.069840,0.075244,0.145084,-0.322961,0.874449
POOLED_SENSITIVITY,M15,EMA50Slope5ATR,OTHER_NONSTOP,1,1,0,0,-0.021413,-0.021413,-0.021413,0.000000,-0.021413,-0.021413
POOLED_SENSITIVITY,M15,EMA200Slope5ATR,STOP,88,88,0,0,0.004208,-0.024860,0.030769,0.055628,-0.106672,0.236534
POOLED_SENSITIVITY,M15,EMA200Slope5ATR,NON-STOP,4776,4773,3,1,0.005845,-0.026937,0.042392,0.069329,-0.400540,0.470828
POOLED_SENSITIVITY,M15,EMA200Slope5ATR,TARGET,4414,4411,3,1,0.006239,-0.026104,0.042384,0.068488,-0.400540,0.470828
POOLED_SENSITIVITY,M15,EMA200Slope5ATR,BE,361,361,0,0,0.003226,-0.036048,0.043086,0.079134,-0.214942,0.271431
POOLED_SENSITIVITY,M15,EMA200Slope5ATR,OTHER_NONSTOP,1,1,0,0,-0.000527,-0.000527,-0.000527,0.000000,-0.000527,-0.000527
POOLED_SENSITIVITY,M15,EMAGap2050ATR,STOP,88,88,0,0,0.049465,-0.637718,0.897362,1.535080,-3.797336,6.794402
POOLED_SENSITIVITY,M15,EMAGap2050ATR,NON-STOP,4776,4773,3,0,0.157770,-0.616046,0.963907,1.579953,-11.280743,13.186329
POOLED_SENSITIVITY,M15,EMAGap2050ATR,TARGET,4414,4411,3,0,0.164628,-0.595364,0.972864,1.568227,-11.280743,13.186329
POOLED_SENSITIVITY,M15,EMAGap2050ATR,BE,361,361,0,0,0.062306,-0.910616,0.839495,1.750111,-5.224408,12.697017
POOLED_SENSITIVITY,M15,EMAGap2050ATR,OTHER_NONSTOP,1,1,0,0,-0.477365,-0.477365,-0.477365,0.000000,-0.477365,-0.477365
POOLED_SENSITIVITY,M15,EMAGap50200ATR,STOP,88,88,0,0,0.357697,-1.984981,2.248143,4.233124,-8.739432,16.335510
POOLED_SENSITIVITY,M15,EMAGap50200ATR,NON-STOP,4776,4773,3,0,0.317558,-1.824673,2.856738,4.681411,-27.551360,31.704748
POOLED_SENSITIVITY,M15,EMAGap50200ATR,TARGET,4414,4411,3,0,0.347568,-1.774522,2.842517,4.617038,-27.551360,31.704748
POOLED_SENSITIVITY,M15,EMAGap50200ATR,BE,361,361,0,0,0.103121,-2.179821,3.016936,5.196757,-18.027918,20.877730
POOLED_SENSITIVITY,M15,EMAGap50200ATR,OTHER_NONSTOP,1,1,0,0,0.429035,0.429035,0.429035,0.000000,0.429035,0.429035
POOLED_SENSITIVITY,M15,EMACompressionATR,STOP,88,88,0,0,2.927670,1.476896,5.783212,4.306316,0.352544,20.856808
POOLED_SENSITIVITY,M15,EMACompressionATR,NON-STOP,4776,4773,3,0,3.198526,1.612596,5.733287,4.120691,0.045452,44.891077
POOLED_SENSITIVITY,M15,EMACompressionATR,TARGET,4414,4411,3,0,3.156632,1.600919,5.687955,4.087036,0.045452,44.891077
POOLED_SENSITIVITY,M15,EMACompressionATR,BE,361,361,0,0,3.746929,1.728684,6.468323,4.739639,0.170502,21.949107
POOLED_SENSITIVITY,M15,EMACompressionATR,OTHER_NONSTOP,1,1,0,0,0.651156,0.651156,0.651156,0.000000,0.651156,0.651156
POOLED_SENSITIVITY,M30,RSI,STOP,88,88,0,0,49.264634,43.451416,55.537215,12.085799,10.575836,71.366343
POOLED_SENSITIVITY,M30,RSI,NON-STOP,4776,4772,4,0,50.514866,42.832793,58.529325,15.696532,8.128369,88.679887
POOLED_SENSITIVITY,M30,RSI,TARGET,4414,4411,3,0,50.614889,43.035226,58.658640,15.623414,8.128369,88.679887
POOLED_SENSITIVITY,M30,RSI,BE,361,360,1,0,49.411252,41.483816,57.127402,15.643587,13.977087,81.150702
POOLED_SENSITIVITY,M30,RSI,OTHER_NONSTOP,1,1,0,0,46.424039,46.424039,46.424039,0.000000,46.424039,46.424039
POOLED_SENSITIVITY,M30,ADX,STOP,88,88,0,0,25.986595,20.082909,32.232464,12.149555,11.501651,66.932411
POOLED_SENSITIVITY,M30,ADX,NON-STOP,4776,4772,4,0,27.034744,21.174936,35.444514,14.269578,8.469857,90.178377
POOLED_SENSITIVITY,M30,ADX,TARGET,4414,4411,3,0,27.121310,21.193214,35.485143,14.291929,8.469857,90.178377
POOLED_SENSITIVITY,M30,ADX,BE,361,360,1,0,26.189822,21.141391,34.707136,13.565746,11.755234,64.955752
POOLED_SENSITIVITY,M30,ADX,OTHER_NONSTOP,1,1,0,0,15.179722,15.179722,15.179722,0.000000,15.179722,15.179722
POOLED_SENSITIVITY,M30,DIPlus,STOP,88,88,0,0,17.308015,12.456537,21.907122,9.450585,2.794467,37.787916
POOLED_SENSITIVITY,M30,DIPlus,NON-STOP,4776,4772,4,0,18.259264,13.247986,23.375157,10.127171,1.323925,48.200923
POOLED_SENSITIVITY,M30,DIPlus,TARGET,4414,4411,3,0,18.298552,13.342742,23.400001,10.057258,1.323925,48.200923
POOLED_SENSITIVITY,M30,DIPlus,BE,361,360,1,0,17.483884,12.591842,22.678117,10.086274,2.661124,37.960810
POOLED_SENSITIVITY,M30,DIPlus,OTHER_NONSTOP,1,1,0,0,13.112636,13.112636,13.112636,0.000000,13.112636,13.112636
POOLED_SENSITIVITY,M30,DIMinus,STOP,88,88,0,0,18.436310,13.602938,22.800764,9.197825,6.030553,39.124520
POOLED_SENSITIVITY,M30,DIMinus,NON-STOP,4776,4772,4,0,17.607948,12.651928,22.638355,9.986427,1.084529,49.993942
POOLED_SENSITIVITY,M30,DIMinus,TARGET,4414,4411,3,0,17.600720,12.636213,22.586398,9.950184,1.084529,49.993942
POOLED_SENSITIVITY,M30,DIMinus,BE,361,360,1,0,17.681359,12.904196,22.885628,9.981432,3.709976,44.834172
POOLED_SENSITIVITY,M30,DIMinus,OTHER_NONSTOP,1,1,0,0,12.086481,12.086481,12.086481,0.000000,12.086481,12.086481
POOLED_SENSITIVITY,M30,DIGap,STOP,88,88,0,0,8.591537,3.117454,14.340822,11.223369,0.011093,36.330053
POOLED_SENSITIVITY,M30,DIGap,NON-STOP,4776,4772,4,0,8.968132,4.242926,15.229436,10.986510,0.003325,45.721780
POOLED_SENSITIVITY,M30,DIGap,TARGET,4414,4411,3,0,8.941332,4.261264,15.238762,10.977498,0.003325,45.721780
POOLED_SENSITIVITY,M30,DIGap,BE,361,360,1,0,9.391978,4.056504,15.117854,11.061350,0.022337,36.835466
POOLED_SENSITIVITY,M30,DIGap,OTHER_NONSTOP,1,1,0,0,1.026155,1.026155,1.026155,0.000000,1.026155,1.026155
POOLED_SENSITIVITY,M30,ATR,STOP,88,88,0,0,4.210000,1.855000,11.287500,9.432500,0.740000,99.450000
POOLED_SENSITIVITY,M30,ATR,NON-STOP,4776,4772,4,0,2.710000,1.710000,4.552500,2.842500,0.470000,97.360000
POOLED_SENSITIVITY,M30,ATR,TARGET,4414,4411,3,0,2.790000,1.760000,4.725000,2.965000,0.520000,97.360000
POOLED_SENSITIVITY,M30,ATR,BE,361,360,1,0,1.890000,1.230000,3.025000,1.795000,0.470000,19.100000
POOLED_SENSITIVITY,M30,ATR,OTHER_NONSTOP,1,1,0,0,9.070000,9.070000,9.070000,0.000000,9.070000,9.070000
POOLED_SENSITIVITY,M30,CCI,STOP,88,88,0,0,3.714526,-91.398569,68.426427,159.824996,-293.688854,226.614495
POOLED_SENSITIVITY,M30,CCI,NON-STOP,4776,4772,4,0,7.526568,-78.976478,81.247338,160.223816,-453.017774,426.806241
POOLED_SENSITIVITY,M30,CCI,TARGET,4414,4411,3,0,7.999900,-78.654804,81.637571,160.292375,-453.017774,426.806241
POOLED_SENSITIVITY,M30,CCI,BE,361,360,1,0,-4.174737,-83.913358,72.547215,156.460574,-296.081396,238.103098
POOLED_SENSITIVITY,M30,CCI,OTHER_NONSTOP,1,1,0,0,-6.202668,-6.202668,-6.202668,0.000000,-6.202668,-6.202668
POOLED_SENSITIVITY,M30,EMA20,STOP,88,88,0,0,1954.745000,1455.332500,4061.120000,2605.787500,1123.090000,5391.860000
POOLED_SENSITIVITY,M30,EMA20,NON-STOP,4776,4772,4,0,1762.550000,1291.607500,2037.915000,746.307500,1061.140000,5395.650000
POOLED_SENSITIVITY,M30,EMA20,TARGET,4414,4411,3,0,1780.480000,1295.845000,2158.165000,862.320000,1061.140000,5395.650000
POOLED_SENSITIVITY,M30,EMA20,BE,361,360,1,0,1325.730000,1249.907500,1818.530000,568.622500,1068.460000,5193.010000
POOLED_SENSITIVITY,M30,EMA20,OTHER_NONSTOP,1,1,0,0,4396.730000,4396.730000,4396.730000,0.000000,4396.730000,4396.730000
POOLED_SENSITIVITY,M30,EMA50,STOP,88,88,0,0,1949.435000,1454.947500,4049.447500,2594.500000,1122.490000,5400.570000
POOLED_SENSITIVITY,M30,EMA50,NON-STOP,4776,4772,4,0,1760.730000,1291.360000,2035.785000,744.425000,1058.970000,5408.260000
POOLED_SENSITIVITY,M30,EMA50,TARGET,4414,4411,3,0,1779.840000,1295.605000,2157.855000,862.250000,1058.970000,5408.260000
POOLED_SENSITIVITY,M30,EMA50,BE,361,360,1,0,1325.705000,1248.380000,1816.392500,568.012500,1067.490000,5182.480000
POOLED_SENSITIVITY,M30,EMA50,OTHER_NONSTOP,1,1,0,0,4399.230000,4399.230000,4399.230000,0.000000,4399.230000,4399.230000
POOLED_SENSITIVITY,M30,EMA100,STOP,88,88,0,0,1944.240000,1456.380000,4055.445000,2599.065000,1122.680000,5347.540000
POOLED_SENSITIVITY,M30,EMA100,NON-STOP,4776,4772,4,0,1759.995000,1290.742500,2035.212500,744.470000,1059.760000,5341.010000
POOLED_SENSITIVITY,M30,EMA100,TARGET,4414,4411,3,0,1780.310000,1295.325000,2159.385000,864.060000,1059.760000,5341.010000
POOLED_SENSITIVITY,M30,EMA100,BE,361,360,1,0,1326.290000,1248.555000,1816.600000,568.045000,1066.670000,5166.520000
POOLED_SENSITIVITY,M30,EMA100,OTHER_NONSTOP,1,1,0,0,4394.730000,4394.730000,4394.730000,0.000000,4394.730000,4394.730000
POOLED_SENSITIVITY,M30,EMA200,STOP,88,88,0,0,1943.625000,1457.805000,4076.982500,2619.177500,1124.840000,5257.390000
POOLED_SENSITIVITY,M30,EMA200,NON-STOP,4776,4772,4,0,1757.405000,1291.137500,2034.007500,742.870000,1062.350000,5257.270000
POOLED_SENSITIVITY,M30,EMA200,TARGET,4414,4411,3,0,1778.290000,1295.050000,2159.660000,864.610000,1062.350000,5257.270000
POOLED_SENSITIVITY,M30,EMA200,BE,361,360,1,0,1326.700000,1250.462500,1822.047500,571.585000,1067.950000,5127.440000
POOLED_SENSITIVITY,M30,EMA200,OTHER_NONSTOP,1,1,0,0,4381.040000,4381.040000,4381.040000,0.000000,4381.040000,4381.040000
POOLED_SENSITIVITY,M30,EMA200DistATR,STOP,88,88,0,0,0.595182,-2.631544,2.695750,5.327294,-13.254665,18.416917
POOLED_SENSITIVITY,M30,EMA200DistATR,NON-STOP,4776,4772,4,0,0.617128,-2.411914,3.861602,6.273516,-28.583570,29.088363
POOLED_SENSITIVITY,M30,EMA200DistATR,TARGET,4414,4411,3,0,0.649099,-2.374362,3.876898,6.251260,-28.583570,29.088363
POOLED_SENSITIVITY,M30,EMA200DistATR,BE,361,360,1,0,0.180405,-3.351911,3.817937,7.169848,-23.297989,18.165421
POOLED_SENSITIVITY,M30,EMA200DistATR,OTHER_NONSTOP,1,1,0,0,1.466217,1.466217,1.466217,0.000000,1.466217,1.466217
POOLED_SENSITIVITY,M30,RSISlope5,STOP,88,88,0,0,-0.125062,-1.063448,0.923340,1.986788,-6.551339,4.392692
POOLED_SENSITIVITY,M30,RSISlope5,NON-STOP,4776,4772,4,0,-0.148324,-1.368248,0.998600,2.366848,-10.655847,8.349014
POOLED_SENSITIVITY,M30,RSISlope5,TARGET,4414,4411,3,0,-0.145229,-1.364549,0.999083,2.363632,-10.655847,8.349014
POOLED_SENSITIVITY,M30,RSISlope5,BE,361,360,1,0,-0.174362,-1.435418,0.993305,2.428723,-6.549793,7.924333
POOLED_SENSITIVITY,M30,RSISlope5,OTHER_NONSTOP,1,1,0,0,0.732207,0.732207,0.732207,0.000000,0.732207,0.732207
POOLED_SENSITIVITY,M30,CCISlope5,STOP,88,88,0,0,-1.275106,-16.714935,18.553552,35.268486,-77.434973,63.234712
POOLED_SENSITIVITY,M30,CCISlope5,NON-STOP,4776,4772,4,0,-2.055540,-18.853135,15.818860,34.671995,-119.953872,104.120965
POOLED_SENSITIVITY,M30,CCISlope5,TARGET,4414,4411,3,0,-2.024446,-18.820306,15.716492,34.536799,-119.953872,104.120965
POOLED_SENSITIVITY,M30,CCISlope5,BE,361,360,1,0,-2.218836,-18.904936,16.417802,35.322738,-69.140989,78.781498
POOLED_SENSITIVITY,M30,CCISlope5,OTHER_NONSTOP,1,1,0,0,5.896843,5.896843,5.896843,0.000000,5.896843,5.896843
POOLED_SENSITIVITY,M30,ADXSlope5,STOP,88,88,0,0,-0.163782,-1.337807,0.603118,1.940925,-4.232593,3.587349
POOLED_SENSITIVITY,M30,ADXSlope5,NON-STOP,4776,4772,4,0,-0.195949,-1.138711,1.082619,2.221330,-6.743044,5.256323
POOLED_SENSITIVITY,M30,ADXSlope5,TARGET,4414,4411,3,0,-0.195584,-1.137053,1.082778,2.219830,-6.743044,5.256323
POOLED_SENSITIVITY,M30,ADXSlope5,BE,361,360,1,0,-0.194331,-1.155918,1.082236,2.238154,-5.067721,4.381961
POOLED_SENSITIVITY,M30,ADXSlope5,OTHER_NONSTOP,1,1,0,0,-1.825630,-1.825630,-1.825630,0.000000,-1.825630,-1.825630
POOLED_SENSITIVITY,M30,ATRRegime,STOP,88,88,0,0,0.937376,0.681584,1.444507,0.762923,0.346192,12.382458
POOLED_SENSITIVITY,M30,ATRRegime,NON-STOP,4776,4772,4,0,0.984764,0.682344,1.418203,0.735860,0.157252,9.457491
POOLED_SENSITIVITY,M30,ATRRegime,TARGET,4414,4411,3,0,0.993339,0.689178,1.426542,0.737364,0.177498,9.457491
POOLED_SENSITIVITY,M30,ATRRegime,BE,361,360,1,0,0.881442,0.630135,1.288028,0.657893,0.157252,4.471834
POOLED_SENSITIVITY,M30,ATRRegime,OTHER_NONSTOP,1,1,0,0,1.243151,1.243151,1.243151,0.000000,1.243151,1.243151
POOLED_SENSITIVITY,M30,EMA20Slope5ATR,STOP,88,88,0,0,-0.007760,-0.069718,0.070094,0.139813,-0.424375,0.637545
POOLED_SENSITIVITY,M30,EMA20Slope5ATR,NON-STOP,4776,4772,4,0,0.017836,-0.068299,0.104621,0.172920,-0.621268,0.988660
POOLED_SENSITIVITY,M30,EMA20Slope5ATR,TARGET,4414,4411,3,0,0.018490,-0.066300,0.105380,0.171680,-0.621268,0.811165
POOLED_SENSITIVITY,M30,EMA20Slope5ATR,BE,361,360,1,0,0.002925,-0.097557,0.100336,0.197893,-0.555342,0.988660
POOLED_SENSITIVITY,M30,EMA20Slope5ATR,OTHER_NONSTOP,1,1,0,0,-0.031790,-0.031790,-0.031790,0.000000,-0.031790,-0.031790
POOLED_SENSITIVITY,M30,EMA50Slope5ATR,STOP,88,88,0,0,0.008560,-0.037912,0.057880,0.095792,-0.210578,0.400889
POOLED_SENSITIVITY,M30,EMA50Slope5ATR,NON-STOP,4776,4772,4,0,0.012998,-0.047408,0.077238,0.124646,-0.606827,0.606277
POOLED_SENSITIVITY,M30,EMA50Slope5ATR,TARGET,4414,4411,3,0,0.013551,-0.046372,0.077710,0.124081,-0.606827,0.606277
POOLED_SENSITIVITY,M30,EMA50Slope5ATR,BE,361,360,1,0,0.004492,-0.060718,0.072146,0.132863,-0.445967,0.510673
POOLED_SENSITIVITY,M30,EMA50Slope5ATR,OTHER_NONSTOP,1,1,0,0,-0.023038,-0.023038,-0.023038,0.000000,-0.023038,-0.023038
POOLED_SENSITIVITY,M30,EMA200Slope5ATR,STOP,88,88,0,0,0.006679,-0.029621,0.028194,0.057815,-0.139308,0.188362
POOLED_SENSITIVITY,M30,EMA200Slope5ATR,NON-STOP,4776,4772,4,0,0.005852,-0.022856,0.040093,0.062950,-0.293989,0.299908
POOLED_SENSITIVITY,M30,EMA200Slope5ATR,TARGET,4414,4411,3,0,0.005993,-0.022200,0.040115,0.062314,-0.293989,0.299908
POOLED_SENSITIVITY,M30,EMA200Slope5ATR,BE,361,360,1,0,0.004506,-0.030515,0.040029,0.070544,-0.232776,0.186548
POOLED_SENSITIVITY,M30,EMA200Slope5ATR,OTHER_NONSTOP,1,1,0,0,0.015227,0.015227,0.015227,0.000000,0.015227,0.015227
POOLED_SENSITIVITY,M30,EMAGap2050ATR,STOP,88,88,0,0,0.125720,-0.545416,0.821816,1.367232,-2.783622,4.404233
POOLED_SENSITIVITY,M30,EMAGap2050ATR,NON-STOP,4776,4772,4,0,0.148138,-0.646004,1.063102,1.709106,-10.368217,8.391673
POOLED_SENSITIVITY,M30,EMAGap2050ATR,TARGET,4414,4411,3,0,0.161577,-0.622570,1.061947,1.684517,-10.368217,8.391673
POOLED_SENSITIVITY,M30,EMAGap2050ATR,BE,361,360,1,0,0.047788,-0.921272,1.080156,2.001428,-6.542743,5.156860
POOLED_SENSITIVITY,M30,EMAGap2050ATR,OTHER_NONSTOP,1,1,0,0,-0.276070,-0.276070,-0.276070,0.000000,-0.276070,-0.276070
POOLED_SENSITIVITY,M30,EMAGap50200ATR,STOP,88,88,0,0,0.316000,-2.032118,2.509266,4.541384,-12.205961,10.964461
POOLED_SENSITIVITY,M30,EMAGap50200ATR,NON-STOP,4776,4772,4,0,0.329624,-1.498476,2.588022,4.086497,-21.835197,20.967377
POOLED_SENSITIVITY,M30,EMAGap50200ATR,TARGET,4414,4411,3,0,0.337419,-1.483720,2.589184,4.072904,-21.835197,20.967377
POOLED_SENSITIVITY,M30,EMAGap50200ATR,BE,361,360,1,0,0.142710,-1.828449,2.600736,4.429185,-15.259560,13.143733
POOLED_SENSITIVITY,M30,EMAGap50200ATR,OTHER_NONSTOP,1,1,0,0,2.004665,2.004665,2.004665,0.000000,2.004665,2.004665
POOLED_SENSITIVITY,M30,EMACompressionATR,STOP,88,88,0,0,2.828092,1.484153,5.933655,4.449502,0.276501,15.368694
POOLED_SENSITIVITY,M30,EMACompressionATR,NON-STOP,4776,4772,4,0,2.965764,1.523899,5.474853,3.950954,0.085401,27.222053
POOLED_SENSITIVITY,M30,EMACompressionATR,TARGET,4414,4411,3,0,2.943157,1.513370,5.374694,3.861324,0.085401,27.222053
POOLED_SENSITIVITY,M30,EMACompressionATR,BE,361,360,1,0,3.209647,1.614109,6.296806,4.682698,0.223706,21.802303
POOLED_SENSITIVITY,M30,EMACompressionATR,OTHER_NONSTOP,1,1,0,0,2.004665,2.004665,2.004665,0.000000,2.004665,2.004665
POOLED_SENSITIVITY,H1,RSI,STOP,88,88,0,0,50.704648,43.934464,57.021904,13.087439,12.956873,75.131896
POOLED_SENSITIVITY,H1,RSI,NON-STOP,4776,4767,9,0,51.549898,43.396672,60.158479,16.761807,10.852422,89.295444
POOLED_SENSITIVITY,H1,RSI,TARGET,4414,4406,8,0,51.614291,43.566001,60.321510,16.755510,10.852422,89.295444
POOLED_SENSITIVITY,H1,RSI,BE,361,360,1,0,49.841490,41.833962,58.391574,16.557612,12.157066,81.573817
POOLED_SENSITIVITY,H1,RSI,OTHER_NONSTOP,1,1,0,0,46.820225,46.820225,46.820225,0.000000,46.820225,46.820225
POOLED_SENSITIVITY,H1,ADX,STOP,88,88,0,0,27.226210,20.799053,34.058982,13.259928,11.515033,62.060454
POOLED_SENSITIVITY,H1,ADX,NON-STOP,4776,4767,9,0,27.428198,21.260645,35.569678,14.309034,9.693425,85.495862
POOLED_SENSITIVITY,H1,ADX,TARGET,4414,4406,8,0,27.595660,21.319496,35.685672,14.366176,9.693425,85.495862
POOLED_SENSITIVITY,H1,ADX,BE,361,360,1,0,25.083672,20.743687,33.894965,13.151278,11.885695,77.431378
POOLED_SENSITIVITY,H1,ADX,OTHER_NONSTOP,1,1,0,0,20.931102,20.931102,20.931102,0.000000,20.931102,20.931102
POOLED_SENSITIVITY,H1,DIPlus,STOP,88,88,0,0,17.612195,13.543516,21.880078,8.336562,4.594983,40.079333
POOLED_SENSITIVITY,H1,DIPlus,NON-STOP,4776,4767,9,0,18.522076,13.677106,24.011594,10.334488,2.118102,51.589949
POOLED_SENSITIVITY,H1,DIPlus,TARGET,4414,4406,8,0,18.528808,13.743225,24.097009,10.353784,2.118102,51.589949
POOLED_SENSITIVITY,H1,DIPlus,BE,361,360,1,0,18.338904,13.223074,23.277557,10.054483,2.661068,40.903087
POOLED_SENSITIVITY,H1,DIPlus,OTHER_NONSTOP,1,1,0,0,14.499064,14.499064,14.499064,0.000000,14.499064,14.499064
POOLED_SENSITIVITY,H1,DIMinus,STOP,88,88,0,0,17.868756,13.740912,21.071905,7.330993,4.188359,38.221611
POOLED_SENSITIVITY,H1,DIMinus,NON-STOP,4776,4767,9,0,16.532892,11.904510,21.869188,9.964679,0.919850,49.934358
POOLED_SENSITIVITY,H1,DIMinus,TARGET,4414,4406,8,0,16.515118,11.797292,21.905717,10.108425,0.919850,49.934358
POOLED_SENSITIVITY,H1,DIMinus,BE,361,360,1,0,16.834882,12.844033,21.619223,8.775190,2.720608,40.023650
POOLED_SENSITIVITY,H1,DIMinus,OTHER_NONSTOP,1,1,0,0,16.625141,16.625141,16.625141,0.000000,16.625141,16.625141
POOLED_SENSITIVITY,H1,DIGap,STOP,88,88,0,0,8.214544,3.853801,13.647490,9.793690,0.077836,34.294214
POOLED_SENSITIVITY,H1,DIGap,NON-STOP,4776,4767,9,0,9.181213,4.344033,15.403982,11.059950,0.006008,50.670099
POOLED_SENSITIVITY,H1,DIGap,TARGET,4414,4406,8,0,9.272091,4.409164,15.532868,11.123704,0.006008,50.670099
POOLED_SENSITIVITY,H1,DIGap,BE,361,360,1,0,8.261880,3.667383,14.142286,10.474903,0.043141,32.822175
POOLED_SENSITIVITY,H1,DIGap,OTHER_NONSTOP,1,1,0,0,2.126078,2.126078,2.126078,0.000000,2.126078,2.126078
POOLED_SENSITIVITY,H1,ATR,STOP,88,88,0,0,6.040000,2.975000,15.100000,12.125000,1.320000,154.040000
POOLED_SENSITIVITY,H1,ATR,NON-STOP,4776,4767,9,0,3.920000,2.530000,6.630000,4.100000,0.620000,175.720000
POOLED_SENSITIVITY,H1,ATR,TARGET,4414,4406,8,0,4.020000,2.592500,6.810000,4.217500,0.620000,175.720000
POOLED_SENSITIVITY,H1,ATR,BE,361,360,1,0,2.800000,1.960000,4.380000,2.420000,0.820000,33.700000
POOLED_SENSITIVITY,H1,ATR,OTHER_NONSTOP,1,1,0,0,9.880000,9.880000,9.880000,0.000000,9.880000,9.880000
POOLED_SENSITIVITY,H1,CCI,STOP,88,88,0,0,-15.470368,-77.795461,82.605686,160.401147,-257.775621,245.035169
POOLED_SENSITIVITY,H1,CCI,NON-STOP,4776,4767,9,0,20.145671,-68.881862,92.632280,161.514142,-412.652605,418.702912
POOLED_SENSITIVITY,H1,CCI,TARGET,4414,4406,8,0,21.560583,-68.498024,93.137824,161.635848,-412.652605,418.702912
POOLED_SENSITIVITY,H1,CCI,BE,361,360,1,0,6.655972,-71.830590,85.013324,156.843915,-333.900359,281.760923
POOLED_SENSITIVITY,H1,CCI,OTHER_NONSTOP,1,1,0,0,-42.669297,-42.669297,-42.669297,0.000000,-42.669297,-42.669297
POOLED_SENSITIVITY,H1,EMA20,STOP,88,88,0,0,1950.680000,1454.730000,4053.067500,2598.337500,1122.600000,5403.010000
POOLED_SENSITIVITY,H1,EMA20,NON-STOP,4776,4767,9,0,1762.550000,1291.680000,2037.200000,745.520000,1059.140000,5412.520000
POOLED_SENSITIVITY,H1,EMA20,TARGET,4414,4406,8,0,1780.135000,1295.937500,2158.812500,862.875000,1059.140000,5412.520000
POOLED_SENSITIVITY,H1,EMA20,BE,361,360,1,0,1325.920000,1248.792500,1816.042500,567.250000,1067.840000,5185.440000
POOLED_SENSITIVITY,H1,EMA20,OTHER_NONSTOP,1,1,0,0,4399.720000,4399.720000,4399.720000,0.000000,4399.720000,4399.720000
POOLED_SENSITIVITY,H1,EMA50,STOP,88,88,0,0,1943.945000,1456.297500,4055.782500,2599.485000,1122.610000,5347.040000
POOLED_SENSITIVITY,H1,EMA50,NON-STOP,4776,4767,9,0,1762.180000,1290.960000,2035.495000,744.535000,1059.760000,5341.180000
POOLED_SENSITIVITY,H1,EMA50,TARGET,4414,4406,8,0,1780.395000,1295.735000,2159.560000,863.825000,1059.760000,5341.180000
POOLED_SENSITIVITY,H1,EMA50,BE,361,360,1,0,1326.335000,1248.570000,1816.620000,568.050000,1066.630000,5166.700000
POOLED_SENSITIVITY,H1,EMA50,OTHER_NONSTOP,1,1,0,0,4394.870000,4394.870000,4394.870000,0.000000,4394.870000,4394.870000
POOLED_SENSITIVITY,H1,EMA100,STOP,88,88,0,0,1943.555000,1457.767500,4076.947500,2619.180000,1124.750000,5256.990000
POOLED_SENSITIVITY,H1,EMA100,NON-STOP,4776,4767,9,0,1757.890000,1291.305000,2034.765000,743.460000,1062.350000,5256.820000
POOLED_SENSITIVITY,H1,EMA100,TARGET,4414,4406,8,0,1778.680000,1295.372500,2159.765000,864.392500,1062.350000,5256.820000
POOLED_SENSITIVITY,H1,EMA100,BE,361,360,1,0,1326.595000,1250.365000,1821.905000,571.540000,1067.930000,5127.600000
POOLED_SENSITIVITY,H1,EMA100,OTHER_NONSTOP,1,1,0,0,4381.120000,4381.120000,4381.120000,0.000000,4381.120000,4381.120000
POOLED_SENSITIVITY,H1,EMA200,STOP,88,88,0,0,1944.245000,1457.307500,4095.877500,2638.570000,1127.430000,5188.750000
POOLED_SENSITIVITY,H1,EMA200,NON-STOP,4776,4767,9,0,1757.360000,1292.115000,2033.660000,741.545000,1067.630000,5187.290000
POOLED_SENSITIVITY,H1,EMA200,TARGET,4414,4406,8,0,1774.800000,1297.177500,2143.682500,846.505000,1067.630000,5187.290000
POOLED_SENSITIVITY,H1,EMA200,BE,361,360,1,0,1325.955000,1247.487500,1823.682500,576.195000,1072.590000,5077.850000
POOLED_SENSITIVITY,H1,EMA200,OTHER_NONSTOP,1,1,0,0,4335.460000,4335.460000,4335.460000,0.000000,4335.460000,4335.460000
POOLED_SENSITIVITY,H1,EMA200DistATR,STOP,88,88,0,0,0.954868,-2.712839,3.878582,6.591422,-14.438538,13.577809
POOLED_SENSITIVITY,H1,EMA200DistATR,NON-STOP,4776,4767,9,0,0.716133,-2.059834,3.899172,5.959006,-22.936301,25.610956
POOLED_SENSITIVITY,H1,EMA200DistATR,TARGET,4414,4406,8,0,0.739534,-2.022567,3.909134,5.931700,-22.936301,25.610956
POOLED_SENSITIVITY,H1,EMA200DistATR,BE,361,360,1,0,0.607475,-2.690900,3.781613,6.472513,-18.577623,20.694673
POOLED_SENSITIVITY,H1,EMA200DistATR,OTHER_NONSTOP,1,1,0,0,5.958113,5.958113,5.958113,0.000000,5.958113,5.958113
POOLED_SENSITIVITY,H1,RSISlope5,STOP,88,88,0,0,-0.147695,-1.600957,0.830344,2.431302,-5.544464,3.725488
POOLED_SENSITIVITY,H1,RSISlope5,NON-STOP,4776,4767,9,0,0.017232,-1.141561,1.222742,2.364303,-8.479417,9.190965
POOLED_SENSITIVITY,H1,RSISlope5,TARGET,4414,4406,8,0,0.021932,-1.153905,1.236554,2.390458,-8.479417,9.190965
POOLED_SENSITIVITY,H1,RSISlope5,BE,361,360,1,0,-0.086100,-1.031738,1.114890,2.146628,-6.457968,6.104335
POOLED_SENSITIVITY,H1,RSISlope5,OTHER_NONSTOP,1,1,0,0,-0.062821,-0.062821,-0.062821,0.000000,-0.062821,-0.062821
POOLED_SENSITIVITY,H1,CCISlope5,STOP,88,88,0,0,-5.469282,-22.614219,10.967942,33.582161,-64.443121,56.769288
POOLED_SENSITIVITY,H1,CCISlope5,NON-STOP,4776,4767,9,0,-0.188275,-17.571782,17.976522,35.548304,-105.172392,98.446906
POOLED_SENSITIVITY,H1,CCISlope5,TARGET,4414,4406,8,0,-0.018676,-17.632432,17.892329,35.524762,-105.172392,98.446906
POOLED_SENSITIVITY,H1,CCISlope5,BE,361,360,1,0,-1.834554,-16.842534,18.499743,35.342277,-58.647846,79.539134
POOLED_SENSITIVITY,H1,CCISlope5,OTHER_NONSTOP,1,1,0,0,3.684731,3.684731,3.684731,0.000000,3.684731,3.684731
POOLED_SENSITIVITY,H1,ADXSlope5,STOP,88,88,0,0,-0.311820,-1.318244,0.924410,2.242654,-2.518746,3.812598
POOLED_SENSITIVITY,H1,ADXSlope5,NON-STOP,4776,4767,9,0,-0.196481,-1.238050,1.139134,2.377184,-5.633082,5.212113
POOLED_SENSITIVITY,H1,ADXSlope5,TARGET,4414,4406,8,0,-0.186934,-1.240609,1.151924,2.392533,-5.633082,5.212113
POOLED_SENSITIVITY,H1,ADXSlope5,BE,361,360,1,0,-0.302986,-1.190099,0.984836,2.174934,-4.697322,4.584114
POOLED_SENSITIVITY,H1,ADXSlope5,OTHER_NONSTOP,1,1,0,0,-0.801362,-0.801362,-0.801362,0.000000,-0.801362,-0.801362
POOLED_SENSITIVITY,H1,ATRRegime,STOP,88,88,0,0,1.022422,0.772980,1.416259,0.643280,0.205935,2.331433
POOLED_SENSITIVITY,H1,ATRRegime,NON-STOP,4776,4767,9,0,1.049630,0.710052,1.468805,0.758754,0.149042,5.771263
POOLED_SENSITIVITY,H1,ATRRegime,TARGET,4414,4406,8,0,1.059457,0.717770,1.474444,0.756674,0.149042,5.771263
POOLED_SENSITIVITY,H1,ATRRegime,BE,361,360,1,0,0.955243,0.603587,1.420357,0.816770,0.185495,4.662063
POOLED_SENSITIVITY,H1,ATRRegime,OTHER_NONSTOP,1,1,0,0,1.003299,1.003299,1.003299,0.000000,1.003299,1.003299
POOLED_SENSITIVITY,H1,EMA20Slope5ATR,STOP,88,88,0,0,0.016280,-0.068178,0.088334,0.156512,-0.313345,0.484329
POOLED_SENSITIVITY,H1,EMA20Slope5ATR,NON-STOP,4776,4767,9,0,0.019492,-0.068127,0.116506,0.184632,-0.688036,0.795441
POOLED_SENSITIVITY,H1,EMA20Slope5ATR,TARGET,4414,4406,8,0,0.020756,-0.066586,0.117390,0.183977,-0.688036,0.795441
POOLED_SENSITIVITY,H1,EMA20Slope5ATR,BE,361,360,1,0,0.003832,-0.091999,0.096836,0.188834,-0.606866,0.595107
POOLED_SENSITIVITY,H1,EMA20Slope5ATR,OTHER_NONSTOP,1,1,0,0,-0.063793,-0.063793,-0.063793,0.000000,-0.063793,-0.063793
POOLED_SENSITIVITY,H1,EMA50Slope5ATR,STOP,88,88,0,0,0.014454,-0.044250,0.053890,0.098140,-0.212577,0.275410
POOLED_SENSITIVITY,H1,EMA50Slope5ATR,NON-STOP,4776,4767,9,0,0.011504,-0.049134,0.078212,0.127345,-0.484339,0.496618
POOLED_SENSITIVITY,H1,EMA50Slope5ATR,TARGET,4414,4406,8,0,0.012938,-0.048206,0.078976,0.127183,-0.484339,0.496618
POOLED_SENSITIVITY,H1,EMA50Slope5ATR,BE,361,360,1,0,0.001283,-0.057980,0.066356,0.124336,-0.371221,0.300014
POOLED_SENSITIVITY,H1,EMA50Slope5ATR,OTHER_NONSTOP,1,1,0,0,-0.000250,-0.000250,-0.000250,0.000000,-0.000250,-0.000250
POOLED_SENSITIVITY,H1,EMA200Slope5ATR,STOP,88,88,0,0,0.009355,-0.024850,0.040287,0.065138,-0.149168,0.128811
POOLED_SENSITIVITY,H1,EMA200Slope5ATR,NON-STOP,4776,4767,9,0,0.007050,-0.020074,0.038412,0.058486,-0.234719,0.273338
POOLED_SENSITIVITY,H1,EMA200Slope5ATR,TARGET,4414,4406,8,0,0.007128,-0.019690,0.038448,0.058138,-0.234719,0.273338
POOLED_SENSITIVITY,H1,EMA200Slope5ATR,BE,361,360,1,0,0.005210,-0.026043,0.036988,0.063030,-0.186952,0.212450
POOLED_SENSITIVITY,H1,EMA200Slope5ATR,OTHER_NONSTOP,1,1,0,0,0.061555,0.061555,0.061555,0.000000,0.061555,0.061555
POOLED_SENSITIVITY,H1,EMAGap2050ATR,STOP,88,88,0,0,0.123000,-0.767906,0.777702,1.545608,-3.130756,3.688200
POOLED_SENSITIVITY,H1,EMAGap2050ATR,NON-STOP,4776,4767,9,0,0.107037,-0.646056,0.966974,1.613030,-6.548028,6.401197
POOLED_SENSITIVITY,H1,EMAGap2050ATR,TARGET,4414,4406,8,0,0.112611,-0.641316,0.975380,1.616696,-6.365142,6.401197
POOLED_SENSITIVITY,H1,EMAGap2050ATR,BE,361,360,1,0,0.053767,-0.700958,0.939404,1.640362,-6.548028,4.910223
POOLED_SENSITIVITY,H1,EMAGap2050ATR,OTHER_NONSTOP,1,1,0,0,0.490946,0.490946,0.490946,0.000000,0.490946,0.490946
POOLED_SENSITIVITY,H1,EMAGap50200ATR,STOP,88,88,0,0,0.893753,-2.263161,2.820399,5.083560,-12.247561,6.946139
POOLED_SENSITIVITY,H1,EMAGap50200ATR,NON-STOP,4776,4767,9,0,0.386560,-1.482914,2.735656,4.218570,-21.390915,20.252977
POOLED_SENSITIVITY,H1,EMAGap50200ATR,TARGET,4414,4406,8,0,0.393888,-1.463484,2.735664,4.199148,-21.390915,20.252977
POOLED_SENSITIVITY,H1,EMAGap50200ATR,BE,361,360,1,0,0.317090,-2.054767,2.702582,4.757349,-12.792806,14.617646
POOLED_SENSITIVITY,H1,EMAGap50200ATR,OTHER_NONSTOP,1,1,0,0,6.011478,6.011478,6.011478,0.000000,6.011478,6.011478
POOLED_SENSITIVITY,H1,EMACompressionATR,STOP,88,88,0,0,3.319540,1.492631,5.808342,4.315712,0.095633,14.932608
POOLED_SENSITIVITY,H1,EMACompressionATR,NON-STOP,4776,4767,9,0,2.940107,1.570666,5.097899,3.527233,0.018050,24.496547
POOLED_SENSITIVITY,H1,EMACompressionATR,TARGET,4414,4406,8,0,2.918112,1.563426,5.078156,3.514729,0.018050,24.496547
POOLED_SENSITIVITY,H1,EMACompressionATR,BE,361,360,1,0,3.256788,1.779242,5.309271,3.530029,0.114168,19.167017
POOLED_SENSITIVITY,H1,EMACompressionATR,OTHER_NONSTOP,1,1,0,0,6.502424,6.502424,6.502424,0.000000,6.502424,6.502424
POOLED_SENSITIVITY,H4,RSI,STOP,88,87,1,0,51.356081,42.743436,60.105958,17.362521,13.636957,89.024112
POOLED_SENSITIVITY,H4,RSI,NON-STOP,4776,4730,46,0,51.317944,43.843277,60.214378,16.371101,15.399328,91.938604
POOLED_SENSITIVITY,H4,RSI,TARGET,4414,4369,45,0,51.392124,43.915532,60.270131,16.354599,15.399328,91.938604
POOLED_SENSITIVITY,H4,RSI,BE,361,360,1,0,50.500112,42.559533,58.515865,15.956332,16.392907,81.015120
POOLED_SENSITIVITY,H4,RSI,OTHER_NONSTOP,1,1,0,0,53.561953,53.561953,53.561953,0.000000,53.561953,53.561953
POOLED_SENSITIVITY,H4,ADX,STOP,88,87,1,0,28.444734,22.439851,35.295632,12.855780,12.403966,56.031998
POOLED_SENSITIVITY,H4,ADX,NON-STOP,4776,4730,46,0,27.697790,21.504144,36.278782,14.774638,9.686789,83.761075
POOLED_SENSITIVITY,H4,ADX,TARGET,4414,4369,45,0,27.728215,21.466059,36.295509,14.829450,9.686789,83.761075
POOLED_SENSITIVITY,H4,ADX,BE,361,360,1,0,27.235176,21.769436,35.849736,14.080300,9.913170,79.055456
POOLED_SENSITIVITY,H4,ADX,OTHER_NONSTOP,1,1,0,0,37.230204,37.230204,37.230204,0.000000,37.230204,37.230204
POOLED_SENSITIVITY,H4,DIPlus,STOP,88,87,1,0,17.346828,14.194538,23.265359,9.070820,5.178188,35.039139
POOLED_SENSITIVITY,H4,DIPlus,NON-STOP,4776,4730,46,0,18.710430,13.785483,24.268490,10.483008,1.268912,51.291678
POOLED_SENSITIVITY,H4,DIPlus,TARGET,4414,4369,45,0,18.778316,13.879665,24.465379,10.585714,1.268912,51.291678
POOLED_SENSITIVITY,H4,DIPlus,BE,361,360,1,0,17.808986,12.424726,22.504508,10.079781,2.607024,42.669195
POOLED_SENSITIVITY,H4,DIPlus,OTHER_NONSTOP,1,1,0,0,12.802811,12.802811,12.802811,0.000000,12.802811,12.802811
POOLED_SENSITIVITY,H4,DIMinus,STOP,88,87,1,0,16.692870,13.063528,21.816927,8.753400,3.751842,42.814818
POOLED_SENSITIVITY,H4,DIMinus,NON-STOP,4776,4730,46,0,17.015492,11.995482,22.070197,10.074714,1.318913,44.895688
POOLED_SENSITIVITY,H4,DIMinus,TARGET,4414,4369,45,0,16.937754,11.910750,22.046712,10.135962,1.705293,44.895688
POOLED_SENSITIVITY,H4,DIMinus,BE,361,360,1,0,18.029184,12.836507,22.764008,9.927501,1.318913,38.200724
POOLED_SENSITIVITY,H4,DIMinus,OTHER_NONSTOP,1,1,0,0,9.851509,9.851509,9.851509,0.000000,9.851509,9.851509
POOLED_SENSITIVITY,H4,DIGap,STOP,88,87,1,0,8.085113,4.810378,16.126848,11.316470,0.142939,34.046243
POOLED_SENSITIVITY,H4,DIGap,NON-STOP,4776,4730,46,0,9.637866,4.592682,16.343256,11.750574,0.004479,46.636562
POOLED_SENSITIVITY,H4,DIGap,TARGET,4414,4369,45,0,9.704874,4.601018,16.365058,11.764040,0.004479,46.636562
POOLED_SENSITIVITY,H4,DIGap,BE,361,360,1,0,9.093135,4.491303,15.996478,11.505175,0.024224,36.698313
POOLED_SENSITIVITY,H4,DIGap,OTHER_NONSTOP,1,1,0,0,2.951302,2.951302,2.951302,0.000000,2.951302,2.951302
POOLED_SENSITIVITY,H4,ATR,STOP,88,87,1,0,10.900000,5.640000,31.195000,25.555000,3.290000,234.740000
POOLED_SENSITIVITY,H4,ATR,NON-STOP,4776,4730,46,0,7.500000,5.090000,11.960000,6.870000,1.120000,289.760000
POOLED_SENSITIVITY,H4,ATR,TARGET,4414,4369,45,0,7.700000,5.190000,12.280000,7.090000,1.120000,289.760000
POOLED_SENSITIVITY,H4,ATR,BE,361,360,1,0,5.720000,3.972500,8.420000,4.447500,1.980000,50.250000
POOLED_SENSITIVITY,H4,ATR,OTHER_NONSTOP,1,1,0,0,23.240000,23.240000,23.240000,0.000000,23.240000,23.240000
POOLED_SENSITIVITY,H4,CCI,STOP,88,87,1,0,19.830535,-63.018848,90.179736,153.198584,-244.006347,305.169666
POOLED_SENSITIVITY,H4,CCI,NON-STOP,4776,4730,46,0,19.381696,-72.010714,96.848400,168.859114,-386.545826,466.666667
POOLED_SENSITIVITY,H4,CCI,TARGET,4414,4369,45,0,20.558116,-70.808300,97.896633,168.704933,-386.545826,466.666667
POOLED_SENSITIVITY,H4,CCI,BE,361,360,1,0,5.472274,-80.790286,82.972492,163.762778,-347.494536,354.438013
POOLED_SENSITIVITY,H4,CCI,OTHER_NONSTOP,1,1,0,0,3.073824,3.073824,3.073824,0.000000,3.073824,3.073824
POOLED_SENSITIVITY,H4,EMA20,STOP,88,87,1,0,1948.380000,1578.515000,4070.805000,2492.290000,1123.550000,5288.850000
POOLED_SENSITIVITY,H4,EMA20,NON-STOP,4776,4730,46,0,1764.960000,1293.082500,2040.582500,747.500000,1060.890000,5288.850000
POOLED_SENSITIVITY,H4,EMA20,TARGET,4414,4369,45,0,1781.920000,1297.580000,2166.320000,868.740000,1060.890000,5288.850000
POOLED_SENSITIVITY,H4,EMA20,BE,361,360,1,0,1326.080000,1249.960000,1819.580000,569.620000,1066.670000,5145.480000
POOLED_SENSITIVITY,H4,EMA20,OTHER_NONSTOP,1,1,0,0,4390.380000,4390.380000,4390.380000,0.000000,4390.380000,4390.380000
POOLED_SENSITIVITY,H4,EMA50,STOP,88,87,1,0,1963.330000,1574.990000,4095.720000,2520.730000,1127.310000,5201.210000
POOLED_SENSITIVITY,H4,EMA50,NON-STOP,4776,4730,46,0,1763.555000,1295.430000,2038.650000,743.220000,1065.540000,5201.210000
POOLED_SENSITIVITY,H4,EMA50,TARGET,4414,4369,45,0,1780.670000,1297.780000,2153.250000,855.470000,1065.540000,5201.210000
POOLED_SENSITIVITY,H4,EMA50,BE,361,360,1,0,1325.870000,1248.650000,1823.945000,575.295000,1070.630000,5082.170000
POOLED_SENSITIVITY,H4,EMA50,OTHER_NONSTOP,1,1,0,0,4344.790000,4344.790000,4344.790000,0.000000,4344.790000,4344.790000
POOLED_SENSITIVITY,H4,EMA100,STOP,88,87,1,0,1947.290000,1566.945000,4076.095000,2509.150000,1127.630000,5134.540000
POOLED_SENSITIVITY,H4,EMA100,NON-STOP,4776,4730,46,0,1762.345000,1295.705000,2035.372500,739.667500,1072.580000,5134.800000
POOLED_SENSITIVITY,H4,EMA100,TARGET,4414,4369,45,0,1776.090000,1299.300000,2127.800000,828.500000,1072.580000,5134.800000
POOLED_SENSITIVITY,H4,EMA100,BE,361,360,1,0,1320.645000,1248.877500,1820.530000,571.652500,1075.720000,5026.530000
POOLED_SENSITIVITY,H4,EMA100,OTHER_NONSTOP,1,1,0,0,4271.590000,4271.590000,4271.590000,0.000000,4271.590000,4271.590000
POOLED_SENSITIVITY,H4,EMA200,STOP,88,87,1,0,1925.190000,1554.290000,4149.890000,2595.600000,1126.940000,5036.830000
POOLED_SENSITIVITY,H4,EMA200,NON-STOP,4776,4730,46,0,1767.660000,1293.657500,2029.802500,736.145000,1084.760000,5043.960000
POOLED_SENSITIVITY,H4,EMA200,TARGET,4414,4369,45,0,1774.060000,1299.530000,2093.790000,794.260000,1084.760000,5043.960000
POOLED_SENSITIVITY,H4,EMA200,BE,361,360,1,0,1306.955000,1250.095000,1813.315000,563.220000,1089.400000,4909.190000
POOLED_SENSITIVITY,H4,EMA200,OTHER_NONSTOP,1,1,0,0,4221.550000,4221.550000,4221.550000,0.000000,4221.550000,4221.550000
POOLED_SENSITIVITY,H4,EMA200DistATR,STOP,88,87,1,0,0.533737,-2.713369,4.774036,7.487405,-10.911145,12.421752
POOLED_SENSITIVITY,H4,EMA200DistATR,NON-STOP,4776,4730,46,0,1.044316,-2.193750,4.559667,6.753417,-26.143128,17.933325
POOLED_SENSITIVITY,H4,EMA200DistATR,TARGET,4414,4369,45,0,1.076079,-2.152688,4.576575,6.729263,-26.143128,17.933325
POOLED_SENSITIVITY,H4,EMA200DistATR,BE,361,360,1,0,0.604838,-2.770159,4.268257,7.038416,-15.726200,17.336142
POOLED_SENSITIVITY,H4,EMA200DistATR,OTHER_NONSTOP,1,1,0,0,7.497818,7.497818,7.497818,0.000000,7.497818,7.497818
POOLED_SENSITIVITY,H4,RSISlope5,STOP,88,87,1,0,0.130816,-0.986190,1.170591,2.156781,-5.229915,5.187613
POOLED_SENSITIVITY,H4,RSISlope5,NON-STOP,4776,4730,46,0,0.164389,-1.196592,1.453030,2.649622,-7.921589,9.628579
POOLED_SENSITIVITY,H4,RSISlope5,TARGET,4414,4369,45,0,0.180954,-1.180972,1.493764,2.674736,-7.921589,7.658959
POOLED_SENSITIVITY,H4,RSISlope5,BE,361,360,1,0,-0.081943,-1.369139,1.039933,2.409072,-7.068591,9.628579
POOLED_SENSITIVITY,H4,RSISlope5,OTHER_NONSTOP,1,1,0,0,-1.854036,-1.854036,-1.854036,0.000000,-1.854036,-1.854036
POOLED_SENSITIVITY,H4,CCISlope5,STOP,88,87,1,0,0.103191,-13.475018,18.087776,31.562794,-49.448911,67.981795
POOLED_SENSITIVITY,H4,CCISlope5,NON-STOP,4776,4730,46,0,1.314318,-15.444398,19.175201,34.619599,-102.340793,99.990866
POOLED_SENSITIVITY,H4,CCISlope5,TARGET,4414,4369,45,0,1.650988,-15.246296,19.744397,34.990693,-102.340793,99.990866
POOLED_SENSITIVITY,H4,CCISlope5,BE,361,360,1,0,-1.256169,-17.011213,14.107652,31.118865,-93.404344,85.608108
POOLED_SENSITIVITY,H4,CCISlope5,OTHER_NONSTOP,1,1,0,0,-26.091416,-26.091416,-26.091416,0.000000,-26.091416,-26.091416
POOLED_SENSITIVITY,H4,ADXSlope5,STOP,88,87,1,0,-0.498972,-1.527301,0.800396,2.327696,-3.308649,4.303858
POOLED_SENSITIVITY,H4,ADXSlope5,NON-STOP,4776,4730,46,0,-0.188908,-1.184405,1.120857,2.305262,-6.825762,5.179896
POOLED_SENSITIVITY,H4,ADXSlope5,TARGET,4414,4369,45,0,-0.189032,-1.192694,1.128903,2.321597,-6.825762,5.179896
POOLED_SENSITIVITY,H4,ADXSlope5,BE,361,360,1,0,-0.182194,-1.157700,1.001632,2.159332,-4.810989,4.586711
POOLED_SENSITIVITY,H4,ADXSlope5,OTHER_NONSTOP,1,1,0,0,-0.970346,-0.970346,-0.970346,0.000000,-0.970346,-0.970346
POOLED_SENSITIVITY,H4,ATRRegime,STOP,88,87,1,0,0.937795,0.702039,1.290944,0.588905,0.465178,5.823691
POOLED_SENSITIVITY,H4,ATRRegime,NON-STOP,4776,4730,46,0,0.983574,0.737917,1.321445,0.583528,0.266642,10.947818
POOLED_SENSITIVITY,H4,ATRRegime,TARGET,4414,4369,45,0,0.983493,0.737941,1.320151,0.582210,0.266642,10.947818
POOLED_SENSITIVITY,H4,ATRRegime,BE,361,360,1,0,0.987190,0.737968,1.341967,0.603999,0.323389,4.937371
POOLED_SENSITIVITY,H4,ATRRegime,OTHER_NONSTOP,1,1,0,0,0.674061,0.674061,0.674061,0.000000,0.674061,0.674061
POOLED_SENSITIVITY,H4,EMA20Slope5ATR,STOP,88,87,1,0,0.017763,-0.067968,0.090946,0.158915,-0.397923,0.300766
POOLED_SENSITIVITY,H4,EMA20Slope5ATR,NON-STOP,4776,4730,46,0,0.012556,-0.070341,0.108470,0.178810,-0.578477,0.660377
POOLED_SENSITIVITY,H4,EMA20Slope5ATR,TARGET,4414,4369,45,0,0.013212,-0.069853,0.109196,0.179049,-0.578477,0.660377
POOLED_SENSITIVITY,H4,EMA20Slope5ATR,BE,361,360,1,0,0.004708,-0.082750,0.100855,0.183606,-0.518584,0.454036
POOLED_SENSITIVITY,H4,EMA20Slope5ATR,OTHER_NONSTOP,1,1,0,0,0.076861,0.076861,0.076861,0.000000,0.076861,0.076861
POOLED_SENSITIVITY,H4,EMA50Slope5ATR,STOP,88,87,1,0,0.018839,-0.055368,0.067493,0.122861,-0.279198,0.200502
POOLED_SENSITIVITY,H4,EMA50Slope5ATR,NON-STOP,4776,4730,46,0,0.011184,-0.040877,0.070164,0.111042,-0.412879,0.367394
POOLED_SENSITIVITY,H4,EMA50Slope5ATR,TARGET,4414,4369,45,0,0.011895,-0.040510,0.070666,0.111176,-0.412879,0.362875
POOLED_SENSITIVITY,H4,EMA50Slope5ATR,BE,361,360,1,0,0.007327,-0.044509,0.065920,0.110429,-0.291612,0.367394
POOLED_SENSITIVITY,H4,EMA50Slope5ATR,OTHER_NONSTOP,1,1,0,0,0.114794,0.114794,0.114794,0.000000,0.114794,0.114794
POOLED_SENSITIVITY,H4,EMA200Slope5ATR,STOP,88,87,1,0,0.007690,-0.030942,0.046256,0.077199,-0.108649,0.128828
POOLED_SENSITIVITY,H4,EMA200Slope5ATR,NON-STOP,4776,4730,46,0,0.010548,-0.022631,0.045344,0.067976,-0.275897,0.188340
POOLED_SENSITIVITY,H4,EMA200Slope5ATR,TARGET,4414,4369,45,0,0.010779,-0.022124,0.045434,0.067558,-0.275897,0.188340
POOLED_SENSITIVITY,H4,EMA200Slope5ATR,BE,361,360,1,0,0.006294,-0.026798,0.043268,0.070065,-0.155590,0.174311
POOLED_SENSITIVITY,H4,EMA200Slope5ATR,OTHER_NONSTOP,1,1,0,0,0.081152,0.081152,0.081152,0.000000,0.081152,0.081152
POOLED_SENSITIVITY,H4,EMAGap2050ATR,STOP,88,87,1,0,0.289983,-0.931236,1.024966,1.956202,-3.757796,2.849429
POOLED_SENSITIVITY,H4,EMAGap2050ATR,NON-STOP,4776,4730,46,0,0.159820,-0.569283,1.022708,1.591992,-5.454567,4.965458
POOLED_SENSITIVITY,H4,EMAGap2050ATR,TARGET,4414,4369,45,0,0.161070,-0.552213,1.022629,1.574842,-5.454567,4.965458
POOLED_SENSITIVITY,H4,EMAGap2050ATR,BE,361,360,1,0,0.107644,-0.727957,1.024340,1.752297,-3.575595,4.834127
POOLED_SENSITIVITY,H4,EMAGap2050ATR,OTHER_NONSTOP,1,1,0,0,1.961223,1.961223,1.961223,0.000000,1.961223,1.961223
POOLED_SENSITIVITY,H4,EMAGap50200ATR,STOP,88,87,1,0,1.047019,-1.671112,3.368852,5.039963,-6.656728,10.430171
POOLED_SENSITIVITY,H4,EMAGap50200ATR,NON-STOP,4776,4730,46,0,0.801117,-1.775294,3.263584,5.038878,-22.081763,14.200217
POOLED_SENSITIVITY,H4,EMAGap50200ATR,TARGET,4414,4369,45,0,0.831838,-1.776503,3.262893,5.039396,-22.081763,14.200217
POOLED_SENSITIVITY,H4,EMAGap50200ATR,BE,361,360,1,0,0.181708,-1.733226,3.271492,5.004717,-12.636415,10.730830
POOLED_SENSITIVITY,H4,EMAGap50200ATR,OTHER_NONSTOP,1,1,0,0,5.301922,5.301922,5.301922,0.000000,5.301922,5.301922
POOLED_SENSITIVITY,H4,EMACompressionATR,STOP,88,87,1,0,3.650146,2.020827,4.855090,2.834264,0.343513,12.070158
POOLED_SENSITIVITY,H4,EMACompressionATR,NON-STOP,4776,4730,46,0,3.255692,1.835285,5.424836,3.589551,0.072035,25.840412
POOLED_SENSITIVITY,H4,EMACompressionATR,TARGET,4414,4369,45,0,3.261168,1.838944,5.425566,3.586622,0.072035,25.840412
POOLED_SENSITIVITY,H4,EMACompressionATR,BE,361,360,1,0,3.241228,1.801068,5.396022,3.594954,0.164264,14.967521
POOLED_SENSITIVITY,H4,EMACompressionATR,OTHER_NONSTOP,1,1,0,0,7.263146,7.263146,7.263146,0.000000,7.263146,7.263146
