Direction,TF,Feature,Outcome,Value,N_total,N_complete,N_missing,Count,Pct_of_all_group,Pct_of_nonmissing
BUY,M1,DIStatus,STOP,+,75,75,0,50,66.666667,66.666667
BUY,M1,DIStatus,STOP,-,75,75,0,25,33.333333,33.333333
BUY,M1,DIStatus,STOP,[MISSING],75,75,0,0,0.000000,
BUY,M1,DIStatus,NON-STOP,+,3538,3538,0,1935,54.691916,54.691916
BUY,M1,DIStatus,NON-STOP,-,3538,3538,0,1603,45.308084,45.308084
BUY,M1,DIStatus,NON-STOP,[MISSING],3538,3538,0,0,0.000000,
BUY,M1,DIStatus,TARGET,+,3255,3255,0,1762,54.132104,54.132104
BUY,M1,DIStatus,TARGET,-,3255,3255,0,1493,45.867896,45.867896
BUY,M1,DIStatus,TARGET,[MISSING],3255,3255,0,0,0.000000,
BUY,M1,DIStatus,BE,+,282,282,0,172,60.992908,60.992908
BUY,M1,DIStatus,BE,-,282,282,0,110,39.007092,39.007092
BUY,M1,DIStatus,BE,[MISSING],282,282,0,0,0.000000,
BUY,M1,DIStatus,OTHER_NONSTOP,+,1,1,0,1,100.000000,100.000000
BUY,M1,DIStatus,OTHER_NONSTOP,-,1,1,0,0,0.000000,0.000000
BUY,M1,DIStatus,OTHER_NONSTOP,[MISSING],1,1,0,0,0.000000,
BUY,M1,EMAOrder,STOP,E100>E200>E20>E50,75,75,0,0,0.000000,0.000000
BUY,M1,EMAOrder,STOP,E100>E200>E50>E20,75,75,0,6,8.000000,8.000000
BUY,M1,EMAOrder,STOP,E100>E20>E50>E200,75,75,0,1,1.333333,1.333333
BUY,M1,EMAOrder,STOP,E100>E50>E200>E20,75,75,0,4,5.333333,5.333333
BUY,M1,EMAOrder,STOP,E100>E50>E20>E200,75,75,0,3,4.000000,4.000000
BUY,M1,EMAOrder,STOP,E200>E100>E20>E50,75,75,0,3,4.000000,4.000000
BUY,M1,EMAOrder,STOP,E200>E100>E50>E20,75,75,0,30,40.000000,40.000000
BUY,M1,EMAOrder,STOP,E200>E20>E100>E50,75,75,0,0,0.000000,0.000000
BUY,M1,EMAOrder,STOP,E200>E20>E50>E100,75,75,0,0,0.000000,0.000000
BUY,M1,EMAOrder,STOP,E200>E50>E100>E20,75,75,0,1,1.333333,1.333333
BUY,M1,EMAOrder,STOP,E200>E50>E20>E100,75,75,0,1,1.333333,1.333333
BUY,M1,EMAOrder,STOP,E20>E100>E200>E50,75,75,0,0,0.000000,0.000000
BUY,M1,EMAOrder,STOP,E20>E100>E50>E200,75,75,0,0,0.000000,0.000000
BUY,M1,EMAOrder,STOP,E20>E200>E100>E50,75,75,0,1,1.333333,1.333333
BUY,M1,EMAOrder,STOP,E20>E200>E50>E100,75,75,0,0,0.000000,0.000000
BUY,M1,EMAOrder,STOP,E20>E50>E100>E200,75,75,0,4,5.333333,5.333333
BUY,M1,EMAOrder,STOP,E20>E50>E200>E100,75,75,0,1,1.333333,1.333333
BUY,M1,EMAOrder,STOP,E50>E100>E200>E20,75,75,0,2,2.666667,2.666667
BUY,M1,EMAOrder,STOP,E50>E100>E20>E200,75,75,0,5,6.666667,6.666667
BUY,M1,EMAOrder,STOP,E50>E200>E100>E20,75,75,0,0,0.000000,0.000000
BUY,M1,EMAOrder,STOP,E50>E200>E20>E100,75,75,0,0,0.000000,0.000000
BUY,M1,EMAOrder,STOP,E50>E20>E100>E200,75,75,0,13,17.333333,17.333333
BUY,M1,EMAOrder,STOP,E50>E20>E200>E100,75,75,0,0,0.000000,0.000000
BUY,M1,EMAOrder,STOP,[MISSING],75,75,0,0,0.000000,
BUY,M1,EMAOrder,NON-STOP,E100>E200>E20>E50,3538,3538,0,0,0.000000,0.000000
BUY,M1,EMAOrder,NON-STOP,E100>E200>E50>E20,3538,3538,0,267,7.546637,7.546637
BUY,M1,EMAOrder,NON-STOP,E100>E20>E50>E200,3538,3538,0,3,0.084794,0.084794
BUY,M1,EMAOrder,NON-STOP,E100>E50>E200>E20,3538,3538,0,285,8.055399,8.055399
BUY,M1,EMAOrder,NON-STOP,E100>E50>E20>E200,3538,3538,0,119,3.363482,3.363482
BUY,M1,EMAOrder,NON-STOP,E200>E100>E20>E50,3538,3538,0,36,1.017524,1.017524
BUY,M1,EMAOrder,NON-STOP,E200>E100>E50>E20,3538,3538,0,1748,49.406444,49.406444
BUY,M1,EMAOrder,NON-STOP,E200>E20>E100>E50,3538,3538,0,11,0.310910,0.310910
BUY,M1,EMAOrder,NON-STOP,E200>E20>E50>E100,3538,3538,0,31,0.876201,0.876201
BUY,M1,EMAOrder,NON-STOP,E200>E50>E100>E20,3538,3538,0,27,0.763143,0.763143
BUY,M1,EMAOrder,NON-STOP,E200>E50>E20>E100,3538,3538,0,12,0.339175,0.339175
BUY,M1,EMAOrder,NON-STOP,E20>E100>E200>E50,3538,3538,0,0,0.000000,0.000000
BUY,M1,EMAOrder,NON-STOP,E20>E100>E50>E200,3538,3538,0,3,0.084794,0.084794
BUY,M1,EMAOrder,NON-STOP,E20>E200>E100>E50,3538,3538,0,1,0.028265,0.028265
BUY,M1,EMAOrder,NON-STOP,E20>E200>E50>E100,3538,3538,0,17,0.480497,0.480497
BUY,M1,EMAOrder,NON-STOP,E20>E50>E100>E200,3538,3538,0,324,9.157716,9.157716
BUY,M1,EMAOrder,NON-STOP,E20>E50>E200>E100,3538,3538,0,32,0.904466,0.904466
BUY,M1,EMAOrder,NON-STOP,E50>E100>E200>E20,3538,3538,0,60,1.695873,1.695873
BUY,M1,EMAOrder,NON-STOP,E50>E100>E20>E200,3538,3538,0,247,6.981345,6.981345
BUY,M1,EMAOrder,NON-STOP,E50>E200>E100>E20,3538,3538,0,10,0.282646,0.282646
BUY,M1,EMAOrder,NON-STOP,E50>E200>E20>E100,3538,3538,0,3,0.084794,0.084794
BUY,M1,EMAOrder,NON-STOP,E50>E20>E100>E200,3538,3538,0,293,8.281515,8.281515
BUY,M1,EMAOrder,NON-STOP,E50>E20>E200>E100,3538,3538,0,9,0.254381,0.254381
BUY,M1,EMAOrder,NON-STOP,[MISSING],3538,3538,0,0,0.000000,
BUY,M1,EMAOrder,TARGET,E100>E200>E20>E50,3255,3255,0,0,0.000000,0.000000
BUY,M1,EMAOrder,TARGET,E100>E200>E50>E20,3255,3255,0,248,7.619048,7.619048
BUY,M1,EMAOrder,TARGET,E100>E20>E50>E200,3255,3255,0,2,0.061444,0.061444
BUY,M1,EMAOrder,TARGET,E100>E50>E200>E20,3255,3255,0,263,8.079877,8.079877
BUY,M1,EMAOrder,TARGET,E100>E50>E20>E200,3255,3255,0,106,3.256528,3.256528
BUY,M1,EMAOrder,TARGET,E200>E100>E20>E50,3255,3255,0,32,0.983103,0.983103
BUY,M1,EMAOrder,TARGET,E200>E100>E50>E20,3255,3255,0,1609,49.431644,49.431644
BUY,M1,EMAOrder,TARGET,E200>E20>E100>E50,3255,3255,0,10,0.307220,0.307220
BUY,M1,EMAOrder,TARGET,E200>E20>E50>E100,3255,3255,0,31,0.952381,0.952381
BUY,M1,EMAOrder,TARGET,E200>E50>E100>E20,3255,3255,0,24,0.737327,0.737327
BUY,M1,EMAOrder,TARGET,E200>E50>E20>E100,3255,3255,0,12,0.368664,0.368664
BUY,M1,EMAOrder,TARGET,E20>E100>E200>E50,3255,3255,0,0,0.000000,0.000000
BUY,M1,EMAOrder,TARGET,E20>E100>E50>E200,3255,3255,0,3,0.092166,0.092166
BUY,M1,EMAOrder,TARGET,E20>E200>E100>E50,3255,3255,0,1,0.030722,0.030722
BUY,M1,EMAOrder,TARGET,E20>E200>E50>E100,3255,3255,0,15,0.460829,0.460829
BUY,M1,EMAOrder,TARGET,E20>E50>E100>E200,3255,3255,0,291,8.940092,8.940092
BUY,M1,EMAOrder,TARGET,E20>E50>E200>E100,3255,3255,0,30,0.921659,0.921659
BUY,M1,EMAOrder,TARGET,E50>E100>E200>E20,3255,3255,0,56,1.720430,1.720430
BUY,M1,EMAOrder,TARGET,E50>E100>E20>E200,3255,3255,0,229,7.035330,7.035330
BUY,M1,EMAOrder,TARGET,E50>E200>E100>E20,3255,3255,0,8,0.245776,0.245776
BUY,M1,EMAOrder,TARGET,E50>E200>E20>E100,3255,3255,0,3,0.092166,0.092166
BUY,M1,EMAOrder,TARGET,E50>E20>E100>E200,3255,3255,0,275,8.448541,8.448541
BUY,M1,EMAOrder,TARGET,E50>E20>E200>E100,3255,3255,0,7,0.215054,0.215054
BUY,M1,EMAOrder,TARGET,[MISSING],3255,3255,0,0,0.000000,
BUY,M1,EMAOrder,BE,E100>E200>E20>E50,282,282,0,0,0.000000,0.000000
BUY,M1,EMAOrder,BE,E100>E200>E50>E20,282,282,0,19,6.737589,6.737589
BUY,M1,EMAOrder,BE,E100>E20>E50>E200,282,282,0,1,0.354610,0.354610
BUY,M1,EMAOrder,BE,E100>E50>E200>E20,282,282,0,22,7.801418,7.801418
BUY,M1,EMAOrder,BE,E100>E50>E20>E200,282,282,0,13,4.609929,4.609929
BUY,M1,EMAOrder,BE,E200>E100>E20>E50,282,282,0,4,1.418440,1.418440
BUY,M1,EMAOrder,BE,E200>E100>E50>E20,282,282,0,139,49.290780,49.290780
BUY,M1,EMAOrder,BE,E200>E20>E100>E50,282,282,0,1,0.354610,0.354610
BUY,M1,EMAOrder,BE,E200>E20>E50>E100,282,282,0,0,0.000000,0.000000
BUY,M1,EMAOrder,BE,E200>E50>E100>E20,282,282,0,3,1.063830,1.063830
BUY,M1,EMAOrder,BE,E200>E50>E20>E100,282,282,0,0,0.000000,0.000000
BUY,M1,EMAOrder,BE,E20>E100>E200>E50,282,282,0,0,0.000000,0.000000
BUY,M1,EMAOrder,BE,E20>E100>E50>E200,282,282,0,0,0.000000,0.000000
BUY,M1,EMAOrder,BE,E20>E200>E100>E50,282,282,0,0,0.000000,0.000000
BUY,M1,EMAOrder,BE,E20>E200>E50>E100,282,282,0,2,0.709220,0.709220
BUY,M1,EMAOrder,BE,E20>E50>E100>E200,282,282,0,33,11.702128,11.702128
BUY,M1,EMAOrder,BE,E20>E50>E200>E100,282,282,0,2,0.709220,0.709220
BUY,M1,EMAOrder,BE,E50>E100>E200>E20,282,282,0,4,1.418440,1.418440
BUY,M1,EMAOrder,BE,E50>E100>E20>E200,282,282,0,18,6.382979,6.382979
BUY,M1,EMAOrder,BE,E50>E200>E100>E20,282,282,0,1,0.354610,0.354610
BUY,M1,EMAOrder,BE,E50>E200>E20>E100,282,282,0,0,0.000000,0.000000
BUY,M1,EMAOrder,BE,E50>E20>E100>E200,282,282,0,18,6.382979,6.382979
BUY,M1,EMAOrder,BE,E50>E20>E200>E100,282,282,0,2,0.709220,0.709220
BUY,M1,EMAOrder,BE,[MISSING],282,282,0,0,0.000000,
BUY,M1,EMAOrder,OTHER_NONSTOP,E100>E200>E20>E50,1,1,0,0,0.000000,0.000000
BUY,M1,EMAOrder,OTHER_NONSTOP,E100>E200>E50>E20,1,1,0,0,0.000000,0.000000
BUY,M1,EMAOrder,OTHER_NONSTOP,E100>E20>E50>E200,1,1,0,0,0.000000,0.000000
BUY,M1,EMAOrder,OTHER_NONSTOP,E100>E50>E200>E20,1,1,0,0,0.000000,0.000000
BUY,M1,EMAOrder,OTHER_NONSTOP,E100>E50>E20>E200,1,1,0,0,0.000000,0.000000
BUY,M1,EMAOrder,OTHER_NONSTOP,E200>E100>E20>E50,1,1,0,0,0.000000,0.000000
BUY,M1,EMAOrder,OTHER_NONSTOP,E200>E100>E50>E20,1,1,0,0,0.000000,0.000000
BUY,M1,EMAOrder,OTHER_NONSTOP,E200>E20>E100>E50,1,1,0,0,0.000000,0.000000
BUY,M1,EMAOrder,OTHER_NONSTOP,E200>E20>E50>E100,1,1,0,0,0.000000,0.000000
BUY,M1,EMAOrder,OTHER_NONSTOP,E200>E50>E100>E20,1,1,0,0,0.000000,0.000000
BUY,M1,EMAOrder,OTHER_NONSTOP,E200>E50>E20>E100,1,1,0,0,0.000000,0.000000
BUY,M1,EMAOrder,OTHER_NONSTOP,E20>E100>E200>E50,1,1,0,0,0.000000,0.000000
BUY,M1,EMAOrder,OTHER_NONSTOP,E20>E100>E50>E200,1,1,0,0,0.000000,0.000000
BUY,M1,EMAOrder,OTHER_NONSTOP,E20>E200>E100>E50,1,1,0,0,0.000000,0.000000
BUY,M1,EMAOrder,OTHER_NONSTOP,E20>E200>E50>E100,1,1,0,0,0.000000,0.000000
BUY,M1,EMAOrder,OTHER_NONSTOP,E20>E50>E100>E200,1,1,0,0,0.000000,0.000000
BUY,M1,EMAOrder,OTHER_NONSTOP,E20>E50>E200>E100,1,1,0,0,0.000000,0.000000
BUY,M1,EMAOrder,OTHER_NONSTOP,E50>E100>E200>E20,1,1,0,0,0.000000,0.000000
BUY,M1,EMAOrder,OTHER_NONSTOP,E50>E100>E20>E200,1,1,0,0,0.000000,0.000000
BUY,M1,EMAOrder,OTHER_NONSTOP,E50>E200>E100>E20,1,1,0,1,100.000000,100.000000
BUY,M1,EMAOrder,OTHER_NONSTOP,E50>E200>E20>E100,1,1,0,0,0.000000,0.000000
BUY,M1,EMAOrder,OTHER_NONSTOP,E50>E20>E100>E200,1,1,0,0,0.000000,0.000000
BUY,M1,EMAOrder,OTHER_NONSTOP,E50>E20>E200>E100,1,1,0,0,0.000000,0.000000
BUY,M1,EMAOrder,OTHER_NONSTOP,[MISSING],1,1,0,0,0.000000,
BUY,M1,TrendRegime,STOP,DOWN,75,75,0,30,40.000000,40.000000
BUY,M1,TrendRegime,STOP,RANGE,75,75,0,41,54.666667,54.666667
BUY,M1,TrendRegime,STOP,UP,75,75,0,4,5.333333,5.333333
BUY,M1,TrendRegime,STOP,[MISSING],75,75,0,0,0.000000,
BUY,M1,TrendRegime,NON-STOP,DOWN,3538,3538,0,1748,49.406444,49.406444
BUY,M1,TrendRegime,NON-STOP,RANGE,3538,3538,0,1466,41.435839,41.435839
BUY,M1,TrendRegime,NON-STOP,UP,3538,3538,0,324,9.157716,9.157716
BUY,M1,TrendRegime,NON-STOP,[MISSING],3538,3538,0,0,0.000000,
BUY,M1,TrendRegime,TARGET,DOWN,3255,3255,0,1609,49.431644,49.431644
BUY,M1,TrendRegime,TARGET,RANGE,3255,3255,0,1355,41.628264,41.628264
BUY,M1,TrendRegime,TARGET,UP,3255,3255,0,291,8.940092,8.940092
BUY,M1,TrendRegime,TARGET,[MISSING],3255,3255,0,0,0.000000,
BUY,M1,TrendRegime,BE,DOWN,282,282,0,139,49.290780,49.290780
BUY,M1,TrendRegime,BE,RANGE,282,282,0,110,39.007092,39.007092
BUY,M1,TrendRegime,BE,UP,282,282,0,33,11.702128,11.702128
BUY,M1,TrendRegime,BE,[MISSING],282,282,0,0,0.000000,
BUY,M1,TrendRegime,OTHER_NONSTOP,DOWN,1,1,0,0,0.000000,0.000000
BUY,M1,TrendRegime,OTHER_NONSTOP,RANGE,1,1,0,1,100.000000,100.000000
BUY,M1,TrendRegime,OTHER_NONSTOP,UP,1,1,0,0,0.000000,0.000000
BUY,M1,TrendRegime,OTHER_NONSTOP,[MISSING],1,1,0,0,0.000000,
BUY,M1,PriceAboveEMA200,STOP,0,75,75,0,43,57.333333,57.333333
BUY,M1,PriceAboveEMA200,STOP,1,75,75,0,32,42.666667,42.666667
BUY,M1,PriceAboveEMA200,STOP,[MISSING],75,75,0,0,0.000000,
BUY,M1,PriceAboveEMA200,NON-STOP,0,3538,3538,0,2392,67.608819,67.608819
BUY,M1,PriceAboveEMA200,NON-STOP,1,3538,3538,0,1146,32.391181,32.391181
BUY,M1,PriceAboveEMA200,NON-STOP,[MISSING],3538,3538,0,0,0.000000,
BUY,M1,PriceAboveEMA200,TARGET,0,3255,3255,0,2199,67.557604,67.557604
BUY,M1,PriceAboveEMA200,TARGET,1,3255,3255,0,1056,32.442396,32.442396
BUY,M1,PriceAboveEMA200,TARGET,[MISSING],3255,3255,0,0,0.000000,
BUY,M1,PriceAboveEMA200,BE,0,282,282,0,193,68.439716,68.439716
BUY,M1,PriceAboveEMA200,BE,1,282,282,0,89,31.560284,31.560284
BUY,M1,PriceAboveEMA200,BE,[MISSING],282,282,0,0,0.000000,
BUY,M1,PriceAboveEMA200,OTHER_NONSTOP,0,1,1,0,0,0.000000,0.000000
BUY,M1,PriceAboveEMA200,OTHER_NONSTOP,1,1,1,0,1,100.000000,100.000000
BUY,M1,PriceAboveEMA200,OTHER_NONSTOP,[MISSING],1,1,0,0,0.000000,
BUY,M5,DIStatus,STOP,+,75,75,0,8,10.666667,10.666667
BUY,M5,DIStatus,STOP,-,75,75,0,67,89.333333,89.333333
BUY,M5,DIStatus,STOP,[MISSING],75,75,0,0,0.000000,
BUY,M5,DIStatus,NON-STOP,+,3538,3538,0,378,10.684002,10.684002
BUY,M5,DIStatus,NON-STOP,-,3538,3538,0,3160,89.315998,89.315998
BUY,M5,DIStatus,NON-STOP,[MISSING],3538,3538,0,0,0.000000,
BUY,M5,DIStatus,TARGET,+,3255,3255,0,342,10.506912,10.506912
BUY,M5,DIStatus,TARGET,-,3255,3255,0,2913,89.493088,89.493088
BUY,M5,DIStatus,TARGET,[MISSING],3255,3255,0,0,0.000000,
BUY,M5,DIStatus,BE,+,282,282,0,35,12.411348,12.411348
BUY,M5,DIStatus,BE,-,282,282,0,247,87.588652,87.588652
BUY,M5,DIStatus,BE,[MISSING],282,282,0,0,0.000000,
BUY,M5,DIStatus,OTHER_NONSTOP,+,1,1,0,1,100.000000,100.000000
BUY,M5,DIStatus,OTHER_NONSTOP,-,1,1,0,0,0.000000,0.000000
BUY,M5,DIStatus,OTHER_NONSTOP,[MISSING],1,1,0,0,0.000000,
BUY,M5,EMAOrder,STOP,E100>E200>E20>E50,75,75,0,0,0.000000,0.000000
BUY,M5,EMAOrder,STOP,E100>E200>E50>E20,75,75,0,3,4.000000,4.000000
BUY,M5,EMAOrder,STOP,E100>E20>E50>E200,75,75,0,0,0.000000,0.000000
BUY,M5,EMAOrder,STOP,E100>E50>E200>E20,75,75,0,6,8.000000,8.000000
BUY,M5,EMAOrder,STOP,E100>E50>E20>E200,75,75,0,1,1.333333,1.333333
BUY,M5,EMAOrder,STOP,E200>E100>E20>E50,75,75,0,4,5.333333,5.333333
BUY,M5,EMAOrder,STOP,E200>E100>E50>E20,75,75,0,20,26.666667,26.666667
BUY,M5,EMAOrder,STOP,E200>E20>E100>E50,75,75,0,3,4.000000,4.000000
BUY,M5,EMAOrder,STOP,E200>E20>E50>E100,75,75,0,0,0.000000,0.000000
BUY,M5,EMAOrder,STOP,E200>E50>E100>E20,75,75,0,0,0.000000,0.000000
BUY,M5,EMAOrder,STOP,E200>E50>E20>E100,75,75,0,0,0.000000,0.000000
BUY,M5,EMAOrder,STOP,E20>E100>E200>E50,75,75,0,0,0.000000,0.000000
BUY,M5,EMAOrder,STOP,E20>E100>E50>E200,75,75,0,0,0.000000,0.000000
BUY,M5,EMAOrder,STOP,E20>E200>E100>E50,75,75,0,1,1.333333,1.333333
BUY,M5,EMAOrder,STOP,E20>E200>E50>E100,75,75,0,2,2.666667,2.666667
BUY,M5,EMAOrder,STOP,E20>E50>E100>E200,75,75,0,25,33.333333,33.333333
BUY,M5,EMAOrder,STOP,E20>E50>E200>E100,75,75,0,1,1.333333,1.333333
BUY,M5,EMAOrder,STOP,E50>E100>E200>E20,75,75,0,0,0.000000,0.000000
BUY,M5,EMAOrder,STOP,E50>E100>E20>E200,75,75,0,1,1.333333,1.333333
BUY,M5,EMAOrder,STOP,E50>E200>E100>E20,75,75,0,0,0.000000,0.000000
BUY,M5,EMAOrder,STOP,E50>E200>E20>E100,75,75,0,0,0.000000,0.000000
BUY,M5,EMAOrder,STOP,E50>E20>E100>E200,75,75,0,8,10.666667,10.666667
BUY,M5,EMAOrder,STOP,E50>E20>E200>E100,75,75,0,0,0.000000,0.000000
BUY,M5,EMAOrder,STOP,[MISSING],75,75,0,0,0.000000,
BUY,M5,EMAOrder,NON-STOP,E100>E200>E20>E50,3538,3538,0,8,0.226116,0.226116
BUY,M5,EMAOrder,NON-STOP,E100>E200>E50>E20,3538,3538,0,135,3.815715,3.815715
BUY,M5,EMAOrder,NON-STOP,E100>E20>E50>E200,3538,3538,0,10,0.282646,0.282646
BUY,M5,EMAOrder,NON-STOP,E100>E50>E200>E20,3538,3538,0,123,3.476540,3.476540
BUY,M5,EMAOrder,NON-STOP,E100>E50>E20>E200,3538,3538,0,101,2.854720,2.854720
BUY,M5,EMAOrder,NON-STOP,E200>E100>E20>E50,3538,3538,0,147,4.154890,4.154890
BUY,M5,EMAOrder,NON-STOP,E200>E100>E50>E20,3538,3538,0,979,27.671001,27.671001
BUY,M5,EMAOrder,NON-STOP,E200>E20>E100>E50,3538,3538,0,72,2.035048,2.035048
BUY,M5,EMAOrder,NON-STOP,E200>E20>E50>E100,3538,3538,0,69,1.950254,1.950254
BUY,M5,EMAOrder,NON-STOP,E200>E50>E100>E20,3538,3538,0,19,0.537027,0.537027
BUY,M5,EMAOrder,NON-STOP,E200>E50>E20>E100,3538,3538,0,14,0.395704,0.395704
BUY,M5,EMAOrder,NON-STOP,E20>E100>E200>E50,3538,3538,0,1,0.028265,0.028265
BUY,M5,EMAOrder,NON-STOP,E20>E100>E50>E200,3538,3538,0,18,0.508762,0.508762
BUY,M5,EMAOrder,NON-STOP,E20>E200>E100>E50,3538,3538,0,7,0.197852,0.197852
BUY,M5,EMAOrder,NON-STOP,E20>E200>E50>E100,3538,3538,0,69,1.950254,1.950254
BUY,M5,EMAOrder,NON-STOP,E20>E50>E100>E200,3538,3538,0,1165,32.928208,32.928208
BUY,M5,EMAOrder,NON-STOP,E20>E50>E200>E100,3538,3538,0,102,2.882985,2.882985
BUY,M5,EMAOrder,NON-STOP,E50>E100>E200>E20,3538,3538,0,23,0.650085,0.650085
BUY,M5,EMAOrder,NON-STOP,E50>E100>E20>E200,3538,3538,0,173,4.889768,4.889768
BUY,M5,EMAOrder,NON-STOP,E50>E200>E100>E20,3538,3538,0,5,0.141323,0.141323
BUY,M5,EMAOrder,NON-STOP,E50>E200>E20>E100,3538,3538,0,1,0.028265,0.028265
BUY,M5,EMAOrder,NON-STOP,E50>E20>E100>E200,3538,3538,0,289,8.168457,8.168457
BUY,M5,EMAOrder,NON-STOP,E50>E20>E200>E100,3538,3538,0,8,0.226116,0.226116
BUY,M5,EMAOrder,NON-STOP,[MISSING],3538,3538,0,0,0.000000,
BUY,M5,EMAOrder,TARGET,E100>E200>E20>E50,3255,3255,0,8,0.245776,0.245776
BUY,M5,EMAOrder,TARGET,E100>E200>E50>E20,3255,3255,0,129,3.963134,3.963134
BUY,M5,EMAOrder,TARGET,E100>E20>E50>E200,3255,3255,0,10,0.307220,0.307220
BUY,M5,EMAOrder,TARGET,E100>E50>E200>E20,3255,3255,0,111,3.410138,3.410138
BUY,M5,EMAOrder,TARGET,E100>E50>E20>E200,3255,3255,0,96,2.949309,2.949309
BUY,M5,EMAOrder,TARGET,E200>E100>E20>E50,3255,3255,0,127,3.901690,3.901690
BUY,M5,EMAOrder,TARGET,E200>E100>E50>E20,3255,3255,0,889,27.311828,27.311828
BUY,M5,EMAOrder,TARGET,E200>E20>E100>E50,3255,3255,0,66,2.027650,2.027650
BUY,M5,EMAOrder,TARGET,E200>E20>E50>E100,3255,3255,0,63,1.935484,1.935484
BUY,M5,EMAOrder,TARGET,E200>E50>E100>E20,3255,3255,0,19,0.583717,0.583717
BUY,M5,EMAOrder,TARGET,E200>E50>E20>E100,3255,3255,0,13,0.399386,0.399386
BUY,M5,EMAOrder,TARGET,E20>E100>E200>E50,3255,3255,0,1,0.030722,0.030722
BUY,M5,EMAOrder,TARGET,E20>E100>E50>E200,3255,3255,0,16,0.491551,0.491551
BUY,M5,EMAOrder,TARGET,E20>E200>E100>E50,3255,3255,0,6,0.184332,0.184332
BUY,M5,EMAOrder,TARGET,E20>E200>E50>E100,3255,3255,0,60,1.843318,1.843318
BUY,M5,EMAOrder,TARGET,E20>E50>E100>E200,3255,3255,0,1083,33.271889,33.271889
BUY,M5,EMAOrder,TARGET,E20>E50>E200>E100,3255,3255,0,94,2.887865,2.887865
BUY,M5,EMAOrder,TARGET,E50>E100>E200>E20,3255,3255,0,23,0.706605,0.706605
BUY,M5,EMAOrder,TARGET,E50>E100>E20>E200,3255,3255,0,160,4.915515,4.915515
BUY,M5,EMAOrder,TARGET,E50>E200>E100>E20,3255,3255,0,5,0.153610,0.153610
BUY,M5,EMAOrder,TARGET,E50>E200>E20>E100,3255,3255,0,1,0.030722,0.030722
BUY,M5,EMAOrder,TARGET,E50>E20>E100>E200,3255,3255,0,267,8.202765,8.202765
BUY,M5,EMAOrder,TARGET,E50>E20>E200>E100,3255,3255,0,8,0.245776,0.245776
BUY,M5,EMAOrder,TARGET,[MISSING],3255,3255,0,0,0.000000,
BUY,M5,EMAOrder,BE,E100>E200>E20>E50,282,282,0,0,0.000000,0.000000
BUY,M5,EMAOrder,BE,E100>E200>E50>E20,282,282,0,6,2.127660,2.127660
BUY,M5,EMAOrder,BE,E100>E20>E50>E200,282,282,0,0,0.000000,0.000000
BUY,M5,EMAOrder,BE,E100>E50>E200>E20,282,282,0,12,4.255319,4.255319
BUY,M5,EMAOrder,BE,E100>E50>E20>E200,282,282,0,5,1.773050,1.773050
BUY,M5,EMAOrder,BE,E200>E100>E20>E50,282,282,0,20,7.092199,7.092199
BUY,M5,EMAOrder,BE,E200>E100>E50>E20,282,282,0,89,31.560284,31.560284
BUY,M5,EMAOrder,BE,E200>E20>E100>E50,282,282,0,6,2.127660,2.127660
BUY,M5,EMAOrder,BE,E200>E20>E50>E100,282,282,0,6,2.127660,2.127660
BUY,M5,EMAOrder,BE,E200>E50>E100>E20,282,282,0,0,0.000000,0.000000
BUY,M5,EMAOrder,BE,E200>E50>E20>E100,282,282,0,1,0.354610,0.354610
BUY,M5,EMAOrder,BE,E20>E100>E200>E50,282,282,0,0,0.000000,0.000000
BUY,M5,EMAOrder,BE,E20>E100>E50>E200,282,282,0,2,0.709220,0.709220
BUY,M5,EMAOrder,BE,E20>E200>E100>E50,282,282,0,1,0.354610,0.354610
BUY,M5,EMAOrder,BE,E20>E200>E50>E100,282,282,0,9,3.191489,3.191489
BUY,M5,EMAOrder,BE,E20>E50>E100>E200,282,282,0,82,29.078014,29.078014
BUY,M5,EMAOrder,BE,E20>E50>E200>E100,282,282,0,8,2.836879,2.836879
BUY,M5,EMAOrder,BE,E50>E100>E200>E20,282,282,0,0,0.000000,0.000000
BUY,M5,EMAOrder,BE,E50>E100>E20>E200,282,282,0,13,4.609929,4.609929
BUY,M5,EMAOrder,BE,E50>E200>E100>E20,282,282,0,0,0.000000,0.000000
BUY,M5,EMAOrder,BE,E50>E200>E20>E100,282,282,0,0,0.000000,0.000000
BUY,M5,EMAOrder,BE,E50>E20>E100>E200,282,282,0,22,7.801418,7.801418
BUY,M5,EMAOrder,BE,E50>E20>E200>E100,282,282,0,0,0.000000,0.000000
BUY,M5,EMAOrder,BE,[MISSING],282,282,0,0,0.000000,
BUY,M5,EMAOrder,OTHER_NONSTOP,E100>E200>E20>E50,1,1,0,0,0.000000,0.000000
BUY,M5,EMAOrder,OTHER_NONSTOP,E100>E200>E50>E20,1,1,0,0,0.000000,0.000000
BUY,M5,EMAOrder,OTHER_NONSTOP,E100>E20>E50>E200,1,1,0,0,0.000000,0.000000
BUY,M5,EMAOrder,OTHER_NONSTOP,E100>E50>E200>E20,1,1,0,0,0.000000,0.000000
BUY,M5,EMAOrder,OTHER_NONSTOP,E100>E50>E20>E200,1,1,0,0,0.000000,0.000000
BUY,M5,EMAOrder,OTHER_NONSTOP,E200>E100>E20>E50,1,1,0,0,0.000000,0.000000
BUY,M5,EMAOrder,OTHER_NONSTOP,E200>E100>E50>E20,1,1,0,1,100.000000,100.000000
BUY,M5,EMAOrder,OTHER_NONSTOP,E200>E20>E100>E50,1,1,0,0,0.000000,0.000000
BUY,M5,EMAOrder,OTHER_NONSTOP,E200>E20>E50>E100,1,1,0,0,0.000000,0.000000
BUY,M5,EMAOrder,OTHER_NONSTOP,E200>E50>E100>E20,1,1,0,0,0.000000,0.000000
BUY,M5,EMAOrder,OTHER_NONSTOP,E200>E50>E20>E100,1,1,0,0,0.000000,0.000000
BUY,M5,EMAOrder,OTHER_NONSTOP,E20>E100>E200>E50,1,1,0,0,0.000000,0.000000
BUY,M5,EMAOrder,OTHER_NONSTOP,E20>E100>E50>E200,1,1,0,0,0.000000,0.000000
BUY,M5,EMAOrder,OTHER_NONSTOP,E20>E200>E100>E50,1,1,0,0,0.000000,0.000000
BUY,M5,EMAOrder,OTHER_NONSTOP,E20>E200>E50>E100,1,1,0,0,0.000000,0.000000
BUY,M5,EMAOrder,OTHER_NONSTOP,E20>E50>E100>E200,1,1,0,0,0.000000,0.000000
BUY,M5,EMAOrder,OTHER_NONSTOP,E20>E50>E200>E100,1,1,0,0,0.000000,0.000000
BUY,M5,EMAOrder,OTHER_NONSTOP,E50>E100>E200>E20,1,1,0,0,0.000000,0.000000
BUY,M5,EMAOrder,OTHER_NONSTOP,E50>E100>E20>E200,1,1,0,0,0.000000,0.000000
BUY,M5,EMAOrder,OTHER_NONSTOP,E50>E200>E100>E20,1,1,0,0,0.000000,0.000000
BUY,M5,EMAOrder,OTHER_NONSTOP,E50>E200>E20>E100,1,1,0,0,0.000000,0.000000
BUY,M5,EMAOrder,OTHER_NONSTOP,E50>E20>E100>E200,1,1,0,0,0.000000,0.000000
BUY,M5,EMAOrder,OTHER_NONSTOP,E50>E20>E200>E100,1,1,0,0,0.000000,0.000000
BUY,M5,EMAOrder,OTHER_NONSTOP,[MISSING],1,1,0,0,0.000000,
BUY,M5,TrendRegime,STOP,DOWN,75,75,0,20,26.666667,26.666667
BUY,M5,TrendRegime,STOP,RANGE,75,75,0,30,40.000000,40.000000
BUY,M5,TrendRegime,STOP,UP,75,75,0,25,33.333333,33.333333
BUY,M5,TrendRegime,STOP,[MISSING],75,75,0,0,0.000000,
BUY,M5,TrendRegime,NON-STOP,DOWN,3538,3538,0,979,27.671001,27.671001
BUY,M5,TrendRegime,NON-STOP,RANGE,3538,3538,0,1394,39.400791,39.400791
BUY,M5,TrendRegime,NON-STOP,UP,3538,3538,0,1165,32.928208,32.928208
BUY,M5,TrendRegime,NON-STOP,[MISSING],3538,3538,0,0,0.000000,
BUY,M5,TrendRegime,TARGET,DOWN,3255,3255,0,889,27.311828,27.311828
BUY,M5,TrendRegime,TARGET,RANGE,3255,3255,0,1283,39.416283,39.416283
BUY,M5,TrendRegime,TARGET,UP,3255,3255,0,1083,33.271889,33.271889
BUY,M5,TrendRegime,TARGET,[MISSING],3255,3255,0,0,0.000000,
BUY,M5,TrendRegime,BE,DOWN,282,282,0,89,31.560284,31.560284
BUY,M5,TrendRegime,BE,RANGE,282,282,0,111,39.361702,39.361702
BUY,M5,TrendRegime,BE,UP,282,282,0,82,29.078014,29.078014
BUY,M5,TrendRegime,BE,[MISSING],282,282,0,0,0.000000,
BUY,M5,TrendRegime,OTHER_NONSTOP,DOWN,1,1,0,1,100.000000,100.000000
BUY,M5,TrendRegime,OTHER_NONSTOP,RANGE,1,1,0,0,0.000000,0.000000
BUY,M5,TrendRegime,OTHER_NONSTOP,UP,1,1,0,0,0.000000,0.000000
BUY,M5,TrendRegime,OTHER_NONSTOP,[MISSING],1,1,0,0,0.000000,
BUY,M5,PriceAboveEMA200,STOP,0,75,75,0,42,56.000000,56.000000
BUY,M5,PriceAboveEMA200,STOP,1,75,75,0,33,44.000000,44.000000
BUY,M5,PriceAboveEMA200,STOP,[MISSING],75,75,0,0,0.000000,
BUY,M5,PriceAboveEMA200,NON-STOP,0,3538,3538,0,1970,55.681176,55.681176
BUY,M5,PriceAboveEMA200,NON-STOP,1,3538,3538,0,1568,44.318824,44.318824
BUY,M5,PriceAboveEMA200,NON-STOP,[MISSING],3538,3538,0,0,0.000000,
BUY,M5,PriceAboveEMA200,TARGET,0,3255,3255,0,1798,55.238095,55.238095
BUY,M5,PriceAboveEMA200,TARGET,1,3255,3255,0,1457,44.761905,44.761905
BUY,M5,PriceAboveEMA200,TARGET,[MISSING],3255,3255,0,0,0.000000,
BUY,M5,PriceAboveEMA200,BE,0,282,282,0,171,60.638298,60.638298
BUY,M5,PriceAboveEMA200,BE,1,282,282,0,111,39.361702,39.361702
BUY,M5,PriceAboveEMA200,BE,[MISSING],282,282,0,0,0.000000,
BUY,M5,PriceAboveEMA200,OTHER_NONSTOP,0,1,1,0,1,100.000000,100.000000
BUY,M5,PriceAboveEMA200,OTHER_NONSTOP,1,1,1,0,0,0.000000,0.000000
BUY,M5,PriceAboveEMA200,OTHER_NONSTOP,[MISSING],1,1,0,0,0.000000,
BUY,M15,DIStatus,STOP,+,75,75,0,28,37.333333,37.333333
BUY,M15,DIStatus,STOP,-,75,75,0,47,62.666667,62.666667
BUY,M15,DIStatus,STOP,[MISSING],75,75,0,0,0.000000,
BUY,M15,DIStatus,NON-STOP,+,3538,3535,3,1132,31.995478,32.022631
BUY,M15,DIStatus,NON-STOP,-,3538,3535,3,2403,67.919729,67.977369
BUY,M15,DIStatus,NON-STOP,[MISSING],3538,3535,3,3,0.084794,
BUY,M15,DIStatus,TARGET,+,3255,3252,3,1047,32.165899,32.195572
BUY,M15,DIStatus,TARGET,-,3255,3252,3,2205,67.741935,67.804428
BUY,M15,DIStatus,TARGET,[MISSING],3255,3252,3,3,0.092166,
BUY,M15,DIStatus,BE,+,282,282,0,84,29.787234,29.787234
BUY,M15,DIStatus,BE,-,282,282,0,198,70.212766,70.212766
BUY,M15,DIStatus,BE,[MISSING],282,282,0,0,0.000000,
BUY,M15,DIStatus,OTHER_NONSTOP,+,1,1,0,1,100.000000,100.000000
BUY,M15,DIStatus,OTHER_NONSTOP,-,1,1,0,0,0.000000,0.000000
BUY,M15,DIStatus,OTHER_NONSTOP,[MISSING],1,1,0,0,0.000000,
BUY,M15,EMAOrder,STOP,E100>E200>E20>E50,75,75,0,0,0.000000,0.000000
BUY,M15,EMAOrder,STOP,E100>E200>E50>E20,75,75,0,3,4.000000,4.000000
BUY,M15,EMAOrder,STOP,E100>E20>E200>E50,75,75,0,0,0.000000,0.000000
BUY,M15,EMAOrder,STOP,E100>E20>E50>E200,75,75,0,0,0.000000,0.000000
BUY,M15,EMAOrder,STOP,E100>E50>E200>E20,75,75,0,3,4.000000,4.000000
BUY,M15,EMAOrder,STOP,E100>E50>E20>E200,75,75,0,4,5.333333,5.333333
BUY,M15,EMAOrder,STOP,E200>E100>E20>E50,75,75,0,2,2.666667,2.666667
BUY,M15,EMAOrder,STOP,E200>E100>E50>E20,75,75,0,18,24.000000,24.000000
BUY,M15,EMAOrder,STOP,E200>E20>E100>E50,75,75,0,5,6.666667,6.666667
BUY,M15,EMAOrder,STOP,E200>E20>E50>E100,75,75,0,1,1.333333,1.333333
BUY,M15,EMAOrder,STOP,E200>E50>E100>E20,75,75,0,0,0.000000,0.000000
BUY,M15,EMAOrder,STOP,E200>E50>E20>E100,75,75,0,0,0.000000,0.000000
BUY,M15,EMAOrder,STOP,E20>E100>E200>E50,75,75,0,0,0.000000,0.000000
BUY,M15,EMAOrder,STOP,E20>E100>E50>E200,75,75,0,1,1.333333,1.333333
BUY,M15,EMAOrder,STOP,E20>E200>E100>E50,75,75,0,0,0.000000,0.000000
BUY,M15,EMAOrder,STOP,E20>E200>E50>E100,75,75,0,4,5.333333,5.333333
BUY,M15,EMAOrder,STOP,E20>E50>E100>E200,75,75,0,26,34.666667,34.666667
BUY,M15,EMAOrder,STOP,E20>E50>E200>E100,75,75,0,4,5.333333,5.333333
BUY,M15,EMAOrder,STOP,E50>E100>E200>E20,75,75,0,0,0.000000,0.000000
BUY,M15,EMAOrder,STOP,E50>E100>E20>E200,75,75,0,2,2.666667,2.666667
BUY,M15,EMAOrder,STOP,E50>E200>E100>E20,75,75,0,0,0.000000,0.000000
BUY,M15,EMAOrder,STOP,E50>E200>E20>E100,75,75,0,0,0.000000,0.000000
BUY,M15,EMAOrder,STOP,E50>E20>E100>E200,75,75,0,2,2.666667,2.666667
BUY,M15,EMAOrder,STOP,E50>E20>E200>E100,75,75,0,0,0.000000,0.000000
BUY,M15,EMAOrder,STOP,[MISSING],75,75,0,0,0.000000,
BUY,M15,EMAOrder,NON-STOP,E100>E200>E20>E50,3538,3535,3,4,0.113058,0.113154
BUY,M15,EMAOrder,NON-STOP,E100>E200>E50>E20,3538,3535,3,105,2.967778,2.970297
BUY,M15,EMAOrder,NON-STOP,E100>E20>E200>E50,3538,3535,3,3,0.084794,0.084866
BUY,M15,EMAOrder,NON-STOP,E100>E20>E50>E200,3538,3535,3,4,0.113058,0.113154
BUY,M15,EMAOrder,NON-STOP,E100>E50>E200>E20,3538,3535,3,99,2.798191,2.800566
BUY,M15,EMAOrder,NON-STOP,E100>E50>E20>E200,3538,3535,3,64,1.808932,1.810467
BUY,M15,EMAOrder,NON-STOP,E200>E100>E20>E50,3538,3535,3,177,5.002826,5.007072
BUY,M15,EMAOrder,NON-STOP,E200>E100>E50>E20,3538,3535,3,865,24.448841,24.469590
BUY,M15,EMAOrder,NON-STOP,E200>E20>E100>E50,3538,3535,3,112,3.165630,3.168317
BUY,M15,EMAOrder,NON-STOP,E200>E20>E50>E100,3538,3535,3,69,1.950254,1.951909
BUY,M15,EMAOrder,NON-STOP,E200>E50>E100>E20,3538,3535,3,22,0.621820,0.622348
BUY,M15,EMAOrder,NON-STOP,E200>E50>E20>E100,3538,3535,3,10,0.282646,0.282885
BUY,M15,EMAOrder,NON-STOP,E20>E100>E200>E50,3538,3535,3,3,0.084794,0.084866
BUY,M15,EMAOrder,NON-STOP,E20>E100>E50>E200,3538,3535,3,23,0.650085,0.650636
BUY,M15,EMAOrder,NON-STOP,E20>E200>E100>E50,3538,3535,3,10,0.282646,0.282885
BUY,M15,EMAOrder,NON-STOP,E20>E200>E50>E100,3538,3535,3,100,2.826456,2.828854
BUY,M15,EMAOrder,NON-STOP,E20>E50>E100>E200,3538,3535,3,1388,39.231204,39.264498
BUY,M15,EMAOrder,NON-STOP,E20>E50>E200>E100,3538,3535,3,107,3.024308,3.026874
BUY,M15,EMAOrder,NON-STOP,E50>E100>E200>E20,3538,3535,3,14,0.395704,0.396040
BUY,M15,EMAOrder,NON-STOP,E50>E100>E20>E200,3538,3535,3,142,4.013567,4.016973
BUY,M15,EMAOrder,NON-STOP,E50>E200>E100>E20,3538,3535,3,4,0.113058,0.113154
BUY,M15,EMAOrder,NON-STOP,E50>E200>E20>E100,3538,3535,3,3,0.084794,0.084866
BUY,M15,EMAOrder,NON-STOP,E50>E20>E100>E200,3538,3535,3,201,5.681176,5.685997
BUY,M15,EMAOrder,NON-STOP,E50>E20>E200>E100,3538,3535,3,6,0.169587,0.169731
BUY,M15,EMAOrder,NON-STOP,[MISSING],3538,3535,3,3,0.084794,
BUY,M15,EMAOrder,TARGET,E100>E200>E20>E50,3255,3252,3,3,0.092166,0.092251
BUY,M15,EMAOrder,TARGET,E100>E200>E50>E20,3255,3252,3,93,2.857143,2.859779
BUY,M15,EMAOrder,TARGET,E100>E20>E200>E50,3255,3252,3,3,0.092166,0.092251
BUY,M15,EMAOrder,TARGET,E100>E20>E50>E200,3255,3252,3,4,0.122888,0.123001
BUY,M15,EMAOrder,TARGET,E100>E50>E200>E20,3255,3252,3,88,2.703533,2.706027
BUY,M15,EMAOrder,TARGET,E100>E50>E20>E200,3255,3252,3,59,1.812596,1.814268
BUY,M15,EMAOrder,TARGET,E200>E100>E20>E50,3255,3252,3,162,4.976959,4.981550
BUY,M15,EMAOrder,TARGET,E200>E100>E50>E20,3255,3252,3,786,24.147465,24.169742
BUY,M15,EMAOrder,TARGET,E200>E20>E100>E50,3255,3252,3,104,3.195084,3.198032
BUY,M15,EMAOrder,TARGET,E200>E20>E50>E100,3255,3252,3,64,1.966206,1.968020
BUY,M15,EMAOrder,TARGET,E200>E50>E100>E20,3255,3252,3,19,0.583717,0.584256
BUY,M15,EMAOrder,TARGET,E200>E50>E20>E100,3255,3252,3,10,0.307220,0.307503
BUY,M15,EMAOrder,TARGET,E20>E100>E200>E50,3255,3252,3,3,0.092166,0.092251
BUY,M15,EMAOrder,TARGET,E20>E100>E50>E200,3255,3252,3,20,0.614439,0.615006
BUY,M15,EMAOrder,TARGET,E20>E200>E100>E50,3255,3252,3,10,0.307220,0.307503
BUY,M15,EMAOrder,TARGET,E20>E200>E50>E100,3255,3252,3,90,2.764977,2.767528
BUY,M15,EMAOrder,TARGET,E20>E50>E100>E200,3255,3252,3,1289,39.600614,39.637146
BUY,M15,EMAOrder,TARGET,E20>E50>E200>E100,3255,3252,3,99,3.041475,3.044280
BUY,M15,EMAOrder,TARGET,E50>E100>E200>E20,3255,3252,3,14,0.430108,0.430504
BUY,M15,EMAOrder,TARGET,E50>E100>E20>E200,3255,3252,3,133,4.086022,4.089791
BUY,M15,EMAOrder,TARGET,E50>E200>E100>E20,3255,3252,3,4,0.122888,0.123001
BUY,M15,EMAOrder,TARGET,E50>E200>E20>E100,3255,3252,3,2,0.061444,0.061501
BUY,M15,EMAOrder,TARGET,E50>E20>E100>E200,3255,3252,3,187,5.745008,5.750308
BUY,M15,EMAOrder,TARGET,E50>E20>E200>E100,3255,3252,3,6,0.184332,0.184502
BUY,M15,EMAOrder,TARGET,[MISSING],3255,3252,3,3,0.092166,
BUY,M15,EMAOrder,BE,E100>E200>E20>E50,282,282,0,1,0.354610,0.354610
BUY,M15,EMAOrder,BE,E100>E200>E50>E20,282,282,0,12,4.255319,4.255319
BUY,M15,EMAOrder,BE,E100>E20>E200>E50,282,282,0,0,0.000000,0.000000
BUY,M15,EMAOrder,BE,E100>E20>E50>E200,282,282,0,0,0.000000,0.000000
BUY,M15,EMAOrder,BE,E100>E50>E200>E20,282,282,0,10,3.546099,3.546099
BUY,M15,EMAOrder,BE,E100>E50>E20>E200,282,282,0,5,1.773050,1.773050
BUY,M15,EMAOrder,BE,E200>E100>E20>E50,282,282,0,15,5.319149,5.319149
BUY,M15,EMAOrder,BE,E200>E100>E50>E20,282,282,0,79,28.014184,28.014184
BUY,M15,EMAOrder,BE,E200>E20>E100>E50,282,282,0,8,2.836879,2.836879
BUY,M15,EMAOrder,BE,E200>E20>E50>E100,282,282,0,5,1.773050,1.773050
BUY,M15,EMAOrder,BE,E200>E50>E100>E20,282,282,0,3,1.063830,1.063830
BUY,M15,EMAOrder,BE,E200>E50>E20>E100,282,282,0,0,0.000000,0.000000
BUY,M15,EMAOrder,BE,E20>E100>E200>E50,282,282,0,0,0.000000,0.000000
BUY,M15,EMAOrder,BE,E20>E100>E50>E200,282,282,0,3,1.063830,1.063830
BUY,M15,EMAOrder,BE,E20>E200>E100>E50,282,282,0,0,0.000000,0.000000
BUY,M15,EMAOrder,BE,E20>E200>E50>E100,282,282,0,10,3.546099,3.546099
BUY,M15,EMAOrder,BE,E20>E50>E100>E200,282,282,0,99,35.106383,35.106383
BUY,M15,EMAOrder,BE,E20>E50>E200>E100,282,282,0,8,2.836879,2.836879
BUY,M15,EMAOrder,BE,E50>E100>E200>E20,282,282,0,0,0.000000,0.000000
BUY,M15,EMAOrder,BE,E50>E100>E20>E200,282,282,0,9,3.191489,3.191489
BUY,M15,EMAOrder,BE,E50>E200>E100>E20,282,282,0,0,0.000000,0.000000
BUY,M15,EMAOrder,BE,E50>E200>E20>E100,282,282,0,1,0.354610,0.354610
BUY,M15,EMAOrder,BE,E50>E20>E100>E200,282,282,0,14,4.964539,4.964539
BUY,M15,EMAOrder,BE,E50>E20>E200>E100,282,282,0,0,0.000000,0.000000
BUY,M15,EMAOrder,BE,[MISSING],282,282,0,0,0.000000,
BUY,M15,EMAOrder,OTHER_NONSTOP,E100>E200>E20>E50,1,1,0,0,0.000000,0.000000
BUY,M15,EMAOrder,OTHER_NONSTOP,E100>E200>E50>E20,1,1,0,0,0.000000,0.000000
BUY,M15,EMAOrder,OTHER_NONSTOP,E100>E20>E200>E50,1,1,0,0,0.000000,0.000000
BUY,M15,EMAOrder,OTHER_NONSTOP,E100>E20>E50>E200,1,1,0,0,0.000000,0.000000
BUY,M15,EMAOrder,OTHER_NONSTOP,E100>E50>E200>E20,1,1,0,1,100.000000,100.000000
BUY,M15,EMAOrder,OTHER_NONSTOP,E100>E50>E20>E200,1,1,0,0,0.000000,0.000000
BUY,M15,EMAOrder,OTHER_NONSTOP,E200>E100>E20>E50,1,1,0,0,0.000000,0.000000
BUY,M15,EMAOrder,OTHER_NONSTOP,E200>E100>E50>E20,1,1,0,0,0.000000,0.000000
BUY,M15,EMAOrder,OTHER_NONSTOP,E200>E20>E100>E50,1,1,0,0,0.000000,0.000000
BUY,M15,EMAOrder,OTHER_NONSTOP,E200>E20>E50>E100,1,1,0,0,0.000000,0.000000
BUY,M15,EMAOrder,OTHER_NONSTOP,E200>E50>E100>E20,1,1,0,0,0.000000,0.000000
BUY,M15,EMAOrder,OTHER_NONSTOP,E200>E50>E20>E100,1,1,0,0,0.000000,0.000000
BUY,M15,EMAOrder,OTHER_NONSTOP,E20>E100>E200>E50,1,1,0,0,0.000000,0.000000
BUY,M15,EMAOrder,OTHER_NONSTOP,E20>E100>E50>E200,1,1,0,0,0.000000,0.000000
BUY,M15,EMAOrder,OTHER_NONSTOP,E20>E200>E100>E50,1,1,0,0,0.000000,0.000000
BUY,M15,EMAOrder,OTHER_NONSTOP,E20>E200>E50>E100,1,1,0,0,0.000000,0.000000
BUY,M15,EMAOrder,OTHER_NONSTOP,E20>E50>E100>E200,1,1,0,0,0.000000,0.000000
BUY,M15,EMAOrder,OTHER_NONSTOP,E20>E50>E200>E100,1,1,0,0,0.000000,0.000000
BUY,M15,EMAOrder,OTHER_NONSTOP,E50>E100>E200>E20,1,1,0,0,0.000000,0.000000
BUY,M15,EMAOrder,OTHER_NONSTOP,E50>E100>E20>E200,1,1,0,0,0.000000,0.000000
BUY,M15,EMAOrder,OTHER_NONSTOP,E50>E200>E100>E20,1,1,0,0,0.000000,0.000000
BUY,M15,EMAOrder,OTHER_NONSTOP,E50>E200>E20>E100,1,1,0,0,0.000000,0.000000
BUY,M15,EMAOrder,OTHER_NONSTOP,E50>E20>E100>E200,1,1,0,0,0.000000,0.000000
BUY,M15,EMAOrder,OTHER_NONSTOP,E50>E20>E200>E100,1,1,0,0,0.000000,0.000000
BUY,M15,EMAOrder,OTHER_NONSTOP,[MISSING],1,1,0,0,0.000000,
BUY,M15,TrendRegime,STOP,DOWN,75,75,0,18,24.000000,24.000000
BUY,M15,TrendRegime,STOP,RANGE,75,75,0,31,41.333333,41.333333
BUY,M15,TrendRegime,STOP,UP,75,75,0,26,34.666667,34.666667
BUY,M15,TrendRegime,STOP,[MISSING],75,75,0,0,0.000000,
BUY,M15,TrendRegime,NON-STOP,DOWN,3538,3535,3,865,24.448841,24.469590
BUY,M15,TrendRegime,NON-STOP,RANGE,3538,3535,3,1282,36.235161,36.265912
BUY,M15,TrendRegime,NON-STOP,UP,3538,3535,3,1388,39.231204,39.264498
BUY,M15,TrendRegime,NON-STOP,[MISSING],3538,3535,3,3,0.084794,
BUY,M15,TrendRegime,TARGET,DOWN,3255,3252,3,786,24.147465,24.169742
BUY,M15,TrendRegime,TARGET,RANGE,3255,3252,3,1177,36.159754,36.193112
BUY,M15,TrendRegime,TARGET,UP,3255,3252,3,1289,39.600614,39.637146
BUY,M15,TrendRegime,TARGET,[MISSING],3255,3252,3,3,0.092166,
BUY,M15,TrendRegime,BE,DOWN,282,282,0,79,28.014184,28.014184
BUY,M15,TrendRegime,BE,RANGE,282,282,0,104,36.879433,36.879433
BUY,M15,TrendRegime,BE,UP,282,282,0,99,35.106383,35.106383
BUY,M15,TrendRegime,BE,[MISSING],282,282,0,0,0.000000,
BUY,M15,TrendRegime,OTHER_NONSTOP,DOWN,1,1,0,0,0.000000,0.000000
BUY,M15,TrendRegime,OTHER_NONSTOP,RANGE,1,1,0,1,100.000000,100.000000
BUY,M15,TrendRegime,OTHER_NONSTOP,UP,1,1,0,0,0.000000,0.000000
BUY,M15,TrendRegime,OTHER_NONSTOP,[MISSING],1,1,0,0,0.000000,
BUY,M15,PriceAboveEMA200,STOP,0,75,75,0,38,50.666667,50.666667
BUY,M15,PriceAboveEMA200,STOP,1,75,75,0,37,49.333333,49.333333
BUY,M15,PriceAboveEMA200,STOP,[MISSING],75,75,0,0,0.000000,
BUY,M15,PriceAboveEMA200,NON-STOP,0,3538,3535,3,1679,47.456190,47.496464
BUY,M15,PriceAboveEMA200,NON-STOP,1,3538,3535,3,1856,52.459016,52.503536
BUY,M15,PriceAboveEMA200,NON-STOP,[MISSING],3538,3535,3,3,0.084794,
BUY,M15,PriceAboveEMA200,TARGET,0,3255,3252,3,1533,47.096774,47.140221
BUY,M15,PriceAboveEMA200,TARGET,1,3255,3252,3,1719,52.811060,52.859779
BUY,M15,PriceAboveEMA200,TARGET,[MISSING],3255,3252,3,3,0.092166,
BUY,M15,PriceAboveEMA200,BE,0,282,282,0,145,51.418440,51.418440
BUY,M15,PriceAboveEMA200,BE,1,282,282,0,137,48.581560,48.581560
BUY,M15,PriceAboveEMA200,BE,[MISSING],282,282,0,0,0.000000,
BUY,M15,PriceAboveEMA200,OTHER_NONSTOP,0,1,1,0,1,100.000000,100.000000
BUY,M15,PriceAboveEMA200,OTHER_NONSTOP,1,1,1,0,0,0.000000,0.000000
BUY,M15,PriceAboveEMA200,OTHER_NONSTOP,[MISSING],1,1,0,0,0.000000,
BUY,M30,DIStatus,STOP,+,75,75,0,32,42.666667,42.666667
BUY,M30,DIStatus,STOP,-,75,75,0,43,57.333333,57.333333
BUY,M30,DIStatus,STOP,[MISSING],75,75,0,0,0.000000,
BUY,M30,DIStatus,NON-STOP,+,3538,3534,4,1759,49.717354,49.773628
BUY,M30,DIStatus,NON-STOP,-,3538,3534,4,1775,50.169587,50.226372
BUY,M30,DIStatus,NON-STOP,[MISSING],3538,3534,4,4,0.113058,
BUY,M30,DIStatus,TARGET,+,3255,3252,3,1630,50.076805,50.123001
BUY,M30,DIStatus,TARGET,-,3255,3252,3,1622,49.831029,49.876999
BUY,M30,DIStatus,TARGET,[MISSING],3255,3252,3,3,0.092166,
BUY,M30,DIStatus,BE,+,282,281,1,128,45.390071,45.551601
BUY,M30,DIStatus,BE,-,282,281,1,153,54.255319,54.448399
BUY,M30,DIStatus,BE,[MISSING],282,281,1,1,0.354610,
BUY,M30,DIStatus,OTHER_NONSTOP,+,1,1,0,1,100.000000,100.000000
BUY,M30,DIStatus,OTHER_NONSTOP,-,1,1,0,0,0.000000,0.000000
BUY,M30,DIStatus,OTHER_NONSTOP,[MISSING],1,1,0,0,0.000000,
BUY,M30,EMAOrder,STOP,E100>E200>E20>E50,75,75,0,1,1.333333,1.333333
BUY,M30,EMAOrder,STOP,E100>E200>E50>E20,75,75,0,1,1.333333,1.333333
BUY,M30,EMAOrder,STOP,E100>E20>E200>E50,75,75,0,0,0.000000,0.000000
BUY,M30,EMAOrder,STOP,E100>E20>E50>E200,75,75,0,1,1.333333,1.333333
BUY,M30,EMAOrder,STOP,E100>E50>E200>E20,75,75,0,2,2.666667,2.666667
BUY,M30,EMAOrder,STOP,E100>E50>E20>E200,75,75,0,0,0.000000,0.000000
BUY,M30,EMAOrder,STOP,E200>E100>E20>E50,75,75,0,3,4.000000,4.000000
BUY,M30,EMAOrder,STOP,E200>E100>E50>E20,75,75,0,20,26.666667,26.666667
BUY,M30,EMAOrder,STOP,E200>E20>E100>E50,75,75,0,3,4.000000,4.000000
BUY,M30,EMAOrder,STOP,E200>E20>E50>E100,75,75,0,0,0.000000,0.000000
BUY,M30,EMAOrder,STOP,E200>E50>E100>E20,75,75,0,1,1.333333,1.333333
BUY,M30,EMAOrder,STOP,E200>E50>E20>E100,75,75,0,0,0.000000,0.000000
BUY,M30,EMAOrder,STOP,E20>E100>E200>E50,75,75,0,1,1.333333,1.333333
BUY,M30,EMAOrder,STOP,E20>E100>E50>E200,75,75,0,0,0.000000,0.000000
BUY,M30,EMAOrder,STOP,E20>E200>E100>E50,75,75,0,2,2.666667,2.666667
BUY,M30,EMAOrder,STOP,E20>E200>E50>E100,75,75,0,2,2.666667,2.666667
BUY,M30,EMAOrder,STOP,E20>E50>E100>E200,75,75,0,28,37.333333,37.333333
BUY,M30,EMAOrder,STOP,E20>E50>E200>E100,75,75,0,1,1.333333,1.333333
BUY,M30,EMAOrder,STOP,E50>E100>E200>E20,75,75,0,1,1.333333,1.333333
BUY,M30,EMAOrder,STOP,E50>E100>E20>E200,75,75,0,2,2.666667,2.666667
BUY,M30,EMAOrder,STOP,E50>E200>E100>E20,75,75,0,0,0.000000,0.000000
BUY,M30,EMAOrder,STOP,E50>E20>E100>E200,75,75,0,6,8.000000,8.000000
BUY,M30,EMAOrder,STOP,E50>E20>E200>E100,75,75,0,0,0.000000,0.000000
BUY,M30,EMAOrder,STOP,[MISSING],75,75,0,0,0.000000,
BUY,M30,EMAOrder,NON-STOP,E100>E200>E20>E50,3538,3534,4,3,0.084794,0.084890
BUY,M30,EMAOrder,NON-STOP,E100>E200>E50>E20,3538,3534,4,107,3.024308,3.027731
BUY,M30,EMAOrder,NON-STOP,E100>E20>E200>E50,3538,3534,4,1,0.028265,0.028297
BUY,M30,EMAOrder,NON-STOP,E100>E20>E50>E200,3538,3534,4,6,0.169587,0.169779
BUY,M30,EMAOrder,NON-STOP,E100>E50>E200>E20,3538,3534,4,68,1.921990,1.924165
BUY,M30,EMAOrder,NON-STOP,E100>E50>E20>E200,3538,3534,4,65,1.837196,1.839276
BUY,M30,EMAOrder,NON-STOP,E200>E100>E20>E50,3538,3534,4,186,5.257207,5.263158
BUY,M30,EMAOrder,NON-STOP,E200>E100>E50>E20,3538,3534,4,894,25.268513,25.297114
BUY,M30,EMAOrder,NON-STOP,E200>E20>E100>E50,3538,3534,4,120,3.391747,3.395586
BUY,M30,EMAOrder,NON-STOP,E200>E20>E50>E100,3538,3534,4,63,1.780667,1.782683
BUY,M30,EMAOrder,NON-STOP,E200>E50>E100>E20,3538,3534,4,13,0.367439,0.367855
BUY,M30,EMAOrder,NON-STOP,E200>E50>E20>E100,3538,3534,4,8,0.226116,0.226372
BUY,M30,EMAOrder,NON-STOP,E20>E100>E200>E50,3538,3534,4,5,0.141323,0.141483
BUY,M30,EMAOrder,NON-STOP,E20>E100>E50>E200,3538,3534,4,14,0.395704,0.396152
BUY,M30,EMAOrder,NON-STOP,E20>E200>E100>E50,3538,3534,4,13,0.367439,0.367855
BUY,M30,EMAOrder,NON-STOP,E20>E200>E50>E100,3538,3534,4,103,2.911249,2.914544
BUY,M30,EMAOrder,NON-STOP,E20>E50>E100>E200,3538,3534,4,1441,40.729226,40.775325
BUY,M30,EMAOrder,NON-STOP,E20>E50>E200>E100,3538,3534,4,107,3.024308,3.027731
BUY,M30,EMAOrder,NON-STOP,E50>E100>E200>E20,3538,3534,4,10,0.282646,0.282965
BUY,M30,EMAOrder,NON-STOP,E50>E100>E20>E200,3538,3534,4,128,3.617863,3.621958
BUY,M30,EMAOrder,NON-STOP,E50>E200>E100>E20,3538,3534,4,1,0.028265,0.028297
BUY,M30,EMAOrder,NON-STOP,E50>E20>E100>E200,3538,3534,4,177,5.002826,5.008489
BUY,M30,EMAOrder,NON-STOP,E50>E20>E200>E100,3538,3534,4,1,0.028265,0.028297
BUY,M30,EMAOrder,NON-STOP,[MISSING],3538,3534,4,4,0.113058,
BUY,M30,EMAOrder,TARGET,E100>E200>E20>E50,3255,3252,3,3,0.092166,0.092251
BUY,M30,EMAOrder,TARGET,E100>E200>E50>E20,3255,3252,3,96,2.949309,2.952030
BUY,M30,EMAOrder,TARGET,E100>E20>E200>E50,3255,3252,3,1,0.030722,0.030750
BUY,M30,EMAOrder,TARGET,E100>E20>E50>E200,3255,3252,3,6,0.184332,0.184502
BUY,M30,EMAOrder,TARGET,E100>E50>E200>E20,3255,3252,3,64,1.966206,1.968020
BUY,M30,EMAOrder,TARGET,E100>E50>E20>E200,3255,3252,3,59,1.812596,1.814268
BUY,M30,EMAOrder,TARGET,E200>E100>E20>E50,3255,3252,3,170,5.222734,5.227552
BUY,M30,EMAOrder,TARGET,E200>E100>E50>E20,3255,3252,3,815,25.038402,25.061501
BUY,M30,EMAOrder,TARGET,E200>E20>E100>E50,3255,3252,3,113,3.471582,3.474785
BUY,M30,EMAOrder,TARGET,E200>E20>E50>E100,3255,3252,3,57,1.751152,1.752768
BUY,M30,EMAOrder,TARGET,E200>E50>E100>E20,3255,3252,3,12,0.368664,0.369004
BUY,M30,EMAOrder,TARGET,E200>E50>E20>E100,3255,3252,3,7,0.215054,0.215252
BUY,M30,EMAOrder,TARGET,E20>E100>E200>E50,3255,3252,3,3,0.092166,0.092251
BUY,M30,EMAOrder,TARGET,E20>E100>E50>E200,3255,3252,3,13,0.399386,0.399754
BUY,M30,EMAOrder,TARGET,E20>E200>E100>E50,3255,3252,3,12,0.368664,0.369004
BUY,M30,EMAOrder,TARGET,E20>E200>E50>E100,3255,3252,3,88,2.703533,2.706027
BUY,M30,EMAOrder,TARGET,E20>E50>E100>E200,3255,3252,3,1347,41.382488,41.420664
BUY,M30,EMAOrder,TARGET,E20>E50>E200>E100,3255,3252,3,103,3.164363,3.167282
BUY,M30,EMAOrder,TARGET,E50>E100>E200>E20,3255,3252,3,9,0.276498,0.276753
BUY,M30,EMAOrder,TARGET,E50>E100>E20>E200,3255,3252,3,113,3.471582,3.474785
BUY,M30,EMAOrder,TARGET,E50>E200>E100>E20,3255,3252,3,1,0.030722,0.030750
BUY,M30,EMAOrder,TARGET,E50>E20>E100>E200,3255,3252,3,159,4.884793,4.889299
BUY,M30,EMAOrder,TARGET,E50>E20>E200>E100,3255,3252,3,1,0.030722,0.030750
BUY,M30,EMAOrder,TARGET,[MISSING],3255,3252,3,3,0.092166,
BUY,M30,EMAOrder,BE,E100>E200>E20>E50,282,281,1,0,0.000000,0.000000
BUY,M30,EMAOrder,BE,E100>E200>E50>E20,282,281,1,11,3.900709,3.914591
BUY,M30,EMAOrder,BE,E100>E20>E200>E50,282,281,1,0,0.000000,0.000000
BUY,M30,EMAOrder,BE,E100>E20>E50>E200,282,281,1,0,0.000000,0.000000
BUY,M30,EMAOrder,BE,E100>E50>E200>E20,282,281,1,4,1.418440,1.423488
BUY,M30,EMAOrder,BE,E100>E50>E20>E200,282,281,1,6,2.127660,2.135231
BUY,M30,EMAOrder,BE,E200>E100>E20>E50,282,281,1,16,5.673759,5.693950
BUY,M30,EMAOrder,BE,E200>E100>E50>E20,282,281,1,79,28.014184,28.113879
BUY,M30,EMAOrder,BE,E200>E20>E100>E50,282,281,1,7,2.482270,2.491103
BUY,M30,EMAOrder,BE,E200>E20>E50>E100,282,281,1,6,2.127660,2.135231
BUY,M30,EMAOrder,BE,E200>E50>E100>E20,282,281,1,1,0.354610,0.355872
BUY,M30,EMAOrder,BE,E200>E50>E20>E100,282,281,1,1,0.354610,0.355872
BUY,M30,EMAOrder,BE,E20>E100>E200>E50,282,281,1,2,0.709220,0.711744
BUY,M30,EMAOrder,BE,E20>E100>E50>E200,282,281,1,1,0.354610,0.355872
BUY,M30,EMAOrder,BE,E20>E200>E100>E50,282,281,1,1,0.354610,0.355872
BUY,M30,EMAOrder,BE,E20>E200>E50>E100,282,281,1,15,5.319149,5.338078
BUY,M30,EMAOrder,BE,E20>E50>E100>E200,282,281,1,94,33.333333,33.451957
BUY,M30,EMAOrder,BE,E20>E50>E200>E100,282,281,1,4,1.418440,1.423488
BUY,M30,EMAOrder,BE,E50>E100>E200>E20,282,281,1,1,0.354610,0.355872
BUY,M30,EMAOrder,BE,E50>E100>E20>E200,282,281,1,15,5.319149,5.338078
BUY,M30,EMAOrder,BE,E50>E200>E100>E20,282,281,1,0,0.000000,0.000000
BUY,M30,EMAOrder,BE,E50>E20>E100>E200,282,281,1,17,6.028369,6.049822
BUY,M30,EMAOrder,BE,E50>E20>E200>E100,282,281,1,0,0.000000,0.000000
BUY,M30,EMAOrder,BE,[MISSING],282,281,1,1,0.354610,
BUY,M30,EMAOrder,OTHER_NONSTOP,E100>E200>E20>E50,1,1,0,0,0.000000,0.000000
BUY,M30,EMAOrder,OTHER_NONSTOP,E100>E200>E50>E20,1,1,0,0,0.000000,0.000000
BUY,M30,EMAOrder,OTHER_NONSTOP,E100>E20>E200>E50,1,1,0,0,0.000000,0.000000
BUY,M30,EMAOrder,OTHER_NONSTOP,E100>E20>E50>E200,1,1,0,0,0.000000,0.000000
BUY,M30,EMAOrder,OTHER_NONSTOP,E100>E50>E200>E20,1,1,0,0,0.000000,0.000000
BUY,M30,EMAOrder,OTHER_NONSTOP,E100>E50>E20>E200,1,1,0,0,0.000000,0.000000
BUY,M30,EMAOrder,OTHER_NONSTOP,E200>E100>E20>E50,1,1,0,0,0.000000,0.000000
BUY,M30,EMAOrder,OTHER_NONSTOP,E200>E100>E50>E20,1,1,0,0,0.000000,0.000000
BUY,M30,EMAOrder,OTHER_NONSTOP,E200>E20>E100>E50,1,1,0,0,0.000000,0.000000
BUY,M30,EMAOrder,OTHER_NONSTOP,E200>E20>E50>E100,1,1,0,0,0.000000,0.000000
BUY,M30,EMAOrder,OTHER_NONSTOP,E200>E50>E100>E20,1,1,0,0,0.000000,0.000000
BUY,M30,EMAOrder,OTHER_NONSTOP,E200>E50>E20>E100,1,1,0,0,0.000000,0.000000
BUY,M30,EMAOrder,OTHER_NONSTOP,E20>E100>E200>E50,1,1,0,0,0.000000,0.000000
BUY,M30,EMAOrder,OTHER_NONSTOP,E20>E100>E50>E200,1,1,0,0,0.000000,0.000000
BUY,M30,EMAOrder,OTHER_NONSTOP,E20>E200>E100>E50,1,1,0,0,0.000000,0.000000
BUY,M30,EMAOrder,OTHER_NONSTOP,E20>E200>E50>E100,1,1,0,0,0.000000,0.000000
BUY,M30,EMAOrder,OTHER_NONSTOP,E20>E50>E100>E200,1,1,0,0,0.000000,0.000000
BUY,M30,EMAOrder,OTHER_NONSTOP,E20>E50>E200>E100,1,1,0,0,0.000000,0.000000
BUY,M30,EMAOrder,OTHER_NONSTOP,E50>E100>E200>E20,1,1,0,0,0.000000,0.000000
BUY,M30,EMAOrder,OTHER_NONSTOP,E50>E100>E20>E200,1,1,0,0,0.000000,0.000000
BUY,M30,EMAOrder,OTHER_NONSTOP,E50>E200>E100>E20,1,1,0,0,0.000000,0.000000
BUY,M30,EMAOrder,OTHER_NONSTOP,E50>E20>E100>E200,1,1,0,1,100.000000,100.000000
BUY,M30,EMAOrder,OTHER_NONSTOP,E50>E20>E200>E100,1,1,0,0,0.000000,0.000000
BUY,M30,EMAOrder,OTHER_NONSTOP,[MISSING],1,1,0,0,0.000000,
BUY,M30,TrendRegime,STOP,DOWN,75,75,0,20,26.666667,26.666667
BUY,M30,TrendRegime,STOP,RANGE,75,75,0,27,36.000000,36.000000
BUY,M30,TrendRegime,STOP,UP,75,75,0,28,37.333333,37.333333
BUY,M30,TrendRegime,STOP,[MISSING],75,75,0,0,0.000000,
BUY,M30,TrendRegime,NON-STOP,DOWN,3538,3534,4,894,25.268513,25.297114
BUY,M30,TrendRegime,NON-STOP,RANGE,3538,3534,4,1199,33.889203,33.927561
BUY,M30,TrendRegime,NON-STOP,UP,3538,3534,4,1441,40.729226,40.775325
BUY,M30,TrendRegime,NON-STOP,[MISSING],3538,3534,4,4,0.113058,
BUY,M30,TrendRegime,TARGET,DOWN,3255,3252,3,815,25.038402,25.061501
BUY,M30,TrendRegime,TARGET,RANGE,3255,3252,3,1090,33.486943,33.517835
BUY,M30,TrendRegime,TARGET,UP,3255,3252,3,1347,41.382488,41.420664
BUY,M30,TrendRegime,TARGET,[MISSING],3255,3252,3,3,0.092166,
BUY,M30,TrendRegime,BE,DOWN,282,281,1,79,28.014184,28.113879
BUY,M30,TrendRegime,BE,RANGE,282,281,1,108,38.297872,38.434164
BUY,M30,TrendRegime,BE,UP,282,281,1,94,33.333333,33.451957
BUY,M30,TrendRegime,BE,[MISSING],282,281,1,1,0.354610,
BUY,M30,TrendRegime,OTHER_NONSTOP,DOWN,1,1,0,0,0.000000,0.000000
BUY,M30,TrendRegime,OTHER_NONSTOP,RANGE,1,1,0,1,100.000000,100.000000
BUY,M30,TrendRegime,OTHER_NONSTOP,UP,1,1,0,0,0.000000,0.000000
BUY,M30,TrendRegime,OTHER_NONSTOP,[MISSING],1,1,0,0,0.000000,
BUY,M30,PriceAboveEMA200,STOP,0,75,75,0,33,44.000000,44.000000
BUY,M30,PriceAboveEMA200,STOP,1,75,75,0,42,56.000000,56.000000
BUY,M30,PriceAboveEMA200,STOP,[MISSING],75,75,0,0,0.000000,
BUY,M30,PriceAboveEMA200,NON-STOP,0,3538,3534,4,1528,43.188242,43.237125
BUY,M30,PriceAboveEMA200,NON-STOP,1,3538,3534,4,2006,56.698700,56.762875
BUY,M30,PriceAboveEMA200,NON-STOP,[MISSING],3538,3534,4,4,0.113058,
BUY,M30,PriceAboveEMA200,TARGET,0,3255,3252,3,1395,42.857143,42.896679
BUY,M30,PriceAboveEMA200,TARGET,1,3255,3252,3,1857,57.050691,57.103321
BUY,M30,PriceAboveEMA200,TARGET,[MISSING],3255,3252,3,3,0.092166,
BUY,M30,PriceAboveEMA200,BE,0,282,281,1,133,47.163121,47.330961
BUY,M30,PriceAboveEMA200,BE,1,282,281,1,148,52.482270,52.669039
BUY,M30,PriceAboveEMA200,BE,[MISSING],282,281,1,1,0.354610,
BUY,M30,PriceAboveEMA200,OTHER_NONSTOP,0,1,1,0,0,0.000000,0.000000
BUY,M30,PriceAboveEMA200,OTHER_NONSTOP,1,1,1,0,1,100.000000,100.000000
BUY,M30,PriceAboveEMA200,OTHER_NONSTOP,[MISSING],1,1,0,0,0.000000,
BUY,H1,DIStatus,STOP,+,75,75,0,40,53.333333,53.333333
BUY,H1,DIStatus,STOP,-,75,75,0,35,46.666667,46.666667
BUY,H1,DIStatus,STOP,[MISSING],75,75,0,0,0.000000,
BUY,H1,DIStatus,NON-STOP,+,3538,3529,9,2038,57.603166,57.750071
BUY,H1,DIStatus,NON-STOP,-,3538,3529,9,1491,42.142453,42.249929
BUY,H1,DIStatus,NON-STOP,[MISSING],3538,3529,9,9,0.254381,
BUY,H1,DIStatus,TARGET,+,3255,3247,8,1885,57.910906,58.053588
BUY,H1,DIStatus,TARGET,-,3255,3247,8,1362,41.843318,41.946412
BUY,H1,DIStatus,TARGET,[MISSING],3255,3247,8,8,0.245776,
BUY,H1,DIStatus,BE,+,282,281,1,153,54.255319,54.448399
BUY,H1,DIStatus,BE,-,282,281,1,128,45.390071,45.551601
BUY,H1,DIStatus,BE,[MISSING],282,281,1,1,0.354610,
BUY,H1,DIStatus,OTHER_NONSTOP,+,1,1,0,0,0.000000,0.000000
BUY,H1,DIStatus,OTHER_NONSTOP,-,1,1,0,1,100.000000,100.000000
BUY,H1,DIStatus,OTHER_NONSTOP,[MISSING],1,1,0,0,0.000000,
BUY,H1,EMAOrder,STOP,E100>E200>E20>E50,75,75,0,0,0.000000,0.000000
BUY,H1,EMAOrder,STOP,E100>E200>E50>E20,75,75,0,0,0.000000,0.000000
BUY,H1,EMAOrder,STOP,E100>E20>E200>E50,75,75,0,0,0.000000,0.000000
BUY,H1,EMAOrder,STOP,E100>E20>E50>E200,75,75,0,0,0.000000,0.000000
BUY,H1,EMAOrder,STOP,E100>E50>E200>E20,75,75,0,2,2.666667,2.666667
BUY,H1,EMAOrder,STOP,E100>E50>E20>E200,75,75,0,2,2.666667,2.666667
BUY,H1,EMAOrder,STOP,E200>E100>E20>E50,75,75,0,3,4.000000,4.000000
BUY,H1,EMAOrder,STOP,E200>E100>E50>E20,75,75,0,23,30.666667,30.666667
BUY,H1,EMAOrder,STOP,E200>E20>E100>E50,75,75,0,0,0.000000,0.000000
BUY,H1,EMAOrder,STOP,E200>E20>E50>E100,75,75,0,0,0.000000,0.000000
BUY,H1,EMAOrder,STOP,E200>E50>E100>E20,75,75,0,0,0.000000,0.000000
BUY,H1,EMAOrder,STOP,E200>E50>E20>E100,75,75,0,0,0.000000,0.000000
BUY,H1,EMAOrder,STOP,E20>E100>E200>E50,75,75,0,2,2.666667,2.666667
BUY,H1,EMAOrder,STOP,E20>E100>E50>E200,75,75,0,0,0.000000,0.000000
BUY,H1,EMAOrder,STOP,E20>E200>E100>E50,75,75,0,0,0.000000,0.000000
BUY,H1,EMAOrder,STOP,E20>E200>E50>E100,75,75,0,0,0.000000,0.000000
BUY,H1,EMAOrder,STOP,E20>E50>E100>E200,75,75,0,35,46.666667,46.666667
BUY,H1,EMAOrder,STOP,E20>E50>E200>E100,75,75,0,1,1.333333,1.333333
BUY,H1,EMAOrder,STOP,E50>E100>E200>E20,75,75,0,0,0.000000,0.000000
BUY,H1,EMAOrder,STOP,E50>E100>E20>E200,75,75,0,4,5.333333,5.333333
BUY,H1,EMAOrder,STOP,E50>E200>E100>E20,75,75,0,0,0.000000,0.000000
BUY,H1,EMAOrder,STOP,E50>E200>E20>E100,75,75,0,0,0.000000,0.000000
BUY,H1,EMAOrder,STOP,E50>E20>E100>E200,75,75,0,2,2.666667,2.666667
BUY,H1,EMAOrder,STOP,E50>E20>E200>E100,75,75,0,1,1.333333,1.333333
BUY,H1,EMAOrder,STOP,[MISSING],75,75,0,0,0.000000,
BUY,H1,EMAOrder,NON-STOP,E100>E200>E20>E50,3538,3529,9,5,0.141323,0.141683
BUY,H1,EMAOrder,NON-STOP,E100>E200>E50>E20,3538,3529,9,93,2.628604,2.635307
BUY,H1,EMAOrder,NON-STOP,E100>E20>E200>E50,3538,3529,9,3,0.084794,0.085010
BUY,H1,EMAOrder,NON-STOP,E100>E20>E50>E200,3538,3529,9,7,0.197852,0.198356
BUY,H1,EMAOrder,NON-STOP,E100>E50>E200>E20,3538,3529,9,82,2.317694,2.323604
BUY,H1,EMAOrder,NON-STOP,E100>E50>E20>E200,3538,3529,9,48,1.356699,1.360159
BUY,H1,EMAOrder,NON-STOP,E200>E100>E20>E50,3538,3529,9,152,4.296213,4.307169
BUY,H1,EMAOrder,NON-STOP,E200>E100>E50>E20,3538,3529,9,969,27.388355,27.458203
BUY,H1,EMAOrder,NON-STOP,E200>E20>E100>E50,3538,3529,9,107,3.024308,3.032020
BUY,H1,EMAOrder,NON-STOP,E200>E20>E50>E100,3538,3529,9,51,1.441492,1.445169
BUY,H1,EMAOrder,NON-STOP,E200>E50>E100>E20,3538,3529,9,12,0.339175,0.340040
BUY,H1,EMAOrder,NON-STOP,E200>E50>E20>E100,3538,3529,9,6,0.169587,0.170020
BUY,H1,EMAOrder,NON-STOP,E20>E100>E200>E50,3538,3529,9,7,0.197852,0.198356
BUY,H1,EMAOrder,NON-STOP,E20>E100>E50>E200,3538,3529,9,19,0.537027,0.538396
BUY,H1,EMAOrder,NON-STOP,E20>E200>E100>E50,3538,3529,9,19,0.537027,0.538396
BUY,H1,EMAOrder,NON-STOP,E20>E200>E50>E100,3538,3529,9,95,2.685133,2.691981
BUY,H1,EMAOrder,NON-STOP,E20>E50>E100>E200,3538,3529,9,1449,40.955342,41.059790
BUY,H1,EMAOrder,NON-STOP,E20>E50>E200>E100,3538,3529,9,123,3.476540,3.485407
BUY,H1,EMAOrder,NON-STOP,E50>E100>E200>E20,3538,3529,9,9,0.254381,0.255030
BUY,H1,EMAOrder,NON-STOP,E50>E100>E20>E200,3538,3529,9,108,3.052572,3.060357
BUY,H1,EMAOrder,NON-STOP,E50>E200>E100>E20,3538,3529,9,2,0.056529,0.056673
BUY,H1,EMAOrder,NON-STOP,E50>E200>E20>E100,3538,3529,9,0,0.000000,0.000000
BUY,H1,EMAOrder,NON-STOP,E50>E20>E100>E200,3538,3529,9,162,4.578858,4.590536
BUY,H1,EMAOrder,NON-STOP,E50>E20>E200>E100,3538,3529,9,1,0.028265,0.028337
BUY,H1,EMAOrder,NON-STOP,[MISSING],3538,3529,9,9,0.254381,
BUY,H1,EMAOrder,TARGET,E100>E200>E20>E50,3255,3247,8,5,0.153610,0.153988
BUY,H1,EMAOrder,TARGET,E100>E200>E50>E20,3255,3247,8,87,2.672811,2.679396
BUY,H1,EMAOrder,TARGET,E100>E20>E200>E50,3255,3247,8,3,0.092166,0.092393
BUY,H1,EMAOrder,TARGET,E100>E20>E50>E200,3255,3247,8,6,0.184332,0.184786
BUY,H1,EMAOrder,TARGET,E100>E50>E200>E20,3255,3247,8,77,2.365591,2.371420
BUY,H1,EMAOrder,TARGET,E100>E50>E20>E200,3255,3247,8,44,1.351767,1.355097
BUY,H1,EMAOrder,TARGET,E200>E100>E20>E50,3255,3247,8,134,4.116743,4.126886
BUY,H1,EMAOrder,TARGET,E200>E100>E50>E20,3255,3247,8,881,27.066052,27.132738
BUY,H1,EMAOrder,TARGET,E200>E20>E100>E50,3255,3247,8,99,3.041475,3.048968
BUY,H1,EMAOrder,TARGET,E200>E20>E50>E100,3255,3247,8,49,1.505376,1.509085
BUY,H1,EMAOrder,TARGET,E200>E50>E100>E20,3255,3247,8,11,0.337942,0.338774
BUY,H1,EMAOrder,TARGET,E200>E50>E20>E100,3255,3247,8,5,0.153610,0.153988
BUY,H1,EMAOrder,TARGET,E20>E100>E200>E50,3255,3247,8,7,0.215054,0.215584
BUY,H1,EMAOrder,TARGET,E20>E100>E50>E200,3255,3247,8,17,0.522273,0.523560
BUY,H1,EMAOrder,TARGET,E20>E200>E100>E50,3255,3247,8,19,0.583717,0.585156
BUY,H1,EMAOrder,TARGET,E20>E200>E50>E100,3255,3247,8,87,2.672811,2.679396
BUY,H1,EMAOrder,TARGET,E20>E50>E100>E200,3255,3247,8,1341,41.198157,41.299661
BUY,H1,EMAOrder,TARGET,E20>E50>E200>E100,3255,3247,8,118,3.625192,3.634124
BUY,H1,EMAOrder,TARGET,E50>E100>E200>E20,3255,3247,8,9,0.276498,0.277179
BUY,H1,EMAOrder,TARGET,E50>E100>E20>E200,3255,3247,8,98,3.010753,3.018171
BUY,H1,EMAOrder,TARGET,E50>E200>E100>E20,3255,3247,8,1,0.030722,0.030798
BUY,H1,EMAOrder,TARGET,E50>E200>E20>E100,3255,3247,8,0,0.000000,0.000000
BUY,H1,EMAOrder,TARGET,E50>E20>E100>E200,3255,3247,8,148,4.546851,4.558054
BUY,H1,EMAOrder,TARGET,E50>E20>E200>E100,3255,3247,8,1,0.030722,0.030798
BUY,H1,EMAOrder,TARGET,[MISSING],3255,3247,8,8,0.245776,
BUY,H1,EMAOrder,BE,E100>E200>E20>E50,282,281,1,0,0.000000,0.000000
BUY,H1,EMAOrder,BE,E100>E200>E50>E20,282,281,1,6,2.127660,2.135231
BUY,H1,EMAOrder,BE,E100>E20>E200>E50,282,281,1,0,0.000000,0.000000
BUY,H1,EMAOrder,BE,E100>E20>E50>E200,282,281,1,1,0.354610,0.355872
BUY,H1,EMAOrder,BE,E100>E50>E200>E20,282,281,1,5,1.773050,1.779359
BUY,H1,EMAOrder,BE,E100>E50>E20>E200,282,281,1,4,1.418440,1.423488
BUY,H1,EMAOrder,BE,E200>E100>E20>E50,282,281,1,18,6.382979,6.405694
BUY,H1,EMAOrder,BE,E200>E100>E50>E20,282,281,1,88,31.205674,31.316726
BUY,H1,EMAOrder,BE,E200>E20>E100>E50,282,281,1,8,2.836879,2.846975
BUY,H1,EMAOrder,BE,E200>E20>E50>E100,282,281,1,2,0.709220,0.711744
BUY,H1,EMAOrder,BE,E200>E50>E100>E20,282,281,1,1,0.354610,0.355872
BUY,H1,EMAOrder,BE,E200>E50>E20>E100,282,281,1,1,0.354610,0.355872
BUY,H1,EMAOrder,BE,E20>E100>E200>E50,282,281,1,0,0.000000,0.000000
BUY,H1,EMAOrder,BE,E20>E100>E50>E200,282,281,1,2,0.709220,0.711744
BUY,H1,EMAOrder,BE,E20>E200>E100>E50,282,281,1,0,0.000000,0.000000
BUY,H1,EMAOrder,BE,E20>E200>E50>E100,282,281,1,8,2.836879,2.846975
BUY,H1,EMAOrder,BE,E20>E50>E100>E200,282,281,1,107,37.943262,38.078292
BUY,H1,EMAOrder,BE,E20>E50>E200>E100,282,281,1,5,1.773050,1.779359
BUY,H1,EMAOrder,BE,E50>E100>E200>E20,282,281,1,0,0.000000,0.000000
BUY,H1,EMAOrder,BE,E50>E100>E20>E200,282,281,1,10,3.546099,3.558719
BUY,H1,EMAOrder,BE,E50>E200>E100>E20,282,281,1,1,0.354610,0.355872
BUY,H1,EMAOrder,BE,E50>E200>E20>E100,282,281,1,0,0.000000,0.000000
BUY,H1,EMAOrder,BE,E50>E20>E100>E200,282,281,1,14,4.964539,4.982206
BUY,H1,EMAOrder,BE,E50>E20>E200>E100,282,281,1,0,0.000000,0.000000
BUY,H1,EMAOrder,BE,[MISSING],282,281,1,1,0.354610,
BUY,H1,EMAOrder,OTHER_NONSTOP,E100>E200>E20>E50,1,1,0,0,0.000000,0.000000
BUY,H1,EMAOrder,OTHER_NONSTOP,E100>E200>E50>E20,1,1,0,0,0.000000,0.000000
BUY,H1,EMAOrder,OTHER_NONSTOP,E100>E20>E200>E50,1,1,0,0,0.000000,0.000000
BUY,H1,EMAOrder,OTHER_NONSTOP,E100>E20>E50>E200,1,1,0,0,0.000000,0.000000
BUY,H1,EMAOrder,OTHER_NONSTOP,E100>E50>E200>E20,1,1,0,0,0.000000,0.000000
BUY,H1,EMAOrder,OTHER_NONSTOP,E100>E50>E20>E200,1,1,0,0,0.000000,0.000000
BUY,H1,EMAOrder,OTHER_NONSTOP,E200>E100>E20>E50,1,1,0,0,0.000000,0.000000
BUY,H1,EMAOrder,OTHER_NONSTOP,E200>E100>E50>E20,1,1,0,0,0.000000,0.000000
BUY,H1,EMAOrder,OTHER_NONSTOP,E200>E20>E100>E50,1,1,0,0,0.000000,0.000000
BUY,H1,EMAOrder,OTHER_NONSTOP,E200>E20>E50>E100,1,1,0,0,0.000000,0.000000
BUY,H1,EMAOrder,OTHER_NONSTOP,E200>E50>E100>E20,1,1,0,0,0.000000,0.000000
BUY,H1,EMAOrder,OTHER_NONSTOP,E200>E50>E20>E100,1,1,0,0,0.000000,0.000000
BUY,H1,EMAOrder,OTHER_NONSTOP,E20>E100>E200>E50,1,1,0,0,0.000000,0.000000
BUY,H1,EMAOrder,OTHER_NONSTOP,E20>E100>E50>E200,1,1,0,0,0.000000,0.000000
BUY,H1,EMAOrder,OTHER_NONSTOP,E20>E200>E100>E50,1,1,0,0,0.000000,0.000000
BUY,H1,EMAOrder,OTHER_NONSTOP,E20>E200>E50>E100,1,1,0,0,0.000000,0.000000
BUY,H1,EMAOrder,OTHER_NONSTOP,E20>E50>E100>E200,1,1,0,1,100.000000,100.000000
BUY,H1,EMAOrder,OTHER_NONSTOP,E20>E50>E200>E100,1,1,0,0,0.000000,0.000000
BUY,H1,EMAOrder,OTHER_NONSTOP,E50>E100>E200>E20,1,1,0,0,0.000000,0.000000
BUY,H1,EMAOrder,OTHER_NONSTOP,E50>E100>E20>E200,1,1,0,0,0.000000,0.000000
BUY,H1,EMAOrder,OTHER_NONSTOP,E50>E200>E100>E20,1,1,0,0,0.000000,0.000000
BUY,H1,EMAOrder,OTHER_NONSTOP,E50>E200>E20>E100,1,1,0,0,0.000000,0.000000
BUY,H1,EMAOrder,OTHER_NONSTOP,E50>E20>E100>E200,1,1,0,0,0.000000,0.000000
BUY,H1,EMAOrder,OTHER_NONSTOP,E50>E20>E200>E100,1,1,0,0,0.000000,0.000000
BUY,H1,EMAOrder,OTHER_NONSTOP,[MISSING],1,1,0,0,0.000000,
BUY,H1,TrendRegime,STOP,DOWN,75,75,0,23,30.666667,30.666667
BUY,H1,TrendRegime,STOP,RANGE,75,75,0,17,22.666667,22.666667
BUY,H1,TrendRegime,STOP,UP,75,75,0,35,46.666667,46.666667
BUY,H1,TrendRegime,STOP,[MISSING],75,75,0,0,0.000000,
BUY,H1,TrendRegime,NON-STOP,DOWN,3538,3529,9,969,27.388355,27.458203
BUY,H1,TrendRegime,NON-STOP,RANGE,3538,3529,9,1111,31.401922,31.482006
BUY,H1,TrendRegime,NON-STOP,UP,3538,3529,9,1449,40.955342,41.059790
BUY,H1,TrendRegime,NON-STOP,[MISSING],3538,3529,9,9,0.254381,
BUY,H1,TrendRegime,TARGET,DOWN,3255,3247,8,881,27.066052,27.132738
BUY,H1,TrendRegime,TARGET,RANGE,3255,3247,8,1025,31.490015,31.567601
BUY,H1,TrendRegime,TARGET,UP,3255,3247,8,1341,41.198157,41.299661
BUY,H1,TrendRegime,TARGET,[MISSING],3255,3247,8,8,0.245776,
BUY,H1,TrendRegime,BE,DOWN,282,281,1,88,31.205674,31.316726
BUY,H1,TrendRegime,BE,RANGE,282,281,1,86,30.496454,30.604982
BUY,H1,TrendRegime,BE,UP,282,281,1,107,37.943262,38.078292
BUY,H1,TrendRegime,BE,[MISSING],282,281,1,1,0.354610,
BUY,H1,TrendRegime,OTHER_NONSTOP,DOWN,1,1,0,0,0.000000,0.000000
BUY,H1,TrendRegime,OTHER_NONSTOP,RANGE,1,1,0,0,0.000000,0.000000
BUY,H1,TrendRegime,OTHER_NONSTOP,UP,1,1,0,1,100.000000,100.000000
BUY,H1,TrendRegime,OTHER_NONSTOP,[MISSING],1,1,0,0,0.000000,
BUY,H1,PriceAboveEMA200,STOP,0,75,75,0,29,38.666667,38.666667
BUY,H1,PriceAboveEMA200,STOP,1,75,75,0,46,61.333333,61.333333
BUY,H1,PriceAboveEMA200,STOP,[MISSING],75,75,0,0,0.000000,
BUY,H1,PriceAboveEMA200,NON-STOP,0,3538,3529,9,1461,41.294517,41.399830
BUY,H1,PriceAboveEMA200,NON-STOP,1,3538,3529,9,2068,58.451102,58.600170
BUY,H1,PriceAboveEMA200,NON-STOP,[MISSING],3538,3529,9,9,0.254381,
BUY,H1,PriceAboveEMA200,TARGET,0,3255,3247,8,1334,40.983103,41.084078
BUY,H1,PriceAboveEMA200,TARGET,1,3255,3247,8,1913,58.771121,58.915922
BUY,H1,PriceAboveEMA200,TARGET,[MISSING],3255,3247,8,8,0.245776,
BUY,H1,PriceAboveEMA200,BE,0,282,281,1,127,45.035461,45.195730
BUY,H1,PriceAboveEMA200,BE,1,282,281,1,154,54.609929,54.804270
BUY,H1,PriceAboveEMA200,BE,[MISSING],282,281,1,1,0.354610,
BUY,H1,PriceAboveEMA200,OTHER_NONSTOP,0,1,1,0,0,0.000000,0.000000
BUY,H1,PriceAboveEMA200,OTHER_NONSTOP,1,1,1,0,1,100.000000,100.000000
BUY,H1,PriceAboveEMA200,OTHER_NONSTOP,[MISSING],1,1,0,0,0.000000,
BUY,H4,DIStatus,STOP,+,75,74,1,40,53.333333,54.054054
BUY,H4,DIStatus,STOP,-,75,74,1,34,45.333333,45.945946
BUY,H4,DIStatus,STOP,[MISSING],75,74,1,1,1.333333,
BUY,H4,DIStatus,NON-STOP,+,3538,3505,33,2020,57.094404,57.631954
BUY,H4,DIStatus,NON-STOP,-,3538,3505,33,1485,41.972866,42.368046
BUY,H4,DIStatus,NON-STOP,[MISSING],3538,3505,33,33,0.932730,
BUY,H4,DIStatus,TARGET,+,3255,3223,32,1880,57.757296,58.330748
BUY,H4,DIStatus,TARGET,-,3255,3223,32,1343,41.259601,41.669252
BUY,H4,DIStatus,TARGET,[MISSING],3255,3223,32,32,0.983103,
BUY,H4,DIStatus,BE,+,282,281,1,139,49.290780,49.466192
BUY,H4,DIStatus,BE,-,282,281,1,142,50.354610,50.533808
BUY,H4,DIStatus,BE,[MISSING],282,281,1,1,0.354610,
BUY,H4,DIStatus,OTHER_NONSTOP,+,1,1,0,1,100.000000,100.000000
BUY,H4,DIStatus,OTHER_NONSTOP,-,1,1,0,0,0.000000,0.000000
BUY,H4,DIStatus,OTHER_NONSTOP,[MISSING],1,1,0,0,0.000000,
BUY,H4,EMAOrder,STOP,E100>E200>E20>E50,75,74,1,0,0.000000,0.000000
BUY,H4,EMAOrder,STOP,E100>E200>E50>E20,75,74,1,2,2.666667,2.702703
BUY,H4,EMAOrder,STOP,E100>E20>E200>E50,75,74,1,0,0.000000,0.000000
BUY,H4,EMAOrder,STOP,E100>E20>E50>E200,75,74,1,0,0.000000,0.000000
BUY,H4,EMAOrder,STOP,E100>E50>E200>E20,75,74,1,3,4.000000,4.054054
BUY,H4,EMAOrder,STOP,E100>E50>E20>E200,75,74,1,0,0.000000,0.000000
BUY,H4,EMAOrder,STOP,E200>E100>E20>E50,75,74,1,5,6.666667,6.756757
BUY,H4,EMAOrder,STOP,E200>E100>E50>E20,75,74,1,16,21.333333,21.621622
BUY,H4,EMAOrder,STOP,E200>E20>E100>E50,75,74,1,4,5.333333,5.405405
BUY,H4,EMAOrder,STOP,E200>E20>E50>E100,75,74,1,0,0.000000,0.000000
BUY,H4,EMAOrder,STOP,E200>E50>E100>E20,75,74,1,0,0.000000,0.000000
BUY,H4,EMAOrder,STOP,E200>E50>E20>E100,75,74,1,0,0.000000,0.000000
BUY,H4,EMAOrder,STOP,E20>E100>E200>E50,75,74,1,0,0.000000,0.000000
BUY,H4,EMAOrder,STOP,E20>E100>E50>E200,75,74,1,0,0.000000,0.000000
BUY,H4,EMAOrder,STOP,E20>E200>E100>E50,75,74,1,0,0.000000,0.000000
BUY,H4,EMAOrder,STOP,E20>E200>E50>E100,75,74,1,3,4.000000,4.054054
BUY,H4,EMAOrder,STOP,E20>E50>E100>E200,75,74,1,31,41.333333,41.891892
BUY,H4,EMAOrder,STOP,E20>E50>E200>E100,75,74,1,2,2.666667,2.702703
BUY,H4,EMAOrder,STOP,E50>E100>E200>E20,75,74,1,2,2.666667,2.702703
BUY,H4,EMAOrder,STOP,E50>E100>E20>E200,75,74,1,3,4.000000,4.054054
BUY,H4,EMAOrder,STOP,E50>E200>E100>E20,75,74,1,0,0.000000,0.000000
BUY,H4,EMAOrder,STOP,E50>E200>E20>E100,75,74,1,0,0.000000,0.000000
BUY,H4,EMAOrder,STOP,E50>E20>E100>E200,75,74,1,3,4.000000,4.054054
BUY,H4,EMAOrder,STOP,E50>E20>E200>E100,75,74,1,0,0.000000,0.000000
BUY,H4,EMAOrder,STOP,[MISSING],75,74,1,1,1.333333,
BUY,H4,EMAOrder,NON-STOP,E100>E200>E20>E50,3538,3505,33,7,0.197852,0.199715
BUY,H4,EMAOrder,NON-STOP,E100>E200>E50>E20,3538,3505,33,109,3.080837,3.109843
BUY,H4,EMAOrder,NON-STOP,E100>E20>E200>E50,3538,3505,33,4,0.113058,0.114123
BUY,H4,EMAOrder,NON-STOP,E100>E20>E50>E200,3538,3505,33,8,0.226116,0.228245
BUY,H4,EMAOrder,NON-STOP,E100>E50>E200>E20,3538,3505,33,70,1.978519,1.997147
BUY,H4,EMAOrder,NON-STOP,E100>E50>E20>E200,3538,3505,33,67,1.893725,1.911555
BUY,H4,EMAOrder,NON-STOP,E200>E100>E20>E50,3538,3505,33,170,4.804975,4.850214
BUY,H4,EMAOrder,NON-STOP,E200>E100>E50>E20,3538,3505,33,933,26.370831,26.619116
BUY,H4,EMAOrder,NON-STOP,E200>E20>E100>E50,3538,3505,33,99,2.798191,2.824536
BUY,H4,EMAOrder,NON-STOP,E200>E20>E50>E100,3538,3505,33,33,0.932730,0.941512
BUY,H4,EMAOrder,NON-STOP,E200>E50>E100>E20,3538,3505,33,13,0.367439,0.370899
BUY,H4,EMAOrder,NON-STOP,E200>E50>E20>E100,3538,3505,33,5,0.141323,0.142653
BUY,H4,EMAOrder,NON-STOP,E20>E100>E200>E50,3538,3505,33,9,0.254381,0.256776
BUY,H4,EMAOrder,NON-STOP,E20>E100>E50>E200,3538,3505,33,20,0.565291,0.570613
BUY,H4,EMAOrder,NON-STOP,E20>E200>E100>E50,3538,3505,33,23,0.650085,0.656205
BUY,H4,EMAOrder,NON-STOP,E20>E200>E50>E100,3538,3505,33,89,2.515546,2.539230
BUY,H4,EMAOrder,NON-STOP,E20>E50>E100>E200,3538,3505,33,1403,39.655172,40.028531
BUY,H4,EMAOrder,NON-STOP,E20>E50>E200>E100,3538,3505,33,115,3.250424,3.281027
BUY,H4,EMAOrder,NON-STOP,E50>E100>E200>E20,3538,3505,33,19,0.537027,0.542083
BUY,H4,EMAOrder,NON-STOP,E50>E100>E20>E200,3538,3505,33,123,3.476540,3.509272
BUY,H4,EMAOrder,NON-STOP,E50>E200>E100>E20,3538,3505,33,4,0.113058,0.114123
BUY,H4,EMAOrder,NON-STOP,E50>E200>E20>E100,3538,3505,33,1,0.028265,0.028531
BUY,H4,EMAOrder,NON-STOP,E50>E20>E100>E200,3538,3505,33,180,5.087620,5.135521
BUY,H4,EMAOrder,NON-STOP,E50>E20>E200>E100,3538,3505,33,1,0.028265,0.028531
BUY,H4,EMAOrder,NON-STOP,[MISSING],3538,3505,33,33,0.932730,
BUY,H4,EMAOrder,TARGET,E100>E200>E20>E50,3255,3223,32,6,0.184332,0.186162
BUY,H4,EMAOrder,TARGET,E100>E200>E50>E20,3255,3223,32,102,3.133641,3.164753
BUY,H4,EMAOrder,TARGET,E100>E20>E200>E50,3255,3223,32,4,0.122888,0.124108
BUY,H4,EMAOrder,TARGET,E100>E20>E50>E200,3255,3223,32,8,0.245776,0.248216
BUY,H4,EMAOrder,TARGET,E100>E50>E200>E20,3255,3223,32,65,1.996928,2.016755
BUY,H4,EMAOrder,TARGET,E100>E50>E20>E200,3255,3223,32,62,1.904762,1.923674
BUY,H4,EMAOrder,TARGET,E200>E100>E20>E50,3255,3223,32,158,4.854071,4.902265
BUY,H4,EMAOrder,TARGET,E200>E100>E50>E20,3255,3223,32,844,25.929339,26.186783
BUY,H4,EMAOrder,TARGET,E200>E20>E100>E50,3255,3223,32,95,2.918587,2.947564
BUY,H4,EMAOrder,TARGET,E200>E20>E50>E100,3255,3223,32,31,0.952381,0.961837
BUY,H4,EMAOrder,TARGET,E200>E50>E100>E20,3255,3223,32,13,0.399386,0.403351
BUY,H4,EMAOrder,TARGET,E200>E50>E20>E100,3255,3223,32,5,0.153610,0.155135
BUY,H4,EMAOrder,TARGET,E20>E100>E200>E50,3255,3223,32,8,0.245776,0.248216
BUY,H4,EMAOrder,TARGET,E20>E100>E50>E200,3255,3223,32,18,0.552995,0.558486
BUY,H4,EMAOrder,TARGET,E20>E200>E100>E50,3255,3223,32,20,0.614439,0.620540
BUY,H4,EMAOrder,TARGET,E20>E200>E50>E100,3255,3223,32,78,2.396313,2.420105
BUY,H4,EMAOrder,TARGET,E20>E50>E100>E200,3255,3223,32,1297,39.846390,40.242011
BUY,H4,EMAOrder,TARGET,E20>E50>E200>E100,3255,3223,32,105,3.225806,3.257834
BUY,H4,EMAOrder,TARGET,E50>E100>E200>E20,3255,3223,32,17,0.522273,0.527459
BUY,H4,EMAOrder,TARGET,E50>E100>E20>E200,3255,3223,32,114,3.502304,3.537077
BUY,H4,EMAOrder,TARGET,E50>E200>E100>E20,3255,3223,32,4,0.122888,0.124108
BUY,H4,EMAOrder,TARGET,E50>E200>E20>E100,3255,3223,32,1,0.030722,0.031027
BUY,H4,EMAOrder,TARGET,E50>E20>E100>E200,3255,3223,32,167,5.130568,5.181508
BUY,H4,EMAOrder,TARGET,E50>E20>E200>E100,3255,3223,32,1,0.030722,0.031027
BUY,H4,EMAOrder,TARGET,[MISSING],3255,3223,32,32,0.983103,
BUY,H4,EMAOrder,BE,E100>E200>E20>E50,282,281,1,1,0.354610,0.355872
BUY,H4,EMAOrder,BE,E100>E200>E50>E20,282,281,1,7,2.482270,2.491103
BUY,H4,EMAOrder,BE,E100>E20>E200>E50,282,281,1,0,0.000000,0.000000
BUY,H4,EMAOrder,BE,E100>E20>E50>E200,282,281,1,0,0.000000,0.000000
BUY,H4,EMAOrder,BE,E100>E50>E200>E20,282,281,1,5,1.773050,1.779359
BUY,H4,EMAOrder,BE,E100>E50>E20>E200,282,281,1,5,1.773050,1.779359
BUY,H4,EMAOrder,BE,E200>E100>E20>E50,282,281,1,12,4.255319,4.270463
BUY,H4,EMAOrder,BE,E200>E100>E50>E20,282,281,1,89,31.560284,31.672598
BUY,H4,EMAOrder,BE,E200>E20>E100>E50,282,281,1,4,1.418440,1.423488
BUY,H4,EMAOrder,BE,E200>E20>E50>E100,282,281,1,2,0.709220,0.711744
BUY,H4,EMAOrder,BE,E200>E50>E100>E20,282,281,1,0,0.000000,0.000000
BUY,H4,EMAOrder,BE,E200>E50>E20>E100,282,281,1,0,0.000000,0.000000
BUY,H4,EMAOrder,BE,E20>E100>E200>E50,282,281,1,1,0.354610,0.355872
BUY,H4,EMAOrder,BE,E20>E100>E50>E200,282,281,1,2,0.709220,0.711744
BUY,H4,EMAOrder,BE,E20>E200>E100>E50,282,281,1,3,1.063830,1.067616
BUY,H4,EMAOrder,BE,E20>E200>E50>E100,282,281,1,11,3.900709,3.914591
BUY,H4,EMAOrder,BE,E20>E50>E100>E200,282,281,1,105,37.234043,37.366548
BUY,H4,EMAOrder,BE,E20>E50>E200>E100,282,281,1,10,3.546099,3.558719
BUY,H4,EMAOrder,BE,E50>E100>E200>E20,282,281,1,2,0.709220,0.711744
BUY,H4,EMAOrder,BE,E50>E100>E20>E200,282,281,1,9,3.191489,3.202847
BUY,H4,EMAOrder,BE,E50>E200>E100>E20,282,281,1,0,0.000000,0.000000
BUY,H4,EMAOrder,BE,E50>E200>E20>E100,282,281,1,0,0.000000,0.000000
BUY,H4,EMAOrder,BE,E50>E20>E100>E200,282,281,1,13,4.609929,4.626335
BUY,H4,EMAOrder,BE,E50>E20>E200>E100,282,281,1,0,0.000000,0.000000
BUY,H4,EMAOrder,BE,[MISSING],282,281,1,1,0.354610,
BUY,H4,EMAOrder,OTHER_NONSTOP,E100>E200>E20>E50,1,1,0,0,0.000000,0.000000
BUY,H4,EMAOrder,OTHER_NONSTOP,E100>E200>E50>E20,1,1,0,0,0.000000,0.000000
BUY,H4,EMAOrder,OTHER_NONSTOP,E100>E20>E200>E50,1,1,0,0,0.000000,0.000000
BUY,H4,EMAOrder,OTHER_NONSTOP,E100>E20>E50>E200,1,1,0,0,0.000000,0.000000
BUY,H4,EMAOrder,OTHER_NONSTOP,E100>E50>E200>E20,1,1,0,0,0.000000,0.000000
BUY,H4,EMAOrder,OTHER_NONSTOP,E100>E50>E20>E200,1,1,0,0,0.000000,0.000000
BUY,H4,EMAOrder,OTHER_NONSTOP,E200>E100>E20>E50,1,1,0,0,0.000000,0.000000
BUY,H4,EMAOrder,OTHER_NONSTOP,E200>E100>E50>E20,1,1,0,0,0.000000,0.000000
BUY,H4,EMAOrder,OTHER_NONSTOP,E200>E20>E100>E50,1,1,0,0,0.000000,0.000000
BUY,H4,EMAOrder,OTHER_NONSTOP,E200>E20>E50>E100,1,1,0,0,0.000000,0.000000
BUY,H4,EMAOrder,OTHER_NONSTOP,E200>E50>E100>E20,1,1,0,0,0.000000,0.000000
BUY,H4,EMAOrder,OTHER_NONSTOP,E200>E50>E20>E100,1,1,0,0,0.000000,0.000000
BUY,H4,EMAOrder,OTHER_NONSTOP,E20>E100>E200>E50,1,1,0,0,0.000000,0.000000
BUY,H4,EMAOrder,OTHER_NONSTOP,E20>E100>E50>E200,1,1,0,0,0.000000,0.000000
BUY,H4,EMAOrder,OTHER_NONSTOP,E20>E200>E100>E50,1,1,0,0,0.000000,0.000000
BUY,H4,EMAOrder,OTHER_NONSTOP,E20>E200>E50>E100,1,1,0,0,0.000000,0.000000
BUY,H4,EMAOrder,OTHER_NONSTOP,E20>E50>E100>E200,1,1,0,1,100.000000,100.000000
BUY,H4,EMAOrder,OTHER_NONSTOP,E20>E50>E200>E100,1,1,0,0,0.000000,0.000000
BUY,H4,EMAOrder,OTHER_NONSTOP,E50>E100>E200>E20,1,1,0,0,0.000000,0.000000
BUY,H4,EMAOrder,OTHER_NONSTOP,E50>E100>E20>E200,1,1,0,0,0.000000,0.000000
BUY,H4,EMAOrder,OTHER_NONSTOP,E50>E200>E100>E20,1,1,0,0,0.000000,0.000000
BUY,H4,EMAOrder,OTHER_NONSTOP,E50>E200>E20>E100,1,1,0,0,0.000000,0.000000
BUY,H4,EMAOrder,OTHER_NONSTOP,E50>E20>E100>E200,1,1,0,0,0.000000,0.000000
BUY,H4,EMAOrder,OTHER_NONSTOP,E50>E20>E200>E100,1,1,0,0,0.000000,0.000000
BUY,H4,EMAOrder,OTHER_NONSTOP,[MISSING],1,1,0,0,0.000000,
BUY,H4,TrendRegime,STOP,DOWN,75,74,1,16,21.333333,21.621622
BUY,H4,TrendRegime,STOP,RANGE,75,74,1,27,36.000000,36.486486
BUY,H4,TrendRegime,STOP,UP,75,74,1,31,41.333333,41.891892
BUY,H4,TrendRegime,STOP,[MISSING],75,74,1,1,1.333333,
BUY,H4,TrendRegime,NON-STOP,DOWN,3538,3505,33,933,26.370831,26.619116
BUY,H4,TrendRegime,NON-STOP,RANGE,3538,3505,33,1169,33.041266,33.352354
BUY,H4,TrendRegime,NON-STOP,UP,3538,3505,33,1403,39.655172,40.028531
BUY,H4,TrendRegime,NON-STOP,[MISSING],3538,3505,33,33,0.932730,
BUY,H4,TrendRegime,TARGET,DOWN,3255,3223,32,844,25.929339,26.186783
BUY,H4,TrendRegime,TARGET,RANGE,3255,3223,32,1082,33.241167,33.571207
BUY,H4,TrendRegime,TARGET,UP,3255,3223,32,1297,39.846390,40.242011
BUY,H4,TrendRegime,TARGET,[MISSING],3255,3223,32,32,0.983103,
BUY,H4,TrendRegime,BE,DOWN,282,281,1,89,31.560284,31.672598
BUY,H4,TrendRegime,BE,RANGE,282,281,1,87,30.851064,30.960854
BUY,H4,TrendRegime,BE,UP,282,281,1,105,37.234043,37.366548
BUY,H4,TrendRegime,BE,[MISSING],282,281,1,1,0.354610,
BUY,H4,TrendRegime,OTHER_NONSTOP,DOWN,1,1,0,0,0.000000,0.000000
BUY,H4,TrendRegime,OTHER_NONSTOP,RANGE,1,1,0,0,0.000000,0.000000
BUY,H4,TrendRegime,OTHER_NONSTOP,UP,1,1,0,1,100.000000,100.000000
BUY,H4,TrendRegime,OTHER_NONSTOP,[MISSING],1,1,0,0,0.000000,
BUY,H4,PriceAboveEMA200,STOP,0,75,74,1,30,40.000000,40.540541
BUY,H4,PriceAboveEMA200,STOP,1,75,74,1,44,58.666667,59.459459
BUY,H4,PriceAboveEMA200,STOP,[MISSING],75,74,1,1,1.333333,
BUY,H4,PriceAboveEMA200,NON-STOP,0,3538,3505,33,1454,41.096665,41.483595
BUY,H4,PriceAboveEMA200,NON-STOP,1,3538,3505,33,2051,57.970605,58.516405
BUY,H4,PriceAboveEMA200,NON-STOP,[MISSING],3538,3505,33,33,0.932730,
BUY,H4,PriceAboveEMA200,TARGET,0,3255,3223,32,1330,40.860215,41.265901
BUY,H4,PriceAboveEMA200,TARGET,1,3255,3223,32,1893,58.156682,58.734099
BUY,H4,PriceAboveEMA200,TARGET,[MISSING],3255,3223,32,32,0.983103,
BUY,H4,PriceAboveEMA200,BE,0,282,281,1,124,43.971631,44.128114
BUY,H4,PriceAboveEMA200,BE,1,282,281,1,157,55.673759,55.871886
BUY,H4,PriceAboveEMA200,BE,[MISSING],282,281,1,1,0.354610,
BUY,H4,PriceAboveEMA200,OTHER_NONSTOP,0,1,1,0,0,0.000000,0.000000
BUY,H4,PriceAboveEMA200,OTHER_NONSTOP,1,1,1,0,1,100.000000,100.000000
BUY,H4,PriceAboveEMA200,OTHER_NONSTOP,[MISSING],1,1,0,0,0.000000,
SELL,M1,DIStatus,STOP,+,13,13,0,6,46.153846,46.153846
SELL,M1,DIStatus,STOP,-,13,13,0,7,53.846154,53.846154
SELL,M1,DIStatus,STOP,[MISSING],13,13,0,0,0.000000,
SELL,M1,DIStatus,NON-STOP,+,1238,1238,0,555,44.830372,44.830372
SELL,M1,DIStatus,NON-STOP,-,1238,1238,0,683,55.169628,55.169628
SELL,M1,DIStatus,NON-STOP,[MISSING],1238,1238,0,0,0.000000,
SELL,M1,DIStatus,TARGET,+,1159,1159,0,520,44.866264,44.866264
SELL,M1,DIStatus,TARGET,-,1159,1159,0,639,55.133736,55.133736
SELL,M1,DIStatus,TARGET,[MISSING],1159,1159,0,0,0.000000,
SELL,M1,DIStatus,BE,+,79,79,0,35,44.303797,44.303797
SELL,M1,DIStatus,BE,-,79,79,0,44,55.696203,55.696203
SELL,M1,DIStatus,BE,[MISSING],79,79,0,0,0.000000,
SELL,M1,DIStatus,OTHER_NONSTOP,+,0,0,0,0,,
SELL,M1,DIStatus,OTHER_NONSTOP,-,0,0,0,0,,
SELL,M1,DIStatus,OTHER_NONSTOP,[MISSING],0,0,0,0,,
SELL,M1,EMAOrder,STOP,E100>E200>E20>E50,13,13,0,0,0.000000,0.000000
SELL,M1,EMAOrder,STOP,E100>E200>E50>E20,13,13,0,0,0.000000,0.000000
SELL,M1,EMAOrder,STOP,E100>E20>E50>E200,13,13,0,0,0.000000,0.000000
SELL,M1,EMAOrder,STOP,E100>E50>E200>E20,13,13,0,0,0.000000,0.000000
SELL,M1,EMAOrder,STOP,E100>E50>E20>E200,13,13,0,0,0.000000,0.000000
SELL,M1,EMAOrder,STOP,E200>E100>E20>E50,13,13,0,0,0.000000,0.000000
SELL,M1,EMAOrder,STOP,E200>E100>E50>E20,13,13,0,0,0.000000,0.000000
SELL,M1,EMAOrder,STOP,E200>E20>E100>E50,13,13,0,2,15.384615,15.384615
SELL,M1,EMAOrder,STOP,E200>E20>E50>E100,13,13,0,0,0.000000,0.000000
SELL,M1,EMAOrder,STOP,E200>E50>E100>E20,13,13,0,0,0.000000,0.000000
SELL,M1,EMAOrder,STOP,E200>E50>E20>E100,13,13,0,0,0.000000,0.000000
SELL,M1,EMAOrder,STOP,E20>E100>E200>E50,13,13,0,0,0.000000,0.000000
SELL,M1,EMAOrder,STOP,E20>E100>E50>E200,13,13,0,0,0.000000,0.000000
SELL,M1,EMAOrder,STOP,E20>E200>E100>E50,13,13,0,0,0.000000,0.000000
SELL,M1,EMAOrder,STOP,E20>E200>E50>E100,13,13,0,3,23.076923,23.076923
SELL,M1,EMAOrder,STOP,E20>E50>E100>E200,13,13,0,8,61.538462,61.538462
SELL,M1,EMAOrder,STOP,E20>E50>E200>E100,13,13,0,0,0.000000,0.000000
SELL,M1,EMAOrder,STOP,E50>E100>E200>E20,13,13,0,0,0.000000,0.000000
SELL,M1,EMAOrder,STOP,E50>E100>E20>E200,13,13,0,0,0.000000,0.000000
SELL,M1,EMAOrder,STOP,E50>E200>E100>E20,13,13,0,0,0.000000,0.000000
SELL,M1,EMAOrder,STOP,E50>E200>E20>E100,13,13,0,0,0.000000,0.000000
SELL,M1,EMAOrder,STOP,E50>E20>E100>E200,13,13,0,0,0.000000,0.000000
SELL,M1,EMAOrder,STOP,E50>E20>E200>E100,13,13,0,0,0.000000,0.000000
SELL,M1,EMAOrder,STOP,[MISSING],13,13,0,0,0.000000,
SELL,M1,EMAOrder,NON-STOP,E100>E200>E20>E50,1238,1238,0,6,0.484653,0.484653
SELL,M1,EMAOrder,NON-STOP,E100>E200>E50>E20,1238,1238,0,8,0.646204,0.646204
SELL,M1,EMAOrder,NON-STOP,E100>E20>E50>E200,1238,1238,0,4,0.323102,0.323102
SELL,M1,EMAOrder,NON-STOP,E100>E50>E200>E20,1238,1238,0,6,0.484653,0.484653
SELL,M1,EMAOrder,NON-STOP,E100>E50>E20>E200,1238,1238,0,8,0.646204,0.646204
SELL,M1,EMAOrder,NON-STOP,E200>E100>E20>E50,1238,1238,0,84,6.785137,6.785137
SELL,M1,EMAOrder,NON-STOP,E200>E100>E50>E20,1238,1238,0,84,6.785137,6.785137
SELL,M1,EMAOrder,NON-STOP,E200>E20>E100>E50,1238,1238,0,66,5.331179,5.331179
SELL,M1,EMAOrder,NON-STOP,E200>E20>E50>E100,1238,1238,0,38,3.069467,3.069467
SELL,M1,EMAOrder,NON-STOP,E200>E50>E100>E20,1238,1238,0,0,0.000000,0.000000
SELL,M1,EMAOrder,NON-STOP,E200>E50>E20>E100,1238,1238,0,0,0.000000,0.000000
SELL,M1,EMAOrder,NON-STOP,E20>E100>E200>E50,1238,1238,0,1,0.080775,0.080775
SELL,M1,EMAOrder,NON-STOP,E20>E100>E50>E200,1238,1238,0,15,1.211632,1.211632
SELL,M1,EMAOrder,NON-STOP,E20>E200>E100>E50,1238,1238,0,17,1.373183,1.373183
SELL,M1,EMAOrder,NON-STOP,E20>E200>E50>E100,1238,1238,0,93,7.512116,7.512116
SELL,M1,EMAOrder,NON-STOP,E20>E50>E100>E200,1238,1238,0,699,56.462036,56.462036
SELL,M1,EMAOrder,NON-STOP,E20>E50>E200>E100,1238,1238,0,85,6.865913,6.865913
SELL,M1,EMAOrder,NON-STOP,E50>E100>E200>E20,1238,1238,0,3,0.242326,0.242326
SELL,M1,EMAOrder,NON-STOP,E50>E100>E20>E200,1238,1238,0,5,0.403877,0.403877
SELL,M1,EMAOrder,NON-STOP,E50>E200>E100>E20,1238,1238,0,0,0.000000,0.000000
SELL,M1,EMAOrder,NON-STOP,E50>E200>E20>E100,1238,1238,0,0,0.000000,0.000000
SELL,M1,EMAOrder,NON-STOP,E50>E20>E100>E200,1238,1238,0,16,1.292407,1.292407
SELL,M1,EMAOrder,NON-STOP,E50>E20>E200>E100,1238,1238,0,0,0.000000,0.000000
SELL,M1,EMAOrder,NON-STOP,[MISSING],1238,1238,0,0,0.000000,
SELL,M1,EMAOrder,TARGET,E100>E200>E20>E50,1159,1159,0,4,0.345125,0.345125
SELL,M1,EMAOrder,TARGET,E100>E200>E50>E20,1159,1159,0,8,0.690250,0.690250
SELL,M1,EMAOrder,TARGET,E100>E20>E50>E200,1159,1159,0,4,0.345125,0.345125
SELL,M1,EMAOrder,TARGET,E100>E50>E200>E20,1159,1159,0,5,0.431406,0.431406
SELL,M1,EMAOrder,TARGET,E100>E50>E20>E200,1159,1159,0,8,0.690250,0.690250
SELL,M1,EMAOrder,TARGET,E200>E100>E20>E50,1159,1159,0,77,6.643658,6.643658
SELL,M1,EMAOrder,TARGET,E200>E100>E50>E20,1159,1159,0,74,6.384814,6.384814
SELL,M1,EMAOrder,TARGET,E200>E20>E100>E50,1159,1159,0,64,5.522002,5.522002
SELL,M1,EMAOrder,TARGET,E200>E20>E50>E100,1159,1159,0,37,3.192407,3.192407
SELL,M1,EMAOrder,TARGET,E200>E50>E100>E20,1159,1159,0,0,0.000000,0.000000
SELL,M1,EMAOrder,TARGET,E200>E50>E20>E100,1159,1159,0,0,0.000000,0.000000
SELL,M1,EMAOrder,TARGET,E20>E100>E200>E50,1159,1159,0,1,0.086281,0.086281
SELL,M1,EMAOrder,TARGET,E20>E100>E50>E200,1159,1159,0,14,1.207938,1.207938
SELL,M1,EMAOrder,TARGET,E20>E200>E100>E50,1159,1159,0,16,1.380500,1.380500
SELL,M1,EMAOrder,TARGET,E20>E200>E50>E100,1159,1159,0,84,7.247627,7.247627
SELL,M1,EMAOrder,TARGET,E20>E50>E100>E200,1159,1159,0,659,56.859362,56.859362
SELL,M1,EMAOrder,TARGET,E20>E50>E200>E100,1159,1159,0,82,7.075065,7.075065
SELL,M1,EMAOrder,TARGET,E50>E100>E200>E20,1159,1159,0,2,0.172563,0.172563
SELL,M1,EMAOrder,TARGET,E50>E100>E20>E200,1159,1159,0,5,0.431406,0.431406
SELL,M1,EMAOrder,TARGET,E50>E200>E100>E20,1159,1159,0,0,0.000000,0.000000
SELL,M1,EMAOrder,TARGET,E50>E200>E20>E100,1159,1159,0,0,0.000000,0.000000
SELL,M1,EMAOrder,TARGET,E50>E20>E100>E200,1159,1159,0,15,1.294219,1.294219
SELL,M1,EMAOrder,TARGET,E50>E20>E200>E100,1159,1159,0,0,0.000000,0.000000
SELL,M1,EMAOrder,TARGET,[MISSING],1159,1159,0,0,0.000000,
SELL,M1,EMAOrder,BE,E100>E200>E20>E50,79,79,0,2,2.531646,2.531646
SELL,M1,EMAOrder,BE,E100>E200>E50>E20,79,79,0,0,0.000000,0.000000
SELL,M1,EMAOrder,BE,E100>E20>E50>E200,79,79,0,0,0.000000,0.000000
SELL,M1,EMAOrder,BE,E100>E50>E200>E20,79,79,0,1,1.265823,1.265823
SELL,M1,EMAOrder,BE,E100>E50>E20>E200,79,79,0,0,0.000000,0.000000
SELL,M1,EMAOrder,BE,E200>E100>E20>E50,79,79,0,7,8.860759,8.860759
SELL,M1,EMAOrder,BE,E200>E100>E50>E20,79,79,0,10,12.658228,12.658228
SELL,M1,EMAOrder,BE,E200>E20>E100>E50,79,79,0,2,2.531646,2.531646
SELL,M1,EMAOrder,BE,E200>E20>E50>E100,79,79,0,1,1.265823,1.265823
SELL,M1,EMAOrder,BE,E200>E50>E100>E20,79,79,0,0,0.000000,0.000000
SELL,M1,EMAOrder,BE,E200>E50>E20>E100,79,79,0,0,0.000000,0.000000
SELL,M1,EMAOrder,BE,E20>E100>E200>E50,79,79,0,0,0.000000,0.000000
SELL,M1,EMAOrder,BE,E20>E100>E50>E200,79,79,0,1,1.265823,1.265823
SELL,M1,EMAOrder,BE,E20>E200>E100>E50,79,79,0,1,1.265823,1.265823
SELL,M1,EMAOrder,BE,E20>E200>E50>E100,79,79,0,9,11.392405,11.392405
SELL,M1,EMAOrder,BE,E20>E50>E100>E200,79,79,0,40,50.632911,50.632911
SELL,M1,EMAOrder,BE,E20>E50>E200>E100,79,79,0,3,3.797468,3.797468
SELL,M1,EMAOrder,BE,E50>E100>E200>E20,79,79,0,1,1.265823,1.265823
SELL,M1,EMAOrder,BE,E50>E100>E20>E200,79,79,0,0,0.000000,0.000000
SELL,M1,EMAOrder,BE,E50>E200>E100>E20,79,79,0,0,0.000000,0.000000
SELL,M1,EMAOrder,BE,E50>E200>E20>E100,79,79,0,0,0.000000,0.000000
SELL,M1,EMAOrder,BE,E50>E20>E100>E200,79,79,0,1,1.265823,1.265823
SELL,M1,EMAOrder,BE,E50>E20>E200>E100,79,79,0,0,0.000000,0.000000
SELL,M1,EMAOrder,BE,[MISSING],79,79,0,0,0.000000,
SELL,M1,EMAOrder,OTHER_NONSTOP,E100>E200>E20>E50,0,0,0,0,,
SELL,M1,EMAOrder,OTHER_NONSTOP,E100>E200>E50>E20,0,0,0,0,,
SELL,M1,EMAOrder,OTHER_NONSTOP,E100>E20>E50>E200,0,0,0,0,,
SELL,M1,EMAOrder,OTHER_NONSTOP,E100>E50>E200>E20,0,0,0,0,,
SELL,M1,EMAOrder,OTHER_NONSTOP,E100>E50>E20>E200,0,0,0,0,,
SELL,M1,EMAOrder,OTHER_NONSTOP,E200>E100>E20>E50,0,0,0,0,,
SELL,M1,EMAOrder,OTHER_NONSTOP,E200>E100>E50>E20,0,0,0,0,,
SELL,M1,EMAOrder,OTHER_NONSTOP,E200>E20>E100>E50,0,0,0,0,,
SELL,M1,EMAOrder,OTHER_NONSTOP,E200>E20>E50>E100,0,0,0,0,,
SELL,M1,EMAOrder,OTHER_NONSTOP,E200>E50>E100>E20,0,0,0,0,,
SELL,M1,EMAOrder,OTHER_NONSTOP,E200>E50>E20>E100,0,0,0,0,,
SELL,M1,EMAOrder,OTHER_NONSTOP,E20>E100>E200>E50,0,0,0,0,,
SELL,M1,EMAOrder,OTHER_NONSTOP,E20>E100>E50>E200,0,0,0,0,,
SELL,M1,EMAOrder,OTHER_NONSTOP,E20>E200>E100>E50,0,0,0,0,,
SELL,M1,EMAOrder,OTHER_NONSTOP,E20>E200>E50>E100,0,0,0,0,,
SELL,M1,EMAOrder,OTHER_NONSTOP,E20>E50>E100>E200,0,0,0,0,,
SELL,M1,EMAOrder,OTHER_NONSTOP,E20>E50>E200>E100,0,0,0,0,,
SELL,M1,EMAOrder,OTHER_NONSTOP,E50>E100>E200>E20,0,0,0,0,,
SELL,M1,EMAOrder,OTHER_NONSTOP,E50>E100>E20>E200,0,0,0,0,,
SELL,M1,EMAOrder,OTHER_NONSTOP,E50>E200>E100>E20,0,0,0,0,,
SELL,M1,EMAOrder,OTHER_NONSTOP,E50>E200>E20>E100,0,0,0,0,,
SELL,M1,EMAOrder,OTHER_NONSTOP,E50>E20>E100>E200,0,0,0,0,,
SELL,M1,EMAOrder,OTHER_NONSTOP,E50>E20>E200>E100,0,0,0,0,,
SELL,M1,EMAOrder,OTHER_NONSTOP,[MISSING],0,0,0,0,,
SELL,M1,TrendRegime,STOP,DOWN,13,13,0,0,0.000000,0.000000
SELL,M1,TrendRegime,STOP,RANGE,13,13,0,5,38.461538,38.461538
SELL,M1,TrendRegime,STOP,UP,13,13,0,8,61.538462,61.538462
SELL,M1,TrendRegime,STOP,[MISSING],13,13,0,0,0.000000,
SELL,M1,TrendRegime,NON-STOP,DOWN,1238,1238,0,84,6.785137,6.785137
SELL,M1,TrendRegime,NON-STOP,RANGE,1238,1238,0,455,36.752827,36.752827
SELL,M1,TrendRegime,NON-STOP,UP,1238,1238,0,699,56.462036,56.462036
SELL,M1,TrendRegime,NON-STOP,[MISSING],1238,1238,0,0,0.000000,
SELL,M1,TrendRegime,TARGET,DOWN,1159,1159,0,74,6.384814,6.384814
SELL,M1,TrendRegime,TARGET,RANGE,1159,1159,0,426,36.755824,36.755824
SELL,M1,TrendRegime,TARGET,UP,1159,1159,0,659,56.859362,56.859362
SELL,M1,TrendRegime,TARGET,[MISSING],1159,1159,0,0,0.000000,
SELL,M1,TrendRegime,BE,DOWN,79,79,0,10,12.658228,12.658228
SELL,M1,TrendRegime,BE,RANGE,79,79,0,29,36.708861,36.708861
SELL,M1,TrendRegime,BE,UP,79,79,0,40,50.632911,50.632911
SELL,M1,TrendRegime,BE,[MISSING],79,79,0,0,0.000000,
SELL,M1,TrendRegime,OTHER_NONSTOP,DOWN,0,0,0,0,,
SELL,M1,TrendRegime,OTHER_NONSTOP,RANGE,0,0,0,0,,
SELL,M1,TrendRegime,OTHER_NONSTOP,UP,0,0,0,0,,
SELL,M1,TrendRegime,OTHER_NONSTOP,[MISSING],0,0,0,0,,
SELL,M1,PriceAboveEMA200,STOP,0,13,13,0,3,23.076923,23.076923
SELL,M1,PriceAboveEMA200,STOP,1,13,13,0,10,76.923077,76.923077
SELL,M1,PriceAboveEMA200,STOP,[MISSING],13,13,0,0,0.000000,
SELL,M1,PriceAboveEMA200,NON-STOP,0,1238,1238,0,327,26.413570,26.413570
SELL,M1,PriceAboveEMA200,NON-STOP,1,1238,1238,0,911,73.586430,73.586430
SELL,M1,PriceAboveEMA200,NON-STOP,[MISSING],1238,1238,0,0,0.000000,
SELL,M1,PriceAboveEMA200,TARGET,0,1159,1159,0,301,25.970664,25.970664
SELL,M1,PriceAboveEMA200,TARGET,1,1159,1159,0,858,74.029336,74.029336
SELL,M1,PriceAboveEMA200,TARGET,[MISSING],1159,1159,0,0,0.000000,
SELL,M1,PriceAboveEMA200,BE,0,79,79,0,26,32.911392,32.911392
SELL,M1,PriceAboveEMA200,BE,1,79,79,0,53,67.088608,67.088608
SELL,M1,PriceAboveEMA200,BE,[MISSING],79,79,0,0,0.000000,
SELL,M1,PriceAboveEMA200,OTHER_NONSTOP,0,0,0,0,0,,
SELL,M1,PriceAboveEMA200,OTHER_NONSTOP,1,0,0,0,0,,
SELL,M1,PriceAboveEMA200,OTHER_NONSTOP,[MISSING],0,0,0,0,,
SELL,M5,DIStatus,STOP,+,13,13,0,13,100.000000,100.000000
SELL,M5,DIStatus,STOP,-,13,13,0,0,0.000000,0.000000
SELL,M5,DIStatus,STOP,[MISSING],13,13,0,0,0.000000,
SELL,M5,DIStatus,NON-STOP,+,1238,1238,0,1128,91.114701,91.114701
SELL,M5,DIStatus,NON-STOP,-,1238,1238,0,110,8.885299,8.885299
SELL,M5,DIStatus,NON-STOP,[MISSING],1238,1238,0,0,0.000000,
SELL,M5,DIStatus,TARGET,+,1159,1159,0,1057,91.199310,91.199310
SELL,M5,DIStatus,TARGET,-,1159,1159,0,102,8.800690,8.800690
SELL,M5,DIStatus,TARGET,[MISSING],1159,1159,0,0,0.000000,
SELL,M5,DIStatus,BE,+,79,79,0,71,89.873418,89.873418
SELL,M5,DIStatus,BE,-,79,79,0,8,10.126582,10.126582
SELL,M5,DIStatus,BE,[MISSING],79,79,0,0,0.000000,
SELL,M5,DIStatus,OTHER_NONSTOP,+,0,0,0,0,,
SELL,M5,DIStatus,OTHER_NONSTOP,-,0,0,0,0,,
SELL,M5,DIStatus,OTHER_NONSTOP,[MISSING],0,0,0,0,,
SELL,M5,EMAOrder,STOP,E100>E200>E20>E50,13,13,0,0,0.000000,0.000000
SELL,M5,EMAOrder,STOP,E100>E200>E50>E20,13,13,0,1,7.692308,7.692308
SELL,M5,EMAOrder,STOP,E100>E20>E50>E200,13,13,0,0,0.000000,0.000000
SELL,M5,EMAOrder,STOP,E100>E50>E200>E20,13,13,0,0,0.000000,0.000000
SELL,M5,EMAOrder,STOP,E100>E50>E20>E200,13,13,0,0,0.000000,0.000000
SELL,M5,EMAOrder,STOP,E200>E100>E20>E50,13,13,0,4,30.769231,30.769231
SELL,M5,EMAOrder,STOP,E200>E100>E50>E20,13,13,0,3,23.076923,23.076923
SELL,M5,EMAOrder,STOP,E200>E20>E100>E50,13,13,0,0,0.000000,0.000000
SELL,M5,EMAOrder,STOP,E200>E20>E50>E100,13,13,0,1,7.692308,7.692308
SELL,M5,EMAOrder,STOP,E200>E50>E100>E20,13,13,0,0,0.000000,0.000000
SELL,M5,EMAOrder,STOP,E200>E50>E20>E100,13,13,0,0,0.000000,0.000000
SELL,M5,EMAOrder,STOP,E20>E100>E200>E50,13,13,0,0,0.000000,0.000000
SELL,M5,EMAOrder,STOP,E20>E100>E50>E200,13,13,0,0,0.000000,0.000000
SELL,M5,EMAOrder,STOP,E20>E200>E100>E50,13,13,0,0,0.000000,0.000000
SELL,M5,EMAOrder,STOP,E20>E200>E50>E100,13,13,0,0,0.000000,0.000000
SELL,M5,EMAOrder,STOP,E20>E50>E100>E200,13,13,0,3,23.076923,23.076923
SELL,M5,EMAOrder,STOP,E20>E50>E200>E100,13,13,0,0,0.000000,0.000000
SELL,M5,EMAOrder,STOP,E50>E100>E200>E20,13,13,0,0,0.000000,0.000000
SELL,M5,EMAOrder,STOP,E50>E100>E20>E200,13,13,0,0,0.000000,0.000000
SELL,M5,EMAOrder,STOP,E50>E200>E100>E20,13,13,0,0,0.000000,0.000000
SELL,M5,EMAOrder,STOP,E50>E200>E20>E100,13,13,0,0,0.000000,0.000000
SELL,M5,EMAOrder,STOP,E50>E20>E100>E200,13,13,0,1,7.692308,7.692308
SELL,M5,EMAOrder,STOP,E50>E20>E200>E100,13,13,0,0,0.000000,0.000000
SELL,M5,EMAOrder,STOP,[MISSING],13,13,0,0,0.000000,
SELL,M5,EMAOrder,NON-STOP,E100>E200>E20>E50,1238,1238,0,0,0.000000,0.000000
SELL,M5,EMAOrder,NON-STOP,E100>E200>E50>E20,1238,1238,0,27,2.180937,2.180937
SELL,M5,EMAOrder,NON-STOP,E100>E20>E50>E200,1238,1238,0,5,0.403877,0.403877
SELL,M5,EMAOrder,NON-STOP,E100>E50>E200>E20,1238,1238,0,23,1.857835,1.857835
SELL,M5,EMAOrder,NON-STOP,E100>E50>E20>E200,1238,1238,0,26,2.100162,2.100162
SELL,M5,EMAOrder,NON-STOP,E200>E100>E20>E50,1238,1238,0,104,8.400646,8.400646
SELL,M5,EMAOrder,NON-STOP,E200>E100>E50>E20,1238,1238,0,324,26.171244,26.171244
SELL,M5,EMAOrder,NON-STOP,E200>E20>E100>E50,1238,1238,0,52,4.200323,4.200323
SELL,M5,EMAOrder,NON-STOP,E200>E20>E50>E100,1238,1238,0,26,2.100162,2.100162
SELL,M5,EMAOrder,NON-STOP,E200>E50>E100>E20,1238,1238,0,6,0.484653,0.484653
SELL,M5,EMAOrder,NON-STOP,E200>E50>E20>E100,1238,1238,0,1,0.080775,0.080775
SELL,M5,EMAOrder,NON-STOP,E20>E100>E200>E50,1238,1238,0,1,0.080775,0.080775
SELL,M5,EMAOrder,NON-STOP,E20>E100>E50>E200,1238,1238,0,11,0.888530,0.888530
SELL,M5,EMAOrder,NON-STOP,E20>E200>E100>E50,1238,1238,0,8,0.646204,0.646204
SELL,M5,EMAOrder,NON-STOP,E20>E200>E50>E100,1238,1238,0,37,2.988691,2.988691
SELL,M5,EMAOrder,NON-STOP,E20>E50>E100>E200,1238,1238,0,454,36.672052,36.672052
SELL,M5,EMAOrder,NON-STOP,E20>E50>E200>E100,1238,1238,0,60,4.846527,4.846527
SELL,M5,EMAOrder,NON-STOP,E50>E100>E200>E20,1238,1238,0,3,0.242326,0.242326
SELL,M5,EMAOrder,NON-STOP,E50>E100>E20>E200,1238,1238,0,24,1.938611,1.938611
SELL,M5,EMAOrder,NON-STOP,E50>E200>E100>E20,1238,1238,0,0,0.000000,0.000000
SELL,M5,EMAOrder,NON-STOP,E50>E200>E20>E100,1238,1238,0,0,0.000000,0.000000
SELL,M5,EMAOrder,NON-STOP,E50>E20>E100>E200,1238,1238,0,41,3.311793,3.311793
SELL,M5,EMAOrder,NON-STOP,E50>E20>E200>E100,1238,1238,0,5,0.403877,0.403877
SELL,M5,EMAOrder,NON-STOP,[MISSING],1238,1238,0,0,0.000000,
SELL,M5,EMAOrder,TARGET,E100>E200>E20>E50,1159,1159,0,0,0.000000,0.000000
SELL,M5,EMAOrder,TARGET,E100>E200>E50>E20,1159,1159,0,24,2.070751,2.070751
SELL,M5,EMAOrder,TARGET,E100>E20>E50>E200,1159,1159,0,5,0.431406,0.431406
SELL,M5,EMAOrder,TARGET,E100>E50>E200>E20,1159,1159,0,22,1.898188,1.898188
SELL,M5,EMAOrder,TARGET,E100>E50>E20>E200,1159,1159,0,23,1.984469,1.984469
SELL,M5,EMAOrder,TARGET,E200>E100>E20>E50,1159,1159,0,99,8.541846,8.541846
SELL,M5,EMAOrder,TARGET,E200>E100>E50>E20,1159,1159,0,301,25.970664,25.970664
SELL,M5,EMAOrder,TARGET,E200>E20>E100>E50,1159,1159,0,52,4.486626,4.486626
SELL,M5,EMAOrder,TARGET,E200>E20>E50>E100,1159,1159,0,23,1.984469,1.984469
SELL,M5,EMAOrder,TARGET,E200>E50>E100>E20,1159,1159,0,5,0.431406,0.431406
SELL,M5,EMAOrder,TARGET,E200>E50>E20>E100,1159,1159,0,1,0.086281,0.086281
SELL,M5,EMAOrder,TARGET,E20>E100>E200>E50,1159,1159,0,1,0.086281,0.086281
SELL,M5,EMAOrder,TARGET,E20>E100>E50>E200,1159,1159,0,10,0.862813,0.862813
SELL,M5,EMAOrder,TARGET,E20>E200>E100>E50,1159,1159,0,7,0.603969,0.603969
SELL,M5,EMAOrder,TARGET,E20>E200>E50>E100,1159,1159,0,36,3.106126,3.106126
SELL,M5,EMAOrder,TARGET,E20>E50>E100>E200,1159,1159,0,425,36.669543,36.669543
SELL,M5,EMAOrder,TARGET,E20>E50>E200>E100,1159,1159,0,55,4.745470,4.745470
SELL,M5,EMAOrder,TARGET,E50>E100>E200>E20,1159,1159,0,3,0.258844,0.258844
SELL,M5,EMAOrder,TARGET,E50>E100>E20>E200,1159,1159,0,24,2.070751,2.070751
SELL,M5,EMAOrder,TARGET,E50>E200>E100>E20,1159,1159,0,0,0.000000,0.000000
SELL,M5,EMAOrder,TARGET,E50>E200>E20>E100,1159,1159,0,0,0.000000,0.000000
SELL,M5,EMAOrder,TARGET,E50>E20>E100>E200,1159,1159,0,38,3.278689,3.278689
SELL,M5,EMAOrder,TARGET,E50>E20>E200>E100,1159,1159,0,5,0.431406,0.431406
SELL,M5,EMAOrder,TARGET,[MISSING],1159,1159,0,0,0.000000,
SELL,M5,EMAOrder,BE,E100>E200>E20>E50,79,79,0,0,0.000000,0.000000
SELL,M5,EMAOrder,BE,E100>E200>E50>E20,79,79,0,3,3.797468,3.797468
SELL,M5,EMAOrder,BE,E100>E20>E50>E200,79,79,0,0,0.000000,0.000000
SELL,M5,EMAOrder,BE,E100>E50>E200>E20,79,79,0,1,1.265823,1.265823
SELL,M5,EMAOrder,BE,E100>E50>E20>E200,79,79,0,3,3.797468,3.797468
SELL,M5,EMAOrder,BE,E200>E100>E20>E50,79,79,0,5,6.329114,6.329114
SELL,M5,EMAOrder,BE,E200>E100>E50>E20,79,79,0,23,29.113924,29.113924
SELL,M5,EMAOrder,BE,E200>E20>E100>E50,79,79,0,0,0.000000,0.000000
SELL,M5,EMAOrder,BE,E200>E20>E50>E100,79,79,0,3,3.797468,3.797468
SELL,M5,EMAOrder,BE,E200>E50>E100>E20,79,79,0,1,1.265823,1.265823
SELL,M5,EMAOrder,BE,E200>E50>E20>E100,79,79,0,0,0.000000,0.000000
SELL,M5,EMAOrder,BE,E20>E100>E200>E50,79,79,0,0,0.000000,0.000000
SELL,M5,EMAOrder,BE,E20>E100>E50>E200,79,79,0,1,1.265823,1.265823
SELL,M5,EMAOrder,BE,E20>E200>E100>E50,79,79,0,1,1.265823,1.265823
SELL,M5,EMAOrder,BE,E20>E200>E50>E100,79,79,0,1,1.265823,1.265823
SELL,M5,EMAOrder,BE,E20>E50>E100>E200,79,79,0,29,36.708861,36.708861
SELL,M5,EMAOrder,BE,E20>E50>E200>E100,79,79,0,5,6.329114,6.329114
SELL,M5,EMAOrder,BE,E50>E100>E200>E20,79,79,0,0,0.000000,0.000000
SELL,M5,EMAOrder,BE,E50>E100>E20>E200,79,79,0,0,0.000000,0.000000
SELL,M5,EMAOrder,BE,E50>E200>E100>E20,79,79,0,0,0.000000,0.000000
SELL,M5,EMAOrder,BE,E50>E200>E20>E100,79,79,0,0,0.000000,0.000000
SELL,M5,EMAOrder,BE,E50>E20>E100>E200,79,79,0,3,3.797468,3.797468
SELL,M5,EMAOrder,BE,E50>E20>E200>E100,79,79,0,0,0.000000,0.000000
SELL,M5,EMAOrder,BE,[MISSING],79,79,0,0,0.000000,
SELL,M5,EMAOrder,OTHER_NONSTOP,E100>E200>E20>E50,0,0,0,0,,
SELL,M5,EMAOrder,OTHER_NONSTOP,E100>E200>E50>E20,0,0,0,0,,
SELL,M5,EMAOrder,OTHER_NONSTOP,E100>E20>E50>E200,0,0,0,0,,
SELL,M5,EMAOrder,OTHER_NONSTOP,E100>E50>E200>E20,0,0,0,0,,
SELL,M5,EMAOrder,OTHER_NONSTOP,E100>E50>E20>E200,0,0,0,0,,
SELL,M5,EMAOrder,OTHER_NONSTOP,E200>E100>E20>E50,0,0,0,0,,
SELL,M5,EMAOrder,OTHER_NONSTOP,E200>E100>E50>E20,0,0,0,0,,
SELL,M5,EMAOrder,OTHER_NONSTOP,E200>E20>E100>E50,0,0,0,0,,
SELL,M5,EMAOrder,OTHER_NONSTOP,E200>E20>E50>E100,0,0,0,0,,
SELL,M5,EMAOrder,OTHER_NONSTOP,E200>E50>E100>E20,0,0,0,0,,
SELL,M5,EMAOrder,OTHER_NONSTOP,E200>E50>E20>E100,0,0,0,0,,
SELL,M5,EMAOrder,OTHER_NONSTOP,E20>E100>E200>E50,0,0,0,0,,
SELL,M5,EMAOrder,OTHER_NONSTOP,E20>E100>E50>E200,0,0,0,0,,
SELL,M5,EMAOrder,OTHER_NONSTOP,E20>E200>E100>E50,0,0,0,0,,
SELL,M5,EMAOrder,OTHER_NONSTOP,E20>E200>E50>E100,0,0,0,0,,
SELL,M5,EMAOrder,OTHER_NONSTOP,E20>E50>E100>E200,0,0,0,0,,
SELL,M5,EMAOrder,OTHER_NONSTOP,E20>E50>E200>E100,0,0,0,0,,
SELL,M5,EMAOrder,OTHER_NONSTOP,E50>E100>E200>E20,0,0,0,0,,
SELL,M5,EMAOrder,OTHER_NONSTOP,E50>E100>E20>E200,0,0,0,0,,
SELL,M5,EMAOrder,OTHER_NONSTOP,E50>E200>E100>E20,0,0,0,0,,
SELL,M5,EMAOrder,OTHER_NONSTOP,E50>E200>E20>E100,0,0,0,0,,
SELL,M5,EMAOrder,OTHER_NONSTOP,E50>E20>E100>E200,0,0,0,0,,
SELL,M5,EMAOrder,OTHER_NONSTOP,E50>E20>E200>E100,0,0,0,0,,
SELL,M5,EMAOrder,OTHER_NONSTOP,[MISSING],0,0,0,0,,
SELL,M5,TrendRegime,STOP,DOWN,13,13,0,3,23.076923,23.076923
SELL,M5,TrendRegime,STOP,RANGE,13,13,0,7,53.846154,53.846154
SELL,M5,TrendRegime,STOP,UP,13,13,0,3,23.076923,23.076923
SELL,M5,TrendRegime,STOP,[MISSING],13,13,0,0,0.000000,
SELL,M5,TrendRegime,NON-STOP,DOWN,1238,1238,0,324,26.171244,26.171244
SELL,M5,TrendRegime,NON-STOP,RANGE,1238,1238,0,460,37.156704,37.156704
SELL,M5,TrendRegime,NON-STOP,UP,1238,1238,0,454,36.672052,36.672052
SELL,M5,TrendRegime,NON-STOP,[MISSING],1238,1238,0,0,0.000000,
SELL,M5,TrendRegime,TARGET,DOWN,1159,1159,0,301,25.970664,25.970664
SELL,M5,TrendRegime,TARGET,RANGE,1159,1159,0,433,37.359793,37.359793
SELL,M5,TrendRegime,TARGET,UP,1159,1159,0,425,36.669543,36.669543
SELL,M5,TrendRegime,TARGET,[MISSING],1159,1159,0,0,0.000000,
SELL,M5,TrendRegime,BE,DOWN,79,79,0,23,29.113924,29.113924
SELL,M5,TrendRegime,BE,RANGE,79,79,0,27,34.177215,34.177215
SELL,M5,TrendRegime,BE,UP,79,79,0,29,36.708861,36.708861
SELL,M5,TrendRegime,BE,[MISSING],79,79,0,0,0.000000,
SELL,M5,TrendRegime,OTHER_NONSTOP,DOWN,0,0,0,0,,
SELL,M5,TrendRegime,OTHER_NONSTOP,RANGE,0,0,0,0,,
SELL,M5,TrendRegime,OTHER_NONSTOP,UP,0,0,0,0,,
SELL,M5,TrendRegime,OTHER_NONSTOP,[MISSING],0,0,0,0,,
SELL,M5,PriceAboveEMA200,STOP,0,13,13,0,6,46.153846,46.153846
SELL,M5,PriceAboveEMA200,STOP,1,13,13,0,7,53.846154,53.846154
SELL,M5,PriceAboveEMA200,STOP,[MISSING],13,13,0,0,0.000000,
SELL,M5,PriceAboveEMA200,NON-STOP,0,1238,1238,0,455,36.752827,36.752827
SELL,M5,PriceAboveEMA200,NON-STOP,1,1238,1238,0,783,63.247173,63.247173
SELL,M5,PriceAboveEMA200,NON-STOP,[MISSING],1238,1238,0,0,0.000000,
SELL,M5,PriceAboveEMA200,TARGET,0,1159,1159,0,421,36.324418,36.324418
SELL,M5,PriceAboveEMA200,TARGET,1,1159,1159,0,738,63.675582,63.675582
SELL,M5,PriceAboveEMA200,TARGET,[MISSING],1159,1159,0,0,0.000000,
SELL,M5,PriceAboveEMA200,BE,0,79,79,0,34,43.037975,43.037975
SELL,M5,PriceAboveEMA200,BE,1,79,79,0,45,56.962025,56.962025
SELL,M5,PriceAboveEMA200,BE,[MISSING],79,79,0,0,0.000000,
SELL,M5,PriceAboveEMA200,OTHER_NONSTOP,0,0,0,0,0,,
SELL,M5,PriceAboveEMA200,OTHER_NONSTOP,1,0,0,0,0,,
SELL,M5,PriceAboveEMA200,OTHER_NONSTOP,[MISSING],0,0,0,0,,
SELL,M15,DIStatus,STOP,+,13,13,0,10,76.923077,76.923077
SELL,M15,DIStatus,STOP,-,13,13,0,3,23.076923,23.076923
SELL,M15,DIStatus,STOP,[MISSING],13,13,0,0,0.000000,
SELL,M15,DIStatus,NON-STOP,+,1238,1238,0,912,73.667205,73.667205
SELL,M15,DIStatus,NON-STOP,-,1238,1238,0,326,26.332795,26.332795
SELL,M15,DIStatus,NON-STOP,[MISSING],1238,1238,0,0,0.000000,
SELL,M15,DIStatus,TARGET,+,1159,1159,0,860,74.201898,74.201898
SELL,M15,DIStatus,TARGET,-,1159,1159,0,299,25.798102,25.798102
SELL,M15,DIStatus,TARGET,[MISSING],1159,1159,0,0,0.000000,
SELL,M15,DIStatus,BE,+,79,79,0,52,65.822785,65.822785
SELL,M15,DIStatus,BE,-,79,79,0,27,34.177215,34.177215
SELL,M15,DIStatus,BE,[MISSING],79,79,0,0,0.000000,
SELL,M15,DIStatus,OTHER_NONSTOP,+,0,0,0,0,,
SELL,M15,DIStatus,OTHER_NONSTOP,-,0,0,0,0,,
SELL,M15,DIStatus,OTHER_NONSTOP,[MISSING],0,0,0,0,,
SELL,M15,EMAOrder,STOP,E100>E200>E20>E50,13,13,0,0,0.000000,0.000000
SELL,M15,EMAOrder,STOP,E100>E200>E50>E20,13,13,0,0,0.000000,0.000000
SELL,M15,EMAOrder,STOP,E100>E20>E200>E50,13,13,0,0,0.000000,0.000000
SELL,M15,EMAOrder,STOP,E100>E20>E50>E200,13,13,0,0,0.000000,0.000000
SELL,M15,EMAOrder,STOP,E100>E50>E200>E20,13,13,0,0,0.000000,0.000000
SELL,M15,EMAOrder,STOP,E100>E50>E20>E200,13,13,0,0,0.000000,0.000000
SELL,M15,EMAOrder,STOP,E200>E100>E20>E50,13,13,0,0,0.000000,0.000000
SELL,M15,EMAOrder,STOP,E200>E100>E50>E20,13,13,0,6,46.153846,46.153846
SELL,M15,EMAOrder,STOP,E200>E20>E100>E50,13,13,0,0,0.000000,0.000000
SELL,M15,EMAOrder,STOP,E200>E20>E50>E100,13,13,0,0,0.000000,0.000000
SELL,M15,EMAOrder,STOP,E200>E50>E100>E20,13,13,0,0,0.000000,0.000000
SELL,M15,EMAOrder,STOP,E200>E50>E20>E100,13,13,0,0,0.000000,0.000000
SELL,M15,EMAOrder,STOP,E20>E100>E200>E50,13,13,0,0,0.000000,0.000000
SELL,M15,EMAOrder,STOP,E20>E100>E50>E200,13,13,0,0,0.000000,0.000000
SELL,M15,EMAOrder,STOP,E20>E200>E100>E50,13,13,0,0,0.000000,0.000000
SELL,M15,EMAOrder,STOP,E20>E200>E50>E100,13,13,0,0,0.000000,0.000000
SELL,M15,EMAOrder,STOP,E20>E50>E100>E200,13,13,0,3,23.076923,23.076923
SELL,M15,EMAOrder,STOP,E20>E50>E200>E100,13,13,0,1,7.692308,7.692308
SELL,M15,EMAOrder,STOP,E50>E100>E200>E20,13,13,0,0,0.000000,0.000000
SELL,M15,EMAOrder,STOP,E50>E100>E20>E200,13,13,0,1,7.692308,7.692308
SELL,M15,EMAOrder,STOP,E50>E200>E100>E20,13,13,0,0,0.000000,0.000000
SELL,M15,EMAOrder,STOP,E50>E200>E20>E100,13,13,0,0,0.000000,0.000000
SELL,M15,EMAOrder,STOP,E50>E20>E100>E200,13,13,0,1,7.692308,7.692308
SELL,M15,EMAOrder,STOP,E50>E20>E200>E100,13,13,0,1,7.692308,7.692308
SELL,M15,EMAOrder,STOP,[MISSING],13,13,0,0,0.000000,
SELL,M15,EMAOrder,NON-STOP,E100>E200>E20>E50,1238,1238,0,5,0.403877,0.403877
SELL,M15,EMAOrder,NON-STOP,E100>E200>E50>E20,1238,1238,0,50,4.038772,4.038772
SELL,M15,EMAOrder,NON-STOP,E100>E20>E200>E50,1238,1238,0,1,0.080775,0.080775
SELL,M15,EMAOrder,NON-STOP,E100>E20>E50>E200,1238,1238,0,1,0.080775,0.080775
SELL,M15,EMAOrder,NON-STOP,E100>E50>E200>E20,1238,1238,0,18,1.453958,1.453958
SELL,M15,EMAOrder,NON-STOP,E100>E50>E20>E200,1238,1238,0,7,0.565428,0.565428
SELL,M15,EMAOrder,NON-STOP,E200>E100>E20>E50,1238,1238,0,71,5.735057,5.735057
SELL,M15,EMAOrder,NON-STOP,E200>E100>E50>E20,1238,1238,0,434,35.056543,35.056543
SELL,M15,EMAOrder,NON-STOP,E200>E20>E100>E50,1238,1238,0,34,2.746365,2.746365
SELL,M15,EMAOrder,NON-STOP,E200>E20>E50>E100,1238,1238,0,16,1.292407,1.292407
SELL,M15,EMAOrder,NON-STOP,E200>E50>E100>E20,1238,1238,0,6,0.484653,0.484653
SELL,M15,EMAOrder,NON-STOP,E200>E50>E20>E100,1238,1238,0,3,0.242326,0.242326
SELL,M15,EMAOrder,NON-STOP,E20>E100>E200>E50,1238,1238,0,5,0.403877,0.403877
SELL,M15,EMAOrder,NON-STOP,E20>E100>E50>E200,1238,1238,0,3,0.242326,0.242326
SELL,M15,EMAOrder,NON-STOP,E20>E200>E100>E50,1238,1238,0,19,1.534733,1.534733
SELL,M15,EMAOrder,NON-STOP,E20>E200>E50>E100,1238,1238,0,41,3.311793,3.311793
SELL,M15,EMAOrder,NON-STOP,E20>E50>E100>E200,1238,1238,0,395,31.906300,31.906300
SELL,M15,EMAOrder,NON-STOP,E20>E50>E200>E100,1238,1238,0,57,4.604200,4.604200
SELL,M15,EMAOrder,NON-STOP,E50>E100>E200>E20,1238,1238,0,6,0.484653,0.484653
SELL,M15,EMAOrder,NON-STOP,E50>E100>E20>E200,1238,1238,0,21,1.696284,1.696284
SELL,M15,EMAOrder,NON-STOP,E50>E200>E100>E20,1238,1238,0,4,0.323102,0.323102
SELL,M15,EMAOrder,NON-STOP,E50>E200>E20>E100,1238,1238,0,0,0.000000,0.000000
SELL,M15,EMAOrder,NON-STOP,E50>E20>E100>E200,1238,1238,0,39,3.150242,3.150242
SELL,M15,EMAOrder,NON-STOP,E50>E20>E200>E100,1238,1238,0,2,0.161551,0.161551
SELL,M15,EMAOrder,NON-STOP,[MISSING],1238,1238,0,0,0.000000,
SELL,M15,EMAOrder,TARGET,E100>E200>E20>E50,1159,1159,0,5,0.431406,0.431406
SELL,M15,EMAOrder,TARGET,E100>E200>E50>E20,1159,1159,0,47,4.055220,4.055220
SELL,M15,EMAOrder,TARGET,E100>E20>E200>E50,1159,1159,0,1,0.086281,0.086281
SELL,M15,EMAOrder,TARGET,E100>E20>E50>E200,1159,1159,0,1,0.086281,0.086281
SELL,M15,EMAOrder,TARGET,E100>E50>E200>E20,1159,1159,0,16,1.380500,1.380500
SELL,M15,EMAOrder,TARGET,E100>E50>E20>E200,1159,1159,0,7,0.603969,0.603969
SELL,M15,EMAOrder,TARGET,E200>E100>E20>E50,1159,1159,0,65,5.608283,5.608283
SELL,M15,EMAOrder,TARGET,E200>E100>E50>E20,1159,1159,0,407,35.116480,35.116480
SELL,M15,EMAOrder,TARGET,E200>E20>E100>E50,1159,1159,0,32,2.761001,2.761001
SELL,M15,EMAOrder,TARGET,E200>E20>E50>E100,1159,1159,0,15,1.294219,1.294219
SELL,M15,EMAOrder,TARGET,E200>E50>E100>E20,1159,1159,0,6,0.517688,0.517688
SELL,M15,EMAOrder,TARGET,E200>E50>E20>E100,1159,1159,0,2,0.172563,0.172563
SELL,M15,EMAOrder,TARGET,E20>E100>E200>E50,1159,1159,0,5,0.431406,0.431406
SELL,M15,EMAOrder,TARGET,E20>E100>E50>E200,1159,1159,0,3,0.258844,0.258844
SELL,M15,EMAOrder,TARGET,E20>E200>E100>E50,1159,1159,0,18,1.553063,1.553063
SELL,M15,EMAOrder,TARGET,E20>E200>E50>E100,1159,1159,0,39,3.364970,3.364970
SELL,M15,EMAOrder,TARGET,E20>E50>E100>E200,1159,1159,0,367,31.665229,31.665229
SELL,M15,EMAOrder,TARGET,E20>E50>E200>E100,1159,1159,0,56,4.831752,4.831752
SELL,M15,EMAOrder,TARGET,E50>E100>E200>E20,1159,1159,0,6,0.517688,0.517688
SELL,M15,EMAOrder,TARGET,E50>E100>E20>E200,1159,1159,0,20,1.725626,1.725626
SELL,M15,EMAOrder,TARGET,E50>E200>E100>E20,1159,1159,0,3,0.258844,0.258844
SELL,M15,EMAOrder,TARGET,E50>E200>E20>E100,1159,1159,0,0,0.000000,0.000000
SELL,M15,EMAOrder,TARGET,E50>E20>E100>E200,1159,1159,0,36,3.106126,3.106126
SELL,M15,EMAOrder,TARGET,E50>E20>E200>E100,1159,1159,0,2,0.172563,0.172563
SELL,M15,EMAOrder,TARGET,[MISSING],1159,1159,0,0,0.000000,
SELL,M15,EMAOrder,BE,E100>E200>E20>E50,79,79,0,0,0.000000,0.000000
SELL,M15,EMAOrder,BE,E100>E200>E50>E20,79,79,0,3,3.797468,3.797468
SELL,M15,EMAOrder,BE,E100>E20>E200>E50,79,79,0,0,0.000000,0.000000
SELL,M15,EMAOrder,BE,E100>E20>E50>E200,79,79,0,0,0.000000,0.000000
SELL,M15,EMAOrder,BE,E100>E50>E200>E20,79,79,0,2,2.531646,2.531646
SELL,M15,EMAOrder,BE,E100>E50>E20>E200,79,79,0,0,0.000000,0.000000
SELL,M15,EMAOrder,BE,E200>E100>E20>E50,79,79,0,6,7.594937,7.594937
SELL,M15,EMAOrder,BE,E200>E100>E50>E20,79,79,0,27,34.177215,34.177215
SELL,M15,EMAOrder,BE,E200>E20>E100>E50,79,79,0,2,2.531646,2.531646
SELL,M15,EMAOrder,BE,E200>E20>E50>E100,79,79,0,1,1.265823,1.265823
SELL,M15,EMAOrder,BE,E200>E50>E100>E20,79,79,0,0,0.000000,0.000000
SELL,M15,EMAOrder,BE,E200>E50>E20>E100,79,79,0,1,1.265823,1.265823
SELL,M15,EMAOrder,BE,E20>E100>E200>E50,79,79,0,0,0.000000,0.000000
SELL,M15,EMAOrder,BE,E20>E100>E50>E200,79,79,0,0,0.000000,0.000000
SELL,M15,EMAOrder,BE,E20>E200>E100>E50,79,79,0,1,1.265823,1.265823
SELL,M15,EMAOrder,BE,E20>E200>E50>E100,79,79,0,2,2.531646,2.531646
SELL,M15,EMAOrder,BE,E20>E50>E100>E200,79,79,0,28,35.443038,35.443038
SELL,M15,EMAOrder,BE,E20>E50>E200>E100,79,79,0,1,1.265823,1.265823
SELL,M15,EMAOrder,BE,E50>E100>E200>E20,79,79,0,0,0.000000,0.000000
SELL,M15,EMAOrder,BE,E50>E100>E20>E200,79,79,0,1,1.265823,1.265823
SELL,M15,EMAOrder,BE,E50>E200>E100>E20,79,79,0,1,1.265823,1.265823
SELL,M15,EMAOrder,BE,E50>E200>E20>E100,79,79,0,0,0.000000,0.000000
SELL,M15,EMAOrder,BE,E50>E20>E100>E200,79,79,0,3,3.797468,3.797468
SELL,M15,EMAOrder,BE,E50>E20>E200>E100,79,79,0,0,0.000000,0.000000
SELL,M15,EMAOrder,BE,[MISSING],79,79,0,0,0.000000,
SELL,M15,EMAOrder,OTHER_NONSTOP,E100>E200>E20>E50,0,0,0,0,,
SELL,M15,EMAOrder,OTHER_NONSTOP,E100>E200>E50>E20,0,0,0,0,,
SELL,M15,EMAOrder,OTHER_NONSTOP,E100>E20>E200>E50,0,0,0,0,,
SELL,M15,EMAOrder,OTHER_NONSTOP,E100>E20>E50>E200,0,0,0,0,,
SELL,M15,EMAOrder,OTHER_NONSTOP,E100>E50>E200>E20,0,0,0,0,,
SELL,M15,EMAOrder,OTHER_NONSTOP,E100>E50>E20>E200,0,0,0,0,,
SELL,M15,EMAOrder,OTHER_NONSTOP,E200>E100>E20>E50,0,0,0,0,,
SELL,M15,EMAOrder,OTHER_NONSTOP,E200>E100>E50>E20,0,0,0,0,,
SELL,M15,EMAOrder,OTHER_NONSTOP,E200>E20>E100>E50,0,0,0,0,,
SELL,M15,EMAOrder,OTHER_NONSTOP,E200>E20>E50>E100,0,0,0,0,,
SELL,M15,EMAOrder,OTHER_NONSTOP,E200>E50>E100>E20,0,0,0,0,,
SELL,M15,EMAOrder,OTHER_NONSTOP,E200>E50>E20>E100,0,0,0,0,,
SELL,M15,EMAOrder,OTHER_NONSTOP,E20>E100>E200>E50,0,0,0,0,,
SELL,M15,EMAOrder,OTHER_NONSTOP,E20>E100>E50>E200,0,0,0,0,,
SELL,M15,EMAOrder,OTHER_NONSTOP,E20>E200>E100>E50,0,0,0,0,,
SELL,M15,EMAOrder,OTHER_NONSTOP,E20>E200>E50>E100,0,0,0,0,,
SELL,M15,EMAOrder,OTHER_NONSTOP,E20>E50>E100>E200,0,0,0,0,,
SELL,M15,EMAOrder,OTHER_NONSTOP,E20>E50>E200>E100,0,0,0,0,,
SELL,M15,EMAOrder,OTHER_NONSTOP,E50>E100>E200>E20,0,0,0,0,,
SELL,M15,EMAOrder,OTHER_NONSTOP,E50>E100>E20>E200,0,0,0,0,,
SELL,M15,EMAOrder,OTHER_NONSTOP,E50>E200>E100>E20,0,0,0,0,,
SELL,M15,EMAOrder,OTHER_NONSTOP,E50>E200>E20>E100,0,0,0,0,,
SELL,M15,EMAOrder,OTHER_NONSTOP,E50>E20>E100>E200,0,0,0,0,,
SELL,M15,EMAOrder,OTHER_NONSTOP,E50>E20>E200>E100,0,0,0,0,,
SELL,M15,EMAOrder,OTHER_NONSTOP,[MISSING],0,0,0,0,,
SELL,M15,TrendRegime,STOP,DOWN,13,13,0,6,46.153846,46.153846
SELL,M15,TrendRegime,STOP,RANGE,13,13,0,4,30.769231,30.769231
SELL,M15,TrendRegime,STOP,UP,13,13,0,3,23.076923,23.076923
SELL,M15,TrendRegime,STOP,[MISSING],13,13,0,0,0.000000,
SELL,M15,TrendRegime,NON-STOP,DOWN,1238,1238,0,434,35.056543,35.056543
SELL,M15,TrendRegime,NON-STOP,RANGE,1238,1238,0,409,33.037157,33.037157
SELL,M15,TrendRegime,NON-STOP,UP,1238,1238,0,395,31.906300,31.906300
SELL,M15,TrendRegime,NON-STOP,[MISSING],1238,1238,0,0,0.000000,
SELL,M15,TrendRegime,TARGET,DOWN,1159,1159,0,407,35.116480,35.116480
SELL,M15,TrendRegime,TARGET,RANGE,1159,1159,0,385,33.218292,33.218292
SELL,M15,TrendRegime,TARGET,UP,1159,1159,0,367,31.665229,31.665229
SELL,M15,TrendRegime,TARGET,[MISSING],1159,1159,0,0,0.000000,
SELL,M15,TrendRegime,BE,DOWN,79,79,0,27,34.177215,34.177215
SELL,M15,TrendRegime,BE,RANGE,79,79,0,24,30.379747,30.379747
SELL,M15,TrendRegime,BE,UP,79,79,0,28,35.443038,35.443038
SELL,M15,TrendRegime,BE,[MISSING],79,79,0,0,0.000000,
SELL,M15,TrendRegime,OTHER_NONSTOP,DOWN,0,0,0,0,,
SELL,M15,TrendRegime,OTHER_NONSTOP,RANGE,0,0,0,0,,
SELL,M15,TrendRegime,OTHER_NONSTOP,UP,0,0,0,0,,
SELL,M15,TrendRegime,OTHER_NONSTOP,[MISSING],0,0,0,0,,
SELL,M15,PriceAboveEMA200,STOP,0,13,13,0,8,61.538462,61.538462
SELL,M15,PriceAboveEMA200,STOP,1,13,13,0,5,38.461538,38.461538
SELL,M15,PriceAboveEMA200,STOP,[MISSING],13,13,0,0,0.000000,
SELL,M15,PriceAboveEMA200,NON-STOP,0,1238,1238,0,542,43.780291,43.780291
SELL,M15,PriceAboveEMA200,NON-STOP,1,1238,1238,0,696,56.219709,56.219709
SELL,M15,PriceAboveEMA200,NON-STOP,[MISSING],1238,1238,0,0,0.000000,
SELL,M15,PriceAboveEMA200,TARGET,0,1159,1159,0,507,43.744607,43.744607
SELL,M15,PriceAboveEMA200,TARGET,1,1159,1159,0,652,56.255393,56.255393
SELL,M15,PriceAboveEMA200,TARGET,[MISSING],1159,1159,0,0,0.000000,
SELL,M15,PriceAboveEMA200,BE,0,79,79,0,35,44.303797,44.303797
SELL,M15,PriceAboveEMA200,BE,1,79,79,0,44,55.696203,55.696203
SELL,M15,PriceAboveEMA200,BE,[MISSING],79,79,0,0,0.000000,
SELL,M15,PriceAboveEMA200,OTHER_NONSTOP,0,0,0,0,0,,
SELL,M15,PriceAboveEMA200,OTHER_NONSTOP,1,0,0,0,0,,
SELL,M15,PriceAboveEMA200,OTHER_NONSTOP,[MISSING],0,0,0,0,,
SELL,M30,DIStatus,STOP,+,13,13,0,5,38.461538,38.461538
SELL,M30,DIStatus,STOP,-,13,13,0,8,61.538462,61.538462
SELL,M30,DIStatus,STOP,[MISSING],13,13,0,0,0.000000,
SELL,M30,DIStatus,NON-STOP,+,1238,1238,0,720,58.158320,58.158320
SELL,M30,DIStatus,NON-STOP,-,1238,1238,0,518,41.841680,41.841680
SELL,M30,DIStatus,NON-STOP,[MISSING],1238,1238,0,0,0.000000,
SELL,M30,DIStatus,TARGET,+,1159,1159,0,675,58.239862,58.239862
SELL,M30,DIStatus,TARGET,-,1159,1159,0,484,41.760138,41.760138
SELL,M30,DIStatus,TARGET,[MISSING],1159,1159,0,0,0.000000,
SELL,M30,DIStatus,BE,+,79,79,0,45,56.962025,56.962025
SELL,M30,DIStatus,BE,-,79,79,0,34,43.037975,43.037975
SELL,M30,DIStatus,BE,[MISSING],79,79,0,0,0.000000,
SELL,M30,DIStatus,OTHER_NONSTOP,+,0,0,0,0,,
SELL,M30,DIStatus,OTHER_NONSTOP,-,0,0,0,0,,
SELL,M30,DIStatus,OTHER_NONSTOP,[MISSING],0,0,0,0,,
SELL,M30,EMAOrder,STOP,E100>E200>E20>E50,13,13,0,0,0.000000,0.000000
SELL,M30,EMAOrder,STOP,E100>E200>E50>E20,13,13,0,1,7.692308,7.692308
SELL,M30,EMAOrder,STOP,E100>E20>E200>E50,13,13,0,0,0.000000,0.000000
SELL,M30,EMAOrder,STOP,E100>E20>E50>E200,13,13,0,0,0.000000,0.000000
SELL,M30,EMAOrder,STOP,E100>E50>E200>E20,13,13,0,2,15.384615,15.384615
SELL,M30,EMAOrder,STOP,E100>E50>E20>E200,13,13,0,1,7.692308,7.692308
SELL,M30,EMAOrder,STOP,E200>E100>E20>E50,13,13,0,0,0.000000,0.000000
SELL,M30,EMAOrder,STOP,E200>E100>E50>E20,13,13,0,2,15.384615,15.384615
SELL,M30,EMAOrder,STOP,E200>E20>E100>E50,13,13,0,2,15.384615,15.384615
SELL,M30,EMAOrder,STOP,E200>E20>E50>E100,13,13,0,0,0.000000,0.000000
SELL,M30,EMAOrder,STOP,E200>E50>E100>E20,13,13,0,0,0.000000,0.000000
SELL,M30,EMAOrder,STOP,E200>E50>E20>E100,13,13,0,0,0.000000,0.000000
SELL,M30,EMAOrder,STOP,E20>E100>E200>E50,13,13,0,0,0.000000,0.000000
SELL,M30,EMAOrder,STOP,E20>E100>E50>E200,13,13,0,0,0.000000,0.000000
SELL,M30,EMAOrder,STOP,E20>E200>E100>E50,13,13,0,0,0.000000,0.000000
SELL,M30,EMAOrder,STOP,E20>E200>E50>E100,13,13,0,0,0.000000,0.000000
SELL,M30,EMAOrder,STOP,E20>E50>E100>E200,13,13,0,3,23.076923,23.076923
SELL,M30,EMAOrder,STOP,E20>E50>E200>E100,13,13,0,2,15.384615,15.384615
SELL,M30,EMAOrder,STOP,E50>E100>E200>E20,13,13,0,0,0.000000,0.000000
SELL,M30,EMAOrder,STOP,E50>E100>E20>E200,13,13,0,0,0.000000,0.000000
SELL,M30,EMAOrder,STOP,E50>E200>E100>E20,13,13,0,0,0.000000,0.000000
SELL,M30,EMAOrder,STOP,E50>E20>E100>E200,13,13,0,0,0.000000,0.000000
SELL,M30,EMAOrder,STOP,E50>E20>E200>E100,13,13,0,0,0.000000,0.000000
SELL,M30,EMAOrder,STOP,[MISSING],13,13,0,0,0.000000,
SELL,M30,EMAOrder,NON-STOP,E100>E200>E20>E50,1238,1238,0,6,0.484653,0.484653
SELL,M30,EMAOrder,NON-STOP,E100>E200>E50>E20,1238,1238,0,124,10.016155,10.016155
SELL,M30,EMAOrder,NON-STOP,E100>E20>E200>E50,1238,1238,0,3,0.242326,0.242326
SELL,M30,EMAOrder,NON-STOP,E100>E20>E50>E200,1238,1238,0,17,1.373183,1.373183
SELL,M30,EMAOrder,NON-STOP,E100>E50>E200>E20,1238,1238,0,98,7.915994,7.915994
SELL,M30,EMAOrder,NON-STOP,E100>E50>E20>E200,1238,1238,0,86,6.946688,6.946688
SELL,M30,EMAOrder,NON-STOP,E200>E100>E20>E50,1238,1238,0,40,3.231018,3.231018
SELL,M30,EMAOrder,NON-STOP,E200>E100>E50>E20,1238,1238,0,240,19.386107,19.386107
SELL,M30,EMAOrder,NON-STOP,E200>E20>E100>E50,1238,1238,0,46,3.715670,3.715670
SELL,M30,EMAOrder,NON-STOP,E200>E20>E50>E100,1238,1238,0,47,3.796446,3.796446
SELL,M30,EMAOrder,NON-STOP,E200>E50>E100>E20,1238,1238,0,11,0.888530,0.888530
SELL,M30,EMAOrder,NON-STOP,E200>E50>E20>E100,1238,1238,0,7,0.565428,0.565428
SELL,M30,EMAOrder,NON-STOP,E20>E100>E200>E50,1238,1238,0,4,0.323102,0.323102
SELL,M30,EMAOrder,NON-STOP,E20>E100>E50>E200,1238,1238,0,12,0.969305,0.969305
SELL,M30,EMAOrder,NON-STOP,E20>E200>E100>E50,1238,1238,0,12,0.969305,0.969305
SELL,M30,EMAOrder,NON-STOP,E20>E200>E50>E100,1238,1238,0,89,7.189015,7.189015
SELL,M30,EMAOrder,NON-STOP,E20>E50>E100>E200,1238,1238,0,217,17.528271,17.528271
SELL,M30,EMAOrder,NON-STOP,E20>E50>E200>E100,1238,1238,0,101,8.158320,8.158320
SELL,M30,EMAOrder,NON-STOP,E50>E100>E200>E20,1238,1238,0,17,1.373183,1.373183
SELL,M30,EMAOrder,NON-STOP,E50>E100>E20>E200,1238,1238,0,37,2.988691,2.988691
SELL,M30,EMAOrder,NON-STOP,E50>E200>E100>E20,1238,1238,0,0,0.000000,0.000000
SELL,M30,EMAOrder,NON-STOP,E50>E20>E100>E200,1238,1238,0,20,1.615509,1.615509
SELL,M30,EMAOrder,NON-STOP,E50>E20>E200>E100,1238,1238,0,4,0.323102,0.323102
SELL,M30,EMAOrder,NON-STOP,[MISSING],1238,1238,0,0,0.000000,
SELL,M30,EMAOrder,TARGET,E100>E200>E20>E50,1159,1159,0,5,0.431406,0.431406
SELL,M30,EMAOrder,TARGET,E100>E200>E50>E20,1159,1159,0,113,9.749784,9.749784
SELL,M30,EMAOrder,TARGET,E100>E20>E200>E50,1159,1159,0,3,0.258844,0.258844
SELL,M30,EMAOrder,TARGET,E100>E20>E50>E200,1159,1159,0,15,1.294219,1.294219
SELL,M30,EMAOrder,TARGET,E100>E50>E200>E20,1159,1159,0,91,7.851596,7.851596
SELL,M30,EMAOrder,TARGET,E100>E50>E20>E200,1159,1159,0,80,6.902502,6.902502
SELL,M30,EMAOrder,TARGET,E200>E100>E20>E50,1159,1159,0,38,3.278689,3.278689
SELL,M30,EMAOrder,TARGET,E200>E100>E50>E20,1159,1159,0,229,19.758412,19.758412
SELL,M30,EMAOrder,TARGET,E200>E20>E100>E50,1159,1159,0,45,3.882657,3.882657
SELL,M30,EMAOrder,TARGET,E200>E20>E50>E100,1159,1159,0,45,3.882657,3.882657
SELL,M30,EMAOrder,TARGET,E200>E50>E100>E20,1159,1159,0,10,0.862813,0.862813
SELL,M30,EMAOrder,TARGET,E200>E50>E20>E100,1159,1159,0,7,0.603969,0.603969
SELL,M30,EMAOrder,TARGET,E20>E100>E200>E50,1159,1159,0,4,0.345125,0.345125
SELL,M30,EMAOrder,TARGET,E20>E100>E50>E200,1159,1159,0,12,1.035375,1.035375
SELL,M30,EMAOrder,TARGET,E20>E200>E100>E50,1159,1159,0,12,1.035375,1.035375
SELL,M30,EMAOrder,TARGET,E20>E200>E50>E100,1159,1159,0,84,7.247627,7.247627
SELL,M30,EMAOrder,TARGET,E20>E50>E100>E200,1159,1159,0,199,17.169974,17.169974
SELL,M30,EMAOrder,TARGET,E20>E50>E200>E100,1159,1159,0,93,8.024159,8.024159
SELL,M30,EMAOrder,TARGET,E50>E100>E200>E20,1159,1159,0,16,1.380500,1.380500
SELL,M30,EMAOrder,TARGET,E50>E100>E20>E200,1159,1159,0,35,3.019845,3.019845
SELL,M30,EMAOrder,TARGET,E50>E200>E100>E20,1159,1159,0,0,0.000000,0.000000
SELL,M30,EMAOrder,TARGET,E50>E20>E100>E200,1159,1159,0,19,1.639344,1.639344
SELL,M30,EMAOrder,TARGET,E50>E20>E200>E100,1159,1159,0,4,0.345125,0.345125
SELL,M30,EMAOrder,TARGET,[MISSING],1159,1159,0,0,0.000000,
SELL,M30,EMAOrder,BE,E100>E200>E20>E50,79,79,0,1,1.265823,1.265823
SELL,M30,EMAOrder,BE,E100>E200>E50>E20,79,79,0,11,13.924051,13.924051
SELL,M30,EMAOrder,BE,E100>E20>E200>E50,79,79,0,0,0.000000,0.000000
SELL,M30,EMAOrder,BE,E100>E20>E50>E200,79,79,0,2,2.531646,2.531646
SELL,M30,EMAOrder,BE,E100>E50>E200>E20,79,79,0,7,8.860759,8.860759
SELL,M30,EMAOrder,BE,E100>E50>E20>E200,79,79,0,6,7.594937,7.594937
SELL,M30,EMAOrder,BE,E200>E100>E20>E50,79,79,0,2,2.531646,2.531646
SELL,M30,EMAOrder,BE,E200>E100>E50>E20,79,79,0,11,13.924051,13.924051
SELL,M30,EMAOrder,BE,E200>E20>E100>E50,79,79,0,1,1.265823,1.265823
SELL,M30,EMAOrder,BE,E200>E20>E50>E100,79,79,0,2,2.531646,2.531646
SELL,M30,EMAOrder,BE,E200>E50>E100>E20,79,79,0,1,1.265823,1.265823
SELL,M30,EMAOrder,BE,E200>E50>E20>E100,79,79,0,0,0.000000,0.000000
SELL,M30,EMAOrder,BE,E20>E100>E200>E50,79,79,0,0,0.000000,0.000000
SELL,M30,EMAOrder,BE,E20>E100>E50>E200,79,79,0,0,0.000000,0.000000
SELL,M30,EMAOrder,BE,E20>E200>E100>E50,79,79,0,0,0.000000,0.000000
SELL,M30,EMAOrder,BE,E20>E200>E50>E100,79,79,0,5,6.329114,6.329114
SELL,M30,EMAOrder,BE,E20>E50>E100>E200,79,79,0,18,22.784810,22.784810
SELL,M30,EMAOrder,BE,E20>E50>E200>E100,79,79,0,8,10.126582,10.126582
SELL,M30,EMAOrder,BE,E50>E100>E200>E20,79,79,0,1,1.265823,1.265823
SELL,M30,EMAOrder,BE,E50>E100>E20>E200,79,79,0,2,2.531646,2.531646
SELL,M30,EMAOrder,BE,E50>E200>E100>E20,79,79,0,0,0.000000,0.000000
SELL,M30,EMAOrder,BE,E50>E20>E100>E200,79,79,0,1,1.265823,1.265823
SELL,M30,EMAOrder,BE,E50>E20>E200>E100,79,79,0,0,0.000000,0.000000
SELL,M30,EMAOrder,BE,[MISSING],79,79,0,0,0.000000,
SELL,M30,EMAOrder,OTHER_NONSTOP,E100>E200>E20>E50,0,0,0,0,,
SELL,M30,EMAOrder,OTHER_NONSTOP,E100>E200>E50>E20,0,0,0,0,,
SELL,M30,EMAOrder,OTHER_NONSTOP,E100>E20>E200>E50,0,0,0,0,,
SELL,M30,EMAOrder,OTHER_NONSTOP,E100>E20>E50>E200,0,0,0,0,,
SELL,M30,EMAOrder,OTHER_NONSTOP,E100>E50>E200>E20,0,0,0,0,,
SELL,M30,EMAOrder,OTHER_NONSTOP,E100>E50>E20>E200,0,0,0,0,,
SELL,M30,EMAOrder,OTHER_NONSTOP,E200>E100>E20>E50,0,0,0,0,,
SELL,M30,EMAOrder,OTHER_NONSTOP,E200>E100>E50>E20,0,0,0,0,,
SELL,M30,EMAOrder,OTHER_NONSTOP,E200>E20>E100>E50,0,0,0,0,,
SELL,M30,EMAOrder,OTHER_NONSTOP,E200>E20>E50>E100,0,0,0,0,,
SELL,M30,EMAOrder,OTHER_NONSTOP,E200>E50>E100>E20,0,0,0,0,,
SELL,M30,EMAOrder,OTHER_NONSTOP,E200>E50>E20>E100,0,0,0,0,,
SELL,M30,EMAOrder,OTHER_NONSTOP,E20>E100>E200>E50,0,0,0,0,,
SELL,M30,EMAOrder,OTHER_NONSTOP,E20>E100>E50>E200,0,0,0,0,,
SELL,M30,EMAOrder,OTHER_NONSTOP,E20>E200>E100>E50,0,0,0,0,,
SELL,M30,EMAOrder,OTHER_NONSTOP,E20>E200>E50>E100,0,0,0,0,,
SELL,M30,EMAOrder,OTHER_NONSTOP,E20>E50>E100>E200,0,0,0,0,,
SELL,M30,EMAOrder,OTHER_NONSTOP,E20>E50>E200>E100,0,0,0,0,,
SELL,M30,EMAOrder,OTHER_NONSTOP,E50>E100>E200>E20,0,0,0,0,,
SELL,M30,EMAOrder,OTHER_NONSTOP,E50>E100>E20>E200,0,0,0,0,,
SELL,M30,EMAOrder,OTHER_NONSTOP,E50>E200>E100>E20,0,0,0,0,,
SELL,M30,EMAOrder,OTHER_NONSTOP,E50>E20>E100>E200,0,0,0,0,,
SELL,M30,EMAOrder,OTHER_NONSTOP,E50>E20>E200>E100,0,0,0,0,,
SELL,M30,EMAOrder,OTHER_NONSTOP,[MISSING],0,0,0,0,,
SELL,M30,TrendRegime,STOP,DOWN,13,13,0,2,15.384615,15.384615
SELL,M30,TrendRegime,STOP,RANGE,13,13,0,8,61.538462,61.538462
SELL,M30,TrendRegime,STOP,UP,13,13,0,3,23.076923,23.076923
SELL,M30,TrendRegime,STOP,[MISSING],13,13,0,0,0.000000,
SELL,M30,TrendRegime,NON-STOP,DOWN,1238,1238,0,240,19.386107,19.386107
SELL,M30,TrendRegime,NON-STOP,RANGE,1238,1238,0,781,63.085622,63.085622
SELL,M30,TrendRegime,NON-STOP,UP,1238,1238,0,217,17.528271,17.528271
SELL,M30,TrendRegime,NON-STOP,[MISSING],1238,1238,0,0,0.000000,
SELL,M30,TrendRegime,TARGET,DOWN,1159,1159,0,229,19.758412,19.758412
SELL,M30,TrendRegime,TARGET,RANGE,1159,1159,0,731,63.071613,63.071613
SELL,M30,TrendRegime,TARGET,UP,1159,1159,0,199,17.169974,17.169974
SELL,M30,TrendRegime,TARGET,[MISSING],1159,1159,0,0,0.000000,
SELL,M30,TrendRegime,BE,DOWN,79,79,0,11,13.924051,13.924051
SELL,M30,TrendRegime,BE,RANGE,79,79,0,50,63.291139,63.291139
SELL,M30,TrendRegime,BE,UP,79,79,0,18,22.784810,22.784810
SELL,M30,TrendRegime,BE,[MISSING],79,79,0,0,0.000000,
SELL,M30,TrendRegime,OTHER_NONSTOP,DOWN,0,0,0,0,,
SELL,M30,TrendRegime,OTHER_NONSTOP,RANGE,0,0,0,0,,
SELL,M30,TrendRegime,OTHER_NONSTOP,UP,0,0,0,0,,
SELL,M30,TrendRegime,OTHER_NONSTOP,[MISSING],0,0,0,0,,
SELL,M30,PriceAboveEMA200,STOP,0,13,13,0,7,53.846154,53.846154
SELL,M30,PriceAboveEMA200,STOP,1,13,13,0,6,46.153846,46.153846
SELL,M30,PriceAboveEMA200,STOP,[MISSING],13,13,0,0,0.000000,
SELL,M30,PriceAboveEMA200,NON-STOP,0,1238,1238,0,570,46.042003,46.042003
SELL,M30,PriceAboveEMA200,NON-STOP,1,1238,1238,0,668,53.957997,53.957997
SELL,M30,PriceAboveEMA200,NON-STOP,[MISSING],1238,1238,0,0,0.000000,
SELL,M30,PriceAboveEMA200,TARGET,0,1159,1159,0,533,45.987921,45.987921
SELL,M30,PriceAboveEMA200,TARGET,1,1159,1159,0,626,54.012079,54.012079
SELL,M30,PriceAboveEMA200,TARGET,[MISSING],1159,1159,0,0,0.000000,
SELL,M30,PriceAboveEMA200,BE,0,79,79,0,37,46.835443,46.835443
SELL,M30,PriceAboveEMA200,BE,1,79,79,0,42,53.164557,53.164557
SELL,M30,PriceAboveEMA200,BE,[MISSING],79,79,0,0,0.000000,
SELL,M30,PriceAboveEMA200,OTHER_NONSTOP,0,0,0,0,0,,
SELL,M30,PriceAboveEMA200,OTHER_NONSTOP,1,0,0,0,0,,
SELL,M30,PriceAboveEMA200,OTHER_NONSTOP,[MISSING],0,0,0,0,,
SELL,H1,DIStatus,STOP,+,13,13,0,6,46.153846,46.153846
SELL,H1,DIStatus,STOP,-,13,13,0,7,53.846154,53.846154
SELL,H1,DIStatus,STOP,[MISSING],13,13,0,0,0.000000,
SELL,H1,DIStatus,NON-STOP,+,1238,1238,0,611,49.353796,49.353796
SELL,H1,DIStatus,NON-STOP,-,1238,1238,0,627,50.646204,50.646204
SELL,H1,DIStatus,NON-STOP,[MISSING],1238,1238,0,0,0.000000,
SELL,H1,DIStatus,TARGET,+,1159,1159,0,570,49.180328,49.180328
SELL,H1,DIStatus,TARGET,-,1159,1159,0,589,50.819672,50.819672
SELL,H1,DIStatus,TARGET,[MISSING],1159,1159,0,0,0.000000,
SELL,H1,DIStatus,BE,+,79,79,0,41,51.898734,51.898734
SELL,H1,DIStatus,BE,-,79,79,0,38,48.101266,48.101266
SELL,H1,DIStatus,BE,[MISSING],79,79,0,0,0.000000,
SELL,H1,DIStatus,OTHER_NONSTOP,+,0,0,0,0,,
SELL,H1,DIStatus,OTHER_NONSTOP,-,0,0,0,0,,
SELL,H1,DIStatus,OTHER_NONSTOP,[MISSING],0,0,0,0,,
SELL,H1,EMAOrder,STOP,E100>E200>E20>E50,13,13,0,0,0.000000,0.000000
SELL,H1,EMAOrder,STOP,E100>E200>E50>E20,13,13,0,1,7.692308,7.692308
SELL,H1,EMAOrder,STOP,E100>E20>E200>E50,13,13,0,0,0.000000,0.000000
SELL,H1,EMAOrder,STOP,E100>E20>E50>E200,13,13,0,0,0.000000,0.000000
SELL,H1,EMAOrder,STOP,E100>E50>E200>E20,13,13,0,0,0.000000,0.000000
SELL,H1,EMAOrder,STOP,E100>E50>E20>E200,13,13,0,0,0.000000,0.000000
SELL,H1,EMAOrder,STOP,E200>E100>E20>E50,13,13,0,2,15.384615,15.384615
SELL,H1,EMAOrder,STOP,E200>E100>E50>E20,13,13,0,0,0.000000,0.000000
SELL,H1,EMAOrder,STOP,E200>E20>E100>E50,13,13,0,1,7.692308,7.692308
SELL,H1,EMAOrder,STOP,E200>E20>E50>E100,13,13,0,2,15.384615,15.384615
SELL,H1,EMAOrder,STOP,E200>E50>E100>E20,13,13,0,0,0.000000,0.000000
SELL,H1,EMAOrder,STOP,E200>E50>E20>E100,13,13,0,0,0.000000,0.000000
SELL,H1,EMAOrder,STOP,E20>E100>E200>E50,13,13,0,0,0.000000,0.000000
SELL,H1,EMAOrder,STOP,E20>E100>E50>E200,13,13,0,0,0.000000,0.000000
SELL,H1,EMAOrder,STOP,E20>E200>E100>E50,13,13,0,1,7.692308,7.692308
SELL,H1,EMAOrder,STOP,E20>E200>E50>E100,13,13,0,0,0.000000,0.000000
SELL,H1,EMAOrder,STOP,E20>E50>E100>E200,13,13,0,0,0.000000,0.000000
SELL,H1,EMAOrder,STOP,E20>E50>E200>E100,13,13,0,1,7.692308,7.692308
SELL,H1,EMAOrder,STOP,E50>E100>E200>E20,13,13,0,0,0.000000,0.000000
SELL,H1,EMAOrder,STOP,E50>E100>E20>E200,13,13,0,2,15.384615,15.384615
SELL,H1,EMAOrder,STOP,E50>E200>E100>E20,13,13,0,0,0.000000,0.000000
SELL,H1,EMAOrder,STOP,E50>E200>E20>E100,13,13,0,0,0.000000,0.000000
SELL,H1,EMAOrder,STOP,E50>E20>E100>E200,13,13,0,3,23.076923,23.076923
SELL,H1,EMAOrder,STOP,E50>E20>E200>E100,13,13,0,0,0.000000,0.000000
SELL,H1,EMAOrder,STOP,[MISSING],13,13,0,0,0.000000,
SELL,H1,EMAOrder,NON-STOP,E100>E200>E20>E50,1238,1238,0,8,0.646204,0.646204
SELL,H1,EMAOrder,NON-STOP,E100>E200>E50>E20,1238,1238,0,136,10.985460,10.985460
SELL,H1,EMAOrder,NON-STOP,E100>E20>E200>E50,1238,1238,0,5,0.403877,0.403877
SELL,H1,EMAOrder,NON-STOP,E100>E20>E50>E200,1238,1238,0,8,0.646204,0.646204
SELL,H1,EMAOrder,NON-STOP,E100>E50>E200>E20,1238,1238,0,98,7.915994,7.915994
SELL,H1,EMAOrder,NON-STOP,E100>E50>E20>E200,1238,1238,0,62,5.008078,5.008078
SELL,H1,EMAOrder,NON-STOP,E200>E100>E20>E50,1238,1238,0,139,11.227787,11.227787
SELL,H1,EMAOrder,NON-STOP,E200>E100>E50>E20,1238,1238,0,0,0.000000,0.000000
SELL,H1,EMAOrder,NON-STOP,E200>E20>E100>E50,1238,1238,0,106,8.562197,8.562197
SELL,H1,EMAOrder,NON-STOP,E200>E20>E50>E100,1238,1238,0,43,3.473344,3.473344
SELL,H1,EMAOrder,NON-STOP,E200>E50>E100>E20,1238,1238,0,15,1.211632,1.211632
SELL,H1,EMAOrder,NON-STOP,E200>E50>E20>E100,1238,1238,0,10,0.807754,0.807754
SELL,H1,EMAOrder,NON-STOP,E20>E100>E200>E50,1238,1238,0,4,0.323102,0.323102
SELL,H1,EMAOrder,NON-STOP,E20>E100>E50>E200,1238,1238,0,14,1.130856,1.130856
SELL,H1,EMAOrder,NON-STOP,E20>E200>E100>E50,1238,1238,0,17,1.373183,1.373183
SELL,H1,EMAOrder,NON-STOP,E20>E200>E50>E100,1238,1238,0,91,7.350565,7.350565
SELL,H1,EMAOrder,NON-STOP,E20>E50>E100>E200,1238,1238,0,0,0.000000,0.000000
SELL,H1,EMAOrder,NON-STOP,E20>E50>E200>E100,1238,1238,0,109,8.804523,8.804523
SELL,H1,EMAOrder,NON-STOP,E50>E100>E200>E20,1238,1238,0,22,1.777060,1.777060
SELL,H1,EMAOrder,NON-STOP,E50>E100>E20>E200,1238,1238,0,124,10.016155,10.016155
SELL,H1,EMAOrder,NON-STOP,E50>E200>E100>E20,1238,1238,0,6,0.484653,0.484653
SELL,H1,EMAOrder,NON-STOP,E50>E200>E20>E100,1238,1238,0,1,0.080775,0.080775
SELL,H1,EMAOrder,NON-STOP,E50>E20>E100>E200,1238,1238,0,214,17.285945,17.285945
SELL,H1,EMAOrder,NON-STOP,E50>E20>E200>E100,1238,1238,0,6,0.484653,0.484653
SELL,H1,EMAOrder,NON-STOP,[MISSING],1238,1238,0,0,0.000000,
SELL,H1,EMAOrder,TARGET,E100>E200>E20>E50,1159,1159,0,7,0.603969,0.603969
SELL,H1,EMAOrder,TARGET,E100>E200>E50>E20,1159,1159,0,131,11.302847,11.302847
SELL,H1,EMAOrder,TARGET,E100>E20>E200>E50,1159,1159,0,5,0.431406,0.431406
SELL,H1,EMAOrder,TARGET,E100>E20>E50>E200,1159,1159,0,7,0.603969,0.603969
SELL,H1,EMAOrder,TARGET,E100>E50>E200>E20,1159,1159,0,92,7.937877,7.937877
SELL,H1,EMAOrder,TARGET,E100>E50>E20>E200,1159,1159,0,60,5.176877,5.176877
SELL,H1,EMAOrder,TARGET,E200>E100>E20>E50,1159,1159,0,134,11.561691,11.561691
SELL,H1,EMAOrder,TARGET,E200>E100>E50>E20,1159,1159,0,0,0.000000,0.000000
SELL,H1,EMAOrder,TARGET,E200>E20>E100>E50,1159,1159,0,99,8.541846,8.541846
SELL,H1,EMAOrder,TARGET,E200>E20>E50>E100,1159,1159,0,38,3.278689,3.278689
SELL,H1,EMAOrder,TARGET,E200>E50>E100>E20,1159,1159,0,15,1.294219,1.294219
SELL,H1,EMAOrder,TARGET,E200>E50>E20>E100,1159,1159,0,9,0.776531,0.776531
SELL,H1,EMAOrder,TARGET,E20>E100>E200>E50,1159,1159,0,3,0.258844,0.258844
SELL,H1,EMAOrder,TARGET,E20>E100>E50>E200,1159,1159,0,14,1.207938,1.207938
SELL,H1,EMAOrder,TARGET,E20>E200>E100>E50,1159,1159,0,15,1.294219,1.294219
SELL,H1,EMAOrder,TARGET,E20>E200>E50>E100,1159,1159,0,82,7.075065,7.075065
SELL,H1,EMAOrder,TARGET,E20>E50>E100>E200,1159,1159,0,0,0.000000,0.000000
SELL,H1,EMAOrder,TARGET,E20>E50>E200>E100,1159,1159,0,102,8.800690,8.800690
SELL,H1,EMAOrder,TARGET,E50>E100>E200>E20,1159,1159,0,21,1.811907,1.811907
SELL,H1,EMAOrder,TARGET,E50>E100>E20>E200,1159,1159,0,112,9.663503,9.663503
SELL,H1,EMAOrder,TARGET,E50>E200>E100>E20,1159,1159,0,5,0.431406,0.431406
SELL,H1,EMAOrder,TARGET,E50>E200>E20>E100,1159,1159,0,1,0.086281,0.086281
SELL,H1,EMAOrder,TARGET,E50>E20>E100>E200,1159,1159,0,201,17.342537,17.342537
SELL,H1,EMAOrder,TARGET,E50>E20>E200>E100,1159,1159,0,6,0.517688,0.517688
SELL,H1,EMAOrder,TARGET,[MISSING],1159,1159,0,0,0.000000,
SELL,H1,EMAOrder,BE,E100>E200>E20>E50,79,79,0,1,1.265823,1.265823
SELL,H1,EMAOrder,BE,E100>E200>E50>E20,79,79,0,5,6.329114,6.329114
SELL,H1,EMAOrder,BE,E100>E20>E200>E50,79,79,0,0,0.000000,0.000000
SELL,H1,EMAOrder,BE,E100>E20>E50>E200,79,79,0,1,1.265823,1.265823
SELL,H1,EMAOrder,BE,E100>E50>E200>E20,79,79,0,6,7.594937,7.594937
SELL,H1,EMAOrder,BE,E100>E50>E20>E200,79,79,0,2,2.531646,2.531646
SELL,H1,EMAOrder,BE,E200>E100>E20>E50,79,79,0,5,6.329114,6.329114
SELL,H1,EMAOrder,BE,E200>E100>E50>E20,79,79,0,0,0.000000,0.000000
SELL,H1,EMAOrder,BE,E200>E20>E100>E50,79,79,0,7,8.860759,8.860759
SELL,H1,EMAOrder,BE,E200>E20>E50>E100,79,79,0,5,6.329114,6.329114
SELL,H1,EMAOrder,BE,E200>E50>E100>E20,79,79,0,0,0.000000,0.000000
SELL,H1,EMAOrder,BE,E200>E50>E20>E100,79,79,0,1,1.265823,1.265823
SELL,H1,EMAOrder,BE,E20>E100>E200>E50,79,79,0,1,1.265823,1.265823
SELL,H1,EMAOrder,BE,E20>E100>E50>E200,79,79,0,0,0.000000,0.000000
SELL,H1,EMAOrder,BE,E20>E200>E100>E50,79,79,0,2,2.531646,2.531646
SELL,H1,EMAOrder,BE,E20>E200>E50>E100,79,79,0,9,11.392405,11.392405
SELL,H1,EMAOrder,BE,E20>E50>E100>E200,79,79,0,0,0.000000,0.000000
SELL,H1,EMAOrder,BE,E20>E50>E200>E100,79,79,0,7,8.860759,8.860759
SELL,H1,EMAOrder,BE,E50>E100>E200>E20,79,79,0,1,1.265823,1.265823
SELL,H1,EMAOrder,BE,E50>E100>E20>E200,79,79,0,12,15.189873,15.189873
SELL,H1,EMAOrder,BE,E50>E200>E100>E20,79,79,0,1,1.265823,1.265823
SELL,H1,EMAOrder,BE,E50>E200>E20>E100,79,79,0,0,0.000000,0.000000
SELL,H1,EMAOrder,BE,E50>E20>E100>E200,79,79,0,13,16.455696,16.455696
SELL,H1,EMAOrder,BE,E50>E20>E200>E100,79,79,0,0,0.000000,0.000000
SELL,H1,EMAOrder,BE,[MISSING],79,79,0,0,0.000000,
SELL,H1,EMAOrder,OTHER_NONSTOP,E100>E200>E20>E50,0,0,0,0,,
SELL,H1,EMAOrder,OTHER_NONSTOP,E100>E200>E50>E20,0,0,0,0,,
SELL,H1,EMAOrder,OTHER_NONSTOP,E100>E20>E200>E50,0,0,0,0,,
SELL,H1,EMAOrder,OTHER_NONSTOP,E100>E20>E50>E200,0,0,0,0,,
SELL,H1,EMAOrder,OTHER_NONSTOP,E100>E50>E200>E20,0,0,0,0,,
SELL,H1,EMAOrder,OTHER_NONSTOP,E100>E50>E20>E200,0,0,0,0,,
SELL,H1,EMAOrder,OTHER_NONSTOP,E200>E100>E20>E50,0,0,0,0,,
SELL,H1,EMAOrder,OTHER_NONSTOP,E200>E100>E50>E20,0,0,0,0,,
SELL,H1,EMAOrder,OTHER_NONSTOP,E200>E20>E100>E50,0,0,0,0,,
SELL,H1,EMAOrder,OTHER_NONSTOP,E200>E20>E50>E100,0,0,0,0,,
SELL,H1,EMAOrder,OTHER_NONSTOP,E200>E50>E100>E20,0,0,0,0,,
SELL,H1,EMAOrder,OTHER_NONSTOP,E200>E50>E20>E100,0,0,0,0,,
SELL,H1,EMAOrder,OTHER_NONSTOP,E20>E100>E200>E50,0,0,0,0,,
SELL,H1,EMAOrder,OTHER_NONSTOP,E20>E100>E50>E200,0,0,0,0,,
SELL,H1,EMAOrder,OTHER_NONSTOP,E20>E200>E100>E50,0,0,0,0,,
SELL,H1,EMAOrder,OTHER_NONSTOP,E20>E200>E50>E100,0,0,0,0,,
SELL,H1,EMAOrder,OTHER_NONSTOP,E20>E50>E100>E200,0,0,0,0,,
SELL,H1,EMAOrder,OTHER_NONSTOP,E20>E50>E200>E100,0,0,0,0,,
SELL,H1,EMAOrder,OTHER_NONSTOP,E50>E100>E200>E20,0,0,0,0,,
SELL,H1,EMAOrder,OTHER_NONSTOP,E50>E100>E20>E200,0,0,0,0,,
SELL,H1,EMAOrder,OTHER_NONSTOP,E50>E200>E100>E20,0,0,0,0,,
SELL,H1,EMAOrder,OTHER_NONSTOP,E50>E200>E20>E100,0,0,0,0,,
SELL,H1,EMAOrder,OTHER_NONSTOP,E50>E20>E100>E200,0,0,0,0,,
SELL,H1,EMAOrder,OTHER_NONSTOP,E50>E20>E200>E100,0,0,0,0,,
SELL,H1,EMAOrder,OTHER_NONSTOP,[MISSING],0,0,0,0,,
SELL,H1,TrendRegime,STOP,DOWN,13,13,0,0,0.000000,0.000000
SELL,H1,TrendRegime,STOP,RANGE,13,13,0,13,100.000000,100.000000
SELL,H1,TrendRegime,STOP,UP,13,13,0,0,0.000000,0.000000
SELL,H1,TrendRegime,STOP,[MISSING],13,13,0,0,0.000000,
SELL,H1,TrendRegime,NON-STOP,DOWN,1238,1238,0,0,0.000000,0.000000
SELL,H1,TrendRegime,NON-STOP,RANGE,1238,1238,0,1238,100.000000,100.000000
SELL,H1,TrendRegime,NON-STOP,UP,1238,1238,0,0,0.000000,0.000000
SELL,H1,TrendRegime,NON-STOP,[MISSING],1238,1238,0,0,0.000000,
SELL,H1,TrendRegime,TARGET,DOWN,1159,1159,0,0,0.000000,0.000000
SELL,H1,TrendRegime,TARGET,RANGE,1159,1159,0,1159,100.000000,100.000000
SELL,H1,TrendRegime,TARGET,UP,1159,1159,0,0,0.000000,0.000000
SELL,H1,TrendRegime,TARGET,[MISSING],1159,1159,0,0,0.000000,
SELL,H1,TrendRegime,BE,DOWN,79,79,0,0,0.000000,0.000000
SELL,H1,TrendRegime,BE,RANGE,79,79,0,79,100.000000,100.000000
SELL,H1,TrendRegime,BE,UP,79,79,0,0,0.000000,0.000000
SELL,H1,TrendRegime,BE,[MISSING],79,79,0,0,0.000000,
SELL,H1,TrendRegime,OTHER_NONSTOP,DOWN,0,0,0,0,,
SELL,H1,TrendRegime,OTHER_NONSTOP,RANGE,0,0,0,0,,
SELL,H1,TrendRegime,OTHER_NONSTOP,UP,0,0,0,0,,
SELL,H1,TrendRegime,OTHER_NONSTOP,[MISSING],0,0,0,0,,
SELL,H1,PriceAboveEMA200,STOP,0,13,13,0,6,46.153846,46.153846
SELL,H1,PriceAboveEMA200,STOP,1,13,13,0,7,53.846154,53.846154
SELL,H1,PriceAboveEMA200,STOP,[MISSING],13,13,0,0,0.000000,
SELL,H1,PriceAboveEMA200,NON-STOP,0,1238,1238,0,560,45.234249,45.234249
SELL,H1,PriceAboveEMA200,NON-STOP,1,1238,1238,0,678,54.765751,54.765751
SELL,H1,PriceAboveEMA200,NON-STOP,[MISSING],1238,1238,0,0,0.000000,
SELL,H1,PriceAboveEMA200,TARGET,0,1159,1159,0,531,45.815358,45.815358
SELL,H1,PriceAboveEMA200,TARGET,1,1159,1159,0,628,54.184642,54.184642
SELL,H1,PriceAboveEMA200,TARGET,[MISSING],1159,1159,0,0,0.000000,
SELL,H1,PriceAboveEMA200,BE,0,79,79,0,29,36.708861,36.708861
SELL,H1,PriceAboveEMA200,BE,1,79,79,0,50,63.291139,63.291139
SELL,H1,PriceAboveEMA200,BE,[MISSING],79,79,0,0,0.000000,
SELL,H1,PriceAboveEMA200,OTHER_NONSTOP,0,0,0,0,0,,
SELL,H1,PriceAboveEMA200,OTHER_NONSTOP,1,0,0,0,0,,
SELL,H1,PriceAboveEMA200,OTHER_NONSTOP,[MISSING],0,0,0,0,,
SELL,H4,DIStatus,STOP,+,13,13,0,6,46.153846,46.153846
SELL,H4,DIStatus,STOP,-,13,13,0,7,53.846154,53.846154
SELL,H4,DIStatus,STOP,[MISSING],13,13,0,0,0.000000,
SELL,H4,DIStatus,NON-STOP,+,1238,1225,13,595,48.061389,48.571429
SELL,H4,DIStatus,NON-STOP,-,1238,1225,13,630,50.888530,51.428571
SELL,H4,DIStatus,NON-STOP,[MISSING],1238,1225,13,13,1.050081,
SELL,H4,DIStatus,TARGET,+,1159,1146,13,560,48.317515,48.865620
SELL,H4,DIStatus,TARGET,-,1159,1146,13,586,50.560828,51.134380
SELL,H4,DIStatus,TARGET,[MISSING],1159,1146,13,13,1.121657,
SELL,H4,DIStatus,BE,+,79,79,0,35,44.303797,44.303797
SELL,H4,DIStatus,BE,-,79,79,0,44,55.696203,55.696203
SELL,H4,DIStatus,BE,[MISSING],79,79,0,0,0.000000,
SELL,H4,DIStatus,OTHER_NONSTOP,+,0,0,0,0,,
SELL,H4,DIStatus,OTHER_NONSTOP,-,0,0,0,0,,
SELL,H4,DIStatus,OTHER_NONSTOP,[MISSING],0,0,0,0,,
SELL,H4,EMAOrder,STOP,E100>E200>E20>E50,13,13,0,0,0.000000,0.000000
SELL,H4,EMAOrder,STOP,E100>E200>E50>E20,13,13,0,0,0.000000,0.000000
SELL,H4,EMAOrder,STOP,E100>E20>E200>E50,13,13,0,0,0.000000,0.000000
SELL,H4,EMAOrder,STOP,E100>E20>E50>E200,13,13,0,0,0.000000,0.000000
SELL,H4,EMAOrder,STOP,E100>E50>E200>E20,13,13,0,0,0.000000,0.000000
SELL,H4,EMAOrder,STOP,E100>E50>E20>E200,13,13,0,0,0.000000,0.000000
SELL,H4,EMAOrder,STOP,E200>E100>E20>E50,13,13,0,1,7.692308,7.692308
SELL,H4,EMAOrder,STOP,E200>E100>E50>E20,13,13,0,5,38.461538,38.461538
SELL,H4,EMAOrder,STOP,E200>E20>E100>E50,13,13,0,0,0.000000,0.000000
SELL,H4,EMAOrder,STOP,E200>E20>E50>E100,13,13,0,2,15.384615,15.384615
SELL,H4,EMAOrder,STOP,E200>E50>E100>E20,13,13,0,0,0.000000,0.000000
SELL,H4,EMAOrder,STOP,E200>E50>E20>E100,13,13,0,0,0.000000,0.000000
SELL,H4,EMAOrder,STOP,E20>E100>E200>E50,13,13,0,0,0.000000,0.000000
SELL,H4,EMAOrder,STOP,E20>E100>E50>E200,13,13,0,0,0.000000,0.000000
SELL,H4,EMAOrder,STOP,E20>E200>E100>E50,13,13,0,0,0.000000,0.000000
SELL,H4,EMAOrder,STOP,E20>E200>E50>E100,13,13,0,0,0.000000,0.000000
SELL,H4,EMAOrder,STOP,E20>E50>E100>E200,13,13,0,4,30.769231,30.769231
SELL,H4,EMAOrder,STOP,E20>E50>E200>E100,13,13,0,0,0.000000,0.000000
SELL,H4,EMAOrder,STOP,E50>E100>E200>E20,13,13,0,0,0.000000,0.000000
SELL,H4,EMAOrder,STOP,E50>E100>E20>E200,13,13,0,1,7.692308,7.692308
SELL,H4,EMAOrder,STOP,E50>E200>E100>E20,13,13,0,0,0.000000,0.000000
SELL,H4,EMAOrder,STOP,E50>E200>E20>E100,13,13,0,0,0.000000,0.000000
SELL,H4,EMAOrder,STOP,E50>E20>E100>E200,13,13,0,0,0.000000,0.000000
SELL,H4,EMAOrder,STOP,E50>E20>E200>E100,13,13,0,0,0.000000,0.000000
SELL,H4,EMAOrder,STOP,[MISSING],13,13,0,0,0.000000,
SELL,H4,EMAOrder,NON-STOP,E100>E200>E20>E50,1238,1225,13,4,0.323102,0.326531
SELL,H4,EMAOrder,NON-STOP,E100>E200>E50>E20,1238,1225,13,24,1.938611,1.959184
SELL,H4,EMAOrder,NON-STOP,E100>E20>E200>E50,1238,1225,13,3,0.242326,0.244898
SELL,H4,EMAOrder,NON-STOP,E100>E20>E50>E200,1238,1225,13,7,0.565428,0.571429
SELL,H4,EMAOrder,NON-STOP,E100>E50>E200>E20,1238,1225,13,12,0.969305,0.979592
SELL,H4,EMAOrder,NON-STOP,E100>E50>E20>E200,1238,1225,13,50,4.038772,4.081633
SELL,H4,EMAOrder,NON-STOP,E200>E100>E20>E50,1238,1225,13,117,9.450727,9.551020
SELL,H4,EMAOrder,NON-STOP,E200>E100>E50>E20,1238,1225,13,320,25.848142,26.122449
SELL,H4,EMAOrder,NON-STOP,E200>E20>E100>E50,1238,1225,13,34,2.746365,2.775510
SELL,H4,EMAOrder,NON-STOP,E200>E20>E50>E100,1238,1225,13,9,0.726979,0.734694
SELL,H4,EMAOrder,NON-STOP,E200>E50>E100>E20,1238,1225,13,5,0.403877,0.408163
SELL,H4,EMAOrder,NON-STOP,E200>E50>E20>E100,1238,1225,13,4,0.323102,0.326531
SELL,H4,EMAOrder,NON-STOP,E20>E100>E200>E50,1238,1225,13,7,0.565428,0.571429
SELL,H4,EMAOrder,NON-STOP,E20>E100>E50>E200,1238,1225,13,3,0.242326,0.244898
SELL,H4,EMAOrder,NON-STOP,E20>E200>E100>E50,1238,1225,13,5,0.403877,0.408163
SELL,H4,EMAOrder,NON-STOP,E20>E200>E50>E100,1238,1225,13,21,1.696284,1.714286
SELL,H4,EMAOrder,NON-STOP,E20>E50>E100>E200,1238,1225,13,426,34.410339,34.775510
SELL,H4,EMAOrder,NON-STOP,E20>E50>E200>E100,1238,1225,13,20,1.615509,1.632653
SELL,H4,EMAOrder,NON-STOP,E50>E100>E200>E20,1238,1225,13,0,0.000000,0.000000
SELL,H4,EMAOrder,NON-STOP,E50>E100>E20>E200,1238,1225,13,22,1.777060,1.795918
SELL,H4,EMAOrder,NON-STOP,E50>E200>E100>E20,1238,1225,13,0,0.000000,0.000000
SELL,H4,EMAOrder,NON-STOP,E50>E200>E20>E100,1238,1225,13,0,0.000000,0.000000
SELL,H4,EMAOrder,NON-STOP,E50>E20>E100>E200,1238,1225,13,131,10.581583,10.693878
SELL,H4,EMAOrder,NON-STOP,E50>E20>E200>E100,1238,1225,13,1,0.080775,0.081633
SELL,H4,EMAOrder,NON-STOP,[MISSING],1238,1225,13,13,1.050081,
SELL,H4,EMAOrder,TARGET,E100>E200>E20>E50,1159,1146,13,4,0.345125,0.349040
SELL,H4,EMAOrder,TARGET,E100>E200>E50>E20,1159,1146,13,21,1.811907,1.832461
SELL,H4,EMAOrder,TARGET,E100>E20>E200>E50,1159,1146,13,3,0.258844,0.261780
SELL,H4,EMAOrder,TARGET,E100>E20>E50>E200,1159,1146,13,7,0.603969,0.610820
SELL,H4,EMAOrder,TARGET,E100>E50>E200>E20,1159,1146,13,11,0.949094,0.959860
SELL,H4,EMAOrder,TARGET,E100>E50>E20>E200,1159,1146,13,49,4.227783,4.275742
SELL,H4,EMAOrder,TARGET,E200>E100>E20>E50,1159,1146,13,108,9.318378,9.424084
SELL,H4,EMAOrder,TARGET,E200>E100>E50>E20,1159,1146,13,298,25.711821,26.003490
SELL,H4,EMAOrder,TARGET,E200>E20>E100>E50,1159,1146,13,30,2.588438,2.617801
SELL,H4,EMAOrder,TARGET,E200>E20>E50>E100,1159,1146,13,9,0.776531,0.785340
SELL,H4,EMAOrder,TARGET,E200>E50>E100>E20,1159,1146,13,5,0.431406,0.436300
SELL,H4,EMAOrder,TARGET,E200>E50>E20>E100,1159,1146,13,4,0.345125,0.349040
SELL,H4,EMAOrder,TARGET,E20>E100>E200>E50,1159,1146,13,6,0.517688,0.523560
SELL,H4,EMAOrder,TARGET,E20>E100>E50>E200,1159,1146,13,3,0.258844,0.261780
SELL,H4,EMAOrder,TARGET,E20>E200>E100>E50,1159,1146,13,5,0.431406,0.436300
SELL,H4,EMAOrder,TARGET,E20>E200>E50>E100,1159,1146,13,17,1.466782,1.483421
SELL,H4,EMAOrder,TARGET,E20>E50>E100>E200,1159,1146,13,401,34.598792,34.991274
SELL,H4,EMAOrder,TARGET,E20>E50>E200>E100,1159,1146,13,18,1.553063,1.570681
SELL,H4,EMAOrder,TARGET,E50>E100>E200>E20,1159,1146,13,0,0.000000,0.000000
SELL,H4,EMAOrder,TARGET,E50>E100>E20>E200,1159,1146,13,21,1.811907,1.832461
SELL,H4,EMAOrder,TARGET,E50>E200>E100>E20,1159,1146,13,0,0.000000,0.000000
SELL,H4,EMAOrder,TARGET,E50>E200>E20>E100,1159,1146,13,0,0.000000,0.000000
SELL,H4,EMAOrder,TARGET,E50>E20>E100>E200,1159,1146,13,125,10.785160,10.907504
SELL,H4,EMAOrder,TARGET,E50>E20>E200>E100,1159,1146,13,1,0.086281,0.087260
SELL,H4,EMAOrder,TARGET,[MISSING],1159,1146,13,13,1.121657,
SELL,H4,EMAOrder,BE,E100>E200>E20>E50,79,79,0,0,0.000000,0.000000
SELL,H4,EMAOrder,BE,E100>E200>E50>E20,79,79,0,3,3.797468,3.797468
SELL,H4,EMAOrder,BE,E100>E20>E200>E50,79,79,0,0,0.000000,0.000000
SELL,H4,EMAOrder,BE,E100>E20>E50>E200,79,79,0,0,0.000000,0.000000
SELL,H4,EMAOrder,BE,E100>E50>E200>E20,79,79,0,1,1.265823,1.265823
SELL,H4,EMAOrder,BE,E100>E50>E20>E200,79,79,0,1,1.265823,1.265823
SELL,H4,EMAOrder,BE,E200>E100>E20>E50,79,79,0,9,11.392405,11.392405
SELL,H4,EMAOrder,BE,E200>E100>E50>E20,79,79,0,22,27.848101,27.848101
SELL,H4,EMAOrder,BE,E200>E20>E100>E50,79,79,0,4,5.063291,5.063291
SELL,H4,EMAOrder,BE,E200>E20>E50>E100,79,79,0,0,0.000000,0.000000
SELL,H4,EMAOrder,BE,E200>E50>E100>E20,79,79,0,0,0.000000,0.000000
SELL,H4,EMAOrder,BE,E200>E50>E20>E100,79,79,0,0,0.000000,0.000000
SELL,H4,EMAOrder,BE,E20>E100>E200>E50,79,79,0,1,1.265823,1.265823
SELL,H4,EMAOrder,BE,E20>E100>E50>E200,79,79,0,0,0.000000,0.000000
SELL,H4,EMAOrder,BE,E20>E200>E100>E50,79,79,0,0,0.000000,0.000000
SELL,H4,EMAOrder,BE,E20>E200>E50>E100,79,79,0,4,5.063291,5.063291
SELL,H4,EMAOrder,BE,E20>E50>E100>E200,79,79,0,25,31.645570,31.645570
SELL,H4,EMAOrder,BE,E20>E50>E200>E100,79,79,0,2,2.531646,2.531646
SELL,H4,EMAOrder,BE,E50>E100>E200>E20,79,79,0,0,0.000000,0.000000
SELL,H4,EMAOrder,BE,E50>E100>E20>E200,79,79,0,1,1.265823,1.265823
SELL,H4,EMAOrder,BE,E50>E200>E100>E20,79,79,0,0,0.000000,0.000000
SELL,H4,EMAOrder,BE,E50>E200>E20>E100,79,79,0,0,0.000000,0.000000
SELL,H4,EMAOrder,BE,E50>E20>E100>E200,79,79,0,6,7.594937,7.594937
SELL,H4,EMAOrder,BE,E50>E20>E200>E100,79,79,0,0,0.000000,0.000000
SELL,H4,EMAOrder,BE,[MISSING],79,79,0,0,0.000000,
SELL,H4,EMAOrder,OTHER_NONSTOP,E100>E200>E20>E50,0,0,0,0,,
SELL,H4,EMAOrder,OTHER_NONSTOP,E100>E200>E50>E20,0,0,0,0,,
SELL,H4,EMAOrder,OTHER_NONSTOP,E100>E20>E200>E50,0,0,0,0,,
SELL,H4,EMAOrder,OTHER_NONSTOP,E100>E20>E50>E200,0,0,0,0,,
SELL,H4,EMAOrder,OTHER_NONSTOP,E100>E50>E200>E20,0,0,0,0,,
SELL,H4,EMAOrder,OTHER_NONSTOP,E100>E50>E20>E200,0,0,0,0,,
SELL,H4,EMAOrder,OTHER_NONSTOP,E200>E100>E20>E50,0,0,0,0,,
SELL,H4,EMAOrder,OTHER_NONSTOP,E200>E100>E50>E20,0,0,0,0,,
SELL,H4,EMAOrder,OTHER_NONSTOP,E200>E20>E100>E50,0,0,0,0,,
SELL,H4,EMAOrder,OTHER_NONSTOP,E200>E20>E50>E100,0,0,0,0,,
SELL,H4,EMAOrder,OTHER_NONSTOP,E200>E50>E100>E20,0,0,0,0,,
SELL,H4,EMAOrder,OTHER_NONSTOP,E200>E50>E20>E100,0,0,0,0,,
SELL,H4,EMAOrder,OTHER_NONSTOP,E20>E100>E200>E50,0,0,0,0,,
SELL,H4,EMAOrder,OTHER_NONSTOP,E20>E100>E50>E200,0,0,0,0,,
SELL,H4,EMAOrder,OTHER_NONSTOP,E20>E200>E100>E50,0,0,0,0,,
SELL,H4,EMAOrder,OTHER_NONSTOP,E20>E200>E50>E100,0,0,0,0,,
SELL,H4,EMAOrder,OTHER_NONSTOP,E20>E50>E100>E200,0,0,0,0,,
SELL,H4,EMAOrder,OTHER_NONSTOP,E20>E50>E200>E100,0,0,0,0,,
SELL,H4,EMAOrder,OTHER_NONSTOP,E50>E100>E200>E20,0,0,0,0,,
SELL,H4,EMAOrder,OTHER_NONSTOP,E50>E100>E20>E200,0,0,0,0,,
SELL,H4,EMAOrder,OTHER_NONSTOP,E50>E200>E100>E20,0,0,0,0,,
SELL,H4,EMAOrder,OTHER_NONSTOP,E50>E200>E20>E100,0,0,0,0,,
SELL,H4,EMAOrder,OTHER_NONSTOP,E50>E20>E100>E200,0,0,0,0,,
SELL,H4,EMAOrder,OTHER_NONSTOP,E50>E20>E200>E100,0,0,0,0,,
SELL,H4,EMAOrder,OTHER_NONSTOP,[MISSING],0,0,0,0,,
SELL,H4,TrendRegime,STOP,DOWN,13,13,0,5,38.461538,38.461538
SELL,H4,TrendRegime,STOP,RANGE,13,13,0,4,30.769231,30.769231
SELL,H4,TrendRegime,STOP,UP,13,13,0,4,30.769231,30.769231
SELL,H4,TrendRegime,STOP,[MISSING],13,13,0,0,0.000000,
SELL,H4,TrendRegime,NON-STOP,DOWN,1238,1225,13,320,25.848142,26.122449
SELL,H4,TrendRegime,NON-STOP,RANGE,1238,1225,13,479,38.691438,39.102041
SELL,H4,TrendRegime,NON-STOP,UP,1238,1225,13,426,34.410339,34.775510
SELL,H4,TrendRegime,NON-STOP,[MISSING],1238,1225,13,13,1.050081,
SELL,H4,TrendRegime,TARGET,DOWN,1159,1146,13,298,25.711821,26.003490
SELL,H4,TrendRegime,TARGET,RANGE,1159,1146,13,447,38.567731,39.005236
SELL,H4,TrendRegime,TARGET,UP,1159,1146,13,401,34.598792,34.991274
SELL,H4,TrendRegime,TARGET,[MISSING],1159,1146,13,13,1.121657,
SELL,H4,TrendRegime,BE,DOWN,79,79,0,22,27.848101,27.848101
SELL,H4,TrendRegime,BE,RANGE,79,79,0,32,40.506329,40.506329
SELL,H4,TrendRegime,BE,UP,79,79,0,25,31.645570,31.645570
SELL,H4,TrendRegime,BE,[MISSING],79,79,0,0,0.000000,
SELL,H4,TrendRegime,OTHER_NONSTOP,DOWN,0,0,0,0,,
SELL,H4,TrendRegime,OTHER_NONSTOP,RANGE,0,0,0,0,,
SELL,H4,TrendRegime,OTHER_NONSTOP,UP,0,0,0,0,,
SELL,H4,TrendRegime,OTHER_NONSTOP,[MISSING],0,0,0,0,,
SELL,H4,PriceAboveEMA200,STOP,0,13,13,0,9,69.230769,69.230769
SELL,H4,PriceAboveEMA200,STOP,1,13,13,0,4,30.769231,30.769231
SELL,H4,PriceAboveEMA200,STOP,[MISSING],13,13,0,0,0.000000,
SELL,H4,PriceAboveEMA200,NON-STOP,0,1238,1225,13,546,44.103393,44.571429
SELL,H4,PriceAboveEMA200,NON-STOP,1,1238,1225,13,679,54.846527,55.428571
SELL,H4,PriceAboveEMA200,NON-STOP,[MISSING],1238,1225,13,13,1.050081,
SELL,H4,PriceAboveEMA200,TARGET,0,1159,1146,13,509,43.917170,44.415358
SELL,H4,PriceAboveEMA200,TARGET,1,1159,1146,13,637,54.961173,55.584642
SELL,H4,PriceAboveEMA200,TARGET,[MISSING],1159,1146,13,13,1.121657,
SELL,H4,PriceAboveEMA200,BE,0,79,79,0,37,46.835443,46.835443
SELL,H4,PriceAboveEMA200,BE,1,79,79,0,42,53.164557,53.164557
SELL,H4,PriceAboveEMA200,BE,[MISSING],79,79,0,0,0.000000,
SELL,H4,PriceAboveEMA200,OTHER_NONSTOP,0,0,0,0,0,,
SELL,H4,PriceAboveEMA200,OTHER_NONSTOP,1,0,0,0,0,,
SELL,H4,PriceAboveEMA200,OTHER_NONSTOP,[MISSING],0,0,0,0,,
POOLED_SENSITIVITY,M1,DIStatus,STOP,+,88,88,0,56,63.636364,63.636364
POOLED_SENSITIVITY,M1,DIStatus,STOP,-,88,88,0,32,36.363636,36.363636
POOLED_SENSITIVITY,M1,DIStatus,STOP,[MISSING],88,88,0,0,0.000000,
POOLED_SENSITIVITY,M1,DIStatus,NON-STOP,+,4776,4776,0,2490,52.135678,52.135678
POOLED_SENSITIVITY,M1,DIStatus,NON-STOP,-,4776,4776,0,2286,47.864322,47.864322
POOLED_SENSITIVITY,M1,DIStatus,NON-STOP,[MISSING],4776,4776,0,0,0.000000,
POOLED_SENSITIVITY,M1,DIStatus,TARGET,+,4414,4414,0,2282,51.699139,51.699139
POOLED_SENSITIVITY,M1,DIStatus,TARGET,-,4414,4414,0,2132,48.300861,48.300861
POOLED_SENSITIVITY,M1,DIStatus,TARGET,[MISSING],4414,4414,0,0,0.000000,
POOLED_SENSITIVITY,M1,DIStatus,BE,+,361,361,0,207,57.340720,57.340720
POOLED_SENSITIVITY,M1,DIStatus,BE,-,361,361,0,154,42.659280,42.659280
POOLED_SENSITIVITY,M1,DIStatus,BE,[MISSING],361,361,0,0,0.000000,
POOLED_SENSITIVITY,M1,DIStatus,OTHER_NONSTOP,+,1,1,0,1,100.000000,100.000000
POOLED_SENSITIVITY,M1,DIStatus,OTHER_NONSTOP,-,1,1,0,0,0.000000,0.000000
POOLED_SENSITIVITY,M1,DIStatus,OTHER_NONSTOP,[MISSING],1,1,0,0,0.000000,
POOLED_SENSITIVITY,M1,EMAOrder,STOP,E100>E200>E20>E50,88,88,0,0,0.000000,0.000000
POOLED_SENSITIVITY,M1,EMAOrder,STOP,E100>E200>E50>E20,88,88,0,6,6.818182,6.818182
POOLED_SENSITIVITY,M1,EMAOrder,STOP,E100>E20>E50>E200,88,88,0,1,1.136364,1.136364
POOLED_SENSITIVITY,M1,EMAOrder,STOP,E100>E50>E200>E20,88,88,0,4,4.545455,4.545455
POOLED_SENSITIVITY,M1,EMAOrder,STOP,E100>E50>E20>E200,88,88,0,3,3.409091,3.409091
POOLED_SENSITIVITY,M1,EMAOrder,STOP,E200>E100>E20>E50,88,88,0,3,3.409091,3.409091
POOLED_SENSITIVITY,M1,EMAOrder,STOP,E200>E100>E50>E20,88,88,0,30,34.090909,34.090909
POOLED_SENSITIVITY,M1,EMAOrder,STOP,E200>E20>E100>E50,88,88,0,2,2.272727,2.272727
POOLED_SENSITIVITY,M1,EMAOrder,STOP,E200>E20>E50>E100,88,88,0,0,0.000000,0.000000
POOLED_SENSITIVITY,M1,EMAOrder,STOP,E200>E50>E100>E20,88,88,0,1,1.136364,1.136364
POOLED_SENSITIVITY,M1,EMAOrder,STOP,E200>E50>E20>E100,88,88,0,1,1.136364,1.136364
POOLED_SENSITIVITY,M1,EMAOrder,STOP,E20>E100>E200>E50,88,88,0,0,0.000000,0.000000
POOLED_SENSITIVITY,M1,EMAOrder,STOP,E20>E100>E50>E200,88,88,0,0,0.000000,0.000000
POOLED_SENSITIVITY,M1,EMAOrder,STOP,E20>E200>E100>E50,88,88,0,1,1.136364,1.136364
POOLED_SENSITIVITY,M1,EMAOrder,STOP,E20>E200>E50>E100,88,88,0,3,3.409091,3.409091
POOLED_SENSITIVITY,M1,EMAOrder,STOP,E20>E50>E100>E200,88,88,0,12,13.636364,13.636364
POOLED_SENSITIVITY,M1,EMAOrder,STOP,E20>E50>E200>E100,88,88,0,1,1.136364,1.136364
POOLED_SENSITIVITY,M1,EMAOrder,STOP,E50>E100>E200>E20,88,88,0,2,2.272727,2.272727
POOLED_SENSITIVITY,M1,EMAOrder,STOP,E50>E100>E20>E200,88,88,0,5,5.681818,5.681818
POOLED_SENSITIVITY,M1,EMAOrder,STOP,E50>E200>E100>E20,88,88,0,0,0.000000,0.000000
POOLED_SENSITIVITY,M1,EMAOrder,STOP,E50>E200>E20>E100,88,88,0,0,0.000000,0.000000
POOLED_SENSITIVITY,M1,EMAOrder,STOP,E50>E20>E100>E200,88,88,0,13,14.772727,14.772727
POOLED_SENSITIVITY,M1,EMAOrder,STOP,E50>E20>E200>E100,88,88,0,0,0.000000,0.000000
POOLED_SENSITIVITY,M1,EMAOrder,STOP,[MISSING],88,88,0,0,0.000000,
POOLED_SENSITIVITY,M1,EMAOrder,NON-STOP,E100>E200>E20>E50,4776,4776,0,6,0.125628,0.125628
POOLED_SENSITIVITY,M1,EMAOrder,NON-STOP,E100>E200>E50>E20,4776,4776,0,275,5.757956,5.757956
POOLED_SENSITIVITY,M1,EMAOrder,NON-STOP,E100>E20>E50>E200,4776,4776,0,7,0.146566,0.146566
POOLED_SENSITIVITY,M1,EMAOrder,NON-STOP,E100>E50>E200>E20,4776,4776,0,291,6.092965,6.092965
POOLED_SENSITIVITY,M1,EMAOrder,NON-STOP,E100>E50>E20>E200,4776,4776,0,127,2.659129,2.659129
POOLED_SENSITIVITY,M1,EMAOrder,NON-STOP,E200>E100>E20>E50,4776,4776,0,120,2.512563,2.512563
POOLED_SENSITIVITY,M1,EMAOrder,NON-STOP,E200>E100>E50>E20,4776,4776,0,1832,38.358459,38.358459
POOLED_SENSITIVITY,M1,EMAOrder,NON-STOP,E200>E20>E100>E50,4776,4776,0,77,1.612228,1.612228
POOLED_SENSITIVITY,M1,EMAOrder,NON-STOP,E200>E20>E50>E100,4776,4776,0,69,1.444724,1.444724
POOLED_SENSITIVITY,M1,EMAOrder,NON-STOP,E200>E50>E100>E20,4776,4776,0,27,0.565327,0.565327
POOLED_SENSITIVITY,M1,EMAOrder,NON-STOP,E200>E50>E20>E100,4776,4776,0,12,0.251256,0.251256
POOLED_SENSITIVITY,M1,EMAOrder,NON-STOP,E20>E100>E200>E50,4776,4776,0,1,0.020938,0.020938
POOLED_SENSITIVITY,M1,EMAOrder,NON-STOP,E20>E100>E50>E200,4776,4776,0,18,0.376884,0.376884
POOLED_SENSITIVITY,M1,EMAOrder,NON-STOP,E20>E200>E100>E50,4776,4776,0,18,0.376884,0.376884
POOLED_SENSITIVITY,M1,EMAOrder,NON-STOP,E20>E200>E50>E100,4776,4776,0,110,2.303183,2.303183
POOLED_SENSITIVITY,M1,EMAOrder,NON-STOP,E20>E50>E100>E200,4776,4776,0,1023,21.419598,21.419598
POOLED_SENSITIVITY,M1,EMAOrder,NON-STOP,E20>E50>E200>E100,4776,4776,0,117,2.449749,2.449749
POOLED_SENSITIVITY,M1,EMAOrder,NON-STOP,E50>E100>E200>E20,4776,4776,0,63,1.319095,1.319095
POOLED_SENSITIVITY,M1,EMAOrder,NON-STOP,E50>E100>E20>E200,4776,4776,0,252,5.276382,5.276382
POOLED_SENSITIVITY,M1,EMAOrder,NON-STOP,E50>E200>E100>E20,4776,4776,0,10,0.209380,0.209380
POOLED_SENSITIVITY,M1,EMAOrder,NON-STOP,E50>E200>E20>E100,4776,4776,0,3,0.062814,0.062814
POOLED_SENSITIVITY,M1,EMAOrder,NON-STOP,E50>E20>E100>E200,4776,4776,0,309,6.469849,6.469849
POOLED_SENSITIVITY,M1,EMAOrder,NON-STOP,E50>E20>E200>E100,4776,4776,0,9,0.188442,0.188442
POOLED_SENSITIVITY,M1,EMAOrder,NON-STOP,[MISSING],4776,4776,0,0,0.000000,
POOLED_SENSITIVITY,M1,EMAOrder,TARGET,E100>E200>E20>E50,4414,4414,0,4,0.090621,0.090621
POOLED_SENSITIVITY,M1,EMAOrder,TARGET,E100>E200>E50>E20,4414,4414,0,256,5.799728,5.799728
POOLED_SENSITIVITY,M1,EMAOrder,TARGET,E100>E20>E50>E200,4414,4414,0,6,0.135931,0.135931
POOLED_SENSITIVITY,M1,EMAOrder,TARGET,E100>E50>E200>E20,4414,4414,0,268,6.071590,6.071590
POOLED_SENSITIVITY,M1,EMAOrder,TARGET,E100>E50>E20>E200,4414,4414,0,114,2.582691,2.582691
POOLED_SENSITIVITY,M1,EMAOrder,TARGET,E200>E100>E20>E50,4414,4414,0,109,2.469415,2.469415
POOLED_SENSITIVITY,M1,EMAOrder,TARGET,E200>E100>E50>E20,4414,4414,0,1683,38.128681,38.128681
POOLED_SENSITIVITY,M1,EMAOrder,TARGET,E200>E20>E100>E50,4414,4414,0,74,1.676484,1.676484
POOLED_SENSITIVITY,M1,EMAOrder,TARGET,E200>E20>E50>E100,4414,4414,0,68,1.540553,1.540553
POOLED_SENSITIVITY,M1,EMAOrder,TARGET,E200>E50>E100>E20,4414,4414,0,24,0.543725,0.543725
POOLED_SENSITIVITY,M1,EMAOrder,TARGET,E200>E50>E20>E100,4414,4414,0,12,0.271862,0.271862
POOLED_SENSITIVITY,M1,EMAOrder,TARGET,E20>E100>E200>E50,4414,4414,0,1,0.022655,0.022655
POOLED_SENSITIVITY,M1,EMAOrder,TARGET,E20>E100>E50>E200,4414,4414,0,17,0.385138,0.385138
POOLED_SENSITIVITY,M1,EMAOrder,TARGET,E20>E200>E100>E50,4414,4414,0,17,0.385138,0.385138
POOLED_SENSITIVITY,M1,EMAOrder,TARGET,E20>E200>E50>E100,4414,4414,0,99,2.242864,2.242864
POOLED_SENSITIVITY,M1,EMAOrder,TARGET,E20>E50>E100>E200,4414,4414,0,950,21.522429,21.522429
POOLED_SENSITIVITY,M1,EMAOrder,TARGET,E20>E50>E200>E100,4414,4414,0,112,2.537381,2.537381
POOLED_SENSITIVITY,M1,EMAOrder,TARGET,E50>E100>E200>E20,4414,4414,0,58,1.314001,1.314001
POOLED_SENSITIVITY,M1,EMAOrder,TARGET,E50>E100>E20>E200,4414,4414,0,234,5.301314,5.301314
POOLED_SENSITIVITY,M1,EMAOrder,TARGET,E50>E200>E100>E20,4414,4414,0,8,0.181242,0.181242
POOLED_SENSITIVITY,M1,EMAOrder,TARGET,E50>E200>E20>E100,4414,4414,0,3,0.067966,0.067966
POOLED_SENSITIVITY,M1,EMAOrder,TARGET,E50>E20>E100>E200,4414,4414,0,290,6.570005,6.570005
POOLED_SENSITIVITY,M1,EMAOrder,TARGET,E50>E20>E200>E100,4414,4414,0,7,0.158586,0.158586
POOLED_SENSITIVITY,M1,EMAOrder,TARGET,[MISSING],4414,4414,0,0,0.000000,
POOLED_SENSITIVITY,M1,EMAOrder,BE,E100>E200>E20>E50,361,361,0,2,0.554017,0.554017
POOLED_SENSITIVITY,M1,EMAOrder,BE,E100>E200>E50>E20,361,361,0,19,5.263158,5.263158
POOLED_SENSITIVITY,M1,EMAOrder,BE,E100>E20>E50>E200,361,361,0,1,0.277008,0.277008
POOLED_SENSITIVITY,M1,EMAOrder,BE,E100>E50>E200>E20,361,361,0,23,6.371191,6.371191
POOLED_SENSITIVITY,M1,EMAOrder,BE,E100>E50>E20>E200,361,361,0,13,3.601108,3.601108
POOLED_SENSITIVITY,M1,EMAOrder,BE,E200>E100>E20>E50,361,361,0,11,3.047091,3.047091
POOLED_SENSITIVITY,M1,EMAOrder,BE,E200>E100>E50>E20,361,361,0,149,41.274238,41.274238
POOLED_SENSITIVITY,M1,EMAOrder,BE,E200>E20>E100>E50,361,361,0,3,0.831025,0.831025
POOLED_SENSITIVITY,M1,EMAOrder,BE,E200>E20>E50>E100,361,361,0,1,0.277008,0.277008
POOLED_SENSITIVITY,M1,EMAOrder,BE,E200>E50>E100>E20,361,361,0,3,0.831025,0.831025
POOLED_SENSITIVITY,M1,EMAOrder,BE,E200>E50>E20>E100,361,361,0,0,0.000000,0.000000
POOLED_SENSITIVITY,M1,EMAOrder,BE,E20>E100>E200>E50,361,361,0,0,0.000000,0.000000
POOLED_SENSITIVITY,M1,EMAOrder,BE,E20>E100>E50>E200,361,361,0,1,0.277008,0.277008
POOLED_SENSITIVITY,M1,EMAOrder,BE,E20>E200>E100>E50,361,361,0,1,0.277008,0.277008
POOLED_SENSITIVITY,M1,EMAOrder,BE,E20>E200>E50>E100,361,361,0,11,3.047091,3.047091
POOLED_SENSITIVITY,M1,EMAOrder,BE,E20>E50>E100>E200,361,361,0,73,20.221607,20.221607
POOLED_SENSITIVITY,M1,EMAOrder,BE,E20>E50>E200>E100,361,361,0,5,1.385042,1.385042
POOLED_SENSITIVITY,M1,EMAOrder,BE,E50>E100>E200>E20,361,361,0,5,1.385042,1.385042
POOLED_SENSITIVITY,M1,EMAOrder,BE,E50>E100>E20>E200,361,361,0,18,4.986150,4.986150
POOLED_SENSITIVITY,M1,EMAOrder,BE,E50>E200>E100>E20,361,361,0,1,0.277008,0.277008
POOLED_SENSITIVITY,M1,EMAOrder,BE,E50>E200>E20>E100,361,361,0,0,0.000000,0.000000
POOLED_SENSITIVITY,M1,EMAOrder,BE,E50>E20>E100>E200,361,361,0,19,5.263158,5.263158
POOLED_SENSITIVITY,M1,EMAOrder,BE,E50>E20>E200>E100,361,361,0,2,0.554017,0.554017
POOLED_SENSITIVITY,M1,EMAOrder,BE,[MISSING],361,361,0,0,0.000000,
POOLED_SENSITIVITY,M1,EMAOrder,OTHER_NONSTOP,E100>E200>E20>E50,1,1,0,0,0.000000,0.000000
POOLED_SENSITIVITY,M1,EMAOrder,OTHER_NONSTOP,E100>E200>E50>E20,1,1,0,0,0.000000,0.000000
POOLED_SENSITIVITY,M1,EMAOrder,OTHER_NONSTOP,E100>E20>E50>E200,1,1,0,0,0.000000,0.000000
POOLED_SENSITIVITY,M1,EMAOrder,OTHER_NONSTOP,E100>E50>E200>E20,1,1,0,0,0.000000,0.000000
POOLED_SENSITIVITY,M1,EMAOrder,OTHER_NONSTOP,E100>E50>E20>E200,1,1,0,0,0.000000,0.000000
POOLED_SENSITIVITY,M1,EMAOrder,OTHER_NONSTOP,E200>E100>E20>E50,1,1,0,0,0.000000,0.000000
POOLED_SENSITIVITY,M1,EMAOrder,OTHER_NONSTOP,E200>E100>E50>E20,1,1,0,0,0.000000,0.000000
POOLED_SENSITIVITY,M1,EMAOrder,OTHER_NONSTOP,E200>E20>E100>E50,1,1,0,0,0.000000,0.000000
POOLED_SENSITIVITY,M1,EMAOrder,OTHER_NONSTOP,E200>E20>E50>E100,1,1,0,0,0.000000,0.000000
POOLED_SENSITIVITY,M1,EMAOrder,OTHER_NONSTOP,E200>E50>E100>E20,1,1,0,0,0.000000,0.000000
POOLED_SENSITIVITY,M1,EMAOrder,OTHER_NONSTOP,E200>E50>E20>E100,1,1,0,0,0.000000,0.000000
POOLED_SENSITIVITY,M1,EMAOrder,OTHER_NONSTOP,E20>E100>E200>E50,1,1,0,0,0.000000,0.000000
POOLED_SENSITIVITY,M1,EMAOrder,OTHER_NONSTOP,E20>E100>E50>E200,1,1,0,0,0.000000,0.000000
POOLED_SENSITIVITY,M1,EMAOrder,OTHER_NONSTOP,E20>E200>E100>E50,1,1,0,0,0.000000,0.000000
POOLED_SENSITIVITY,M1,EMAOrder,OTHER_NONSTOP,E20>E200>E50>E100,1,1,0,0,0.000000,0.000000
POOLED_SENSITIVITY,M1,EMAOrder,OTHER_NONSTOP,E20>E50>E100>E200,1,1,0,0,0.000000,0.000000
POOLED_SENSITIVITY,M1,EMAOrder,OTHER_NONSTOP,E20>E50>E200>E100,1,1,0,0,0.000000,0.000000
POOLED_SENSITIVITY,M1,EMAOrder,OTHER_NONSTOP,E50>E100>E200>E20,1,1,0,0,0.000000,0.000000
POOLED_SENSITIVITY,M1,EMAOrder,OTHER_NONSTOP,E50>E100>E20>E200,1,1,0,0,0.000000,0.000000
POOLED_SENSITIVITY,M1,EMAOrder,OTHER_NONSTOP,E50>E200>E100>E20,1,1,0,1,100.000000,100.000000
POOLED_SENSITIVITY,M1,EMAOrder,OTHER_NONSTOP,E50>E200>E20>E100,1,1,0,0,0.000000,0.000000
POOLED_SENSITIVITY,M1,EMAOrder,OTHER_NONSTOP,E50>E20>E100>E200,1,1,0,0,0.000000,0.000000
POOLED_SENSITIVITY,M1,EMAOrder,OTHER_NONSTOP,E50>E20>E200>E100,1,1,0,0,0.000000,0.000000
POOLED_SENSITIVITY,M1,EMAOrder,OTHER_NONSTOP,[MISSING],1,1,0,0,0.000000,
POOLED_SENSITIVITY,M1,TrendRegime,STOP,DOWN,88,88,0,30,34.090909,34.090909
POOLED_SENSITIVITY,M1,TrendRegime,STOP,RANGE,88,88,0,46,52.272727,52.272727
POOLED_SENSITIVITY,M1,TrendRegime,STOP,UP,88,88,0,12,13.636364,13.636364
POOLED_SENSITIVITY,M1,TrendRegime,STOP,[MISSING],88,88,0,0,0.000000,
POOLED_SENSITIVITY,M1,TrendRegime,NON-STOP,DOWN,4776,4776,0,1832,38.358459,38.358459
POOLED_SENSITIVITY,M1,TrendRegime,NON-STOP,RANGE,4776,4776,0,1921,40.221943,40.221943
POOLED_SENSITIVITY,M1,TrendRegime,NON-STOP,UP,4776,4776,0,1023,21.419598,21.419598
POOLED_SENSITIVITY,M1,TrendRegime,NON-STOP,[MISSING],4776,4776,0,0,0.000000,
POOLED_SENSITIVITY,M1,TrendRegime,TARGET,DOWN,4414,4414,0,1683,38.128681,38.128681
POOLED_SENSITIVITY,M1,TrendRegime,TARGET,RANGE,4414,4414,0,1781,40.348890,40.348890
POOLED_SENSITIVITY,M1,TrendRegime,TARGET,UP,4414,4414,0,950,21.522429,21.522429
POOLED_SENSITIVITY,M1,TrendRegime,TARGET,[MISSING],4414,4414,0,0,0.000000,
POOLED_SENSITIVITY,M1,TrendRegime,BE,DOWN,361,361,0,149,41.274238,41.274238
POOLED_SENSITIVITY,M1,TrendRegime,BE,RANGE,361,361,0,139,38.504155,38.504155
POOLED_SENSITIVITY,M1,TrendRegime,BE,UP,361,361,0,73,20.221607,20.221607
POOLED_SENSITIVITY,M1,TrendRegime,BE,[MISSING],361,361,0,0,0.000000,
POOLED_SENSITIVITY,M1,TrendRegime,OTHER_NONSTOP,DOWN,1,1,0,0,0.000000,0.000000
POOLED_SENSITIVITY,M1,TrendRegime,OTHER_NONSTOP,RANGE,1,1,0,1,100.000000,100.000000
POOLED_SENSITIVITY,M1,TrendRegime,OTHER_NONSTOP,UP,1,1,0,0,0.000000,0.000000
POOLED_SENSITIVITY,M1,TrendRegime,OTHER_NONSTOP,[MISSING],1,1,0,0,0.000000,
POOLED_SENSITIVITY,M1,PriceAboveEMA200,STOP,0,88,88,0,46,52.272727,52.272727
POOLED_SENSITIVITY,M1,PriceAboveEMA200,STOP,1,88,88,0,42,47.727273,47.727273
POOLED_SENSITIVITY,M1,PriceAboveEMA200,STOP,[MISSING],88,88,0,0,0.000000,
POOLED_SENSITIVITY,M1,PriceAboveEMA200,NON-STOP,0,4776,4776,0,2719,56.930486,56.930486
POOLED_SENSITIVITY,M1,PriceAboveEMA200,NON-STOP,1,4776,4776,0,2057,43.069514,43.069514
POOLED_SENSITIVITY,M1,PriceAboveEMA200,NON-STOP,[MISSING],4776,4776,0,0,0.000000,
POOLED_SENSITIVITY,M1,PriceAboveEMA200,TARGET,0,4414,4414,0,2500,56.637970,56.637970
POOLED_SENSITIVITY,M1,PriceAboveEMA200,TARGET,1,4414,4414,0,1914,43.362030,43.362030
POOLED_SENSITIVITY,M1,PriceAboveEMA200,TARGET,[MISSING],4414,4414,0,0,0.000000,
POOLED_SENSITIVITY,M1,PriceAboveEMA200,BE,0,361,361,0,219,60.664820,60.664820
POOLED_SENSITIVITY,M1,PriceAboveEMA200,BE,1,361,361,0,142,39.335180,39.335180
POOLED_SENSITIVITY,M1,PriceAboveEMA200,BE,[MISSING],361,361,0,0,0.000000,
POOLED_SENSITIVITY,M1,PriceAboveEMA200,OTHER_NONSTOP,0,1,1,0,0,0.000000,0.000000
POOLED_SENSITIVITY,M1,PriceAboveEMA200,OTHER_NONSTOP,1,1,1,0,1,100.000000,100.000000
POOLED_SENSITIVITY,M1,PriceAboveEMA200,OTHER_NONSTOP,[MISSING],1,1,0,0,0.000000,
POOLED_SENSITIVITY,M5,DIStatus,STOP,+,88,88,0,21,23.863636,23.863636
POOLED_SENSITIVITY,M5,DIStatus,STOP,-,88,88,0,67,76.136364,76.136364
POOLED_SENSITIVITY,M5,DIStatus,STOP,[MISSING],88,88,0,0,0.000000,
POOLED_SENSITIVITY,M5,DIStatus,NON-STOP,+,4776,4776,0,1506,31.532663,31.532663
POOLED_SENSITIVITY,M5,DIStatus,NON-STOP,-,4776,4776,0,3270,68.467337,68.467337
POOLED_SENSITIVITY,M5,DIStatus,NON-STOP,[MISSING],4776,4776,0,0,0.000000,
POOLED_SENSITIVITY,M5,DIStatus,TARGET,+,4414,4414,0,1399,31.694608,31.694608
POOLED_SENSITIVITY,M5,DIStatus,TARGET,-,4414,4414,0,3015,68.305392,68.305392
POOLED_SENSITIVITY,M5,DIStatus,TARGET,[MISSING],4414,4414,0,0,0.000000,
POOLED_SENSITIVITY,M5,DIStatus,BE,+,361,361,0,106,29.362881,29.362881
POOLED_SENSITIVITY,M5,DIStatus,BE,-,361,361,0,255,70.637119,70.637119
POOLED_SENSITIVITY,M5,DIStatus,BE,[MISSING],361,361,0,0,0.000000,
POOLED_SENSITIVITY,M5,DIStatus,OTHER_NONSTOP,+,1,1,0,1,100.000000,100.000000
POOLED_SENSITIVITY,M5,DIStatus,OTHER_NONSTOP,-,1,1,0,0,0.000000,0.000000
POOLED_SENSITIVITY,M5,DIStatus,OTHER_NONSTOP,[MISSING],1,1,0,0,0.000000,
POOLED_SENSITIVITY,M5,EMAOrder,STOP,E100>E200>E20>E50,88,88,0,0,0.000000,0.000000
POOLED_SENSITIVITY,M5,EMAOrder,STOP,E100>E200>E50>E20,88,88,0,4,4.545455,4.545455
POOLED_SENSITIVITY,M5,EMAOrder,STOP,E100>E20>E50>E200,88,88,0,0,0.000000,0.000000
POOLED_SENSITIVITY,M5,EMAOrder,STOP,E100>E50>E200>E20,88,88,0,6,6.818182,6.818182
POOLED_SENSITIVITY,M5,EMAOrder,STOP,E100>E50>E20>E200,88,88,0,1,1.136364,1.136364
POOLED_SENSITIVITY,M5,EMAOrder,STOP,E200>E100>E20>E50,88,88,0,8,9.090909,9.090909
POOLED_SENSITIVITY,M5,EMAOrder,STOP,E200>E100>E50>E20,88,88,0,23,26.136364,26.136364
POOLED_SENSITIVITY,M5,EMAOrder,STOP,E200>E20>E100>E50,88,88,0,3,3.409091,3.409091
POOLED_SENSITIVITY,M5,EMAOrder,STOP,E200>E20>E50>E100,88,88,0,1,1.136364,1.136364
POOLED_SENSITIVITY,M5,EMAOrder,STOP,E200>E50>E100>E20,88,88,0,0,0.000000,0.000000
POOLED_SENSITIVITY,M5,EMAOrder,STOP,E200>E50>E20>E100,88,88,0,0,0.000000,0.000000
POOLED_SENSITIVITY,M5,EMAOrder,STOP,E20>E100>E200>E50,88,88,0,0,0.000000,0.000000
POOLED_SENSITIVITY,M5,EMAOrder,STOP,E20>E100>E50>E200,88,88,0,0,0.000000,0.000000
POOLED_SENSITIVITY,M5,EMAOrder,STOP,E20>E200>E100>E50,88,88,0,1,1.136364,1.136364
POOLED_SENSITIVITY,M5,EMAOrder,STOP,E20>E200>E50>E100,88,88,0,2,2.272727,2.272727
POOLED_SENSITIVITY,M5,EMAOrder,STOP,E20>E50>E100>E200,88,88,0,28,31.818182,31.818182
POOLED_SENSITIVITY,M5,EMAOrder,STOP,E20>E50>E200>E100,88,88,0,1,1.136364,1.136364
POOLED_SENSITIVITY,M5,EMAOrder,STOP,E50>E100>E200>E20,88,88,0,0,0.000000,0.000000
POOLED_SENSITIVITY,M5,EMAOrder,STOP,E50>E100>E20>E200,88,88,0,1,1.136364,1.136364
POOLED_SENSITIVITY,M5,EMAOrder,STOP,E50>E200>E100>E20,88,88,0,0,0.000000,0.000000
POOLED_SENSITIVITY,M5,EMAOrder,STOP,E50>E200>E20>E100,88,88,0,0,0.000000,0.000000
POOLED_SENSITIVITY,M5,EMAOrder,STOP,E50>E20>E100>E200,88,88,0,9,10.227273,10.227273
POOLED_SENSITIVITY,M5,EMAOrder,STOP,E50>E20>E200>E100,88,88,0,0,0.000000,0.000000
POOLED_SENSITIVITY,M5,EMAOrder,STOP,[MISSING],88,88,0,0,0.000000,
POOLED_SENSITIVITY,M5,EMAOrder,NON-STOP,E100>E200>E20>E50,4776,4776,0,8,0.167504,0.167504
POOLED_SENSITIVITY,M5,EMAOrder,NON-STOP,E100>E200>E50>E20,4776,4776,0,162,3.391960,3.391960
POOLED_SENSITIVITY,M5,EMAOrder,NON-STOP,E100>E20>E50>E200,4776,4776,0,15,0.314070,0.314070
POOLED_SENSITIVITY,M5,EMAOrder,NON-STOP,E100>E50>E200>E20,4776,4776,0,146,3.056951,3.056951
POOLED_SENSITIVITY,M5,EMAOrder,NON-STOP,E100>E50>E20>E200,4776,4776,0,127,2.659129,2.659129
POOLED_SENSITIVITY,M5,EMAOrder,NON-STOP,E200>E100>E20>E50,4776,4776,0,251,5.255444,5.255444
POOLED_SENSITIVITY,M5,EMAOrder,NON-STOP,E200>E100>E50>E20,4776,4776,0,1303,27.282245,27.282245
POOLED_SENSITIVITY,M5,EMAOrder,NON-STOP,E200>E20>E100>E50,4776,4776,0,124,2.596315,2.596315
POOLED_SENSITIVITY,M5,EMAOrder,NON-STOP,E200>E20>E50>E100,4776,4776,0,95,1.989112,1.989112
POOLED_SENSITIVITY,M5,EMAOrder,NON-STOP,E200>E50>E100>E20,4776,4776,0,25,0.523451,0.523451
POOLED_SENSITIVITY,M5,EMAOrder,NON-STOP,E200>E50>E20>E100,4776,4776,0,15,0.314070,0.314070
POOLED_SENSITIVITY,M5,EMAOrder,NON-STOP,E20>E100>E200>E50,4776,4776,0,2,0.041876,0.041876
POOLED_SENSITIVITY,M5,EMAOrder,NON-STOP,E20>E100>E50>E200,4776,4776,0,29,0.607203,0.607203
POOLED_SENSITIVITY,M5,EMAOrder,NON-STOP,E20>E200>E100>E50,4776,4776,0,15,0.314070,0.314070
POOLED_SENSITIVITY,M5,EMAOrder,NON-STOP,E20>E200>E50>E100,4776,4776,0,106,2.219430,2.219430
POOLED_SENSITIVITY,M5,EMAOrder,NON-STOP,E20>E50>E100>E200,4776,4776,0,1619,33.898660,33.898660
POOLED_SENSITIVITY,M5,EMAOrder,NON-STOP,E20>E50>E200>E100,4776,4776,0,162,3.391960,3.391960
POOLED_SENSITIVITY,M5,EMAOrder,NON-STOP,E50>E100>E200>E20,4776,4776,0,26,0.544389,0.544389
POOLED_SENSITIVITY,M5,EMAOrder,NON-STOP,E50>E100>E20>E200,4776,4776,0,197,4.124791,4.124791
POOLED_SENSITIVITY,M5,EMAOrder,NON-STOP,E50>E200>E100>E20,4776,4776,0,5,0.104690,0.104690
POOLED_SENSITIVITY,M5,EMAOrder,NON-STOP,E50>E200>E20>E100,4776,4776,0,1,0.020938,0.020938
POOLED_SENSITIVITY,M5,EMAOrder,NON-STOP,E50>E20>E100>E200,4776,4776,0,330,6.909548,6.909548
POOLED_SENSITIVITY,M5,EMAOrder,NON-STOP,E50>E20>E200>E100,4776,4776,0,13,0.272194,0.272194
POOLED_SENSITIVITY,M5,EMAOrder,NON-STOP,[MISSING],4776,4776,0,0,0.000000,
POOLED_SENSITIVITY,M5,EMAOrder,TARGET,E100>E200>E20>E50,4414,4414,0,8,0.181242,0.181242
POOLED_SENSITIVITY,M5,EMAOrder,TARGET,E100>E200>E50>E20,4414,4414,0,153,3.466244,3.466244
POOLED_SENSITIVITY,M5,EMAOrder,TARGET,E100>E20>E50>E200,4414,4414,0,15,0.339828,0.339828
POOLED_SENSITIVITY,M5,EMAOrder,TARGET,E100>E50>E200>E20,4414,4414,0,133,3.013140,3.013140
POOLED_SENSITIVITY,M5,EMAOrder,TARGET,E100>E50>E20>E200,4414,4414,0,119,2.695967,2.695967
POOLED_SENSITIVITY,M5,EMAOrder,TARGET,E200>E100>E20>E50,4414,4414,0,226,5.120072,5.120072
POOLED_SENSITIVITY,M5,EMAOrder,TARGET,E200>E100>E50>E20,4414,4414,0,1190,26.959674,26.959674
POOLED_SENSITIVITY,M5,EMAOrder,TARGET,E200>E20>E100>E50,4414,4414,0,118,2.673312,2.673312
POOLED_SENSITIVITY,M5,EMAOrder,TARGET,E200>E20>E50>E100,4414,4414,0,86,1.948346,1.948346
POOLED_SENSITIVITY,M5,EMAOrder,TARGET,E200>E50>E100>E20,4414,4414,0,24,0.543725,0.543725
POOLED_SENSITIVITY,M5,EMAOrder,TARGET,E200>E50>E20>E100,4414,4414,0,14,0.317173,0.317173
POOLED_SENSITIVITY,M5,EMAOrder,TARGET,E20>E100>E200>E50,4414,4414,0,2,0.045310,0.045310
POOLED_SENSITIVITY,M5,EMAOrder,TARGET,E20>E100>E50>E200,4414,4414,0,26,0.589035,0.589035
POOLED_SENSITIVITY,M5,EMAOrder,TARGET,E20>E200>E100>E50,4414,4414,0,13,0.294517,0.294517
POOLED_SENSITIVITY,M5,EMAOrder,TARGET,E20>E200>E50>E100,4414,4414,0,96,2.174898,2.174898
POOLED_SENSITIVITY,M5,EMAOrder,TARGET,E20>E50>E100>E200,4414,4414,0,1508,34.164024,34.164024
POOLED_SENSITIVITY,M5,EMAOrder,TARGET,E20>E50>E200>E100,4414,4414,0,149,3.375623,3.375623
POOLED_SENSITIVITY,M5,EMAOrder,TARGET,E50>E100>E200>E20,4414,4414,0,26,0.589035,0.589035
POOLED_SENSITIVITY,M5,EMAOrder,TARGET,E50>E100>E20>E200,4414,4414,0,184,4.168555,4.168555
POOLED_SENSITIVITY,M5,EMAOrder,TARGET,E50>E200>E100>E20,4414,4414,0,5,0.113276,0.113276
POOLED_SENSITIVITY,M5,EMAOrder,TARGET,E50>E200>E20>E100,4414,4414,0,1,0.022655,0.022655
POOLED_SENSITIVITY,M5,EMAOrder,TARGET,E50>E20>E100>E200,4414,4414,0,305,6.909832,6.909832
POOLED_SENSITIVITY,M5,EMAOrder,TARGET,E50>E20>E200>E100,4414,4414,0,13,0.294517,0.294517
POOLED_SENSITIVITY,M5,EMAOrder,TARGET,[MISSING],4414,4414,0,0,0.000000,
POOLED_SENSITIVITY,M5,EMAOrder,BE,E100>E200>E20>E50,361,361,0,0,0.000000,0.000000
POOLED_SENSITIVITY,M5,EMAOrder,BE,E100>E200>E50>E20,361,361,0,9,2.493075,2.493075
POOLED_SENSITIVITY,M5,EMAOrder,BE,E100>E20>E50>E200,361,361,0,0,0.000000,0.000000
POOLED_SENSITIVITY,M5,EMAOrder,BE,E100>E50>E200>E20,361,361,0,13,3.601108,3.601108
POOLED_SENSITIVITY,M5,EMAOrder,BE,E100>E50>E20>E200,361,361,0,8,2.216066,2.216066
POOLED_SENSITIVITY,M5,EMAOrder,BE,E200>E100>E20>E50,361,361,0,25,6.925208,6.925208
POOLED_SENSITIVITY,M5,EMAOrder,BE,E200>E100>E50>E20,361,361,0,112,31.024931,31.024931
POOLED_SENSITIVITY,M5,EMAOrder,BE,E200>E20>E100>E50,361,361,0,6,1.662050,1.662050
POOLED_SENSITIVITY,M5,EMAOrder,BE,E200>E20>E50>E100,361,361,0,9,2.493075,2.493075
POOLED_SENSITIVITY,M5,EMAOrder,BE,E200>E50>E100>E20,361,361,0,1,0.277008,0.277008
POOLED_SENSITIVITY,M5,EMAOrder,BE,E200>E50>E20>E100,361,361,0,1,0.277008,0.277008
POOLED_SENSITIVITY,M5,EMAOrder,BE,E20>E100>E200>E50,361,361,0,0,0.000000,0.000000
POOLED_SENSITIVITY,M5,EMAOrder,BE,E20>E100>E50>E200,361,361,0,3,0.831025,0.831025
POOLED_SENSITIVITY,M5,EMAOrder,BE,E20>E200>E100>E50,361,361,0,2,0.554017,0.554017
POOLED_SENSITIVITY,M5,EMAOrder,BE,E20>E200>E50>E100,361,361,0,10,2.770083,2.770083
POOLED_SENSITIVITY,M5,EMAOrder,BE,E20>E50>E100>E200,361,361,0,111,30.747922,30.747922
POOLED_SENSITIVITY,M5,EMAOrder,BE,E20>E50>E200>E100,361,361,0,13,3.601108,3.601108
POOLED_SENSITIVITY,M5,EMAOrder,BE,E50>E100>E200>E20,361,361,0,0,0.000000,0.000000
POOLED_SENSITIVITY,M5,EMAOrder,BE,E50>E100>E20>E200,361,361,0,13,3.601108,3.601108
POOLED_SENSITIVITY,M5,EMAOrder,BE,E50>E200>E100>E20,361,361,0,0,0.000000,0.000000
POOLED_SENSITIVITY,M5,EMAOrder,BE,E50>E200>E20>E100,361,361,0,0,0.000000,0.000000
POOLED_SENSITIVITY,M5,EMAOrder,BE,E50>E20>E100>E200,361,361,0,25,6.925208,6.925208
POOLED_SENSITIVITY,M5,EMAOrder,BE,E50>E20>E200>E100,361,361,0,0,0.000000,0.000000
POOLED_SENSITIVITY,M5,EMAOrder,BE,[MISSING],361,361,0,0,0.000000,
POOLED_SENSITIVITY,M5,EMAOrder,OTHER_NONSTOP,E100>E200>E20>E50,1,1,0,0,0.000000,0.000000
POOLED_SENSITIVITY,M5,EMAOrder,OTHER_NONSTOP,E100>E200>E50>E20,1,1,0,0,0.000000,0.000000
POOLED_SENSITIVITY,M5,EMAOrder,OTHER_NONSTOP,E100>E20>E50>E200,1,1,0,0,0.000000,0.000000
POOLED_SENSITIVITY,M5,EMAOrder,OTHER_NONSTOP,E100>E50>E200>E20,1,1,0,0,0.000000,0.000000
POOLED_SENSITIVITY,M5,EMAOrder,OTHER_NONSTOP,E100>E50>E20>E200,1,1,0,0,0.000000,0.000000
POOLED_SENSITIVITY,M5,EMAOrder,OTHER_NONSTOP,E200>E100>E20>E50,1,1,0,0,0.000000,0.000000
POOLED_SENSITIVITY,M5,EMAOrder,OTHER_NONSTOP,E200>E100>E50>E20,1,1,0,1,100.000000,100.000000
POOLED_SENSITIVITY,M5,EMAOrder,OTHER_NONSTOP,E200>E20>E100>E50,1,1,0,0,0.000000,0.000000
POOLED_SENSITIVITY,M5,EMAOrder,OTHER_NONSTOP,E200>E20>E50>E100,1,1,0,0,0.000000,0.000000
POOLED_SENSITIVITY,M5,EMAOrder,OTHER_NONSTOP,E200>E50>E100>E20,1,1,0,0,0.000000,0.000000
POOLED_SENSITIVITY,M5,EMAOrder,OTHER_NONSTOP,E200>E50>E20>E100,1,1,0,0,0.000000,0.000000
POOLED_SENSITIVITY,M5,EMAOrder,OTHER_NONSTOP,E20>E100>E200>E50,1,1,0,0,0.000000,0.000000
POOLED_SENSITIVITY,M5,EMAOrder,OTHER_NONSTOP,E20>E100>E50>E200,1,1,0,0,0.000000,0.000000
POOLED_SENSITIVITY,M5,EMAOrder,OTHER_NONSTOP,E20>E200>E100>E50,1,1,0,0,0.000000,0.000000
POOLED_SENSITIVITY,M5,EMAOrder,OTHER_NONSTOP,E20>E200>E50>E100,1,1,0,0,0.000000,0.000000
POOLED_SENSITIVITY,M5,EMAOrder,OTHER_NONSTOP,E20>E50>E100>E200,1,1,0,0,0.000000,0.000000
POOLED_SENSITIVITY,M5,EMAOrder,OTHER_NONSTOP,E20>E50>E200>E100,1,1,0,0,0.000000,0.000000
POOLED_SENSITIVITY,M5,EMAOrder,OTHER_NONSTOP,E50>E100>E200>E20,1,1,0,0,0.000000,0.000000
POOLED_SENSITIVITY,M5,EMAOrder,OTHER_NONSTOP,E50>E100>E20>E200,1,1,0,0,0.000000,0.000000
POOLED_SENSITIVITY,M5,EMAOrder,OTHER_NONSTOP,E50>E200>E100>E20,1,1,0,0,0.000000,0.000000
POOLED_SENSITIVITY,M5,EMAOrder,OTHER_NONSTOP,E50>E200>E20>E100,1,1,0,0,0.000000,0.000000
POOLED_SENSITIVITY,M5,EMAOrder,OTHER_NONSTOP,E50>E20>E100>E200,1,1,0,0,0.000000,0.000000
POOLED_SENSITIVITY,M5,EMAOrder,OTHER_NONSTOP,E50>E20>E200>E100,1,1,0,0,0.000000,0.000000
POOLED_SENSITIVITY,M5,EMAOrder,OTHER_NONSTOP,[MISSING],1,1,0,0,0.000000,
POOLED_SENSITIVITY,M5,TrendRegime,STOP,DOWN,88,88,0,23,26.136364,26.136364
POOLED_SENSITIVITY,M5,TrendRegime,STOP,RANGE,88,88,0,37,42.045455,42.045455
POOLED_SENSITIVITY,M5,TrendRegime,STOP,UP,88,88,0,28,31.818182,31.818182
POOLED_SENSITIVITY,M5,TrendRegime,STOP,[MISSING],88,88,0,0,0.000000,
POOLED_SENSITIVITY,M5,TrendRegime,NON-STOP,DOWN,4776,4776,0,1303,27.282245,27.282245
POOLED_SENSITIVITY,M5,TrendRegime,NON-STOP,RANGE,4776,4776,0,1854,38.819095,38.819095
POOLED_SENSITIVITY,M5,TrendRegime,NON-STOP,UP,4776,4776,0,1619,33.898660,33.898660
POOLED_SENSITIVITY,M5,TrendRegime,NON-STOP,[MISSING],4776,4776,0,0,0.000000,
POOLED_SENSITIVITY,M5,TrendRegime,TARGET,DOWN,4414,4414,0,1190,26.959674,26.959674
POOLED_SENSITIVITY,M5,TrendRegime,TARGET,RANGE,4414,4414,0,1716,38.876303,38.876303
POOLED_SENSITIVITY,M5,TrendRegime,TARGET,UP,4414,4414,0,1508,34.164024,34.164024
POOLED_SENSITIVITY,M5,TrendRegime,TARGET,[MISSING],4414,4414,0,0,0.000000,
POOLED_SENSITIVITY,M5,TrendRegime,BE,DOWN,361,361,0,112,31.024931,31.024931
POOLED_SENSITIVITY,M5,TrendRegime,BE,RANGE,361,361,0,138,38.227147,38.227147
POOLED_SENSITIVITY,M5,TrendRegime,BE,UP,361,361,0,111,30.747922,30.747922
POOLED_SENSITIVITY,M5,TrendRegime,BE,[MISSING],361,361,0,0,0.000000,
POOLED_SENSITIVITY,M5,TrendRegime,OTHER_NONSTOP,DOWN,1,1,0,1,100.000000,100.000000
POOLED_SENSITIVITY,M5,TrendRegime,OTHER_NONSTOP,RANGE,1,1,0,0,0.000000,0.000000
POOLED_SENSITIVITY,M5,TrendRegime,OTHER_NONSTOP,UP,1,1,0,0,0.000000,0.000000
POOLED_SENSITIVITY,M5,TrendRegime,OTHER_NONSTOP,[MISSING],1,1,0,0,0.000000,
POOLED_SENSITIVITY,M5,PriceAboveEMA200,STOP,0,88,88,0,48,54.545455,54.545455
POOLED_SENSITIVITY,M5,PriceAboveEMA200,STOP,1,88,88,0,40,45.454545,45.454545
POOLED_SENSITIVITY,M5,PriceAboveEMA200,STOP,[MISSING],88,88,0,0,0.000000,
POOLED_SENSITIVITY,M5,PriceAboveEMA200,NON-STOP,0,4776,4776,0,2425,50.774707,50.774707
POOLED_SENSITIVITY,M5,PriceAboveEMA200,NON-STOP,1,4776,4776,0,2351,49.225293,49.225293
POOLED_SENSITIVITY,M5,PriceAboveEMA200,NON-STOP,[MISSING],4776,4776,0,0,0.000000,
POOLED_SENSITIVITY,M5,PriceAboveEMA200,TARGET,0,4414,4414,0,2219,50.271862,50.271862
POOLED_SENSITIVITY,M5,PriceAboveEMA200,TARGET,1,4414,4414,0,2195,49.728138,49.728138
POOLED_SENSITIVITY,M5,PriceAboveEMA200,TARGET,[MISSING],4414,4414,0,0,0.000000,
POOLED_SENSITIVITY,M5,PriceAboveEMA200,BE,0,361,361,0,205,56.786704,56.786704
POOLED_SENSITIVITY,M5,PriceAboveEMA200,BE,1,361,361,0,156,43.213296,43.213296
POOLED_SENSITIVITY,M5,PriceAboveEMA200,BE,[MISSING],361,361,0,0,0.000000,
POOLED_SENSITIVITY,M5,PriceAboveEMA200,OTHER_NONSTOP,0,1,1,0,1,100.000000,100.000000
POOLED_SENSITIVITY,M5,PriceAboveEMA200,OTHER_NONSTOP,1,1,1,0,0,0.000000,0.000000
POOLED_SENSITIVITY,M5,PriceAboveEMA200,OTHER_NONSTOP,[MISSING],1,1,0,0,0.000000,
POOLED_SENSITIVITY,M15,DIStatus,STOP,+,88,88,0,38,43.181818,43.181818
POOLED_SENSITIVITY,M15,DIStatus,STOP,-,88,88,0,50,56.818182,56.818182
POOLED_SENSITIVITY,M15,DIStatus,STOP,[MISSING],88,88,0,0,0.000000,
POOLED_SENSITIVITY,M15,DIStatus,NON-STOP,+,4776,4773,3,2044,42.797320,42.824220
POOLED_SENSITIVITY,M15,DIStatus,NON-STOP,-,4776,4773,3,2729,57.139866,57.175780
POOLED_SENSITIVITY,M15,DIStatus,NON-STOP,[MISSING],4776,4773,3,3,0.062814,
POOLED_SENSITIVITY,M15,DIStatus,TARGET,+,4414,4411,3,1907,43.203444,43.232827
POOLED_SENSITIVITY,M15,DIStatus,TARGET,-,4414,4411,3,2504,56.728591,56.767173
POOLED_SENSITIVITY,M15,DIStatus,TARGET,[MISSING],4414,4411,3,3,0.067966,
POOLED_SENSITIVITY,M15,DIStatus,BE,+,361,361,0,136,37.673130,37.673130
POOLED_SENSITIVITY,M15,DIStatus,BE,-,361,361,0,225,62.326870,62.326870
POOLED_SENSITIVITY,M15,DIStatus,BE,[MISSING],361,361,0,0,0.000000,
POOLED_SENSITIVITY,M15,DIStatus,OTHER_NONSTOP,+,1,1,0,1,100.000000,100.000000
POOLED_SENSITIVITY,M15,DIStatus,OTHER_NONSTOP,-,1,1,0,0,0.000000,0.000000
POOLED_SENSITIVITY,M15,DIStatus,OTHER_NONSTOP,[MISSING],1,1,0,0,0.000000,
POOLED_SENSITIVITY,M15,EMAOrder,STOP,E100>E200>E20>E50,88,88,0,0,0.000000,0.000000
POOLED_SENSITIVITY,M15,EMAOrder,STOP,E100>E200>E50>E20,88,88,0,3,3.409091,3.409091
POOLED_SENSITIVITY,M15,EMAOrder,STOP,E100>E20>E200>E50,88,88,0,0,0.000000,0.000000
POOLED_SENSITIVITY,M15,EMAOrder,STOP,E100>E20>E50>E200,88,88,0,0,0.000000,0.000000
POOLED_SENSITIVITY,M15,EMAOrder,STOP,E100>E50>E200>E20,88,88,0,3,3.409091,3.409091
POOLED_SENSITIVITY,M15,EMAOrder,STOP,E100>E50>E20>E200,88,88,0,4,4.545455,4.545455
POOLED_SENSITIVITY,M15,EMAOrder,STOP,E200>E100>E20>E50,88,88,0,2,2.272727,2.272727
POOLED_SENSITIVITY,M15,EMAOrder,STOP,E200>E100>E50>E20,88,88,0,24,27.272727,27.272727
POOLED_SENSITIVITY,M15,EMAOrder,STOP,E200>E20>E100>E50,88,88,0,5,5.681818,5.681818
POOLED_SENSITIVITY,M15,EMAOrder,STOP,E200>E20>E50>E100,88,88,0,1,1.136364,1.136364
POOLED_SENSITIVITY,M15,EMAOrder,STOP,E200>E50>E100>E20,88,88,0,0,0.000000,0.000000
POOLED_SENSITIVITY,M15,EMAOrder,STOP,E200>E50>E20>E100,88,88,0,0,0.000000,0.000000
POOLED_SENSITIVITY,M15,EMAOrder,STOP,E20>E100>E200>E50,88,88,0,0,0.000000,0.000000
POOLED_SENSITIVITY,M15,EMAOrder,STOP,E20>E100>E50>E200,88,88,0,1,1.136364,1.136364
POOLED_SENSITIVITY,M15,EMAOrder,STOP,E20>E200>E100>E50,88,88,0,0,0.000000,0.000000
POOLED_SENSITIVITY,M15,EMAOrder,STOP,E20>E200>E50>E100,88,88,0,4,4.545455,4.545455
POOLED_SENSITIVITY,M15,EMAOrder,STOP,E20>E50>E100>E200,88,88,0,29,32.954545,32.954545
POOLED_SENSITIVITY,M15,EMAOrder,STOP,E20>E50>E200>E100,88,88,0,5,5.681818,5.681818
POOLED_SENSITIVITY,M15,EMAOrder,STOP,E50>E100>E200>E20,88,88,0,0,0.000000,0.000000
POOLED_SENSITIVITY,M15,EMAOrder,STOP,E50>E100>E20>E200,88,88,0,3,3.409091,3.409091
POOLED_SENSITIVITY,M15,EMAOrder,STOP,E50>E200>E100>E20,88,88,0,0,0.000000,0.000000
POOLED_SENSITIVITY,M15,EMAOrder,STOP,E50>E200>E20>E100,88,88,0,0,0.000000,0.000000
POOLED_SENSITIVITY,M15,EMAOrder,STOP,E50>E20>E100>E200,88,88,0,3,3.409091,3.409091
POOLED_SENSITIVITY,M15,EMAOrder,STOP,E50>E20>E200>E100,88,88,0,1,1.136364,1.136364
POOLED_SENSITIVITY,M15,EMAOrder,STOP,[MISSING],88,88,0,0,0.000000,
POOLED_SENSITIVITY,M15,EMAOrder,NON-STOP,E100>E200>E20>E50,4776,4773,3,9,0.188442,0.188561
POOLED_SENSITIVITY,M15,EMAOrder,NON-STOP,E100>E200>E50>E20,4776,4773,3,155,3.245394,3.247433
POOLED_SENSITIVITY,M15,EMAOrder,NON-STOP,E100>E20>E200>E50,4776,4773,3,4,0.083752,0.083805
POOLED_SENSITIVITY,M15,EMAOrder,NON-STOP,E100>E20>E50>E200,4776,4773,3,5,0.104690,0.104756
POOLED_SENSITIVITY,M15,EMAOrder,NON-STOP,E100>E50>E200>E20,4776,4773,3,117,2.449749,2.451288
POOLED_SENSITIVITY,M15,EMAOrder,NON-STOP,E100>E50>E20>E200,4776,4773,3,71,1.486600,1.487534
POOLED_SENSITIVITY,M15,EMAOrder,NON-STOP,E200>E100>E20>E50,4776,4773,3,248,5.192630,5.195894
POOLED_SENSITIVITY,M15,EMAOrder,NON-STOP,E200>E100>E50>E20,4776,4773,3,1299,27.198492,27.215588
POOLED_SENSITIVITY,M15,EMAOrder,NON-STOP,E200>E20>E100>E50,4776,4773,3,146,3.056951,3.058873
POOLED_SENSITIVITY,M15,EMAOrder,NON-STOP,E200>E20>E50>E100,4776,4773,3,85,1.779732,1.780851
POOLED_SENSITIVITY,M15,EMAOrder,NON-STOP,E200>E50>E100>E20,4776,4773,3,28,0.586265,0.586633
POOLED_SENSITIVITY,M15,EMAOrder,NON-STOP,E200>E50>E20>E100,4776,4773,3,13,0.272194,0.272365
POOLED_SENSITIVITY,M15,EMAOrder,NON-STOP,E20>E100>E200>E50,4776,4773,3,8,0.167504,0.167609
POOLED_SENSITIVITY,M15,EMAOrder,NON-STOP,E20>E100>E50>E200,4776,4773,3,26,0.544389,0.544731
POOLED_SENSITIVITY,M15,EMAOrder,NON-STOP,E20>E200>E100>E50,4776,4773,3,29,0.607203,0.607584
POOLED_SENSITIVITY,M15,EMAOrder,NON-STOP,E20>E200>E50>E100,4776,4773,3,141,2.952261,2.954117
POOLED_SENSITIVITY,M15,EMAOrder,NON-STOP,E20>E50>E100>E200,4776,4773,3,1783,37.332496,37.355961
POOLED_SENSITIVITY,M15,EMAOrder,NON-STOP,E20>E50>E200>E100,4776,4773,3,164,3.433836,3.435994
POOLED_SENSITIVITY,M15,EMAOrder,NON-STOP,E50>E100>E200>E20,4776,4773,3,20,0.418760,0.419024
POOLED_SENSITIVITY,M15,EMAOrder,NON-STOP,E50>E100>E20>E200,4776,4773,3,163,3.412898,3.415043
POOLED_SENSITIVITY,M15,EMAOrder,NON-STOP,E50>E200>E100>E20,4776,4773,3,8,0.167504,0.167609
POOLED_SENSITIVITY,M15,EMAOrder,NON-STOP,E50>E200>E20>E100,4776,4773,3,3,0.062814,0.062854
POOLED_SENSITIVITY,M15,EMAOrder,NON-STOP,E50>E20>E100>E200,4776,4773,3,240,5.025126,5.028284
POOLED_SENSITIVITY,M15,EMAOrder,NON-STOP,E50>E20>E200>E100,4776,4773,3,8,0.167504,0.167609
POOLED_SENSITIVITY,M15,EMAOrder,NON-STOP,[MISSING],4776,4773,3,3,0.062814,
POOLED_SENSITIVITY,M15,EMAOrder,TARGET,E100>E200>E20>E50,4414,4411,3,8,0.181242,0.181365
POOLED_SENSITIVITY,M15,EMAOrder,TARGET,E100>E200>E50>E20,4414,4411,3,140,3.171726,3.173883
POOLED_SENSITIVITY,M15,EMAOrder,TARGET,E100>E20>E200>E50,4414,4411,3,4,0.090621,0.090682
POOLED_SENSITIVITY,M15,EMAOrder,TARGET,E100>E20>E50>E200,4414,4411,3,5,0.113276,0.113353
POOLED_SENSITIVITY,M15,EMAOrder,TARGET,E100>E50>E200>E20,4414,4411,3,104,2.356140,2.357742
POOLED_SENSITIVITY,M15,EMAOrder,TARGET,E100>E50>E20>E200,4414,4411,3,66,1.495242,1.496259
POOLED_SENSITIVITY,M15,EMAOrder,TARGET,E200>E100>E20>E50,4414,4411,3,227,5.142728,5.146225
POOLED_SENSITIVITY,M15,EMAOrder,TARGET,E200>E100>E50>E20,4414,4411,3,1193,27.027639,27.046021
POOLED_SENSITIVITY,M15,EMAOrder,TARGET,E200>E20>E100>E50,4414,4411,3,136,3.081106,3.083201
POOLED_SENSITIVITY,M15,EMAOrder,TARGET,E200>E20>E50>E100,4414,4411,3,79,1.789760,1.790977
POOLED_SENSITIVITY,M15,EMAOrder,TARGET,E200>E50>E100>E20,4414,4411,3,25,0.566380,0.566765
POOLED_SENSITIVITY,M15,EMAOrder,TARGET,E200>E50>E20>E100,4414,4411,3,12,0.271862,0.272047
POOLED_SENSITIVITY,M15,EMAOrder,TARGET,E20>E100>E200>E50,4414,4411,3,8,0.181242,0.181365
POOLED_SENSITIVITY,M15,EMAOrder,TARGET,E20>E100>E50>E200,4414,4411,3,23,0.521069,0.521424
POOLED_SENSITIVITY,M15,EMAOrder,TARGET,E20>E200>E100>E50,4414,4411,3,28,0.634345,0.634777
POOLED_SENSITIVITY,M15,EMAOrder,TARGET,E20>E200>E50>E100,4414,4411,3,129,2.922519,2.924507
POOLED_SENSITIVITY,M15,EMAOrder,TARGET,E20>E50>E100>E200,4414,4411,3,1656,37.516991,37.542507
POOLED_SENSITIVITY,M15,EMAOrder,TARGET,E20>E50>E200>E100,4414,4411,3,155,3.511554,3.513942
POOLED_SENSITIVITY,M15,EMAOrder,TARGET,E50>E100>E200>E20,4414,4411,3,20,0.453104,0.453412
POOLED_SENSITIVITY,M15,EMAOrder,TARGET,E50>E100>E20>E200,4414,4411,3,153,3.466244,3.468601
POOLED_SENSITIVITY,M15,EMAOrder,TARGET,E50>E200>E100>E20,4414,4411,3,7,0.158586,0.158694
POOLED_SENSITIVITY,M15,EMAOrder,TARGET,E50>E200>E20>E100,4414,4411,3,2,0.045310,0.045341
POOLED_SENSITIVITY,M15,EMAOrder,TARGET,E50>E20>E100>E200,4414,4411,3,223,5.052107,5.055543
POOLED_SENSITIVITY,M15,EMAOrder,TARGET,E50>E20>E200>E100,4414,4411,3,8,0.181242,0.181365
POOLED_SENSITIVITY,M15,EMAOrder,TARGET,[MISSING],4414,4411,3,3,0.067966,
POOLED_SENSITIVITY,M15,EMAOrder,BE,E100>E200>E20>E50,361,361,0,1,0.277008,0.277008
POOLED_SENSITIVITY,M15,EMAOrder,BE,E100>E200>E50>E20,361,361,0,15,4.155125,4.155125
POOLED_SENSITIVITY,M15,EMAOrder,BE,E100>E20>E200>E50,361,361,0,0,0.000000,0.000000
POOLED_SENSITIVITY,M15,EMAOrder,BE,E100>E20>E50>E200,361,361,0,0,0.000000,0.000000
POOLED_SENSITIVITY,M15,EMAOrder,BE,E100>E50>E200>E20,361,361,0,12,3.324100,3.324100
POOLED_SENSITIVITY,M15,EMAOrder,BE,E100>E50>E20>E200,361,361,0,5,1.385042,1.385042
POOLED_SENSITIVITY,M15,EMAOrder,BE,E200>E100>E20>E50,361,361,0,21,5.817175,5.817175
POOLED_SENSITIVITY,M15,EMAOrder,BE,E200>E100>E50>E20,361,361,0,106,29.362881,29.362881
POOLED_SENSITIVITY,M15,EMAOrder,BE,E200>E20>E100>E50,361,361,0,10,2.770083,2.770083
POOLED_SENSITIVITY,M15,EMAOrder,BE,E200>E20>E50>E100,361,361,0,6,1.662050,1.662050
POOLED_SENSITIVITY,M15,EMAOrder,BE,E200>E50>E100>E20,361,361,0,3,0.831025,0.831025
POOLED_SENSITIVITY,M15,EMAOrder,BE,E200>E50>E20>E100,361,361,0,1,0.277008,0.277008
POOLED_SENSITIVITY,M15,EMAOrder,BE,E20>E100>E200>E50,361,361,0,0,0.000000,0.000000
POOLED_SENSITIVITY,M15,EMAOrder,BE,E20>E100>E50>E200,361,361,0,3,0.831025,0.831025
POOLED_SENSITIVITY,M15,EMAOrder,BE,E20>E200>E100>E50,361,361,0,1,0.277008,0.277008
POOLED_SENSITIVITY,M15,EMAOrder,BE,E20>E200>E50>E100,361,361,0,12,3.324100,3.324100
POOLED_SENSITIVITY,M15,EMAOrder,BE,E20>E50>E100>E200,361,361,0,127,35.180055,35.180055
POOLED_SENSITIVITY,M15,EMAOrder,BE,E20>E50>E200>E100,361,361,0,9,2.493075,2.493075
POOLED_SENSITIVITY,M15,EMAOrder,BE,E50>E100>E200>E20,361,361,0,0,0.000000,0.000000
POOLED_SENSITIVITY,M15,EMAOrder,BE,E50>E100>E20>E200,361,361,0,10,2.770083,2.770083
POOLED_SENSITIVITY,M15,EMAOrder,BE,E50>E200>E100>E20,361,361,0,1,0.277008,0.277008
POOLED_SENSITIVITY,M15,EMAOrder,BE,E50>E200>E20>E100,361,361,0,1,0.277008,0.277008
POOLED_SENSITIVITY,M15,EMAOrder,BE,E50>E20>E100>E200,361,361,0,17,4.709141,4.709141
POOLED_SENSITIVITY,M15,EMAOrder,BE,E50>E20>E200>E100,361,361,0,0,0.000000,0.000000
POOLED_SENSITIVITY,M15,EMAOrder,BE,[MISSING],361,361,0,0,0.000000,
POOLED_SENSITIVITY,M15,EMAOrder,OTHER_NONSTOP,E100>E200>E20>E50,1,1,0,0,0.000000,0.000000
POOLED_SENSITIVITY,M15,EMAOrder,OTHER_NONSTOP,E100>E200>E50>E20,1,1,0,0,0.000000,0.000000
POOLED_SENSITIVITY,M15,EMAOrder,OTHER_NONSTOP,E100>E20>E200>E50,1,1,0,0,0.000000,0.000000
POOLED_SENSITIVITY,M15,EMAOrder,OTHER_NONSTOP,E100>E20>E50>E200,1,1,0,0,0.000000,0.000000
POOLED_SENSITIVITY,M15,EMAOrder,OTHER_NONSTOP,E100>E50>E200>E20,1,1,0,1,100.000000,100.000000
POOLED_SENSITIVITY,M15,EMAOrder,OTHER_NONSTOP,E100>E50>E20>E200,1,1,0,0,0.000000,0.000000
POOLED_SENSITIVITY,M15,EMAOrder,OTHER_NONSTOP,E200>E100>E20>E50,1,1,0,0,0.000000,0.000000
POOLED_SENSITIVITY,M15,EMAOrder,OTHER_NONSTOP,E200>E100>E50>E20,1,1,0,0,0.000000,0.000000
POOLED_SENSITIVITY,M15,EMAOrder,OTHER_NONSTOP,E200>E20>E100>E50,1,1,0,0,0.000000,0.000000
POOLED_SENSITIVITY,M15,EMAOrder,OTHER_NONSTOP,E200>E20>E50>E100,1,1,0,0,0.000000,0.000000
POOLED_SENSITIVITY,M15,EMAOrder,OTHER_NONSTOP,E200>E50>E100>E20,1,1,0,0,0.000000,0.000000
POOLED_SENSITIVITY,M15,EMAOrder,OTHER_NONSTOP,E200>E50>E20>E100,1,1,0,0,0.000000,0.000000
POOLED_SENSITIVITY,M15,EMAOrder,OTHER_NONSTOP,E20>E100>E200>E50,1,1,0,0,0.000000,0.000000
POOLED_SENSITIVITY,M15,EMAOrder,OTHER_NONSTOP,E20>E100>E50>E200,1,1,0,0,0.000000,0.000000
POOLED_SENSITIVITY,M15,EMAOrder,OTHER_NONSTOP,E20>E200>E100>E50,1,1,0,0,0.000000,0.000000
POOLED_SENSITIVITY,M15,EMAOrder,OTHER_NONSTOP,E20>E200>E50>E100,1,1,0,0,0.000000,0.000000
POOLED_SENSITIVITY,M15,EMAOrder,OTHER_NONSTOP,E20>E50>E100>E200,1,1,0,0,0.000000,0.000000
POOLED_SENSITIVITY,M15,EMAOrder,OTHER_NONSTOP,E20>E50>E200>E100,1,1,0,0,0.000000,0.000000
POOLED_SENSITIVITY,M15,EMAOrder,OTHER_NONSTOP,E50>E100>E200>E20,1,1,0,0,0.000000,0.000000
POOLED_SENSITIVITY,M15,EMAOrder,OTHER_NONSTOP,E50>E100>E20>E200,1,1,0,0,0.000000,0.000000
POOLED_SENSITIVITY,M15,EMAOrder,OTHER_NONSTOP,E50>E200>E100>E20,1,1,0,0,0.000000,0.000000
POOLED_SENSITIVITY,M15,EMAOrder,OTHER_NONSTOP,E50>E200>E20>E100,1,1,0,0,0.000000,0.000000
POOLED_SENSITIVITY,M15,EMAOrder,OTHER_NONSTOP,E50>E20>E100>E200,1,1,0,0,0.000000,0.000000
POOLED_SENSITIVITY,M15,EMAOrder,OTHER_NONSTOP,E50>E20>E200>E100,1,1,0,0,0.000000,0.000000
POOLED_SENSITIVITY,M15,EMAOrder,OTHER_NONSTOP,[MISSING],1,1,0,0,0.000000,
POOLED_SENSITIVITY,M15,TrendRegime,STOP,DOWN,88,88,0,24,27.272727,27.272727
POOLED_SENSITIVITY,M15,TrendRegime,STOP,RANGE,88,88,0,35,39.772727,39.772727
POOLED_SENSITIVITY,M15,TrendRegime,STOP,UP,88,88,0,29,32.954545,32.954545
POOLED_SENSITIVITY,M15,TrendRegime,STOP,[MISSING],88,88,0,0,0.000000,
POOLED_SENSITIVITY,M15,TrendRegime,NON-STOP,DOWN,4776,4773,3,1299,27.198492,27.215588
POOLED_SENSITIVITY,M15,TrendRegime,NON-STOP,RANGE,4776,4773,3,1691,35.406198,35.428452
POOLED_SENSITIVITY,M15,TrendRegime,NON-STOP,UP,4776,4773,3,1783,37.332496,37.355961
POOLED_SENSITIVITY,M15,TrendRegime,NON-STOP,[MISSING],4776,4773,3,3,0.062814,
POOLED_SENSITIVITY,M15,TrendRegime,TARGET,DOWN,4414,4411,3,1193,27.027639,27.046021
POOLED_SENSITIVITY,M15,TrendRegime,TARGET,RANGE,4414,4411,3,1562,35.387404,35.411471
POOLED_SENSITIVITY,M15,TrendRegime,TARGET,UP,4414,4411,3,1656,37.516991,37.542507
POOLED_SENSITIVITY,M15,TrendRegime,TARGET,[MISSING],4414,4411,3,3,0.067966,
POOLED_SENSITIVITY,M15,TrendRegime,BE,DOWN,361,361,0,106,29.362881,29.362881
POOLED_SENSITIVITY,M15,TrendRegime,BE,RANGE,361,361,0,128,35.457064,35.457064
POOLED_SENSITIVITY,M15,TrendRegime,BE,UP,361,361,0,127,35.180055,35.180055
POOLED_SENSITIVITY,M15,TrendRegime,BE,[MISSING],361,361,0,0,0.000000,
POOLED_SENSITIVITY,M15,TrendRegime,OTHER_NONSTOP,DOWN,1,1,0,0,0.000000,0.000000
POOLED_SENSITIVITY,M15,TrendRegime,OTHER_NONSTOP,RANGE,1,1,0,1,100.000000,100.000000
POOLED_SENSITIVITY,M15,TrendRegime,OTHER_NONSTOP,UP,1,1,0,0,0.000000,0.000000
POOLED_SENSITIVITY,M15,TrendRegime,OTHER_NONSTOP,[MISSING],1,1,0,0,0.000000,
POOLED_SENSITIVITY,M15,PriceAboveEMA200,STOP,0,88,88,0,46,52.272727,52.272727
POOLED_SENSITIVITY,M15,PriceAboveEMA200,STOP,1,88,88,0,42,47.727273,47.727273
POOLED_SENSITIVITY,M15,PriceAboveEMA200,STOP,[MISSING],88,88,0,0,0.000000,
POOLED_SENSITIVITY,M15,PriceAboveEMA200,NON-STOP,0,4776,4773,3,2221,46.503350,46.532579
POOLED_SENSITIVITY,M15,PriceAboveEMA200,NON-STOP,1,4776,4773,3,2552,53.433836,53.467421
POOLED_SENSITIVITY,M15,PriceAboveEMA200,NON-STOP,[MISSING],4776,4773,3,3,0.062814,
POOLED_SENSITIVITY,M15,PriceAboveEMA200,TARGET,0,4414,4411,3,2040,46.216584,46.248016
POOLED_SENSITIVITY,M15,PriceAboveEMA200,TARGET,1,4414,4411,3,2371,53.715451,53.751984
POOLED_SENSITIVITY,M15,PriceAboveEMA200,TARGET,[MISSING],4414,4411,3,3,0.067966,
POOLED_SENSITIVITY,M15,PriceAboveEMA200,BE,0,361,361,0,180,49.861496,49.861496
POOLED_SENSITIVITY,M15,PriceAboveEMA200,BE,1,361,361,0,181,50.138504,50.138504
POOLED_SENSITIVITY,M15,PriceAboveEMA200,BE,[MISSING],361,361,0,0,0.000000,
POOLED_SENSITIVITY,M15,PriceAboveEMA200,OTHER_NONSTOP,0,1,1,0,1,100.000000,100.000000
POOLED_SENSITIVITY,M15,PriceAboveEMA200,OTHER_NONSTOP,1,1,1,0,0,0.000000,0.000000
POOLED_SENSITIVITY,M15,PriceAboveEMA200,OTHER_NONSTOP,[MISSING],1,1,0,0,0.000000,
POOLED_SENSITIVITY,M30,DIStatus,STOP,+,88,88,0,37,42.045455,42.045455
POOLED_SENSITIVITY,M30,DIStatus,STOP,-,88,88,0,51,57.954545,57.954545
POOLED_SENSITIVITY,M30,DIStatus,STOP,[MISSING],88,88,0,0,0.000000,
POOLED_SENSITIVITY,M30,DIStatus,NON-STOP,+,4776,4772,4,2479,51.905360,51.948868
POOLED_SENSITIVITY,M30,DIStatus,NON-STOP,-,4776,4772,4,2293,48.010888,48.051132
POOLED_SENSITIVITY,M30,DIStatus,NON-STOP,[MISSING],4776,4772,4,4,0.083752,
POOLED_SENSITIVITY,M30,DIStatus,TARGET,+,4414,4411,3,2305,52.220208,52.255724
POOLED_SENSITIVITY,M30,DIStatus,TARGET,-,4414,4411,3,2106,47.711826,47.744276
POOLED_SENSITIVITY,M30,DIStatus,TARGET,[MISSING],4414,4411,3,3,0.067966,
POOLED_SENSITIVITY,M30,DIStatus,BE,+,361,360,1,173,47.922438,48.055556
POOLED_SENSITIVITY,M30,DIStatus,BE,-,361,360,1,187,51.800554,51.944444
POOLED_SENSITIVITY,M30,DIStatus,BE,[MISSING],361,360,1,1,0.277008,
POOLED_SENSITIVITY,M30,DIStatus,OTHER_NONSTOP,+,1,1,0,1,100.000000,100.000000
POOLED_SENSITIVITY,M30,DIStatus,OTHER_NONSTOP,-,1,1,0,0,0.000000,0.000000
POOLED_SENSITIVITY,M30,DIStatus,OTHER_NONSTOP,[MISSING],1,1,0,0,0.000000,
POOLED_SENSITIVITY,M30,EMAOrder,STOP,E100>E200>E20>E50,88,88,0,1,1.136364,1.136364
POOLED_SENSITIVITY,M30,EMAOrder,STOP,E100>E200>E50>E20,88,88,0,2,2.272727,2.272727
POOLED_SENSITIVITY,M30,EMAOrder,STOP,E100>E20>E200>E50,88,88,0,0,0.000000,0.000000
POOLED_SENSITIVITY,M30,EMAOrder,STOP,E100>E20>E50>E200,88,88,0,1,1.136364,1.136364
POOLED_SENSITIVITY,M30,EMAOrder,STOP,E100>E50>E200>E20,88,88,0,4,4.545455,4.545455
POOLED_SENSITIVITY,M30,EMAOrder,STOP,E100>E50>E20>E200,88,88,0,1,1.136364,1.136364
POOLED_SENSITIVITY,M30,EMAOrder,STOP,E200>E100>E20>E50,88,88,0,3,3.409091,3.409091
POOLED_SENSITIVITY,M30,EMAOrder,STOP,E200>E100>E50>E20,88,88,0,22,25.000000,25.000000
POOLED_SENSITIVITY,M30,EMAOrder,STOP,E200>E20>E100>E50,88,88,0,5,5.681818,5.681818
POOLED_SENSITIVITY,M30,EMAOrder,STOP,E200>E20>E50>E100,88,88,0,0,0.000000,0.000000
POOLED_SENSITIVITY,M30,EMAOrder,STOP,E200>E50>E100>E20,88,88,0,1,1.136364,1.136364
POOLED_SENSITIVITY,M30,EMAOrder,STOP,E200>E50>E20>E100,88,88,0,0,0.000000,0.000000
POOLED_SENSITIVITY,M30,EMAOrder,STOP,E20>E100>E200>E50,88,88,0,1,1.136364,1.136364
POOLED_SENSITIVITY,M30,EMAOrder,STOP,E20>E100>E50>E200,88,88,0,0,0.000000,0.000000
POOLED_SENSITIVITY,M30,EMAOrder,STOP,E20>E200>E100>E50,88,88,0,2,2.272727,2.272727
POOLED_SENSITIVITY,M30,EMAOrder,STOP,E20>E200>E50>E100,88,88,0,2,2.272727,2.272727
POOLED_SENSITIVITY,M30,EMAOrder,STOP,E20>E50>E100>E200,88,88,0,31,35.227273,35.227273
POOLED_SENSITIVITY,M30,EMAOrder,STOP,E20>E50>E200>E100,88,88,0,3,3.409091,3.409091
POOLED_SENSITIVITY,M30,EMAOrder,STOP,E50>E100>E200>E20,88,88,0,1,1.136364,1.136364
POOLED_SENSITIVITY,M30,EMAOrder,STOP,E50>E100>E20>E200,88,88,0,2,2.272727,2.272727
POOLED_SENSITIVITY,M30,EMAOrder,STOP,E50>E200>E100>E20,88,88,0,0,0.000000,0.000000
POOLED_SENSITIVITY,M30,EMAOrder,STOP,E50>E20>E100>E200,88,88,0,6,6.818182,6.818182
POOLED_SENSITIVITY,M30,EMAOrder,STOP,E50>E20>E200>E100,88,88,0,0,0.000000,0.000000
POOLED_SENSITIVITY,M30,EMAOrder,STOP,[MISSING],88,88,0,0,0.000000,
POOLED_SENSITIVITY,M30,EMAOrder,NON-STOP,E100>E200>E20>E50,4776,4772,4,9,0.188442,0.188600
POOLED_SENSITIVITY,M30,EMAOrder,NON-STOP,E100>E200>E50>E20,4776,4772,4,231,4.836683,4.840738
POOLED_SENSITIVITY,M30,EMAOrder,NON-STOP,E100>E20>E200>E50,4776,4772,4,4,0.083752,0.083822
POOLED_SENSITIVITY,M30,EMAOrder,NON-STOP,E100>E20>E50>E200,4776,4772,4,23,0.481575,0.481978
POOLED_SENSITIVITY,M30,EMAOrder,NON-STOP,E100>E50>E200>E20,4776,4772,4,166,3.475712,3.478625
POOLED_SENSITIVITY,M30,EMAOrder,NON-STOP,E100>E50>E20>E200,4776,4772,4,151,3.161642,3.164292
POOLED_SENSITIVITY,M30,EMAOrder,NON-STOP,E200>E100>E20>E50,4776,4772,4,226,4.731993,4.735960
POOLED_SENSITIVITY,M30,EMAOrder,NON-STOP,E200>E100>E50>E20,4776,4772,4,1134,23.743719,23.763621
POOLED_SENSITIVITY,M30,EMAOrder,NON-STOP,E200>E20>E100>E50,4776,4772,4,166,3.475712,3.478625
POOLED_SENSITIVITY,M30,EMAOrder,NON-STOP,E200>E20>E50>E100,4776,4772,4,110,2.303183,2.305113
POOLED_SENSITIVITY,M30,EMAOrder,NON-STOP,E200>E50>E100>E20,4776,4772,4,24,0.502513,0.502934
POOLED_SENSITIVITY,M30,EMAOrder,NON-STOP,E200>E50>E20>E100,4776,4772,4,15,0.314070,0.314334
POOLED_SENSITIVITY,M30,EMAOrder,NON-STOP,E20>E100>E200>E50,4776,4772,4,9,0.188442,0.188600
POOLED_SENSITIVITY,M30,EMAOrder,NON-STOP,E20>E100>E50>E200,4776,4772,4,26,0.544389,0.544845
POOLED_SENSITIVITY,M30,EMAOrder,NON-STOP,E20>E200>E100>E50,4776,4772,4,25,0.523451,0.523889
POOLED_SENSITIVITY,M30,EMAOrder,NON-STOP,E20>E200>E50>E100,4776,4772,4,192,4.020101,4.023470
POOLED_SENSITIVITY,M30,EMAOrder,NON-STOP,E20>E50>E100>E200,4776,4772,4,1658,34.715243,34.744342
POOLED_SENSITIVITY,M30,EMAOrder,NON-STOP,E20>E50>E200>E100,4776,4772,4,208,4.355109,4.358759
POOLED_SENSITIVITY,M30,EMAOrder,NON-STOP,E50>E100>E200>E20,4776,4772,4,27,0.565327,0.565801
POOLED_SENSITIVITY,M30,EMAOrder,NON-STOP,E50>E100>E20>E200,4776,4772,4,165,3.454774,3.457670
POOLED_SENSITIVITY,M30,EMAOrder,NON-STOP,E50>E200>E100>E20,4776,4772,4,1,0.020938,0.020956
POOLED_SENSITIVITY,M30,EMAOrder,NON-STOP,E50>E20>E100>E200,4776,4772,4,197,4.124791,4.128248
POOLED_SENSITIVITY,M30,EMAOrder,NON-STOP,E50>E20>E200>E100,4776,4772,4,5,0.104690,0.104778
POOLED_SENSITIVITY,M30,EMAOrder,NON-STOP,[MISSING],4776,4772,4,4,0.083752,
POOLED_SENSITIVITY,M30,EMAOrder,TARGET,E100>E200>E20>E50,4414,4411,3,8,0.181242,0.181365
POOLED_SENSITIVITY,M30,EMAOrder,TARGET,E100>E200>E50>E20,4414,4411,3,209,4.734934,4.738155
POOLED_SENSITIVITY,M30,EMAOrder,TARGET,E100>E20>E200>E50,4414,4411,3,4,0.090621,0.090682
POOLED_SENSITIVITY,M30,EMAOrder,TARGET,E100>E20>E50>E200,4414,4411,3,21,0.475759,0.476083
POOLED_SENSITIVITY,M30,EMAOrder,TARGET,E100>E50>E200>E20,4414,4411,3,155,3.511554,3.513942
POOLED_SENSITIVITY,M30,EMAOrder,TARGET,E100>E50>E20>E200,4414,4411,3,139,3.149071,3.151213
POOLED_SENSITIVITY,M30,EMAOrder,TARGET,E200>E100>E20>E50,4414,4411,3,208,4.712279,4.715484
POOLED_SENSITIVITY,M30,EMAOrder,TARGET,E200>E100>E50>E20,4414,4411,3,1044,23.652016,23.668102
POOLED_SENSITIVITY,M30,EMAOrder,TARGET,E200>E20>E100>E50,4414,4411,3,158,3.579520,3.581954
POOLED_SENSITIVITY,M30,EMAOrder,TARGET,E200>E20>E50>E100,4414,4411,3,102,2.310829,2.312401
POOLED_SENSITIVITY,M30,EMAOrder,TARGET,E200>E50>E100>E20,4414,4411,3,22,0.498414,0.498753
POOLED_SENSITIVITY,M30,EMAOrder,TARGET,E200>E50>E20>E100,4414,4411,3,14,0.317173,0.317388
POOLED_SENSITIVITY,M30,EMAOrder,TARGET,E20>E100>E200>E50,4414,4411,3,7,0.158586,0.158694
POOLED_SENSITIVITY,M30,EMAOrder,TARGET,E20>E100>E50>E200,4414,4411,3,25,0.566380,0.566765
POOLED_SENSITIVITY,M30,EMAOrder,TARGET,E20>E200>E100>E50,4414,4411,3,24,0.543725,0.544094
POOLED_SENSITIVITY,M30,EMAOrder,TARGET,E20>E200>E50>E100,4414,4411,3,172,3.896692,3.899343
POOLED_SENSITIVITY,M30,EMAOrder,TARGET,E20>E50>E100>E200,4414,4411,3,1546,35.024921,35.048742
POOLED_SENSITIVITY,M30,EMAOrder,TARGET,E20>E50>E200>E100,4414,4411,3,196,4.440417,4.443437
POOLED_SENSITIVITY,M30,EMAOrder,TARGET,E50>E100>E200>E20,4414,4411,3,25,0.566380,0.566765
POOLED_SENSITIVITY,M30,EMAOrder,TARGET,E50>E100>E20>E200,4414,4411,3,148,3.352968,3.355248
POOLED_SENSITIVITY,M30,EMAOrder,TARGET,E50>E200>E100>E20,4414,4411,3,1,0.022655,0.022671
POOLED_SENSITIVITY,M30,EMAOrder,TARGET,E50>E20>E100>E200,4414,4411,3,178,4.032623,4.035366
POOLED_SENSITIVITY,M30,EMAOrder,TARGET,E50>E20>E200>E100,4414,4411,3,5,0.113276,0.113353
POOLED_SENSITIVITY,M30,EMAOrder,TARGET,[MISSING],4414,4411,3,3,0.067966,
POOLED_SENSITIVITY,M30,EMAOrder,BE,E100>E200>E20>E50,361,360,1,1,0.277008,0.277778
POOLED_SENSITIVITY,M30,EMAOrder,BE,E100>E200>E50>E20,361,360,1,22,6.094183,6.111111
POOLED_SENSITIVITY,M30,EMAOrder,BE,E100>E20>E200>E50,361,360,1,0,0.000000,0.000000
POOLED_SENSITIVITY,M30,EMAOrder,BE,E100>E20>E50>E200,361,360,1,2,0.554017,0.555556
POOLED_SENSITIVITY,M30,EMAOrder,BE,E100>E50>E200>E20,361,360,1,11,3.047091,3.055556
POOLED_SENSITIVITY,M30,EMAOrder,BE,E100>E50>E20>E200,361,360,1,12,3.324100,3.333333
POOLED_SENSITIVITY,M30,EMAOrder,BE,E200>E100>E20>E50,361,360,1,18,4.986150,5.000000
POOLED_SENSITIVITY,M30,EMAOrder,BE,E200>E100>E50>E20,361,360,1,90,24.930748,25.000000
POOLED_SENSITIVITY,M30,EMAOrder,BE,E200>E20>E100>E50,361,360,1,8,2.216066,2.222222
POOLED_SENSITIVITY,M30,EMAOrder,BE,E200>E20>E50>E100,361,360,1,8,2.216066,2.222222
POOLED_SENSITIVITY,M30,EMAOrder,BE,E200>E50>E100>E20,361,360,1,2,0.554017,0.555556
POOLED_SENSITIVITY,M30,EMAOrder,BE,E200>E50>E20>E100,361,360,1,1,0.277008,0.277778
POOLED_SENSITIVITY,M30,EMAOrder,BE,E20>E100>E200>E50,361,360,1,2,0.554017,0.555556
POOLED_SENSITIVITY,M30,EMAOrder,BE,E20>E100>E50>E200,361,360,1,1,0.277008,0.277778
POOLED_SENSITIVITY,M30,EMAOrder,BE,E20>E200>E100>E50,361,360,1,1,0.277008,0.277778
POOLED_SENSITIVITY,M30,EMAOrder,BE,E20>E200>E50>E100,361,360,1,20,5.540166,5.555556
POOLED_SENSITIVITY,M30,EMAOrder,BE,E20>E50>E100>E200,361,360,1,112,31.024931,31.111111
POOLED_SENSITIVITY,M30,EMAOrder,BE,E20>E50>E200>E100,361,360,1,12,3.324100,3.333333
POOLED_SENSITIVITY,M30,EMAOrder,BE,E50>E100>E200>E20,361,360,1,2,0.554017,0.555556
POOLED_SENSITIVITY,M30,EMAOrder,BE,E50>E100>E20>E200,361,360,1,17,4.709141,4.722222
POOLED_SENSITIVITY,M30,EMAOrder,BE,E50>E200>E100>E20,361,360,1,0,0.000000,0.000000
POOLED_SENSITIVITY,M30,EMAOrder,BE,E50>E20>E100>E200,361,360,1,18,4.986150,5.000000
POOLED_SENSITIVITY,M30,EMAOrder,BE,E50>E20>E200>E100,361,360,1,0,0.000000,0.000000
POOLED_SENSITIVITY,M30,EMAOrder,BE,[MISSING],361,360,1,1,0.277008,
POOLED_SENSITIVITY,M30,EMAOrder,OTHER_NONSTOP,E100>E200>E20>E50,1,1,0,0,0.000000,0.000000
POOLED_SENSITIVITY,M30,EMAOrder,OTHER_NONSTOP,E100>E200>E50>E20,1,1,0,0,0.000000,0.000000
POOLED_SENSITIVITY,M30,EMAOrder,OTHER_NONSTOP,E100>E20>E200>E50,1,1,0,0,0.000000,0.000000
POOLED_SENSITIVITY,M30,EMAOrder,OTHER_NONSTOP,E100>E20>E50>E200,1,1,0,0,0.000000,0.000000
POOLED_SENSITIVITY,M30,EMAOrder,OTHER_NONSTOP,E100>E50>E200>E20,1,1,0,0,0.000000,0.000000
POOLED_SENSITIVITY,M30,EMAOrder,OTHER_NONSTOP,E100>E50>E20>E200,1,1,0,0,0.000000,0.000000
POOLED_SENSITIVITY,M30,EMAOrder,OTHER_NONSTOP,E200>E100>E20>E50,1,1,0,0,0.000000,0.000000
POOLED_SENSITIVITY,M30,EMAOrder,OTHER_NONSTOP,E200>E100>E50>E20,1,1,0,0,0.000000,0.000000
POOLED_SENSITIVITY,M30,EMAOrder,OTHER_NONSTOP,E200>E20>E100>E50,1,1,0,0,0.000000,0.000000
POOLED_SENSITIVITY,M30,EMAOrder,OTHER_NONSTOP,E200>E20>E50>E100,1,1,0,0,0.000000,0.000000
POOLED_SENSITIVITY,M30,EMAOrder,OTHER_NONSTOP,E200>E50>E100>E20,1,1,0,0,0.000000,0.000000
POOLED_SENSITIVITY,M30,EMAOrder,OTHER_NONSTOP,E200>E50>E20>E100,1,1,0,0,0.000000,0.000000
POOLED_SENSITIVITY,M30,EMAOrder,OTHER_NONSTOP,E20>E100>E200>E50,1,1,0,0,0.000000,0.000000
POOLED_SENSITIVITY,M30,EMAOrder,OTHER_NONSTOP,E20>E100>E50>E200,1,1,0,0,0.000000,0.000000
POOLED_SENSITIVITY,M30,EMAOrder,OTHER_NONSTOP,E20>E200>E100>E50,1,1,0,0,0.000000,0.000000
POOLED_SENSITIVITY,M30,EMAOrder,OTHER_NONSTOP,E20>E200>E50>E100,1,1,0,0,0.000000,0.000000
POOLED_SENSITIVITY,M30,EMAOrder,OTHER_NONSTOP,E20>E50>E100>E200,1,1,0,0,0.000000,0.000000
POOLED_SENSITIVITY,M30,EMAOrder,OTHER_NONSTOP,E20>E50>E200>E100,1,1,0,0,0.000000,0.000000
POOLED_SENSITIVITY,M30,EMAOrder,OTHER_NONSTOP,E50>E100>E200>E20,1,1,0,0,0.000000,0.000000
POOLED_SENSITIVITY,M30,EMAOrder,OTHER_NONSTOP,E50>E100>E20>E200,1,1,0,0,0.000000,0.000000
POOLED_SENSITIVITY,M30,EMAOrder,OTHER_NONSTOP,E50>E200>E100>E20,1,1,0,0,0.000000,0.000000
POOLED_SENSITIVITY,M30,EMAOrder,OTHER_NONSTOP,E50>E20>E100>E200,1,1,0,1,100.000000,100.000000
POOLED_SENSITIVITY,M30,EMAOrder,OTHER_NONSTOP,E50>E20>E200>E100,1,1,0,0,0.000000,0.000000
POOLED_SENSITIVITY,M30,EMAOrder,OTHER_NONSTOP,[MISSING],1,1,0,0,0.000000,
POOLED_SENSITIVITY,M30,TrendRegime,STOP,DOWN,88,88,0,22,25.000000,25.000000
POOLED_SENSITIVITY,M30,TrendRegime,STOP,RANGE,88,88,0,35,39.772727,39.772727
POOLED_SENSITIVITY,M30,TrendRegime,STOP,UP,88,88,0,31,35.227273,35.227273
POOLED_SENSITIVITY,M30,TrendRegime,STOP,[MISSING],88,88,0,0,0.000000,
POOLED_SENSITIVITY,M30,TrendRegime,NON-STOP,DOWN,4776,4772,4,1134,23.743719,23.763621
POOLED_SENSITIVITY,M30,TrendRegime,NON-STOP,RANGE,4776,4772,4,1980,41.457286,41.492037
POOLED_SENSITIVITY,M30,TrendRegime,NON-STOP,UP,4776,4772,4,1658,34.715243,34.744342
POOLED_SENSITIVITY,M30,TrendRegime,NON-STOP,[MISSING],4776,4772,4,4,0.083752,
POOLED_SENSITIVITY,M30,TrendRegime,TARGET,DOWN,4414,4411,3,1044,23.652016,23.668102
POOLED_SENSITIVITY,M30,TrendRegime,TARGET,RANGE,4414,4411,3,1821,41.255097,41.283156
POOLED_SENSITIVITY,M30,TrendRegime,TARGET,UP,4414,4411,3,1546,35.024921,35.048742
POOLED_SENSITIVITY,M30,TrendRegime,TARGET,[MISSING],4414,4411,3,3,0.067966,
POOLED_SENSITIVITY,M30,TrendRegime,BE,DOWN,361,360,1,90,24.930748,25.000000
POOLED_SENSITIVITY,M30,TrendRegime,BE,RANGE,361,360,1,158,43.767313,43.888889
POOLED_SENSITIVITY,M30,TrendRegime,BE,UP,361,360,1,112,31.024931,31.111111
POOLED_SENSITIVITY,M30,TrendRegime,BE,[MISSING],361,360,1,1,0.277008,
POOLED_SENSITIVITY,M30,TrendRegime,OTHER_NONSTOP,DOWN,1,1,0,0,0.000000,0.000000
POOLED_SENSITIVITY,M30,TrendRegime,OTHER_NONSTOP,RANGE,1,1,0,1,100.000000,100.000000
POOLED_SENSITIVITY,M30,TrendRegime,OTHER_NONSTOP,UP,1,1,0,0,0.000000,0.000000
POOLED_SENSITIVITY,M30,TrendRegime,OTHER_NONSTOP,[MISSING],1,1,0,0,0.000000,
POOLED_SENSITIVITY,M30,PriceAboveEMA200,STOP,0,88,88,0,40,45.454545,45.454545
POOLED_SENSITIVITY,M30,PriceAboveEMA200,STOP,1,88,88,0,48,54.545455,54.545455
POOLED_SENSITIVITY,M30,PriceAboveEMA200,STOP,[MISSING],88,88,0,0,0.000000,
POOLED_SENSITIVITY,M30,PriceAboveEMA200,NON-STOP,0,4776,4772,4,2098,43.927973,43.964795
POOLED_SENSITIVITY,M30,PriceAboveEMA200,NON-STOP,1,4776,4772,4,2674,55.988275,56.035205
POOLED_SENSITIVITY,M30,PriceAboveEMA200,NON-STOP,[MISSING],4776,4772,4,4,0.083752,
POOLED_SENSITIVITY,M30,PriceAboveEMA200,TARGET,0,4414,4411,3,1928,43.679203,43.708910
POOLED_SENSITIVITY,M30,PriceAboveEMA200,TARGET,1,4414,4411,3,2483,56.252832,56.291090
POOLED_SENSITIVITY,M30,PriceAboveEMA200,TARGET,[MISSING],4414,4411,3,3,0.067966,
POOLED_SENSITIVITY,M30,PriceAboveEMA200,BE,0,361,360,1,170,47.091413,47.222222
POOLED_SENSITIVITY,M30,PriceAboveEMA200,BE,1,361,360,1,190,52.631579,52.777778
POOLED_SENSITIVITY,M30,PriceAboveEMA200,BE,[MISSING],361,360,1,1,0.277008,
POOLED_SENSITIVITY,M30,PriceAboveEMA200,OTHER_NONSTOP,0,1,1,0,0,0.000000,0.000000
POOLED_SENSITIVITY,M30,PriceAboveEMA200,OTHER_NONSTOP,1,1,1,0,1,100.000000,100.000000
POOLED_SENSITIVITY,M30,PriceAboveEMA200,OTHER_NONSTOP,[MISSING],1,1,0,0,0.000000,
POOLED_SENSITIVITY,H1,DIStatus,STOP,+,88,88,0,46,52.272727,52.272727
POOLED_SENSITIVITY,H1,DIStatus,STOP,-,88,88,0,42,47.727273,47.727273
POOLED_SENSITIVITY,H1,DIStatus,STOP,[MISSING],88,88,0,0,0.000000,
POOLED_SENSITIVITY,H1,DIStatus,NON-STOP,+,4776,4767,9,2649,55.464824,55.569541
POOLED_SENSITIVITY,H1,DIStatus,NON-STOP,-,4776,4767,9,2118,44.346734,44.430459
POOLED_SENSITIVITY,H1,DIStatus,NON-STOP,[MISSING],4776,4767,9,9,0.188442,
POOLED_SENSITIVITY,H1,DIStatus,TARGET,+,4414,4406,8,2455,55.618487,55.719473
POOLED_SENSITIVITY,H1,DIStatus,TARGET,-,4414,4406,8,1951,44.200272,44.280527
POOLED_SENSITIVITY,H1,DIStatus,TARGET,[MISSING],4414,4406,8,8,0.181242,
POOLED_SENSITIVITY,H1,DIStatus,BE,+,361,360,1,194,53.739612,53.888889
POOLED_SENSITIVITY,H1,DIStatus,BE,-,361,360,1,166,45.983380,46.111111
POOLED_SENSITIVITY,H1,DIStatus,BE,[MISSING],361,360,1,1,0.277008,
POOLED_SENSITIVITY,H1,DIStatus,OTHER_NONSTOP,+,1,1,0,0,0.000000,0.000000
POOLED_SENSITIVITY,H1,DIStatus,OTHER_NONSTOP,-,1,1,0,1,100.000000,100.000000
POOLED_SENSITIVITY,H1,DIStatus,OTHER_NONSTOP,[MISSING],1,1,0,0,0.000000,
POOLED_SENSITIVITY,H1,EMAOrder,STOP,E100>E200>E20>E50,88,88,0,0,0.000000,0.000000
POOLED_SENSITIVITY,H1,EMAOrder,STOP,E100>E200>E50>E20,88,88,0,1,1.136364,1.136364
POOLED_SENSITIVITY,H1,EMAOrder,STOP,E100>E20>E200>E50,88,88,0,0,0.000000,0.000000
POOLED_SENSITIVITY,H1,EMAOrder,STOP,E100>E20>E50>E200,88,88,0,0,0.000000,0.000000
POOLED_SENSITIVITY,H1,EMAOrder,STOP,E100>E50>E200>E20,88,88,0,2,2.272727,2.272727
POOLED_SENSITIVITY,H1,EMAOrder,STOP,E100>E50>E20>E200,88,88,0,2,2.272727,2.272727
POOLED_SENSITIVITY,H1,EMAOrder,STOP,E200>E100>E20>E50,88,88,0,5,5.681818,5.681818
POOLED_SENSITIVITY,H1,EMAOrder,STOP,E200>E100>E50>E20,88,88,0,23,26.136364,26.136364
POOLED_SENSITIVITY,H1,EMAOrder,STOP,E200>E20>E100>E50,88,88,0,1,1.136364,1.136364
POOLED_SENSITIVITY,H1,EMAOrder,STOP,E200>E20>E50>E100,88,88,0,2,2.272727,2.272727
POOLED_SENSITIVITY,H1,EMAOrder,STOP,E200>E50>E100>E20,88,88,0,0,0.000000,0.000000
POOLED_SENSITIVITY,H1,EMAOrder,STOP,E200>E50>E20>E100,88,88,0,0,0.000000,0.000000
POOLED_SENSITIVITY,H1,EMAOrder,STOP,E20>E100>E200>E50,88,88,0,2,2.272727,2.272727
POOLED_SENSITIVITY,H1,EMAOrder,STOP,E20>E100>E50>E200,88,88,0,0,0.000000,0.000000
POOLED_SENSITIVITY,H1,EMAOrder,STOP,E20>E200>E100>E50,88,88,0,1,1.136364,1.136364
POOLED_SENSITIVITY,H1,EMAOrder,STOP,E20>E200>E50>E100,88,88,0,0,0.000000,0.000000
POOLED_SENSITIVITY,H1,EMAOrder,STOP,E20>E50>E100>E200,88,88,0,35,39.772727,39.772727
POOLED_SENSITIVITY,H1,EMAOrder,STOP,E20>E50>E200>E100,88,88,0,2,2.272727,2.272727
POOLED_SENSITIVITY,H1,EMAOrder,STOP,E50>E100>E200>E20,88,88,0,0,0.000000,0.000000
POOLED_SENSITIVITY,H1,EMAOrder,STOP,E50>E100>E20>E200,88,88,0,6,6.818182,6.818182
POOLED_SENSITIVITY,H1,EMAOrder,STOP,E50>E200>E100>E20,88,88,0,0,0.000000,0.000000
POOLED_SENSITIVITY,H1,EMAOrder,STOP,E50>E200>E20>E100,88,88,0,0,0.000000,0.000000
POOLED_SENSITIVITY,H1,EMAOrder,STOP,E50>E20>E100>E200,88,88,0,5,5.681818,5.681818
POOLED_SENSITIVITY,H1,EMAOrder,STOP,E50>E20>E200>E100,88,88,0,1,1.136364,1.136364
POOLED_SENSITIVITY,H1,EMAOrder,STOP,[MISSING],88,88,0,0,0.000000,
POOLED_SENSITIVITY,H1,EMAOrder,NON-STOP,E100>E200>E20>E50,4776,4767,9,13,0.272194,0.272708
POOLED_SENSITIVITY,H1,EMAOrder,NON-STOP,E100>E200>E50>E20,4776,4767,9,229,4.794807,4.803860
POOLED_SENSITIVITY,H1,EMAOrder,NON-STOP,E100>E20>E200>E50,4776,4767,9,8,0.167504,0.167820
POOLED_SENSITIVITY,H1,EMAOrder,NON-STOP,E100>E20>E50>E200,4776,4767,9,15,0.314070,0.314663
POOLED_SENSITIVITY,H1,EMAOrder,NON-STOP,E100>E50>E200>E20,4776,4767,9,180,3.768844,3.775960
POOLED_SENSITIVITY,H1,EMAOrder,NON-STOP,E100>E50>E20>E200,4776,4767,9,110,2.303183,2.307531
POOLED_SENSITIVITY,H1,EMAOrder,NON-STOP,E200>E100>E20>E50,4776,4767,9,291,6.092965,6.104468
POOLED_SENSITIVITY,H1,EMAOrder,NON-STOP,E200>E100>E50>E20,4776,4767,9,969,20.288945,20.327250
POOLED_SENSITIVITY,H1,EMAOrder,NON-STOP,E200>E20>E100>E50,4776,4767,9,213,4.459799,4.468219
POOLED_SENSITIVITY,H1,EMAOrder,NON-STOP,E200>E20>E50>E100,4776,4767,9,94,1.968174,1.971890
POOLED_SENSITIVITY,H1,EMAOrder,NON-STOP,E200>E50>E100>E20,4776,4767,9,27,0.565327,0.566394
POOLED_SENSITIVITY,H1,EMAOrder,NON-STOP,E200>E50>E20>E100,4776,4767,9,16,0.335008,0.335641
POOLED_SENSITIVITY,H1,EMAOrder,NON-STOP,E20>E100>E200>E50,4776,4767,9,11,0.230318,0.230753
POOLED_SENSITIVITY,H1,EMAOrder,NON-STOP,E20>E100>E50>E200,4776,4767,9,33,0.690955,0.692259
POOLED_SENSITIVITY,H1,EMAOrder,NON-STOP,E20>E200>E100>E50,4776,4767,9,36,0.753769,0.755192
POOLED_SENSITIVITY,H1,EMAOrder,NON-STOP,E20>E200>E50>E100,4776,4767,9,186,3.894472,3.901825
POOLED_SENSITIVITY,H1,EMAOrder,NON-STOP,E20>E50>E100>E200,4776,4767,9,1449,30.339196,30.396476
POOLED_SENSITIVITY,H1,EMAOrder,NON-STOP,E20>E50>E200>E100,4776,4767,9,232,4.857621,4.866793
POOLED_SENSITIVITY,H1,EMAOrder,NON-STOP,E50>E100>E200>E20,4776,4767,9,31,0.649079,0.650304
POOLED_SENSITIVITY,H1,EMAOrder,NON-STOP,E50>E100>E20>E200,4776,4767,9,232,4.857621,4.866793
POOLED_SENSITIVITY,H1,EMAOrder,NON-STOP,E50>E200>E100>E20,4776,4767,9,8,0.167504,0.167820
POOLED_SENSITIVITY,H1,EMAOrder,NON-STOP,E50>E200>E20>E100,4776,4767,9,1,0.020938,0.020978
POOLED_SENSITIVITY,H1,EMAOrder,NON-STOP,E50>E20>E100>E200,4776,4767,9,376,7.872697,7.887560
POOLED_SENSITIVITY,H1,EMAOrder,NON-STOP,E50>E20>E200>E100,4776,4767,9,7,0.146566,0.146843
POOLED_SENSITIVITY,H1,EMAOrder,NON-STOP,[MISSING],4776,4767,9,9,0.188442,
POOLED_SENSITIVITY,H1,EMAOrder,TARGET,E100>E200>E20>E50,4414,4406,8,12,0.271862,0.272356
POOLED_SENSITIVITY,H1,EMAOrder,TARGET,E100>E200>E50>E20,4414,4406,8,218,4.938831,4.947798
POOLED_SENSITIVITY,H1,EMAOrder,TARGET,E100>E20>E200>E50,4414,4406,8,8,0.181242,0.181571
POOLED_SENSITIVITY,H1,EMAOrder,TARGET,E100>E20>E50>E200,4414,4406,8,13,0.294517,0.295052
POOLED_SENSITIVITY,H1,EMAOrder,TARGET,E100>E50>E200>E20,4414,4406,8,169,3.828727,3.835679
POOLED_SENSITIVITY,H1,EMAOrder,TARGET,E100>E50>E20>E200,4414,4406,8,104,2.356140,2.360418
POOLED_SENSITIVITY,H1,EMAOrder,TARGET,E200>E100>E20>E50,4414,4406,8,268,6.071590,6.082615
POOLED_SENSITIVITY,H1,EMAOrder,TARGET,E200>E100>E50>E20,4414,4406,8,881,19.959221,19.995461
POOLED_SENSITIVITY,H1,EMAOrder,TARGET,E200>E20>E100>E50,4414,4406,8,198,4.485727,4.493872
POOLED_SENSITIVITY,H1,EMAOrder,TARGET,E200>E20>E50>E100,4414,4406,8,87,1.971001,1.974580
POOLED_SENSITIVITY,H1,EMAOrder,TARGET,E200>E50>E100>E20,4414,4406,8,26,0.589035,0.590104
POOLED_SENSITIVITY,H1,EMAOrder,TARGET,E200>E50>E20>E100,4414,4406,8,14,0.317173,0.317749
POOLED_SENSITIVITY,H1,EMAOrder,TARGET,E20>E100>E200>E50,4414,4406,8,10,0.226552,0.226963
POOLED_SENSITIVITY,H1,EMAOrder,TARGET,E20>E100>E50>E200,4414,4406,8,31,0.702311,0.703586
POOLED_SENSITIVITY,H1,EMAOrder,TARGET,E20>E200>E100>E50,4414,4406,8,34,0.770276,0.771675
POOLED_SENSITIVITY,H1,EMAOrder,TARGET,E20>E200>E50>E100,4414,4406,8,169,3.828727,3.835679
POOLED_SENSITIVITY,H1,EMAOrder,TARGET,E20>E50>E100>E200,4414,4406,8,1341,30.380607,30.435769
POOLED_SENSITIVITY,H1,EMAOrder,TARGET,E20>E50>E200>E100,4414,4406,8,220,4.984141,4.993191
POOLED_SENSITIVITY,H1,EMAOrder,TARGET,E50>E100>E200>E20,4414,4406,8,30,0.679656,0.680890
POOLED_SENSITIVITY,H1,EMAOrder,TARGET,E50>E100>E20>E200,4414,4406,8,210,4.757589,4.766228
POOLED_SENSITIVITY,H1,EMAOrder,TARGET,E50>E200>E100>E20,4414,4406,8,6,0.135931,0.136178
POOLED_SENSITIVITY,H1,EMAOrder,TARGET,E50>E200>E20>E100,4414,4406,8,1,0.022655,0.022696
POOLED_SENSITIVITY,H1,EMAOrder,TARGET,E50>E20>E100>E200,4414,4406,8,349,7.906661,7.921017
POOLED_SENSITIVITY,H1,EMAOrder,TARGET,E50>E20>E200>E100,4414,4406,8,7,0.158586,0.158874
POOLED_SENSITIVITY,H1,EMAOrder,TARGET,[MISSING],4414,4406,8,8,0.181242,
POOLED_SENSITIVITY,H1,EMAOrder,BE,E100>E200>E20>E50,361,360,1,1,0.277008,0.277778
POOLED_SENSITIVITY,H1,EMAOrder,BE,E100>E200>E50>E20,361,360,1,11,3.047091,3.055556
POOLED_SENSITIVITY,H1,EMAOrder,BE,E100>E20>E200>E50,361,360,1,0,0.000000,0.000000
POOLED_SENSITIVITY,H1,EMAOrder,BE,E100>E20>E50>E200,361,360,1,2,0.554017,0.555556
POOLED_SENSITIVITY,H1,EMAOrder,BE,E100>E50>E200>E20,361,360,1,11,3.047091,3.055556
POOLED_SENSITIVITY,H1,EMAOrder,BE,E100>E50>E20>E200,361,360,1,6,1.662050,1.666667
POOLED_SENSITIVITY,H1,EMAOrder,BE,E200>E100>E20>E50,361,360,1,23,6.371191,6.388889
POOLED_SENSITIVITY,H1,EMAOrder,BE,E200>E100>E50>E20,361,360,1,88,24.376731,24.444444
POOLED_SENSITIVITY,H1,EMAOrder,BE,E200>E20>E100>E50,361,360,1,15,4.155125,4.166667
POOLED_SENSITIVITY,H1,EMAOrder,BE,E200>E20>E50>E100,361,360,1,7,1.939058,1.944444
POOLED_SENSITIVITY,H1,EMAOrder,BE,E200>E50>E100>E20,361,360,1,1,0.277008,0.277778
POOLED_SENSITIVITY,H1,EMAOrder,BE,E200>E50>E20>E100,361,360,1,2,0.554017,0.555556
POOLED_SENSITIVITY,H1,EMAOrder,BE,E20>E100>E200>E50,361,360,1,1,0.277008,0.277778
POOLED_SENSITIVITY,H1,EMAOrder,BE,E20>E100>E50>E200,361,360,1,2,0.554017,0.555556
POOLED_SENSITIVITY,H1,EMAOrder,BE,E20>E200>E100>E50,361,360,1,2,0.554017,0.555556
POOLED_SENSITIVITY,H1,EMAOrder,BE,E20>E200>E50>E100,361,360,1,17,4.709141,4.722222
POOLED_SENSITIVITY,H1,EMAOrder,BE,E20>E50>E100>E200,361,360,1,107,29.639889,29.722222
POOLED_SENSITIVITY,H1,EMAOrder,BE,E20>E50>E200>E100,361,360,1,12,3.324100,3.333333
POOLED_SENSITIVITY,H1,EMAOrder,BE,E50>E100>E200>E20,361,360,1,1,0.277008,0.277778
POOLED_SENSITIVITY,H1,EMAOrder,BE,E50>E100>E20>E200,361,360,1,22,6.094183,6.111111
POOLED_SENSITIVITY,H1,EMAOrder,BE,E50>E200>E100>E20,361,360,1,2,0.554017,0.555556
POOLED_SENSITIVITY,H1,EMAOrder,BE,E50>E200>E20>E100,361,360,1,0,0.000000,0.000000
POOLED_SENSITIVITY,H1,EMAOrder,BE,E50>E20>E100>E200,361,360,1,27,7.479224,7.500000
POOLED_SENSITIVITY,H1,EMAOrder,BE,E50>E20>E200>E100,361,360,1,0,0.000000,0.000000
POOLED_SENSITIVITY,H1,EMAOrder,BE,[MISSING],361,360,1,1,0.277008,
POOLED_SENSITIVITY,H1,EMAOrder,OTHER_NONSTOP,E100>E200>E20>E50,1,1,0,0,0.000000,0.000000
POOLED_SENSITIVITY,H1,EMAOrder,OTHER_NONSTOP,E100>E200>E50>E20,1,1,0,0,0.000000,0.000000
POOLED_SENSITIVITY,H1,EMAOrder,OTHER_NONSTOP,E100>E20>E200>E50,1,1,0,0,0.000000,0.000000
POOLED_SENSITIVITY,H1,EMAOrder,OTHER_NONSTOP,E100>E20>E50>E200,1,1,0,0,0.000000,0.000000
POOLED_SENSITIVITY,H1,EMAOrder,OTHER_NONSTOP,E100>E50>E200>E20,1,1,0,0,0.000000,0.000000
POOLED_SENSITIVITY,H1,EMAOrder,OTHER_NONSTOP,E100>E50>E20>E200,1,1,0,0,0.000000,0.000000
POOLED_SENSITIVITY,H1,EMAOrder,OTHER_NONSTOP,E200>E100>E20>E50,1,1,0,0,0.000000,0.000000
POOLED_SENSITIVITY,H1,EMAOrder,OTHER_NONSTOP,E200>E100>E50>E20,1,1,0,0,0.000000,0.000000
POOLED_SENSITIVITY,H1,EMAOrder,OTHER_NONSTOP,E200>E20>E100>E50,1,1,0,0,0.000000,0.000000
POOLED_SENSITIVITY,H1,EMAOrder,OTHER_NONSTOP,E200>E20>E50>E100,1,1,0,0,0.000000,0.000000
POOLED_SENSITIVITY,H1,EMAOrder,OTHER_NONSTOP,E200>E50>E100>E20,1,1,0,0,0.000000,0.000000
POOLED_SENSITIVITY,H1,EMAOrder,OTHER_NONSTOP,E200>E50>E20>E100,1,1,0,0,0.000000,0.000000
POOLED_SENSITIVITY,H1,EMAOrder,OTHER_NONSTOP,E20>E100>E200>E50,1,1,0,0,0.000000,0.000000
POOLED_SENSITIVITY,H1,EMAOrder,OTHER_NONSTOP,E20>E100>E50>E200,1,1,0,0,0.000000,0.000000
POOLED_SENSITIVITY,H1,EMAOrder,OTHER_NONSTOP,E20>E200>E100>E50,1,1,0,0,0.000000,0.000000
POOLED_SENSITIVITY,H1,EMAOrder,OTHER_NONSTOP,E20>E200>E50>E100,1,1,0,0,0.000000,0.000000
POOLED_SENSITIVITY,H1,EMAOrder,OTHER_NONSTOP,E20>E50>E100>E200,1,1,0,1,100.000000,100.000000
POOLED_SENSITIVITY,H1,EMAOrder,OTHER_NONSTOP,E20>E50>E200>E100,1,1,0,0,0.000000,0.000000
POOLED_SENSITIVITY,H1,EMAOrder,OTHER_NONSTOP,E50>E100>E200>E20,1,1,0,0,0.000000,0.000000
POOLED_SENSITIVITY,H1,EMAOrder,OTHER_NONSTOP,E50>E100>E20>E200,1,1,0,0,0.000000,0.000000
POOLED_SENSITIVITY,H1,EMAOrder,OTHER_NONSTOP,E50>E200>E100>E20,1,1,0,0,0.000000,0.000000
POOLED_SENSITIVITY,H1,EMAOrder,OTHER_NONSTOP,E50>E200>E20>E100,1,1,0,0,0.000000,0.000000
POOLED_SENSITIVITY,H1,EMAOrder,OTHER_NONSTOP,E50>E20>E100>E200,1,1,0,0,0.000000,0.000000
POOLED_SENSITIVITY,H1,EMAOrder,OTHER_NONSTOP,E50>E20>E200>E100,1,1,0,0,0.000000,0.000000
POOLED_SENSITIVITY,H1,EMAOrder,OTHER_NONSTOP,[MISSING],1,1,0,0,0.000000,
POOLED_SENSITIVITY,H1,TrendRegime,STOP,DOWN,88,88,0,23,26.136364,26.136364
POOLED_SENSITIVITY,H1,TrendRegime,STOP,RANGE,88,88,0,30,34.090909,34.090909
POOLED_SENSITIVITY,H1,TrendRegime,STOP,UP,88,88,0,35,39.772727,39.772727
POOLED_SENSITIVITY,H1,TrendRegime,STOP,[MISSING],88,88,0,0,0.000000,
POOLED_SENSITIVITY,H1,TrendRegime,NON-STOP,DOWN,4776,4767,9,969,20.288945,20.327250
POOLED_SENSITIVITY,H1,TrendRegime,NON-STOP,RANGE,4776,4767,9,2349,49.183417,49.276274
POOLED_SENSITIVITY,H1,TrendRegime,NON-STOP,UP,4776,4767,9,1449,30.339196,30.396476
POOLED_SENSITIVITY,H1,TrendRegime,NON-STOP,[MISSING],4776,4767,9,9,0.188442,
POOLED_SENSITIVITY,H1,TrendRegime,TARGET,DOWN,4414,4406,8,881,19.959221,19.995461
POOLED_SENSITIVITY,H1,TrendRegime,TARGET,RANGE,4414,4406,8,2184,49.478931,49.568770
POOLED_SENSITIVITY,H1,TrendRegime,TARGET,UP,4414,4406,8,1341,30.380607,30.435769
POOLED_SENSITIVITY,H1,TrendRegime,TARGET,[MISSING],4414,4406,8,8,0.181242,
POOLED_SENSITIVITY,H1,TrendRegime,BE,DOWN,361,360,1,88,24.376731,24.444444
POOLED_SENSITIVITY,H1,TrendRegime,BE,RANGE,361,360,1,165,45.706371,45.833333
POOLED_SENSITIVITY,H1,TrendRegime,BE,UP,361,360,1,107,29.639889,29.722222
POOLED_SENSITIVITY,H1,TrendRegime,BE,[MISSING],361,360,1,1,0.277008,
POOLED_SENSITIVITY,H1,TrendRegime,OTHER_NONSTOP,DOWN,1,1,0,0,0.000000,0.000000
POOLED_SENSITIVITY,H1,TrendRegime,OTHER_NONSTOP,RANGE,1,1,0,0,0.000000,0.000000
POOLED_SENSITIVITY,H1,TrendRegime,OTHER_NONSTOP,UP,1,1,0,1,100.000000,100.000000
POOLED_SENSITIVITY,H1,TrendRegime,OTHER_NONSTOP,[MISSING],1,1,0,0,0.000000,
POOLED_SENSITIVITY,H1,PriceAboveEMA200,STOP,0,88,88,0,35,39.772727,39.772727
POOLED_SENSITIVITY,H1,PriceAboveEMA200,STOP,1,88,88,0,53,60.227273,60.227273
POOLED_SENSITIVITY,H1,PriceAboveEMA200,STOP,[MISSING],88,88,0,0,0.000000,
POOLED_SENSITIVITY,H1,PriceAboveEMA200,NON-STOP,0,4776,4767,9,2021,42.315745,42.395637
POOLED_SENSITIVITY,H1,PriceAboveEMA200,NON-STOP,1,4776,4767,9,2746,57.495812,57.604363
POOLED_SENSITIVITY,H1,PriceAboveEMA200,NON-STOP,[MISSING],4776,4767,9,9,0.188442,
POOLED_SENSITIVITY,H1,PriceAboveEMA200,TARGET,0,4414,4406,8,1865,42.251926,42.328643
POOLED_SENSITIVITY,H1,PriceAboveEMA200,TARGET,1,4414,4406,8,2541,57.566833,57.671357
POOLED_SENSITIVITY,H1,PriceAboveEMA200,TARGET,[MISSING],4414,4406,8,8,0.181242,
POOLED_SENSITIVITY,H1,PriceAboveEMA200,BE,0,361,360,1,156,43.213296,43.333333
POOLED_SENSITIVITY,H1,PriceAboveEMA200,BE,1,361,360,1,204,56.509695,56.666667
POOLED_SENSITIVITY,H1,PriceAboveEMA200,BE,[MISSING],361,360,1,1,0.277008,
POOLED_SENSITIVITY,H1,PriceAboveEMA200,OTHER_NONSTOP,0,1,1,0,0,0.000000,0.000000
POOLED_SENSITIVITY,H1,PriceAboveEMA200,OTHER_NONSTOP,1,1,1,0,1,100.000000,100.000000
POOLED_SENSITIVITY,H1,PriceAboveEMA200,OTHER_NONSTOP,[MISSING],1,1,0,0,0.000000,
POOLED_SENSITIVITY,H4,DIStatus,STOP,+,88,87,1,46,52.272727,52.873563
POOLED_SENSITIVITY,H4,DIStatus,STOP,-,88,87,1,41,46.590909,47.126437
POOLED_SENSITIVITY,H4,DIStatus,STOP,[MISSING],88,87,1,1,1.136364,
POOLED_SENSITIVITY,H4,DIStatus,NON-STOP,+,4776,4730,46,2615,54.752931,55.285412
POOLED_SENSITIVITY,H4,DIStatus,NON-STOP,-,4776,4730,46,2115,44.283920,44.714588
POOLED_SENSITIVITY,H4,DIStatus,NON-STOP,[MISSING],4776,4730,46,46,0.963149,
POOLED_SENSITIVITY,H4,DIStatus,TARGET,+,4414,4369,45,2440,55.278659,55.848020
POOLED_SENSITIVITY,H4,DIStatus,TARGET,-,4414,4369,45,1929,43.701858,44.151980
POOLED_SENSITIVITY,H4,DIStatus,TARGET,[MISSING],4414,4369,45,45,1.019483,
POOLED_SENSITIVITY,H4,DIStatus,BE,+,361,360,1,174,48.199446,48.333333
POOLED_SENSITIVITY,H4,DIStatus,BE,-,361,360,1,186,51.523546,51.666667
POOLED_SENSITIVITY,H4,DIStatus,BE,[MISSING],361,360,1,1,0.277008,
POOLED_SENSITIVITY,H4,DIStatus,OTHER_NONSTOP,+,1,1,0,1,100.000000,100.000000
POOLED_SENSITIVITY,H4,DIStatus,OTHER_NONSTOP,-,1,1,0,0,0.000000,0.000000
POOLED_SENSITIVITY,H4,DIStatus,OTHER_NONSTOP,[MISSING],1,1,0,0,0.000000,
POOLED_SENSITIVITY,H4,EMAOrder,STOP,E100>E200>E20>E50,88,87,1,0,0.000000,0.000000
POOLED_SENSITIVITY,H4,EMAOrder,STOP,E100>E200>E50>E20,88,87,1,2,2.272727,2.298851
POOLED_SENSITIVITY,H4,EMAOrder,STOP,E100>E20>E200>E50,88,87,1,0,0.000000,0.000000
POOLED_SENSITIVITY,H4,EMAOrder,STOP,E100>E20>E50>E200,88,87,1,0,0.000000,0.000000
POOLED_SENSITIVITY,H4,EMAOrder,STOP,E100>E50>E200>E20,88,87,1,3,3.409091,3.448276
POOLED_SENSITIVITY,H4,EMAOrder,STOP,E100>E50>E20>E200,88,87,1,0,0.000000,0.000000
POOLED_SENSITIVITY,H4,EMAOrder,STOP,E200>E100>E20>E50,88,87,1,6,6.818182,6.896552
POOLED_SENSITIVITY,H4,EMAOrder,STOP,E200>E100>E50>E20,88,87,1,21,23.863636,24.137931
POOLED_SENSITIVITY,H4,EMAOrder,STOP,E200>E20>E100>E50,88,87,1,4,4.545455,4.597701
POOLED_SENSITIVITY,H4,EMAOrder,STOP,E200>E20>E50>E100,88,87,1,2,2.272727,2.298851
POOLED_SENSITIVITY,H4,EMAOrder,STOP,E200>E50>E100>E20,88,87,1,0,0.000000,0.000000
POOLED_SENSITIVITY,H4,EMAOrder,STOP,E200>E50>E20>E100,88,87,1,0,0.000000,0.000000
POOLED_SENSITIVITY,H4,EMAOrder,STOP,E20>E100>E200>E50,88,87,1,0,0.000000,0.000000
POOLED_SENSITIVITY,H4,EMAOrder,STOP,E20>E100>E50>E200,88,87,1,0,0.000000,0.000000
POOLED_SENSITIVITY,H4,EMAOrder,STOP,E20>E200>E100>E50,88,87,1,0,0.000000,0.000000
POOLED_SENSITIVITY,H4,EMAOrder,STOP,E20>E200>E50>E100,88,87,1,3,3.409091,3.448276
POOLED_SENSITIVITY,H4,EMAOrder,STOP,E20>E50>E100>E200,88,87,1,35,39.772727,40.229885
POOLED_SENSITIVITY,H4,EMAOrder,STOP,E20>E50>E200>E100,88,87,1,2,2.272727,2.298851
POOLED_SENSITIVITY,H4,EMAOrder,STOP,E50>E100>E200>E20,88,87,1,2,2.272727,2.298851
POOLED_SENSITIVITY,H4,EMAOrder,STOP,E50>E100>E20>E200,88,87,1,4,4.545455,4.597701
POOLED_SENSITIVITY,H4,EMAOrder,STOP,E50>E200>E100>E20,88,87,1,0,0.000000,0.000000
POOLED_SENSITIVITY,H4,EMAOrder,STOP,E50>E200>E20>E100,88,87,1,0,0.000000,0.000000
POOLED_SENSITIVITY,H4,EMAOrder,STOP,E50>E20>E100>E200,88,87,1,3,3.409091,3.448276
POOLED_SENSITIVITY,H4,EMAOrder,STOP,E50>E20>E200>E100,88,87,1,0,0.000000,0.000000
POOLED_SENSITIVITY,H4,EMAOrder,STOP,[MISSING],88,87,1,1,1.136364,
POOLED_SENSITIVITY,H4,EMAOrder,NON-STOP,E100>E200>E20>E50,4776,4730,46,11,0.230318,0.232558
POOLED_SENSITIVITY,H4,EMAOrder,NON-STOP,E100>E200>E50>E20,4776,4730,46,133,2.784757,2.811839
POOLED_SENSITIVITY,H4,EMAOrder,NON-STOP,E100>E20>E200>E50,4776,4730,46,7,0.146566,0.147992
POOLED_SENSITIVITY,H4,EMAOrder,NON-STOP,E100>E20>E50>E200,4776,4730,46,15,0.314070,0.317125
POOLED_SENSITIVITY,H4,EMAOrder,NON-STOP,E100>E50>E200>E20,4776,4730,46,82,1.716918,1.733615
POOLED_SENSITIVITY,H4,EMAOrder,NON-STOP,E100>E50>E20>E200,4776,4730,46,117,2.449749,2.473573
POOLED_SENSITIVITY,H4,EMAOrder,NON-STOP,E200>E100>E20>E50,4776,4730,46,287,6.009213,6.067653
POOLED_SENSITIVITY,H4,EMAOrder,NON-STOP,E200>E100>E50>E20,4776,4730,46,1253,26.235343,26.490486
POOLED_SENSITIVITY,H4,EMAOrder,NON-STOP,E200>E20>E100>E50,4776,4730,46,133,2.784757,2.811839
POOLED_SENSITIVITY,H4,EMAOrder,NON-STOP,E200>E20>E50>E100,4776,4730,46,42,0.879397,0.887949
POOLED_SENSITIVITY,H4,EMAOrder,NON-STOP,E200>E50>E100>E20,4776,4730,46,18,0.376884,0.380550
POOLED_SENSITIVITY,H4,EMAOrder,NON-STOP,E200>E50>E20>E100,4776,4730,46,9,0.188442,0.190275
POOLED_SENSITIVITY,H4,EMAOrder,NON-STOP,E20>E100>E200>E50,4776,4730,46,16,0.335008,0.338266
POOLED_SENSITIVITY,H4,EMAOrder,NON-STOP,E20>E100>E50>E200,4776,4730,46,23,0.481575,0.486258
POOLED_SENSITIVITY,H4,EMAOrder,NON-STOP,E20>E200>E100>E50,4776,4730,46,28,0.586265,0.591966
POOLED_SENSITIVITY,H4,EMAOrder,NON-STOP,E20>E200>E50>E100,4776,4730,46,110,2.303183,2.325581
POOLED_SENSITIVITY,H4,EMAOrder,NON-STOP,E20>E50>E100>E200,4776,4730,46,1829,38.295645,38.668076
POOLED_SENSITIVITY,H4,EMAOrder,NON-STOP,E20>E50>E200>E100,4776,4730,46,135,2.826633,2.854123
POOLED_SENSITIVITY,H4,EMAOrder,NON-STOP,E50>E100>E200>E20,4776,4730,46,19,0.397822,0.401691
POOLED_SENSITIVITY,H4,EMAOrder,NON-STOP,E50>E100>E20>E200,4776,4730,46,145,3.036013,3.065539
POOLED_SENSITIVITY,H4,EMAOrder,NON-STOP,E50>E200>E100>E20,4776,4730,46,4,0.083752,0.084567
POOLED_SENSITIVITY,H4,EMAOrder,NON-STOP,E50>E200>E20>E100,4776,4730,46,1,0.020938,0.021142
POOLED_SENSITIVITY,H4,EMAOrder,NON-STOP,E50>E20>E100>E200,4776,4730,46,311,6.511725,6.575053
POOLED_SENSITIVITY,H4,EMAOrder,NON-STOP,E50>E20>E200>E100,4776,4730,46,2,0.041876,0.042283
POOLED_SENSITIVITY,H4,EMAOrder,NON-STOP,[MISSING],4776,4730,46,46,0.963149,
POOLED_SENSITIVITY,H4,EMAOrder,TARGET,E100>E200>E20>E50,4414,4369,45,10,0.226552,0.228885
POOLED_SENSITIVITY,H4,EMAOrder,TARGET,E100>E200>E50>E20,4414,4369,45,123,2.786588,2.815290
POOLED_SENSITIVITY,H4,EMAOrder,TARGET,E100>E20>E200>E50,4414,4369,45,7,0.158586,0.160220
POOLED_SENSITIVITY,H4,EMAOrder,TARGET,E100>E20>E50>E200,4414,4369,45,15,0.339828,0.343328
POOLED_SENSITIVITY,H4,EMAOrder,TARGET,E100>E50>E200>E20,4414,4369,45,76,1.721794,1.739528
POOLED_SENSITIVITY,H4,EMAOrder,TARGET,E100>E50>E20>E200,4414,4369,45,111,2.514726,2.540627
POOLED_SENSITIVITY,H4,EMAOrder,TARGET,E200>E100>E20>E50,4414,4369,45,266,6.026280,6.088350
POOLED_SENSITIVITY,H4,EMAOrder,TARGET,E200>E100>E50>E20,4414,4369,45,1142,25.872225,26.138705
POOLED_SENSITIVITY,H4,EMAOrder,TARGET,E200>E20>E100>E50,4414,4369,45,125,2.831899,2.861067
POOLED_SENSITIVITY,H4,EMAOrder,TARGET,E200>E20>E50>E100,4414,4369,45,40,0.906208,0.915541
POOLED_SENSITIVITY,H4,EMAOrder,TARGET,E200>E50>E100>E20,4414,4369,45,18,0.407793,0.411994
POOLED_SENSITIVITY,H4,EMAOrder,TARGET,E200>E50>E20>E100,4414,4369,45,9,0.203897,0.205997
POOLED_SENSITIVITY,H4,EMAOrder,TARGET,E20>E100>E200>E50,4414,4369,45,14,0.317173,0.320439
POOLED_SENSITIVITY,H4,EMAOrder,TARGET,E20>E100>E50>E200,4414,4369,45,21,0.475759,0.480659
POOLED_SENSITIVITY,H4,EMAOrder,TARGET,E20>E200>E100>E50,4414,4369,45,25,0.566380,0.572213
POOLED_SENSITIVITY,H4,EMAOrder,TARGET,E20>E200>E50>E100,4414,4369,45,95,2.152243,2.174411
POOLED_SENSITIVITY,H4,EMAOrder,TARGET,E20>E50>E100>E200,4414,4369,45,1698,38.468509,38.864729
POOLED_SENSITIVITY,H4,EMAOrder,TARGET,E20>E50>E200>E100,4414,4369,45,123,2.786588,2.815290
POOLED_SENSITIVITY,H4,EMAOrder,TARGET,E50>E100>E200>E20,4414,4369,45,17,0.385138,0.389105
POOLED_SENSITIVITY,H4,EMAOrder,TARGET,E50>E100>E20>E200,4414,4369,45,135,3.058450,3.089952
POOLED_SENSITIVITY,H4,EMAOrder,TARGET,E50>E200>E100>E20,4414,4369,45,4,0.090621,0.091554
POOLED_SENSITIVITY,H4,EMAOrder,TARGET,E50>E200>E20>E100,4414,4369,45,1,0.022655,0.022889
POOLED_SENSITIVITY,H4,EMAOrder,TARGET,E50>E20>E100>E200,4414,4369,45,292,6.615315,6.683452
POOLED_SENSITIVITY,H4,EMAOrder,TARGET,E50>E20>E200>E100,4414,4369,45,2,0.045310,0.045777
POOLED_SENSITIVITY,H4,EMAOrder,TARGET,[MISSING],4414,4369,45,45,1.019483,
POOLED_SENSITIVITY,H4,EMAOrder,BE,E100>E200>E20>E50,361,360,1,1,0.277008,0.277778
POOLED_SENSITIVITY,H4,EMAOrder,BE,E100>E200>E50>E20,361,360,1,10,2.770083,2.777778
POOLED_SENSITIVITY,H4,EMAOrder,BE,E100>E20>E200>E50,361,360,1,0,0.000000,0.000000
POOLED_SENSITIVITY,H4,EMAOrder,BE,E100>E20>E50>E200,361,360,1,0,0.000000,0.000000
POOLED_SENSITIVITY,H4,EMAOrder,BE,E100>E50>E200>E20,361,360,1,6,1.662050,1.666667
POOLED_SENSITIVITY,H4,EMAOrder,BE,E100>E50>E20>E200,361,360,1,6,1.662050,1.666667
POOLED_SENSITIVITY,H4,EMAOrder,BE,E200>E100>E20>E50,361,360,1,21,5.817175,5.833333
POOLED_SENSITIVITY,H4,EMAOrder,BE,E200>E100>E50>E20,361,360,1,111,30.747922,30.833333
POOLED_SENSITIVITY,H4,EMAOrder,BE,E200>E20>E100>E50,361,360,1,8,2.216066,2.222222
POOLED_SENSITIVITY,H4,EMAOrder,BE,E200>E20>E50>E100,361,360,1,2,0.554017,0.555556
POOLED_SENSITIVITY,H4,EMAOrder,BE,E200>E50>E100>E20,361,360,1,0,0.000000,0.000000
POOLED_SENSITIVITY,H4,EMAOrder,BE,E200>E50>E20>E100,361,360,1,0,0.000000,0.000000
POOLED_SENSITIVITY,H4,EMAOrder,BE,E20>E100>E200>E50,361,360,1,2,0.554017,0.555556
POOLED_SENSITIVITY,H4,EMAOrder,BE,E20>E100>E50>E200,361,360,1,2,0.554017,0.555556
POOLED_SENSITIVITY,H4,EMAOrder,BE,E20>E200>E100>E50,361,360,1,3,0.831025,0.833333
POOLED_SENSITIVITY,H4,EMAOrder,BE,E20>E200>E50>E100,361,360,1,15,4.155125,4.166667
POOLED_SENSITIVITY,H4,EMAOrder,BE,E20>E50>E100>E200,361,360,1,130,36.011080,36.111111
POOLED_SENSITIVITY,H4,EMAOrder,BE,E20>E50>E200>E100,361,360,1,12,3.324100,3.333333
POOLED_SENSITIVITY,H4,EMAOrder,BE,E50>E100>E200>E20,361,360,1,2,0.554017,0.555556
POOLED_SENSITIVITY,H4,EMAOrder,BE,E50>E100>E20>E200,361,360,1,10,2.770083,2.777778
POOLED_SENSITIVITY,H4,EMAOrder,BE,E50>E200>E100>E20,361,360,1,0,0.000000,0.000000
POOLED_SENSITIVITY,H4,EMAOrder,BE,E50>E200>E20>E100,361,360,1,0,0.000000,0.000000
POOLED_SENSITIVITY,H4,EMAOrder,BE,E50>E20>E100>E200,361,360,1,19,5.263158,5.277778
POOLED_SENSITIVITY,H4,EMAOrder,BE,E50>E20>E200>E100,361,360,1,0,0.000000,0.000000
POOLED_SENSITIVITY,H4,EMAOrder,BE,[MISSING],361,360,1,1,0.277008,
POOLED_SENSITIVITY,H4,EMAOrder,OTHER_NONSTOP,E100>E200>E20>E50,1,1,0,0,0.000000,0.000000
POOLED_SENSITIVITY,H4,EMAOrder,OTHER_NONSTOP,E100>E200>E50>E20,1,1,0,0,0.000000,0.000000
POOLED_SENSITIVITY,H4,EMAOrder,OTHER_NONSTOP,E100>E20>E200>E50,1,1,0,0,0.000000,0.000000
POOLED_SENSITIVITY,H4,EMAOrder,OTHER_NONSTOP,E100>E20>E50>E200,1,1,0,0,0.000000,0.000000
POOLED_SENSITIVITY,H4,EMAOrder,OTHER_NONSTOP,E100>E50>E200>E20,1,1,0,0,0.000000,0.000000
POOLED_SENSITIVITY,H4,EMAOrder,OTHER_NONSTOP,E100>E50>E20>E200,1,1,0,0,0.000000,0.000000
POOLED_SENSITIVITY,H4,EMAOrder,OTHER_NONSTOP,E200>E100>E20>E50,1,1,0,0,0.000000,0.000000
POOLED_SENSITIVITY,H4,EMAOrder,OTHER_NONSTOP,E200>E100>E50>E20,1,1,0,0,0.000000,0.000000
POOLED_SENSITIVITY,H4,EMAOrder,OTHER_NONSTOP,E200>E20>E100>E50,1,1,0,0,0.000000,0.000000
POOLED_SENSITIVITY,H4,EMAOrder,OTHER_NONSTOP,E200>E20>E50>E100,1,1,0,0,0.000000,0.000000
POOLED_SENSITIVITY,H4,EMAOrder,OTHER_NONSTOP,E200>E50>E100>E20,1,1,0,0,0.000000,0.000000
POOLED_SENSITIVITY,H4,EMAOrder,OTHER_NONSTOP,E200>E50>E20>E100,1,1,0,0,0.000000,0.000000
POOLED_SENSITIVITY,H4,EMAOrder,OTHER_NONSTOP,E20>E100>E200>E50,1,1,0,0,0.000000,0.000000
POOLED_SENSITIVITY,H4,EMAOrder,OTHER_NONSTOP,E20>E100>E50>E200,1,1,0,0,0.000000,0.000000
POOLED_SENSITIVITY,H4,EMAOrder,OTHER_NONSTOP,E20>E200>E100>E50,1,1,0,0,0.000000,0.000000
POOLED_SENSITIVITY,H4,EMAOrder,OTHER_NONSTOP,E20>E200>E50>E100,1,1,0,0,0.000000,0.000000
POOLED_SENSITIVITY,H4,EMAOrder,OTHER_NONSTOP,E20>E50>E100>E200,1,1,0,1,100.000000,100.000000
POOLED_SENSITIVITY,H4,EMAOrder,OTHER_NONSTOP,E20>E50>E200>E100,1,1,0,0,0.000000,0.000000
POOLED_SENSITIVITY,H4,EMAOrder,OTHER_NONSTOP,E50>E100>E200>E20,1,1,0,0,0.000000,0.000000
POOLED_SENSITIVITY,H4,EMAOrder,OTHER_NONSTOP,E50>E100>E20>E200,1,1,0,0,0.000000,0.000000
POOLED_SENSITIVITY,H4,EMAOrder,OTHER_NONSTOP,E50>E200>E100>E20,1,1,0,0,0.000000,0.000000
POOLED_SENSITIVITY,H4,EMAOrder,OTHER_NONSTOP,E50>E200>E20>E100,1,1,0,0,0.000000,0.000000
POOLED_SENSITIVITY,H4,EMAOrder,OTHER_NONSTOP,E50>E20>E100>E200,1,1,0,0,0.000000,0.000000
POOLED_SENSITIVITY,H4,EMAOrder,OTHER_NONSTOP,E50>E20>E200>E100,1,1,0,0,0.000000,0.000000
POOLED_SENSITIVITY,H4,EMAOrder,OTHER_NONSTOP,[MISSING],1,1,0,0,0.000000,
POOLED_SENSITIVITY,H4,TrendRegime,STOP,DOWN,88,87,1,21,23.863636,24.137931
POOLED_SENSITIVITY,H4,TrendRegime,STOP,RANGE,88,87,1,31,35.227273,35.632184
POOLED_SENSITIVITY,H4,TrendRegime,STOP,UP,88,87,1,35,39.772727,40.229885
POOLED_SENSITIVITY,H4,TrendRegime,STOP,[MISSING],88,87,1,1,1.136364,
POOLED_SENSITIVITY,H4,TrendRegime,NON-STOP,DOWN,4776,4730,46,1253,26.235343,26.490486
POOLED_SENSITIVITY,H4,TrendRegime,NON-STOP,RANGE,4776,4730,46,1648,34.505863,34.841438
POOLED_SENSITIVITY,H4,TrendRegime,NON-STOP,UP,4776,4730,46,1829,38.295645,38.668076
POOLED_SENSITIVITY,H4,TrendRegime,NON-STOP,[MISSING],4776,4730,46,46,0.963149,
POOLED_SENSITIVITY,H4,TrendRegime,TARGET,DOWN,4414,4369,45,1142,25.872225,26.138705
POOLED_SENSITIVITY,H4,TrendRegime,TARGET,RANGE,4414,4369,45,1529,34.639783,34.996567
POOLED_SENSITIVITY,H4,TrendRegime,TARGET,UP,4414,4369,45,1698,38.468509,38.864729
POOLED_SENSITIVITY,H4,TrendRegime,TARGET,[MISSING],4414,4369,45,45,1.019483,
POOLED_SENSITIVITY,H4,TrendRegime,BE,DOWN,361,360,1,111,30.747922,30.833333
POOLED_SENSITIVITY,H4,TrendRegime,BE,RANGE,361,360,1,119,32.963989,33.055556
POOLED_SENSITIVITY,H4,TrendRegime,BE,UP,361,360,1,130,36.011080,36.111111
POOLED_SENSITIVITY,H4,TrendRegime,BE,[MISSING],361,360,1,1,0.277008,
POOLED_SENSITIVITY,H4,TrendRegime,OTHER_NONSTOP,DOWN,1,1,0,0,0.000000,0.000000
POOLED_SENSITIVITY,H4,TrendRegime,OTHER_NONSTOP,RANGE,1,1,0,0,0.000000,0.000000
POOLED_SENSITIVITY,H4,TrendRegime,OTHER_NONSTOP,UP,1,1,0,1,100.000000,100.000000
POOLED_SENSITIVITY,H4,TrendRegime,OTHER_NONSTOP,[MISSING],1,1,0,0,0.000000,
POOLED_SENSITIVITY,H4,PriceAboveEMA200,STOP,0,88,87,1,39,44.318182,44.827586
POOLED_SENSITIVITY,H4,PriceAboveEMA200,STOP,1,88,87,1,48,54.545455,55.172414
POOLED_SENSITIVITY,H4,PriceAboveEMA200,STOP,[MISSING],88,87,1,1,1.136364,
POOLED_SENSITIVITY,H4,PriceAboveEMA200,NON-STOP,0,4776,4730,46,2000,41.876047,42.283298
POOLED_SENSITIVITY,H4,PriceAboveEMA200,NON-STOP,1,4776,4730,46,2730,57.160804,57.716702
POOLED_SENSITIVITY,H4,PriceAboveEMA200,NON-STOP,[MISSING],4776,4730,46,46,0.963149,
POOLED_SENSITIVITY,H4,PriceAboveEMA200,TARGET,0,4414,4369,45,1839,41.662891,42.092012
POOLED_SENSITIVITY,H4,PriceAboveEMA200,TARGET,1,4414,4369,45,2530,57.317626,57.907988
POOLED_SENSITIVITY,H4,PriceAboveEMA200,TARGET,[MISSING],4414,4369,45,45,1.019483,
POOLED_SENSITIVITY,H4,PriceAboveEMA200,BE,0,361,360,1,161,44.598338,44.722222
POOLED_SENSITIVITY,H4,PriceAboveEMA200,BE,1,361,360,1,199,55.124654,55.277778
POOLED_SENSITIVITY,H4,PriceAboveEMA200,BE,[MISSING],361,360,1,1,0.277008,
POOLED_SENSITIVITY,H4,PriceAboveEMA200,OTHER_NONSTOP,0,1,1,0,0,0.000000,0.000000
POOLED_SENSITIVITY,H4,PriceAboveEMA200,OTHER_NONSTOP,1,1,1,0,1,100.000000,100.000000
POOLED_SENSITIVITY,H4,PriceAboveEMA200,OTHER_NONSTOP,[MISSING],1,1,0,0,0.000000,
