MatchKey_Step1Time,Dir,FillPrice,M0_ID,M2_ID,M2_Decision,M0_MaxStep,M2_MaxStep,M0_FinalProfit,M2_FinalProfit,D_PnL,M0_FinalEvent,M2_FinalEvent,M0_FinalStopDollar,M2_FinalStopDollar,M0_TargetHit,M2_TargetHit,M0_HitTP1,M2_HitTP1,M0_HitTP2,M2_HitTP2,M0_HitEMA200,M2_HitEMA200,M0_ReachedStep5,M2_ReachedStep5,M0_ProfitPositive,M2_ProfitPositive,M0_SetupMaxDDMoney,M2_SetupMaxDDMoney,M0_SetupMaxDDPct,M2_SetupMaxDDPct,M0_DurationMin,M2_DurationMin,M0_DollarStopUSD_Step1,M2_DollarStopUSD_Step1,M0_BasketBE,M2_BasketBE,M0_EOT,M2_EOT,M0_OutcomeComplete,M2_OutcomeComplete
2014.01.03 04:17:09,BUY,1229.95,1,1,NONE,1,1,2.02,2.02,0.0,EMA->TP1,EMA->TP1,0,0,1,1,1,1,0,0,1,1,0,0,1,1,0.95,0.95,0.00,0.00,74,74,300.00,300.00,0,0,0,0,1,1
2014.01.03 13:15:00,BUY,1230.98,2,2,NONE,2,2,3.73,3.73,0.0,TP2,TP2,0,0,1,1,0,0,1,1,0,0,0,0,1,1,7.4,7.4,0.00,0.00,29,29,300.00,300.00,0,0,0,0,1,1
2014.01.06 00:14:00,BUY,1235.23,3,3,NONE,1,1,4.21,4.21,0.0,EMA->TP1,EMA->TP1,0,0,1,1,1,1,0,0,1,1,0,0,1,1,2.21,2.21,0.00,0.00,77,77,300.00,300.00,0,0,0,0,1,1
2014.01.07 23:45:17,BUY,1230.91,4,4,ALLOW,4,4,2.13,2.13,0.0,NET_BASKET_BE,NET_BASKET_BE,0,0,0,0,0,0,0,0,0,0,0,0,1,1,21.36,21.36,0.00,0.00,49,49,300.00,300.00,1,1,0,0,1,1
2014.01.09 02:46:12,BUY,1226.82,5,5,NONE,2,2,2.0,2.0,0.0,EMA->TP2,EMA->TP2,0,0,1,1,0,0,1,1,1,1,0,0,1,1,3.4,3.4,0.00,0.00,198,198,300.00,300.00,0,0,0,0,1,1
2014.01.10 00:03:00,BUY,1229.35,6,6,NONE,2,2,2.04,2.04,0.0,EMA->TP2,EMA->TP2,0,0,1,1,0,0,1,1,1,1,0,0,1,1,4.32,4.32,0.00,0.00,88,88,300.00,300.00,0,0,0,0,1,1
2014.01.10 12:43:00,BUY,1233.23,7,7,NONE,1,1,2.01,2.01,0.0,EMA->TP1,EMA->TP1,0,0,1,1,1,1,0,0,1,1,0,0,1,1,1.27,1.27,0.00,0.00,27,27,300.00,300.00,0,0,0,0,1,1
2014.01.10 17:19:00,BUY,1244.14,8,8,NONE,1,1,2.02,2.02,0.0,EMA->TP1,EMA->TP1,0,0,1,1,1,1,0,0,1,1,0,0,1,1,1.3,1.3,0.00,0.00,32,32,300.00,300.00,0,0,0,0,1,1
2014.01.13 05:38:00,BUY,1251.89,9,9,NONE,3,3,5.39,5.39,0.0,EMA->TP3,EMA->TP3,0,0,1,1,0,0,0,0,1,1,0,0,1,1,30.05,30.05,0.01,0.01,622,622,300.00,300.00,0,0,0,0,1,1
2014.01.15 16:12:00,SELL,1241.24,10,10,NONE,1,1,2.91,2.91,0.0,EMA->TP1,EMA->TP1,0,0,1,1,1,1,0,0,1,1,0,0,1,1,2.22,2.22,0.00,0.00,188,188,300.00,300.00,0,0,0,0,1,1
2014.01.16 12:39:00,SELL,1238.94,11,11,NONE,3,3,2.58,2.58,0.0,EMA->TP3,EMA->TP3,0,0,1,1,0,0,0,0,1,1,0,0,1,1,22.35,22.35,0.00,0.00,139,139,300.00,300.00,0,0,0,0,1,1
2014.01.17 02:06:00,SELL,1243.23,12,12,NONE,2,2,2.37,2.37,0.0,TP2->EMA->TP2,TP2->EMA->TP2,0,0,1,1,0,0,1,1,1,1,0,0,1,1,2.28,2.28,0.00,0.00,94,94,300.00,300.00,0,0,0,0,1,1
2014.01.17 03:44:01,BUY,1243.31,13,13,NONE,2,2,2.03,2.03,0.0,EMA->TP2,EMA->TP2,0,0,1,1,0,0,1,1,1,1,0,0,1,1,4.82,4.82,0.00,0.00,122,122,300.00,300.00,0,0,0,0,1,1
2014.01.17 07:56:01,BUY,1241.00,14,14,NONE,1,1,2.73,2.73,0.0,EMA->TP1,EMA->TP1,0,0,1,1,1,1,0,0,1,1,0,0,1,1,1.76,1.76,0.00,0.00,96,96,300.00,300.00,0,0,0,0,1,1
2014.01.17 10:14:10,BUY,1241.59,15,15,NONE,3,3,4.04,4.04,0.0,EMA->TP1->TP3,EMA->TP1->TP3,0,0,1,1,1,1,0,0,1,1,0,0,1,1,17.88,17.88,0.00,0.00,144,144,300.00,300.00,0,0,0,0,1,1
2014.01.17 20:52:02,BUY,1252.52,16,16,NONE,1,1,7.32,7.32,0.0,EMA->TP1,EMA->TP1,0,0,1,1,1,1,0,0,1,1,0,0,1,1,2.87,2.87,0.00,0.00,3009,3009,300.00,300.00,0,0,0,0,1,1
2014.01.20 04:37:05,BUY,1255.63,17,17,NONE,2,2,2.0,2.0,0.0,EMA->TP1->TP2,EMA->TP1->TP2,0,0,1,1,1,1,1,1,1,1,0,0,1,1,3.49,3.49,0.00,0.00,169,169,300.00,300.00,0,0,0,0,1,1
2014.01.21 06:55:02,BUY,1252.80,18,18,NONE,3,3,2.06,2.06,0.0,EMA->TP1->TP3,EMA->TP1->TP3,0,0,1,1,1,1,0,0,1,1,0,0,1,1,9.02,9.02,0.00,0.00,82,82,300.00,300.00,0,0,0,0,1,1
2014.01.21 16:36:02,SELL,1240.77,19,19,NONE,2,2,2.48,2.48,0.0,EMA->TP2,EMA->TP2,0,0,1,1,0,0,1,1,1,1,0,0,1,1,3.23,3.23,0.00,0.00,64,64,300.00,300.00,0,0,0,0,1,1
2014.01.22 00:54:01,BUY,1243.05,20,20,NONE,2,2,2.13,2.13,0.0,EMA->TP2,EMA->TP2,0,0,1,1,0,0,1,1,1,1,0,0,1,1,5.39,5.39,0.00,0.00,167,167,300.00,300.00,0,0,0,0,1,1
2014.01.22 05:23:07,BUY,1242.66,21,21,NONE,3,3,2.02,2.02,0.0,EMA->TP3,EMA->TP3,0,0,1,1,0,0,0,0,1,1,0,0,1,1,14.34,14.34,0.00,0.00,143,143,300.00,300.00,0,0,0,0,1,1
2014.01.22 07:50:01,SELL,1241.38,22,22,NONE,1,1,2.0,2.0,0.0,EMA->TP1,EMA->TP1,0,0,1,1,1,1,0,0,1,1,0,0,1,1,2.39,2.39,0.00,0.00,64,64,300.00,300.00,0,0,0,0,1,1
2014.01.22 10:56:06,SELL,1239.91,23,23,NONE,3,3,2.02,2.02,0.0,EMA->TP2->TP3,EMA->TP2->TP3,0,0,1,1,0,0,1,1,1,1,0,0,1,1,13.88,13.88,0.00,0.00,126,126,300.00,300.00,0,0,0,0,1,1
2014.01.22 16:19:00,SELL,1240.79,24,24,NONE,1,1,2.04,2.04,0.0,EMA->TP1,EMA->TP1,0,0,1,1,1,1,0,0,1,1,0,0,1,1,1.45,1.45,0.00,0.00,246,246,300.00,300.00,0,0,0,0,1,1
2014.01.22 20:47:01,BUY,1238.06,25,25,NONE,3,3,4.34,4.34,0.0,EMA->TP3,EMA->TP3,0,0,1,1,0,0,0,0,1,1,0,0,1,1,33.36,33.36,0.01,0.01,613,613,300.00,300.00,0,0,0,0,1,1
2014.01.24 07:13:00,BUY,1259.30,26,26,NONE,2,2,2.0,2.0,0.0,EMA->TP2,EMA->TP2,0,0,1,1,0,0,1,1,1,1,0,0,1,1,5.68,5.68,0.00,0.00,78,78,300.00,300.00,0,0,0,0,1,1
2014.01.27 06:41:02,BUY,1269.73,27,27,NONE,2,2,2.18,2.18,0.0,EMA->TP2,EMA->TP2,0,0,1,1,0,0,1,1,1,1,0,0,1,1,9.18,9.18,0.00,0.00,98,98,300.00,300.00,0,0,0,0,1,1
2014.01.28 02:18:04,SELL,1258.56,28,28,NONE,1,1,2.03,2.03,0.0,TP1->EMA->TP1,TP1->EMA->TP1,0,0,1,1,1,1,0,0,1,1,0,0,1,1,0.21,0.21,0.00,0.00,2,2,300.00,300.00,0,0,0,0,1,1
2014.01.28 07:48:03,BUY,1257.12,29,29,NONE,3,3,3.57,3.57,0.0,EMA->TP3,EMA->TP3,0,0,1,1,0,0,0,0,1,1,0,0,1,1,13.64,13.64,0.00,0.00,205,205,300.00,300.00,0,0,0,0,1,1
2014.01.28 21:23:00,SELL,1254.25,30,30,NONE,2,2,2.19,2.19,0.0,TP2,TP2,0,0,1,1,0,0,1,1,0,0,0,0,1,1,6.48,6.48,0.00,0.00,98,98,300.00,300.00,0,0,0,0,1,1
2014.01.29 23:48:10,BUY,1267.66,31,31,ALLOW,5,5,-315.03,-315.03,0.0,EMA->TP2->SL$,EMA->TP2->SL$,1,1,0,0,0,0,1,1,1,1,1,1,0,0,291.34,291.34,0.06,0.06,822,822,300.00,300.00,0,0,0,0,1,1
2014.01.30 20:35:00,BUY,1243.74,32,32,NONE,2,2,2.04,2.04,0.0,TP2->EMA->TP2,TP2->EMA->TP2,0,0,1,1,0,0,1,1,1,1,0,0,1,1,2.65,2.65,0.00,0.00,48,48,300.00,300.00,0,0,0,0,1,1
2014.01.31 07:09:00,SELL,1242.58,33,33,NONE,2,2,2.29,2.29,0.0,EMA->TP1->TP2,EMA->TP1->TP2,0,0,1,1,1,1,1,1,1,1,0,0,1,1,5.02,5.02,0.00,0.00,42,42,300.00,300.00,0,0,0,0,1,1
2014.01.31 08:03:03,BUY,1242.20,34,34,NONE,2,2,3.24,3.24,0.0,EMA->TP2,EMA->TP2,0,0,1,1,0,0,1,1,1,1,0,0,1,1,8.75,8.75,0.00,0.00,83,83,300.00,300.00,0,0,0,0,1,1
2014.01.31 13:40:00,SELL,1252.85,35,35,NONE,1,1,3.96,3.96,0.0,EMA->TP1,EMA->TP1,0,0,1,1,1,1,0,0,1,1,0,0,1,1,2.87,2.87,0.00,0.00,85,85,300.00,300.00,0,0,0,0,1,1
2014.01.31 17:01:01,SELL,1242.21,36,36,NONE,1,1,2.28,2.28,0.0,EMA->TP1,EMA->TP1,0,0,1,1,1,1,0,0,1,1,0,0,1,1,2.26,2.26,0.00,0.00,88,88,300.00,300.00,0,0,0,0,1,1
2014.01.31 20:17:03,SELL,1242.54,37,37,NONE,2,2,2.03,2.03,0.0,TP2->EMA->TP2,TP2->EMA->TP2,0,0,1,1,0,0,1,1,1,1,0,0,1,1,4.94,4.94,0.00,0.00,3042,3042,300.00,300.00,0,0,0,0,1,1
2014.02.04 01:05:00,BUY,1257.45,38,38,NONE,1,1,2.09,2.09,0.0,EMA->TP1,EMA->TP1,0,0,1,1,1,1,0,0,1,1,0,0,1,1,1.8,1.8,0.00,0.00,307,307,300.00,300.00,0,0,0,0,1,1
2014.02.04 13:33:00,BUY,1250.28,39,39,NONE,2,2,4.07,4.07,0.0,TP2,TP2,0,0,1,1,0,0,1,1,0,0,0,0,1,1,5.61,5.61,0.00,0.00,63,63,300.00,300.00,0,0,0,0,1,1
2014.02.05 13:03:00,BUY,1258.91,40,40,NONE,1,1,2.2,2.2,0.0,EMA->TP1,EMA->TP1,0,0,1,1,1,1,0,0,1,1,0,0,1,1,0.51,0.51,0.00,0.00,3,3,300.00,300.00,0,0,0,0,1,1
2014.02.06 20:13:07,BUY,1257.86,41,41,NONE,2,2,2.1,2.1,0.0,EMA->TP2,EMA->TP2,0,0,1,1,0,0,1,1,1,1,0,0,1,1,1.98,1.98,0.00,0.00,20,20,300.00,300.00,0,0,0,0,1,1
2014.02.10 07:43:03,BUY,1272.37,42,42,NONE,1,1,2.0,2.0,0.0,EMA->TP1,EMA->TP1,0,0,1,1,1,1,0,0,1,1,0,0,1,1,1.76,1.76,0.00,0.00,73,73,300.00,300.00,0,0,0,0,1,1
2014.02.11 12:44:00,BUY,1284.54,43,43,NONE,1,1,2.11,2.11,0.0,EMA->TP1,EMA->TP1,0,0,1,1,1,1,0,0,1,1,0,0,1,1,0.7,0.7,0.00,0.00,6,6,300.00,300.00,0,0,0,0,1,1
2014.02.11 20:48:00,BUY,1291.14,44,44,NONE,3,3,2.69,2.69,0.0,EMA->TP3,EMA->TP3,0,0,1,1,0,0,0,0,1,1,0,0,1,1,25.61,25.61,0.01,0.01,925,925,300.00,300.00,0,0,0,0,1,1
2014.02.13 08:04:00,BUY,1288.16,45,45,NONE,2,2,2.2,2.2,0.0,TP2,TP2,0,0,1,1,0,0,1,1,0,0,0,0,1,1,2.96,2.96,0.00,0.00,46,46,300.00,300.00,0,0,0,0,1,1
2014.02.14 01:03:00,BUY,1302.82,46,46,NONE,1,1,2.06,2.06,0.0,EMA->TP1,EMA->TP1,0,0,1,1,1,1,0,0,1,1,0,0,1,1,1.2,1.2,0.00,0.00,31,31,300.00,300.00,0,0,0,0,1,1
2014.02.14 17:33:00,BUY,1317.03,47,47,NONE,1,1,2.1,2.1,0.0,EMA->TP1,EMA->TP1,0,0,1,1,1,1,0,0,1,1,0,0,1,1,1.22,1.22,0.00,0.00,25,25,300.00,300.00,0,0,0,0,1,1
2014.02.17 02:39:00,BUY,1326.71,48,48,NONE,3,3,2.43,2.43,0.0,EMA->TP3,EMA->TP3,0,0,1,1,0,0,0,0,1,1,0,0,1,1,12.25,12.25,0.00,0.00,160,160,300.00,300.00,0,0,0,0,1,1
2014.02.17 13:05:01,BUY,1326.24,49,49,NONE,1,1,3.32,3.32,0.0,EMA->TP1,EMA->TP1,0,0,1,1,1,1,0,0,1,1,0,0,1,1,3.15,3.15,0.00,0.00,595,595,300.00,300.00,0,0,0,0,1,1
2014.02.18 01:15:00,BUY,1326.20,50,50,ALLOW,5,5,6.49,6.49,0.0,NET_BASKET_BE,NET_BASKET_BE,0,0,0,0,0,0,0,0,0,0,1,1,1,1,102.46,102.46,0.02,0.02,736,736,300.00,300.00,1,1,0,0,1,1
2014.02.20 00:36:14,SELL,1312.84,51,51,NONE,3,3,2.08,2.08,0.0,EMA->TP1->TP2->TP3,EMA->TP1->TP2->TP3,0,0,1,1,1,1,1,1,1,1,0,0,1,1,7.58,7.58,0.00,0.00,64,64,300.00,300.00,0,0,0,0,1,1
2014.02.20 06:55:00,BUY,1313.82,52,52,NONE,2,2,2.06,2.06,0.0,EMA->TP2,EMA->TP2,0,0,1,1,0,0,1,1,1,1,0,0,1,1,2.07,2.07,0.00,0.00,25,25,300.00,300.00,0,0,0,0,1,1
2014.02.20 14:32:00,SELL,1314.08,53,53,NONE,2,2,2.5,2.5,0.0,EMA->TP2,EMA->TP2,0,0,1,1,0,0,1,1,1,1,0,0,1,1,11.55,11.55,0.00,0.00,57,57,300.00,300.00,0,0,0,0,1,1
2014.02.24 17:42:00,BUY,1337.18,54,54,NONE,2,2,2.24,2.24,0.0,EMA->TP2,EMA->TP2,0,0,1,1,0,0,1,1,1,1,0,0,1,1,1.8,1.8,0.00,0.00,37,37,300.00,300.00,0,0,0,0,1,1
2014.02.26 01:04:01,BUY,1340.61,55,55,NONE,1,1,3.2,3.2,0.0,EMA->TP1,EMA->TP1,0,0,1,1,1,1,0,0,1,1,0,0,1,1,3.55,3.55,0.00,0.00,289,289,300.00,300.00,0,0,0,0,1,1
2014.02.26 23:01:00,SELL,1329.74,56,56,NONE,1,1,2.19,2.19,0.0,EMA->TP1,EMA->TP1,0,0,1,1,1,1,0,0,1,1,0,0,1,1,1.7,1.7,0.00,0.00,120,120,300.00,300.00,0,0,0,0,1,1
2014.02.27 18:48:02,BUY,1331.16,57,57,NONE,3,3,4.55,4.55,0.0,TP3,TP3,0,0,1,1,0,0,0,0,0,0,0,0,1,1,10.34,10.34,0.00,0.00,53,53,300.00,300.00,0,0,0,0,1,1
2014.02.27 20:50:00,SELL,1330.82,58,58,NONE,2,2,2.04,2.04,0.0,EMA->TP2,EMA->TP2,0,0,1,1,0,0,1,1,1,1,0,0,1,1,6.98,6.98,0.00,0.00,384,384,300.00,300.00,0,0,0,0,1,1
2014.02.28 11:37:02,SELL,1330.53,59,59,NONE,1,1,2.0,2.0,0.0,EMA->TP1,EMA->TP1,0,0,1,1,1,1,0,0,1,1,0,0,1,1,0.96,0.96,0.00,0.00,23,23,300.00,300.00,0,0,0,0,1,1
2014.02.28 16:01:05,SELL,1325.38,60,60,NONE,1,1,4.02,4.02,0.0,EMA->TP1,EMA->TP1,0,0,1,1,1,1,0,0,1,1,0,0,1,1,2.74,2.74,0.00,0.00,148,148,300.00,300.00,0,0,0,0,1,1
2014.03.03 20:08:01,BUY,1350.56,61,61,NONE,2,2,2.01,2.01,0.0,EMA->TP1->TP2,EMA->TP1->TP2,0,0,1,1,1,1,1,1,1,1,0,0,1,1,4.78,4.78,0.00,0.00,183,183,300.00,300.00,0,0,0,0,1,1
2014.03.04 02:09:00,BUY,1350.23,62,62,ALLOW,5,5,3.99,3.99,0.0,EMA->TP3->NET_BASKET_BE,EMA->TP3->NET_BASKET_BE,0,0,0,0,0,0,0,0,1,1,1,1,1,1,256.79,256.79,0.05,0.05,3739,3739,300.00,300.00,1,1,0,0,1,1
2014.03.10 03:06:02,SELL,1333.96,63,63,NONE,1,1,2.0,2.0,0.0,EMA->TP1,EMA->TP1,0,0,1,1,1,1,0,0,1,1,0,0,1,1,1.81,1.81,0.00,0.00,184,184,300.00,300.00,0,0,0,0,1,1
2014.03.10 08:10:00,SELL,1332.80,64,64,ALLOW,5,5,-315.53,-315.53,0.0,EMA->SL$,EMA->SL$,1,1,0,0,0,0,0,0,1,1,1,1,0,0,305.1,305.1,0.06,0.06,3916,3916,300.00,300.00,0,0,0,0,1,1
2014.03.13 10:39:00,BUY,1371.64,65,65,NONE,3,3,6.31,6.31,0.0,EMA->TP3,EMA->TP3,0,0,1,1,0,0,0,0,1,1,0,0,1,1,21.16,21.16,0.00,0.00,150,150,300.00,300.00,0,0,0,0,1,1
2014.03.14 07:11:00,BUY,1369.06,66,66,NONE,1,1,2.18,2.18,0.0,TP1->EMA->TP1,TP1->EMA->TP1,0,0,1,1,1,1,0,0,1,1,0,0,1,1,1.37,1.37,0.00,0.00,32,32,300.00,300.00,0,0,0,0,1,1
2014.03.17 05:46:00,BUY,1383.64,67,67,NONE,2,2,2.18,2.18,0.0,EMA->TP2,EMA->TP2,0,0,1,1,0,0,1,1,1,1,0,0,1,1,2.88,2.88,0.00,0.00,30,30,300.00,300.00,0,0,0,0,1,1
2014.03.18 10:33:02,SELL,1362.44,68,68,NONE,1,1,2.11,2.11,0.0,EMA->TP1,EMA->TP1,0,0,1,1,1,1,0,0,1,1,0,0,1,1,1.88,1.88,0.00,0.00,56,56,300.00,300.00,0,0,0,0,1,1
2014.03.18 18:06:00,SELL,1359.80,69,69,NONE,1,1,2.09,2.09,0.0,EMA->TP1,EMA->TP1,0,0,1,1,1,1,0,0,1,1,0,0,1,1,1.34,1.34,0.00,0.00,63,63,300.00,300.00,0,0,0,0,1,1
2014.03.19 00:58:00,SELL,1357.80,70,70,NONE,3,3,2.22,2.22,0.0,TP2->TP3,TP2->TP3,0,0,1,1,0,0,1,1,0,0,0,0,1,1,6.9,6.9,0.00,0.00,19,19,300.00,300.00,0,0,0,0,1,1
2014.03.19 15:25:00,BUY,1339.78,71,71,NONE,1,1,2.15,2.15,0.0,EMA->TP1,EMA->TP1,0,0,1,1,1,1,0,0,1,1,0,0,1,1,1.25,1.25,0.00,0.00,51,51,300.00,300.00,0,0,0,0,1,1
2014.03.20 11:48:00,BUY,1322.22,72,72,NONE,1,1,3.13,3.13,0.0,TP1->EMA->TP1,TP1->EMA->TP1,0,0,1,1,1,1,0,0,1,1,0,0,1,1,3.83,3.83,0.00,0.00,47,47,300.00,300.00,0,0,0,0,1,1
2014.03.21 16:19:00,BUY,1335.17,73,73,NONE,2,2,2.01,2.01,0.0,TP2,TP2,0,0,1,1,0,0,1,1,0,0,0,0,1,1,3.6,3.6,0.00,0.00,46,46,300.00,300.00,0,0,0,0,1,1
2014.03.24 07:33:00,BUY,1324.24,74,74,ALLOW,4,4,2.24,2.24,0.0,EMA->TP3->NET_BASKET_BE,EMA->TP3->NET_BASKET_BE,0,0,0,0,0,0,0,0,1,1,0,0,1,1,92.28,92.28,0.02,0.02,1821,1821,300.00,300.00,1,1,0,0,1,1
2014.03.25 15:46:00,BUY,1312.68,75,75,NONE,2,2,2.02,2.02,0.0,EMA->TP2,EMA->TP2,0,0,1,1,0,0,1,1,1,1,0,0,1,1,9.93,9.93,0.00,0.00,554,554,300.00,300.00,0,0,0,0,1,1
2014.03.26 04:32:19,BUY,1313.46,76,76,NONE,2,2,2.31,2.31,0.0,EMA->TP2,EMA->TP2,0,0,1,1,0,0,1,1,1,1,0,0,1,1,3.35,3.35,0.00,0.00,79,79,300.00,300.00,0,0,0,0,1,1
2014.03.26 08:33:06,BUY,1315.16,77,77,NONE,3,3,5.16,5.16,0.0,EMA->TP3,EMA->TP3,0,0,1,1,0,0,0,0,1,1,0,0,1,1,14.17,14.17,0.00,0.00,240,240,300.00,300.00,0,0,0,0,1,1
2014.03.26 16:09:00,BUY,1303.76,78,78,NONE,2,2,3.5,3.5,0.0,TP2,TP2,0,0,1,1,0,0,1,1,0,0,0,0,1,1,4.24,4.24,0.00,0.00,93,93,300.00,300.00,0,0,0,0,1,1
2014.03.27 07:22:02,BUY,1303.61,79,79,NONE,2,2,2.04,2.04,0.0,EMA->TP2,EMA->TP2,0,0,1,1,0,0,1,1,1,1,0,0,1,1,1.68,1.68,0.00,0.00,15,15,300.00,300.00,0,0,0,0,1,1
2014.03.27 18:19:02,BUY,1292.61,80,80,NONE,3,3,2.65,2.65,0.0,TP3,TP3,0,0,1,1,0,0,0,0,0,0,0,0,1,1,11.57,11.57,0.00,0.00,46,46,300.00,300.00,0,0,0,0,1,1
2014.03.31 00:15:00,BUY,1296.15,81,81,NONE,2,2,2.34,2.34,0.0,EMA->TP2,EMA->TP2,0,0,1,1,0,0,1,1,1,1,0,0,1,1,1.74,1.74,0.00,0.00,6,6,300.00,300.00,0,0,0,0,1,1
2014.03.31 01:10:01,BUY,1297.15,82,82,NONE,2,2,2.6,2.6,0.0,EMA->TP2,EMA->TP2,0,0,1,1,0,0,1,1,1,1,0,0,1,1,3.75,3.75,0.00,0.00,260,260,300.00,300.00,0,0,0,0,1,1
2014.03.31 19:46:00,BUY,1283.50,83,83,NONE,3,3,2.12,2.12,0.0,EMA->TP2->TP3,EMA->TP2->TP3,0,0,1,1,0,0,1,1,1,1,0,0,1,1,11.88,11.88,0.00,0.00,316,316,300.00,300.00,0,0,0,0,1,1
2014.04.01 04:13:00,BUY,1285.25,84,84,NONE,2,2,2.11,2.11,0.0,EMA->TP2,EMA->TP2,0,0,1,1,0,0,1,1,1,1,0,0,1,1,3.87,3.87,0.00,0.00,102,102,300.00,300.00,0,0,0,0,1,1
2014.04.02 14:51:02,BUY,1291.86,85,85,NONE,1,1,2.1,2.1,0.0,EMA->TP1,EMA->TP1,0,0,1,1,1,1,0,0,1,1,0,0,1,1,1.35,1.35,0.00,0.00,34,34,300.00,300.00,0,0,0,0,1,1
2014.04.03 08:48:00,BUY,1287.56,86,86,NONE,2,2,2.79,2.79,0.0,TP2,TP2,0,0,1,1,0,0,1,1,0,0,0,0,1,1,4.72,4.72,0.00,0.00,117,117,300.00,300.00,0,0,0,0,1,1
2014.04.03 13:47:00,SELL,1285.25,87,87,NONE,2,2,2.38,2.38,0.0,EMA->TP2,EMA->TP2,0,0,1,1,0,0,1,1,1,1,0,0,1,1,9.52,9.52,0.00,0.00,169,169,300.00,300.00,0,0,0,0,1,1
2014.04.04 12:33:00,BUY,1298.84,88,88,NONE,1,1,12.42,12.42,0.0,EMA->TP1,EMA->TP1,0,0,1,1,1,1,0,0,1,1,0,0,1,1,14.1,14.1,0.00,0.00,7949,7949,300.00,300.00,0,0,0,0,1,1
2014.04.10 05:54:00,BUY,1316.46,89,89,NONE,2,2,13.97,13.97,0.0,EMA->TP1->TP2,EMA->TP1->TP2,0,0,1,1,1,1,1,1,1,1,0,0,1,1,1.24,1.24,0.00,0.00,126,126,300.00,300.00,0,0,0,0,1,1
2014.04.11 03:07:04,BUY,1319.59,90,90,NONE,1,1,2.0,2.0,0.0,EMA->TP1,EMA->TP1,0,0,1,1,1,1,0,0,1,1,0,0,1,1,1.39,1.39,0.00,0.00,169,169,300.00,300.00,0,0,0,0,1,1
2014.04.11 17:35:02,BUY,1318.11,91,91,NONE,1,1,8.67,8.67,0.0,EMA->TP1,EMA->TP1,0,0,1,1,1,1,0,0,1,1,0,0,1,1,2.02,2.02,0.00,0.00,3204,3204,300.00,300.00,0,0,0,0,1,1
2014.04.14 03:48:04,BUY,1326.72,92,92,NONE,2,2,2.0,2.0,0.0,EMA->TP2,EMA->TP2,0,0,1,1,0,0,1,1,1,1,0,0,1,1,3.76,3.76,0.00,0.00,123,123,300.00,300.00,0,0,0,0,1,1
2014.04.16 00:10:00,SELL,1302.79,93,93,NONE,2,2,2.15,2.15,0.0,EMA->TP2,EMA->TP2,0,0,1,1,0,0,1,1,1,1,0,0,1,1,2.6,2.6,0.00,0.00,36,36,300.00,300.00,0,0,0,0,1,1
2014.04.16 02:42:01,SELL,1298.56,94,94,NONE,2,2,2.05,2.05,0.0,EMA->TP2,EMA->TP2,0,0,1,1,0,0,1,1,1,1,0,0,1,1,3.34,3.34,0.00,0.00,17,17,300.00,300.00,0,0,0,0,1,1
2014.04.16 04:09:09,SELL,1298.75,95,95,NONE,2,2,2.51,2.51,0.0,EMA->TP2,EMA->TP2,0,0,1,1,0,0,1,1,1,1,0,0,1,1,5.65,5.65,0.00,0.00,89,89,300.00,300.00,0,0,0,0,1,1
2014.04.16 16:34:00,SELL,1300.83,96,96,NONE,2,2,2.02,2.02,0.0,EMA->TP2,EMA->TP2,0,0,1,1,0,0,1,1,1,1,0,0,1,1,8.63,8.63,0.00,0.00,510,510,300.00,300.00,0,0,0,0,1,1
2014.04.17 03:11:02,SELL,1301.53,97,97,NONE,1,1,2.0,2.0,0.0,EMA->TP1,EMA->TP1,0,0,1,1,1,1,0,0,1,1,0,0,1,1,2.32,2.32,0.00,0.00,207,207,300.00,300.00,0,0,0,0,1,1
2014.04.21 16:02:00,BUY,1286.43,98,98,NONE,1,1,2.0,2.0,0.0,EMA->TP1,EMA->TP1,0,0,1,1,1,1,0,0,1,1,0,0,1,1,1.32,1.32,0.00,0.00,67,67,300.00,300.00,0,0,0,0,1,1
2014.04.22 00:57:04,BUY,1287.93,99,99,NONE,2,2,2.36,2.36,0.0,TP2->EMA->TP2,TP2->EMA->TP2,0,0,1,1,0,0,1,1,1,1,0,0,1,1,4.99,4.99,0.00,0.00,40,40,300.00,300.00,0,0,0,0,1,1
2014.04.22 12:07:00,BUY,1290.61,100,100,NONE,1,1,2.12,2.12,0.0,EMA->TP1,EMA->TP1,0,0,1,1,1,1,0,0,1,1,0,0,1,1,0.96,0.96,0.00,0.00,21,21,300.00,300.00,0,0,0,0,1,1
2014.04.22 22:57:00,BUY,1283.65,101,101,NONE,1,1,2.06,2.06,0.0,EMA->TP1,EMA->TP1,0,0,1,1,1,1,0,0,1,1,0,0,1,1,1.89,1.89,0.00,0.00,143,143,300.00,300.00,0,0,0,0,1,1
2014.04.24 00:58:00,BUY,1284.33,102,102,NONE,1,1,2.0,2.0,0.0,EMA->TP1,EMA->TP1,0,0,1,1,1,1,0,0,1,1,0,0,1,1,0.98,0.98,0.00,0.00,72,72,300.00,300.00,0,0,0,0,1,1
2014.04.25 12:51:00,BUY,1301.58,103,103,NONE,1,1,3.44,3.44,0.0,EMA->TP1,EMA->TP1,0,0,1,1,1,1,0,0,1,1,0,0,1,1,3.26,3.26,0.00,0.00,96,96,300.00,300.00,0,0,0,0,1,1
2014.04.28 04:25:12,BUY,1304.33,104,104,ALLOW,4,4,2.34,2.34,0.0,EMA->NET_BASKET_BE,EMA->NET_BASKET_BE,0,0,0,0,0,0,0,0,1,1,0,0,1,1,19.2,19.2,0.00,0.00,153,153,300.00,300.00,1,1,0,0,1,1
2014.04.28 12:51:00,SELL,1301.81,105,105,NONE,2,2,2.0,2.0,0.0,TP2,TP2,0,0,1,1,0,0,1,1,0,0,0,0,1,1,3.37,3.37,0.00,0.00,27,27,300.00,300.00,0,0,0,0,1,1
2014.04.28 17:38:01,SELL,1298.24,106,106,NONE,2,2,2.12,2.12,0.0,TP2,TP2,0,0,1,1,0,0,1,1,0,0,0,0,1,1,3.36,3.36,0.00,0.00,35,35,300.00,300.00,0,0,0,0,1,1
2014.04.29 03:42:00,SELL,1294.84,107,107,NONE,2,2,2.01,2.01,0.0,EMA->TP2,EMA->TP2,0,0,1,1,0,0,1,1,1,1,0,0,1,1,2.05,2.05,0.00,0.00,83,83,300.00,300.00,0,0,0,0,1,1
2014.04.29 06:00:00,SELL,1295.44,108,108,NONE,1,1,2.02,2.02,0.0,EMA->TP1,EMA->TP1,0,0,1,1,1,1,0,0,1,1,0,0,1,1,0.75,0.75,0.00,0.00,32,32,300.00,300.00,0,0,0,0,1,1
2014.04.29 15:18:00,SELL,1297.79,109,109,NONE,1,1,2.35,2.35,0.0,EMA->TP1,EMA->TP1,0,0,1,1,1,1,0,0,1,1,0,0,1,1,2.69,2.69,0.00,0.00,151,151,300.00,300.00,0,0,0,0,1,1
2014.04.29 19:56:00,SELL,1296.17,110,110,NONE,1,1,2.0,2.0,0.0,EMA->TP1,EMA->TP1,0,0,1,1,1,1,0,0,1,1,0,0,1,1,1.13,1.13,0.00,0.00,305,305,300.00,300.00,0,0,0,0,1,1
2014.04.30 07:24:01,BUY,1291.83,111,111,NONE,2,2,2.3,2.3,0.0,TP2,TP2,0,0,1,1,0,0,1,1,0,0,0,0,1,1,4.26,4.26,0.00,0.00,94,94,300.00,300.00,0,0,0,0,1,1
2014.05.01 07:05:00,BUY,1286.62,112,112,NONE,3,3,7.45,7.45,0.0,EMA->TP3,EMA->TP3,0,0,1,1,0,0,0,0,1,1,0,0,1,1,21.54,21.54,0.00,0.00,191,191,300.00,300.00,0,0,0,0,1,1
2014.05.01 13:20:00,BUY,1279.71,113,113,NONE,1,1,4.63,4.63,0.0,EMA->TP1,EMA->TP1,0,0,1,1,1,1,0,0,1,1,0,0,1,1,4.25,4.25,0.00,0.00,169,169,300.00,300.00,0,0,0,0,1,1
2014.05.01 16:42:00,BUY,1284.46,114,114,NONE,2,2,2.02,2.02,0.0,EMA->TP2,EMA->TP2,0,0,1,1,0,0,1,1,1,1,0,0,1,1,7.1,7.1,0.00,0.00,102,102,300.00,300.00,0,0,0,0,1,1
2014.05.01 23:01:49,BUY,1284.61,115,115,NONE,3,3,2.1,2.1,0.0,EMA->TP2->TP3,EMA->TP2->TP3,0,0,1,1,0,0,1,1,1,1,0,0,1,1,12.73,12.73,0.00,0.00,298,298,300.00,300.00,0,0,0,0,1,1
2014.05.02 04:51:10,BUY,1284.11,116,116,NONE,3,3,2.02,2.02,0.0,EMA->TP3,EMA->TP3,0,0,1,1,0,0,0,0,1,1,0,0,1,1,11.63,11.63,0.00,0.00,139,139,300.00,300.00,0,0,0,0,1,1
2014.05.02 15:59:00,BUY,1301.37,117,117,NONE,2,2,3.28,3.28,0.0,EMA->TP2,EMA->TP2,0,0,1,1,0,0,1,1,1,1,0,0,1,1,5.39,5.39,0.00,0.00,78,78,300.00,300.00,0,0,0,0,1,1
2014.05.02 19:30:00,BUY,1297.76,118,118,NONE,1,1,2.03,2.03,0.0,EMA->TP1,EMA->TP1,0,0,1,1,1,1,0,0,1,1,0,0,1,1,0.92,0.92,0.00,0.00,73,73,300.00,300.00,0,0,0,0,1,1
2014.05.05 05:50:01,BUY,1306.87,119,119,NONE,2,2,2.02,2.02,0.0,EMA->TP2,EMA->TP2,0,0,1,1,0,0,1,1,1,1,0,0,1,1,3.75,3.75,0.00,0.00,21,21,300.00,300.00,0,0,0,0,1,1
2014.05.05 07:55:01,SELL,1308.59,120,120,ALLOW,4,4,2.23,2.23,0.0,TP2->EMA->NET_BASKET_BE,TP2->EMA->NET_BASKET_BE,0,0,0,0,0,0,1,1,1,1,0,0,1,1,32.34,32.34,0.01,0.01,368,368,300.00,300.00,1,1,0,0,1,1
2014.05.05 17:29:02,BUY,1309.51,121,121,NONE,1,1,2.06,2.06,0.0,EMA->TP1,EMA->TP1,0,0,1,1,1,1,0,0,1,1,0,0,1,1,1.41,1.41,0.00,0.00,435,435,300.00,300.00,0,0,0,0,1,1
2014.05.06 13:04:00,BUY,1308.34,122,122,NONE,2,2,4.91,4.91,0.0,EMA->TP2,EMA->TP2,0,0,1,1,0,0,1,1,1,1,0,0,1,1,6.38,6.38,0.00,0.00,101,101,300.00,300.00,0,0,0,0,1,1
2014.05.08 11:32:01,SELL,1293.12,123,123,NONE,2,2,2.11,2.11,0.0,TP2,TP2,0,0,1,1,0,0,1,1,0,0,0,0,1,1,3.3,3.3,0.00,0.00,22,22,300.00,300.00,0,0,0,0,1,1
2014.05.09 07:07:00,BUY,1291.24,124,124,NONE,2,2,2.07,2.07,0.0,EMA->TP2,EMA->TP2,0,0,1,1,0,0,1,1,1,1,0,0,1,1,8.36,8.36,0.00,0.00,222,222,300.00,300.00,0,0,0,0,1,1
2014.05.12 14:57:00,BUY,1298.69,125,125,NONE,3,3,3.45,3.45,0.0,EMA->TP3,EMA->TP3,0,0,1,1,0,0,0,0,1,1,0,0,1,1,12.11,12.11,0.00,0.00,302,302,300.00,300.00,0,0,0,0,1,1
2014.05.12 20:55:01,BUY,1296.06,126,126,NONE,2,2,2.19,2.19,0.0,TP2->EMA->TP1->TP2,TP2->EMA->TP1->TP2,0,0,1,1,1,1,1,1,1,1,0,0,1,1,4.69,4.69,0.00,0.00,227,227,300.00,300.00,0,0,0,0,1,1
2014.05.14 05:08:03,SELL,1295.52,127,127,NONE,2,2,2.07,2.07,0.0,TP1->EMA->TP2,TP1->EMA->TP2,0,0,1,1,1,1,1,1,1,1,0,0,1,1,3.52,3.52,0.00,0.00,117,117,300.00,300.00,0,0,0,0,1,1
2014.05.14 07:24:03,BUY,1295.27,128,128,NONE,1,1,2.59,2.59,0.0,EMA->TP1,EMA->TP1,0,0,1,1,1,1,0,0,1,1,0,0,1,1,0.92,0.92,0.00,0.00,10,10,300.00,300.00,0,0,0,0,1,1
2014.05.15 06:18:00,BUY,1302.12,129,129,NONE,1,1,2.16,2.16,0.0,EMA->TP1,EMA->TP1,0,0,1,1,1,1,0,0,1,1,0,0,1,1,2.04,2.04,0.00,0.00,107,107,300.00,300.00,0,0,0,0,1,1
2014.05.15 16:46:01,BUY,1296.68,130,130,NONE,2,2,2.27,2.27,0.0,EMA->TP2,EMA->TP2,0,0,1,1,0,0,1,1,1,1,0,0,1,1,7.56,7.56,0.00,0.00,169,169,300.00,300.00,0,0,0,0,1,1
2014.05.16 13:13:00,SELL,1290.94,131,131,NONE,2,2,2.79,2.79,0.0,EMA->TP2,EMA->TP2,0,0,1,1,0,0,1,1,1,1,0,0,1,1,9.58,9.58,0.00,0.00,3407,3407,300.00,300.00,0,0,0,0,1,1
2014.05.19 17:35:01,BUY,1293.67,132,132,NONE,2,2,2.12,2.12,0.0,TP1->TP2,TP1->TP2,0,0,1,1,1,1,1,1,0,0,0,0,1,1,3.65,3.65,0.00,0.00,288,288,300.00,300.00,0,0,0,0,1,1
2014.05.20 09:01:12,BUY,1291.26,133,133,NONE,2,2,12.63,12.63,0.0,EMA->TP2,EMA->TP2,0,0,1,1,0,0,1,1,1,1,0,0,1,1,9.53,9.53,0.00,0.00,272,272,300.00,300.00,0,0,0,0,1,1
2014.05.21 01:27:06,BUY,1293.59,134,134,NONE,1,1,2.04,2.04,0.0,EMA->TP1,EMA->TP1,0,0,1,1,1,1,0,0,1,1,0,0,1,1,0.65,0.65,0.00,0.00,92,92,300.00,300.00,0,0,0,0,1,1
2014.05.21 04:23:04,BUY,1296.05,135,135,ALLOW,5,5,2.26,2.26,0.0,EMA->NET_BASKET_BE,EMA->NET_BASKET_BE,0,0,0,0,0,0,0,0,1,1,1,1,1,1,29.01,29.01,0.01,0.01,221,221,300.00,300.00,1,1,0,0,1,1
2014.05.22 03:07:00,BUY,1291.74,136,136,NONE,1,1,2.01,2.01,0.0,EMA->TP1,EMA->TP1,0,0,1,1,1,1,0,0,1,1,0,0,1,1,1.17,1.17,0.00,0.00,149,149,300.00,300.00,0,0,0,0,1,1
2014.05.23 00:03:03,BUY,1294.53,137,137,NONE,2,2,2.04,2.04,0.0,EMA->TP2,EMA->TP2,0,0,1,1,0,0,1,1,1,1,0,0,1,1,2.16,2.16,0.00,0.00,110,110,300.00,300.00,0,0,0,0,1,1
2014.05.27 20:27:01,BUY,1265.41,138,138,ALLOW,5,5,2.12,2.12,0.0,NET_BASKET_BE,NET_BASKET_BE,0,0,0,0,0,0,0,0,0,0,1,1,1,1,43.42,43.42,0.01,0.01,271,271,300.00,300.00,1,1,0,0,1,1
2014.05.28 13:58:00,BUY,1263.94,139,139,VETO,5,3,3.62,2.21,-1.41,EMA->NET_BASKET_BE,EMA->TP3->TP2->TP1->TP3,0,0,0,1,0,1,0,1,1,1,1,0,1,1,267.04,167.58,0.05,0.03,18626,21872,300.00,300.00,1,0,0,0,1,1
2014.06.12 23:32:00,BUY,1273.08,144,140,NONE,2,2,2.02,2.02,0.0,EMA->TP2,EMA->TP2,0,0,1,1,0,0,1,1,1,1,0,0,1,1,3.63,3.63,0.00,0.00,89,89,300.00,300.00,0,0,0,0,1,1
2014.06.13 01:51:03,BUY,1273.88,145,141,NONE,3,3,2.11,2.11,0.0,EMA->TP3,EMA->TP3,0,0,1,1,0,0,0,0,1,1,0,0,1,1,10.57,10.57,0.00,0.00,292,292,300.00,300.00,0,0,0,0,1,1
2014.06.13 12:30:01,BUY,1273.18,146,142,NONE,1,1,2.01,2.01,0.0,EMA->TP1,EMA->TP1,0,0,1,1,1,1,0,0,1,1,0,0,1,1,2.88,2.88,0.00,0.00,86,86,300.00,300.00,0,0,0,0,1,1
2014.06.13 15:33:01,BUY,1274.09,147,143,NONE,1,1,2.02,2.02,0.0,EMA->TP1,EMA->TP1,0,0,1,1,1,1,0,0,1,1,0,0,1,1,1.07,1.07,0.00,0.00,206,206,300.00,300.00,0,0,0,0,1,1
2014.06.16 06:01:01,BUY,1282.68,148,144,NONE,1,1,2.02,2.02,0.0,EMA->TP1,EMA->TP1,0,0,1,1,1,1,0,0,1,1,0,0,1,1,1.15,1.15,0.00,0.00,44,44,300.00,300.00,0,0,0,0,1,1
2014.06.17 11:08:09,BUY,1265.29,149,145,NONE,2,2,2.04,2.04,0.0,TP2,TP2,0,0,1,1,0,0,1,1,0,0,0,0,1,1,1.99,1.99,0.00,0.00,33,33,300.00,300.00,0,0,0,0,1,1
2014.06.17 14:03:01,SELL,1267.71,150,146,NONE,2,2,3.35,3.35,0.0,EMA->TP2,EMA->TP2,0,0,1,1,0,0,1,1,1,1,0,0,1,1,11.09,11.09,0.00,0.00,803,803,300.00,300.00,0,0,0,0,1,1
2014.06.18 05:12:00,SELL,1267.83,151,147,NONE,3,3,2.09,2.09,0.0,EMA->TP2->TP3,EMA->TP2->TP3,0,0,1,1,0,0,1,1,1,1,0,0,1,1,4.02,4.02,0.00,0.00,76,76,300.00,300.00,0,0,0,0,1,1
2014.06.20 00:16:02,BUY,1314.52,152,148,NONE,1,1,2.0,2.0,0.0,TP1->EMA->TP1,TP1->EMA->TP1,0,0,1,1,1,1,0,0,1,1,0,0,1,1,1.15,1.15,0.00,0.00,42,42,300.00,300.00,0,0,0,0,1,1
2014.06.23 23:54:02,BUY,1314.29,153,149,NONE,1,1,2.0,2.0,0.0,TP1->EMA->TP1,TP1->EMA->TP1,0,0,1,1,1,1,0,0,1,1,0,0,1,1,1.4,1.4,0.00,0.00,110,110,300.00,300.00,0,0,0,0,1,1
2014.06.24 12:23:05,BUY,1321.17,154,150,NONE,2,2,4.37,4.37,0.0,EMA->TP2,EMA->TP2,0,0,1,1,0,0,1,1,1,1,0,0,1,1,7.64,7.64,0.00,0.00,123,123,300.00,300.00,0,0,0,0,1,1
2014.06.25 03:48:02,BUY,1312.13,155,151,NONE,2,2,2.0,2.0,0.0,TP1->TP2,TP1->TP2,0,0,1,1,1,1,1,1,0,0,0,0,1,1,3.56,3.56,0.00,0.00,98,98,300.00,300.00,0,0,0,0,1,1
2014.06.25 07:46:00,BUY,1312.33,156,152,NONE,1,1,2.04,2.04,0.0,EMA->TP1,EMA->TP1,0,0,1,1,1,1,0,0,1,1,0,0,1,1,0.47,0.47,0.00,0.00,25,25,300.00,300.00,0,0,0,0,1,1
2014.06.25 09:39:00,BUY,1312.56,157,153,NONE,1,1,2.01,2.01,0.0,EMA->TP1,EMA->TP1,0,0,1,1,1,1,0,0,1,1,0,0,1,1,1.94,1.94,0.00,0.00,132,132,300.00,300.00,0,0,0,0,1,1
2014.06.25 23:23:02,BUY,1317.96,158,154,NONE,3,3,2.14,2.14,0.0,EMA->TP1->TP3,EMA->TP1->TP3,0,0,1,1,1,1,0,0,1,1,0,0,1,1,12.53,12.53,0.00,0.00,381,381,300.00,300.00,0,0,0,0,1,1
2014.06.26 06:24:00,BUY,1317.03,159,155,ALLOW,5,5,24.79,24.79,0.0,EMA->NET_BASKET_BE,EMA->NET_BASKET_BE,0,0,0,0,0,0,0,0,1,1,1,1,1,1,117.11,117.11,0.02,0.02,366,366,300.00,300.00,1,1,0,0,1,1
2014.06.26 12:53:00,SELL,1316.06,160,156,NONE,1,1,4.42,4.42,0.0,EMA->TP1,EMA->TP1,0,0,1,1,1,1,0,0,1,1,0,0,1,1,4.48,4.48,0.00,0.00,71,71,300.00,300.00,0,0,0,0,1,1
2014.06.30 01:19:00,BUY,1314.82,161,157,NONE,1,1,2.01,2.01,0.0,EMA->TP1,EMA->TP1,0,0,1,1,1,1,0,0,1,1,0,0,1,1,1.28,1.28,0.00,0.00,258,258,300.00,300.00,0,0,0,0,1,1
2014.06.30 12:53:00,SELL,1313.85,162,158,NONE,2,2,2.21,2.21,0.0,TP2,TP2,0,0,1,1,0,0,1,1,0,0,0,0,1,1,4.58,4.58,0.00,0.00,21,21,300.00,300.00,0,0,0,0,1,1
2014.07.01 03:40:02,BUY,1327.55,163,159,NONE,2,2,2.02,2.02,0.0,EMA->TP2,EMA->TP2,0,0,1,1,0,0,1,1,1,1,0,0,1,1,2.29,2.29,0.00,0.00,166,166,300.00,300.00,0,0,0,0,1,1
2014.07.01 10:15:18,BUY,1326.45,164,160,NONE,2,2,2.07,2.07,0.0,EMA->TP2,EMA->TP2,0,0,1,1,0,0,1,1,1,1,0,0,1,1,4.43,4.43,0.00,0.00,110,110,300.00,300.00,0,0,0,0,1,1
2014.07.01 19:58:04,BUY,1327.25,165,161,NONE,3,3,2.73,2.73,0.0,EMA->TP2->TP3,EMA->TP2->TP3,0,0,1,1,0,0,1,1,1,1,0,0,1,1,6.46,6.46,0.00,0.00,128,128,300.00,300.00,0,0,0,0,1,1
2014.07.03 02:24:01,BUY,1324.79,166,162,NONE,3,3,2.1,2.1,0.0,EMA->TP3,EMA->TP3,0,0,1,1,0,0,0,0,1,1,0,0,1,1,11.1,11.1,0.00,0.00,193,193,300.00,300.00,0,0,0,0,1,1
2014.07.03 10:10:03,BUY,1323.14,167,163,ALLOW,5,5,2.77,2.77,0.0,EMA->NET_BASKET_BE,EMA->NET_BASKET_BE,0,0,0,0,0,0,0,0,1,1,1,1,1,1,172.76,172.76,0.03,0.03,242,242,300.00,300.00,1,1,0,0,1,1
2014.07.03 17:12:00,SELL,1320.73,168,164,NONE,2,2,2.17,2.17,0.0,TP1->EMA->TP2,TP1->EMA->TP2,0,0,1,1,1,1,1,1,1,1,0,0,1,1,8.08,8.08,0.00,0.00,1098,1098,300.00,300.00,0,0,0,0,1,1
2014.07.04 13:17:06,BUY,1321.98,169,165,INVALID,5,5,3.12,3.12,0.0,EMA->TP2->NET_BASKET_BE,EMA->TP2->NET_BASKET_BE,0,0,0,0,0,0,1,1,1,1,1,1,1,1,118.4,118.4,0.02,0.02,4722,4722,300.00,300.00,1,1,0,0,1,1
2014.07.08 02:19:05,BUY,1318.30,170,166,NONE,3,3,2.01,2.01,0.0,EMA->TP3,EMA->TP3,0,0,1,1,0,0,0,0,1,1,0,0,1,1,4.74,4.74,0.00,0.00,194,194,300.00,300.00,0,0,0,0,1,1
2014.07.08 08:00:00,BUY,1318.16,171,167,NONE,1,1,2.05,2.05,0.0,EMA->TP1,EMA->TP1,0,0,1,1,1,1,0,0,1,1,0,0,1,1,2.01,2.01,0.00,0.00,179,179,300.00,300.00,0,0,0,0,1,1
2014.07.08 18:06:04,BUY,1316.18,172,168,NONE,1,1,2.0,2.0,0.0,EMA->TP1,EMA->TP1,0,0,1,1,1,1,0,0,1,1,0,0,1,1,0.65,0.65,0.00,0.00,92,92,300.00,300.00,0,0,0,0,1,1
2014.07.08 19:47:07,SELL,1318.70,173,169,ALLOW,4,4,11.72,11.72,0.0,EMA->NET_BASKET_BE,EMA->NET_BASKET_BE,0,0,0,0,0,0,0,0,1,1,0,0,1,1,41.8,41.8,0.01,0.01,1092,1092,300.00,300.00,1,1,0,0,1,1
2014.07.09 20:07:02,BUY,1328.32,174,170,NONE,3,3,13.21,13.21,0.0,EMA->TP3,EMA->TP3,0,0,1,1,0,0,0,0,1,1,0,0,1,1,9.6,9.6,0.00,0.00,114,114,300.00,300.00,0,0,0,0,1,1
2014.07.10 02:11:03,BUY,1330.28,175,171,NONE,2,2,2.1,2.1,0.0,EMA->TP2,EMA->TP2,0,0,1,1,0,0,1,1,1,1,0,0,1,1,5.8,5.8,0.00,0.00,208,208,300.00,300.00,0,0,0,0,1,1
2014.07.10 09:02:00,BUY,1336.63,176,172,NONE,3,3,17.71,17.71,0.0,EMA->TP3,EMA->TP3,0,0,1,1,0,0,0,0,1,1,0,0,1,1,157.85,157.85,0.03,0.03,10494,10494,300.00,300.00,0,0,0,0,1,1
2014.07.17 18:26:08,BUY,1315.97,177,173,NONE,1,1,3.5,3.5,0.0,EMA->TP1,EMA->TP1,0,0,1,1,1,1,0,0,1,1,0,0,1,1,1.27,1.27,0.00,0.00,50,50,300.00,300.00,0,0,0,0,1,1
2014.07.21 12:03:00,SELL,1317.43,178,174,NONE,1,1,2.0,2.0,0.0,TP1->EMA->TP1,TP1->EMA->TP1,0,0,1,1,1,1,0,0,1,1,0,0,1,1,1.3,1.3,0.00,0.00,57,57,300.00,300.00,0,0,0,0,1,1
2014.07.21 15:42:03,BUY,1311.64,179,175,NONE,1,1,2.01,2.01,0.0,EMA->TP1,EMA->TP1,0,0,1,1,1,1,0,0,1,1,0,0,1,1,1.04,1.04,0.00,0.00,105,105,300.00,300.00,0,0,0,0,1,1
2014.07.21 17:56:00,BUY,1312.77,180,176,NONE,3,3,2.5,2.5,0.0,TP1->EMA->TP2->TP3,TP1->EMA->TP2->TP3,0,0,1,1,1,1,1,1,1,1,0,0,1,1,6.52,6.52,0.00,0.00,179,179,300.00,300.00,0,0,0,0,1,1
2014.07.22 01:06:00,SELL,1311.89,181,177,NONE,2,2,2.12,2.12,0.0,EMA->TP2,EMA->TP2,0,0,1,1,0,0,1,1,1,1,0,0,1,1,3.95,3.95,0.00,0.00,175,175,300.00,300.00,0,0,0,0,1,1
2014.07.22 17:58:01,BUY,1306.62,182,178,NONE,2,2,2.03,2.03,0.0,EMA->TP2,EMA->TP2,0,0,1,1,0,0,1,1,1,1,0,0,1,1,2.06,2.06,0.00,0.00,143,143,300.00,300.00,0,0,0,0,1,1
2014.07.23 13:22:00,BUY,1306.25,183,179,NONE,1,1,2.09,2.09,0.0,EMA->TP1,EMA->TP1,0,0,1,1,1,1,0,0,1,1,0,0,1,1,1.19,1.19,0.00,0.00,17,17,300.00,300.00,0,0,0,0,1,1
2014.07.24 23:44:01,BUY,1292.45,184,180,NONE,3,3,2.06,2.06,0.0,TP2->EMA->TP1->TP3,TP2->EMA->TP1->TP3,0,0,1,1,1,1,1,1,1,1,0,0,1,1,11.52,11.52,0.00,0.00,108,108,300.00,300.00,0,0,0,0,1,1
2014.07.28 10:22:00,BUY,1305.03,185,181,NONE,2,2,2.01,2.01,0.0,EMA->TP2,EMA->TP2,0,0,1,1,0,0,1,1,1,1,0,0,1,1,2.8,2.8,0.00,0.00,48,48,300.00,300.00,0,0,0,0,1,1
2014.07.28 13:51:03,SELL,1304.44,186,182,NONE,2,2,3.24,3.24,0.0,EMA->TP2,EMA->TP2,0,0,1,1,0,0,1,1,1,1,0,0,1,1,19.5,19.5,0.00,0.00,1429,1429,300.00,300.00,0,0,0,0,1,1
2014.07.29 17:36:27,SELL,1298.77,187,183,NONE,2,2,2.0,2.0,0.0,EMA->TP2,EMA->TP2,0,0,1,1,0,0,1,1,1,1,0,0,1,1,4.96,4.96,0.00,0.00,182,182,300.00,300.00,0,0,0,0,1,1
2014.07.29 23:11:02,BUY,1299.53,188,184,NONE,2,2,2.01,2.01,0.0,EMA->TP2,EMA->TP2,0,0,1,1,0,0,1,1,1,1,0,0,1,1,3.73,3.73,0.00,0.00,231,231,300.00,300.00,0,0,0,0,1,1
2014.07.30 07:16:01,BUY,1299.38,189,185,NONE,2,2,2.36,2.36,0.0,EMA->TP2,EMA->TP2,0,0,1,1,0,0,1,1,1,1,0,0,1,1,4.3,4.3,0.00,0.00,245,245,300.00,300.00,0,0,0,0,1,1
2014.07.30 22:03:00,BUY,1296.31,190,186,NONE,2,2,2.02,2.02,0.0,EMA->TP2,EMA->TP2,0,0,1,1,0,0,1,1,1,1,0,0,1,1,12.54,12.54,0.00,0.00,586,586,300.00,300.00,0,0,0,0,1,1
2014.07.31 23:44:02,BUY,1283.22,191,187,NONE,2,2,2.12,2.12,0.0,TP2->EMA->TP1->TP2,TP2->EMA->TP1->TP2,0,0,1,1,1,1,1,1,1,1,0,0,1,1,4.1,4.1,0.00,0.00,82,82,300.00,300.00,0,0,0,0,1,1
2014.08.01 12:33:00,BUY,1288.63,192,188,NONE,1,1,15.44,15.44,0.0,EMA->TP1,EMA->TP1,0,0,1,1,1,1,0,0,1,1,0,0,1,1,16.29,16.29,0.00,0.00,7233,7233,300.00,300.00,0,0,0,0,1,1
2014.08.07 00:22:01,SELL,1307.57,193,189,NONE,2,2,2.01,2.01,0.0,TP1->EMA->TP2,TP1->EMA->TP2,0,0,1,1,1,1,1,1,1,1,0,0,1,1,4.18,4.18,0.00,0.00,409,409,300.00,300.00,0,0,0,0,1,1
2014.08.07 12:36:00,BUY,1304.43,194,190,NONE,1,1,5.11,5.11,0.0,EMA->TP1,EMA->TP1,0,0,1,1,1,1,0,0,1,1,0,0,1,1,4.49,4.49,0.00,0.00,194,194,300.00,300.00,0,0,0,0,1,1
2014.08.07 23:16:22,BUY,1311.65,195,191,ALLOW,5,5,3.24,3.24,0.0,TP3->NET_BASKET_BE,TP3->NET_BASKET_BE,0,0,0,0,0,0,0,0,0,0,1,1,1,1,32.65,32.65,0.01,0.01,139,139,300.00,300.00,1,1,0,0,1,1
2014.08.08 05:42:00,BUY,1315.92,196,192,NONE,1,1,2.0,2.0,0.0,EMA->TP1,EMA->TP1,0,0,1,1,1,1,0,0,1,1,0,0,1,1,0.29,0.29,0.00,0.00,2,2,300.00,300.00,0,0,0,0,1,1
2014.08.08 11:37:00,BUY,1315.15,197,193,ALLOW,4,4,2.44,2.44,0.0,NET_BASKET_BE,NET_BASKET_BE,0,0,0,0,0,0,0,0,0,0,0,0,1,1,45.59,45.59,0.01,0.01,93,93,300.00,300.00,1,1,0,0,1,1
2014.08.08 20:55:13,BUY,1310.89,198,194,ALLOW,5,5,2.38,2.38,0.0,EMA->TP3->TP2->TP1->NET_BASKET_BE,EMA->TP3->TP2->TP1->NET_BASKET_BE,0,0,0,0,1,1,1,1,1,1,1,1,1,1,63.59,63.59,0.01,0.01,3730,3730,300.00,300.00,1,1,0,0,1,1
2014.08.11 19:19:02,BUY,1308.58,199,195,NONE,3,3,2.18,2.18,0.0,EMA->TP1->TP2->TP3,EMA->TP1->TP2->TP3,0,0,1,1,1,1,1,1,1,1,0,0,1,1,15.48,15.48,0.00,0.00,701,701,300.00,300.00,0,0,0,0,1,1
2014.08.12 17:25:00,BUY,1309.50,200,196,NONE,2,2,3.14,3.14,0.0,EMA->TP2,EMA->TP2,0,0,1,1,0,0,1,1,1,1,0,0,1,1,6.9,6.9,0.00,0.00,922,922,300.00,300.00,0,0,0,0,1,1
2014.08.14 15:16:05,BUY,1313.00,201,197,ALLOW,5,5,2.29,2.29,0.0,EMA->NET_BASKET_BE,EMA->NET_BASKET_BE,0,0,0,0,0,0,0,0,1,1,1,1,1,1,169.4,169.4,0.03,0.03,1419,1419,300.00,300.00,1,1,0,0,1,1
2014.08.15 18:50:00,SELL,1304.21,202,198,NONE,2,2,2.12,2.12,0.0,EMA->TP2,EMA->TP2,0,0,1,1,0,0,1,1,1,1,0,0,1,1,3.79,3.79,0.00,0.00,69,69,300.00,300.00,0,0,0,0,1,1
2014.08.15 20:59:00,SELL,1304.48,203,199,NONE,1,1,2.07,2.07,0.0,EMA->TP1,EMA->TP1,0,0,1,1,1,1,0,0,1,1,0,0,1,1,0.62,0.62,0.00,0.00,2941,2941,300.00,300.00,0,0,0,0,1,1
2014.08.17 22:59:01,SELL,1302.51,204,200,NONE,2,2,2.03,2.03,0.0,EMA->TP2->TP1->TP2,EMA->TP2->TP1->TP2,0,0,1,1,1,1,1,1,1,1,0,0,1,1,2.04,2.04,0.00,0.00,54,54,300.00,300.00,0,0,0,0,1,1
2014.08.18 11:37:15,BUY,1301.47,205,201,NONE,3,3,3.83,3.83,0.0,EMA->TP3,EMA->TP3,0,0,1,1,0,0,0,0,1,1,0,0,1,1,20.62,20.62,0.00,0.00,186,186,300.00,300.00,0,0,0,0,1,1
2014.08.18 18:26:03,SELL,1299.31,206,202,NONE,2,2,2.14,2.14,0.0,EMA->TP1->TP2,EMA->TP1->TP2,0,0,1,1,1,1,1,1,1,1,0,0,1,1,3.61,3.61,0.00,0.00,710,710,300.00,300.00,0,0,0,0,1,1
2014.08.19 08:13:00,BUY,1299.66,207,203,NONE,1,1,2.04,2.04,0.0,EMA->TP1,EMA->TP1,0,0,1,1,1,1,0,0,1,1,0,0,1,1,1.36,1.36,0.00,0.00,195,195,300.00,300.00,0,0,0,0,1,1
2014.08.20 06:49:07,BUY,1296.01,208,204,NONE,3,3,13.87,13.87,0.0,EMA->TP2->TP3,EMA->TP2->TP3,0,0,1,1,0,0,1,1,1,1,0,0,1,1,14.14,14.14,0.00,0.00,250,250,300.00,300.00,0,0,0,0,1,1
2014.08.20 23:29:21,BUY,1290.57,209,205,NONE,3,3,2.17,2.17,0.0,EMA->TP2->TP3,EMA->TP2->TP3,0,0,1,1,0,0,1,1,1,1,0,0,1,1,8.37,8.37,0.00,0.00,136,136,300.00,300.00,0,0,0,0,1,1
2014.08.21 02:10:00,BUY,1289.91,210,206,ALLOW,5,5,2.2,2.2,0.0,NET_BASKET_BE,NET_BASKET_BE,0,0,0,0,0,0,0,0,0,0,1,1,1,1,222.96,222.96,0.04,0.04,7487,7487,300.00,300.00,1,1,0,0,1,1
2014.08.27 01:34:01,BUY,1283.17,211,207,NONE,1,1,2.01,2.01,0.0,EMA->TP1,EMA->TP1,0,0,1,1,1,1,0,0,1,1,0,0,1,1,1.74,1.74,0.00,0.00,304,304,300.00,300.00,0,0,0,0,1,1
2014.08.27 17:29:00,BUY,1283.09,212,208,NONE,2,2,2.01,2.01,0.0,EMA->TP2,EMA->TP2,0,0,1,1,0,0,1,1,1,1,0,0,1,1,3.32,3.32,0.00,0.00,134,134,300.00,300.00,0,0,0,0,1,1
2014.08.27 22:03:19,BUY,1282.79,213,209,NONE,1,1,2.03,2.03,0.0,EMA->TP1,EMA->TP1,0,0,1,1,1,1,0,0,1,1,0,0,1,1,2.38,2.38,0.00,0.00,252,252,300.00,300.00,0,0,0,0,1,1
2014.08.28 02:24:03,SELL,1286.25,214,210,NONE,3,3,2.23,2.23,0.0,TP2->TP1->TP3,TP2->TP1->TP3,0,0,1,1,1,1,1,1,0,0,0,0,1,1,6.2,6.2,0.00,0.00,210,210,300.00,300.00,0,0,0,0,1,1
2014.08.28 06:38:01,SELL,1288.54,215,211,NONE,2,2,2.02,2.02,0.0,TP2,TP2,0,0,1,1,0,0,1,1,0,0,0,0,1,1,12.39,12.39,0.00,0.00,122,122,300.00,300.00,0,0,0,0,1,1
2014.08.29 03:05:00,SELL,1289.42,216,212,NONE,3,3,2.03,2.03,0.0,EMA->TP2->TP3->TP1->TP3,EMA->TP2->TP3->TP1->TP3,0,0,1,1,1,1,1,1,1,1,0,0,1,1,6.93,6.93,0.00,0.00,83,83,300.00,300.00,0,0,0,0,1,1
2014.08.29 07:21:05,BUY,1289.02,217,213,NONE,3,3,2.22,2.22,0.0,EMA->TP3,EMA->TP3,0,0,1,1,0,0,0,0,1,1,0,0,1,1,25.34,25.34,0.01,0.01,344,344,300.00,300.00,0,0,0,0,1,1
2014.08.29 18:50:02,SELL,1286.88,218,214,NONE,2,2,2.0,2.0,0.0,EMA->TP2,EMA->TP2,0,0,1,1,0,0,1,1,1,1,0,0,1,1,3.61,3.61,0.00,0.00,3081,3081,300.00,300.00,0,0,0,0,1,1
2014.09.01 05:20:00,SELL,1286.86,219,215,ALLOW,4,4,2.18,2.18,0.0,TP2->TP3->NET_BASKET_BE,TP2->TP3->NET_BASKET_BE,0,0,0,0,0,0,1,1,0,0,0,0,1,1,18.32,18.32,0.00,0.00,250,250,300.00,300.00,1,1,0,0,1,1
2014.09.01 14:59:01,SELL,1287.09,220,216,NONE,2,2,2.02,2.02,0.0,EMA->TP2->TP1->TP2,EMA->TP2->TP1->TP2,0,0,1,1,1,1,1,1,1,1,0,0,1,1,4.0,4.0,0.00,0.00,504,504,300.00,300.00,0,0,0,0,1,1
2014.09.02 05:36:06,SELL,1282.73,221,217,NONE,2,2,2.03,2.03,0.0,EMA->TP2,EMA->TP2,0,0,1,1,0,0,1,1,1,1,0,0,1,1,2.46,2.46,0.00,0.00,29,29,300.00,300.00,0,0,0,0,1,1
2014.09.02 07:18:00,BUY,1276.11,222,218,ALLOW,4,4,2.09,2.09,0.0,EMA->TP3->NET_BASKET_BE,EMA->TP3->NET_BASKET_BE,0,0,0,0,0,0,0,0,1,1,0,0,1,1,93.18,93.18,0.02,0.02,1679,1679,300.00,300.00,1,1,0,0,1,1
2014.09.03 12:47:00,BUY,1266.55,223,219,NONE,1,1,2.02,2.02,0.0,EMA->TP1,EMA->TP1,0,0,1,1,1,1,0,0,1,1,0,0,1,1,2.86,2.86,0.00,0.00,197,197,300.00,300.00,0,0,0,0,1,1
2014.09.04 08:07:00,BUY,1270.32,224,220,NONE,1,1,2.03,2.03,0.0,TP1->EMA->TP1,TP1->EMA->TP1,0,0,1,1,1,1,0,0,1,1,0,0,1,1,0.71,0.71,0.00,0.00,31,31,300.00,300.00,0,0,0,0,1,1
2014.09.04 11:14:00,BUY,1270.86,225,221,NONE,2,2,2.08,2.08,0.0,TP2,TP2,0,0,1,1,0,0,1,1,0,0,0,0,1,1,2.67,2.67,0.00,0.00,29,29,300.00,300.00,0,0,0,0,1,1
2014.09.04 23:21:00,BUY,1259.45,226,222,NONE,1,1,2.01,2.01,0.0,EMA->TP1,EMA->TP1,0,0,1,1,1,1,0,0,1,1,0,0,1,1,2.26,2.26,0.00,0.00,106,106,300.00,300.00,0,0,0,0,1,1
2014.09.05 15:54:00,BUY,1266.69,227,223,NONE,3,3,7.53,7.53,0.0,EMA->TP2->TP3,EMA->TP2->TP3,0,0,1,1,0,0,1,1,1,1,0,0,1,1,6.41,6.41,0.00,0.00,126,126,300.00,300.00,0,0,0,0,1,1
2014.09.08 02:16:00,BUY,1267.07,228,224,NONE,1,1,2.01,2.01,0.0,EMA->TP1,EMA->TP1,0,0,1,1,1,1,0,0,1,1,0,0,1,1,0.66,0.66,0.00,0.00,39,39,300.00,300.00,0,0,0,0,1,1
2014.09.08 11:23:00,BUY,1265.52,229,225,NONE,3,3,2.48,2.48,0.0,TP1->EMA->TP2->TP3,TP1->EMA->TP2->TP3,0,0,1,1,1,1,1,1,1,1,0,0,1,1,8.72,8.72,0.00,0.00,119,119,300.00,300.00,0,0,0,0,1,1
2014.09.08 20:26:00,BUY,1255.44,230,226,NONE,2,2,2.76,2.76,0.0,EMA->TP1->TP2,EMA->TP1->TP2,0,0,1,1,1,1,1,1,1,1,0,0,1,1,2.07,2.07,0.00,0.00,94,94,300.00,300.00,0,0,0,0,1,1
2014.09.09 02:04:00,BUY,1257.47,231,227,NONE,3,3,3.17,3.17,0.0,EMA->TP3,EMA->TP3,0,0,1,1,0,0,0,0,1,1,0,0,1,1,14.02,14.02,0.00,0.00,284,284,300.00,300.00,0,0,0,0,1,1
2014.09.09 13:01:00,BUY,1255.27,232,228,NONE,2,2,3.25,3.25,0.0,TP2,TP2,0,0,1,1,0,0,1,1,0,0,0,0,1,1,5.87,5.87,0.00,0.00,34,34,300.00,300.00,0,0,0,0,1,1
2014.09.11 10:18:00,BUY,1244.88,233,229,NONE,3,3,7.85,7.85,0.0,TP3,TP3,0,0,1,1,0,0,0,0,0,0,0,0,1,1,20.88,20.88,0.00,0.00,93,93,300.00,300.00,0,0,0,0,1,1
2014.09.11 13:28:00,BUY,1243.99,234,230,NONE,3,3,10.69,10.69,0.0,EMA->TP3,EMA->TP3,0,0,1,1,0,0,0,0,1,1,0,0,1,1,27.1,27.1,0.01,0.01,366,366,300.00,300.00,0,0,0,0,1,1
2014.09.12 09:13:00,BUY,1235.77,235,231,NONE,1,1,2.01,2.01,0.0,EMA->TP1,EMA->TP1,0,0,1,1,1,1,0,0,1,1,0,0,1,1,0.83,0.83,0.00,0.00,54,54,300.00,300.00,0,0,0,0,1,1
2014.09.12 10:32:00,BUY,1237.28,236,232,NONE,3,3,2.53,2.53,0.0,EMA->TP1->TP2->TP3,EMA->TP1->TP2->TP3,0,0,1,1,1,1,1,1,1,1,0,0,1,1,12.08,12.08,0.00,0.00,130,130,300.00,300.00,0,0,0,0,1,1
2014.09.15 19:23:00,BUY,1233.37,237,233,NONE,2,2,2.23,2.23,0.0,EMA->TP2,EMA->TP2,0,0,1,1,0,0,1,1,1,1,0,0,1,1,4.4,4.4,0.00,0.00,182,182,300.00,300.00,0,0,0,0,1,1
2014.09.16 03:28:02,BUY,1236.70,238,234,NONE,3,3,2.76,2.76,0.0,EMA->TP2->TP3,EMA->TP2->TP3,0,0,1,1,0,0,1,1,1,1,0,0,1,1,8.95,8.95,0.00,0.00,224,224,300.00,300.00,0,0,0,0,1,1
2014.09.16 15:30:02,BUY,1233.32,239,235,NONE,1,1,2.02,2.02,0.0,EMA->TP1,EMA->TP1,0,0,1,1,1,1,0,0,1,1,0,0,1,1,0.85,0.85,0.00,0.00,10,10,300.00,300.00,0,0,0,0,1,1
2014.09.17 19:51:03,BUY,1223.77,240,236,NONE,2,2,3.16,3.16,0.0,EMA->TP2,EMA->TP2,0,0,1,1,0,0,1,1,1,1,0,0,1,1,13.69,13.69,0.00,0.00,303,303,300.00,300.00,0,0,0,0,1,1
2014.09.18 04:16:01,BUY,1223.12,241,237,NONE,2,2,2.02,2.02,0.0,EMA->TP2->TP1->TP2,EMA->TP2->TP1->TP2,0,0,1,1,1,1,1,1,1,1,0,0,1,1,1.4,1.4,0.00,0.00,22,22,300.00,300.00,0,0,0,0,1,1
2014.09.18 17:17:00,BUY,1226.40,242,238,NONE,2,2,2.02,2.02,0.0,EMA->TP2,EMA->TP2,0,0,1,1,0,0,1,1,1,1,0,0,1,1,1.77,1.77,0.00,0.00,14,14,300.00,300.00,0,0,0,0,1,1
2014.09.18 23:14:15,BUY,1225.66,243,239,ALLOW,5,5,2.7,2.7,0.0,TP2->EMA->NET_BASKET_BE,TP2->EMA->NET_BASKET_BE,0,0,0,0,0,0,1,1,1,1,1,1,1,1,87.05,87.05,0.02,0.02,229,229,300.00,300.00,1,1,0,0,1,1
2014.09.19 09:42:00,BUY,1222.81,244,240,NONE,2,2,2.09,2.09,0.0,EMA->TP2,EMA->TP2,0,0,1,1,0,0,1,1,1,1,0,0,1,1,5.1,5.1,0.00,0.00,128,128,300.00,300.00,0,0,0,0,1,1
2014.09.19 14:19:00,BUY,1219.94,245,241,NONE,2,2,3.23,3.23,0.0,TP2,TP2,0,0,1,1,0,0,1,1,0,0,0,0,1,1,15.56,15.56,0.00,0.00,82,82,300.00,300.00,0,0,0,0,1,1
2014.09.23 23:36:01,SELL,1222.37,246,242,NONE,2,2,2.68,2.68,0.0,EMA->TP2,EMA->TP2,0,0,1,1,0,0,1,1,1,1,0,0,1,1,2.6,2.6,0.00,0.00,23,23,300.00,300.00,0,0,0,0,1,1
2014.09.24 05:57:00,SELL,1222.93,247,243,NONE,3,3,2.06,2.06,0.0,EMA->TP3,EMA->TP3,0,0,1,1,0,0,0,0,1,1,0,0,1,1,8.95,8.95,0.00,0.00,52,52,300.00,300.00,0,0,0,0,1,1
2014.09.24 06:53:00,BUY,1224.51,248,244,NONE,3,3,2.68,2.68,0.0,EMA->TP3,EMA->TP3,0,0,1,1,0,0,0,0,1,1,0,0,1,1,9.9,9.9,0.00,0.00,158,158,300.00,300.00,0,0,0,0,1,1
2014.09.24 14:03:01,BUY,1218.57,249,245,NONE,1,1,3.73,3.73,0.0,EMA->TP1,EMA->TP1,0,0,1,1,1,1,0,0,1,1,0,0,1,1,2.81,2.81,0.00,0.00,32,32,300.00,300.00,0,0,0,0,1,1
2014.09.26 01:40:02,BUY,1226.44,250,246,NONE,3,3,2.19,2.19,0.0,EMA->TP1->TP3,EMA->TP1->TP3,0,0,1,1,1,1,0,0,1,1,0,0,1,1,14.0,14.0,0.00,0.00,103,103,300.00,300.00,0,0,0,0,1,1
2014.09.26 04:13:01,BUY,1224.57,251,247,NONE,3,3,2.37,2.37,0.0,EMA->TP3,EMA->TP3,0,0,1,1,0,0,0,0,1,1,0,0,1,1,12.71,12.71,0.00,0.00,123,123,300.00,300.00,0,0,0,0,1,1
2014.09.29 18:07:05,BUY,1217.22,252,248,NONE,3,3,2.26,2.26,0.0,EMA->TP1->TP2->TP3,EMA->TP1->TP2->TP3,0,0,1,1,1,1,1,1,1,1,0,0,1,1,8.11,8.11,0.00,0.00,344,344,300.00,300.00,0,0,0,0,1,1
2014.09.30 01:04:08,BUY,1217.26,253,249,ALLOW,4,4,3.84,3.84,0.0,EMA->NET_BASKET_BE,EMA->NET_BASKET_BE,0,0,0,0,0,0,0,0,1,1,0,0,1,1,60.42,60.42,0.01,0.01,726,726,300.00,300.00,1,1,0,0,1,1
2014.10.01 00:50:01,BUY,1207.64,254,250,NONE,2,2,2.0,2.0,0.0,TP2->EMA->TP2,TP2->EMA->TP2,0,0,1,1,0,0,1,1,1,1,0,0,1,1,2.6,2.6,0.00,0.00,21,21,300.00,300.00,0,0,0,0,1,1
2014.10.01 23:18:00,BUY,1213.81,255,251,NONE,2,2,2.13,2.13,0.0,TP2->EMA->TP2,TP2->EMA->TP2,0,0,1,1,0,0,1,1,1,1,0,0,1,1,1.81,1.81,0.00,0.00,29,29,300.00,300.00,0,0,0,0,1,1
2014.10.02 15:27:01,SELL,1214.60,256,252,NONE,2,2,2.0,2.0,0.0,TP2->EMA->TP2,TP2->EMA->TP2,0,0,1,1,0,0,1,1,1,1,0,0,1,1,10.38,10.38,0.00,0.00,85,85,300.00,300.00,0,0,0,0,1,1
2014.10.03 05:43:01,BUY,1211.51,257,253,ALLOW,5,5,3.39,3.39,0.0,TP2->NET_BASKET_BE,TP2->NET_BASKET_BE,0,0,0,0,0,0,1,1,0,0,1,1,1,1,56.78,56.78,0.01,0.01,406,406,300.00,300.00,1,1,0,0,1,1
2014.10.03 16:17:00,BUY,1193.76,258,254,NONE,3,3,2.1,2.1,0.0,TP3,TP3,0,0,1,1,0,0,0,0,0,0,0,0,1,1,12.96,12.96,0.00,0.00,32,32,300.00,300.00,0,0,0,0,1,1
2014.10.03 16:50:00,BUY,1192.81,259,255,ALLOW,4,4,2.11,2.11,0.0,EMA->NET_BASKET_BE,EMA->NET_BASKET_BE,0,0,0,0,0,0,0,0,1,1,0,0,1,1,54.22,54.22,0.01,0.01,3275,3275,300.00,300.00,1,1,0,0,1,1
2014.10.06 15:41:01,BUY,1201.87,260,256,NONE,1,1,3.14,3.14,0.0,EMA->TP1,EMA->TP1,0,0,1,1,1,1,0,0,1,1,0,0,1,1,2.53,2.53,0.00,0.00,77,77,300.00,300.00,0,0,0,0,1,1
2014.10.06 23:25:19,BUY,1205.74,261,257,NONE,2,2,2.29,2.29,0.0,TP2->EMA->TP1->TP2,TP2->EMA->TP1->TP2,0,0,1,1,1,1,1,1,1,1,0,0,1,1,1.49,1.49,0.00,0.00,22,22,300.00,300.00,0,0,0,0,1,1
2014.10.07 03:48:10,SELL,1204.97,262,258,NONE,2,2,2.0,2.0,0.0,EMA->TP1->TP2,EMA->TP1->TP2,0,0,1,1,1,1,1,1,1,1,0,0,1,1,5.79,5.79,0.00,0.00,134,134,300.00,300.00,0,0,0,0,1,1
2014.10.07 06:06:00,BUY,1205.19,263,259,NONE,1,1,2.45,2.45,0.0,EMA->TP1,EMA->TP1,0,0,1,1,1,1,0,0,1,1,0,0,1,1,1.57,1.57,0.00,0.00,61,61,300.00,300.00,0,0,0,0,1,1
2014.10.07 09:47:06,SELL,1207.32,264,260,NONE,1,1,2.64,2.64,0.0,EMA->TP1,EMA->TP1,0,0,1,1,1,1,0,0,1,1,0,0,1,1,0.78,0.78,0.00,0.00,72,72,300.00,300.00,0,0,0,0,1,1
2014.10.07 20:46:00,BUY,1209.47,265,261,NONE,2,2,2.07,2.07,0.0,TP2,TP2,0,0,1,1,0,0,1,1,0,0,0,0,1,1,2.32,2.32,0.00,0.00,83,83,300.00,300.00,0,0,0,0,1,1
2014.10.08 05:34:00,BUY,1212.56,266,262,NONE,1,1,3.51,3.51,0.0,EMA->TP1,EMA->TP1,0,0,1,1,1,1,0,0,1,1,0,0,1,1,1.39,1.39,0.00,0.00,76,76,300.00,300.00,0,0,0,0,1,1
2014.10.08 09:36:00,SELL,1219.60,267,263,NONE,1,1,3.32,3.32,0.0,EMA->TP1,EMA->TP1,0,0,1,1,1,1,0,0,1,1,0,0,1,1,1.65,1.65,0.00,0.00,145,145,300.00,300.00,0,0,0,0,1,1
2014.10.08 22:15:00,BUY,1219.91,268,264,NONE,1,1,2.01,2.01,0.0,EMA->TP1,EMA->TP1,0,0,1,1,1,1,0,0,1,1,0,0,1,1,3.85,3.85,0.00,0.00,230,230,300.00,300.00,0,0,0,0,1,1
2014.10.09 03:44:00,BUY,1224.83,269,265,NONE,1,1,2.04,2.04,0.0,EMA->TP1,EMA->TP1,0,0,1,1,1,1,0,0,1,1,0,0,1,1,2.15,2.15,0.00,0.00,137,137,300.00,300.00,0,0,0,0,1,1
2014.10.09 06:11:01,SELL,1226.66,270,266,NONE,2,2,2.02,2.02,0.0,EMA->TP1->TP2,EMA->TP1->TP2,0,0,1,1,1,1,1,1,1,1,0,0,1,1,9.34,9.34,0.00,0.00,149,149,300.00,300.00,0,0,0,0,1,1
2014.10.09 09:31:00,BUY,1226.43,271,267,NONE,1,1,2.04,2.04,0.0,EMA->TP1,EMA->TP1,0,0,1,1,1,1,0,0,1,1,0,0,1,1,1.18,1.18,0.00,0.00,40,40,300.00,300.00,0,0,0,0,1,1
2014.10.14 01:45:00,BUY,1235.14,272,268,NONE,2,2,2.41,2.41,0.0,EMA->TP2,EMA->TP2,0,0,1,1,0,0,1,1,1,1,0,0,1,1,7.12,7.12,0.00,0.00,570,570,300.00,300.00,0,0,0,0,1,1
2014.10.14 20:49:20,BUY,1232.20,273,269,ALLOW,5,5,5.31,5.31,0.0,TP2->NET_BASKET_BE,TP2->NET_BASKET_BE,0,0,0,0,0,0,1,1,0,0,1,1,1,1,130.12,130.12,0.03,0.03,933,933,300.00,300.00,1,1,0,0,1,1
2014.10.15 23:27:28,BUY,1240.59,274,270,ALLOW,4,4,2.17,2.17,0.0,EMA->TP2->TP3->NET_BASKET_BE,EMA->TP2->TP3->NET_BASKET_BE,0,0,0,0,0,0,1,1,1,1,0,0,1,1,22.09,22.09,0.00,0.00,63,63,300.00,300.00,1,1,0,0,1,1
2014.10.20 04:03:03,BUY,1236.10,275,271,NONE,1,1,2.0,2.0,0.0,EMA->TP1,EMA->TP1,0,0,1,1,1,1,0,0,1,1,0,0,1,1,0.56,0.56,0.00,0.00,115,115,300.00,300.00,0,0,0,0,1,1
2014.10.20 08:39:00,BUY,1241.69,276,272,NONE,1,1,2.02,2.02,0.0,EMA->TP1,EMA->TP1,0,0,1,1,1,1,0,0,1,1,0,0,1,1,1.49,1.49,0.00,0.00,149,149,300.00,300.00,0,0,0,0,1,1
2014.10.21 12:24:01,BUY,1248.75,277,273,NONE,1,1,2.19,2.19,0.0,EMA->TP1,EMA->TP1,0,0,1,1,1,1,0,0,1,1,0,0,1,1,0.39,0.39,0.00,0.00,5,5,300.00,300.00,0,0,0,0,1,1
2014.10.21 18:57:07,BUY,1250.26,278,274,ALLOW,5,5,2.22,2.22,0.0,EMA->TP3->NET_BASKET_BE,EMA->TP3->NET_BASKET_BE,0,0,0,0,0,0,0,0,1,1,1,1,1,1,46.81,46.81,0.01,0.01,976,976,300.00,300.00,1,1,0,0,1,1
2014.10.22 19:37:03,BUY,1242.20,279,275,ALLOW,5,5,-300.69,-300.69,0.0,TP2->EMA->TP1->SL$,TP2->EMA->TP1->SL$,1,1,0,0,1,1,1,1,1,1,1,1,0,0,301.32,301.32,0.06,0.06,9672,9672,300.00,300.00,0,0,0,0,1,1
2014.10.30 06:15:00,BUY,1207.16,280,276,NONE,3,3,6.74,6.74,0.0,EMA->TP3,EMA->TP3,0,0,1,1,0,0,0,0,1,1,0,0,1,1,24.77,24.77,0.00,0.00,383,383,300.00,300.00,0,0,0,0,1,1
2014.10.30 19:39:10,BUY,1199.22,281,277,NONE,2,2,2.17,2.17,0.0,TP2,TP2,0,0,1,1,0,0,1,1,0,0,0,0,1,1,4.56,4.56,0.00,0.00,45,45,300.00,300.00,0,0,0,0,1,1
2014.10.31 01:53:00,BUY,1201.47,282,278,ALLOW,5,5,2.19,2.19,0.0,EMA->NET_BASKET_BE,EMA->NET_BASKET_BE,0,0,0,0,0,0,0,0,1,1,1,1,1,1,40.95,40.95,0.01,0.01,131,131,300.00,300.00,1,1,0,0,1,1
2014.11.03 01:37:04,BUY,1165.58,283,279,NONE,1,1,2.22,2.22,0.0,EMA->TP1,EMA->TP1,0,0,1,1,1,1,0,0,1,1,0,0,1,1,1.02,1.02,0.00,0.00,11,11,300.00,300.00,0,0,0,0,1,1
2014.11.03 03:21:02,BUY,1167.13,284,280,NONE,1,1,2.01,2.01,0.0,EMA->TP1,EMA->TP1,0,0,1,1,1,1,0,0,1,1,0,0,1,1,1.13,1.13,0.00,0.00,64,64,300.00,300.00,0,0,0,0,1,1
2014.11.03 08:28:02,BUY,1169.24,285,281,NONE,1,1,3.09,3.09,0.0,EMA->TP1,EMA->TP1,0,0,1,1,1,1,0,0,1,1,0,0,1,1,1.56,1.56,0.00,0.00,153,153,300.00,300.00,0,0,0,0,1,1
2014.11.03 19:27:02,BUY,1168.13,286,282,NONE,3,3,2.04,2.04,0.0,TP3,TP3,0,0,1,1,0,0,0,0,0,0,0,0,1,1,14.37,14.37,0.00,0.00,228,228,300.00,300.00,0,0,0,0,1,1
2014.11.04 04:52:30,BUY,1167.26,287,283,NONE,2,2,2.2,2.2,0.0,EMA->TP2,EMA->TP2,0,0,1,1,0,0,1,1,1,1,0,0,1,1,3.76,3.76,0.00,0.00,67,67,300.00,300.00,0,0,0,0,1,1
2014.11.04 20:02:01,BUY,1169.42,288,284,NONE,3,3,2.0,2.0,0.0,EMA->TP3,EMA->TP3,0,0,1,1,0,0,0,0,1,1,0,0,1,1,11.53,11.53,0.00,0.00,63,63,300.00,300.00,0,0,0,0,1,1
2014.11.05 00:20:04,BUY,1169.23,289,285,ALLOW,5,5,-304.08,-304.08,0.0,EMA->TP2->SL$,EMA->TP2->SL$,1,1,0,0,0,0,1,1,1,1,1,1,0,0,299.76,299.76,0.06,0.06,516,516,300.00,300.00,0,0,0,0,1,1
2014.11.05 15:14:00,BUY,1144.17,290,286,NONE,1,1,2.71,2.71,0.0,EMA->TP1,EMA->TP1,0,0,1,1,1,1,0,0,1,1,0,0,1,1,1.78,1.78,0.00,0.00,14,14,300.00,300.00,0,0,0,0,1,1
2014.11.06 13:01:00,BUY,1145.34,291,287,NONE,1,1,2.15,2.15,0.0,EMA->TP1,EMA->TP1,0,0,1,1,1,1,0,0,1,1,0,0,1,1,1.08,1.08,0.00,0.00,26,26,300.00,300.00,0,0,0,0,1,1
2014.11.06 21:55:00,BUY,1141.82,292,288,NONE,2,2,2.15,2.15,0.0,TP2->EMA->TP2,TP2->EMA->TP2,0,0,1,1,0,0,1,1,1,1,0,0,1,1,6.67,6.67,0.00,0.00,81,81,300.00,300.00,0,0,0,0,1,1
2014.11.07 10:01:00,BUY,1144.09,293,289,NONE,1,1,2.02,2.02,0.0,EMA->TP1,EMA->TP1,0,0,1,1,1,1,0,0,1,1,0,0,1,1,1.41,1.41,0.00,0.00,55,55,300.00,300.00,0,0,0,0,1,1
2014.11.10 12:01:00,BUY,1167.97,294,290,NONE,2,2,2.71,2.71,0.0,TP2,TP2,0,0,1,1,0,0,1,1,0,0,0,0,1,1,3.6,3.6,0.00,0.00,28,28,300.00,300.00,0,0,0,0,1,1
2014.11.11 01:45:00,SELL,1156.39,295,291,NONE,1,1,2.0,2.0,0.0,EMA->TP1,EMA->TP1,0,0,1,1,1,1,0,0,1,1,0,0,1,1,1.21,1.21,0.00,0.00,111,111,300.00,300.00,0,0,0,0,1,1
2014.11.11 05:06:00,BUY,1147.84,296,292,NONE,1,1,3.85,3.85,0.0,EMA->TP1,EMA->TP1,0,0,1,1,1,1,0,0,1,1,0,0,1,1,1.24,1.24,0.00,0.00,36,36,300.00,300.00,0,0,0,0,1,1
2014.11.12 01:04:02,BUY,1162.51,297,293,NONE,1,1,3.06,3.06,0.0,EMA->TP1,EMA->TP1,0,0,1,1,1,1,0,0,1,1,0,0,1,1,2.13,2.13,0.00,0.00,89,89,300.00,300.00,0,0,0,0,1,1
2014.11.12 02:46:00,SELL,1165.60,298,294,NONE,2,2,3.5,3.5,0.0,EMA->TP2,EMA->TP2,0,0,1,1,0,0,1,1,1,1,0,0,1,1,6.75,6.75,0.00,0.00,314,314,300.00,300.00,0,0,0,0,1,1
2014.11.12 09:51:00,BUY,1163.64,299,295,NONE,1,1,2.0,2.0,0.0,EMA->TP1,EMA->TP1,0,0,1,1,1,1,0,0,1,1,0,0,1,1,1.32,1.32,0.00,0.00,92,92,300.00,300.00,0,0,0,0,1,1
2014.11.12 17:05:00,SELL,1162.97,300,296,NONE,1,1,2.18,2.18,0.0,EMA->TP1,EMA->TP1,0,0,1,1,1,1,0,0,1,1,0,0,1,1,2.41,2.41,0.00,0.00,72,72,300.00,300.00,0,0,0,0,1,1
2014.11.13 00:23:05,SELL,1159.84,301,297,NONE,2,2,2.06,2.06,0.0,EMA->TP2,EMA->TP2,0,0,1,1,0,0,1,1,1,1,0,0,1,1,2.89,2.89,0.00,0.00,30,30,300.00,300.00,0,0,0,0,1,1
2014.11.13 07:07:00,BUY,1159.67,302,298,NONE,2,2,2.69,2.69,0.0,TP2,TP2,0,0,1,1,0,0,1,1,0,0,0,0,1,1,8.19,8.19,0.00,0.00,38,38,300.00,300.00,0,0,0,0,1,1
2014.11.14 20:30:00,SELL,1189.63,303,299,NONE,1,1,7.22,7.22,0.0,EMA->TP1,EMA->TP1,0,0,1,1,1,1,0,0,1,1,0,0,1,1,2.83,2.83,0.00,0.00,3090,3090,300.00,300.00,0,0,0,0,1,1
2014.11.17 01:49:00,BUY,1189.75,304,300,NONE,2,2,5.74,5.74,0.0,EMA->TP2,EMA->TP2,0,0,1,1,0,0,1,1,1,1,0,0,1,1,9.14,9.14,0.00,0.00,205,205,300.00,300.00,0,0,0,0,1,1
2014.11.17 09:08:00,SELL,1187.70,305,301,NONE,2,2,4.06,4.06,0.0,EMA->TP2,EMA->TP2,0,0,1,1,0,0,1,1,1,1,0,0,1,1,11.73,11.73,0.00,0.00,168,168,300.00,300.00,0,0,0,0,1,1
2014.11.17 20:27:02,BUY,1185.48,306,302,NONE,2,2,2.02,2.02,0.0,EMA->TP1->TP2,EMA->TP1->TP2,0,0,1,1,1,1,1,1,1,1,0,0,1,1,4.98,4.98,0.00,0.00,269,269,300.00,300.00,0,0,0,0,1,1
2014.11.18 01:29:02,BUY,1184.52,307,303,NONE,1,1,2.04,2.04,0.0,EMA->TP1,EMA->TP1,0,0,1,1,1,1,0,0,1,1,0,0,1,1,1.65,1.65,0.00,0.00,73,73,300.00,300.00,0,0,0,0,1,1
2014.11.18 04:34:00,BUY,1186.63,308,304,NONE,1,1,2.05,2.05,0.0,EMA->TP1,EMA->TP1,0,0,1,1,1,1,0,0,1,1,0,0,1,1,1.07,1.07,0.00,0.00,78,78,300.00,300.00,0,0,0,0,1,1
2014.11.18 14:13:06,BUY,1196.62,309,305,NONE,2,2,3.25,3.25,0.0,TP2,TP2,0,0,1,1,0,0,1,1,0,0,0,0,1,1,10.75,10.75,0.00,0.00,61,61,300.00,300.00,0,0,0,0,1,1
2014.11.19 02:42:03,BUY,1193.36,310,306,NONE,2,2,2.08,2.08,0.0,TP2,TP2,0,0,1,1,0,0,1,1,0,0,0,0,1,1,3.35,3.35,0.00,0.00,38,38,300.00,300.00,0,0,0,0,1,1
2014.11.19 12:32:00,BUY,1195.08,311,307,NONE,1,1,4.02,4.02,0.0,EMA->TP1,EMA->TP1,0,0,1,1,1,1,0,0,1,1,0,0,1,1,2.15,2.15,0.00,0.00,59,59,300.00,300.00,0,0,0,0,1,1
2014.11.21 05:10:00,BUY,1193.95,312,308,NONE,2,2,2.1,2.1,0.0,EMA->TP2,EMA->TP2,0,0,1,1,0,0,1,1,1,1,0,0,1,1,5.73,5.73,0.00,0.00,122,122,300.00,300.00,0,0,0,0,1,1
2014.11.25 04:01:07,BUY,1198.54,313,309,NONE,3,3,2.17,2.17,0.0,EMA->TP3,EMA->TP3,0,0,1,1,0,0,0,0,1,1,0,0,1,1,9.36,9.36,0.00,0.00,80,80,300.00,300.00,0,0,0,0,1,1
2014.11.25 10:55:00,BUY,1202.70,314,310,NONE,3,3,4.49,4.49,0.0,EMA->TP3,EMA->TP3,0,0,1,1,0,0,0,0,1,1,0,0,1,1,28.53,28.53,0.01,0.01,152,152,300.00,300.00,0,0,0,0,1,1
2014.11.26 00:41:00,BUY,1199.58,315,311,NONE,3,3,3.48,3.48,0.0,EMA->TP3,EMA->TP3,0,0,1,1,0,0,0,0,1,1,0,0,1,1,15.87,15.87,0.00,0.00,658,658,300.00,300.00,0,0,0,0,1,1
2014.11.27 10:32:12,BUY,1195.67,316,312,ALLOW,5,5,-302.01,-302.01,0.0,EMA->TP3->SL$,EMA->TP3->SL$,1,1,0,0,0,0,0,0,1,1,1,1,0,0,301.43,301.43,0.06,0.06,1881,1881,300.00,300.00,0,0,0,0,1,1
2014.12.01 02:47:00,SELL,1151.44,317,313,NONE,3,3,8.39,8.39,0.0,EMA->TP3,EMA->TP3,0,0,1,1,0,0,0,0,1,1,0,0,1,1,29.19,29.19,0.01,0.01,242,242,300.00,300.00,0,0,0,0,1,1
2014.12.01 20:15:09,BUY,1211.87,318,314,ALLOW,4,4,3.11,3.11,0.0,EMA->TP1->NET_BASKET_BE,EMA->TP1->NET_BASKET_BE,0,0,0,0,1,1,0,0,1,1,0,0,1,1,53.31,53.31,0.01,0.01,320,320,300.00,300.00,1,1,0,0,1,1
2014.12.02 12:29:00,BUY,1195.90,319,315,NONE,2,2,22.93,22.93,0.0,TP1->TP2->EMA->TP2,TP1->TP2->EMA->TP2,0,0,1,1,1,1,1,1,1,1,0,0,1,1,5.53,5.53,0.00,0.00,91,91,300.00,300.00,0,0,0,0,1,1
2014.12.02 14:53:00,BUY,1196.32,320,316,NONE,1,1,3.99,3.99,0.0,EMA->TP1,EMA->TP1,0,0,1,1,1,1,0,0,1,1,0,0,1,1,1.73,1.73,0.00,0.00,15,15,300.00,300.00,0,0,0,0,1,1
2014.12.03 11:20:03,BUY,1203.03,321,317,NONE,2,2,2.78,2.78,0.0,EMA->TP2,EMA->TP2,0,0,1,1,0,0,1,1,1,1,0,0,1,1,6.79,6.79,0.00,0.00,75,75,300.00,300.00,0,0,0,0,1,1
2014.12.03 23:22:19,BUY,1208.23,322,318,NONE,2,2,2.14,2.14,0.0,TP2->EMA->TP2,TP2->EMA->TP2,0,0,1,1,0,0,1,1,1,1,0,0,1,1,4.57,4.57,0.00,0.00,101,101,300.00,300.00,0,0,0,0,1,1
2014.12.04 03:36:07,BUY,1207.95,323,319,NONE,3,3,2.27,2.27,0.0,TP3->EMA->TP3,TP3->EMA->TP3,0,0,1,1,0,0,0,0,1,1,0,0,1,1,14.29,14.29,0.00,0.00,158,158,300.00,300.00,0,0,0,0,1,1
2014.12.05 10:26:00,BUY,1204.48,324,320,NONE,3,3,8.31,8.31,0.0,EMA->TP3,EMA->TP3,0,0,1,1,0,0,0,0,1,1,0,0,1,1,21.33,21.33,0.00,0.00,144,144,300.00,300.00,0,0,0,0,1,1
2014.12.08 05:19:23,BUY,1193.06,325,321,NONE,1,1,2.02,2.02,0.0,EMA->TP1,EMA->TP1,0,0,1,1,1,1,0,0,1,1,0,0,1,1,1.69,1.69,0.00,0.00,129,129,300.00,300.00,0,0,0,0,1,1
2014.12.08 13:12:01,BUY,1194.26,326,322,NONE,1,1,4.07,4.07,0.0,EMA->TP1,EMA->TP1,0,0,1,1,1,1,0,0,1,1,0,0,1,1,6.88,6.88,0.00,0.00,335,335,300.00,300.00,0,0,0,0,1,1
2014.12.08 23:45:01,BUY,1203.78,327,323,NONE,3,3,2.3,2.3,0.0,EMA->TP3,EMA->TP3,0,0,1,1,0,0,0,0,1,1,0,0,1,1,12.35,12.35,0.00,0.00,385,385,300.00,300.00,0,0,0,0,1,1
2014.12.10 08:38:01,BUY,1230.25,328,324,NONE,2,2,3.15,3.15,0.0,EMA->TP2,EMA->TP2,0,0,1,1,0,0,1,1,1,1,0,0,1,1,13.51,13.51,0.00,0.00,257,257,300.00,300.00,0,0,0,0,1,1
2014.12.11 18:02:00,BUY,1228.05,329,325,NONE,2,2,4.77,4.77,0.0,EMA->TP2,EMA->TP2,0,0,1,1,0,0,1,1,1,1,0,0,1,1,4.71,4.71,0.00,0.00,82,82,300.00,300.00,0,0,0,0,1,1
2014.12.15 02:02:04,BUY,1217.02,330,326,NONE,1,1,2.26,2.26,0.0,EMA->TP1,EMA->TP1,0,0,1,1,1,1,0,0,1,1,0,0,1,1,2.06,2.06,0.00,0.00,247,247,300.00,300.00,0,0,0,0,1,1
2014.12.15 10:32:00,SELL,1211.30,331,327,NONE,1,1,3.08,3.08,0.0,EMA->TP1,EMA->TP1,0,0,1,1,1,1,0,0,1,1,0,0,1,1,1.79,1.79,0.00,0.00,148,148,300.00,300.00,0,0,0,0,1,1
2014.12.15 15:19:00,BUY,1210.21,332,328,NONE,1,1,3.4,3.4,0.0,EMA->TP1,EMA->TP1,0,0,1,1,1,1,0,0,1,1,0,0,1,1,1.0,1.0,0.00,0.00,7,7,300.00,300.00,0,0,0,0,1,1
2014.12.16 07:33:04,BUY,1198.29,333,329,NONE,2,2,2.59,2.59,0.0,EMA->TP2,EMA->TP2,0,0,1,1,0,0,1,1,1,1,0,0,1,1,8.09,8.09,0.00,0.00,93,93,300.00,300.00,0,0,0,0,1,1
2014.12.16 19:17:00,BUY,1193.96,334,330,NONE,1,1,2.04,2.04,0.0,EMA->TP1,EMA->TP1,0,0,1,1,1,1,0,0,1,1,0,0,1,1,2.0,2.0,0.00,0.00,84,84,300.00,300.00,0,0,0,0,1,1
2014.12.17 05:38:00,SELL,1197.90,335,331,NONE,2,2,2.01,2.01,0.0,TP2->EMA->TP2,TP2->EMA->TP2,0,0,1,1,0,0,1,1,1,1,0,0,1,1,5.23,5.23,0.00,0.00,41,41,300.00,300.00,0,0,0,0,1,1
2014.12.17 08:26:08,BUY,1197.85,336,332,NONE,2,2,3.38,3.38,0.0,EMA->TP2,EMA->TP2,0,0,1,1,0,0,1,1,1,1,0,0,1,1,5.83,5.83,0.00,0.00,124,124,300.00,300.00,0,0,0,0,1,1
2014.12.18 23:53:04,BUY,1198.01,337,333,NONE,2,2,2.02,2.02,0.0,EMA->TP2,EMA->TP2,0,0,1,1,0,0,1,1,1,1,0,0,1,1,5.88,5.88,0.00,0.00,84,84,300.00,300.00,0,0,0,0,1,1
2014.12.19 16:22:00,BUY,1197.89,338,334,NONE,2,2,2.06,2.06,0.0,EMA->TP2,EMA->TP2,0,0,1,1,0,0,1,1,1,1,0,0,1,1,13.72,13.72,0.00,0.00,3495,3495,300.00,300.00,0,0,0,0,1,1
2014.12.22 10:27:00,BUY,1197.63,339,335,ALLOW,4,4,2.41,2.41,0.0,EMA->NET_BASKET_BE,EMA->NET_BASKET_BE,0,0,0,0,0,0,0,0,1,1,0,0,1,1,158.54,158.54,0.03,0.03,5770,5770,300.00,300.00,1,1,0,0,1,1
2014.12.29 00:28:02,BUY,1193.80,340,336,NONE,3,3,2.01,2.01,0.0,TP3,TP3,0,0,1,1,0,0,0,0,0,0,0,0,1,1,7.36,7.36,0.00,0.00,20,20,300.00,300.00,0,0,0,0,1,1
2014.12.30 12:20:00,BUY,1185.59,341,337,NONE,1,1,4.05,4.05,0.0,EMA->TP1,EMA->TP1,0,0,1,1,1,1,0,0,1,1,0,0,1,1,4.24,4.24,0.00,0.00,64,64,300.00,300.00,0,0,0,0,1,1
2015.01.02 00:01:00,SELL,1186.59,342,338,NONE,3,3,2.94,2.94,0.0,TP2->TP3,TP2->TP3,0,0,1,1,0,0,1,1,0,0,0,0,1,1,9.12,9.12,0.00,0.00,78,78,300.00,300.00,0,0,0,0,1,1
2015.01.02 09:17:06,BUY,1185.84,343,339,ALLOW,5,5,3.17,3.17,0.0,EMA->NET_BASKET_BE,EMA->NET_BASKET_BE,0,0,0,0,0,0,0,0,1,1,1,1,1,1,170.0,170.0,0.03,0.03,378,378,300.00,300.00,1,1,0,0,1,1
2015.01.02 19:02:00,BUY,1182.96,344,340,NONE,1,1,2.01,2.01,0.0,TP1,TP1,0,0,1,1,1,1,0,0,0,0,0,0,1,1,1.0,1.0,0.00,0.00,34,34,300.00,300.00,0,0,0,0,1,1
2015.01.05 18:09:00,SELL,1199.92,345,341,ALLOW,4,4,3.34,3.34,0.0,EMA->NET_BASKET_BE,EMA->NET_BASKET_BE,0,0,0,0,0,0,0,0,1,1,0,0,1,1,121.62,121.62,0.02,0.02,2586,2586,300.00,300.00,1,1,0,0,1,1
2015.01.07 17:04:00,BUY,1212.73,346,342,NONE,2,2,3.86,3.86,0.0,EMA->TP2,EMA->TP2,0,0,1,1,0,0,1,1,1,1,0,0,1,1,6.09,6.09,0.00,0.00,117,117,300.00,300.00,0,0,0,0,1,1
2015.01.08 18:22:00,BUY,1210.00,347,343,NONE,2,2,2.02,2.02,0.0,EMA->TP2,EMA->TP2,0,0,1,1,0,0,1,1,1,1,0,0,1,1,9.57,9.57,0.00,0.00,379,379,300.00,300.00,0,0,0,0,1,1
2015.01.12 07:08:02,BUY,1228.08,348,344,NONE,2,2,2.06,2.06,0.0,EMA->TP2,EMA->TP2,0,0,1,1,0,0,1,1,1,1,0,0,1,1,3.16,3.16,0.00,0.00,50,50,300.00,300.00,0,0,0,0,1,1
2015.01.13 04:40:08,BUY,1235.42,349,345,NONE,2,2,2.03,2.03,0.0,EMA->TP2,EMA->TP2,0,0,1,1,0,0,1,1,1,1,0,0,1,1,4.71,4.71,0.00,0.00,118,118,300.00,300.00,0,0,0,0,1,1
2015.01.14 03:18:05,BUY,1228.77,350,346,NONE,2,2,2.06,2.06,0.0,TP2,TP2,0,0,1,1,0,0,1,1,0,0,0,0,1,1,2.2,2.2,0.00,0.00,21,21,300.00,300.00,0,0,0,0,1,1
2015.01.14 15:09:00,BUY,1236.92,351,347,NONE,2,2,2.07,2.07,0.0,EMA->TP2,EMA->TP2,0,0,1,1,0,0,1,1,1,1,0,0,1,1,32.73,32.73,0.01,0.01,1120,1120,300.00,300.00,0,0,0,0,1,1
2015.01.15 19:12:01,BUY,1259.08,352,348,NONE,1,1,4.45,4.45,0.0,EMA->TP1,EMA->TP1,0,0,1,1,1,1,0,0,1,1,0,0,1,1,3.9,3.9,0.00,0.00,235,235,300.00,300.00,0,0,0,0,1,1
2015.01.16 18:25:00,BUY,1274.58,353,349,NONE,1,1,3.55,3.55,0.0,EMA->TP1,EMA->TP1,0,0,1,1,1,1,0,0,1,1,0,0,1,1,1.0,1.0,0.00,0.00,11,11,300.00,300.00,0,0,0,0,1,1
2015.01.20 21:31:10,BUY,1293.29,354,350,NONE,2,2,2.64,2.64,0.0,TP2->EMA->TP2,TP2->EMA->TP2,0,0,1,1,0,0,1,1,1,1,0,0,1,1,1.78,1.78,0.00,0.00,18,18,300.00,300.00,0,0,0,0,1,1
2015.01.21 01:50:03,BUY,1293.28,355,351,NONE,1,1,2.03,2.03,0.0,EMA->TP1,EMA->TP1,0,0,1,1,1,1,0,0,1,1,0,0,1,1,0.9,0.9,0.00,0.00,43,43,300.00,300.00,0,0,0,0,1,1
2015.01.22 05:36:01,BUY,1291.47,356,352,NONE,3,3,4.72,4.72,0.0,EMA->TP3,EMA->TP3,0,0,1,1,0,0,0,0,1,1,0,0,1,1,31.71,31.71,0.01,0.01,207,207,300.00,300.00,0,0,0,0,1,1
2015.01.22 10:08:01,BUY,1287.14,357,353,NONE,2,2,2.88,2.88,0.0,EMA->TP2,EMA->TP2,0,0,1,1,0,0,1,1,1,1,0,0,1,1,3.67,3.67,0.00,0.00,72,72,300.00,300.00,0,0,0,0,1,1
2015.01.22 18:05:00,BUY,1300.55,358,354,NONE,1,1,4.93,4.93,0.0,EMA->TP1,EMA->TP1,0,0,1,1,1,1,0,0,1,1,0,0,1,1,2.69,2.69,0.00,0.00,139,139,300.00,300.00,0,0,0,0,1,1
2015.01.23 03:37:00,BUY,1298.58,359,355,NONE,3,3,4.1,4.1,0.0,TP3,TP3,0,0,1,1,0,0,0,0,0,0,0,0,1,1,16.6,16.6,0.00,0.00,174,174,300.00,300.00,0,0,0,0,1,1
2015.01.23 10:04:00,BUY,1294.76,360,356,NONE,1,1,2.58,2.58,0.0,EMA->TP1,EMA->TP1,0,0,1,1,1,1,0,0,1,1,0,0,1,1,2.02,2.02,0.00,0.00,129,129,300.00,300.00,0,0,0,0,1,1
2015.01.26 19:27:00,SELL,1280.15,361,357,NONE,2,2,2.1,2.1,0.0,EMA->TP2,EMA->TP2,0,0,1,1,0,0,1,1,1,1,0,0,1,1,3.32,3.32,0.00,0.00,59,59,300.00,300.00,0,0,0,0,1,1
2015.01.26 20:27:00,SELL,1279.33,362,358,NONE,2,2,2.02,2.02,0.0,EMA->TP2,EMA->TP2,0,0,1,1,0,0,1,1,1,1,0,0,1,1,6.57,6.57,0.00,0.00,201,201,300.00,300.00,0,0,0,0,1,1
2015.01.27 00:37:00,BUY,1273.92,363,359,NONE,1,1,3.8,3.8,0.0,TP1,TP1,0,0,1,1,1,1,0,0,0,0,0,0,1,1,2.06,2.06,0.00,0.00,34,34,300.00,300.00,0,0,0,0,1,1
2015.01.27 04:24:03,SELL,1277.38,364,360,ALLOW,4,4,2.97,2.97,0.0,EMA->TP2->NET_BASKET_BE,EMA->TP2->NET_BASKET_BE,0,0,0,0,0,0,1,1,1,1,0,0,1,1,42.94,42.94,0.01,0.01,216,216,300.00,300.00,1,1,0,0,1,1
2015.01.27 10:11:01,SELL,1282.02,365,361,NONE,1,1,2.0,2.0,0.0,EMA->TP1,EMA->TP1,0,0,1,1,1,1,0,0,1,1,0,0,1,1,0.43,0.43,0.00,0.00,14,14,300.00,300.00,0,0,0,0,1,1
2015.01.27 15:01:00,SELL,1289.04,366,362,NONE,3,3,6.15,6.15,0.0,TP3,TP3,0,0,1,1,0,0,0,0,0,0,0,0,1,1,26.34,26.34,0.01,0.01,68,68,300.00,300.00,0,0,0,0,1,1
2015.01.27 23:04:07,BUY,1292.83,367,363,NONE,3,3,4.67,4.67,0.0,EMA->TP3,EMA->TP3,0,0,1,1,0,0,0,0,1,1,0,0,1,1,25.92,25.92,0.01,0.01,726,726,300.00,300.00,0,0,0,0,1,1
2015.01.28 20:32:04,BUY,1284.63,368,364,NONE,3,3,3.0,3.0,0.0,EMA->TP3,EMA->TP3,0,0,1,1,0,0,0,0,1,1,0,0,1,1,24.09,24.09,0.00,0.00,452,452,300.00,300.00,0,0,0,0,1,1
2015.01.30 08:31:00,BUY,1262.71,369,365,NONE,2,2,2.34,2.34,0.0,EMA->TP2,EMA->TP2,0,0,1,1,0,0,1,1,1,1,0,0,1,1,3.42,3.42,0.00,0.00,19,19,300.00,300.00,0,0,0,0,1,1
2015.01.30 09:25:00,SELL,1264.89,370,366,NONE,1,1,2.14,2.14,0.0,EMA->TP1,EMA->TP1,0,0,1,1,1,1,0,0,1,1,0,0,1,1,2.71,2.71,0.00,0.00,152,152,300.00,300.00,0,0,0,0,1,1
2015.01.30 12:50:03,SELL,1263.76,371,367,NONE,1,1,2.44,2.44,0.0,EMA->TP1,EMA->TP1,0,0,1,1,1,1,0,0,1,1,0,0,1,1,1.02,1.02,0.00,0.00,12,12,300.00,300.00,0,0,0,0,1,1
2015.01.30 18:33:00,SELL,1277.42,372,368,NONE,2,2,3.78,3.78,0.0,EMA->TP2,EMA->TP2,0,0,1,1,0,0,1,1,1,1,0,0,1,1,17.81,17.81,0.00,0.00,3703,3703,300.00,300.00,0,0,0,0,1,1
2015.02.03 06:48:01,SELL,1279.63,373,369,NONE,3,3,3.67,3.67,0.0,TP3,TP3,0,0,1,1,0,0,0,0,0,0,0,0,1,1,23.36,23.36,0.00,0.00,88,88,300.00,300.00,0,0,0,0,1,1
2015.02.03 17:36:03,BUY,1259.31,374,370,NONE,1,1,2.77,2.77,0.0,EMA->TP1,EMA->TP1,0,0,1,1,1,1,0,0,1,1,0,0,1,1,2.45,2.45,0.00,0.00,57,57,300.00,300.00,0,0,0,0,1,1
2015.02.04 20:43:01,BUY,1264.31,375,371,NONE,1,1,2.17,2.17,0.0,EMA->TP1,EMA->TP1,0,0,1,1,1,1,0,0,1,1,0,0,1,1,0.43,0.43,0.00,0.00,3,3,300.00,300.00,0,0,0,0,1,1
2015.02.06 19:31:00,BUY,1234.35,376,372,NONE,2,2,2.21,2.21,0.0,TP2->EMA->TP2,TP2->EMA->TP2,0,0,1,1,0,0,1,1,1,1,0,0,1,1,3.16,3.16,0.00,0.00,29,29,300.00,300.00,0,0,0,0,1,1
2015.02.09 02:55:01,BUY,1238.70,377,373,NONE,2,2,2.11,2.11,0.0,EMA->TP2,EMA->TP2,0,0,1,1,0,0,1,1,1,1,0,0,1,1,5.73,5.73,0.00,0.00,198,198,300.00,300.00,0,0,0,0,1,1
2015.02.09 21:06:01,BUY,1240.96,378,374,ALLOW,4,4,2.06,2.06,0.0,NET_BASKET_BE,NET_BASKET_BE,0,0,0,0,0,0,0,0,0,0,0,0,1,1,23.02,23.02,0.00,0.00,241,241,300.00,300.00,1,1,0,0,1,1
2015.02.10 06:39:00,BUY,1244.72,379,375,ALLOW,5,5,-300.02,-300.02,0.0,EMA->TP2->SL$,EMA->TP2->SL$,1,1,0,0,0,0,1,1,1,1,1,1,0,0,300.97,300.97,0.06,0.06,1969,1969,300.00,300.00,0,0,0,0,1,1
2015.02.11 19:36:00,BUY,1221.15,380,376,NONE,2,2,2.09,2.09,0.0,EMA->TP2,EMA->TP2,0,0,1,1,0,0,1,1,1,1,0,0,1,1,10.63,10.63,0.00,0.00,353,353,300.00,300.00,0,0,0,0,1,1
2015.02.12 17:42:00,BUY,1222.10,381,377,NONE,2,2,2.24,2.24,0.0,TP2->EMA->TP2,TP2->EMA->TP2,0,0,1,1,0,0,1,1,1,1,0,0,1,1,6.21,6.21,0.00,0.00,81,81,300.00,300.00,0,0,0,0,1,1
2015.02.13 08:32:00,BUY,1228.01,382,378,NONE,2,2,2.32,2.32,0.0,TP2,TP2,0,0,1,1,0,0,1,1,0,0,0,0,1,1,3.0,3.0,0.00,0.00,49,49,300.00,300.00,0,0,0,0,1,1
2015.02.13 20:39:00,BUY,1228.42,383,379,NONE,2,2,2.13,2.13,0.0,TP2->EMA->TP1->TP2,TP2->EMA->TP1->TP2,0,0,1,1,1,1,1,1,1,1,0,0,1,1,1.37,1.37,0.00,0.00,26,26,300.00,300.00,0,0,0,0,1,1
2015.02.17 01:50:07,BUY,1232.45,384,380,ALLOW,5,5,2.27,2.27,0.0,NET_BASKET_BE,NET_BASKET_BE,0,0,0,0,0,0,0,0,0,0,1,1,1,1,44.56,44.56,0.01,0.01,214,214,300.00,300.00,1,1,0,0,1,1
2015.02.17 10:13:00,BUY,1221.54,385,381,NONE,1,1,2.01,2.01,0.0,EMA->TP1,EMA->TP1,0,0,1,1,1,1,0,0,1,1,0,0,1,1,1.29,1.29,0.00,0.00,37,37,300.00,300.00,0,0,0,0,1,1
2015.02.18 11:49:02,BUY,1205.69,386,382,NONE,1,1,2.0,2.0,0.0,EMA->TP1,EMA->TP1,0,0,1,1,1,1,0,0,1,1,0,0,1,1,1.88,1.88,0.00,0.00,50,50,300.00,300.00,0,0,0,0,1,1
2015.02.19 08:11:07,BUY,1214.37,387,383,NONE,1,1,2.05,2.05,0.0,EMA->TP1,EMA->TP1,0,0,1,1,1,1,0,0,1,1,0,0,1,1,0.58,0.58,0.00,0.00,7,7,300.00,300.00,0,0,0,0,1,1
2015.02.20 03:43:01,BUY,1206.53,388,384,NONE,1,1,2.01,2.01,0.0,TP1->EMA->TP1,TP1->EMA->TP1,0,0,1,1,1,1,0,0,1,1,0,0,1,1,0.54,0.54,0.00,0.00,142,142,300.00,300.00,0,0,0,0,1,1
2015.02.20 19:40:00,BUY,1199.67,389,385,NONE,1,1,2.36,2.36,0.0,EMA->TP1,EMA->TP1,0,0,1,1,1,1,0,0,1,1,0,0,1,1,1.49,1.49,0.00,0.00,68,68,300.00,300.00,0,0,0,0,1,1
2015.02.24 09:30:00,BUY,1195.45,390,386,NONE,1,1,2.27,2.27,0.0,EMA->TP1,EMA->TP1,0,0,1,1,1,1,0,0,1,1,0,0,1,1,1.87,1.87,0.00,0.00,85,85,300.00,300.00,0,0,0,0,1,1
2015.02.24 21:16:18,BUY,1200.49,391,387,NONE,2,2,2.15,2.15,0.0,EMA->TP2,EMA->TP2,0,0,1,1,0,0,1,1,1,1,0,0,1,1,2.75,2.75,0.00,0.00,103,103,300.00,300.00,0,0,0,0,1,1
2015.02.25 10:35:00,BUY,1207.81,392,388,NONE,1,1,2.02,2.02,0.0,EMA->TP1,EMA->TP1,0,0,1,1,1,1,0,0,1,1,0,0,1,1,1.74,1.74,0.00,0.00,87,87,300.00,300.00,0,0,0,0,1,1
2015.02.26 04:53:00,BUY,1208.92,393,389,NONE,1,1,2.04,2.04,0.0,EMA->TP1,EMA->TP1,0,0,1,1,1,1,0,0,1,1,0,0,1,1,0.56,0.56,0.00,0.00,82,82,300.00,300.00,0,0,0,0,1,1
2015.02.26 09:19:01,BUY,1214.49,394,390,NONE,1,1,2.39,2.39,0.0,EMA->TP1,EMA->TP1,0,0,1,1,1,1,0,0,1,1,0,0,1,1,0.92,0.92,0.00,0.00,26,26,300.00,300.00,0,0,0,0,1,1
2015.02.26 12:25:00,SELL,1218.35,395,391,NONE,1,1,2.07,2.07,0.0,EMA->TP1,EMA->TP1,0,0,1,1,1,1,0,0,1,1,0,0,1,1,0.86,0.86,0.00,0.00,20,20,300.00,300.00,0,0,0,0,1,1
2015.02.26 18:38:01,SELL,1209.88,396,392,NONE,1,1,2.11,2.11,0.0,EMA->TP1,EMA->TP1,0,0,1,1,1,1,0,0,1,1,0,0,1,1,1.53,1.53,0.00,0.00,79,79,300.00,300.00,0,0,0,0,1,1
2015.02.26 20:13:00,BUY,1207.42,397,393,NONE,1,1,2.06,2.06,0.0,EMA->TP1,EMA->TP1,0,0,1,1,1,1,0,0,1,1,0,0,1,1,1.42,1.42,0.00,0.00,170,170,300.00,300.00,0,0,0,0,1,1
2015.02.27 09:04:01,BUY,1205.44,398,394,NONE,2,2,2.05,2.05,0.0,TP1->EMA->TP2,TP1->EMA->TP2,0,0,1,1,1,1,1,1,1,1,0,0,1,1,3.52,3.52,0.00,0.00,87,87,300.00,300.00,0,0,0,0,1,1
2015.02.27 14:10:00,BUY,1209.82,399,395,NONE,1,1,2.57,2.57,0.0,EMA->TP1,EMA->TP1,0,0,1,1,1,1,0,0,1,1,0,0,1,1,0.68,0.68,0.00,0.00,4,4,300.00,300.00,0,0,0,0,1,1
2015.02.27 17:40:00,BUY,1214.72,400,396,NONE,2,2,4.17,4.17,0.0,EMA->TP2,EMA->TP2,0,0,1,1,0,0,1,1,1,1,0,0,1,1,5.55,5.55,0.00,0.00,72,72,300.00,300.00,0,0,0,0,1,1
2015.03.02 10:05:00,BUY,1215.75,401,397,NONE,3,3,2.53,2.53,0.0,TP1->EMA->TP3,TP1->EMA->TP3,0,0,1,1,1,1,0,0,1,1,0,0,1,1,9.76,9.76,0.00,0.00,127,127,300.00,300.00,0,0,0,0,1,1
2015.03.02 17:55:00,BUY,1208.52,402,398,NONE,2,2,2.07,2.07,0.0,EMA->TP2,EMA->TP2,0,0,1,1,0,0,1,1,1,1,0,0,1,1,9.77,9.77,0.00,0.00,426,426,300.00,300.00,0,0,0,0,1,1
2015.03.03 12:38:09,SELL,1210.19,403,399,NONE,1,1,2.02,2.02,0.0,EMA->TP1,EMA->TP1,0,0,1,1,1,1,0,0,1,1,0,0,1,1,2.36,2.36,0.00,0.00,26,26,300.00,300.00,0,0,0,0,1,1
2015.03.04 00:35:00,BUY,1205.04,404,400,NONE,2,2,2.09,2.09,0.0,EMA->TP2,EMA->TP2,0,0,1,1,0,0,1,1,1,1,0,0,1,1,1.64,1.64,0.00,0.00,26,26,300.00,300.00,0,0,0,0,1,1
2015.03.04 08:09:03,BUY,1205.39,405,401,NONE,2,2,3.08,3.08,0.0,EMA->TP2,EMA->TP2,0,0,1,1,0,0,1,1,1,1,0,0,1,1,6.85,6.85,0.00,0.00,231,231,300.00,300.00,0,0,0,0,1,1
2015.03.05 11:44:28,BUY,1200.28,406,402,NONE,1,1,2.0,2.0,0.0,EMA->TP1,EMA->TP1,0,0,1,1,1,1,0,0,1,1,0,0,1,1,0.53,0.53,0.00,0.00,47,47,300.00,300.00,0,0,0,0,1,1
2015.03.05 12:55:10,BUY,1201.34,407,403,NONE,1,1,2.03,2.03,0.0,EMA->TP1,EMA->TP1,0,0,1,1,1,1,0,0,1,1,0,0,1,1,0.78,0.78,0.00,0.00,10,10,300.00,300.00,0,0,0,0,1,1
2015.03.06 08:20:00,BUY,1197.06,408,404,NONE,2,2,2.83,2.83,0.0,EMA->TP2,EMA->TP2,0,0,1,1,0,0,1,1,1,1,0,0,1,1,9.18,9.18,0.00,0.00,133,133,300.00,300.00,0,0,0,0,1,1
2015.03.06 15:21:00,BUY,1175.41,409,405,NONE,3,3,5.87,5.87,0.0,EMA->TP3,EMA->TP3,0,0,1,1,0,0,0,0,1,1,0,0,1,1,31.49,31.49,0.01,0.01,3353,3353,300.00,300.00,0,0,0,0,1,1
2015.03.09 13:27:00,BUY,1172.01,410,406,NONE,2,2,2.8,2.8,0.0,TP2,TP2,0,0,1,1,0,0,1,1,0,0,0,0,1,1,2.79,2.79,0.00,0.00,34,34,300.00,300.00,0,0,0,0,1,1
2015.03.10 15:20:00,BUY,1162.86,411,407,NONE,1,1,2.26,2.26,0.0,TP1,TP1,0,0,1,1,1,1,0,0,0,0,0,0,1,1,1.69,1.69,0.00,0.00,23,23,300.00,300.00,0,0,0,0,1,1
2015.03.12 12:28:00,BUY,1157.44,412,408,NONE,1,1,2.49,2.49,0.0,EMA->TP1,EMA->TP1,0,0,1,1,1,1,0,0,1,1,0,0,1,1,1.43,1.43,0.00,0.00,2,2,300.00,300.00,0,0,0,0,1,1
2015.03.16 12:50:00,BUY,1154.82,413,409,NONE,1,1,2.09,2.09,0.0,TP1->EMA->TP1,TP1->EMA->TP1,0,0,1,1,1,1,0,0,1,1,0,0,1,1,1.77,1.77,0.00,0.00,26,26,300.00,300.00,0,0,0,0,1,1
2015.03.17 18:19:03,BUY,1148.23,414,410,NONE,1,1,2.01,2.01,0.0,EMA->TP1,EMA->TP1,0,0,1,1,1,1,0,0,1,1,0,0,1,1,1.29,1.29,0.00,0.00,378,378,300.00,300.00,0,0,0,0,1,1
2015.03.18 04:22:04,BUY,1151.21,415,411,ALLOW,5,5,2.49,2.49,0.0,EMA->NET_BASKET_BE,EMA->NET_BASKET_BE,0,0,0,0,0,0,0,0,1,1,1,1,1,1,49.85,49.85,0.01,0.01,368,368,300.00,300.00,1,1,0,0,1,1
2015.03.18 12:22:00,BUY,1148.82,416,412,NONE,1,1,2.0,2.0,0.0,EMA->TP1,EMA->TP1,0,0,1,1,1,1,0,0,1,1,0,0,1,1,3.61,3.61,0.00,0.00,184,184,300.00,300.00,0,0,0,0,1,1
2015.03.18 18:51:00,BUY,1165.97,417,413,NONE,1,1,7.56,7.56,0.0,EMA->TP1,EMA->TP1,0,0,1,1,1,1,0,0,1,1,0,0,1,1,1.95,1.95,0.00,0.00,22,22,300.00,300.00,0,0,0,0,1,1
2015.03.18 22:03:00,BUY,1169.13,418,414,NONE,1,1,2.01,2.01,0.0,EMA->TP1,EMA->TP1,0,0,1,1,1,1,0,0,1,1,0,0,1,1,2.26,2.26,0.00,0.00,138,138,300.00,300.00,0,0,0,0,1,1
2015.03.19 02:22:01,SELL,1173.58,419,415,NONE,2,2,2.01,2.01,0.0,TP2,TP2,0,0,1,1,0,0,1,1,0,0,0,0,1,1,4.9,4.9,0.00,0.00,26,26,300.00,300.00,0,0,0,0,1,1
2015.03.19 04:18:00,BUY,1172.77,420,416,NONE,2,2,2.41,2.41,0.0,EMA->TP2,EMA->TP2,0,0,1,1,0,0,1,1,1,1,0,0,1,1,5.97,5.97,0.00,0.00,113,113,300.00,300.00,0,0,0,0,1,1
2015.03.19 08:27:01,BUY,1164.36,421,417,NONE,1,1,3.05,3.05,0.0,TP1,TP1,0,0,1,1,1,1,0,0,0,0,0,0,1,1,2.31,2.31,0.00,0.00,47,47,300.00,300.00,0,0,0,0,1,1
2015.03.19 10:47:02,BUY,1164.63,422,418,NONE,1,1,2.09,2.09,0.0,TP1->EMA->TP1,TP1->EMA->TP1,0,0,1,1,1,1,0,0,1,1,0,0,1,1,1.4,1.4,0.00,0.00,48,48,300.00,300.00,0,0,0,0,1,1
2015.03.20 04:46:02,BUY,1170.88,423,419,NONE,3,3,2.46,2.46,0.0,EMA->TP3,EMA->TP3,0,0,1,1,0,0,0,0,1,1,0,0,1,1,9.14,9.14,0.00,0.00,102,102,300.00,300.00,0,0,0,0,1,1
2015.03.20 19:25:00,BUY,1182.52,424,420,NONE,1,1,2.02,2.02,0.0,EMA->TP1,EMA->TP1,0,0,1,1,1,1,0,0,1,1,0,0,1,1,1.58,1.58,0.00,0.00,3047,3047,300.00,300.00,0,0,0,0,1,1
2015.03.22 23:29:01,BUY,1186.12,425,421,VETO,5,3,2.43,2.29,-0.14,EMA->TP1->NET_BASKET_BE,EMA->TP1->TP3,0,0,0,1,1,1,0,0,1,1,1,0,1,1,35.87,26.91,0.01,0.01,432,436,300.00,300.00,1,0,0,0,1,1
2015.03.25 00:17:00,BUY,1192.31,426,422,NONE,3,3,2.53,2.53,0.0,EMA->TP3,EMA->TP3,0,0,1,1,0,0,0,0,1,1,0,0,1,1,12.77,12.77,0.00,0.00,160,160,300.00,300.00,0,0,0,0,1,1
2015.03.25 09:23:00,BUY,1192.06,427,423,NONE,2,2,2.05,2.05,0.0,EMA->TP2,EMA->TP2,0,0,1,1,0,0,1,1,1,1,0,0,1,1,3.01,3.01,0.00,0.00,50,50,300.00,300.00,0,0,0,0,1,1
2015.03.25 18:31:15,BUY,1197.25,428,424,NONE,2,2,2.06,2.06,0.0,EMA->TP2->TP1->TP2,EMA->TP2->TP1->TP2,0,0,1,1,1,1,1,1,1,1,0,0,1,1,13.02,13.02,0.00,0.00,487,487,300.00,300.00,0,0,0,0,1,1
2015.03.26 12:51:00,BUY,1208.53,429,425,NONE,3,3,6.83,6.83,0.0,EMA->TP3,EMA->TP3,0,0,1,1,0,0,0,0,1,1,0,0,1,1,25.37,25.37,0.01,0.01,1044,1044,300.00,300.00,0,0,0,0,1,1
2015.03.27 08:01:00,BUY,1199.28,430,426,NONE,2,2,4.32,4.32,0.0,TP2,TP2,0,0,1,1,0,0,1,1,0,0,0,0,1,1,5.2,5.2,0.00,0.00,149,149,300.00,300.00,0,0,0,0,1,1
2015.03.29 23:47:09,BUY,1197.34,431,427,NONE,3,3,2.02,2.02,0.0,TP3->TP2->TP3,TP3->TP2->TP3,0,0,1,1,0,0,1,1,0,0,0,0,1,1,9.0,9.0,0.00,0.00,42,42,300.00,300.00,0,0,0,0,1,1
2015.03.30 04:33:00,BUY,1194.73,432,428,ALLOW,5,5,2.38,2.38,0.0,EMA->TP2->NET_BASKET_BE,EMA->TP2->NET_BASKET_BE,0,0,0,0,0,0,1,1,1,1,1,1,1,1,212.33,212.33,0.04,0.04,3351,3351,300.00,300.00,1,1,0,0,1,1
2015.04.01 14:00:00,SELL,1196.63,433,429,NONE,3,3,10.0,10.0,0.0,EMA->TP3,EMA->TP3,0,0,1,1,0,0,0,0,1,1,0,0,1,1,37.31,37.31,0.01,0.01,1357,1357,300.00,300.00,0,0,0,0,1,1
2015.04.06 05:42:00,BUY,1217.37,434,430,NONE,1,1,2.25,2.25,0.0,EMA->TP1,EMA->TP1,0,0,1,1,1,1,0,0,1,1,0,0,1,1,1.58,1.58,0.00,0.00,122,122,300.00,300.00,0,0,0,0,1,1
2015.04.06 08:46:00,BUY,1221.51,435,431,ALLOW,4,4,2.71,2.71,0.0,EMA->NET_BASKET_BE,EMA->NET_BASKET_BE,0,0,0,0,0,0,0,0,1,1,0,0,1,1,24.89,24.89,0.00,0.00,214,214,300.00,300.00,1,1,0,0,1,1
2015.04.06 13:59:00,BUY,1219.30,436,432,NONE,1,1,2.0,2.0,0.0,EMA->TP1,EMA->TP1,0,0,1,1,1,1,0,0,1,1,0,0,1,1,1.35,1.35,0.00,0.00,6,6,300.00,300.00,0,0,0,0,1,1
2015.04.07 03:52:10,BUY,1213.05,437,433,ALLOW,5,5,2.5,2.5,0.0,EMA->TP1->TP2->NET_BASKET_BE,EMA->TP1->TP2->NET_BASKET_BE,0,0,0,0,1,1,1,1,1,1,1,1,1,1,56.39,56.39,0.01,0.01,446,446,300.00,300.00,1,1,0,0,1,1
2015.04.07 12:29:00,BUY,1209.82,438,434,NONE,1,1,2.68,2.68,0.0,EMA->TP1,EMA->TP1,0,0,1,1,1,1,0,0,1,1,0,0,1,1,0.94,0.94,0.00,0.00,31,31,300.00,300.00,0,0,0,0,1,1
2015.04.08 01:55:00,BUY,1209.79,439,435,NONE,2,2,2.14,2.14,0.0,EMA->TP2,EMA->TP2,0,0,1,1,0,0,1,1,1,1,0,0,1,1,4.95,4.95,0.00,0.00,137,137,300.00,300.00,0,0,0,0,1,1
2015.04.08 16:35:00,SELL,1203.48,440,436,NONE,1,1,2.91,2.91,0.0,EMA->TP1,EMA->TP1,0,0,1,1,1,1,0,0,1,1,0,0,1,1,5.72,5.72,0.00,0.00,92,92,300.00,300.00,0,0,0,0,1,1
2015.04.09 01:53:04,BUY,1197.36,441,437,NONE,3,3,4.61,4.61,0.0,EMA->TP3,EMA->TP3,0,0,1,1,0,0,0,0,1,1,0,0,1,1,13.08,13.08,0.00,0.00,273,273,300.00,300.00,0,0,0,0,1,1
2015.04.10 02:17:00,SELL,1194.80,442,438,NONE,3,3,2.06,2.06,0.0,EMA->TP3,EMA->TP3,0,0,1,1,0,0,0,0,1,1,0,0,1,1,13.35,13.35,0.00,0.00,233,233,300.00,300.00,0,0,0,0,1,1
2015.04.10 20:16:24,BUY,1208.32,443,439,ALLOW,5,5,3.35,3.35,0.0,EMA->TP2->TP1->NET_BASKET_BE,EMA->TP2->TP1->NET_BASKET_BE,0,0,0,0,1,1,1,1,1,1,1,1,1,1,123.36,123.36,0.02,0.02,3884,3884,300.00,300.00,1,1,0,0,1,1
2015.04.13 14:19:00,BUY,1199.92,444,440,NONE,2,2,4.63,4.63,0.0,TP2,TP2,0,0,1,1,0,0,1,1,0,0,0,0,1,1,4.89,4.89,0.00,0.00,101,101,300.00,300.00,0,0,0,0,1,1
2015.04.13 18:18:10,SELL,1199.73,445,441,NONE,2,2,2.38,2.38,0.0,EMA->TP2,EMA->TP2,0,0,1,1,0,0,1,1,1,1,0,0,1,1,1.46,1.46,0.00,0.00,43,43,300.00,300.00,0,0,0,0,1,1
2015.04.13 19:20:00,BUY,1199.05,446,442,ALLOW,5,5,4.7,4.7,0.0,EMA->TP1->NET_BASKET_BE,EMA->TP1->NET_BASKET_BE,0,0,0,0,1,1,0,0,1,1,1,1,1,1,167.58,167.58,0.03,0.03,1062,1062,300.00,300.00,1,1,0,0,1,1
2015.04.14 16:48:00,BUY,1193.46,447,443,NONE,2,2,2.11,2.11,0.0,EMA->TP1->TP2,EMA->TP1->TP2,0,0,1,1,1,1,1,1,1,1,0,0,1,1,6.61,6.61,0.00,0.00,725,725,300.00,300.00,0,0,0,0,1,1
2015.04.15 10:49:00,BUY,1192.20,448,444,NONE,2,2,2.66,2.66,0.0,EMA->TP2,EMA->TP2,0,0,1,1,0,0,1,1,1,1,0,0,1,1,7.12,7.12,0.00,0.00,101,101,300.00,300.00,0,0,0,0,1,1
2015.04.15 19:37:13,BUY,1203.13,449,445,NONE,1,1,2.02,2.02,0.0,EMA->TP1,EMA->TP1,0,0,1,1,1,1,0,0,1,1,0,0,1,1,2.68,2.68,0.00,0.00,317,317,300.00,300.00,0,0,0,0,1,1
2015.04.16 05:37:00,SELL,1203.03,450,446,NONE,3,3,2.07,2.07,0.0,EMA->TP1->TP3,EMA->TP1->TP3,0,0,1,1,1,1,0,0,1,1,0,0,1,1,25.88,25.88,0.01,0.01,203,203,300.00,300.00,0,0,0,0,1,1
2015.04.20 11:14:00,BUY,1199.44,451,447,NONE,2,2,3.2,3.2,0.0,TP2,TP2,0,0,1,1,0,0,1,1,0,0,0,0,1,1,2.89,2.89,0.00,0.00,21,21,300.00,300.00,0,0,0,0,1,1
2015.04.20 17:52:00,BUY,1194.07,452,448,NONE,1,1,2.06,2.06,0.0,EMA->TP1,EMA->TP1,0,0,1,1,1,1,0,0,1,1,0,0,1,1,0.92,0.92,0.00,0.00,248,248,300.00,300.00,0,0,0,0,1,1
2015.04.21 11:13:01,BUY,1198.36,453,449,NONE,1,1,2.09,2.09,0.0,EMA->TP1,EMA->TP1,0,0,1,1,1,1,0,0,1,1,0,0,1,1,0.7,0.7,0.00,0.00,33,33,300.00,300.00,0,0,0,0,1,1
2015.04.22 00:38:00,BUY,1201.12,454,450,NONE,2,2,2.02,2.02,0.0,TP2,TP2,0,0,1,1,0,0,1,1,0,0,0,0,1,1,3.51,3.51,0.00,0.00,66,66,300.00,300.00,0,0,0,0,1,1
2015.04.22 06:55:00,BUY,1204.15,455,451,NONE,3,3,5.03,5.03,0.0,EMA->TP3,EMA->TP3,0,0,1,1,0,0,0,0,1,1,0,0,1,1,17.05,17.05,0.00,0.00,147,147,300.00,300.00,0,0,0,0,1,1
2015.04.22 12:03:00,BUY,1201.00,456,452,NONE,2,2,2.7,2.7,0.0,TP2,TP2,0,0,1,1,0,0,1,1,0,0,0,0,1,1,3.33,3.33,0.00,0.00,25,25,300.00,300.00,0,0,0,0,1,1
2015.04.22 13:29:01,BUY,1197.14,457,453,ALLOW,4,4,2.16,2.16,0.0,EMA->NET_BASKET_BE,EMA->NET_BASKET_BE,0,0,0,0,0,0,0,0,1,1,0,0,1,1,77.01,77.01,0.02,0.02,1329,1329,300.00,300.00,1,1,0,0,1,1
2015.04.24 05:07:00,BUY,1191.65,458,454,NONE,1,1,2.01,2.01,0.0,EMA->TP1,EMA->TP1,0,0,1,1,1,1,0,0,1,1,0,0,1,1,1.37,1.37,0.00,0.00,79,79,300.00,300.00,0,0,0,0,1,1
2015.04.24 08:08:00,BUY,1195.14,459,455,ALLOW,5,5,3.09,3.09,0.0,EMA->NET_BASKET_BE,EMA->NET_BASKET_BE,0,0,0,0,0,0,0,0,1,1,1,1,1,1,181.56,181.56,0.04,0.04,4672,4672,300.00,300.00,1,1,0,0,1,1
2015.04.28 08:14:07,BUY,1200.90,460,456,NONE,1,1,2.0,2.0,0.0,EMA->TP1,EMA->TP1,0,0,1,1,1,1,0,0,1,1,0,0,1,1,2.14,2.14,0.00,0.00,177,177,300.00,300.00,0,0,0,0,1,1
2015.04.29 03:45:07,BUY,1210.38,461,457,NONE,3,3,2.28,2.28,0.0,EMA->TP1->TP3,EMA->TP1->TP3,0,0,1,1,1,1,0,0,1,1,0,0,1,1,8.52,8.52,0.00,0.00,174,174,300.00,300.00,0,0,0,0,1,1
2015.04.29 07:11:00,BUY,1209.06,462,458,NONE,3,3,3.0,3.0,0.0,EMA->TP3,EMA->TP3,0,0,1,1,0,0,0,0,1,1,0,0,1,1,17.68,17.68,0.00,0.00,236,236,300.00,300.00,0,0,0,0,1,1
2015.04.29 17:17:00,BUY,1210.00,463,459,ALLOW,4,4,3.36,3.36,0.0,EMA->TP2->TP3->NET_BASKET_BE,EMA->TP2->TP3->NET_BASKET_BE,0,0,0,0,0,0,1,1,1,1,0,0,1,1,44.58,44.58,0.01,0.01,46,46,300.00,300.00,1,1,0,0,1,1
2015.04.30 16:07:00,SELL,1180.39,464,460,NONE,3,3,2.05,2.05,0.0,EMA->TP3,EMA->TP3,0,0,1,1,0,0,0,0,1,1,0,0,1,1,17.07,17.07,0.00,0.00,196,196,300.00,300.00,0,0,0,0,1,1
2015.04.30 23:53:32,SELL,1184.42,465,461,NONE,2,2,2.0,2.0,0.0,TP2->TP1->EMA->TP2,TP2->TP1->EMA->TP2,0,0,1,1,1,1,1,1,1,1,0,0,1,1,1.74,1.74,0.00,0.00,22,22,300.00,300.00,0,0,0,0,1,1
2015.05.01 05:44:03,BUY,1182.33,466,462,NONE,2,2,2.07,2.07,0.0,TP2->EMA->TP2,TP2->EMA->TP2,0,0,1,1,0,0,1,1,1,1,0,0,1,1,5.86,5.86,0.00,0.00,64,64,300.00,300.00,0,0,0,0,1,1
2015.05.04 10:39:00,BUY,1182.40,467,463,NONE,2,2,2.11,2.11,0.0,EMA->TP2,EMA->TP2,0,0,1,1,0,0,1,1,1,1,0,0,1,1,5.23,5.23,0.00,0.00,92,92,300.00,300.00,0,0,0,0,1,1
2015.05.04 12:12:00,BUY,1183.01,468,464,NONE,2,2,2.33,2.33,0.0,EMA->TP2,EMA->TP2,0,0,1,1,0,0,1,1,1,1,0,0,1,1,3.59,3.59,0.00,0.00,19,19,300.00,300.00,0,0,0,0,1,1
2015.05.05 00:32:00,BUY,1187.81,469,465,NONE,3,3,2.07,2.07,0.0,TP3->TP2->TP3,TP3->TP2->TP3,0,0,1,1,0,0,1,1,0,0,0,0,1,1,4.34,4.34,0.00,0.00,28,28,300.00,300.00,0,0,0,0,1,1
2015.05.06 00:28:18,SELL,1194.48,470,466,INVALID,4,4,2.4,2.4,0.0,EMA->TP1->TP2->TP3->NET_BASKET_BE,EMA->TP1->TP2->TP3->NET_BASKET_BE,0,0,0,0,1,1,1,1,1,1,0,0,1,1,16.38,16.38,0.00,0.00,239,239,300.00,300.00,1,1,0,0,1,1
2015.05.06 05:10:09,SELL,1195.78,471,467,NONE,3,3,2.45,2.45,0.0,TP2->EMA->TP1->TP3,TP2->EMA->TP1->TP3,0,0,1,1,1,1,1,1,1,1,0,0,1,1,8.64,8.64,0.00,0.00,99,99,300.00,300.00,0,0,0,0,1,1
2015.05.06 07:05:00,BUY,1195.71,472,468,NONE,3,3,3.83,3.83,0.0,EMA->TP3,EMA->TP3,0,0,1,1,0,0,0,0,1,1,0,0,1,1,31.32,31.32,0.01,0.01,310,310,300.00,300.00,0,0,0,0,1,1
2015.05.07 03:50:13,SELL,1187.77,473,469,ALLOW,4,4,2.26,2.26,0.0,EMA->TP2->TP1->TP3->NET_BASKET_BE,EMA->TP2->TP1->TP3->NET_BASKET_BE,0,0,0,0,1,1,1,1,1,1,0,0,1,1,13.19,13.19,0.00,0.00,164,164,300.00,300.00,1,1,0,0,1,1
2015.05.07 07:16:01,BUY,1183.46,474,470,NONE,1,1,3.39,3.39,0.0,EMA->TP1,EMA->TP1,0,0,1,1,1,1,0,0,1,1,0,0,1,1,3.69,3.69,0.00,0.00,261,261,300.00,300.00,0,0,0,0,1,1
2015.05.11 05:33:00,BUY,1188.58,475,471,ALLOW,4,4,2.11,2.11,0.0,EMA->NET_BASKET_BE,EMA->NET_BASKET_BE,0,0,0,0,0,0,0,0,1,1,0,0,1,1,23.01,23.01,0.00,0.00,272,272,300.00,300.00,1,1,0,0,1,1
2015.05.11 18:43:01,BUY,1183.70,476,472,ALLOW,4,4,2.0,2.0,0.0,TP2->EMA->TP1->NET_BASKET_BE,TP2->EMA->TP1->NET_BASKET_BE,0,0,0,0,1,1,1,1,1,1,0,0,1,1,18.89,18.89,0.00,0.00,687,687,300.00,300.00,1,1,0,0,1,1
2015.05.12 18:55:00,SELL,1193.62,477,473,NONE,1,1,2.01,2.01,0.0,EMA->TP1,EMA->TP1,0,0,1,1,1,1,0,0,1,1,0,0,1,1,1.7,1.7,0.00,0.00,368,368,300.00,300.00,0,0,0,0,1,1
2015.05.13 04:06:09,BUY,1193.16,478,474,NONE,2,2,2.23,2.23,0.0,EMA->TP2->TP1->TP2,EMA->TP2->TP1->TP2,0,0,1,1,1,1,1,1,1,1,0,0,1,1,3.22,3.22,0.00,0.00,77,77,300.00,300.00,0,0,0,0,1,1
2015.05.14 00:04:02,BUY,1213.65,479,475,NONE,2,2,2.0,2.0,0.0,TP2,TP2,0,0,1,1,0,0,1,1,0,0,0,0,1,1,1.71,1.71,0.00,0.00,51,51,300.00,300.00,0,0,0,0,1,1
2015.05.15 01:37:01,BUY,1219.32,480,476,NONE,2,2,2.05,2.05,0.0,TP2,TP2,0,0,1,1,0,0,1,1,0,0,0,0,1,1,1.59,1.59,0.00,0.00,27,27,300.00,300.00,0,0,0,0,1,1
2015.05.15 13:06:00,BUY,1216.69,481,477,NONE,1,1,2.45,2.45,0.0,EMA->TP1,EMA->TP1,0,0,1,1,1,1,0,0,1,1,0,0,1,1,2.49,2.49,0.00,0.00,49,49,300.00,300.00,0,0,0,0,1,1
2015.05.18 01:49:00,BUY,1222.32,482,478,NONE,1,1,2.02,2.02,0.0,EMA->TP1,EMA->TP1,0,0,1,1,1,1,0,0,1,1,0,0,1,1,0.61,0.61,0.00,0.00,61,61,300.00,300.00,0,0,0,0,1,1
2015.05.19 01:43:06,BUY,1223.35,483,479,NONE,3,3,2.7,2.7,0.0,TP3,TP3,0,0,1,1,0,0,0,0,0,0,0,0,1,1,8.7,8.7,0.00,0.00,26,26,300.00,300.00,0,0,0,0,1,1
2015.05.19 15:57:01,SELL,1207.83,484,480,NONE,2,2,2.55,2.55,0.0,EMA->TP2,EMA->TP2,0,0,1,1,0,0,1,1,1,1,0,0,1,1,3.71,3.71,0.00,0.00,510,510,300.00,300.00,0,0,0,0,1,1
2015.05.20 03:27:31,BUY,1208.74,485,481,NONE,3,3,2.01,2.01,0.0,TP2->EMA->TP3,TP2->EMA->TP3,0,0,1,1,0,0,1,1,1,1,0,0,1,1,4.21,4.21,0.00,0.00,49,49,300.00,300.00,0,0,0,0,1,1
2015.05.20 09:58:00,SELL,1207.92,486,482,NONE,3,3,2.11,2.11,0.0,TP2->TP3,TP2->TP3,0,0,1,1,0,0,1,1,0,0,0,0,1,1,12.07,12.07,0.00,0.00,44,44,300.00,300.00,0,0,0,0,1,1
2015.05.20 16:48:00,BUY,1209.29,487,483,NONE,2,2,2.11,2.11,0.0,TP2->EMA->TP2,TP2->EMA->TP2,0,0,1,1,0,0,1,1,1,1,0,0,1,1,4.57,4.57,0.00,0.00,45,45,300.00,300.00,0,0,0,0,1,1
2015.05.21 00:38:05,BUY,1209.36,488,484,NONE,1,1,2.22,2.22,0.0,EMA->TP1,EMA->TP1,0,0,1,1,1,1,0,0,1,1,0,0,1,1,0.7,0.7,0.00,0.00,23,23,300.00,300.00,0,0,0,0,1,1
2015.05.21 16:59:00,BUY,1204.76,489,485,NONE,1,1,2.0,2.0,0.0,EMA->TP1,EMA->TP1,0,0,1,1,1,1,0,0,1,1,0,0,1,1,1.08,1.08,0.00,0.00,157,157,300.00,300.00,0,0,0,0,1,1
2015.05.25 10:27:01,SELL,1204.16,490,486,NONE,2,2,2.0,2.0,0.0,TP2->EMA->TP1->TP2,TP2->EMA->TP1->TP2,0,0,1,1,1,1,1,1,1,1,0,0,1,1,1.42,1.42,0.00,0.00,54,54,300.00,300.00,0,0,0,0,1,1
2015.05.26 11:55:01,BUY,1195.36,491,487,VETO,5,3,8.51,2.9,-5.61,EMA->NET_BASKET_BE,EMA->TP3->TP2->TP1->TP3,0,0,0,1,0,1,0,1,1,1,1,0,1,1,136.19,90.54,0.03,0.02,3078,7826,300.00,300.00,1,0,0,0,1,1
2015.05.31 23:23:03,BUY,1192.78,494,488,ALLOW,4,4,2.07,2.07,0.0,EMA->NET_BASKET_BE,EMA->NET_BASKET_BE,0,0,0,0,0,0,0,0,1,1,0,0,1,1,18.87,18.87,0.00,0.00,169,169,300.00,300.00,1,1,0,0,1,1
2015.06.01 11:17:00,BUY,1185.78,495,489,NONE,1,1,2.0,2.0,0.0,EMA->TP1,EMA->TP1,0,0,1,1,1,1,0,0,1,1,0,0,1,1,2.31,2.31,0.00,0.00,75,75,300.00,300.00,0,0,0,0,1,1
2015.06.01 23:36:03,SELL,1188.92,496,490,NONE,1,1,2.04,2.04,0.0,EMA->TP1,EMA->TP1,0,0,1,1,1,1,0,0,1,1,0,0,1,1,1.48,1.48,0.00,0.00,156,156,300.00,300.00,0,0,0,0,1,1
2015.06.03 03:00:01,BUY,1192.82,497,491,NONE,2,2,2.01,2.01,0.0,TP2->EMA->TP1->TP2,TP2->EMA->TP1->TP2,0,0,1,1,1,1,1,1,1,1,0,0,1,1,2.97,2.97,0.00,0.00,101,101,300.00,300.00,0,0,0,0,1,1
2015.06.03 05:19:00,SELL,1193.68,498,492,NONE,1,1,2.01,2.01,0.0,EMA->TP1,EMA->TP1,0,0,1,1,1,1,0,0,1,1,0,0,1,1,1.36,1.36,0.00,0.00,51,51,300.00,300.00,0,0,0,0,1,1
2015.06.03 20:01:00,BUY,1185.54,499,493,ALLOW,4,4,2.19,2.19,0.0,EMA->TP1->TP2->TP3->NET_BASKET_BE,EMA->TP1->TP2->TP3->NET_BASKET_BE,0,0,0,0,1,1,1,1,1,1,0,0,1,1,40.39,40.39,0.01,0.01,739,739,300.00,300.00,1,1,0,0,1,1
2015.06.05 10:58:00,BUY,1174.51,500,494,NONE,3,3,24.07,24.07,0.0,EMA->TP2->TP3,EMA->TP2->TP3,0,0,1,1,0,0,1,1,1,1,0,0,1,1,24.56,24.56,0.00,0.00,94,94,300.00,300.00,0,0,0,0,1,1
2015.06.05 20:36:22,BUY,1172.22,501,495,NONE,3,3,2.03,2.03,0.0,EMA->TP3,EMA->TP3,0,0,1,1,0,0,0,0,1,1,0,0,1,1,11.23,11.23,0.00,0.00,3081,3081,300.00,300.00,0,0,0,0,1,1
2015.06.08 04:51:00,BUY,1172.72,502,496,NONE,2,2,2.15,2.15,0.0,TP2,TP2,0,0,1,1,0,0,1,1,0,0,0,0,1,1,3.43,3.43,0.00,0.00,21,21,300.00,300.00,0,0,0,0,1,1
2015.06.08 20:35:01,BUY,1174.38,503,497,NONE,3,3,2.13,2.13,0.0,EMA->TP3->TP2->TP3,EMA->TP3->TP2->TP3,0,0,1,1,0,0,1,1,1,1,0,0,1,1,6.33,6.33,0.00,0.00,240,240,300.00,300.00,0,0,0,0,1,1
2015.06.09 03:02:00,BUY,1175.90,504,498,NONE,2,2,2.4,2.4,0.0,EMA->TP2->TP1->TP2,EMA->TP2->TP1->TP2,0,0,1,1,1,1,1,1,1,1,0,0,1,1,2.37,2.37,0.00,0.00,64,64,300.00,300.00,0,0,0,0,1,1
2015.06.09 04:07:01,BUY,1176.73,505,499,NONE,2,2,2.03,2.03,0.0,EMA->TP1->TP2,EMA->TP1->TP2,0,0,1,1,1,1,1,1,1,1,0,0,1,1,3.94,3.94,0.00,0.00,248,248,300.00,300.00,0,0,0,0,1,1
2015.06.09 10:38:00,SELL,1181.65,506,500,NONE,1,1,2.22,2.22,0.0,EMA->TP1,EMA->TP1,0,0,1,1,1,1,0,0,1,1,0,0,1,1,2.62,2.62,0.00,0.00,127,127,300.00,300.00,0,0,0,0,1,1
2015.06.09 18:01:04,SELL,1177.91,507,501,NONE,2,2,2.07,2.07,0.0,EMA->TP1->TP2,EMA->TP1->TP2,0,0,1,1,1,1,1,1,1,1,0,0,1,1,3.89,3.89,0.00,0.00,434,434,300.00,300.00,0,0,0,0,1,1
2015.06.10 04:15:00,BUY,1176.88,508,502,NONE,1,1,2.65,2.65,0.0,EMA->TP1,EMA->TP1,0,0,1,1,1,1,0,0,1,1,0,0,1,1,0.95,0.95,0.00,0.00,11,11,300.00,300.00,0,0,0,0,1,1
2015.06.10 07:29:08,SELL,1184.28,509,503,NONE,2,2,2.09,2.09,0.0,TP2,TP2,0,0,1,1,0,0,1,1,0,0,0,0,1,1,4.22,4.22,0.00,0.00,141,141,300.00,300.00,0,0,0,0,1,1
2015.06.10 13:49:00,BUY,1190.39,510,504,ALLOW,4,4,2.93,2.93,0.0,EMA->NET_BASKET_BE,EMA->NET_BASKET_BE,0,0,0,0,0,0,0,0,1,1,0,0,1,1,89.93,89.93,0.02,0.02,1373,1373,300.00,300.00,1,1,0,0,1,1
2015.06.12 13:03:00,BUY,1178.71,511,505,NONE,1,1,3.21,3.21,0.0,EMA->TP1,EMA->TP1,0,0,1,1,1,1,0,0,1,1,0,0,1,1,1.78,1.78,0.00,0.00,45,45,300.00,300.00,0,0,0,0,1,1
2015.06.12 13:58:00,SELL,1182.59,512,506,NONE,1,1,2.0,2.0,0.0,EMA->TP1,EMA->TP1,0,0,1,1,1,1,0,0,1,1,0,0,1,1,2.33,2.33,0.00,0.00,91,91,300.00,300.00,0,0,0,0,1,1
2015.06.14 23:40:00,BUY,1184.90,513,507,ALLOW,5,5,2.18,2.18,0.0,EMA->NET_BASKET_BE,EMA->NET_BASKET_BE,0,0,0,0,0,0,0,0,1,1,1,1,1,1,58.43,58.43,0.01,0.01,438,438,300.00,300.00,1,1,0,0,1,1
2015.06.16 00:09:00,SELL,1185.74,514,508,NONE,2,2,2.07,2.07,0.0,EMA->TP1->TP2,EMA->TP1->TP2,0,0,1,1,1,1,1,1,1,1,0,0,1,1,3.94,3.94,0.00,0.00,92,92,300.00,300.00,0,0,0,0,1,1
2015.06.16 07:16:03,SELL,1187.07,515,509,NONE,1,1,2.02,2.02,0.0,EMA->TP1,EMA->TP1,0,0,1,1,1,1,0,0,1,1,0,0,1,1,0.51,0.51,0.00,0.00,16,16,300.00,300.00,0,0,0,0,1,1
2015.06.18 05:49:00,SELL,1187.78,516,510,ALLOW,5,5,5.94,5.94,0.0,EMA->NET_BASKET_BE,EMA->NET_BASKET_BE,0,0,0,0,0,0,0,0,1,1,1,1,1,1,139.69,139.69,0.03,0.03,5803,5803,300.00,300.00,1,1,0,0,1,1
2015.06.23 00:34:04,SELL,1186.12,517,511,NONE,2,2,2.04,2.04,0.0,TP2->EMA->TP1->TP2,TP2->EMA->TP1->TP2,0,0,1,1,1,1,1,1,1,1,0,0,1,1,2.81,2.81,0.00,0.00,27,27,300.00,300.00,0,0,0,0,1,1
2015.06.23 01:59:00,SELL,1187.56,518,512,NONE,1,1,2.0,2.0,0.0,EMA->TP1,EMA->TP1,0,0,1,1,1,1,0,0,1,1,0,0,1,1,1.74,1.74,0.00,0.00,258,258,300.00,300.00,0,0,0,0,1,1
2015.06.23 13:27:00,BUY,1178.57,519,513,NONE,2,2,3.6,3.6,0.0,EMA->TP2,EMA->TP2,0,0,1,1,0,0,1,1,1,1,0,0,1,1,10.86,10.86,0.00,0.00,1211,1211,300.00,300.00,0,0,0,0,1,1
2015.06.24 14:27:00,BUY,1172.81,520,514,NONE,1,1,2.0,2.0,0.0,EMA->TP1,EMA->TP1,0,0,1,1,1,1,0,0,1,1,0,0,1,1,2.41,2.41,0.00,0.00,199,199,300.00,300.00,0,0,0,0,1,1
2015.06.26 06:03:00,BUY,1174.16,521,515,NONE,3,3,2.33,2.33,0.0,EMA->TP3,EMA->TP3,0,0,1,1,0,0,0,0,1,1,0,0,1,1,18.02,18.02,0.00,0.00,81,81,300.00,300.00,0,0,0,0,1,1
2015.06.26 08:08:01,BUY,1175.19,522,516,NONE,1,1,2.0,2.0,0.0,EMA->TP1,EMA->TP1,0,0,1,1,1,1,0,0,1,1,0,0,1,1,0.87,0.87,0.00,0.00,24,24,300.00,300.00,0,0,0,0,1,1
2015.06.26 11:36:11,BUY,1173.97,523,517,ALLOW,4,4,3.96,3.96,0.0,NET_BASKET_BE,NET_BASKET_BE,0,0,0,0,0,0,0,0,0,0,0,0,1,1,25.17,25.17,0.01,0.01,147,147,300.00,300.00,1,1,0,0,1,1
2015.06.26 19:00:00,BUY,1174.04,524,518,NONE,1,1,9.39,9.39,0.0,EMA->TP1,EMA->TP1,0,0,1,1,1,1,0,0,1,1,0,0,1,1,1.12,1.12,0.00,0.00,3060,3060,300.00,300.00,0,0,0,0,1,1
2015.06.29 07:07:00,BUY,1181.30,525,519,NONE,3,3,5.44,5.44,0.0,EMA->TP3,EMA->TP3,0,0,1,1,0,0,0,0,1,1,0,0,1,1,13.63,13.63,0.00,0.00,313,313,300.00,300.00,0,0,0,0,1,1
2015.06.29 16:44:00,SELL,1178.59,526,520,NONE,3,3,2.13,2.13,0.0,TP2->TP3,TP2->TP3,0,0,1,1,0,0,1,1,0,0,0,0,1,1,8.31,8.31,0.00,0.00,107,107,300.00,300.00,0,0,0,0,1,1
2015.07.03 14:31:00,BUY,1167.75,527,521,NONE,2,2,2.17,2.17,0.0,EMA->TP2,EMA->TP2,0,0,1,1,0,0,1,1,1,1,0,0,1,1,4.5,4.5,0.00,0.00,67,67,300.00,300.00,0,0,0,0,1,1
2015.07.06 22:00:00,SELL,1169.27,528,522,NONE,2,2,2.07,2.07,0.0,EMA->TP2,EMA->TP2,0,0,1,1,0,0,1,1,1,1,0,0,1,1,5.04,5.04,0.00,0.00,181,181,300.00,300.00,0,0,0,0,1,1
2015.07.07 02:11:25,SELL,1169.04,529,523,NONE,2,2,2.0,2.0,0.0,EMA->TP1->TP2,EMA->TP1->TP2,0,0,1,1,1,1,1,1,1,1,0,0,1,1,3.41,3.41,0.00,0.00,291,291,300.00,300.00,0,0,0,0,1,1
2015.07.08 13:03:00,BUY,1155.32,530,524,NONE,1,1,5.03,5.03,0.0,EMA->TP1,EMA->TP1,0,0,1,1,1,1,0,0,1,1,0,0,1,1,1.19,1.19,0.00,0.00,10,10,300.00,300.00,0,0,0,0,1,1
2015.07.08 19:04:00,BUY,1162.49,531,525,NONE,3,3,2.03,2.03,0.0,EMA->TP3->TP2->TP3,EMA->TP3->TP2->TP3,0,0,1,1,0,0,1,1,1,1,0,0,1,1,37.26,37.26,0.01,0.01,640,640,300.00,300.00,0,0,0,0,1,1
2015.07.09 23:03:00,BUY,1158.81,532,526,NONE,2,2,2.05,2.05,0.0,TP2,TP2,0,0,1,1,0,0,1,1,0,0,0,0,1,1,3.63,3.63,0.00,0.00,62,62,300.00,300.00,0,0,0,0,1,1
2015.07.10 04:53:05,BUY,1161.62,533,527,NONE,1,1,2.01,2.01,0.0,EMA->TP1,EMA->TP1,0,0,1,1,1,1,0,0,1,1,0,0,1,1,2.28,2.28,0.00,0.00,147,147,300.00,300.00,0,0,0,0,1,1
2015.07.13 00:09:00,BUY,1162.65,534,528,NONE,2,2,2.06,2.06,0.0,EMA->TP2,EMA->TP2,0,0,1,1,0,0,1,1,1,1,0,0,1,1,2.17,2.17,0.00,0.00,34,34,300.00,300.00,0,0,0,0,1,1
2015.07.13 02:54:00,BUY,1161.85,535,529,NONE,1,1,2.23,2.23,0.0,EMA->TP1,EMA->TP1,0,0,1,1,1,1,0,0,1,1,0,0,1,1,0.97,0.97,0.00,0.00,83,83,300.00,300.00,0,0,0,0,1,1
2015.07.14 03:33:00,BUY,1155.82,536,530,NONE,2,2,2.06,2.06,0.0,EMA->TP2,EMA->TP2,0,0,1,1,0,0,1,1,1,1,0,0,1,1,2.86,2.86,0.00,0.00,128,128,300.00,300.00,0,0,0,0,1,1
2015.07.14 18:49:01,BUY,1155.33,537,531,ALLOW,5,5,-301.1,-301.1,0.0,EMA->SL$,EMA->SL$,1,1,0,0,0,0,0,0,1,1,1,1,0,0,301.35,301.35,0.06,0.06,7419,7419,300.00,300.00,0,0,0,0,1,1
2015.07.20 12:23:00,BUY,1114.38,538,532,NONE,3,3,14.5,14.5,0.0,EMA->TP3,EMA->TP3,0,0,1,1,0,0,0,0,1,1,0,0,1,1,37.96,37.96,0.01,0.01,165,165,300.00,300.00,0,0,0,0,1,1
2015.07.21 13:04:00,BUY,1104.67,539,533,NONE,1,1,3.87,3.87,0.0,EMA->TP1,EMA->TP1,0,0,1,1,1,1,0,0,1,1,0,0,1,1,1.8,1.8,0.00,0.00,60,60,300.00,300.00,0,0,0,0,1,1
2015.07.23 19:42:03,BUY,1088.37,540,534,NONE,1,1,2.04,2.04,0.0,TP1,TP1,0,0,1,1,1,1,0,0,0,0,0,0,1,1,1.27,1.27,0.00,0.00,52,52,300.00,300.00,0,0,0,0,1,1
2015.07.26 22:23:00,BUY,1096.50,541,535,NONE,2,2,2.02,2.02,0.0,EMA->TP2,EMA->TP2,0,0,1,1,0,0,1,1,1,1,0,0,1,1,5.15,5.15,0.00,0.00,194,194,300.00,300.00,0,0,0,0,1,1
2015.07.27 11:13:00,BUY,1095.47,542,536,NONE,2,2,6.4,6.4,0.0,EMA->TP2,EMA->TP2,0,0,1,1,0,0,1,1,1,1,0,0,1,1,13.14,13.14,0.00,0.00,114,114,300.00,300.00,0,0,0,0,1,1
2015.07.27 17:31:00,SELL,1096.02,543,537,NONE,1,1,2.4,2.4,0.0,EMA->TP1,EMA->TP1,0,0,1,1,1,1,0,0,1,1,0,0,1,1,1.55,1.55,0.00,0.00,104,104,300.00,300.00,0,0,0,0,1,1
2015.07.27 22:53:00,SELL,1093.96,544,538,NONE,2,2,2.08,2.08,0.0,EMA->TP2->TP1->TP2,EMA->TP2->TP1->TP2,0,0,1,1,1,1,1,1,1,1,0,0,1,1,3.24,3.24,0.00,0.00,76,76,300.00,300.00,0,0,0,0,1,1
2015.07.28 08:02:00,BUY,1096.14,545,539,NONE,3,3,3.15,3.15,0.0,EMA->TP3,EMA->TP3,0,0,1,1,0,0,0,0,1,1,0,0,1,1,15.04,15.04,0.00,0.00,234,234,300.00,300.00,0,0,0,0,1,1
2015.07.28 17:37:02,SELL,1097.16,546,540,NONE,1,1,2.04,2.04,0.0,TP1->EMA->TP1,TP1->EMA->TP1,0,0,1,1,1,1,0,0,1,1,0,0,1,1,0.47,0.47,0.00,0.00,54,54,300.00,300.00,0,0,0,0,1,1
2015.07.29 01:10:11,SELL,1096.30,547,541,NONE,3,3,2.34,2.34,0.0,TP2->EMA->TP3,TP2->EMA->TP3,0,0,1,1,0,0,1,1,1,1,0,0,1,1,11.5,11.5,0.00,0.00,362,362,300.00,300.00,0,0,0,0,1,1
2015.07.30 01:54:02,BUY,1096.08,548,542,ALLOW,5,5,9.89,9.89,0.0,EMA->NET_BASKET_BE,EMA->NET_BASKET_BE,0,0,0,0,0,0,0,0,1,1,1,1,1,1,102.94,102.94,0.02,0.02,728,728,300.00,300.00,1,1,0,0,1,1
2015.07.30 23:53:05,BUY,1088.77,549,543,ALLOW,5,5,4.59,4.59,0.0,EMA->NET_BASKET_BE,EMA->NET_BASKET_BE,0,0,0,0,0,0,0,0,1,1,1,1,1,1,80.05,80.05,0.02,0.02,756,756,300.00,300.00,1,1,0,0,1,1
2015.07.31 20:23:02,SELL,1095.13,550,544,NONE,2,2,2.13,2.13,0.0,TP2->EMA->TP2,TP2->EMA->TP2,0,0,1,1,0,0,1,1,1,1,0,0,1,1,4.2,4.2,0.00,0.00,3010,3010,300.00,300.00,0,0,0,0,1,1
2015.08.02 22:55:00,BUY,1094.96,551,545,ALLOW,5,5,2.23,2.23,0.0,TP2->TP3->NET_BASKET_BE,TP2->TP3->NET_BASKET_BE,0,0,0,0,0,0,1,1,0,0,1,1,1,1,36.25,36.25,0.01,0.01,132,132,300.00,300.00,1,1,0,0,1,1
2015.08.03 01:51:00,BUY,1093.56,552,546,NONE,1,1,2.01,2.01,0.0,EMA->TP1,EMA->TP1,0,0,1,1,1,1,0,0,1,1,0,0,1,1,1.51,1.51,0.00,0.00,78,78,300.00,300.00,0,0,0,0,1,1
2015.08.03 05:25:00,BUY,1095.21,553,547,NONE,2,2,2.05,2.05,0.0,EMA->TP2->TP1->TP2,EMA->TP2->TP1->TP2,0,0,1,1,1,1,1,1,1,1,0,0,1,1,1.98,1.98,0.00,0.00,17,17,300.00,300.00,0,0,0,0,1,1
2015.08.03 08:23:03,BUY,1093.80,554,548,ALLOW,4,4,2.34,2.34,0.0,EMA->NET_BASKET_BE,EMA->NET_BASKET_BE,0,0,0,0,0,0,0,0,1,1,0,0,1,1,83.52,83.52,0.02,0.02,1306,1306,300.00,300.00,1,1,0,0,1,1
2015.08.04 11:04:00,BUY,1092.36,555,549,NONE,2,2,2.12,2.12,0.0,EMA->TP2,EMA->TP2,0,0,1,1,0,0,1,1,1,1,0,0,1,1,6.43,6.43,0.00,0.00,78,78,300.00,300.00,0,0,0,0,1,1
2015.08.05 14:25:00,BUY,1084.78,556,550,NONE,1,1,2.01,2.01,0.0,EMA->TP1,EMA->TP1,0,0,1,1,1,1,0,0,1,1,0,0,1,1,6.75,6.75,0.00,0.00,1414,1414,300.00,300.00,0,0,0,0,1,1
2015.08.06 19:09:15,SELL,1090.35,557,551,NONE,2,2,2.04,2.04,0.0,EMA->TP1->TP2,EMA->TP1->TP2,0,0,1,1,1,1,1,1,1,1,0,0,1,1,3.92,3.92,0.00,0.00,360,360,300.00,300.00,0,0,0,0,1,1
2015.08.07 01:49:06,SELL,1088.62,558,552,NONE,3,3,3.51,3.51,0.0,EMA->TP3,EMA->TP3,0,0,1,1,0,0,0,0,1,1,0,0,1,1,38.08,38.08,0.01,0.01,541,541,300.00,300.00,0,0,0,0,1,1
2015.08.07 13:03:00,BUY,1086.07,559,553,NONE,1,1,7.38,7.38,0.0,EMA->TP1,EMA->TP1,0,0,1,1,1,1,0,0,1,1,0,0,1,1,1.79,1.79,0.00,0.00,24,24,300.00,300.00,0,0,0,0,1,1
2015.08.09 22:03:00,SELL,1093.59,560,554,NONE,1,1,3.62,3.62,0.0,EMA->TP1,EMA->TP1,0,0,1,1,1,1,0,0,1,1,0,0,1,1,1.21,1.21,0.00,0.00,137,137,300.00,300.00,0,0,0,0,1,1
2015.08.10 05:09:06,SELL,1096.82,561,555,NONE,2,2,2.01,2.01,0.0,TP2,TP2,0,0,1,1,0,0,1,1,0,0,0,0,1,1,4.45,4.45,0.00,0.00,149,149,300.00,300.00,0,0,0,0,1,1
2015.08.10 08:32:00,BUY,1095.08,562,556,NONE,1,1,2.01,2.01,0.0,EMA->TP1,EMA->TP1,0,0,1,1,1,1,0,0,1,1,0,0,1,1,1.93,1.93,0.00,0.00,324,324,300.00,300.00,0,0,0,0,1,1
2015.08.11 04:52:00,BUY,1101.25,563,557,NONE,2,2,2.15,2.15,0.0,EMA->TP2,EMA->TP2,0,0,1,1,0,0,1,1,1,1,0,0,1,1,5.78,5.78,0.00,0.00,64,64,300.00,300.00,0,0,0,0,1,1
2015.08.12 16:25:00,BUY,1123.11,564,558,NONE,1,1,2.02,2.02,0.0,EMA->TP1,EMA->TP1,0,0,1,1,1,1,0,0,1,1,0,0,1,1,1.94,1.94,0.00,0.00,154,154,300.00,300.00,0,0,0,0,1,1
2015.08.14 15:33:00,BUY,1114.37,565,559,NONE,2,2,2.9,2.9,0.0,TP2,TP2,0,0,1,1,0,0,1,1,0,0,0,0,1,1,3.53,3.53,0.00,0.00,175,175,300.00,300.00,0,0,0,0,1,1
2015.08.17 19:39:00,BUY,1117.48,566,560,NONE,1,1,2.02,2.02,0.0,EMA->TP1,EMA->TP1,0,0,1,1,1,1,0,0,1,1,0,0,1,1,2.45,2.45,0.00,0.00,803,803,300.00,300.00,0,0,0,0,1,1
2015.08.19 03:19:00,BUY,1117.87,567,561,NONE,1,1,2.0,2.0,0.0,EMA->TP1,EMA->TP1,0,0,1,1,1,1,0,0,1,1,0,0,1,1,1.5,1.5,0.00,0.00,197,197,300.00,300.00,0,0,0,0,1,1
2015.08.21 18:26:00,BUY,1157.74,568,562,NONE,1,1,2.03,2.03,0.0,EMA->TP1,EMA->TP1,0,0,1,1,1,1,0,0,1,1,0,0,1,1,1.31,1.31,0.00,0.00,45,45,300.00,300.00,0,0,0,0,1,1
2015.08.24 17:27:01,BUY,1154.98,569,563,NONE,2,2,2.76,2.76,0.0,TP2,TP2,0,0,1,1,0,0,1,1,0,0,0,0,1,1,6.27,6.27,0.00,0.00,124,124,300.00,300.00,0,0,0,0,1,1
2015.08.25 17:05:00,SELL,1137.33,570,564,NONE,3,3,3.5,3.5,0.0,EMA->TP3,EMA->TP3,0,0,1,1,0,0,0,0,1,1,0,0,1,1,38.05,38.05,0.01,0.01,493,493,300.00,300.00,0,0,0,0,1,1
2015.08.27 01:58:01,SELL,1127.60,571,565,NONE,2,2,2.0,2.0,0.0,TP2,TP2,0,0,1,1,0,0,1,1,0,0,0,0,1,1,3.45,3.45,0.00,0.00,66,66,300.00,300.00,0,0,0,0,1,1
2015.08.27 06:03:14,BUY,1127.60,572,566,NONE,2,2,2.03,2.03,0.0,EMA->TP2,EMA->TP2,0,0,1,1,0,0,1,1,1,1,0,0,1,1,6.03,6.03,0.00,0.00,105,105,300.00,300.00,0,0,0,0,1,1
2015.08.27 09:51:00,SELL,1128.26,573,567,NONE,2,2,2.01,2.01,0.0,TP1->TP2,TP1->TP2,0,0,1,1,1,1,1,1,0,0,0,0,1,1,3.31,3.31,0.00,0.00,49,49,300.00,300.00,0,0,0,0,1,1
2015.08.27 16:22:00,BUY,1123.85,574,568,NONE,1,1,2.38,2.38,0.0,EMA->TP1,EMA->TP1,0,0,1,1,1,1,0,0,1,1,0,0,1,1,3.33,3.33,0.00,0.00,247,247,300.00,300.00,0,0,0,0,1,1
2015.08.28 09:38:00,BUY,1126.82,575,569,NONE,2,2,3.58,3.58,0.0,EMA->TP2,EMA->TP2,0,0,1,1,0,0,1,1,1,1,0,0,1,1,5.8,5.8,0.00,0.00,159,159,300.00,300.00,0,0,0,0,1,1
2015.08.28 12:36:00,SELL,1126.08,576,570,NONE,2,2,3.11,3.11,0.0,EMA->TP2,EMA->TP2,0,0,1,1,0,0,1,1,1,1,0,0,1,1,4.85,4.85,0.00,0.00,31,31,300.00,300.00,0,0,0,0,1,1
2015.08.31 04:16:08,SELL,1134.13,577,571,NONE,2,2,2.0,2.0,0.0,EMA->TP2,EMA->TP2,0,0,1,1,0,0,1,1,1,1,0,0,1,1,2.44,2.44,0.00,0.00,104,104,300.00,300.00,0,0,0,0,1,1
2015.08.31 06:53:00,SELL,1134.08,578,572,NONE,1,1,2.06,2.06,0.0,EMA->TP1,EMA->TP1,0,0,1,1,1,1,0,0,1,1,0,0,1,1,1.25,1.25,0.00,0.00,98,98,300.00,300.00,0,0,0,0,1,1
2015.08.31 16:38:00,BUY,1133.90,579,573,NONE,2,2,2.14,2.14,0.0,EMA->TP2,EMA->TP2,0,0,1,1,0,0,1,1,1,1,0,0,1,1,2.82,2.82,0.00,0.00,65,65,300.00,300.00,0,0,0,0,1,1
2015.09.01 07:39:00,SELL,1143.42,580,574,NONE,1,1,2.05,2.05,0.0,EMA->TP1,EMA->TP1,0,0,1,1,1,1,0,0,1,1,0,0,1,1,1.22,1.22,0.00,0.00,95,95,300.00,300.00,0,0,0,0,1,1
2015.09.01 09:17:01,BUY,1142.15,581,575,NONE,2,2,3.81,3.81,0.0,EMA->TP2,EMA->TP2,0,0,1,1,0,0,1,1,1,1,0,0,1,1,6.63,6.63,0.00,0.00,193,193,300.00,300.00,0,0,0,0,1,1
2015.09.01 20:54:00,BUY,1140.38,582,576,ALLOW,4,4,2.09,2.09,0.0,EMA->NET_BASKET_BE,EMA->NET_BASKET_BE,0,0,0,0,0,0,0,0,1,1,0,0,1,1,15.82,15.82,0.00,0.00,271,271,300.00,300.00,1,1,0,0,1,1
2015.09.02 09:19:01,BUY,1140.77,583,577,NONE,3,3,2.57,2.57,0.0,EMA->TP3,EMA->TP3,0,0,1,1,0,0,0,0,1,1,0,0,1,1,10.64,10.64,0.00,0.00,88,88,300.00,300.00,0,0,0,0,1,1
2015.09.03 05:40:00,SELL,1132.51,584,578,NONE,3,3,2.17,2.17,0.0,EMA->TP2->TP3,EMA->TP2->TP3,0,0,1,1,0,0,1,1,1,1,0,0,1,1,8.73,8.73,0.00,0.00,121,121,300.00,300.00,0,0,0,0,1,1
2015.09.03 12:47:00,BUY,1123.76,585,579,NONE,1,1,4.92,4.92,0.0,EMA->TP1,EMA->TP1,0,0,1,1,1,1,0,0,1,1,0,0,1,1,2.27,2.27,0.00,0.00,63,63,300.00,300.00,0,0,0,0,1,1
2015.09.03 20:41:00,BUY,1125.94,586,580,ALLOW,5,5,25.75,25.75,0.0,EMA->NET_BASKET_BE,EMA->NET_BASKET_BE,0,0,0,0,0,0,0,0,1,1,1,1,1,1,82.07,82.07,0.02,0.02,949,949,300.00,300.00,1,1,0,0,1,1
2015.09.07 00:22:00,BUY,1119.73,587,581,NONE,2,2,2.14,2.14,0.0,TP2,TP2,0,0,1,1,0,0,1,1,0,0,0,0,1,1,3.57,3.57,0.00,0.00,40,40,300.00,300.00,0,0,0,0,1,1
2015.09.09 07:22:06,BUY,1122.37,588,582,ALLOW,5,5,-300.31,-300.31,0.0,EMA->TP2->SL$,EMA->TP2->SL$,1,1,0,0,0,0,1,1,1,1,1,1,0,0,299.99,299.99,0.06,0.06,3248,3248,300.00,300.00,0,0,0,0,1,1
2015.09.14 00:03:00,BUY,1105.82,589,583,NONE,1,1,2.0,2.0,0.0,EMA->TP1,EMA->TP1,0,0,1,1,1,1,0,0,1,1,0,0,1,1,1.03,1.03,0.00,0.00,106,106,300.00,300.00,0,0,0,0,1,1
2015.09.14 07:45:00,BUY,1108.14,590,584,NONE,2,2,2.14,2.14,0.0,EMA->TP2,EMA->TP2,0,0,1,1,0,0,1,1,1,1,0,0,1,1,2.64,2.64,0.00,0.00,102,102,300.00,300.00,0,0,0,0,1,1
2015.09.14 18:52:07,BUY,1109.36,591,585,ALLOW,4,4,3.14,3.14,0.0,EMA->TP3->NET_BASKET_BE,EMA->TP3->NET_BASKET_BE,0,0,0,0,0,0,0,0,1,1,0,0,1,1,17.61,17.61,0.00,0.00,249,249,300.00,300.00,1,1,0,0,1,1
2015.09.15 00:22:02,BUY,1109.12,592,586,NONE,3,3,2.01,2.01,0.0,EMA->TP3,EMA->TP3,0,0,1,1,0,0,0,0,1,1,0,0,1,1,8.94,8.94,0.00,0.00,314,314,300.00,300.00,0,0,0,0,1,1
2015.09.15 08:21:00,BUY,1107.28,593,587,NONE,2,2,2.47,2.47,0.0,EMA->TP2,EMA->TP2,0,0,1,1,0,0,1,1,1,1,0,0,1,1,12.48,12.48,0.00,0.00,224,224,300.00,300.00,0,0,0,0,1,1
2015.09.16 11:47:00,BUY,1108.20,594,588,NONE,1,1,2.13,2.13,0.0,EMA->TP1,EMA->TP1,0,0,1,1,1,1,0,0,1,1,0,0,1,1,0.75,0.75,0.00,0.00,39,39,300.00,300.00,0,0,0,0,1,1
2015.09.16 15:30:00,SELL,1122.19,595,589,NONE,2,2,2.07,2.07,0.0,TP2,TP2,0,0,1,1,0,0,1,1,0,0,0,0,1,1,4.86,4.86,0.00,0.00,98,98,300.00,300.00,0,0,0,0,1,1
2015.09.16 19:46:00,BUY,1119.30,596,590,NONE,1,1,2.03,2.03,0.0,EMA->TP1,EMA->TP1,0,0,1,1,1,1,0,0,1,1,0,0,1,1,1.43,1.43,0.00,0.00,235,235,300.00,300.00,0,0,0,0,1,1
2015.09.17 01:43:05,BUY,1120.65,597,591,NONE,1,1,2.01,2.01,0.0,EMA->TP1,EMA->TP1,0,0,1,1,1,1,0,0,1,1,0,0,1,1,0.69,0.69,0.00,0.00,46,46,300.00,300.00,0,0,0,0,1,1
2015.09.18 06:42:08,BUY,1128.40,598,592,NONE,1,1,2.59,2.59,0.0,TP1->EMA->TP1,TP1->EMA->TP1,0,0,1,1,1,1,0,0,1,1,0,0,1,1,0.77,0.77,0.00,0.00,77,77,300.00,300.00,0,0,0,0,1,1
2015.09.21 17:20:00,BUY,1132.92,599,593,NONE,1,1,2.18,2.18,0.0,EMA->TP1,EMA->TP1,0,0,1,1,1,1,0,0,1,1,0,0,1,1,2.44,2.44,0.00,0.00,862,862,300.00,300.00,0,0,0,0,1,1
2015.09.23 05:27:00,BUY,1124.41,600,594,NONE,1,1,2.01,2.01,0.0,EMA->TP1,EMA->TP1,0,0,1,1,1,1,0,0,1,1,0,0,1,1,0.63,0.63,0.00,0.00,39,39,300.00,300.00,0,0,0,0,1,1
2015.09.23 23:22:09,BUY,1131.02,601,595,NONE,2,2,2.23,2.23,0.0,EMA->TP2->TP1->TP2,EMA->TP2->TP1->TP2,0,0,1,1,1,1,1,1,1,1,0,0,1,1,1.89,1.89,0.00,0.00,27,27,300.00,300.00,0,0,0,0,1,1
2015.09.24 09:03:02,BUY,1135.73,602,596,NONE,2,2,2.72,2.72,0.0,EMA->TP2,EMA->TP2,0,0,1,1,0,0,1,1,1,1,0,0,1,1,2.85,2.85,0.00,0.00,120,120,300.00,300.00,0,0,0,0,1,1
2015.09.25 02:26:00,BUY,1150.80,603,597,ALLOW,5,5,2.26,2.26,0.0,EMA->NET_BASKET_BE,EMA->NET_BASKET_BE,0,0,0,0,0,0,0,0,1,1,1,1,1,1,103.79,103.79,0.02,0.02,643,643,300.00,300.00,1,1,0,0,1,1
2015.09.28 03:54:03,BUY,1146.07,604,598,ALLOW,5,5,-300.19,-300.19,0.0,EMA->TP2->SL$,EMA->TP2->SL$,1,1,0,0,0,0,1,1,1,1,1,1,0,0,300.85,300.85,0.06,0.06,2723,2723,300.00,300.00,0,0,0,0,1,1
2015.09.30 05:22:00,SELL,1126.21,605,599,NONE,1,1,2.06,2.06,0.0,EMA->TP1,EMA->TP1,0,0,1,1,1,1,0,0,1,1,0,0,1,1,1.54,1.54,0.00,0.00,82,82,300.00,300.00,0,0,0,0,1,1
2015.10.01 01:40:00,BUY,1115.77,606,600,NONE,3,3,3.45,3.45,0.0,EMA->TP3,EMA->TP3,0,0,1,1,0,0,0,0,1,1,0,0,1,1,15.04,15.04,0.00,0.00,376,376,300.00,300.00,0,0,0,0,1,1
2015.10.01 10:41:09,BUY,1113.33,607,601,NONE,1,1,2.02,2.02,0.0,EMA->TP1,EMA->TP1,0,0,1,1,1,1,0,0,1,1,0,0,1,1,0.88,0.88,0.00,0.00,79,79,300.00,300.00,0,0,0,0,1,1
2015.10.01 15:24:00,BUY,1115.39,608,602,ALLOW,4,4,3.93,3.93,0.0,EMA->NET_BASKET_BE,EMA->NET_BASKET_BE,0,0,0,0,0,0,0,0,1,1,0,0,1,1,59.6,59.6,0.01,0.01,1261,1261,300.00,300.00,1,1,0,0,1,1
2015.10.05 06:05:01,BUY,1135.10,609,603,NONE,2,2,2.01,2.01,0.0,TP2,TP2,0,0,1,1,0,0,1,1,0,0,0,0,1,1,3.19,3.19,0.00,0.00,25,25,300.00,300.00,0,0,0,0,1,1
2015.10.05 19:21:00,BUY,1135.62,610,604,NONE,2,2,2.12,2.12,0.0,TP2->EMA->TP2,TP2->EMA->TP2,0,0,1,1,0,0,1,1,1,1,0,0,1,1,4.06,4.06,0.00,0.00,166,166,300.00,300.00,0,0,0,0,1,1
2015.10.05 22:08:00,BUY,1136.31,611,605,NONE,2,2,2.0,2.0,0.0,EMA->TP2->TP1->TP2,EMA->TP2->TP1->TP2,0,0,1,1,1,1,1,1,1,1,0,0,1,1,6.22,6.22,0.00,0.00,154,154,300.00,300.00,0,0,0,0,1,1
2015.10.06 16:49:00,BUY,1147.66,612,606,NONE,2,2,2.62,2.62,0.0,EMA->TP2,EMA->TP2,0,0,1,1,0,0,1,1,1,1,0,0,1,1,3.02,3.02,0.00,0.00,43,43,300.00,300.00,0,0,0,0,1,1
2015.10.06 23:03:00,BUY,1146.77,613,607,NONE,1,1,2.01,2.01,0.0,EMA->TP1,EMA->TP1,0,0,1,1,1,1,0,0,1,1,0,0,1,1,2.1,2.1,0.00,0.00,388,388,300.00,300.00,0,0,0,0,1,1
2015.10.07 20:11:00,BUY,1145.96,614,608,ALLOW,4,4,3.28,3.28,0.0,EMA->TP3->NET_BASKET_BE,EMA->TP3->NET_BASKET_BE,0,0,0,0,0,0,0,0,1,1,0,0,1,1,28.58,28.58,0.01,0.01,657,657,300.00,300.00,1,1,0,0,1,1
2015.10.08 08:31:03,BUY,1144.58,615,609,NONE,3,3,5.18,5.18,0.0,EMA->TP3,EMA->TP3,0,0,1,1,0,0,0,0,1,1,0,0,1,1,29.62,29.62,0.01,0.01,340,340,300.00,300.00,0,0,0,0,1,1
2015.10.09 07:08:00,BUY,1146.45,616,610,NONE,1,1,2.38,2.38,0.0,EMA->TP1,EMA->TP1,0,0,1,1,1,1,0,0,1,1,0,0,1,1,0.95,0.95,0.00,0.00,36,36,300.00,300.00,0,0,0,0,1,1
2015.10.09 12:18:00,BUY,1152.03,617,611,NONE,1,1,2.4,2.4,0.0,EMA->TP1,EMA->TP1,0,0,1,1,1,1,0,0,1,1,0,0,1,1,1.11,1.11,0.00,0.00,13,13,300.00,300.00,0,0,0,0,1,1
2015.10.09 15:27:00,BUY,1157.61,618,612,NONE,1,1,2.0,2.0,0.0,EMA->TP1,EMA->TP1,0,0,1,1,1,1,0,0,1,1,0,0,1,1,2.03,2.03,0.00,0.00,80,80,300.00,300.00,0,0,0,0,1,1
2015.10.09 17:32:00,BUY,1157.06,619,613,NONE,2,2,2.76,2.76,0.0,TP2->EMA->TP2,TP2->EMA->TP2,0,0,1,1,0,0,1,1,1,1,0,0,1,1,3.15,3.15,0.00,0.00,78,78,300.00,300.00,0,0,0,0,1,1
2015.10.09 19:48:07,BUY,1157.22,620,614,NONE,2,2,2.08,2.08,0.0,EMA->TP2,EMA->TP2,0,0,1,1,0,0,1,1,1,1,0,0,1,1,8.55,8.55,0.00,0.00,3243,3243,300.00,300.00,0,0,0,0,1,1
2015.10.13 04:57:00,BUY,1154.83,621,615,NONE,1,1,2.0,2.0,0.0,EMA->TP1,EMA->TP1,0,0,1,1,1,1,0,0,1,1,0,0,1,1,1.15,1.15,0.00,0.00,88,88,300.00,300.00,0,0,0,0,1,1
2015.10.13 17:05:00,BUY,1165.39,622,616,NONE,1,1,2.0,2.0,0.0,EMA->TP1,EMA->TP1,0,0,1,1,1,1,0,0,1,1,0,0,1,1,1.49,1.49,0.00,0.00,168,168,300.00,300.00,0,0,0,0,1,1
2015.10.14 08:49:00,BUY,1174.36,623,617,ALLOW,4,4,2.16,2.16,0.0,EMA->NET_BASKET_BE,EMA->NET_BASKET_BE,0,0,0,0,0,0,0,0,1,1,0,0,1,1,59.95,59.95,0.01,0.01,221,221,300.00,300.00,1,1,0,0,1,1
2015.10.15 00:40:00,BUY,1185.09,624,618,NONE,2,2,2.75,2.75,0.0,EMA->TP2,EMA->TP2,0,0,1,1,0,0,1,1,1,1,0,0,1,1,7.75,7.75,0.00,0.00,137,137,300.00,300.00,0,0,0,0,1,1
2015.10.15 06:53:01,BUY,1184.44,625,619,NONE,1,1,2.76,2.76,0.0,EMA->TP1,EMA->TP1,0,0,1,1,1,1,0,0,1,1,0,0,1,1,3.05,3.05,0.00,0.00,323,323,300.00,300.00,0,0,0,0,1,1
2015.10.16 04:30:04,BUY,1178.25,626,620,NONE,2,2,2.03,2.03,0.0,TP2->EMA->TP2,TP2->EMA->TP2,0,0,1,1,0,0,1,1,1,1,0,0,1,1,5.3,5.3,0.00,0.00,153,153,300.00,300.00,0,0,0,0,1,1
2015.10.20 15:24:00,SELL,1177.27,627,621,NONE,1,1,2.88,2.88,0.0,EMA->TP1,EMA->TP1,0,0,1,1,1,1,0,0,1,1,0,0,1,1,4.83,4.83,0.00,0.00,909,909,300.00,300.00,0,0,0,0,1,1
2015.10.21 10:03:00,BUY,1175.78,628,622,NONE,2,2,2.04,2.04,0.0,EMA->TP2,EMA->TP2,0,0,1,1,0,0,1,1,1,1,0,0,1,1,3.06,3.06,0.00,0.00,87,87,300.00,300.00,0,0,0,0,1,1
2015.10.21 12:23:00,BUY,1177.90,629,623,ALLOW,4,4,2.35,2.35,0.0,EMA->NET_BASKET_BE,EMA->NET_BASKET_BE,0,0,0,0,0,0,0,0,1,1,0,0,1,1,91.18,91.18,0.02,0.02,1562,1562,300.00,300.00,1,1,0,0,1,1
2015.10.23 02:41:02,SELL,1168.98,630,624,ALLOW,4,4,3.54,3.54,0.0,EMA->TP3->NET_BASKET_BE,EMA->TP3->NET_BASKET_BE,0,0,0,0,0,0,0,0,1,1,0,0,1,1,67.7,67.7,0.01,0.01,626,626,300.00,300.00,1,1,0,0,1,1
2015.10.23 13:48:00,BUY,1162.33,631,625,NONE,1,1,4.79,4.79,0.0,EMA->TP1,EMA->TP1,0,0,1,1,1,1,0,0,1,1,0,0,1,1,5.41,5.41,0.00,0.00,4125,4125,300.00,300.00,0,0,0,0,1,1
2015.10.27 03:05:02,SELL,1164.35,632,626,NONE,3,3,2.43,2.43,0.0,EMA->TP2->TP3,EMA->TP2->TP3,0,0,1,1,0,0,1,1,1,1,0,0,1,1,8.37,8.37,0.00,0.00,217,217,300.00,300.00,0,0,0,0,1,1
2015.10.27 17:37:00,BUY,1166.38,633,627,NONE,2,2,2.01,2.01,0.0,EMA->TP2,EMA->TP2,0,0,1,1,0,0,1,1,1,1,0,0,1,1,3.3,3.3,0.00,0.00,158,158,300.00,300.00,0,0,0,0,1,1
2015.10.28 00:24:00,BUY,1166.77,634,628,NONE,1,1,2.48,2.48,0.0,EMA->TP1,EMA->TP1,0,0,1,1,1,1,0,0,1,1,0,0,1,1,1.45,1.45,0.00,0.00,314,314,300.00,300.00,0,0,0,0,1,1
2015.10.28 13:06:00,BUY,1175.07,635,629,NONE,1,1,2.97,2.97,0.0,EMA->TP1,EMA->TP1,0,0,1,1,1,1,0,0,1,1,0,0,1,1,1.45,1.45,0.00,0.00,26,26,300.00,300.00,0,0,0,0,1,1
2015.10.29 10:17:06,BUY,1160.36,636,630,NONE,2,2,2.28,2.28,0.0,TP2->EMA->TP2,TP2->EMA->TP2,0,0,1,1,0,0,1,1,1,1,0,0,1,1,2.99,2.99,0.00,0.00,30,30,300.00,300.00,0,0,0,0,1,1
2015.10.30 00:53:02,BUY,1145.50,637,631,NONE,1,1,2.09,2.09,0.0,EMA->TP1,EMA->TP1,0,0,1,1,1,1,0,0,1,1,0,0,1,1,1.27,1.27,0.00,0.00,39,39,300.00,300.00,0,0,0,0,1,1
2015.11.02 06:18:00,BUY,1142.39,638,632,NONE,3,3,2.25,2.25,0.0,EMA->TP3,EMA->TP3,0,0,1,1,0,0,0,0,1,1,0,0,1,1,6.97,6.97,0.00,0.00,86,86,300.00,300.00,0,0,0,0,1,1
2015.11.02 19:24:00,BUY,1135.48,639,633,NONE,3,3,2.13,2.13,0.0,EMA->TP3->TP2->TP3,EMA->TP3->TP2->TP3,0,0,1,1,0,0,1,1,1,1,0,0,1,1,15.54,15.54,0.00,0.00,351,351,300.00,300.00,0,0,0,0,1,1
2015.11.03 15:03:00,BUY,1124.13,640,634,NONE,3,3,2.48,2.48,0.0,EMA->TP3,EMA->TP3,0,0,1,1,0,0,0,0,1,1,0,0,1,1,34.59,34.59,0.01,0.01,541,541,300.00,300.00,0,0,0,0,1,1
2015.11.04 04:51:00,BUY,1122.13,641,635,NONE,3,3,3.54,3.54,0.0,EMA->TP3,EMA->TP3,0,0,1,1,0,0,0,0,1,1,0,0,1,1,27.89,27.89,0.01,0.01,498,498,300.00,300.00,0,0,0,0,1,1
2015.11.05 04:45:01,BUY,1110.72,642,636,NONE,2,2,2.13,2.13,0.0,EMA->TP2,EMA->TP2,0,0,1,1,0,0,1,1,1,1,0,0,1,1,10.69,10.69,0.00,0.00,465,465,300.00,300.00,0,0,0,0,1,1
2015.11.05 19:24:01,BUY,1105.22,643,637,NONE,2,2,2.05,2.05,0.0,EMA->TP2,EMA->TP2,0,0,1,1,0,0,1,1,1,1,0,0,1,1,5.48,5.48,0.00,0.00,232,232,300.00,300.00,0,0,0,0,1,1
2015.11.09 12:53:00,BUY,1093.87,644,638,NONE,3,3,2.05,2.05,0.0,EMA->TP1->TP3,EMA->TP1->TP3,0,0,1,1,1,1,0,0,1,1,0,0,1,1,8.78,8.78,0.00,0.00,28,28,300.00,300.00,0,0,0,0,1,1
2015.11.09 15:02:01,BUY,1090.11,645,639,NONE,1,1,2.01,2.01,0.0,EMA->TP1,EMA->TP1,0,0,1,1,1,1,0,0,1,1,0,0,1,1,2.87,2.87,0.00,0.00,246,246,300.00,300.00,0,0,0,0,1,1
2015.11.10 20:49:00,BUY,1088.26,646,640,NONE,1,1,2.04,2.04,0.0,EMA->TP1,EMA->TP1,0,0,1,1,1,1,0,0,1,1,0,0,1,1,2.4,2.4,0.00,0.00,266,266,300.00,300.00,0,0,0,0,1,1
2015.11.12 00:25:00,BUY,1086.94,647,641,NONE,1,1,2.04,2.04,0.0,EMA->TP1,EMA->TP1,0,0,1,1,1,1,0,0,1,1,0,0,1,1,1.09,1.09,0.00,0.00,235,235,300.00,300.00,0,0,0,0,1,1
2015.11.12 07:19:02,BUY,1088.26,648,642,NONE,2,2,2.05,2.05,0.0,EMA->TP2,EMA->TP2,0,0,1,1,0,0,1,1,1,1,0,0,1,1,4.38,4.38,0.00,0.00,195,195,300.00,300.00,0,0,0,0,1,1
2015.11.17 03:33:01,BUY,1082.43,649,643,NONE,3,3,2.59,2.59,0.0,TP3->EMA->TP3,TP3->EMA->TP3,0,0,1,1,0,0,0,0,1,1,0,0,1,1,23.61,23.61,0.00,0.00,457,457,300.00,300.00,0,0,0,0,1,1
2015.11.17 21:06:00,BUY,1069.64,650,644,NONE,3,3,2.99,2.99,0.0,EMA->TP3,EMA->TP3,0,0,1,1,0,0,0,0,1,1,0,0,1,1,21.04,21.04,0.00,0.00,439,439,300.00,300.00,0,0,0,0,1,1
2015.11.18 11:10:00,BUY,1070.43,651,645,NONE,3,3,2.12,2.12,0.0,EMA->TP2->TP3,EMA->TP2->TP3,0,0,1,1,0,0,1,1,1,1,0,0,1,1,16.47,16.47,0.00,0.00,150,150,300.00,300.00,0,0,0,0,1,1
2015.11.20 03:26:00,BUY,1083.77,652,646,NONE,2,2,2.19,2.19,0.0,EMA->TP2,EMA->TP2,0,0,1,1,0,0,1,1,1,1,0,0,1,1,1.84,1.84,0.00,0.00,133,133,300.00,300.00,0,0,0,0,1,1
2015.11.20 19:31:03,BUY,1077.98,653,647,NONE,2,2,2.11,2.11,0.0,EMA->TP2,EMA->TP2,0,0,1,1,0,0,1,1,1,1,0,0,1,1,4.51,4.51,0.00,0.00,108,108,300.00,300.00,0,0,0,0,1,1
2015.11.24 05:34:00,BUY,1071.97,654,648,NONE,2,2,2.07,2.07,0.0,EMA->TP2,EMA->TP2,0,0,1,1,0,0,1,1,1,1,0,0,1,1,2.55,2.55,0.00,0.00,89,89,300.00,300.00,0,0,0,0,1,1
2015.11.24 18:51:00,BUY,1075.02,655,649,NONE,1,1,2.03,2.03,0.0,EMA->TP1,EMA->TP1,0,0,1,1,1,1,0,0,1,1,0,0,1,1,2.39,2.39,0.00,0.00,408,408,300.00,300.00,0,0,0,0,1,1
2015.11.25 05:49:00,SELL,1079.54,656,650,NONE,1,1,2.19,2.19,0.0,EMA->TP1,EMA->TP1,0,0,1,1,1,1,0,0,1,1,0,0,1,1,1.95,1.95,0.00,0.00,169,169,300.00,300.00,0,0,0,0,1,1
2015.11.26 08:02:00,BUY,1071.85,657,651,NONE,2,2,2.02,2.02,0.0,TP2->EMA->TP2,TP2->EMA->TP2,0,0,1,1,0,0,1,1,1,1,0,0,1,1,4.35,4.35,0.00,0.00,165,165,300.00,300.00,0,0,0,0,1,1
2015.11.27 12:46:00,BUY,1066.04,658,652,ALLOW,5,5,3.53,3.53,0.0,NET_BASKET_BE,NET_BASKET_BE,0,0,0,0,0,0,0,0,0,0,1,1,1,1,50.51,50.51,0.01,0.01,105,105,300.00,300.00,1,1,0,0,1,1
2015.12.02 01:14:01,BUY,1069.53,659,653,VETO,5,3,2.43,2.2,-0.23,EMA->NET_BASKET_BE,EMA->TP3->TP2->TP3,0,0,0,1,0,0,0,1,1,1,1,0,1,1,279.42,143.79,0.06,0.03,2563,3607,300.00,300.00,1,0,0,0,1,1
2015.12.04 15:25:00,SELL,1086.35,662,654,NONE,1,1,5.92,5.92,0.0,EMA->TP1,EMA->TP1,0,0,1,1,1,1,0,0,1,1,0,0,1,1,6.07,6.07,0.00,0.00,4204,4204,300.00,300.00,0,0,0,0,1,1
2015.12.08 02:51:01,SELL,1070.23,663,655,NONE,3,3,2.05,2.05,0.0,EMA->TP3,EMA->TP3,0,0,1,1,0,0,0,0,1,1,0,0,1,1,16.84,16.84,0.00,0.00,455,455,300.00,300.00,0,0,0,0,1,1
2015.12.09 16:08:00,BUY,1071.03,664,656,NONE,1,1,3.52,3.52,0.0,TP1,TP1,0,0,1,1,1,1,0,0,0,0,0,0,1,1,2.08,2.08,0.00,0.00,57,57,300.00,300.00,0,0,0,0,1,1
2015.12.09 23:39:00,BUY,1072.59,665,657,NONE,2,2,2.26,2.26,0.0,EMA->TP1->TP2,EMA->TP1->TP2,0,0,1,1,1,1,1,1,1,1,0,0,1,1,7.07,7.07,0.00,0.00,706,706,300.00,300.00,0,0,0,0,1,1
2015.12.10 13:51:00,SELL,1073.81,666,658,NONE,1,1,2.54,2.54,0.0,EMA->TP1,EMA->TP1,0,0,1,1,1,1,0,0,1,1,0,0,1,1,1.24,1.24,0.00,0.00,31,31,300.00,300.00,0,0,0,0,1,1
2015.12.10 23:01:00,BUY,1071.87,667,659,ALLOW,4,4,2.02,2.02,0.0,EMA->NET_BASKET_BE,EMA->NET_BASKET_BE,0,0,0,0,0,0,0,0,1,1,0,0,1,1,32.86,32.86,0.01,0.01,406,406,300.00,300.00,1,1,0,0,1,1
2015.12.11 19:28:00,SELL,1079.03,668,660,NONE,1,1,2.0,2.0,0.0,TP1->EMA->TP1,TP1->EMA->TP1,0,0,1,1,1,1,0,0,1,1,0,0,1,1,1.55,1.55,0.00,0.00,63,63,300.00,300.00,0,0,0,0,1,1
2015.12.15 00:03:00,BUY,1062.71,669,661,NONE,1,1,2.13,2.13,0.0,EMA->TP1,EMA->TP1,0,0,1,1,1,1,0,0,1,1,0,0,1,1,1.35,1.35,0.00,0.00,31,31,300.00,300.00,0,0,0,0,1,1
2015.12.15 08:25:00,BUY,1062.96,670,662,NONE,2,2,2.12,2.12,0.0,TP2,TP2,0,0,1,1,0,0,1,1,0,0,0,0,1,1,1.92,1.92,0.00,0.00,24,24,300.00,300.00,0,0,0,0,1,1
2015.12.15 14:05:00,BUY,1063.31,671,663,NONE,2,2,6.01,6.01,0.0,EMA->TP2,EMA->TP2,0,0,1,1,0,0,1,1,1,1,0,0,1,1,7.3,7.3,0.00,0.00,203,203,300.00,300.00,0,0,0,0,1,1
2015.12.15 21:04:00,BUY,1061.51,672,664,NONE,1,1,2.16,2.16,0.0,EMA->TP1,EMA->TP1,0,0,1,1,1,1,0,0,1,1,0,0,1,1,1.56,1.56,0.00,0.00,260,260,300.00,300.00,0,0,0,0,1,1
2015.12.16 17:14:00,BUY,1075.78,673,665,NONE,2,2,2.05,2.05,0.0,EMA->TP2,EMA->TP2,0,0,1,1,0,0,1,1,1,1,0,0,1,1,2.22,2.22,0.00,0.00,32,32,300.00,300.00,0,0,0,0,1,1
2015.12.16 19:04:00,BUY,1074.63,674,666,NONE,1,1,2.75,2.75,0.0,EMA->TP1,EMA->TP1,0,0,1,1,1,1,0,0,1,1,0,0,1,1,45.43,45.43,0.01,0.01,58316,58316,300.00,300.00,0,0,0,0,1,1
2016.01.27 06:59:04,BUY,1119.87,675,667,NONE,3,3,4.43,4.43,0.0,TP3->EMA->TP3,TP3->EMA->TP3,0,0,1,1,0,0,0,0,1,1,0,0,1,1,9.06,9.06,0.00,0.00,180,180,300.00,300.00,0,0,0,0,1,1
2016.01.27 14:12:00,BUY,1117.96,676,668,NONE,2,2,33.75,33.75,0.0,EMA->TP1->TP2,EMA->TP1->TP2,0,0,1,1,1,1,1,1,1,1,0,0,1,1,7.05,7.05,0.00,0.00,348,348,300.00,300.00,0,0,0,0,1,1
2016.02.02 06:53:04,BUY,1126.02,677,669,NONE,3,3,2.06,2.06,0.0,EMA->TP2->TP3,EMA->TP2->TP3,0,0,1,1,0,0,1,1,1,1,0,0,1,1,7.82,7.82,0.00,0.00,315,315,300.00,300.00,0,0,0,0,1,1
2016.02.02 12:52:03,BUY,1125.46,678,670,NONE,1,1,2.23,2.23,0.0,EMA->TP1,EMA->TP1,0,0,1,1,1,1,0,0,1,1,0,0,1,1,1.78,1.78,0.00,0.00,77,77,300.00,300.00,0,0,0,0,1,1
2016.02.04 01:13:06,BUY,1140.71,679,671,NONE,1,1,2.0,2.0,0.0,EMA->TP1,EMA->TP1,0,0,1,1,1,1,0,0,1,1,0,0,1,1,0.89,0.89,0.00,0.00,12,12,300.00,300.00,0,0,0,0,1,1
2016.02.05 05:30:01,BUY,1155.18,680,672,NONE,2,2,2.28,2.28,0.0,TP2->EMA->TP2,TP2->EMA->TP2,0,0,1,1,0,0,1,1,1,1,0,0,1,1,2.27,2.27,0.00,0.00,36,36,300.00,300.00,0,0,0,0,1,1
2016.02.08 05:16:07,BUY,1166.22,681,673,NONE,2,2,2.08,2.08,0.0,EMA->TP2,EMA->TP2,0,0,1,1,0,0,1,1,1,1,0,0,1,1,3.93,3.93,0.00,0.00,170,170,300.00,300.00,0,0,0,0,1,1
2016.02.09 08:16:00,BUY,1186.77,682,674,NONE,1,1,2.75,2.75,0.0,TP1,TP1,0,0,1,1,1,1,0,0,0,0,0,0,1,1,0.51,0.51,0.00,0.00,4,4,300.00,300.00,0,0,0,0,1,1
2016.02.09 10:55:00,BUY,1189.00,683,675,NONE,1,1,2.55,2.55,0.0,EMA->TP1,EMA->TP1,0,0,1,1,1,1,0,0,1,1,0,0,1,1,2.18,2.18,0.00,0.00,60,60,300.00,300.00,0,0,0,0,1,1
2016.02.09 15:01:00,BUY,1190.21,684,676,NONE,1,1,3.19,3.19,0.0,EMA->TP1,EMA->TP1,0,0,1,1,1,1,0,0,1,1,0,0,1,1,3.01,3.01,0.00,0.00,36,36,300.00,300.00,0,0,0,0,1,1
2016.02.11 02:59:00,BUY,1206.15,685,677,NONE,1,1,2.81,2.81,0.0,EMA->TP1,EMA->TP1,0,0,1,1,1,1,0,0,1,1,0,0,1,1,1.69,1.69,0.00,0.00,121,121,300.00,300.00,0,0,0,0,1,1
2016.02.11 15:01:00,BUY,1234.34,686,678,NONE,1,1,5.57,5.57,0.0,EMA->TP1,EMA->TP1,0,0,1,1,1,1,0,0,1,1,0,0,1,1,2.39,2.39,0.00,0.00,20,20,300.00,300.00,0,0,0,0,1,1
2016.02.15 03:23:00,BUY,1223.96,687,679,NONE,3,3,3.11,3.11,0.0,TP3,TP3,0,0,1,1,0,0,0,0,0,0,0,0,1,1,24.19,24.19,0.00,0.00,129,129,300.00,300.00,0,0,0,0,1,1
2016.02.15 07:45:00,BUY,1213.00,688,680,NONE,2,2,3.32,3.32,0.0,EMA->TP2,EMA->TP2,0,0,1,1,0,0,1,1,1,1,0,0,1,1,13.62,13.62,0.00,0.00,348,348,300.00,300.00,0,0,0,0,1,1
2016.02.16 04:58:01,SELL,1193.74,689,681,VETO,4,3,2.31,2.81,0.5,EMA->NET_BASKET_BE,EMA->TP3,0,0,0,1,0,0,0,0,1,1,0,0,1,1,42.36,38.23,0.01,0.01,173,181,300.00,300.00,1,0,0,0,1,1
2016.02.17 06:28:00,SELL,1206.52,690,682,NONE,2,2,2.77,2.77,0.0,EMA->TP2,EMA->TP2,0,0,1,1,0,0,1,1,1,1,0,0,1,1,15.0,15.0,0.00,0.00,113,113,300.00,300.00,0,0,0,0,1,1
2016.02.17 11:17:00,SELL,1203.41,691,683,NONE,2,2,2.74,2.74,0.0,EMA->TP2,EMA->TP2,0,0,1,1,0,0,1,1,1,1,0,0,1,1,8.49,8.49,0.00,0.00,115,115,300.00,300.00,0,0,0,0,1,1
2016.02.17 17:09:00,SELL,1212.91,692,684,NONE,1,1,2.03,2.03,0.0,TP1,TP1,0,0,1,1,1,1,0,0,0,0,0,0,1,1,0.73,0.73,0.00,0.00,10,10,300.00,300.00,0,0,0,0,1,1
2016.02.18 12:40:00,SELL,1206.79,693,685,NONE,1,1,2.0,2.0,0.0,TP1->EMA->TP1,TP1->EMA->TP1,0,0,1,1,1,1,0,0,1,1,0,0,1,1,0.47,0.47,0.00,0.00,7,7,300.00,300.00,0,0,0,0,1,1
2016.02.18 16:12:00,SELL,1217.83,694,686,ALLOW,4,4,2.1,2.1,0.0,NET_BASKET_BE,NET_BASKET_BE,0,0,0,0,0,0,0,0,0,0,0,0,1,1,99.88,99.88,0.02,0.02,474,474,300.00,300.00,1,1,0,0,1,1
2016.02.22 17:21:00,SELL,1210.49,695,687,NONE,1,1,2.35,2.35,0.0,EMA->TP1,EMA->TP1,0,0,1,1,1,1,0,0,1,1,0,0,1,1,0.79,0.79,0.00,0.00,18,18,300.00,300.00,0,0,0,0,1,1
2016.02.22 23:03:00,BUY,1209.52,696,688,NONE,1,1,2.36,2.36,0.0,EMA->TP1,EMA->TP1,0,0,1,1,1,1,0,0,1,1,0,0,1,1,3.63,3.63,0.00,0.00,133,133,300.00,300.00,0,0,0,0,1,1
2016.02.23 06:17:00,BUY,1215.98,697,689,NONE,1,1,2.02,2.02,0.0,EMA->TP1,EMA->TP1,0,0,1,1,1,1,0,0,1,1,0,0,1,1,1.63,1.63,0.00,0.00,53,53,300.00,300.00,0,0,0,0,1,1
2016.02.23 18:35:00,BUY,1222.31,698,690,NONE,1,1,2.01,2.01,0.0,EMA->TP1,EMA->TP1,0,0,1,1,1,1,0,0,1,1,0,0,1,1,1.9,1.9,0.00,0.00,99,99,300.00,300.00,0,0,0,0,1,1
2016.02.24 12:44:00,BUY,1235.90,699,691,NONE,2,2,3.14,3.14,0.0,EMA->TP2,EMA->TP2,0,0,1,1,0,0,1,1,1,1,0,0,1,1,7.04,7.04,0.00,0.00,38,38,300.00,300.00,0,0,0,0,1,1
2016.02.26 04:03:00,BUY,1236.40,700,692,NONE,1,1,2.8,2.8,0.0,EMA->TP1,EMA->TP1,0,0,1,1,1,1,0,0,1,1,0,0,1,1,1.2,1.2,0.00,0.00,117,117,300.00,300.00,0,0,0,0,1,1
2016.02.26 09:13:00,BUY,1229.45,701,693,NONE,1,1,2.08,2.08,0.0,TP1,TP1,0,0,1,1,1,1,0,0,0,0,0,0,1,1,0.78,0.78,0.00,0.00,6,6,300.00,300.00,0,0,0,0,1,1
2016.02.26 13:55:00,BUY,1228.54,702,694,NONE,3,3,18.71,18.71,0.0,TP3,TP3,0,0,1,1,0,0,0,0,0,0,0,0,1,1,43.3,43.3,0.01,0.01,219,219,300.00,300.00,0,0,0,0,1,1
2016.02.26 18:06:00,BUY,1220.32,703,695,NONE,1,1,2.6,2.6,0.0,EMA->TP1,EMA->TP1,0,0,1,1,1,1,0,0,1,1,0,0,1,1,1.46,1.46,0.00,0.00,50,50,300.00,300.00,0,0,0,0,1,1
2016.02.26 19:00:00,SELL,1221.80,704,696,NONE,2,2,5.25,5.25,0.0,TP2,TP2,0,0,1,1,0,0,1,1,0,0,0,0,1,1,5.67,5.67,0.00,0.00,145,145,300.00,300.00,0,0,0,0,1,1
2016.02.29 01:35:00,SELL,1224.85,705,697,NONE,2,2,2.01,2.01,0.0,TP2,TP2,0,0,1,1,0,0,1,1,0,0,0,0,1,1,2.57,2.57,0.00,0.00,86,86,300.00,300.00,0,0,0,0,1,1
2016.02.29 03:51:00,SELL,1224.03,706,698,NONE,3,3,2.05,2.05,0.0,EMA->TP3,EMA->TP3,0,0,1,1,0,0,0,0,1,1,0,0,1,1,16.01,16.01,0.00,0.00,159,159,300.00,300.00,0,0,0,0,1,1
2016.02.29 08:06:00,SELL,1232.00,707,699,NONE,1,1,5.07,5.07,0.0,EMA->TP1,EMA->TP1,0,0,1,1,1,1,0,0,1,1,0,0,1,1,5.72,5.72,0.00,0.00,308,308,300.00,300.00,0,0,0,0,1,1
2016.02.29 13:18:00,BUY,1228.04,708,700,NONE,1,1,5.84,5.84,0.0,TP1->EMA->TP1,TP1->EMA->TP1,0,0,1,1,1,1,0,0,1,1,0,0,1,1,2.31,2.31,0.00,0.00,102,102,300.00,300.00,0,0,0,0,1,1
2016.03.01 04:23:00,BUY,1244.34,709,701,NONE,2,2,2.0,2.0,0.0,EMA->TP1->TP2,EMA->TP1->TP2,0,0,1,1,1,1,1,1,1,1,0,0,1,1,3.75,3.75,0.00,0.00,82,82,300.00,300.00,0,0,0,0,1,1
2016.03.01 23:08:00,BUY,1232.05,710,702,ALLOW,4,4,2.55,2.55,0.0,EMA->NET_BASKET_BE,EMA->NET_BASKET_BE,0,0,0,0,0,0,0,0,1,1,0,0,1,1,37.18,37.18,0.01,0.01,512,512,300.00,300.00,1,1,0,0,1,1
2016.03.02 10:19:00,BUY,1230.62,711,703,NONE,2,2,2.27,2.27,0.0,EMA->TP1->TP2,EMA->TP1->TP2,0,0,1,1,1,1,1,1,1,1,0,0,1,1,4.69,4.69,0.00,0.00,151,151,300.00,300.00,0,0,0,0,1,1
2016.03.04 08:10:00,BUY,1261.01,712,704,NONE,1,1,3.67,3.67,0.0,EMA->TP1,EMA->TP1,0,0,1,1,1,1,0,0,1,1,0,0,1,1,1.15,1.15,0.00,0.00,10,10,300.00,300.00,0,0,0,0,1,1
2016.03.04 17:12:00,BUY,1268.36,713,705,NONE,2,2,4.43,4.43,0.0,EMA->TP2,EMA->TP2,0,0,1,1,0,0,1,1,1,1,0,0,1,1,27.59,27.59,0.01,0.01,3348,3348,300.00,300.00,0,0,0,0,1,1
2016.03.07 02:14:00,BUY,1258.71,714,706,NONE,1,1,4.97,4.97,0.0,EMA->TP1,EMA->TP1,0,0,1,1,1,1,0,0,1,1,0,0,1,1,3.86,3.86,0.00,0.00,242,242,300.00,300.00,0,0,0,0,1,1
2016.03.07 10:51:00,BUY,1267.92,715,707,NONE,1,1,2.24,2.24,0.0,EMA->TP1,EMA->TP1,0,0,1,1,1,1,0,0,1,1,0,0,1,1,0.63,0.63,0.00,0.00,18,18,300.00,300.00,0,0,0,0,1,1
2016.03.08 04:24:03,BUY,1268.34,716,708,NONE,3,3,2.28,2.28,0.0,EMA->TP3,EMA->TP3,0,0,1,1,0,0,0,0,1,1,0,0,1,1,8.82,8.82,0.00,0.00,59,59,300.00,300.00,0,0,0,0,1,1
2016.03.08 15:09:00,BUY,1266.82,717,709,NONE,3,3,3.08,3.08,0.0,EMA->TP3,EMA->TP3,0,0,1,1,0,0,0,0,1,1,0,0,1,1,145.6,145.6,0.03,0.03,2822,2822,300.00,300.00,0,0,0,0,1,1
2016.03.10 14:39:00,SELL,1260.68,718,710,NONE,3,3,29.58,29.58,0.0,EMA->TP3,EMA->TP3,0,0,1,1,0,0,0,0,1,1,0,0,1,1,55.72,55.72,0.01,0.01,802,802,300.00,300.00,0,0,0,0,1,1
2016.03.14 10:50:01,BUY,1256.56,719,711,NONE,3,3,2.16,2.16,0.0,EMA->TP3,EMA->TP3,0,0,1,1,0,0,0,0,1,1,0,0,1,1,12.67,12.67,0.00,0.00,89,89,300.00,300.00,0,0,0,0,1,1
2016.03.14 14:09:00,BUY,1246.92,720,712,NONE,3,3,7.57,7.57,0.0,EMA->TP3,EMA->TP3,0,0,1,1,0,0,0,0,1,1,0,0,1,1,83.32,83.32,0.02,0.02,3112,3112,300.00,300.00,0,0,0,0,1,1
2016.03.16 23:29:00,BUY,1258.91,721,713,VETO,4,3,2.17,2.02,-0.15,EMA->TP1->TP2->TP3->NET_BASKET_BE,EMA->TP1->TP2->TP3,0,0,0,1,1,1,1,1,1,1,0,0,1,1,33.41,26.4,0.01,0.01,341,372,300.00,300.00,1,0,0,0,1,1
2016.03.17 08:14:00,SELL,1267.14,722,714,NONE,1,1,2.69,2.69,0.0,TP1,TP1,0,0,1,1,1,1,0,0,0,0,0,0,1,1,3.71,3.71,0.00,0.00,75,75,300.00,300.00,0,0,0,0,1,1
2016.03.17 13:50:00,BUY,1264.57,723,715,NONE,2,2,5.98,5.98,0.0,EMA->TP2,EMA->TP2,0,0,1,1,0,0,1,1,1,1,0,0,1,1,18.49,18.49,0.00,0.00,680,680,300.00,300.00,0,0,0,0,1,1
2016.03.18 07:33:00,BUY,1262.54,724,716,NONE,3,3,3.0,3.0,0.0,TP3,TP3,0,0,1,1,0,0,0,0,0,0,0,0,1,1,11.95,11.95,0.00,0.00,37,37,300.00,300.00,0,0,0,0,1,1
2016.03.22 00:45:00,SELL,1245.79,725,717,NONE,1,1,2.05,2.05,0.0,TP1->EMA->TP1,TP1->EMA->TP1,0,0,1,1,1,1,0,0,1,1,0,0,1,1,0.43,0.43,0.00,0.00,77,77,300.00,300.00,0,0,0,0,1,1
2016.03.22 07:30:00,SELL,1253.69,726,718,NONE,3,3,3.8,3.8,0.0,TP3,TP3,0,0,1,1,0,0,0,0,0,0,0,0,1,1,19.65,19.65,0.00,0.00,39,39,300.00,300.00,0,0,0,0,1,1
2016.03.22 14:19:00,BUY,1253.96,727,719,ALLOW,5,5,-303.75,-303.75,0.0,EMA->SL$,EMA->SL$,1,1,0,0,0,0,0,0,1,1,1,1,0,0,303.32,303.32,0.06,0.06,1403,1403,300.00,300.00,0,0,0,0,1,1
2016.03.28 00:02:00,BUY,1214.17,728,720,ALLOW,4,4,2.5,2.5,0.0,NET_BASKET_BE,NET_BASKET_BE,0,0,0,0,0,0,0,0,0,0,0,0,1,1,25.71,25.71,0.01,0.01,29,29,300.00,300.00,1,1,0,0,1,1
2016.03.28 15:02:00,BUY,1221.01,729,721,NONE,2,2,4.31,4.31,0.0,EMA->TP2,EMA->TP2,0,0,1,1,0,0,1,1,1,1,0,0,1,1,7.81,7.81,0.00,0.00,149,149,300.00,300.00,0,0,0,0,1,1
2016.03.29 12:28:00,BUY,1219.19,730,722,NONE,1,1,2.01,2.01,0.0,EMA->TP1,EMA->TP1,0,0,1,1,1,1,0,0,1,1,0,0,1,1,1.49,1.49,0.00,0.00,32,32,300.00,300.00,0,0,0,0,1,1
2016.03.29 16:23:00,BUY,1237.38,731,723,NONE,2,2,20.34,20.34,0.0,EMA->TP2,EMA->TP2,0,0,1,1,0,0,1,1,1,1,0,0,1,1,56.1,56.1,0.01,0.01,9607,9607,300.00,300.00,0,0,0,0,1,1
2016.04.05 16:54:00,SELL,1228.46,732,724,NONE,1,1,2.04,2.04,0.0,EMA->TP1,EMA->TP1,0,0,1,1,1,1,0,0,1,1,0,0,1,1,1.5,1.5,0.00,0.00,36,36,300.00,300.00,0,0,0,0,1,1
2016.04.05 23:20:00,BUY,1230.94,733,725,NONE,2,2,2.06,2.06,0.0,EMA->TP2,EMA->TP2,0,0,1,1,0,0,1,1,1,1,0,0,1,1,4.09,4.09,0.00,0.00,65,65,300.00,300.00,0,0,0,0,1,1
2016.04.06 13:34:00,SELL,1220.47,734,726,NONE,2,2,2.97,2.97,0.0,EMA->TP2,EMA->TP2,0,0,1,1,0,0,1,1,1,1,0,0,1,1,6.93,6.93,0.00,0.00,48,48,300.00,300.00,0,0,0,0,1,1
2016.04.07 09:20:00,SELL,1237.71,735,727,NONE,2,2,4.8,4.8,0.0,EMA->TP2,EMA->TP2,0,0,1,1,0,0,1,1,1,1,0,0,1,1,12.66,12.66,0.00,0.00,320,320,300.00,300.00,0,0,0,0,1,1
2016.04.07 15:54:00,SELL,1239.15,736,728,NONE,1,1,2.04,2.04,0.0,EMA->TP1,EMA->TP1,0,0,1,1,1,1,0,0,1,1,0,0,1,1,2.11,2.11,0.00,0.00,61,61,300.00,300.00,0,0,0,0,1,1
2016.04.11 01:09:00,BUY,1245.41,737,729,NONE,1,1,2.44,2.44,0.0,EMA->TP1,EMA->TP1,0,0,1,1,1,1,0,0,1,1,0,0,1,1,0.65,0.65,0.00,0.00,7,7,300.00,300.00,0,0,0,0,1,1
2016.04.11 11:37:00,BUY,1248.83,738,730,NONE,1,1,2.67,2.67,0.0,EMA->TP1,EMA->TP1,0,0,1,1,1,1,0,0,1,1,0,0,1,1,2.68,2.68,0.00,0.00,50,50,300.00,300.00,0,0,0,0,1,1
2016.04.11 13:07:01,BUY,1251.57,739,731,NONE,1,1,3.45,3.45,0.0,EMA->TP1,EMA->TP1,0,0,1,1,1,1,0,0,1,1,0,0,1,1,2.66,2.66,0.00,0.00,41,41,300.00,300.00,0,0,0,0,1,1
2016.04.12 17:03:00,BUY,1256.24,740,732,NONE,1,1,2.77,2.77,0.0,EMA->TP1,EMA->TP1,0,0,1,1,1,1,0,0,1,1,0,0,1,1,1.34,1.34,0.00,0.00,26,26,300.00,300.00,0,0,0,0,1,1
2016.04.12 23:21:01,BUY,1256.32,741,733,ALLOW,5,5,-335.77,-335.77,0.0,TP3->EMA->TP2->SL$,TP3->EMA->TP2->SL$,1,1,0,0,0,0,1,1,1,1,1,1,0,0,251.96,251.96,0.05,0.05,1501,1501,300.00,300.00,0,0,0,0,1,1
2016.04.14 03:09:01,BUY,1232.62,742,734,NONE,1,1,2.08,2.08,0.0,EMA->TP1,EMA->TP1,0,0,1,1,1,1,0,0,1,1,0,0,1,1,1.61,1.61,0.00,0.00,121,121,300.00,300.00,0,0,0,0,1,1
2016.04.14 13:25:00,SELL,1235.72,743,735,NONE,1,1,3.67,3.67,0.0,EMA->TP1,EMA->TP1,0,0,1,1,1,1,0,0,1,1,0,0,1,1,1.68,1.68,0.00,0.00,24,24,300.00,300.00,0,0,0,0,1,1
2016.04.15 07:19:00,BUY,1229.86,744,736,NONE,1,1,4.29,4.29,0.0,EMA->TP1,EMA->TP1,0,0,1,1,1,1,0,0,1,1,0,0,1,1,6.44,6.44,0.00,0.00,502,502,300.00,300.00,0,0,0,0,1,1
2016.04.18 00:55:00,BUY,1237.31,745,737,NONE,2,2,2.35,2.35,0.0,EMA->TP2,EMA->TP2,0,0,1,1,0,0,1,1,1,1,0,0,1,1,2.87,2.87,0.00,0.00,20,20,300.00,300.00,0,0,0,0,1,1
2016.04.18 16:42:00,BUY,1232.40,746,738,NONE,1,1,2.02,2.02,0.0,EMA->TP1,EMA->TP1,0,0,1,1,1,1,0,0,1,1,0,0,1,1,1.37,1.37,0.00,0.00,52,52,300.00,300.00,0,0,0,0,1,1
2016.04.18 18:35:00,BUY,1233.16,747,739,ALLOW,4,4,2.08,2.08,0.0,EMA->TP2->NET_BASKET_BE,EMA->TP2->NET_BASKET_BE,0,0,0,0,0,0,1,1,1,1,0,0,1,1,36.77,36.77,0.01,0.01,543,543,300.00,300.00,1,1,0,0,1,1
2016.04.19 18:26:00,BUY,1252.60,748,740,NONE,2,2,8.15,8.15,0.0,EMA->TP2,EMA->TP2,0,0,1,1,0,0,1,1,1,1,0,0,1,1,14.69,14.69,0.00,0.00,1088,1088,300.00,300.00,0,0,0,0,1,1
2016.04.21 10:45:01,BUY,1259.93,749,741,NONE,1,1,8.92,8.92,0.0,EMA->TP1,EMA->TP1,0,0,1,1,1,1,0,0,1,1,0,0,1,1,2.28,2.28,0.00,0.00,134,134,300.00,300.00,0,0,0,0,1,1
2016.04.21 13:58:00,BUY,1249.97,750,742,NONE,3,3,9.98,9.98,0.0,EMA->TP3,EMA->TP3,0,0,1,1,0,0,0,0,1,1,0,0,1,1,75.66,75.66,0.02,0.02,7159,7159,300.00,300.00,0,0,0,0,1,1
2016.04.26 23:44:01,SELL,1243.00,751,743,NONE,3,3,2.5,2.5,0.0,TP2->EMA->TP1->TP3,TP2->EMA->TP1->TP3,0,0,1,1,1,1,1,1,1,1,0,0,1,1,9.36,9.36,0.00,0.00,29,29,300.00,300.00,0,0,0,0,1,1
2016.04.27 03:31:00,BUY,1244.34,752,744,NONE,1,1,2.83,2.83,0.0,EMA->TP1,EMA->TP1,0,0,1,1,1,1,0,0,1,1,0,0,1,1,1.61,1.61,0.00,0.00,205,205,300.00,300.00,0,0,0,0,1,1
2016.04.27 10:38:01,BUY,1245.39,753,745,NONE,2,2,2.04,2.04,0.0,EMA->TP2,EMA->TP2,0,0,1,1,0,0,1,1,1,1,0,0,1,1,2.01,2.01,0.00,0.00,24,24,300.00,300.00,0,0,0,0,1,1
2016.04.28 19:26:00,BUY,1266.23,754,746,NONE,1,1,2.24,2.24,0.0,EMA->TP1,EMA->TP1,0,0,1,1,1,1,0,0,1,1,0,0,1,1,1.04,1.04,0.00,0.00,19,19,300.00,300.00,0,0,0,0,1,1
2016.04.28 20:36:03,BUY,1267.30,755,747,NONE,2,2,2.0,2.0,0.0,EMA->TP2,EMA->TP2,0,0,1,1,0,0,1,1,1,1,0,0,1,1,8.46,8.46,0.00,0.00,264,264,300.00,300.00,0,0,0,0,1,1
2016.04.29 11:52:00,BUY,1275.89,756,748,NONE,1,1,2.87,2.87,0.0,EMA->TP1,EMA->TP1,0,0,1,1,1,1,0,0,1,1,0,0,1,1,3.83,3.83,0.00,0.00,44,44,300.00,300.00,0,0,0,0,1,1
2016.05.02 14:56:00,BUY,1293.62,757,749,NONE,1,1,4.44,4.44,0.0,EMA->TP1,EMA->TP1,0,0,1,1,1,1,0,0,1,1,0,0,1,1,8.79,8.79,0.00,0.00,958,958,300.00,300.00,0,0,0,0,1,1
2016.05.03 13:10:00,BUY,1295.79,758,750,NONE,3,3,12.81,12.81,0.0,EMA->TP3,EMA->TP3,0,0,1,1,0,0,0,0,1,1,0,0,1,1,40.75,40.75,0.01,0.01,242,242,300.00,300.00,0,0,0,0,1,1
2016.05.03 17:16:01,BUY,1288.79,759,751,NONE,2,2,14.56,14.56,0.0,EMA->TP2,EMA->TP2,0,0,1,1,0,0,1,1,1,1,0,0,1,1,21.89,21.89,0.00,0.00,1149,1149,300.00,300.00,0,0,0,0,1,1
2016.05.04 14:17:00,BUY,1281.70,760,752,NONE,3,3,9.11,9.11,0.0,EMA->TP3,EMA->TP3,0,0,1,1,0,0,0,0,1,1,0,0,1,1,26.64,26.64,0.01,0.01,281,281,300.00,300.00,0,0,0,0,1,1
2016.05.04 19:25:00,SELL,1280.53,761,753,NONE,2,2,5.4,5.4,0.0,EMA->TP2,EMA->TP2,0,0,1,1,0,0,1,1,1,1,0,0,1,1,6.8,6.8,0.00,0.00,395,395,300.00,300.00,0,0,0,0,1,1
2016.05.05 22:57:00,SELL,1276.96,762,754,NONE,2,2,2.28,2.28,0.0,TP2->EMA->TP1->TP2,TP2->EMA->TP1->TP2,0,0,1,1,1,1,1,1,1,1,0,0,1,1,1.95,1.95,0.00,0.00,46,46,300.00,300.00,0,0,0,0,1,1
2016.05.06 01:03:00,SELL,1276.83,763,755,NONE,2,2,3.98,3.98,0.0,EMA->TP2,EMA->TP2,0,0,1,1,0,0,1,1,1,1,0,0,1,1,12.84,12.84,0.00,0.00,677,677,300.00,300.00,0,0,0,0,1,1
2016.05.06 17:44:00,BUY,1291.41,764,756,NONE,3,3,4.61,4.61,0.0,EMA->TP3,EMA->TP3,0,0,1,1,0,0,0,0,1,1,0,0,1,1,13.81,13.81,0.00,0.00,77,77,300.00,300.00,0,0,0,0,1,1
2016.05.06 19:44:01,BUY,1288.61,765,757,NONE,3,3,2.5,2.5,0.0,EMA->TP3,EMA->TP3,0,0,1,1,0,0,0,0,1,1,0,0,1,1,16.78,16.78,0.00,0.00,3229,3229,300.00,300.00,0,0,0,0,1,1
2016.05.09 02:12:00,BUY,1287.11,766,758,ALLOW,5,5,-300.18,-300.18,0.0,EMA->SL$,EMA->SL$,1,1,0,0,0,0,0,0,1,1,1,1,0,0,299.07,299.07,0.06,0.06,2173,2173,300.00,300.00,0,0,0,0,1,1
2016.05.11 09:31:00,SELL,1271.84,767,759,NONE,3,3,2.27,2.27,0.0,EMA->TP3,EMA->TP3,0,0,1,1,0,0,0,0,1,1,0,0,1,1,10.1,10.1,0.00,0.00,73,73,300.00,300.00,0,0,0,0,1,1
2016.05.11 11:08:00,SELL,1275.06,768,760,NONE,2,2,2.14,2.14,0.0,EMA->TP2,EMA->TP2,0,0,1,1,0,0,1,1,1,1,0,0,1,1,9.33,9.33,0.00,0.00,112,112,300.00,300.00,0,0,0,0,1,1
2016.05.11 15:32:00,BUY,1273.42,769,761,NONE,1,1,3.9,3.9,0.0,EMA->TP1,EMA->TP1,0,0,1,1,1,1,0,0,1,1,0,0,1,1,1.12,1.12,0.00,0.00,152,152,300.00,300.00,0,0,0,0,1,1
2016.05.12 04:05:00,SELL,1271.83,770,762,NONE,2,2,2.04,2.04,0.0,EMA->TP2,EMA->TP2,0,0,1,1,0,0,1,1,1,1,0,0,1,1,3.54,3.54,0.00,0.00,54,54,300.00,300.00,0,0,0,0,1,1
2016.05.12 05:55:00,SELL,1272.38,771,763,NONE,1,1,2.09,2.09,0.0,EMA->TP1,EMA->TP1,0,0,1,1,1,1,0,0,1,1,0,0,1,1,2.62,2.62,0.00,0.00,199,199,300.00,300.00,0,0,0,0,1,1
2016.05.12 10:06:00,SELL,1267.81,772,764,ALLOW,5,5,3.8,3.8,0.0,EMA->TP1->NET_BASKET_BE,EMA->TP1->NET_BASKET_BE,0,0,0,0,1,1,0,0,1,1,1,1,1,1,86.26,86.26,0.02,0.02,284,284,300.00,300.00,1,1,0,0,1,1
2016.05.12 16:32:00,BUY,1269.72,773,765,NONE,3,3,2.15,2.15,0.0,EMA->TP3,EMA->TP3,0,0,1,1,0,0,0,0,1,1,0,0,1,1,30.38,30.38,0.01,0.01,449,449,300.00,300.00,0,0,0,0,1,1
2016.05.13 04:37:00,SELL,1271.56,774,766,NONE,2,2,2.23,2.23,0.0,EMA->TP2,EMA->TP2,0,0,1,1,0,0,1,1,1,1,0,0,1,1,11.4,11.4,0.00,0.00,462,462,300.00,300.00,0,0,0,0,1,1
2016.05.15 22:06:01,SELL,1272.73,775,767,NONE,3,3,11.41,11.41,0.0,EMA->TP3,EMA->TP3,0,0,1,1,0,0,0,0,1,1,0,0,1,1,60.45,60.45,0.01,0.01,985,985,300.00,300.00,0,0,0,0,1,1
2016.05.18 17:13:00,SELL,1272.65,776,768,NONE,2,2,2.37,2.37,0.0,TP2,TP2,0,0,1,1,0,0,1,1,0,0,0,0,1,1,3.69,3.69,0.00,0.00,47,47,300.00,300.00,0,0,0,0,1,1
2016.05.18 20:57:07,SELL,1257.83,777,769,NONE,3,3,2.01,2.01,0.0,EMA->TP2->TP3,EMA->TP2->TP3,0,0,1,1,0,0,1,1,1,1,0,0,1,1,12.89,12.89,0.00,0.00,205,205,300.00,300.00,0,0,0,0,1,1
2016.05.19 04:52:00,BUY,1257.67,778,770,ALLOW,4,4,2.48,2.48,0.0,EMA->NET_BASKET_BE,EMA->NET_BASKET_BE,0,0,0,0,0,0,0,0,1,1,0,0,1,1,89.45,89.45,0.02,0.02,646,646,300.00,300.00,1,1,0,0,1,1
2016.05.26 03:51:00,BUY,1229.56,779,771,NONE,2,2,2.34,2.34,0.0,EMA->TP1->TP2,EMA->TP1->TP2,0,0,1,1,1,1,1,1,1,1,0,0,1,1,6.35,6.35,0.00,0.00,177,177,300.00,300.00,0,0,0,0,1,1
2016.06.01 12:53:00,BUY,1217.23,780,772,NONE,3,3,2.04,2.04,0.0,EMA->TP3,EMA->TP3,0,0,1,1,0,0,0,0,1,1,0,0,1,1,47.21,47.21,0.01,0.01,1073,1073,300.00,300.00,0,0,0,0,1,1
2016.06.02 10:33:00,SELL,1216.42,781,773,NONE,2,2,2.05,2.05,0.0,TP2->EMA->TP1->TP2,TP2->EMA->TP1->TP2,0,0,1,1,1,1,1,1,1,1,0,0,1,1,1.43,1.43,0.00,0.00,46,46,300.00,300.00,0,0,0,0,1,1
2016.06.02 14:47:00,BUY,1212.45,782,774,NONE,2,2,3.18,3.18,0.0,EMA->TP2,EMA->TP2,0,0,1,1,0,0,1,1,1,1,0,0,1,1,17.67,17.67,0.00,0.00,1299,1299,300.00,300.00,0,0,0,0,1,1
2016.06.03 17:00:00,BUY,1239.70,783,775,NONE,1,1,2.06,2.06,0.0,EMA->TP1,EMA->TP1,0,0,1,1,1,1,0,0,1,1,0,0,1,1,1.12,1.12,0.00,0.00,115,115,300.00,300.00,0,0,0,0,1,1
2016.06.06 07:12:00,BUY,1241.07,784,776,NONE,1,1,2.09,2.09,0.0,EMA->TP1,EMA->TP1,0,0,1,1,1,1,0,0,1,1,0,0,1,1,2.4,2.4,0.00,0.00,265,265,300.00,300.00,0,0,0,0,1,1
2016.06.06 23:41:00,SELL,1244.94,785,777,NONE,2,2,2.07,2.07,0.0,EMA->TP2,EMA->TP2,0,0,1,1,0,0,1,1,1,1,0,0,1,1,2.79,2.79,0.00,0.00,15,15,300.00,300.00,0,0,0,0,1,1
2016.06.07 06:30:00,SELL,1242.51,786,778,NONE,2,2,2.02,2.02,0.0,EMA->TP2,EMA->TP2,0,0,1,1,0,0,1,1,1,1,0,0,1,1,4.92,4.92,0.00,0.00,105,105,300.00,300.00,0,0,0,0,1,1
2016.06.08 08:16:01,BUY,1252.31,787,779,NONE,1,1,2.05,2.05,0.0,EMA->TP1,EMA->TP1,0,0,1,1,1,1,0,0,1,1,0,0,1,1,1.79,1.79,0.00,0.00,201,201,300.00,300.00,0,0,0,0,1,1
2016.06.09 22:59:05,BUY,1269.06,788,780,ALLOW,5,5,2.26,2.26,0.0,TP2->EMA->TP1->NET_BASKET_BE,TP2->EMA->TP1->NET_BASKET_BE,0,0,0,0,1,1,1,1,1,1,1,1,1,1,77.05,77.05,0.02,0.02,506,506,300.00,300.00,1,1,0,0,1,1
2016.06.15 06:49:00,BUY,1285.74,789,781,NONE,2,2,3.87,3.87,0.0,EMA->TP2,EMA->TP2,0,0,1,1,0,0,1,1,1,1,0,0,1,1,17.27,17.27,0.00,0.00,524,524,300.00,300.00,0,0,0,0,1,1
2016.06.16 09:19:00,BUY,1307.58,790,782,NONE,3,3,5.54,5.54,0.0,EMA->TP3,EMA->TP3,0,0,1,1,0,0,0,0,1,1,0,0,1,1,14.25,14.25,0.00,0.00,110,110,300.00,300.00,0,0,0,0,1,1
2016.06.17 11:02:00,SELL,1287.10,791,783,NONE,2,2,2.36,2.36,0.0,TP2,TP2,0,0,1,1,0,0,1,1,0,0,0,0,1,1,6.51,6.51,0.00,0.00,59,59,300.00,300.00,0,0,0,0,1,1
2016.06.20 07:57:00,SELL,1286.71,792,784,NONE,1,1,2.97,2.97,0.0,EMA->TP1,EMA->TP1,0,0,1,1,1,1,0,0,1,1,0,0,1,1,2.22,2.22,0.00,0.00,70,70,300.00,300.00,0,0,0,0,1,1
2016.06.20 16:13:00,BUY,1285.93,793,785,NONE,1,1,2.26,2.26,0.0,EMA->TP1,EMA->TP1,0,0,1,1,1,1,0,0,1,1,0,0,1,1,2.31,2.31,0.00,0.00,75,75,300.00,300.00,0,0,0,0,1,1
2016.06.21 05:00:00,SELL,1286.14,794,786,NONE,1,1,2.0,2.0,0.0,EMA->TP1,EMA->TP1,0,0,1,1,1,1,0,0,1,1,0,0,1,1,1.57,1.57,0.00,0.00,56,56,300.00,300.00,0,0,0,0,1,1
2016.06.23 12:17:00,SELL,1263.63,795,787,NONE,1,1,2.01,2.01,0.0,EMA->TP1,EMA->TP1,0,0,1,1,1,1,0,0,1,1,0,0,1,1,1.0,1.0,0.00,0.00,1,1,300.00,300.00,0,0,0,0,1,1
2016.06.23 15:10:00,BUY,1264.48,796,788,ALLOW,4,4,2.26,2.26,0.0,EMA->NET_BASKET_BE,EMA->NET_BASKET_BE,0,0,0,0,0,0,0,0,1,1,0,0,1,1,68.55,68.55,0.01,0.01,433,433,300.00,300.00,1,1,0,0,1,1
2016.06.24 04:39:00,BUY,1326.20,797,789,NONE,2,2,26.05,26.05,0.0,EMA->TP2,EMA->TP2,0,0,1,1,0,0,1,1,1,1,0,0,1,1,34.82,34.82,0.01,0.01,7686,7686,300.00,300.00,0,0,0,0,1,1
2016.06.29 17:43:00,BUY,1323.60,798,790,NONE,1,1,2.27,2.27,0.0,EMA->TP1,EMA->TP1,0,0,1,1,1,1,0,0,1,1,0,0,1,1,1.22,1.22,0.00,0.00,54,54,300.00,300.00,0,0,0,0,1,1
2016.06.30 03:41:00,BUY,1315.33,799,791,NONE,2,2,2.51,2.51,0.0,EMA->TP2,EMA->TP2,0,0,1,1,0,0,1,1,1,1,0,0,1,1,5.85,5.85,0.00,0.00,219,219,300.00,300.00,0,0,0,0,1,1
2016.07.01 02:39:00,BUY,1328.17,800,792,NONE,1,1,2.55,2.55,0.0,EMA->TP1,EMA->TP1,0,0,1,1,1,1,0,0,1,1,0,0,1,1,1.12,1.12,0.00,0.00,48,48,300.00,300.00,0,0,0,0,1,1
2016.07.04 06:34:00,BUY,1353.14,801,793,NONE,2,2,4.02,4.02,0.0,EMA->TP2,EMA->TP2,0,0,1,1,0,0,1,1,1,1,0,0,1,1,18.66,18.66,0.00,0.00,210,210,300.00,300.00,0,0,0,0,1,1
2016.07.05 12:38:00,BUY,1347.25,802,794,NONE,1,1,2.36,2.36,0.0,EMA->TP1,EMA->TP1,0,0,1,1,1,1,0,0,1,1,0,0,1,1,1.55,1.55,0.00,0.00,32,32,300.00,300.00,0,0,0,0,1,1
2016.07.06 07:30:00,BUY,1365.18,803,795,NONE,1,1,2.06,2.06,0.0,EMA->TP1,EMA->TP1,0,0,1,1,1,1,0,0,1,1,0,0,1,1,1.37,1.37,0.00,0.00,30,30,300.00,300.00,0,0,0,0,1,1
2016.07.06 11:14:00,BUY,1372.56,804,796,NONE,3,3,6.14,6.14,0.0,EMA->TP3,EMA->TP3,0,0,1,1,0,0,0,0,1,1,0,0,1,1,26.35,26.35,0.01,0.01,151,151,300.00,300.00,0,0,0,0,1,1
2016.07.06 15:22:00,BUY,1367.91,805,797,NONE,2,2,7.59,7.59,0.0,EMA->TP2,EMA->TP2,0,0,1,1,0,0,1,1,1,1,0,0,1,1,15.39,15.39,0.00,0.00,457,457,300.00,300.00,0,0,0,0,1,1
2016.07.07 18:07:00,BUY,1358.83,806,798,NONE,1,1,2.23,2.23,0.0,EMA->TP1,EMA->TP1,0,0,1,1,1,1,0,0,1,1,0,0,1,1,2.67,2.67,0.00,0.00,55,55,300.00,300.00,0,0,0,0,1,1
2016.07.07 22:16:00,BUY,1359.72,807,799,NONE,1,1,2.0,2.0,0.0,EMA->TP1,EMA->TP1,0,0,1,1,1,1,0,0,1,1,0,0,1,1,1.0,1.0,0.00,0.00,37,37,300.00,300.00,0,0,0,0,1,1
2016.07.08 01:26:00,BUY,1356.71,808,800,NONE,1,1,4.08,4.08,0.0,EMA->TP1,EMA->TP1,0,0,1,1,1,1,0,0,1,1,0,0,1,1,5.92,5.92,0.00,0.00,659,659,300.00,300.00,0,0,0,0,1,1
2016.07.08 18:02:00,SELL,1359.83,809,801,ALLOW,4,4,2.51,2.51,0.0,NET_BASKET_BE,NET_BASKET_BE,0,0,0,0,0,0,0,0,0,0,0,0,1,1,73.04,73.04,0.01,0.01,3242,3242,300.00,300.00,1,1,0,0,1,1
2016.07.11 10:27:00,BUY,1359.51,810,802,NONE,3,3,3.53,3.53,0.0,EMA->TP3,EMA->TP3,0,0,1,1,0,0,0,0,1,1,0,0,1,1,10.87,10.87,0.00,0.00,58,58,300.00,300.00,0,0,0,0,1,1
2016.07.11 14:01:00,BUY,1357.59,811,803,ALLOW,4,4,2.6,2.6,0.0,EMA->NET_BASKET_BE,EMA->NET_BASKET_BE,0,0,0,0,0,0,0,0,1,1,0,0,1,1,267.05,267.05,0.05,0.05,23360,23360,300.00,300.00,1,1,0,0,1,1
2016.07.27 22:08:01,BUY,1339.30,812,804,NONE,2,2,2.0,2.0,0.0,EMA->TP2,EMA->TP2,0,0,1,1,0,0,1,1,1,1,0,0,1,1,7.48,7.48,0.00,0.00,422,422,300.00,300.00,0,0,0,0,1,1
2016.07.28 08:59:00,BUY,1341.94,813,805,NONE,2,2,2.02,2.02,0.0,EMA->TP2,EMA->TP2,0,0,1,1,0,0,1,1,1,1,0,0,1,1,7.47,7.47,0.00,0.00,139,139,300.00,300.00,0,0,0,0,1,1
2016.07.29 17:01:00,BUY,1347.40,814,806,NONE,1,1,2.59,2.59,0.0,EMA->TP1,EMA->TP1,0,0,1,1,1,1,0,0,1,1,0,0,1,1,0.64,0.64,0.00,0.00,28,28,300.00,300.00,0,0,0,0,1,1
2016.08.01 05:00:00,BUY,1350.63,815,807,NONE,3,3,3.27,3.27,0.0,EMA->TP3,EMA->TP3,0,0,1,1,0,0,0,0,1,1,0,0,1,1,11.89,11.89,0.00,0.00,160,160,300.00,300.00,0,0,0,0,1,1
2016.08.02 15:34:00,BUY,1366.39,816,808,NONE,2,2,2.77,2.77,0.0,EMA->TP2,EMA->TP2,0,0,1,1,0,0,1,1,1,1,0,0,1,1,3.5,3.5,0.00,0.00,107,107,300.00,300.00,0,0,0,0,1,1
2016.08.04 12:23:00,SELL,1360.66,817,809,NONE,2,2,2.62,2.62,0.0,TP2,TP2,0,0,1,1,0,0,1,1,0,0,0,0,1,1,10.05,10.05,0.00,0.00,65,65,300.00,300.00,0,0,0,0,1,1
2016.08.08 00:37:00,SELL,1333.70,818,810,NONE,2,2,2.11,2.11,0.0,EMA->TP2,EMA->TP2,0,0,1,1,0,0,1,1,1,1,0,0,1,1,10.02,10.02,0.00,0.00,187,187,300.00,300.00,0,0,0,0,1,1
2016.08.08 06:06:02,BUY,1336.72,819,811,NONE,3,3,3.18,3.18,0.0,EMA->TP3,EMA->TP3,0,0,1,1,0,0,0,0,1,1,0,0,1,1,29.12,29.12,0.01,0.01,374,374,300.00,300.00,0,0,0,0,1,1
2016.08.09 07:19:00,BUY,1331.18,820,812,NONE,1,1,2.03,2.03,0.0,TP1->EMA->TP1,TP1->EMA->TP1,0,0,1,1,1,1,0,0,1,1,0,0,1,1,1.77,1.77,0.00,0.00,73,73,300.00,300.00,0,0,0,0,1,1
2016.08.09 18:47:01,SELL,1341.47,821,813,NONE,1,1,2.01,2.01,0.0,TP1->EMA->TP1,TP1->EMA->TP1,0,0,1,1,1,1,0,0,1,1,0,0,1,1,0.97,0.97,0.00,0.00,81,81,300.00,300.00,0,0,0,0,1,1
2016.08.10 02:45:00,BUY,1348.64,822,814,NONE,1,1,2.06,2.06,0.0,EMA->TP1,EMA->TP1,0,0,1,1,1,1,0,0,1,1,0,0,1,1,0.78,0.78,0.00,0.00,96,96,300.00,300.00,0,0,0,0,1,1
2016.08.10 17:44:00,SELL,1346.77,823,815,NONE,2,2,2.18,2.18,0.0,EMA->TP2,EMA->TP2,0,0,1,1,0,0,1,1,1,1,0,0,1,1,3.32,3.32,0.00,0.00,382,382,300.00,300.00,0,0,0,0,1,1
2016.08.11 01:48:00,BUY,1342.99,824,816,NONE,1,1,3.1,3.1,0.0,EMA->TP1,EMA->TP1,0,0,1,1,1,1,0,0,1,1,0,0,1,1,4.2,4.2,0.00,0.00,347,347,300.00,300.00,0,0,0,0,1,1
2016.08.11 14:47:00,SELL,1350.65,825,817,NONE,2,2,2.33,2.33,0.0,TP2,TP2,0,0,1,1,0,0,1,1,0,0,0,0,1,1,4.39,4.39,0.00,0.00,29,29,300.00,300.00,0,0,0,0,1,1
2016.08.12 07:24:00,SELL,1339.44,826,818,NONE,1,1,2.01,2.01,0.0,EMA->TP1,EMA->TP1,0,0,1,1,1,1,0,0,1,1,0,0,1,1,1.56,1.56,0.00,0.00,99,99,300.00,300.00,0,0,0,0,1,1
2016.08.12 12:49:00,SELL,1353.42,827,819,NONE,1,1,15.98,15.98,0.0,TP1->EMA->TP1,TP1->EMA->TP1,0,0,1,1,1,1,0,0,1,1,0,0,1,1,3.94,3.94,0.00,0.00,251,251,300.00,300.00,0,0,0,0,1,1
2016.08.12 18:59:00,BUY,1335.05,828,820,NONE,1,1,2.04,2.04,0.0,TP1,TP1,0,0,1,1,1,1,0,0,0,0,0,0,1,1,0.95,0.95,0.00,0.00,91,91,300.00,300.00,0,0,0,0,1,1
2016.08.15 02:06:04,SELL,1338.52,829,821,NONE,3,3,2.02,2.02,0.0,EMA->TP3,EMA->TP3,0,0,1,1,0,0,0,0,1,1,0,0,1,1,10.83,10.83,0.00,0.00,356,356,300.00,300.00,0,0,0,0,1,1
2016.08.15 08:48:00,BUY,1338.82,830,822,NONE,2,2,2.03,2.03,0.0,TP2,TP2,0,0,1,1,0,0,1,1,0,0,0,0,1,1,1.93,1.93,0.00,0.00,9,9,300.00,300.00,0,0,0,0,1,1
2016.08.15 18:58:06,BUY,1340.63,831,823,NONE,2,2,2.25,2.25,0.0,EMA->TP2,EMA->TP2,0,0,1,1,0,0,1,1,1,1,0,0,1,1,4.94,4.94,0.00,0.00,215,215,300.00,300.00,0,0,0,0,1,1
2016.08.16 12:35:00,SELL,1354.86,832,824,NONE,1,1,8.71,8.71,0.0,EMA->TP1,EMA->TP1,0,0,1,1,1,1,0,0,1,1,0,0,1,1,1.29,1.29,0.00,0.00,7,7,300.00,300.00,0,0,0,0,1,1
2016.08.16 16:07:00,BUY,1346.96,833,825,NONE,1,1,2.51,2.51,0.0,EMA->TP1,EMA->TP1,0,0,1,1,1,1,0,0,1,1,0,0,1,1,1.27,1.27,0.00,0.00,55,55,300.00,300.00,0,0,0,0,1,1
2016.08.16 18:38:04,BUY,1348.95,834,826,ALLOW,5,5,2.5,2.5,0.0,EMA->TP2->NET_BASKET_BE,EMA->TP2->NET_BASKET_BE,0,0,0,0,0,0,1,1,1,1,1,1,1,1,131.42,131.42,0.03,0.03,1406,1406,300.00,300.00,1,1,0,0,1,1
2016.08.17 19:00:00,BUY,1346.29,835,827,NONE,1,1,3.82,3.82,0.0,EMA->TP1,EMA->TP1,0,0,1,1,1,1,0,0,1,1,0,0,1,1,1.86,1.86,0.00,0.00,205,205,300.00,300.00,0,0,0,0,1,1
2016.08.19 00:38:01,BUY,1347.14,836,828,NONE,1,1,2.05,2.05,0.0,TP1->EMA->TP1,TP1->EMA->TP1,0,0,1,1,1,1,0,0,1,1,0,0,1,1,3.2,3.2,0.00,0.00,284,284,300.00,300.00,0,0,0,0,1,1
2016.08.19 10:39:02,BUY,1346.64,837,829,NONE,3,3,7.27,7.27,0.0,EMA->TP3,EMA->TP3,0,0,1,1,0,0,0,0,1,1,0,0,1,1,31.54,31.54,0.01,0.01,179,179,300.00,300.00,0,0,0,0,1,1
2016.08.19 13:52:01,SELL,1343.41,838,830,NONE,2,2,3.46,3.46,0.0,EMA->TP2,EMA->TP2,0,0,1,1,0,0,1,1,1,1,0,0,1,1,9.14,9.14,0.00,0.00,90,90,300.00,300.00,0,0,0,0,1,1
2016.08.19 15:41:02,BUY,1342.85,839,831,NONE,2,2,2.59,2.59,0.0,EMA->TP2,EMA->TP2,0,0,1,1,0,0,1,1,1,1,0,0,1,1,4.28,4.28,0.00,0.00,112,112,300.00,300.00,0,0,0,0,1,1
2016.08.22 06:22:00,SELL,1333.05,840,832,NONE,3,3,2.94,2.94,0.0,EMA->TP3,EMA->TP3,0,0,1,1,0,0,0,0,1,1,0,0,1,1,14.06,14.06,0.00,0.00,346,346,300.00,300.00,0,0,0,0,1,1
2016.08.22 14:21:00,BUY,1336.95,841,833,NONE,1,1,2.33,2.33,0.0,EMA->TP1,EMA->TP1,0,0,1,1,1,1,0,0,1,1,0,0,1,1,1.6,1.6,0.00,0.00,66,66,300.00,300.00,0,0,0,0,1,1
2016.08.23 19:21:00,BUY,1339.46,842,834,NONE,3,3,2.22,2.22,0.0,TP3,TP3,0,0,1,1,0,0,0,0,0,0,0,0,1,1,7.08,7.08,0.00,0.00,38,38,300.00,300.00,0,0,0,0,1,1
2016.08.24 08:11:01,BUY,1336.97,843,835,NONE,1,1,2.04,2.04,0.0,EMA->TP1,EMA->TP1,0,0,1,1,1,1,0,0,1,1,0,0,1,1,0.37,0.37,0.00,0.00,7,7,300.00,300.00,0,0,0,0,1,1
2016.08.25 09:00:01,BUY,1326.87,844,836,ALLOW,5,5,2.06,2.06,0.0,EMA->NET_BASKET_BE,EMA->NET_BASKET_BE,0,0,0,0,0,0,0,0,1,1,1,1,1,1,79.32,79.32,0.02,0.02,372,372,300.00,300.00,1,1,0,0,1,1
2016.08.26 20:10:00,BUY,1321.21,845,837,NONE,3,3,2.28,2.28,0.0,TP3->EMA->TP3,TP3->EMA->TP3,0,0,1,1,0,0,0,0,1,1,0,0,1,1,13.66,13.66,0.00,0.00,3069,3069,300.00,300.00,0,0,0,0,1,1
2016.08.29 06:39:00,BUY,1318.87,846,838,NONE,2,2,2.05,2.05,0.0,EMA->TP2,EMA->TP2,0,0,1,1,0,0,1,1,1,1,0,0,1,1,3.44,3.44,0.00,0.00,68,68,300.00,300.00,0,0,0,0,1,1
2016.08.29 09:35:00,BUY,1320.25,847,839,NONE,2,2,2.78,2.78,0.0,EMA->TP2,EMA->TP2,0,0,1,1,0,0,1,1,1,1,0,0,1,1,7.21,7.21,0.00,0.00,61,61,300.00,300.00,0,0,0,0,1,1
2016.08.29 20:31:10,BUY,1323.05,848,840,NONE,2,2,2.1,2.1,0.0,TP2->EMA->TP2,TP2->EMA->TP2,0,0,1,1,0,0,1,1,1,1,0,0,1,1,2.55,2.55,0.00,0.00,23,23,300.00,300.00,0,0,0,0,1,1
2016.08.30 01:50:00,BUY,1323.46,849,841,NONE,2,2,2.01,2.01,0.0,TP2->EMA->TP2,TP2->EMA->TP2,0,0,1,1,0,0,1,1,1,1,0,0,1,1,1.98,1.98,0.00,0.00,23,23,300.00,300.00,0,0,0,0,1,1
2016.08.31 15:32:01,BUY,1307.65,850,842,NONE,1,1,2.34,2.34,0.0,EMA->TP1,EMA->TP1,0,0,1,1,1,1,0,0,1,1,0,0,1,1,2.33,2.33,0.00,0.00,392,392,300.00,300.00,0,0,0,0,1,1
2016.09.01 03:16:01,BUY,1310.04,851,843,ALLOW,5,5,3.6,3.6,0.0,EMA->NET_BASKET_BE,EMA->NET_BASKET_BE,0,0,0,0,0,0,0,0,1,1,1,1,1,1,72.31,72.31,0.01,0.01,589,589,300.00,300.00,1,1,0,0,1,1
2016.09.02 06:18:00,BUY,1311.96,852,844,NONE,2,2,2.09,2.09,0.0,TP2,TP2,0,0,1,1,0,0,1,1,0,0,0,0,1,1,4.03,4.03,0.00,0.00,66,66,300.00,300.00,0,0,0,0,1,1
2016.09.02 11:03:00,BUY,1311.39,853,845,NONE,1,1,2.0,2.0,0.0,EMA->TP1,EMA->TP1,0,0,1,1,1,1,0,0,1,1,0,0,1,1,0.92,0.92,0.00,0.00,35,35,300.00,300.00,0,0,0,0,1,1
2016.09.02 13:33:00,SELL,1323.23,854,846,NONE,1,1,3.59,3.59,0.0,EMA->TP1,EMA->TP1,0,0,1,1,1,1,0,0,1,1,0,0,1,1,3.27,3.27,0.00,0.00,43,43,300.00,300.00,0,0,0,0,1,1
2016.09.04 23:30:00,BUY,1323.88,855,847,NONE,2,2,2.0,2.0,0.0,TP2->EMA->TP2,TP2->EMA->TP2,0,0,1,1,0,0,1,1,1,1,0,0,1,1,2.5,2.5,0.00,0.00,37,37,300.00,300.00,0,0,0,0,1,1
2016.09.05 10:42:02,SELL,1326.46,856,848,NONE,2,2,2.08,2.08,0.0,EMA->TP2,EMA->TP2,0,0,1,1,0,0,1,1,1,1,0,0,1,1,2.85,2.85,0.00,0.00,109,109,300.00,300.00,0,0,0,0,1,1
2016.09.05 23:08:02,BUY,1327.12,857,849,NONE,2,2,2.18,2.18,0.0,EMA->TP2->TP1->TP2,EMA->TP2->TP1->TP2,0,0,1,1,1,1,1,1,1,1,0,0,1,1,1.96,1.96,0.00,0.00,11,11,300.00,300.00,0,0,0,0,1,1
2016.09.05 23:37:00,SELL,1327.65,858,850,NONE,1,1,2.01,2.01,0.0,EMA->TP1,EMA->TP1,0,0,1,1,1,1,0,0,1,1,0,0,1,1,1.47,1.47,0.00,0.00,135,135,300.00,300.00,0,0,0,0,1,1
2016.09.06 15:36:00,BUY,1340.30,859,851,NONE,1,1,2.02,2.02,0.0,EMA->TP1,EMA->TP1,0,0,1,1,1,1,0,0,1,1,0,0,1,1,0.67,0.67,0.00,0.00,40,40,300.00,300.00,0,0,0,0,1,1
2016.09.06 23:33:00,BUY,1349.01,860,852,NONE,1,1,2.09,2.09,0.0,EMA->TP1,EMA->TP1,0,0,1,1,1,1,0,0,1,1,0,0,1,1,3.23,3.23,0.00,0.00,220,220,300.00,300.00,0,0,0,0,1,1
2016.09.09 15:50:00,BUY,1333.66,861,853,ALLOW,4,4,2.26,2.26,0.0,EMA->NET_BASKET_BE,EMA->NET_BASKET_BE,0,0,0,0,0,0,0,0,1,1,0,0,1,1,47.01,47.01,0.01,0.01,3790,3790,300.00,300.00,1,1,0,0,1,1
2016.09.12 07:12:00,SELL,1329.52,862,854,NONE,1,1,2.0,2.0,0.0,EMA->TP1,EMA->TP1,0,0,1,1,1,1,0,0,1,1,0,0,1,1,0.87,0.87,0.00,0.00,44,44,300.00,300.00,0,0,0,0,1,1
2016.09.12 15:40:00,BUY,1323.15,863,855,NONE,2,2,2.58,2.58,0.0,TP2,TP2,0,0,1,1,0,0,1,1,0,0,0,0,1,1,4.8,4.8,0.00,0.00,94,94,300.00,300.00,0,0,0,0,1,1
2016.09.13 06:53:00,BUY,1329.06,864,856,NONE,2,2,2.06,2.06,0.0,EMA->TP1->TP2,EMA->TP1->TP2,0,0,1,1,1,1,1,1,1,1,0,0,1,1,5.54,5.54,0.00,0.00,202,202,300.00,300.00,0,0,0,0,1,1
2016.09.13 14:25:00,SELL,1324.52,865,857,NONE,1,1,2.69,2.69,0.0,EMA->TP1,EMA->TP1,0,0,1,1,1,1,0,0,1,1,0,0,1,1,2.57,2.57,0.00,0.00,157,157,300.00,300.00,0,0,0,0,1,1
2016.09.14 10:22:00,BUY,1323.20,866,858,NONE,3,3,2.42,2.42,0.0,EMA->TP3,EMA->TP3,0,0,1,1,0,0,0,0,1,1,0,0,1,1,14.76,14.76,0.00,0.00,188,188,300.00,300.00,0,0,0,0,1,1
2016.09.14 17:15:00,BUY,1323.28,867,859,NONE,2,2,2.01,2.01,0.0,EMA->TP2,EMA->TP2,0,0,1,1,0,0,1,1,1,1,0,0,1,1,13.49,13.49,0.00,0.00,1139,1139,300.00,300.00,0,0,0,0,1,1
2016.09.15 16:51:00,BUY,1316.06,868,860,NONE,2,2,4.26,4.26,0.0,EMA->TP2,EMA->TP2,0,0,1,1,0,0,1,1,1,1,0,0,1,1,8.07,8.07,0.00,0.00,322,322,300.00,300.00,0,0,0,0,1,1
2016.09.16 10:13:00,BUY,1313.13,869,861,NONE,2,2,2.01,2.01,0.0,TP2,TP2,0,0,1,1,0,0,1,1,0,0,0,0,1,1,4.41,4.41,0.00,0.00,67,67,300.00,300.00,0,0,0,0,1,1
2016.09.16 13:11:00,BUY,1310.80,870,862,NONE,2,2,4.15,4.15,0.0,EMA->TP2,EMA->TP2,0,0,1,1,0,0,1,1,1,1,0,0,1,1,10.98,10.98,0.00,0.00,92,92,300.00,300.00,0,0,0,0,1,1
2016.09.19 00:35:00,BUY,1310.75,871,863,NONE,2,2,2.04,2.04,0.0,EMA->TP2,EMA->TP2,0,0,1,1,0,0,1,1,1,1,0,0,1,1,2.17,2.17,0.00,0.00,26,26,300.00,300.00,0,0,0,0,1,1
2016.09.19 03:45:01,BUY,1314.78,872,864,NONE,1,1,2.0,2.0,0.0,EMA->TP1,EMA->TP1,0,0,1,1,1,1,0,0,1,1,0,0,1,1,0.71,0.71,0.00,0.00,139,139,300.00,300.00,0,0,0,0,1,1
2016.09.21 10:20:00,SELL,1320.49,873,865,ALLOW,4,4,2.04,2.04,0.0,EMA->NET_BASKET_BE,EMA->NET_BASKET_BE,0,0,0,0,0,0,0,0,1,1,0,0,1,1,58.2,58.2,0.01,0.01,187,187,300.00,300.00,1,1,0,0,1,1
2016.09.22 05:23:02,SELL,1333.25,874,866,NONE,2,2,2.0,2.0,0.0,TP2->EMA->TP1->TP2,TP2->EMA->TP1->TP2,0,0,1,1,1,1,1,1,1,1,0,0,1,1,1.68,1.68,0.00,0.00,26,26,300.00,300.00,0,0,0,0,1,1
2016.09.22 06:06:00,BUY,1332.51,875,867,NONE,1,1,2.12,2.12,0.0,EMA->TP1,EMA->TP1,0,0,1,1,1,1,0,0,1,1,0,0,1,1,2.28,2.28,0.00,0.00,334,334,300.00,300.00,0,0,0,0,1,1
2016.09.22 18:04:00,BUY,1339.35,876,868,NONE,2,2,2.13,2.13,0.0,EMA->TP2,EMA->TP2,0,0,1,1,0,0,1,1,1,1,0,0,1,1,17.7,17.7,0.00,0.00,1081,1081,300.00,300.00,0,0,0,0,1,1
2016.09.27 12:43:00,BUY,1332.21,877,869,ALLOW,5,5,2.37,2.37,0.0,EMA->NET_BASKET_BE,EMA->NET_BASKET_BE,0,0,0,0,0,0,0,0,1,1,1,1,1,1,158.12,158.12,0.03,0.03,4343,4343,300.00,300.00,1,1,0,0,1,1
2016.09.30 13:17:00,SELL,1327.38,878,870,NONE,1,1,2.04,2.04,0.0,EMA->TP1,EMA->TP1,0,0,1,1,1,1,0,0,1,1,0,0,1,1,1.17,1.17,0.00,0.00,28,28,300.00,300.00,0,0,0,0,1,1
2016.10.03 20:50:00,BUY,1312.11,879,871,NONE,2,2,2.07,2.07,0.0,TP2->EMA->TP2,TP2->EMA->TP2,0,0,1,1,0,0,1,1,1,1,0,0,1,1,4.8,4.8,0.00,0.00,91,91,300.00,300.00,0,0,0,0,1,1
2016.10.04 11:31:00,BUY,1309.40,880,872,VETO,5,3,-303.55,-300.25,3.3,EMA->SL$,EMA->SL$,1,1,0,0,0,0,0,0,1,1,1,0,0,0,298.52,299.55,0.06,0.06,248,2955,300.00,300.00,0,0,0,0,1,1
2016.10.06 14:44:00,BUY,1253.71,883,873,NONE,2,2,3.01,3.01,0.0,TP2,TP2,0,0,1,1,0,0,1,1,0,0,0,0,1,1,5.28,5.28,0.00,0.00,37,37,300.00,300.00,0,0,0,0,1,1
2016.10.10 12:07:00,BUY,1260.24,884,874,NONE,2,2,2.02,2.02,0.0,TP2,TP2,0,0,1,1,0,0,1,1,0,0,0,0,1,1,6.46,6.46,0.00,0.00,53,53,300.00,300.00,0,0,0,0,1,1
2016.10.11 00:35:00,BUY,1256.40,885,875,NONE,1,1,2.03,2.03,0.0,TP1->EMA->TP1,TP1->EMA->TP1,0,0,1,1,1,1,0,0,1,1,0,0,1,1,1.38,1.38,0.00,0.00,77,77,300.00,300.00,0,0,0,0,1,1
2016.10.11 23:42:00,BUY,1254.68,886,876,NONE,1,1,2.02,2.02,0.0,EMA->TP1,EMA->TP1,0,0,1,1,1,1,0,0,1,1,0,0,1,1,3.3,3.3,0.00,0.00,258,258,300.00,300.00,0,0,0,0,1,1
2016.10.12 06:06:00,BUY,1255.73,887,877,NONE,2,2,2.16,2.16,0.0,TP2->EMA->TP2,TP2->EMA->TP2,0,0,1,1,0,0,1,1,1,1,0,0,1,1,2.55,2.55,0.00,0.00,60,60,300.00,300.00,0,0,0,0,1,1
2016.10.13 00:03:11,BUY,1254.53,888,878,NONE,2,2,2.2,2.2,0.0,EMA->TP2,EMA->TP2,0,0,1,1,0,0,1,1,1,1,0,0,1,1,3.43,3.43,0.00,0.00,77,77,300.00,300.00,0,0,0,0,1,1
2016.10.13 07:22:00,BUY,1258.32,889,879,NONE,2,2,3.05,3.05,0.0,EMA->TP1->TP2,EMA->TP1->TP2,0,0,1,1,1,1,1,1,1,1,0,0,1,1,8.93,8.93,0.00,0.00,343,343,300.00,300.00,0,0,0,0,1,1
2016.10.14 20:01:00,BUY,1252.27,890,880,NONE,2,2,2.05,2.05,0.0,TP2->EMA->TP2,TP2->EMA->TP2,0,0,1,1,0,0,1,1,1,1,0,0,1,1,6.08,6.08,0.00,0.00,3054,3054,300.00,300.00,0,0,0,0,1,1
2016.10.17 16:31:00,BUY,1256.12,891,881,NONE,1,1,3.71,3.71,0.0,EMA->TP1,EMA->TP1,0,0,1,1,1,1,0,0,1,1,0,0,1,1,3.31,3.31,0.00,0.00,676,676,300.00,300.00,0,0,0,0,1,1
2016.10.18 06:00:00,BUY,1258.53,892,882,NONE,1,1,2.0,2.0,0.0,EMA->TP1,EMA->TP1,0,0,1,1,1,1,0,0,1,1,0,0,1,1,0.71,0.71,0.00,0.00,22,22,300.00,300.00,0,0,0,0,1,1
2016.10.18 15:20:00,SELL,1261.14,893,883,NONE,2,2,3.35,3.35,0.0,TP2->EMA->TP2,TP2->EMA->TP2,0,0,1,1,0,0,1,1,1,1,0,0,1,1,9.88,9.88,0.00,0.00,820,820,300.00,300.00,0,0,0,0,1,1
2016.10.19 09:08:01,SELL,1263.84,894,884,ALLOW,5,5,2.16,2.16,0.0,TP3->NET_BASKET_BE,TP3->NET_BASKET_BE,0,0,0,0,0,0,0,0,0,0,1,1,1,1,122.07,122.07,0.02,0.02,1807,1807,300.00,300.00,1,1,0,0,1,1
2016.10.20 17:24:00,BUY,1266.72,895,885,ALLOW,4,4,2.47,2.47,0.0,EMA->TP1->TP3->NET_BASKET_BE,EMA->TP1->TP3->NET_BASKET_BE,0,0,0,0,1,1,0,0,1,1,0,0,1,1,46.1,46.1,0.01,0.01,1048,1048,300.00,300.00,1,1,0,0,1,1
2016.10.21 13:16:00,SELL,1267.38,896,886,NONE,1,1,2.08,2.08,0.0,EMA->TP1,EMA->TP1,0,0,1,1,1,1,0,0,1,1,0,0,1,1,1.25,1.25,0.00,0.00,73,73,300.00,300.00,0,0,0,0,1,1
2016.10.25 07:56:00,SELL,1267.99,897,887,NONE,2,2,2.31,2.31,0.0,TP2->EMA->TP2,TP2->EMA->TP2,0,0,1,1,0,0,1,1,1,1,0,0,1,1,9.41,9.41,0.00,0.00,306,306,300.00,300.00,0,0,0,0,1,1
2016.10.25 13:13:00,BUY,1268.18,898,888,NONE,1,1,2.77,2.77,0.0,EMA->TP1,EMA->TP1,0,0,1,1,1,1,0,0,1,1,0,0,1,1,2.25,2.25,0.00,0.00,107,107,300.00,300.00,0,0,0,0,1,1
2016.10.26 08:42:00,BUY,1274.34,899,889,NONE,3,3,3.55,3.55,0.0,EMA->TP3,EMA->TP3,0,0,1,1,0,0,0,0,1,1,0,0,1,1,16.13,16.13,0.00,0.00,278,278,300.00,300.00,0,0,0,0,1,1
2016.10.26 15:30:00,BUY,1269.22,900,890,NONE,3,3,2.32,2.32,0.0,EMA->TP3->TP2->TP3,EMA->TP3->TP2->TP3,0,0,1,1,0,0,1,1,1,1,0,0,1,1,27.74,27.74,0.01,0.01,990,990,300.00,300.00,0,0,0,0,1,1
2016.10.27 12:44:00,SELL,1271.39,901,891,NONE,1,1,2.88,2.88,0.0,EMA->TP1,EMA->TP1,0,0,1,1,1,1,0,0,1,1,0,0,1,1,1.65,1.65,0.00,0.00,53,53,300.00,300.00,0,0,0,0,1,1
2016.10.27 14:05:00,BUY,1267.44,902,892,NONE,1,1,2.28,2.28,0.0,EMA->TP1,EMA->TP1,0,0,1,1,1,1,0,0,1,1,0,0,1,1,1.61,1.61,0.00,0.00,42,42,300.00,300.00,0,0,0,0,1,1
2016.10.27 16:55:00,SELL,1268.46,903,893,NONE,2,2,2.13,2.13,0.0,EMA->TP2,EMA->TP2,0,0,1,1,0,0,1,1,1,1,0,0,1,1,5.55,5.55,0.00,0.00,411,411,300.00,300.00,0,0,0,0,1,1
2016.10.28 01:54:00,SELL,1270.18,904,894,NONE,2,2,2.02,2.02,0.0,TP2->EMA->TP2,TP2->EMA->TP2,0,0,1,1,0,0,1,1,1,1,0,0,1,1,4.41,4.41,0.00,0.00,235,235,300.00,300.00,0,0,0,0,1,1
2016.10.28 08:21:00,BUY,1266.99,905,895,NONE,2,2,2.0,2.0,0.0,TP2,TP2,0,0,1,1,0,0,1,1,0,0,0,0,1,1,2.43,2.43,0.00,0.00,163,163,300.00,300.00,0,0,0,0,1,1
2016.10.28 19:17:00,SELL,1278.00,906,896,NONE,1,1,2.01,2.01,0.0,TP1,TP1,0,0,1,1,1,1,0,0,0,0,0,0,1,1,0.87,0.87,0.00,0.00,17,17,300.00,300.00,0,0,0,0,1,1
2016.11.03 00:13:00,BUY,1297.72,907,897,NONE,1,1,2.25,2.25,0.0,EMA->TP1,EMA->TP1,0,0,1,1,1,1,0,0,1,1,0,0,1,1,1.39,1.39,0.00,0.00,63,63,300.00,300.00,0,0,0,0,1,1
2016.11.03 11:45:00,BUY,1287.54,908,898,NONE,1,1,5.01,5.01,0.0,TP1,TP1,0,0,1,1,1,1,0,0,0,0,0,0,1,1,1.0,1.0,0.00,0.00,75,75,300.00,300.00,0,0,0,0,1,1
2016.11.04 00:06:00,BUY,1302.39,909,899,NONE,3,3,4.59,4.59,0.0,EMA->TP1->TP3,EMA->TP1->TP3,0,0,1,1,1,1,0,0,1,1,0,0,1,1,33.35,33.35,0.01,0.01,486,486,300.00,300.00,0,0,0,0,1,1
2016.11.07 02:45:00,BUY,1292.58,910,900,NONE,3,3,2.03,2.03,0.0,TP3,TP3,0,0,1,1,0,0,0,0,0,0,0,0,1,1,6.03,6.03,0.00,0.00,39,39,300.00,300.00,0,0,0,0,1,1
2016.11.07 11:01:00,BUY,1288.50,911,901,NONE,2,2,4.15,4.15,0.0,EMA->TP2,EMA->TP2,0,0,1,1,0,0,1,1,1,1,0,0,1,1,22.55,22.55,0.00,0.00,1711,1711,300.00,300.00,0,0,0,0,1,1
2016.11.09 03:18:00,SELL,1310.74,912,902,NONE,2,2,32.75,32.75,0.0,TP2,TP2,0,0,1,1,0,0,1,1,0,0,0,0,1,1,40.55,40.55,0.01,0.01,176,176,300.00,300.00,0,0,0,0,1,1
2016.11.09 11:46:00,BUY,1302.69,913,903,NONE,2,2,7.98,7.98,0.0,TP2,TP2,0,0,1,1,0,0,1,1,0,0,0,0,1,1,7.29,7.29,0.00,0.00,96,96,300.00,300.00,0,0,0,0,1,1
2016.11.09 20:48:00,SELL,1274.66,914,904,NONE,2,2,2.89,2.89,0.0,EMA->TP2,EMA->TP2,0,0,1,1,0,0,1,1,1,1,0,0,1,1,9.1,9.1,0.00,0.00,184,184,300.00,300.00,0,0,0,0,1,1
2016.11.10 12:05:00,SELL,1281.72,915,905,NONE,1,1,2.64,2.64,0.0,EMA->TP1,EMA->TP1,0,0,1,1,1,1,0,0,1,1,0,0,1,1,1.36,1.36,0.00,0.00,23,23,300.00,300.00,0,0,0,0,1,1
2016.11.10 21:54:00,SELL,1259.35,916,906,NONE,2,2,2.09,2.09,0.0,EMA->TP1->TP2,EMA->TP1->TP2,0,0,1,1,1,1,1,1,1,1,0,0,1,1,4.99,4.99,0.00,0.00,80,80,300.00,300.00,0,0,0,0,1,1
2016.11.11 00:04:01,SELL,1260.59,917,907,NONE,3,3,2.88,2.88,0.0,EMA->TP3,EMA->TP3,0,0,1,1,0,0,0,0,1,1,0,0,1,1,14.13,14.13,0.00,0.00,76,76,300.00,300.00,0,0,0,0,1,1
2016.11.15 00:14:00,BUY,1227.20,918,908,NONE,2,2,11.05,11.05,0.0,EMA->TP2,EMA->TP2,0,0,1,1,0,0,1,1,1,1,0,0,1,1,15.16,15.16,0.00,0.00,871,871,300.00,300.00,0,0,0,0,1,1
2016.11.15 15:44:00,BUY,1225.00,919,909,NONE,1,1,3.62,3.62,0.0,EMA->TP1,EMA->TP1,0,0,1,1,1,1,0,0,1,1,0,0,1,1,4.31,4.31,0.00,0.00,371,371,300.00,300.00,0,0,0,0,1,1
2016.11.15 23:53:00,BUY,1226.93,920,910,NONE,1,1,2.04,2.04,0.0,EMA->TP1,EMA->TP1,0,0,1,1,1,1,0,0,1,1,0,0,1,1,1.93,1.93,0.00,0.00,76,76,300.00,300.00,0,0,0,0,1,1
2016.11.18 04:49:00,BUY,1208.28,921,911,NONE,2,2,2.0,2.0,0.0,EMA->TP2,EMA->TP2,0,0,1,1,0,0,1,1,1,1,0,0,1,1,4.12,4.12,0.00,0.00,101,101,300.00,300.00,0,0,0,0,1,1
2016.11.18 08:26:01,BUY,1205.56,922,912,NONE,1,1,2.4,2.4,0.0,EMA->TP1,EMA->TP1,0,0,1,1,1,1,0,0,1,1,0,0,1,1,1.93,1.93,0.00,0.00,24,24,300.00,300.00,0,0,0,0,1,1
2016.11.22 12:55:00,BUY,1215.25,923,913,NONE,2,2,2.92,2.92,0.0,EMA->TP2,EMA->TP2,0,0,1,1,0,0,1,1,1,1,0,0,1,1,4.65,4.65,0.00,0.00,75,75,300.00,300.00,0,0,0,0,1,1
2016.11.22 14:45:00,BUY,1212.39,924,914,NONE,2,2,6.93,6.93,0.0,TP2,TP2,0,0,1,1,0,0,1,1,0,0,0,0,1,1,6.14,6.14,0.00,0.00,141,141,300.00,300.00,0,0,0,0,1,1
2016.11.29 15:54:00,BUY,1189.07,925,915,NONE,2,2,4.81,4.81,0.0,EMA->TP2,EMA->TP2,0,0,1,1,0,0,1,1,1,1,0,0,1,1,7.0,7.0,0.00,0.00,66,66,300.00,300.00,0,0,0,0,1,1
2016.11.30 20:56:00,BUY,1172.96,926,916,NONE,3,3,21.48,21.48,0.0,EMA->TP3->TP1->TP2->TP3,EMA->TP3->TP1->TP2->TP3,0,0,1,1,1,1,1,1,1,1,0,0,1,1,15.42,15.42,0.00,0.00,544,544,300.00,300.00,0,0,0,0,1,1
2016.12.01 13:01:00,BUY,1168.55,927,917,NONE,1,1,2.04,2.04,0.0,EMA->TP1,EMA->TP1,0,0,1,1,1,1,0,0,1,1,0,0,1,1,1.76,1.76,0.00,0.00,31,31,300.00,300.00,0,0,0,0,1,1
2016.12.05 15:28:00,BUY,1160.13,928,918,NONE,1,1,3.0,3.0,0.0,TP1,TP1,0,0,1,1,1,1,0,0,0,0,0,0,1,1,0.95,0.95,0.00,0.00,15,15,300.00,300.00,0,0,0,0,1,1
2016.12.05 21:47:04,BUY,1170.57,929,919,NONE,2,2,2.1,2.1,0.0,EMA->TP2->TP1->TP2,EMA->TP2->TP1->TP2,0,0,1,1,1,1,1,1,1,1,0,0,1,1,7.42,7.42,0.00,0.00,187,187,300.00,300.00,0,0,0,0,1,1
2016.12.06 13:27:00,BUY,1172.30,930,920,NONE,2,2,3.61,3.61,0.0,EMA->TP2,EMA->TP2,0,0,1,1,0,0,1,1,1,1,0,0,1,1,4.47,4.47,0.00,0.00,57,57,300.00,300.00,0,0,0,0,1,1
2016.12.07 19:58:00,BUY,1174.09,931,921,NONE,2,2,2.03,2.03,0.0,EMA->TP2->TP1->TP2,EMA->TP2->TP1->TP2,0,0,1,1,1,1,1,1,1,1,0,0,1,1,5.73,5.73,0.00,0.00,263,263,300.00,300.00,0,0,0,0,1,1
2016.12.08 01:26:00,SELL,1176.29,932,922,NONE,2,2,2.06,2.06,0.0,EMA->TP2,EMA->TP2,0,0,1,1,0,0,1,1,1,1,0,0,1,1,6.24,6.24,0.00,0.00,238,238,300.00,300.00,0,0,0,0,1,1
2016.12.08 05:34:00,SELL,1177.36,933,923,NONE,1,1,2.44,2.44,0.0,EMA->TP1,EMA->TP1,0,0,1,1,1,1,0,0,1,1,0,0,1,1,0.81,0.81,0.00,0.00,100,100,300.00,300.00,0,0,0,0,1,1
2016.12.09 13:56:00,BUY,1168.11,934,924,ALLOW,4,4,2.14,2.14,0.0,EMA->NET_BASKET_BE,EMA->NET_BASKET_BE,0,0,0,0,0,0,0,0,1,1,0,0,1,1,99.05,99.05,0.02,0.02,4339,4339,300.00,300.00,1,1,0,0,1,1
2016.12.12 21:41:15,BUY,1162.53,935,925,NONE,2,2,2.48,2.48,0.0,EMA->TP2->TP1->TP2,EMA->TP2->TP1->TP2,0,0,1,1,1,1,1,1,1,1,0,0,1,1,5.29,5.29,0.00,0.00,152,152,300.00,300.00,0,0,0,0,1,1
2016.12.13 05:45:00,BUY,1161.64,936,926,NONE,2,2,2.22,2.22,0.0,EMA->TP2,EMA->TP2,0,0,1,1,0,0,1,1,1,1,0,0,1,1,10.09,10.09,0.00,0.00,458,458,300.00,300.00,0,0,0,0,1,1
2016.12.13 14:33:00,BUY,1161.01,937,927,NONE,2,2,2.1,2.1,0.0,EMA->TP2,EMA->TP2,0,0,1,1,0,0,1,1,1,1,0,0,1,1,14.46,14.46,0.00,0.00,951,951,300.00,300.00,0,0,0,0,1,1
2016.12.14 23:09:00,BUY,1143.14,938,928,VETO,4,3,2.75,2.19,-0.56,NET_BASKET_BE,TP3,0,0,0,1,0,0,0,0,0,0,0,0,1,1,48.38,41.7,0.01,0.01,116,122,300.00,300.00,1,0,0,0,1,1
2016.12.15 20:31:01,BUY,1129.79,939,929,NONE,3,3,2.43,2.43,0.0,EMA->TP3,EMA->TP3,0,0,1,1,0,0,0,0,1,1,0,0,1,1,10.95,10.95,0.00,0.00,63,63,300.00,300.00,0,0,0,0,1,1
2016.12.16 11:57:00,BUY,1134.36,940,930,NONE,2,2,2.57,2.57,0.0,EMA->TP2,EMA->TP2,0,0,1,1,0,0,1,1,1,1,0,0,1,1,3.84,3.84,0.00,0.00,108,108,300.00,300.00,0,0,0,0,1,1
2016.12.20 00:33:01,BUY,1137.89,941,931,ALLOW,5,5,3.1,3.1,0.0,EMA->TP1->NET_BASKET_BE,EMA->TP1->NET_BASKET_BE,0,0,0,0,1,1,0,0,1,1,1,1,1,1,106.21,106.21,0.02,0.02,1524,1524,300.00,300.00,1,1,0,0,1,1
2016.12.21 15:09:00,BUY,1133.24,942,932,NONE,2,2,3.19,3.19,0.0,EMA->TP2,EMA->TP2,0,0,1,1,0,0,1,1,1,1,0,0,1,1,9.7,9.7,0.00,0.00,1431,1431,300.00,300.00,0,0,0,0,1,1
2016.12.22 17:10:00,BUY,1130.16,943,933,NONE,2,2,2.46,2.46,0.0,TP2,TP2,0,0,1,1,0,0,1,1,0,0,0,0,1,1,3.67,3.67,0.00,0.00,25,25,300.00,300.00,0,0,0,0,1,1
2016.12.23 05:50:00,BUY,1131.52,944,934,NONE,2,2,2.1,2.1,0.0,EMA->TP1->TP2,EMA->TP1->TP2,0,0,1,1,1,1,1,1,1,1,0,0,1,1,2.35,2.35,0.00,0.00,164,164,300.00,300.00,0,0,0,0,1,1
2016.12.23 13:30:01,BUY,1130.89,945,935,NONE,1,1,4.53,4.53,0.0,EMA->TP1,EMA->TP1,0,0,1,1,1,1,0,0,1,1,0,0,1,1,1.59,1.59,0.00,0.00,149,149,300.00,300.00,0,0,0,0,1,1
2016.12.27 08:18:12,SELL,1144.01,946,936,NONE,1,1,2.15,2.15,0.0,TP1->EMA->TP1,TP1->EMA->TP1,0,0,1,1,1,1,0,0,1,1,0,0,1,1,1.51,1.51,0.00,0.00,270,270,300.00,300.00,0,0,0,0,1,1
2016.12.27 18:02:00,SELL,1136.94,947,937,ALLOW,4,4,2.25,2.25,0.0,EMA->TP3->NET_BASKET_BE,EMA->TP3->NET_BASKET_BE,0,0,0,0,0,0,0,0,1,1,0,0,1,1,42.83,42.83,0.01,0.01,1008,1008,300.00,300.00,1,1,0,0,1,1
2016.12.29 02:55:00,BUY,1147.48,948,938,NONE,1,1,2.03,2.03,0.0,EMA->TP1,EMA->TP1,0,0,1,1,1,1,0,0,1,1,0,0,1,1,0.66,0.66,0.00,0.00,76,76,300.00,300.00,0,0,0,0,1,1
2016.12.29 04:34:01,SELL,1149.21,949,939,NONE,2,2,2.01,2.01,0.0,TP1->TP2,TP1->TP2,0,0,1,1,1,1,1,1,0,0,0,0,1,1,3.84,3.84,0.00,0.00,153,153,300.00,300.00,0,0,0,0,1,1
2016.12.29 07:53:00,SELL,1149.43,950,940,NONE,1,1,2.08,2.08,0.0,EMA->TP1,EMA->TP1,0,0,1,1,1,1,0,0,1,1,0,0,1,1,0.72,0.72,0.00,0.00,67,67,300.00,300.00,0,0,0,0,1,1
2016.12.30 01:22:00,SELL,1162.61,951,941,NONE,1,1,2.05,2.05,0.0,TP1,TP1,0,0,1,1,1,1,0,0,0,0,0,0,1,1,0.99,0.99,0.00,0.00,21,21,300.00,300.00,0,0,0,0,1,1
2016.12.30 02:08:00,BUY,1159.02,952,942,NONE,1,1,3.02,3.02,0.0,EMA->TP1,EMA->TP1,0,0,1,1,1,1,0,0,1,1,0,0,1,1,0.6,0.6,0.00,0.00,9,9,300.00,300.00,0,0,0,0,1,1
2017.01.02 23:40:00,BUY,1150.61,953,943,NONE,1,1,2.0,2.0,0.0,EMA->TP1,EMA->TP1,0,0,1,1,1,1,0,0,1,1,0,0,1,1,2.02,2.02,0.00,0.00,82,82,300.00,300.00,0,0,0,0,1,1
2017.01.03 07:34:00,BUY,1153.67,954,944,NONE,3,3,5.56,5.56,0.0,EMA->TP3,EMA->TP3,0,0,1,1,0,0,0,0,1,1,0,0,1,1,26.9,26.9,0.01,0.01,339,339,300.00,300.00,0,0,0,0,1,1
2017.01.04 01:59:01,BUY,1157.69,955,945,NONE,1,1,2.01,2.01,0.0,EMA->TP1,EMA->TP1,0,0,1,1,1,1,0,0,1,1,0,0,1,1,0.63,0.63,0.00,0.00,33,33,300.00,300.00,0,0,0,0,1,1
2017.01.06 07:10:00,BUY,1175.01,956,946,NONE,1,1,3.05,3.05,0.0,EMA->TP1,EMA->TP1,0,0,1,1,1,1,0,0,1,1,0,0,1,1,1.45,1.45,0.00,0.00,134,134,300.00,300.00,0,0,0,0,1,1
2017.01.10 07:56:00,BUY,1184.51,957,947,NONE,2,2,2.35,2.35,0.0,EMA->TP2,EMA->TP2,0,0,1,1,0,0,1,1,1,1,0,0,1,1,8.88,8.88,0.00,0.00,361,361,300.00,300.00,0,0,0,0,1,1
2017.01.13 03:45:05,BUY,1192.86,958,948,NONE,1,1,2.05,2.05,0.0,EMA->TP1,EMA->TP1,0,0,1,1,1,1,0,0,1,1,0,0,1,1,1.96,1.96,0.00,0.00,143,143,300.00,300.00,0,0,0,0,1,1
2017.01.13 16:34:00,BUY,1193.47,959,949,NONE,1,1,2.21,2.21,0.0,TP1,TP1,0,0,1,1,1,1,0,0,0,0,0,0,1,1,0.61,0.61,0.00,0.00,11,11,300.00,300.00,0,0,0,0,1,1
2017.01.16 07:16:01,BUY,1206.12,960,950,NONE,2,2,2.11,2.11,0.0,EMA->TP2,EMA->TP2,0,0,1,1,0,0,1,1,1,1,0,0,1,1,11.6,11.6,0.00,0.00,1254,1254,300.00,300.00,0,0,0,0,1,1
2017.01.17 20:24:00,BUY,1215.75,961,951,NONE,2,2,2.16,2.16,0.0,EMA->TP1->TP2,EMA->TP1->TP2,0,0,1,1,1,1,1,1,1,1,0,0,1,1,4.41,4.41,0.00,0.00,274,274,300.00,300.00,0,0,0,0,1,1
2017.01.18 19:14:00,BUY,1209.80,962,952,ALLOW,4,4,2.37,2.37,0.0,EMA->NET_BASKET_BE,EMA->NET_BASKET_BE,0,0,0,0,0,0,0,0,1,1,0,0,1,1,81.64,81.64,0.02,0.02,1466,1466,300.00,300.00,1,1,0,0,1,1
2017.01.19 20:14:00,SELL,1206.10,963,953,NONE,1,1,2.0,2.0,0.0,TP1->EMA->TP1,TP1->EMA->TP1,0,0,1,1,1,1,0,0,1,1,0,0,1,1,1.53,1.53,0.00,0.00,181,181,300.00,300.00,0,0,0,0,1,1
2017.01.20 01:17:00,SELL,1205.48,964,954,NONE,2,2,2.89,2.89,0.0,TP2,TP2,0,0,1,1,0,0,1,1,0,0,0,0,1,1,4.29,4.29,0.00,0.00,76,76,300.00,300.00,0,0,0,0,1,1
2017.01.20 02:54:01,BUY,1207.12,965,955,ALLOW,4,4,2.11,2.11,0.0,EMA->TP1->TP2->NET_BASKET_BE,EMA->TP1->TP2->NET_BASKET_BE,0,0,0,0,1,1,1,1,1,1,0,0,1,1,53.71,53.71,0.01,0.01,731,731,300.00,300.00,1,1,0,0,1,1
2017.01.23 10:00:00,BUY,1212.29,966,956,NONE,1,1,2.58,2.58,0.0,EMA->TP1,EMA->TP1,0,0,1,1,1,1,0,0,1,1,0,0,1,1,3.02,3.02,0.00,0.00,209,209,300.00,300.00,0,0,0,0,1,1
2017.01.25 11:17:01,SELL,1204.34,967,957,NONE,3,3,2.03,2.03,0.0,EMA->TP3,EMA->TP3,0,0,1,1,0,0,0,0,1,1,0,0,1,1,10.06,10.06,0.00,0.00,90,90,300.00,300.00,0,0,0,0,1,1
2017.01.25 13:17:00,BUY,1204.58,968,958,VETO,4,3,2.14,2.04,-0.1,NET_BASKET_BE,EMA->TP3->TP2->TP1->TP3,0,0,0,1,0,1,0,1,0,1,0,0,1,1,70.99,154.56,0.01,0.03,213,8710,300.00,300.00,1,0,0,0,1,1
2017.02.03 05:33:00,BUY,1213.94,977,960,NONE,3,3,3.68,3.68,0.0,EMA->TP3,EMA->TP3,0,0,1,1,0,0,0,0,1,1,0,0,1,1,31.44,31.44,0.01,0.01,477,477,300.00,300.00,0,0,0,0,1,1
2017.02.06 15:17:00,BUY,1226.77,978,961,NONE,1,1,2.0,2.0,0.0,EMA->TP1,EMA->TP1,0,0,1,1,1,1,0,0,1,1,0,0,1,1,1.53,1.53,0.00,0.00,24,24,300.00,300.00,0,0,0,0,1,1
2017.02.07 09:42:00,BUY,1229.46,979,962,NONE,2,2,2.34,2.34,0.0,EMA->TP2,EMA->TP2,0,0,1,1,0,0,1,1,1,1,0,0,1,1,3.82,3.82,0.00,0.00,235,235,300.00,300.00,0,0,0,0,1,1
2017.02.07 19:28:00,BUY,1234.05,980,963,NONE,3,3,2.3,2.3,0.0,EMA->TP2->TP3,EMA->TP2->TP3,0,0,1,1,0,0,1,1,1,1,0,0,1,1,13.94,13.94,0.00,0.00,359,359,300.00,300.00,0,0,0,0,1,1
2017.02.08 01:28:00,BUY,1233.72,981,964,NONE,2,2,2.17,2.17,0.0,EMA->TP2,EMA->TP2,0,0,1,1,0,0,1,1,1,1,0,0,1,1,8.16,8.16,0.00,0.00,409,409,300.00,300.00,0,0,0,0,1,1
2017.02.08 15:36:00,BUY,1242.61,982,965,NONE,2,2,5.85,5.85,0.0,EMA->TP2,EMA->TP2,0,0,1,1,0,0,1,1,1,1,0,0,1,1,11.76,11.76,0.00,0.00,362,362,300.00,300.00,0,0,0,0,1,1
2017.02.09 05:48:00,BUY,1241.16,983,966,NONE,2,2,2.43,2.43,0.0,EMA->TP2,EMA->TP2,0,0,1,1,0,0,1,1,1,1,0,0,1,1,4.14,4.14,0.00,0.00,141,141,300.00,300.00,0,0,0,0,1,1
2017.02.09 10:35:03,BUY,1241.84,984,967,NONE,3,3,4.36,4.36,0.0,EMA->TP3,EMA->TP3,0,0,1,1,0,0,0,0,1,1,0,0,1,1,15.32,15.32,0.00,0.00,153,153,300.00,300.00,0,0,0,0,1,1
2017.02.10 09:31:00,SELL,1224.91,985,968,ALLOW,4,4,2.39,2.39,0.0,EMA->NET_BASKET_BE,EMA->NET_BASKET_BE,0,0,0,0,0,0,0,0,1,1,0,0,1,1,56.25,56.25,0.01,0.01,3724,3724,300.00,300.00,1,1,0,0,1,1
2017.02.13 11:23:00,SELL,1230.44,986,969,NONE,1,1,2.03,2.03,0.0,EMA->TP1,EMA->TP1,0,0,1,1,1,1,0,0,1,1,0,0,1,1,0.93,0.93,0.00,0.00,98,98,300.00,300.00,0,0,0,0,1,1
2017.02.13 16:13:00,SELL,1222.76,987,970,ALLOW,5,5,6.71,6.71,0.0,EMA->TP3->NET_BASKET_BE,EMA->TP3->NET_BASKET_BE,0,0,0,0,0,0,0,0,1,1,1,1,1,1,79.1,79.1,0.02,0.02,1367,1367,300.00,300.00,1,1,0,0,1,1
2017.02.15 05:15:01,BUY,1225.83,988,971,NONE,2,2,2.17,2.17,0.0,EMA->TP2,EMA->TP2,0,0,1,1,0,0,1,1,1,1,0,0,1,1,2.47,2.47,0.00,0.00,85,85,300.00,300.00,0,0,0,0,1,1
2017.02.15 12:11:00,SELL,1226.86,989,972,NONE,1,1,2.0,2.0,0.0,EMA->TP1,EMA->TP1,0,0,1,1,1,1,0,0,1,1,0,0,1,1,1.0,1.0,0.00,0.00,68,68,300.00,300.00,0,0,0,0,1,1
2017.02.15 14:53:01,SELL,1225.21,990,973,NONE,2,2,2.05,2.05,0.0,TP2,TP2,0,0,1,1,0,0,1,1,0,0,0,0,1,1,8.04,8.04,0.00,0.00,47,47,300.00,300.00,0,0,0,0,1,1
2017.02.15 16:54:00,SELL,1230.51,991,974,NONE,2,2,2.36,2.36,0.0,TP2,TP2,0,0,1,1,0,0,1,1,0,0,0,0,1,1,4.38,4.38,0.00,0.00,54,54,300.00,300.00,0,0,0,0,1,1
2017.02.16 20:15:00,BUY,1240.77,992,975,NONE,3,3,2.0,2.0,0.0,EMA->TP3,EMA->TP3,0,0,1,1,0,0,0,0,1,1,0,0,1,1,15.13,15.13,0.00,0.00,785,785,300.00,300.00,0,0,0,0,1,1
2017.02.17 16:19:00,BUY,1238.33,993,976,NONE,2,2,3.64,3.64,0.0,TP2,TP2,0,0,1,1,0,0,1,1,0,0,0,0,1,1,6.58,6.58,0.00,0.00,3317,3317,300.00,300.00,0,0,0,0,1,1
2017.02.20 16:25:02,BUY,1238.05,994,977,ALLOW,5,5,2.87,2.87,0.0,EMA->TP3->NET_BASKET_BE,EMA->TP3->NET_BASKET_BE,0,0,0,0,0,0,0,0,1,1,1,1,1,1,154.16,154.16,0.03,0.03,1445,1445,300.00,300.00,1,1,0,0,1,1
2017.02.21 18:15:00,BUY,1237.81,995,978,NONE,3,3,2.06,2.06,0.0,EMA->TP3,EMA->TP3,0,0,1,1,0,0,0,0,1,1,0,0,1,1,14.99,14.99,0.00,0.00,862,862,300.00,300.00,0,0,0,0,1,1
2017.02.23 19:00:00,BUY,1249.82,996,979,NONE,2,2,2.28,2.28,0.0,EMA->TP2,EMA->TP2,0,0,1,1,0,0,1,1,1,1,0,0,1,1,1.65,1.65,0.00,0.00,21,21,300.00,300.00,0,0,0,0,1,1
2017.02.28 12:02:00,BUY,1253.20,997,980,NONE,1,1,2.52,2.52,0.0,EMA->TP1,EMA->TP1,0,0,1,1,1,1,0,0,1,1,0,0,1,1,1.72,1.72,0.00,0.00,118,118,300.00,300.00,0,0,0,0,1,1
2017.03.01 03:19:00,BUY,1245.38,998,981,NONE,2,2,2.61,2.61,0.0,EMA->TP2,EMA->TP2,0,0,1,1,0,0,1,1,1,1,0,0,1,1,7.01,7.01,0.00,0.00,276,276,300.00,300.00,0,0,0,0,1,1
2017.03.01 19:21:00,BUY,1247.91,999,982,ALLOW,4,4,2.14,2.14,0.0,EMA->NET_BASKET_BE,EMA->NET_BASKET_BE,0,0,0,0,0,0,0,0,1,1,0,0,1,1,60.15,60.15,0.01,0.01,1242,1242,300.00,300.00,1,1,0,0,1,1
2017.03.02 16:53:00,BUY,1236.96,1000,983,NONE,3,3,16.4,16.4,0.0,EMA->TP3,EMA->TP3,0,0,1,1,0,0,0,0,1,1,0,0,1,1,57.56,57.56,0.01,0.01,1627,1627,300.00,300.00,0,0,0,0,1,1
2017.03.03 20:01:00,BUY,1235.71,1001,984,NONE,3,3,2.39,2.39,0.0,EMA->TP3,EMA->TP3,0,0,1,1,0,0,0,0,1,1,0,0,1,1,170.9,170.9,0.03,0.03,18255,18255,300.00,300.00,0,0,0,0,1,1
2017.03.16 13:59:00,BUY,1228.21,1002,985,NONE,2,2,3.21,3.21,0.0,EMA->TP2,EMA->TP2,0,0,1,1,0,0,1,1,1,1,0,0,1,1,5.34,5.34,0.00,0.00,283,283,300.00,300.00,0,0,0,0,1,1
2017.03.17 02:06:01,SELL,1226.88,1003,986,NONE,2,2,2.0,2.0,0.0,TP2->EMA->TP2,TP2->EMA->TP2,0,0,1,1,0,0,1,1,1,1,0,0,1,1,1.52,1.52,0.00,0.00,73,73,300.00,300.00,0,0,0,0,1,1
2017.03.17 16:49:00,BUY,1228.59,1004,987,NONE,1,1,2.02,2.02,0.0,EMA->TP1,EMA->TP1,0,0,1,1,1,1,0,0,1,1,0,0,1,1,1.92,1.92,0.00,0.00,3311,3311,300.00,300.00,0,0,0,0,1,1
2017.03.20 08:22:00,BUY,1233.28,1005,988,NONE,3,3,2.69,2.69,0.0,EMA->TP3,EMA->TP3,0,0,1,1,0,0,0,0,1,1,0,0,1,1,8.96,8.96,0.00,0.00,261,261,300.00,300.00,0,0,0,0,1,1
2017.03.20 19:35:01,BUY,1233.86,1006,989,VETO,5,3,2.55,2.05,-0.5,EMA->TP1->NET_BASKET_BE,EMA->TP1->TP3,0,0,0,1,1,1,0,0,1,1,1,0,1,1,55.36,36.86,0.01,0.01,792,933,300.00,300.00,1,0,0,0,1,1
2017.03.22 11:34:00,BUY,1245.37,1007,990,NONE,1,1,2.01,2.01,0.0,EMA->TP1,EMA->TP1,0,0,1,1,1,1,0,0,1,1,0,0,1,1,1.21,1.21,0.00,0.00,69,69,300.00,300.00,0,0,0,0,1,1
2017.03.22 15:48:00,BUY,1248.17,1008,991,NONE,1,1,2.02,2.02,0.0,EMA->TP1,EMA->TP1,0,0,1,1,1,1,0,0,1,1,0,0,1,1,1.41,1.41,0.00,0.00,120,120,300.00,300.00,0,0,0,0,1,1
2017.03.23 12:14:00,BUY,1248.26,1009,992,NONE,1,1,2.01,2.01,0.0,EMA->TP1,EMA->TP1,0,0,1,1,1,1,0,0,1,1,0,0,1,1,1.01,1.01,0.00,0.00,18,18,300.00,300.00,0,0,0,0,1,1
2017.03.23 20:44:00,BUY,1245.74,1010,993,NONE,3,3,2.14,2.14,0.0,TP2->EMA->TP3,TP2->EMA->TP3,0,0,1,1,0,0,1,1,1,1,0,0,1,1,24.7,24.7,0.00,0.00,885,885,300.00,300.00,0,0,0,0,1,1
2017.03.27 03:33:00,BUY,1256.74,1011,994,NONE,1,1,2.02,2.02,0.0,EMA->TP1,EMA->TP1,0,0,1,1,1,1,0,0,1,1,0,0,1,1,1.79,1.79,0.00,0.00,570,570,300.00,300.00,0,0,0,0,1,1
2017.03.27 19:07:00,BUY,1255.77,1012,995,NONE,3,3,2.05,2.05,0.0,EMA->TP3,EMA->TP3,0,0,1,1,0,0,0,0,1,1,0,0,1,1,13.41,13.41,0.00,0.00,367,367,300.00,300.00,0,0,0,0,1,1
2017.03.28 22:52:08,BUY,1251.58,1013,996,NONE,3,3,2.24,2.24,0.0,EMA->TP3,EMA->TP3,0,0,1,1,0,0,0,0,1,1,0,0,1,1,20.66,20.66,0.00,0.00,457,457,300.00,300.00,0,0,0,0,1,1
2017.03.29 16:20:06,BUY,1251.95,1014,997,NONE,1,1,2.04,2.04,0.0,EMA->TP1,EMA->TP1,0,0,1,1,1,1,0,0,1,1,0,0,1,1,1.16,1.16,0.00,0.00,65,65,300.00,300.00,0,0,0,0,1,1
2017.03.30 17:19:00,BUY,1245.79,1015,998,NONE,2,2,2.18,2.18,0.0,TP2,TP2,0,0,1,1,0,0,1,1,0,0,0,0,1,1,2.41,2.41,0.00,0.00,18,18,300.00,300.00,0,0,0,0,1,1
2017.03.30 20:51:02,BUY,1243.85,1016,999,NONE,2,2,2.06,2.06,0.0,EMA->TP2,EMA->TP2,0,0,1,1,0,0,1,1,1,1,0,0,1,1,9.96,9.96,0.00,0.00,985,985,300.00,300.00,0,0,0,0,1,1
2017.03.31 20:03:03,BUY,1247.85,1017,1000,NONE,2,2,2.09,2.09,0.0,EMA->TP1->TP2,EMA->TP1->TP2,0,0,1,1,1,1,1,1,1,1,0,0,1,1,9.92,9.92,0.00,0.00,3855,3855,300.00,300.00,0,0,0,0,1,1
2017.04.03 12:44:00,BUY,1247.41,1018,1001,NONE,1,1,2.01,2.01,0.0,EMA->TP1,EMA->TP1,0,0,1,1,1,1,0,0,1,1,0,0,1,1,1.14,1.14,0.00,0.00,88,88,300.00,300.00,0,0,0,0,1,1
2017.04.05 09:34:00,BUY,1252.92,1019,1002,ALLOW,4,4,2.1,2.1,0.0,NET_BASKET_BE,NET_BASKET_BE,0,0,0,0,0,0,0,0,0,0,0,0,1,1,33.52,33.52,0.01,0.01,507,507,300.00,300.00,1,1,0,0,1,1
2017.04.06 00:49:00,BUY,1257.65,1020,1003,NONE,3,3,3.1,3.1,0.0,EMA->TP3,EMA->TP3,0,0,1,1,0,0,0,0,1,1,0,0,1,1,32.62,32.62,0.01,0.01,1472,1472,300.00,300.00,0,0,0,0,1,1
2017.04.07 16:34:00,BUY,1265.36,1021,1004,VETO,5,3,5.16,2.05,-3.11,NET_BASKET_BE,EMA->TP3->TP2->TP3,0,0,0,1,0,0,0,1,0,1,1,0,1,1,182.36,95.14,0.04,0.02,5553,5587,300.00,300.00,1,0,0,0,1,1
2017.04.12 01:52:00,BUY,1276.96,1022,1005,NONE,3,3,4.35,4.35,0.0,EMA->TP3,EMA->TP3,0,0,1,1,0,0,0,0,1,1,0,0,1,1,14.01,14.01,0.00,0.00,622,622,300.00,300.00,0,0,0,0,1,1
2017.04.13 03:08:00,BUY,1286.75,1023,1006,NONE,3,3,2.41,2.41,0.0,EMA->TP3,EMA->TP3,0,0,1,1,0,0,0,0,1,1,0,0,1,1,11.19,11.19,0.00,0.00,296,296,300.00,300.00,0,0,0,0,1,1
2017.04.17 14:18:00,BUY,1289.48,1024,1007,NONE,1,1,2.27,2.27,0.0,EMA->TP1,EMA->TP1,0,0,1,1,1,1,0,0,1,1,0,0,1,1,1.51,1.51,0.00,0.00,26,26,300.00,300.00,0,0,0,0,1,1
2017.04.17 23:27:01,BUY,1283.49,1025,1008,NONE,2,2,2.0,2.0,0.0,TP2->EMA->TP1->TP2,TP2->EMA->TP1->TP2,0,0,1,1,1,1,1,1,1,1,0,0,1,1,7.75,7.75,0.00,0.00,154,154,300.00,300.00,0,0,0,0,1,1
2017.04.19 08:33:00,BUY,1282.88,1026,1009,NONE,2,2,2.07,2.07,0.0,TP2,TP2,0,0,1,1,0,0,1,1,0,0,0,0,1,1,1.63,1.63,0.00,0.00,16,16,300.00,300.00,0,0,0,0,1,1
2017.04.20 06:43:03,SELL,1279.21,1027,1010,NONE,3,3,10.42,10.42,0.0,EMA->TP2->TP3,EMA->TP2->TP3,0,0,1,1,0,0,1,1,1,1,0,0,1,1,6.18,6.18,0.00,0.00,76,76,300.00,300.00,0,0,0,0,1,1
2017.04.20 13:13:00,BUY,1278.38,1028,1011,NONE,1,1,4.25,4.25,0.0,EMA->TP1,EMA->TP1,0,0,1,1,1,1,0,0,1,1,0,0,1,1,1.58,1.58,0.00,0.00,36,36,300.00,300.00,0,0,0,0,1,1
2017.04.20 15:22:00,SELL,1282.41,1029,1012,NONE,1,1,2.02,2.02,0.0,TP1->EMA->TP1,TP1->EMA->TP1,0,0,1,1,1,1,0,0,1,1,0,0,1,1,0.64,0.64,0.00,0.00,30,30,300.00,300.00,0,0,0,0,1,1
2017.04.21 09:13:00,SELL,1281.13,1030,1013,NONE,3,3,3.98,3.98,0.0,EMA->TP3,EMA->TP3,0,0,1,1,0,0,0,0,1,1,0,0,1,1,12.4,12.4,0.00,0.00,287,287,300.00,300.00,0,0,0,0,1,1
2017.04.24 14:30:00,SELL,1271.13,1031,1014,NONE,2,2,2.0,2.0,0.0,TP2,TP2,0,0,1,1,0,0,1,1,0,0,0,0,1,1,3.86,3.86,0.00,0.00,30,30,300.00,300.00,0,0,0,0,1,1
2017.04.25 01:12:01,BUY,1275.91,1032,1015,ALLOW,5,5,-300.38,-300.38,0.0,SL$,SL$,1,1,0,0,0,0,0,0,0,0,1,1,0,0,299.99,299.99,0.06,0.06,9538,9538,300.00,300.00,0,0,0,0,1,1
2017.05.01 20:42:01,BUY,1257.38,1033,1016,ALLOW,5,5,3.22,3.22,0.0,TP3->EMA->TP2->NET_BASKET_BE,TP3->EMA->TP2->NET_BASKET_BE,0,0,0,0,0,0,1,1,1,1,1,1,1,1,48.61,48.61,0.01,0.01,1038,1038,300.00,300.00,1,1,0,0,1,1
2017.05.02 16:54:02,BUY,1255.64,1034,1017,NONE,3,3,2.04,2.04,0.0,EMA->TP1->TP3,EMA->TP1->TP3,0,0,1,1,1,1,0,0,1,1,0,0,1,1,11.01,11.01,0.00,0.00,1133,1133,300.00,300.00,0,0,0,0,1,1
2017.05.03 19:58:00,BUY,1240.46,1035,1018,ALLOW,5,5,-300.02,-300.02,0.0,TP2->EMA->SL$,TP2->EMA->SL$,1,1,0,0,0,0,1,1,1,1,1,1,0,0,300.25,300.25,0.06,0.06,8476,8476,300.00,300.00,0,0,0,0,1,1
2017.05.10 19:50:00,BUY,1219.82,1036,1019,NONE,2,2,2.04,2.04,0.0,EMA->TP2->TP1->TP2,EMA->TP2->TP1->TP2,0,0,1,1,1,1,1,1,1,1,0,0,1,1,15.6,15.6,0.00,0.00,861,861,300.00,300.00,0,0,0,0,1,1
2017.05.12 09:41:00,BUY,1229.02,1037,1020,NONE,2,2,2.67,2.67,0.0,EMA->TP1->TP2,EMA->TP1->TP2,0,0,1,1,1,1,1,1,1,1,0,0,1,1,5.72,5.72,0.00,0.00,169,169,300.00,300.00,0,0,0,0,1,1
2017.05.12 20:13:01,BUY,1228.22,1038,1021,NONE,2,2,2.67,2.67,0.0,EMA->TP2->TP1->TP2,EMA->TP2->TP1->TP2,0,0,1,1,1,1,1,1,1,1,0,0,1,1,10.65,10.65,0.00,0.00,3406,3406,300.00,300.00,0,0,0,0,1,1
2017.05.15 08:57:00,BUY,1230.20,1039,1022,NONE,1,1,2.06,2.06,0.0,EMA->TP1,EMA->TP1,0,0,1,1,1,1,0,0,1,1,0,0,1,1,0.64,0.64,0.00,0.00,52,52,300.00,300.00,0,0,0,0,1,1
2017.05.16 01:21:00,SELL,1232.74,1040,1023,NONE,3,3,2.04,2.04,0.0,EMA->TP3,EMA->TP3,0,0,1,1,0,0,0,0,1,1,0,0,1,1,8.64,8.64,0.00,0.00,164,164,300.00,300.00,0,0,0,0,1,1
2017.05.16 11:29:03,SELL,1234.52,1041,1024,NONE,2,2,2.17,2.17,0.0,TP2->EMA->TP2,TP2->EMA->TP2,0,0,1,1,0,0,1,1,1,1,0,0,1,1,3.0,3.0,0.00,0.00,55,55,300.00,300.00,0,0,0,0,1,1
2017.05.16 18:30:00,SELL,1238.48,1042,1025,ALLOW,4,4,2.13,2.13,0.0,TP1->EMA->TP2->TP3->NET_BASKET_BE,TP1->EMA->TP2->TP3->NET_BASKET_BE,0,0,0,0,1,1,1,1,1,1,0,0,1,1,34.6,34.6,0.01,0.01,408,408,300.00,300.00,1,1,0,0,1,1
2017.05.17 03:52:00,BUY,1243.73,1043,1026,NONE,3,3,2.0,2.0,0.0,EMA->TP3,EMA->TP3,0,0,1,1,0,0,0,0,1,1,0,0,1,1,8.7,8.7,0.00,0.00,101,101,300.00,300.00,0,0,0,0,1,1
2017.05.17 12:27:00,SELL,1248.74,1044,1027,ALLOW,4,4,2.04,2.04,0.0,EMA->NET_BASKET_BE,EMA->NET_BASKET_BE,0,0,0,0,0,0,0,0,1,1,0,0,1,1,75.92,75.92,0.02,0.02,1113,1113,300.00,300.00,1,1,0,0,1,1
2017.05.18 18:25:00,BUY,1247.26,1045,1028,NONE,1,1,2.09,2.09,0.0,EMA->TP1,EMA->TP1,0,0,1,1,1,1,0,0,1,1,0,0,1,1,3.73,3.73,0.00,0.00,396,396,300.00,300.00,0,0,0,0,1,1
2017.05.22 00:24:00,BUY,1255.79,1046,1029,NONE,2,2,4.28,4.28,0.0,EMA->TP2,EMA->TP2,0,0,1,1,0,0,1,1,1,1,0,0,1,1,6.8,6.8,0.00,0.00,482,482,300.00,300.00,0,0,0,0,1,1
2017.05.23 02:36:00,BUY,1262.49,1047,1030,NONE,2,2,2.06,2.06,0.0,EMA->TP2,EMA->TP2,0,0,1,1,0,0,1,1,1,1,0,0,1,1,1.79,1.79,0.00,0.00,175,175,300.00,300.00,0,0,0,0,1,1
2017.05.23 06:24:00,BUY,1262.26,1048,1031,NONE,3,3,2.12,2.12,0.0,TP3,TP3,0,0,1,1,0,0,0,0,0,0,0,0,1,1,5.34,5.34,0.00,0.00,21,21,300.00,300.00,0,0,0,0,1,1
2017.05.23 10:56:00,BUY,1260.29,1049,1032,NONE,1,1,2.02,2.02,0.0,EMA->TP1,EMA->TP1,0,0,1,1,1,1,0,0,1,1,0,0,1,1,1.46,1.46,0.00,0.00,138,138,300.00,300.00,0,0,0,0,1,1
2017.05.23 17:03:00,BUY,1253.87,1050,1033,NONE,2,2,6.17,6.17,0.0,EMA->TP2,EMA->TP2,0,0,1,1,0,0,1,1,1,1,0,0,1,1,12.85,12.85,0.00,0.00,1167,1167,300.00,300.00,0,0,0,0,1,1
2017.05.24 14:29:00,SELL,1253.52,1051,1034,NONE,1,1,2.09,2.09,0.0,EMA->TP1,EMA->TP1,0,0,1,1,1,1,0,0,1,1,0,0,1,1,1.44,1.44,0.00,0.00,72,72,300.00,300.00,0,0,0,0,1,1
2017.05.24 16:09:00,SELL,1250.94,1052,1035,ALLOW,4,4,2.28,2.28,0.0,EMA->NET_BASKET_BE,EMA->NET_BASKET_BE,0,0,0,0,0,0,0,0,1,1,0,0,1,1,35.52,35.52,0.01,0.01,123,123,300.00,300.00,1,1,0,0,1,1
2017.05.25 01:17:00,SELL,1258.07,1053,1036,NONE,2,2,2.19,2.19,0.0,EMA->TP1->TP2,EMA->TP1->TP2,0,0,1,1,1,1,1,1,1,1,0,0,1,1,4.44,4.44,0.00,0.00,289,289,300.00,300.00,0,0,0,0,1,1
2017.05.25 11:35:00,BUY,1257.88,1054,1037,NONE,3,3,2.8,2.8,0.0,EMA->TP3,EMA->TP3,0,0,1,1,0,0,0,0,1,1,0,0,1,1,9.62,9.62,0.00,0.00,90,90,300.00,300.00,0,0,0,0,1,1
2017.05.26 12:10:00,BUY,1266.14,1055,1038,NONE,2,2,2.02,2.02,0.0,EMA->TP2,EMA->TP2,0,0,1,1,0,0,1,1,1,1,0,0,1,1,3.8,3.8,0.00,0.00,25,25,300.00,300.00,0,0,0,0,1,1
2017.05.26 12:36:00,BUY,1266.30,1056,1039,NONE,2,2,2.12,2.12,0.0,EMA->TP1->TP2,EMA->TP1->TP2,0,0,1,1,1,1,1,1,1,1,0,0,1,1,21.44,21.44,0.00,0.00,7179,7179,300.00,300.00,0,0,0,0,1,1
2017.05.31 14:14:00,SELL,1267.25,1057,1040,NONE,3,3,5.13,5.13,0.0,TP3,TP3,0,0,1,1,0,0,0,0,0,0,0,0,1,1,23.17,23.17,0.00,0.00,245,245,300.00,300.00,0,0,0,0,1,1
2017.05.31 18:51:00,BUY,1271.58,1058,1041,ALLOW,4,4,2.3,2.3,0.0,EMA->TP3->NET_BASKET_BE,EMA->TP3->NET_BASKET_BE,0,0,0,0,0,0,0,0,1,1,0,0,1,1,57.65,57.65,0.01,0.01,1358,1358,300.00,300.00,1,1,0,0,1,1
2017.06.02 09:17:00,SELL,1260.98,1059,1042,ALLOW,5,5,-300.06,-300.06,0.0,EMA->TP3->SL$,EMA->TP3->SL$,1,1,0,0,0,0,0,0,1,1,1,1,0,0,298.47,298.47,0.06,0.06,5587,5587,300.00,300.00,0,0,0,0,1,1
2017.06.07 01:03:00,BUY,1293.43,1060,1043,NONE,2,2,2.04,2.04,0.0,EMA->TP2,EMA->TP2,0,0,1,1,0,0,1,1,1,1,0,0,1,1,6.68,6.68,0.00,0.00,384,384,300.00,300.00,0,0,0,0,1,1
2017.06.07 10:29:00,BUY,1291.89,1061,1044,NONE,2,2,2.27,2.27,0.0,EMA->TP2,EMA->TP2,0,0,1,1,0,0,1,1,1,1,0,0,1,1,8.95,8.95,0.00,0.00,127,127,300.00,300.00,0,0,0,0,1,1
2017.06.08 17:37:00,SELL,1277.32,1062,1045,NONE,2,2,2.09,2.09,0.0,EMA->TP2,EMA->TP2,0,0,1,1,0,0,1,1,1,1,0,0,1,1,7.38,7.38,0.00,0.00,130,130,300.00,300.00,0,0,0,0,1,1
2017.06.09 04:37:00,SELL,1274.91,1063,1046,NONE,2,2,3.21,3.21,0.0,EMA->TP2->TP1->TP2,EMA->TP2->TP1->TP2,0,0,1,1,1,1,1,1,1,1,0,0,1,1,2.87,2.87,0.00,0.00,83,83,300.00,300.00,0,0,0,0,1,1
2017.06.09 09:28:00,SELL,1274.46,1064,1047,NONE,1,1,2.08,2.08,0.0,EMA->TP1,EMA->TP1,0,0,1,1,1,1,0,0,1,1,0,0,1,1,1.43,1.43,0.00,0.00,159,159,300.00,300.00,0,0,0,0,1,1
2017.06.09 12:08:00,SELL,1272.10,1065,1048,NONE,1,1,2.11,2.11,0.0,EMA->TP1,EMA->TP1,0,0,1,1,1,1,0,0,1,1,0,0,1,1,2.43,2.43,0.00,0.00,41,41,300.00,300.00,0,0,0,0,1,1
2017.06.09 15:19:00,BUY,1266.73,1066,1049,NONE,1,1,2.0,2.0,0.0,TP1,TP1,0,0,1,1,1,1,0,0,0,0,0,0,1,1,1.11,1.11,0.00,0.00,60,60,300.00,300.00,0,0,0,0,1,1
2017.06.12 19:57:00,BUY,1265.93,1067,1050,NONE,2,2,2.37,2.37,0.0,EMA->TP2,EMA->TP2,0,0,1,1,0,0,1,1,1,1,0,0,1,1,11.55,11.55,0.00,0.00,393,393,300.00,300.00,0,0,0,0,1,1
2017.06.14 09:01:01,BUY,1268.62,1068,1051,NONE,2,2,27.95,27.95,0.0,EMA->TP1->TP2,EMA->TP1->TP2,0,0,1,1,1,1,1,1,1,1,0,0,1,1,6.91,6.91,0.00,0.00,238,238,300.00,300.00,0,0,0,0,1,1
2017.06.15 15:38:00,BUY,1254.11,1069,1052,NONE,2,2,2.01,2.01,0.0,EMA->TP2,EMA->TP2,0,0,1,1,0,0,1,1,1,1,0,0,1,1,6.21,6.21,0.00,0.00,856,856,300.00,300.00,0,0,0,0,1,1
2017.06.16 12:12:02,BUY,1255.38,1070,1053,NONE,2,2,2.19,2.19,0.0,TP2->EMA->TP2,TP2->EMA->TP2,0,0,1,1,0,0,1,1,1,1,0,0,1,1,3.5,3.5,0.00,0.00,20,20,300.00,300.00,0,0,0,0,1,1
2017.06.19 15:43:00,BUY,1248.59,1071,1054,ALLOW,4,4,2.16,2.16,0.0,NET_BASKET_BE,NET_BASKET_BE,0,0,0,0,0,0,0,0,0,0,0,0,1,1,43.48,43.48,0.01,0.01,951,951,300.00,300.00,1,1,0,0,1,1
2017.06.20 09:37:01,BUY,1246.99,1072,1055,INVALID,4,4,2.64,2.64,0.0,EMA->TP3->NET_BASKET_BE,EMA->TP3->NET_BASKET_BE,0,0,0,0,0,0,0,0,1,1,0,0,1,1,17.44,17.44,0.00,0.00,144,144,300.00,300.00,1,1,0,0,1,1
2017.06.21 15:49:00,BUY,1244.59,1073,1056,NONE,1,1,2.01,2.01,0.0,EMA->TP1,EMA->TP1,0,0,1,1,1,1,0,0,1,1,0,0,1,1,0.78,0.78,0.00,0.00,163,163,300.00,300.00,0,0,0,0,1,1
2017.06.22 14:22:00,BUY,1250.82,1074,1057,NONE,3,3,4.22,4.22,0.0,EMA->TP3,EMA->TP3,0,0,1,1,0,0,0,0,1,1,0,0,1,1,11.87,11.87,0.00,0.00,259,259,300.00,300.00,0,0,0,0,1,1
2017.06.23 13:13:00,BUY,1257.20,1075,1058,ALLOW,5,5,8.34,8.34,0.0,EMA->TP2->NET_BASKET_BE,EMA->TP2->NET_BASKET_BE,0,0,0,0,0,0,1,1,1,1,1,1,1,1,232.41,232.41,0.05,0.05,5449,5449,300.00,300.00,1,1,0,0,1,1
2017.06.27 11:13:00,BUY,1251.64,1076,1059,NONE,2,2,2.02,2.02,0.0,EMA->TP2,EMA->TP2,0,0,1,1,0,0,1,1,1,1,0,0,1,1,7.01,7.01,0.00,0.00,143,143,300.00,300.00,0,0,0,0,1,1
2017.06.27 15:43:00,BUY,1247.44,1077,1060,NONE,2,2,2.02,2.02,0.0,TP2,TP2,0,0,1,1,0,0,1,1,0,0,0,0,1,1,2.81,2.81,0.00,0.00,92,92,300.00,300.00,0,0,0,0,1,1
2017.06.28 15:11:00,SELL,1249.85,1078,1061,NONE,2,2,2.48,2.48,0.0,EMA->TP2,EMA->TP2,0,0,1,1,0,0,1,1,1,1,0,0,1,1,9.17,9.17,0.00,0.00,963,963,300.00,300.00,0,0,0,0,1,1
2017.06.29 13:36:00,BUY,1241.75,1079,1062,NONE,1,1,3.28,3.28,0.0,EMA->TP1,EMA->TP1,0,0,1,1,1,1,0,0,1,1,0,0,1,1,1.2,1.2,0.00,0.00,40,40,300.00,300.00,0,0,0,0,1,1
2017.06.29 23:28:00,BUY,1245.81,1080,1063,NONE,2,2,2.18,2.18,0.0,EMA->TP2,EMA->TP2,0,0,1,1,0,0,1,1,1,1,0,0,1,1,5.4,5.4,0.00,0.00,162,162,300.00,300.00,0,0,0,0,1,1
2017.06.30 13:52:00,BUY,1242.29,1081,1064,NONE,1,1,2.73,2.73,0.0,EMA->TP1,EMA->TP1,0,0,1,1,1,1,0,0,1,1,0,0,1,1,0.79,0.79,0.00,0.00,13,13,300.00,300.00,0,0,0,0,1,1
2017.06.30 14:49:00,BUY,1243.37,1082,1065,NONE,2,2,2.03,2.03,0.0,EMA->TP2,EMA->TP2,0,0,1,1,0,0,1,1,1,1,0,0,1,1,2.31,2.31,0.00,0.00,19,19,300.00,300.00,0,0,0,0,1,1
2017.07.05 08:37:00,BUY,1222.57,1083,1066,NONE,3,3,5.11,5.11,0.0,TP3,TP3,0,0,1,1,0,0,0,0,0,0,0,0,1,1,14.77,14.77,0.00,0.00,147,147,300.00,300.00,0,0,0,0,1,1
2017.07.05 12:50:00,BUY,1218.88,1084,1067,NONE,1,1,2.05,2.05,0.0,EMA->TP1,EMA->TP1,0,0,1,1,1,1,0,0,1,1,0,0,1,1,1.22,1.22,0.00,0.00,54,54,300.00,300.00,0,0,0,0,1,1
2017.07.06 04:56:00,BUY,1226.89,1085,1068,ALLOW,4,4,2.07,2.07,0.0,EMA->TP3->NET_BASKET_BE,EMA->TP3->NET_BASKET_BE,0,0,0,0,0,0,0,0,1,1,0,0,1,1,28.83,28.83,0.01,0.01,439,439,300.00,300.00,1,1,0,0,1,1
2017.07.10 06:45:02,BUY,1207.02,1086,1069,NONE,1,1,5.14,5.14,0.0,EMA->TP1,EMA->TP1,0,0,1,1,1,1,0,0,1,1,0,0,1,1,1.86,1.86,0.00,0.00,314,314,300.00,300.00,0,0,0,0,1,1
2017.07.10 14:29:00,BUY,1210.58,1087,1070,NONE,1,1,2.04,2.04,0.0,EMA->TP1,EMA->TP1,0,0,1,1,1,1,0,0,1,1,0,0,1,1,0.91,0.91,0.00,0.00,7,7,300.00,300.00,0,0,0,0,1,1
2017.07.12 10:13:00,BUY,1218.66,1088,1071,NONE,3,3,2.01,2.01,0.0,TP3->EMA->TP3,TP3->EMA->TP3,0,0,1,1,0,0,0,0,1,1,0,0,1,1,9.23,9.23,0.00,0.00,105,105,300.00,300.00,0,0,0,0,1,1
2017.07.13 04:55:00,BUY,1223.15,1089,1072,NONE,2,2,2.11,2.11,0.0,EMA->TP1->TP2,EMA->TP1->TP2,0,0,1,1,1,1,1,1,1,1,0,0,1,1,2.65,2.65,0.00,0.00,96,96,300.00,300.00,0,0,0,0,1,1
2017.07.13 07:12:00,BUY,1223.02,1090,1073,NONE,3,3,2.04,2.04,0.0,EMA->TP3,EMA->TP3,0,0,1,1,0,0,0,0,1,1,0,0,1,1,32.96,32.96,0.01,0.01,1676,1676,300.00,300.00,0,0,0,0,1,1
2017.07.14 17:56:00,SELL,1228.60,1091,1074,ALLOW,5,5,-300.02,-300.02,0.0,EMA->TP2->TP3->SL$,EMA->TP2->TP3->SL$,1,1,0,0,0,0,1,1,1,1,1,1,0,0,300.58,300.58,0.06,0.06,9962,9962,300.00,300.00,0,0,0,0,1,1
2017.07.25 00:16:00,BUY,1253.38,1092,1075,NONE,1,1,2.0,2.0,0.0,EMA->TP1,EMA->TP1,0,0,1,1,1,1,0,0,1,1,0,0,1,1,0.87,0.87,0.00,0.00,226,226,300.00,300.00,0,0,0,0,1,1
2017.07.26 18:27:00,SELL,1254.87,1093,1076,NONE,3,3,8.73,8.73,0.0,TP3->EMA->TP3,TP3->EMA->TP3,0,0,1,1,0,0,0,0,1,1,0,0,1,1,35.55,35.55,0.01,0.01,1203,1203,300.00,300.00,0,0,0,0,1,1
2017.07.27 14:56:00,BUY,1257.47,1094,1077,NONE,1,1,2.02,2.02,0.0,TP1,TP1,0,0,1,1,1,1,0,0,0,0,0,0,1,1,0.74,0.74,0.00,0.00,16,16,300.00,300.00,0,0,0,0,1,1
2017.07.27 19:54:00,BUY,1260.08,1095,1078,NONE,3,3,2.19,2.19,0.0,EMA->TP2->TP3,EMA->TP2->TP3,0,0,1,1,0,0,1,1,1,1,0,0,1,1,8.88,8.88,0.00,0.00,152,152,300.00,300.00,0,0,0,0,1,1
2017.07.28 03:46:01,BUY,1259.02,1096,1079,NONE,2,2,2.13,2.13,0.0,EMA->TP2,EMA->TP2,0,0,1,1,0,0,1,1,1,1,0,0,1,1,3.29,3.29,0.00,0.00,109,109,300.00,300.00,0,0,0,0,1,1
2017.07.28 18:29:00,BUY,1269.45,1097,1080,NONE,2,2,2.12,2.12,0.0,EMA->TP2,EMA->TP2,0,0,1,1,0,0,1,1,1,1,0,0,1,1,10.74,10.74,0.00,0.00,4116,4116,300.00,300.00,0,0,0,0,1,1
2017.07.31 18:18:00,BUY,1268.29,1098,1081,NONE,2,2,2.03,2.03,0.0,EMA->TP1->TP2,EMA->TP1->TP2,0,0,1,1,1,1,1,1,1,1,0,0,1,1,8.17,8.17,0.00,0.00,480,480,300.00,300.00,0,0,0,0,1,1
2017.08.02 04:52:00,BUY,1265.21,1099,1082,NONE,1,1,2.02,2.02,0.0,EMA->TP1,EMA->TP1,0,0,1,1,1,1,0,0,1,1,0,0,1,1,1.29,1.29,0.00,0.00,128,128,300.00,300.00,0,0,0,0,1,1
2017.08.02 08:01:00,BUY,1267.00,1100,1083,NONE,2,2,2.22,2.22,0.0,EMA->TP2,EMA->TP2,0,0,1,1,0,0,1,1,1,1,0,0,1,1,2.33,2.33,0.00,0.00,30,30,300.00,300.00,0,0,0,0,1,1
2017.08.03 10:23:00,SELL,1263.29,1101,1084,ALLOW,5,5,12.72,12.72,0.0,EMA->TP1->TP3->NET_BASKET_BE,EMA->TP1->TP3->NET_BASKET_BE,0,0,0,0,1,1,0,0,1,1,1,1,1,1,67.44,67.44,0.01,0.01,1567,1567,300.00,300.00,1,1,0,0,1,1
2017.08.04 18:33:00,SELL,1258.59,1102,1085,NONE,1,1,2.04,2.04,0.0,EMA->TP1,EMA->TP1,0,0,1,1,1,1,0,0,1,1,0,0,1,1,1.99,1.99,0.00,0.00,3791,3791,300.00,300.00,0,0,0,0,1,1
2017.08.07 14:49:01,SELL,1258.54,1103,1086,NONE,2,2,2.2,2.2,0.0,TP2->EMA->TP2,TP2->EMA->TP2,0,0,1,1,0,0,1,1,1,1,0,0,1,1,4.77,4.77,0.00,0.00,217,217,300.00,300.00,0,0,0,0,1,1
2017.08.07 22:50:00,SELL,1257.31,1104,1087,ALLOW,4,4,2.21,2.21,0.0,EMA->NET_BASKET_BE,EMA->NET_BASKET_BE,0,0,0,0,0,0,0,0,1,1,0,0,1,1,38.96,38.96,0.01,0.01,913,913,300.00,300.00,1,1,0,0,1,1
2017.08.08 14:23:00,BUY,1258.70,1105,1088,NONE,3,3,9.47,9.47,0.0,TP3,TP3,0,0,1,1,0,0,0,0,0,0,0,0,1,1,18.62,18.62,0.00,0.00,157,157,300.00,300.00,0,0,0,0,1,1
2017.08.09 07:22:00,SELL,1268.30,1106,1089,NONE,3,3,11.53,11.53,0.0,EMA->TP3,EMA->TP3,0,0,1,1,0,0,0,0,1,1,0,0,1,1,22.97,22.97,0.00,0.00,373,373,300.00,300.00,0,0,0,0,1,1
2017.08.09 23:26:01,BUY,1277.18,1107,1090,NONE,2,2,2.04,2.04,0.0,EMA->TP2,EMA->TP2,0,0,1,1,0,0,1,1,1,1,0,0,1,1,6.58,6.58,0.00,0.00,347,347,300.00,300.00,0,0,0,0,1,1
2017.08.13 23:11:00,BUY,1289.19,1108,1091,NONE,2,2,2.71,2.71,0.0,EMA->TP2,EMA->TP2,0,0,1,1,0,0,1,1,1,1,0,0,1,1,4.39,4.39,0.00,0.00,235,235,300.00,300.00,0,0,0,0,1,1
2017.08.14 03:07:00,BUY,1289.13,1109,1092,ALLOW,4,4,2.31,2.31,0.0,EMA->NET_BASKET_BE,EMA->NET_BASKET_BE,0,0,0,0,0,0,0,0,1,1,0,0,1,1,47.39,47.39,0.01,0.01,553,553,300.00,300.00,1,1,0,0,1,1
2017.08.15 00:07:00,BUY,1279.49,1110,1093,ALLOW,4,4,2.22,2.22,0.0,NET_BASKET_BE,NET_BASKET_BE,0,0,0,0,0,0,0,0,0,0,0,0,1,1,30.49,30.49,0.01,0.01,213,213,300.00,300.00,1,1,0,0,1,1
2017.08.15 18:15:00,BUY,1273.00,1111,1094,NONE,2,2,2.01,2.01,0.0,EMA->TP2,EMA->TP2,0,0,1,1,0,0,1,1,1,1,0,0,1,1,6.02,6.02,0.00,0.00,303,303,300.00,300.00,0,0,0,0,1,1
2017.08.16 04:24:00,BUY,1273.18,1112,1095,ALLOW,5,5,3.74,3.74,0.0,EMA->TP2->NET_BASKET_BE,EMA->TP2->NET_BASKET_BE,0,0,0,0,0,0,1,1,1,1,1,1,1,1,39.87,39.87,0.01,0.01,486,486,300.00,300.00,1,1,0,0,1,1
2017.08.18 00:21:01,BUY,1288.53,1113,1096,NONE,2,2,2.97,2.97,0.0,EMA->TP2,EMA->TP2,0,0,1,1,0,0,1,1,1,1,0,0,1,1,4.23,4.23,0.00,0.00,96,96,300.00,300.00,0,0,0,0,1,1
2017.08.18 05:28:00,BUY,1287.69,1114,1097,NONE,2,2,2.05,2.05,0.0,EMA->TP2,EMA->TP2,0,0,1,1,0,0,1,1,1,1,0,0,1,1,2.25,2.25,0.00,0.00,73,73,300.00,300.00,0,0,0,0,1,1
2017.08.18 10:28:00,BUY,1294.91,1115,1098,NONE,1,1,2.0,2.0,0.0,EMA->TP1,EMA->TP1,0,0,1,1,1,1,0,0,1,1,0,0,1,1,2.16,2.16,0.00,0.00,157,157,300.00,300.00,0,0,0,0,1,1
2017.08.21 12:02:00,BUY,1288.34,1116,1099,NONE,1,1,2.6,2.6,0.0,EMA->TP1,EMA->TP1,0,0,1,1,1,1,0,0,1,1,0,0,1,1,1.81,1.81,0.00,0.00,91,91,300.00,300.00,0,0,0,0,1,1
2017.08.21 18:43:02,BUY,1292.43,1117,1100,NONE,2,2,2.07,2.07,0.0,EMA->TP2,EMA->TP2,0,0,1,1,0,0,1,1,1,1,0,0,1,1,6.07,6.07,0.00,0.00,312,312,300.00,300.00,0,0,0,0,1,1
2017.08.22 11:37:00,SELL,1285.40,1118,1101,NONE,2,2,2.22,2.22,0.0,EMA->TP2,EMA->TP2,0,0,1,1,0,0,1,1,1,1,0,0,1,1,3.6,3.6,0.00,0.00,53,53,300.00,300.00,0,0,0,0,1,1
2017.08.22 13:17:00,SELL,1287.12,1119,1102,NONE,2,2,2.04,2.04,0.0,TP2,TP2,0,0,1,1,0,0,1,1,0,0,0,0,1,1,8.88,8.88,0.00,0.00,18,18,300.00,300.00,0,0,0,0,1,1
2017.08.22 14:44:00,SELL,1286.66,1120,1103,NONE,1,1,2.01,2.01,0.0,EMA->TP1,EMA->TP1,0,0,1,1,1,1,0,0,1,1,0,0,1,1,2.58,2.58,0.00,0.00,223,223,300.00,300.00,0,0,0,0,1,1
2017.08.22 19:43:00,SELL,1285.69,1121,1104,NONE,1,1,2.01,2.01,0.0,EMA->TP1,EMA->TP1,0,0,1,1,1,1,0,0,1,1,0,0,1,1,1.14,1.14,0.00,0.00,235,235,300.00,300.00,0,0,0,0,1,1
2017.08.23 01:30:00,BUY,1283.62,1122,1105,NONE,1,1,2.12,2.12,0.0,EMA->TP1,EMA->TP1,0,0,1,1,1,1,0,0,1,1,0,0,1,1,1.03,1.03,0.00,0.00,95,95,300.00,300.00,0,0,0,0,1,1
2017.08.23 07:50:00,SELL,1285.56,1123,1106,ALLOW,4,4,2.32,2.32,0.0,EMA->TP2->NET_BASKET_BE,EMA->TP2->NET_BASKET_BE,0,0,0,0,0,0,1,1,1,1,0,0,1,1,27.03,27.03,0.01,0.01,342,342,300.00,300.00,1,1,0,0,1,1
2017.08.23 23:37:00,BUY,1290.96,1124,1107,NONE,3,3,2.36,2.36,0.0,EMA->TP3,EMA->TP3,0,0,1,1,0,0,0,0,1,1,0,0,1,1,24.47,24.47,0.00,0.00,752,752,300.00,300.00,0,0,0,0,1,1
2017.08.25 03:17:00,SELL,1286.41,1125,1108,NONE,3,3,2.42,2.42,0.0,TP2->TP3->EMA->TP3,TP2->TP3->EMA->TP3,0,0,1,1,0,0,1,1,1,1,0,0,1,1,4.29,4.29,0.00,0.00,168,168,300.00,300.00,0,0,0,0,1,1
2017.08.25 07:15:00,BUY,1286.63,1126,1109,NONE,1,1,2.03,2.03,0.0,EMA->TP1,EMA->TP1,0,0,1,1,1,1,0,0,1,1,0,0,1,1,2.94,2.94,0.00,0.00,360,360,300.00,300.00,0,0,0,0,1,1
2017.08.25 20:13:06,BUY,1291.18,1127,1110,NONE,1,1,2.12,2.12,0.0,EMA->TP1,EMA->TP1,0,0,1,1,1,1,0,0,1,1,0,0,1,1,1.22,1.22,0.00,0.00,3062,3062,300.00,300.00,0,0,0,0,1,1
2017.08.28 07:52:00,BUY,1297.16,1128,1111,NONE,2,2,2.04,2.04,0.0,EMA->TP2,EMA->TP2,0,0,1,1,0,0,1,1,1,1,0,0,1,1,2.24,2.24,0.00,0.00,47,47,300.00,300.00,0,0,0,0,1,1
2017.08.28 16:01:00,BUY,1306.64,1129,1112,NONE,1,1,2.07,2.07,0.0,EMA->TP1,EMA->TP1,0,0,1,1,1,1,0,0,1,1,0,0,1,1,0.92,0.92,0.00,0.00,82,82,300.00,300.00,0,0,0,0,1,1
2017.08.29 04:00:01,BUY,1316.68,1130,1113,NONE,1,1,2.03,2.03,0.0,EMA->TP1,EMA->TP1,0,0,1,1,1,1,0,0,1,1,0,0,1,1,1.75,1.75,0.00,0.00,154,154,300.00,300.00,0,0,0,0,1,1
2017.08.29 18:28:00,BUY,1312.39,1131,1114,NONE,3,3,7.14,7.14,0.0,TP3,TP3,0,0,1,1,0,0,0,0,0,0,0,0,1,1,20.63,20.63,0.00,0.00,130,130,300.00,300.00,0,0,0,0,1,1
2017.08.30 10:17:00,BUY,1311.15,1132,1115,NONE,1,1,2.34,2.34,0.0,EMA->TP1,EMA->TP1,0,0,1,1,1,1,0,0,1,1,0,0,1,1,0.7,0.7,0.00,0.00,30,30,300.00,300.00,0,0,0,0,1,1
2017.08.30 18:44:00,BUY,1307.61,1133,1116,ALLOW,4,4,2.56,2.56,0.0,EMA->TP1->NET_BASKET_BE,EMA->TP1->NET_BASKET_BE,0,0,0,0,1,1,0,0,1,1,0,0,1,1,39.93,39.93,0.01,0.01,419,419,300.00,300.00,1,1,0,0,1,1
2017.08.31 04:17:01,SELL,1303.11,1134,1117,NONE,2,2,2.08,2.08,0.0,EMA->TP2->TP1->TP2,EMA->TP2->TP1->TP2,0,0,1,1,1,1,1,1,1,1,0,0,1,1,3.27,3.27,0.00,0.00,104,104,300.00,300.00,0,0,0,0,1,1
2017.08.31 10:09:00,BUY,1305.96,1135,1118,NONE,1,1,2.61,2.61,0.0,EMA->TP1,EMA->TP1,0,0,1,1,1,1,0,0,1,1,0,0,1,1,2.59,2.59,0.00,0.00,143,143,300.00,300.00,0,0,0,0,1,1
2017.08.31 13:39:00,SELL,1310.43,1136,1119,ALLOW,5,5,2.88,2.88,0.0,NET_BASKET_BE,NET_BASKET_BE,0,0,0,0,0,0,0,0,0,0,1,1,1,1,118.37,118.37,0.02,0.02,1389,1389,300.00,300.00,1,1,0,0,1,1
2017.09.06 00:49:00,BUY,1340.39,1137,1120,NONE,3,3,2.3,2.3,0.0,EMA->TP3,EMA->TP3,0,0,1,1,0,0,0,0,1,1,0,0,1,1,9.37,9.37,0.00,0.00,294,294,300.00,300.00,0,0,0,0,1,1
2017.09.06 14:18:00,BUY,1338.19,1138,1121,NONE,2,2,2.01,2.01,0.0,EMA->TP2,EMA->TP2,0,0,1,1,0,0,1,1,1,1,0,0,1,1,21.6,21.6,0.00,0.00,1149,1149,300.00,300.00,0,0,0,0,1,1
2017.09.08 06:00:00,BUY,1355.22,1139,1122,NONE,2,2,2.34,2.34,0.0,EMA->TP2,EMA->TP2,0,0,1,1,0,0,1,1,1,1,0,0,1,1,7.82,7.82,0.00,0.00,58,58,300.00,300.00,0,0,0,0,1,1
2017.09.08 12:40:00,BUY,1350.41,1140,1123,NONE,3,3,3.39,3.39,0.0,TP3,TP3,0,0,1,1,0,0,0,0,0,0,0,0,1,1,9.22,9.22,0.00,0.00,34,34,300.00,300.00,0,0,0,0,1,1
2017.09.08 17:46:00,BUY,1346.66,1141,1124,ALLOW,5,5,2.42,2.42,0.0,EMA->TP1->NET_BASKET_BE,EMA->TP1->NET_BASKET_BE,0,0,0,0,1,1,0,0,1,1,1,1,1,1,75.58,75.58,0.02,0.02,3137,3137,300.00,300.00,1,1,0,0,1,1
2017.09.11 05:49:00,SELL,1337.49,1142,1125,NONE,1,1,2.08,2.08,0.0,EMA->TP1,EMA->TP1,0,0,1,1,1,1,0,0,1,1,0,0,1,1,0.61,0.61,0.00,0.00,46,46,300.00,300.00,0,0,0,0,1,1
2017.09.11 07:50:00,SELL,1336.79,1143,1126,NONE,2,2,2.03,2.03,0.0,EMA->TP2,EMA->TP2,0,0,1,1,0,0,1,1,1,1,0,0,1,1,3.76,3.76,0.00,0.00,187,187,300.00,300.00,0,0,0,0,1,1
2017.09.11 13:59:00,SELL,1334.59,1144,1127,NONE,1,1,2.41,2.41,0.0,EMA->TP1,EMA->TP1,0,0,1,1,1,1,0,0,1,1,0,0,1,1,1.97,1.97,0.00,0.00,141,141,300.00,300.00,0,0,0,0,1,1
2017.09.11 18:05:00,BUY,1330.72,1145,1128,NONE,3,3,6.08,6.08,0.0,EMA->TP3,EMA->TP3,0,0,1,1,0,0,0,0,1,1,0,0,1,1,23.26,23.26,0.00,0.00,844,844,300.00,300.00,0,0,0,0,1,1
2017.09.12 09:37:00,BUY,1326.60,1146,1129,NONE,3,3,3.9,3.9,0.0,EMA->TP3,EMA->TP3,0,0,1,1,0,0,0,0,1,1,0,0,1,1,10.87,10.87,0.00,0.00,127,127,300.00,300.00,0,0,0,0,1,1
2017.09.12 15:19:00,BUY,1326.99,1147,1130,NONE,2,2,2.29,2.29,0.0,EMA->TP2,EMA->TP2,0,0,1,1,0,0,1,1,1,1,0,0,1,1,2.99,2.99,0.00,0.00,77,77,300.00,300.00,0,0,0,0,1,1
2017.09.12 20:04:00,SELL,1331.49,1148,1131,NONE,2,2,3.35,3.35,0.0,TP2,TP2,0,0,1,1,0,0,1,1,0,0,0,0,1,1,6.49,6.49,0.00,0.00,167,167,300.00,300.00,0,0,0,0,1,1
2017.09.13 02:14:00,SELL,1331.97,1149,1132,NONE,1,1,2.08,2.08,0.0,EMA->TP1,EMA->TP1,0,0,1,1,1,1,0,0,1,1,0,0,1,1,1.42,1.42,0.00,0.00,184,184,300.00,300.00,0,0,0,0,1,1
2017.09.13 12:12:00,SELL,1333.32,1150,1133,NONE,1,1,2.03,2.03,0.0,EMA->TP1,EMA->TP1,0,0,1,1,1,1,0,0,1,1,0,0,1,1,1.51,1.51,0.00,0.00,45,45,300.00,300.00,0,0,0,0,1,1
2017.09.13 15:15:00,BUY,1322.88,1151,1134,NONE,2,2,2.28,2.28,0.0,EMA->TP2,EMA->TP2,0,0,1,1,0,0,1,1,1,1,0,0,1,1,10.05,10.05,0.00,0.00,671,671,300.00,300.00,0,0,0,0,1,1
2017.09.14 03:42:00,SELL,1321.55,1152,1135,NONE,3,3,2.2,2.2,0.0,EMA->TP1->TP3,EMA->TP1->TP3,0,0,1,1,1,1,0,0,1,1,0,0,1,1,21.49,21.49,0.00,0.00,463,463,300.00,300.00,0,0,0,0,1,1
2017.09.15 06:54:00,SELL,1330.45,1153,1136,NONE,1,1,2.11,2.11,0.0,EMA->TP1,EMA->TP1,0,0,1,1,1,1,0,0,1,1,0,0,1,1,0.62,0.62,0.00,0.00,13,13,300.00,300.00,0,0,0,0,1,1
2017.09.17 23:17:00,BUY,1317.47,1154,1137,NONE,3,3,2.05,2.05,0.0,TP3,TP3,0,0,1,1,0,0,0,0,0,0,0,0,1,1,14.65,14.65,0.00,0.00,59,59,300.00,300.00,0,0,0,0,1,1
2017.09.18 14:18:00,BUY,1312.27,1155,1138,ALLOW,4,4,3.9,3.9,0.0,NET_BASKET_BE,NET_BASKET_BE,0,0,0,0,0,0,0,0,0,0,0,0,1,1,44.59,44.59,0.01,0.01,1378,1378,300.00,300.00,1,1,0,0,1,1
2017.09.19 14:20:00,BUY,1309.44,1156,1139,NONE,2,2,2.38,2.38,0.0,EMA->TP2,EMA->TP2,0,0,1,1,0,0,1,1,1,1,0,0,1,1,3.09,3.09,0.00,0.00,97,97,300.00,300.00,0,0,0,0,1,1
2017.09.19 16:53:00,BUY,1306.39,1157,1140,NONE,1,1,2.03,2.03,0.0,EMA->TP1,EMA->TP1,0,0,1,1,1,1,0,0,1,1,0,0,1,1,0.82,0.82,0.00,0.00,65,65,300.00,300.00,0,0,0,0,1,1
2017.09.20 01:06:00,BUY,1310.49,1158,1141,NONE,1,1,2.03,2.03,0.0,EMA->TP1,EMA->TP1,0,0,1,1,1,1,0,0,1,1,0,0,1,1,0.83,0.83,0.00,0.00,61,61,300.00,300.00,0,0,0,0,1,1
2017.09.21 06:34:00,BUY,1298.41,1159,1142,ALLOW,4,4,2.11,2.11,0.0,NET_BASKET_BE,NET_BASKET_BE,0,0,0,0,0,0,0,0,0,0,0,0,1,1,22.2,22.2,0.00,0.00,95,95,300.00,300.00,1,1,0,0,1,1
2017.09.21 14:53:00,BUY,1290.05,1160,1143,NONE,1,1,2.14,2.14,0.0,EMA->TP1,EMA->TP1,0,0,1,1,1,1,0,0,1,1,0,0,1,1,1.11,1.11,0.00,0.00,22,22,300.00,300.00,0,0,0,0,1,1
2017.09.21 23:01:00,BUY,1292.12,1161,1144,NONE,2,2,2.01,2.01,0.0,EMA->TP2->TP1->TP2,EMA->TP2->TP1->TP2,0,0,1,1,1,1,1,1,1,1,0,0,1,1,6.57,6.57,0.00,0.00,102,102,300.00,300.00,0,0,0,0,1,1
2017.09.22 15:38:00,BUY,1295.51,1162,1145,NONE,3,3,5.97,5.97,0.0,EMA->TP1->TP3,EMA->TP1->TP3,0,0,1,1,1,1,0,0,1,1,0,0,1,1,20.58,20.58,0.00,0.00,3601,3601,300.00,300.00,0,0,0,0,1,1
2017.09.25 05:53:00,BUY,1293.64,1163,1146,NONE,2,2,2.0,2.0,0.0,EMA->TP2,EMA->TP2,0,0,1,1,0,0,1,1,1,1,0,0,1,1,6.24,6.24,0.00,0.00,184,184,300.00,300.00,0,0,0,0,1,1
2017.09.26 11:09:00,SELL,1303.05,1164,1147,NONE,1,1,2.01,2.01,0.0,EMA->TP1,EMA->TP1,0,0,1,1,1,1,0,0,1,1,0,0,1,1,1.27,1.27,0.00,0.00,36,36,300.00,300.00,0,0,0,0,1,1
2017.09.27 15:50:00,BUY,1286.26,1165,1148,NONE,1,1,2.34,2.34,0.0,EMA->TP1,EMA->TP1,0,0,1,1,1,1,0,0,1,1,0,0,1,1,1.12,1.12,0.00,0.00,32,32,300.00,300.00,0,0,0,0,1,1
2017.09.29 00:09:00,BUY,1287.26,1166,1149,NONE,3,3,2.07,2.07,0.0,EMA->TP3,EMA->TP3,0,0,1,1,0,0,0,0,1,1,0,0,1,1,16.19,16.19,0.00,0.00,392,392,300.00,300.00,0,0,0,0,1,1
2017.09.29 12:26:00,BUY,1286.61,1167,1150,NONE,2,2,3.02,3.02,0.0,TP2,TP2,0,0,1,1,0,0,1,1,0,0,0,0,1,1,2.24,2.24,0.00,0.00,4,4,300.00,300.00,0,0,0,0,1,1
2017.09.29 13:38:00,BUY,1286.10,1168,1151,NONE,2,2,4.31,4.31,0.0,TP2,TP2,0,0,1,1,0,0,1,1,0,0,0,0,1,1,8.68,8.68,0.00,0.00,58,58,300.00,300.00,0,0,0,0,1,1
2017.10.03 05:22:00,BUY,1269.14,1169,1152,NONE,1,1,2.13,2.13,0.0,EMA->TP1,EMA->TP1,0,0,1,1,1,1,0,0,1,1,0,0,1,1,1.04,1.04,0.00,0.00,68,68,300.00,300.00,0,0,0,0,1,1
2017.10.04 03:50:00,BUY,1275.62,1170,1153,NONE,1,1,2.44,2.44,0.0,EMA->TP1,EMA->TP1,0,0,1,1,1,1,0,0,1,1,0,0,1,1,0.62,0.62,0.00,0.00,135,135,300.00,300.00,0,0,0,0,1,1
2017.10.04 15:27:00,BUY,1274.29,1171,1154,NONE,2,2,2.29,2.29,0.0,TP2->EMA->TP2,TP2->EMA->TP2,0,0,1,1,0,0,1,1,1,1,0,0,1,1,5.43,5.43,0.00,0.00,118,118,300.00,300.00,0,0,0,0,1,1
2017.10.04 19:40:00,SELL,1275.99,1172,1155,NONE,1,1,2.07,2.07,0.0,TP1->EMA->TP1,TP1->EMA->TP1,0,0,1,1,1,1,0,0,1,1,0,0,1,1,1.31,1.31,0.00,0.00,251,251,300.00,300.00,0,0,0,0,1,1
2017.10.05 05:40:00,BUY,1275.32,1173,1156,NONE,3,3,2.05,2.05,0.0,EMA->TP3,EMA->TP3,0,0,1,1,0,0,0,0,1,1,0,0,1,1,9.29,9.29,0.00,0.00,88,88,300.00,300.00,0,0,0,0,1,1
2017.10.05 09:13:00,SELL,1278.11,1174,1157,NONE,1,1,2.0,2.0,0.0,EMA->TP1,EMA->TP1,0,0,1,1,1,1,0,0,1,1,0,0,1,1,2.2,2.2,0.00,0.00,197,197,300.00,300.00,0,0,0,0,1,1
2017.10.05 18:46:00,BUY,1270.17,1175,1158,NONE,3,3,4.16,4.16,0.0,TP3,TP3,0,0,1,1,0,0,0,0,0,0,0,0,1,1,11.19,11.19,0.00,0.00,195,195,300.00,300.00,0,0,0,0,1,1
2017.10.05 22:51:00,BUY,1269.08,1176,1159,NONE,3,3,2.54,2.54,0.0,TP3->EMA->TP2->TP3,TP3->EMA->TP2->TP3,0,0,1,1,0,0,1,1,1,1,0,0,1,1,7.24,7.24,0.00,0.00,53,53,300.00,300.00,0,0,0,0,1,1
2017.10.06 14:01:00,BUY,1261.63,1177,1160,NONE,1,1,2.65,2.65,0.0,TP1,TP1,0,0,1,1,1,1,0,0,0,0,0,0,1,1,1.17,1.17,0.00,0.00,24,24,300.00,300.00,0,0,0,0,1,1
2017.10.09 05:04:00,BUY,1283.07,1178,1161,NONE,1,1,2.25,2.25,0.0,EMA->TP1,EMA->TP1,0,0,1,1,1,1,0,0,1,1,0,0,1,1,0.61,0.61,0.00,0.00,56,56,300.00,300.00,0,0,0,0,1,1
2017.10.09 06:07:00,SELL,1283.59,1179,1162,NONE,1,1,2.61,2.61,0.0,EMA->TP1,EMA->TP1,0,0,1,1,1,1,0,0,1,1,0,0,1,1,0.97,0.97,0.00,0.00,54,54,300.00,300.00,0,0,0,0,1,1
2017.10.09 12:08:00,SELL,1282.82,1180,1163,NONE,1,1,2.03,2.03,0.0,EMA->TP1,EMA->TP1,0,0,1,1,1,1,0,0,1,1,0,0,1,1,0.66,0.66,0.00,0.00,27,27,300.00,300.00,0,0,0,0,1,1
2017.10.09 12:42:00,BUY,1280.69,1181,1164,NONE,1,1,2.06,2.06,0.0,EMA->TP1,EMA->TP1,0,0,1,1,1,1,0,0,1,1,0,0,1,1,2.73,2.73,0.00,0.00,277,277,300.00,300.00,0,0,0,0,1,1
2017.10.09 22:35:00,BUY,1283.63,1182,1165,NONE,3,3,2.08,2.08,0.0,EMA->TP1->TP2->TP3,EMA->TP1->TP2->TP3,0,0,1,1,1,1,1,1,1,1,0,0,1,1,8.32,8.32,0.00,0.00,155,155,300.00,300.00,0,0,0,0,1,1
2017.10.10 05:34:00,SELL,1287.09,1183,1166,NONE,2,2,2.16,2.16,0.0,EMA->TP1->TP2,EMA->TP1->TP2,0,0,1,1,1,1,1,1,1,1,0,0,1,1,5.11,5.11,0.00,0.00,89,89,300.00,300.00,0,0,0,0,1,1
2017.10.10 08:36:00,SELL,1288.63,1184,1167,NONE,3,3,2.01,2.01,0.0,EMA->TP3,EMA->TP3,0,0,1,1,0,0,0,0,1,1,0,0,1,1,17.26,17.26,0.00,0.00,239,239,300.00,300.00,0,0,0,0,1,1
2017.10.11 07:31:00,SELL,1288.35,1185,1168,NONE,2,2,2.27,2.27,0.0,EMA->TP2,EMA->TP2,0,0,1,1,0,0,1,1,1,1,0,0,1,1,8.21,8.21,0.00,0.00,442,442,300.00,300.00,0,0,0,0,1,1
2017.10.12 04:43:00,BUY,1295.15,1186,1169,NONE,1,1,2.02,2.02,0.0,EMA->TP1,EMA->TP1,0,0,1,1,1,1,0,0,1,1,0,0,1,1,1.92,1.92,0.00,0.00,177,177,300.00,300.00,0,0,0,0,1,1
2017.10.12 09:31:00,BUY,1294.65,1187,1170,NONE,2,2,3.35,3.35,0.0,EMA->TP2,EMA->TP2,0,0,1,1,0,0,1,1,1,1,0,0,1,1,12.69,12.69,0.00,0.00,478,478,300.00,300.00,0,0,0,0,1,1
2017.10.13 14:40:00,BUY,1299.15,1188,1171,NONE,1,1,2.01,2.01,0.0,EMA->TP1,EMA->TP1,0,0,1,1,1,1,0,0,1,1,0,0,1,1,1.44,1.44,0.00,0.00,106,106,300.00,300.00,0,0,0,0,1,1
2017.10.16 12:36:00,BUY,1305.17,1189,1172,NONE,2,2,2.86,2.86,0.0,EMA->TP2,EMA->TP2,0,0,1,1,0,0,1,1,1,1,0,0,1,1,4.77,4.77,0.00,0.00,117,117,300.00,300.00,0,0,0,0,1,1
2017.10.17 08:14:00,SELL,1290.13,1190,1173,NONE,1,1,2.14,2.14,0.0,EMA->TP1,EMA->TP1,0,0,1,1,1,1,0,0,1,1,0,0,1,1,1.5,1.5,0.00,0.00,106,106,300.00,300.00,0,0,0,0,1,1
2017.10.17 15:05:00,BUY,1285.39,1191,1174,NONE,2,2,3.57,3.57,0.0,TP2,TP2,0,0,1,1,0,0,1,1,0,0,0,0,1,1,6.79,6.79,0.00,0.00,38,38,300.00,300.00,0,0,0,0,1,1
2017.10.18 03:41:00,BUY,1287.28,1192,1175,NONE,3,3,2.33,2.33,0.0,TP3->EMA->TP3,TP3->EMA->TP3,0,0,1,1,0,0,0,0,1,1,0,0,1,1,4.47,4.47,0.00,0.00,14,14,300.00,300.00,0,0,0,0,1,1
2017.10.18 14:48:00,SELL,1281.14,1193,1176,NONE,1,1,2.22,2.22,0.0,EMA->TP1,EMA->TP1,0,0,1,1,1,1,0,0,1,1,0,0,1,1,2.02,2.02,0.00,0.00,668,668,300.00,300.00,0,0,0,0,1,1
2017.10.19 03:32:00,SELL,1278.06,1194,1177,NONE,2,2,2.0,2.0,0.0,EMA->TP2,EMA->TP2,0,0,1,1,0,0,1,1,1,1,0,0,1,1,2.76,2.76,0.00,0.00,81,81,300.00,300.00,0,0,0,0,1,1
2017.10.20 02:03:00,BUY,1285.10,1195,1178,NONE,2,2,3.91,3.91,0.0,EMA->TP2,EMA->TP2,0,0,1,1,0,0,1,1,1,1,0,0,1,1,4.32,4.32,0.00,0.00,302,302,300.00,300.00,0,0,0,0,1,1
2017.10.20 09:32:00,BUY,1280.46,1196,1179,NONE,1,1,3.03,3.03,0.0,EMA->TP1,EMA->TP1,0,0,1,1,1,1,0,0,1,1,0,0,1,1,1.4,1.4,0.00,0.00,148,148,300.00,300.00,0,0,0,0,1,1
2017.10.20 13:03:00,BUY,1283.34,1197,1180,NONE,2,2,2.05,2.05,0.0,EMA->TP2,EMA->TP2,0,0,1,1,0,0,1,1,1,1,0,0,1,1,6.59,6.59,0.00,0.00,88,88,300.00,300.00,0,0,0,0,1,1
2017.10.20 19:28:00,BUY,1279.76,1198,1181,NONE,1,1,2.01,2.01,0.0,EMA->TP1,EMA->TP1,0,0,1,1,1,1,0,0,1,1,0,0,1,1,0.51,0.51,0.00,0.00,28,28,300.00,300.00,0,0,0,0,1,1
2017.10.23 00:07:00,BUY,1275.17,1199,1182,NONE,1,1,2.06,2.06,0.0,EMA->TP1,EMA->TP1,0,0,1,1,1,1,0,0,1,1,0,0,1,1,1.75,1.75,0.00,0.00,132,132,300.00,300.00,0,0,0,0,1,1
2017.10.23 07:19:00,BUY,1275.02,1200,1183,NONE,2,2,2.71,2.71,0.0,EMA->TP2,EMA->TP2,0,0,1,1,0,0,1,1,1,1,0,0,1,1,5.16,5.16,0.00,0.00,383,383,300.00,300.00,0,0,0,0,1,1
2017.10.23 15:39:00,BUY,1274.23,1201,1184,NONE,1,1,2.05,2.05,0.0,EMA->TP1,EMA->TP1,0,0,1,1,1,1,0,0,1,1,0,0,1,1,0.34,0.34,0.00,0.00,16,16,300.00,300.00,0,0,0,0,1,1
2017.10.24 00:59:01,BUY,1282.94,1202,1185,NONE,3,3,4.7,4.7,0.0,EMA->TP3,EMA->TP3,0,0,1,1,0,0,0,0,1,1,0,0,1,1,8.99,8.99,0.00,0.00,120,120,300.00,300.00,0,0,0,0,1,1
2017.10.24 09:12:00,BUY,1278.30,1203,1186,NONE,3,3,2.58,2.58,0.0,TP1->EMA->TP2->TP3,TP1->EMA->TP2->TP3,0,0,1,1,1,1,1,1,1,1,0,0,1,1,9.11,9.11,0.00,0.00,271,271,300.00,300.00,0,0,0,0,1,1
2017.10.25 02:03:00,BUY,1275.58,1204,1187,NONE,2,2,5.78,5.78,0.0,EMA->TP2,EMA->TP2,0,0,1,1,0,0,1,1,1,1,0,0,1,1,9.62,9.62,0.00,0.00,717,717,300.00,300.00,0,0,0,0,1,1
2017.10.30 07:09:00,BUY,1269.80,1205,1188,NONE,1,1,2.01,2.01,0.0,EMA->TP1,EMA->TP1,0,0,1,1,1,1,0,0,1,1,0,0,1,1,1.05,1.05,0.00,0.00,185,185,300.00,300.00,0,0,0,0,1,1
2017.10.31 16:22:00,BUY,1269.76,1206,1189,NONE,2,2,2.18,2.18,0.0,TP2,TP2,0,0,1,1,0,0,1,1,0,0,0,0,1,1,2.2,2.2,0.00,0.00,62,62,300.00,300.00,0,0,0,0,1,1
2017.11.01 10:58:00,BUY,1278.99,1207,1190,ALLOW,4,4,2.17,2.17,0.0,EMA->NET_BASKET_BE,EMA->NET_BASKET_BE,0,0,0,0,0,0,0,0,1,1,0,0,1,1,25.52,25.52,0.01,0.01,92,92,300.00,300.00,1,1,0,0,1,1
2017.11.02 22:25:00,SELL,1276.77,1208,1191,ALLOW,5,5,3.46,3.46,0.0,TP2->TP3->NET_BASKET_BE,TP2->TP3->NET_BASKET_BE,0,0,0,0,0,0,1,1,0,0,1,1,1,1,23.23,23.23,0.00,0.00,231,231,300.00,300.00,1,1,0,0,1,1
2017.11.03 04:30:00,SELL,1276.77,1209,1192,NONE,3,3,2.5,2.5,0.0,EMA->TP2->TP3->TP1->TP3,EMA->TP2->TP3->TP1->TP3,0,0,1,1,1,1,1,1,1,1,0,0,1,1,4.1,4.1,0.00,0.00,121,121,300.00,300.00,0,0,0,0,1,1
2017.11.07 11:43:00,BUY,1276.55,1210,1193,NONE,1,1,2.06,2.06,0.0,EMA->TP1,EMA->TP1,0,0,1,1,1,1,0,0,1,1,0,0,1,1,2.09,2.09,0.00,0.00,133,133,300.00,300.00,0,0,0,0,1,1
2017.11.07 16:14:00,BUY,1274.45,1211,1194,NONE,1,1,2.02,2.02,0.0,EMA->TP1,EMA->TP1,0,0,1,1,1,1,0,0,1,1,0,0,1,1,2.0,2.0,0.00,0.00,222,222,300.00,300.00,0,0,0,0,1,1
2017.11.08 07:43:00,SELL,1278.38,1212,1195,ALLOW,5,5,3.83,3.83,0.0,EMA->TP2->NET_BASKET_BE,EMA->TP2->NET_BASKET_BE,0,0,0,0,0,0,1,1,1,1,1,1,1,1,68.43,68.43,0.01,0.01,680,680,300.00,300.00,1,1,0,0,1,1
2017.11.10 06:48:00,BUY,1285.72,1213,1196,NONE,3,3,2.21,2.21,0.0,EMA->TP3,EMA->TP3,0,0,1,1,0,0,0,0,1,1,0,0,1,1,10.93,10.93,0.00,0.00,158,158,300.00,300.00,0,0,0,0,1,1
2017.11.13 04:44:07,SELL,1275.52,1214,1197,ALLOW,5,5,2.31,2.31,0.0,EMA->TP2->TP3->NET_BASKET_BE,EMA->TP2->TP3->NET_BASKET_BE,0,0,0,0,0,0,1,1,1,1,1,1,1,1,22.33,22.33,0.00,0.00,209,209,300.00,300.00,1,1,0,0,1,1
2017.11.13 14:17:00,SELL,1278.30,1215,1198,NONE,2,2,2.03,2.03,0.0,EMA->TP2,EMA->TP2,0,0,1,1,0,0,1,1,1,1,0,0,1,1,3.32,3.32,0.00,0.00,126,126,300.00,300.00,0,0,0,0,1,1
2017.11.14 04:28:01,SELL,1276.56,1216,1199,NONE,2,2,2.09,2.09,0.0,EMA->TP2,EMA->TP2,0,0,1,1,0,0,1,1,1,1,0,0,1,1,2.13,2.13,0.00,0.00,212,212,300.00,300.00,0,0,0,0,1,1
2017.11.14 10:26:00,SELL,1273.67,1217,1200,NONE,2,2,2.43,2.43,0.0,EMA->TP1->TP2,EMA->TP1->TP2,0,0,1,1,1,1,1,1,1,1,0,0,1,1,7.6,7.6,0.00,0.00,184,184,300.00,300.00,0,0,0,0,1,1
2017.11.14 18:29:00,SELL,1282.54,1218,1201,NONE,1,1,2.02,2.02,0.0,TP1->EMA->TP1,TP1->EMA->TP1,0,0,1,1,1,1,0,0,1,1,0,0,1,1,1.25,1.25,0.00,0.00,148,148,300.00,300.00,0,0,0,0,1,1
2017.11.15 03:31:03,BUY,1281.52,1219,1202,NONE,2,2,8.51,8.51,0.0,EMA->TP1->TP2,EMA->TP1->TP2,0,0,1,1,1,1,1,1,1,1,0,0,1,1,2.24,2.24,0.00,0.00,328,328,300.00,300.00,0,0,0,0,1,1
2017.11.15 14:36:00,BUY,1287.22,1220,1203,NONE,3,3,2.22,2.22,0.0,EMA->TP3,EMA->TP3,0,0,1,1,0,0,0,0,1,1,0,0,1,1,53.57,53.57,0.01,0.01,2846,2846,300.00,300.00,0,0,0,0,1,1
2017.11.21 08:22:00,SELL,1280.30,1221,1204,NONE,1,1,2.0,2.0,0.0,EMA->TP1,EMA->TP1,0,0,1,1,1,1,0,0,1,1,0,0,1,1,1.0,1.0,0.00,0.00,187,187,300.00,300.00,0,0,0,0,1,1
2017.11.21 11:39:00,BUY,1278.73,1222,1205,NONE,2,2,2.16,2.16,0.0,TP2,TP2,0,0,1,1,0,0,1,1,0,0,0,0,1,1,3.3,3.3,0.00,0.00,88,88,300.00,300.00,0,0,0,0,1,1
2017.11.21 14:56:00,SELL,1282.94,1223,1206,NONE,1,1,2.41,2.41,0.0,EMA->TP1,EMA->TP1,0,0,1,1,1,1,0,0,1,1,0,0,1,1,2.64,2.64,0.00,0.00,261,261,300.00,300.00,0,0,0,0,1,1
2017.11.22 02:17:00,SELL,1280.80,1224,1207,ALLOW,4,4,2.12,2.12,0.0,EMA->TP1->NET_BASKET_BE,EMA->TP1->NET_BASKET_BE,0,0,0,0,1,1,0,0,1,1,0,0,1,1,28.42,28.42,0.01,0.01,447,447,300.00,300.00,1,1,0,0,1,1
2017.11.23 00:32:00,BUY,1291.12,1225,1208,NONE,3,3,2.53,2.53,0.0,EMA->TP3,EMA->TP3,0,0,1,1,0,0,0,0,1,1,0,0,1,1,7.53,7.53,0.00,0.00,359,359,300.00,300.00,0,0,0,0,1,1
2017.11.24 07:32:00,BUY,1290.39,1226,1209,NONE,3,3,3.33,3.33,0.0,EMA->TP1->TP2->TP3,EMA->TP1->TP2->TP3,0,0,1,1,1,1,1,1,1,1,0,0,1,1,10.27,10.27,0.00,0.00,295,295,300.00,300.00,0,0,0,0,1,1
2017.11.27 07:05:00,BUY,1290.18,1227,1210,NONE,1,1,2.01,2.01,0.0,EMA->TP1,EMA->TP1,0,0,1,1,1,1,0,0,1,1,0,0,1,1,0.71,0.71,0.00,0.00,58,58,300.00,300.00,0,0,0,0,1,1
2017.11.27 15:24:00,BUY,1293.44,1228,1211,NONE,1,1,2.82,2.82,0.0,EMA->TP1,EMA->TP1,0,0,1,1,1,1,0,0,1,1,0,0,1,1,6.38,6.38,0.00,0.00,1457,1457,300.00,300.00,0,0,0,0,1,1
2017.11.29 16:28:00,BUY,1284.11,1229,1212,ALLOW,4,4,57.12,57.12,0.0,EMA->NET_BASKET_BE,EMA->NET_BASKET_BE,0,0,0,0,0,0,0,0,1,1,0,0,1,1,69.94,69.94,0.01,0.01,2912,2912,300.00,300.00,1,1,0,0,1,1
2017.12.06 12:36:00,BUY,1265.92,1230,1213,NONE,2,2,2.09,2.09,0.0,TP1->EMA->TP2,TP1->EMA->TP2,0,0,1,1,1,1,1,1,1,1,0,0,1,1,4.94,4.94,0.00,0.00,54,54,300.00,300.00,0,0,0,0,1,1
2017.12.08 04:36:00,BUY,1249.02,1231,1214,NONE,3,3,3.2,3.2,0.0,TP2->TP3->EMA->TP3,TP2->TP3->EMA->TP3,0,0,1,1,0,0,1,1,1,1,0,0,1,1,2.98,2.98,0.00,0.00,84,84,300.00,300.00,0,0,0,0,1,1
2017.12.08 08:48:00,BUY,1247.48,1232,1215,NONE,2,2,2.02,2.02,0.0,TP2->EMA->TP2,TP2->EMA->TP2,0,0,1,1,0,0,1,1,1,1,0,0,1,1,4.39,4.39,0.00,0.00,252,252,300.00,300.00,0,0,0,0,1,1
2017.12.11 17:39:00,BUY,1245.63,1233,1216,ALLOW,4,4,2.15,2.15,0.0,NET_BASKET_BE,NET_BASKET_BE,0,0,0,0,0,0,0,0,0,0,0,0,1,1,20.33,20.33,0.00,0.00,540,540,300.00,300.00,1,1,0,0,1,1
2017.12.13 09:58:00,BUY,1241.40,1234,1217,NONE,1,1,2.45,2.45,0.0,EMA->TP1,EMA->TP1,0,0,1,1,1,1,0,0,1,1,0,0,1,1,1.5,1.5,0.00,0.00,212,212,300.00,300.00,0,0,0,0,1,1
2017.12.13 15:04:00,BUY,1244.02,1235,1218,NONE,1,1,2.49,2.49,0.0,EMA->TP1,EMA->TP1,0,0,1,1,1,1,0,0,1,1,0,0,1,1,1.49,1.49,0.00,0.00,55,55,300.00,300.00,0,0,0,0,1,1
2017.12.13 16:42:00,BUY,1245.73,1236,1219,NONE,1,1,2.01,2.01,0.0,EMA->TP1,EMA->TP1,0,0,1,1,1,1,0,0,1,1,0,0,1,1,1.74,1.74,0.00,0.00,54,54,300.00,300.00,0,0,0,0,1,1
2017.12.14 08:50:01,BUY,1255.49,1237,1220,NONE,1,1,2.03,2.03,0.0,EMA->TP1,EMA->TP1,0,0,1,1,1,1,0,0,1,1,0,0,1,1,1.0,1.0,0.00,0.00,256,256,300.00,300.00,0,0,0,0,1,1
2017.12.14 13:20:00,SELL,1257.21,1238,1221,NONE,1,1,2.02,2.02,0.0,TP1->EMA->TP1,TP1->EMA->TP1,0,0,1,1,1,1,0,0,1,1,0,0,1,1,0.83,0.83,0.00,0.00,10,10,300.00,300.00,0,0,0,0,1,1
2017.12.14 23:02:00,BUY,1253.32,1239,1222,NONE,1,1,2.02,2.02,0.0,EMA->TP1,EMA->TP1,0,0,1,1,1,1,0,0,1,1,0,0,1,1,2.08,2.08,0.00,0.00,509,509,300.00,300.00,0,0,0,0,1,1
2017.12.15 08:16:00,SELL,1257.02,1240,1223,NONE,3,3,27.26,27.26,0.0,EMA->TP3->TP1->TP2->TP3,EMA->TP3->TP1->TP2->TP3,0,0,1,1,1,1,1,1,1,1,0,0,1,1,18.22,18.22,0.00,0.00,464,464,300.00,300.00,0,0,0,0,1,1
2017.12.15 20:24:00,SELL,1256.02,1241,1224,NONE,1,1,2.07,2.07,0.0,EMA->TP1,EMA->TP1,0,0,1,1,1,1,0,0,1,1,0,0,1,1,1.07,1.07,0.00,0.00,3038,3038,300.00,300.00,0,0,0,0,1,1
2017.12.18 01:25:00,BUY,1254.29,1242,1225,NONE,2,2,2.12,2.12,0.0,TP2->EMA->TP2,TP2->EMA->TP2,0,0,1,1,0,0,1,1,1,1,0,0,1,1,3.3,3.3,0.00,0.00,47,47,300.00,300.00,0,0,0,0,1,1
2017.12.18 02:26:00,SELL,1254.44,1243,1226,ALLOW,5,5,2.27,2.27,0.0,TP2->EMA->NET_BASKET_BE,TP2->EMA->NET_BASKET_BE,0,0,0,0,0,0,1,1,1,1,1,1,1,1,87.56,87.56,0.02,0.02,2344,2344,300.00,300.00,1,1,0,0,1,1
2017.12.19 21:55:00,BUY,1261.95,1244,1227,NONE,2,2,2.0,2.0,0.0,EMA->TP2->TP1->TP2,EMA->TP2->TP1->TP2,0,0,1,1,1,1,1,1,1,1,0,0,1,1,1.02,1.02,0.00,0.00,107,107,300.00,300.00,0,0,0,0,1,1
2017.12.20 01:32:01,SELL,1262.73,1245,1228,NONE,3,3,2.14,2.14,0.0,TP3->EMA->TP3,TP3->EMA->TP3,0,0,1,1,0,0,0,0,1,1,0,0,1,1,6.03,6.03,0.00,0.00,254,254,300.00,300.00,0,0,0,0,1,1
2017.12.21 00:05:00,SELL,1266.19,1246,1229,NONE,3,3,2.27,2.27,0.0,TP2->EMA->TP3,TP2->EMA->TP3,0,0,1,1,0,0,1,1,1,1,0,0,1,1,7.51,7.51,0.00,0.00,333,333,300.00,300.00,0,0,0,0,1,1
2017.12.21 15:13:00,BUY,1265.36,1247,1230,NONE,1,1,2.0,2.0,0.0,EMA->TP1,EMA->TP1,0,0,1,1,1,1,0,0,1,1,0,0,1,1,1.38,1.38,0.00,0.00,87,87,300.00,300.00,0,0,0,0,1,1
2017.12.22 02:59:00,BUY,1266.15,1248,1231,NONE,1,1,2.05,2.05,0.0,EMA->TP1,EMA->TP1,0,0,1,1,1,1,0,0,1,1,0,0,1,1,0.73,0.73,0.00,0.00,323,323,300.00,300.00,0,0,0,0,1,1
2017.12.25 23:08:00,BUY,1274.42,1249,1232,NONE,1,1,2.03,2.03,0.0,EMA->TP1,EMA->TP1,0,0,1,1,1,1,0,0,1,1,0,0,1,1,1.02,1.02,0.00,0.00,122,122,300.00,300.00,0,0,0,0,1,1
2017.12.26 01:11:00,BUY,1277.86,1250,1233,NONE,1,1,2.04,2.04,0.0,EMA->TP1,EMA->TP1,0,0,1,1,1,1,0,0,1,1,0,0,1,1,2.18,2.18,0.00,0.00,715,715,300.00,300.00,0,0,0,0,1,1
2017.12.27 17:39:00,BUY,1287.04,1251,1234,NONE,1,1,2.0,2.0,0.0,EMA->TP1,EMA->TP1,0,0,1,1,1,1,0,0,1,1,0,0,1,1,5.08,5.08,0.00,0.00,724,724,300.00,300.00,0,0,0,0,1,1
2018.01.02 00:01:01,BUY,1306.97,1252,1235,NONE,1,1,5.55,5.55,0.0,EMA->TP1,EMA->TP1,0,0,1,1,1,1,0,0,1,1,0,0,1,1,3.14,3.14,0.00,0.00,631,631,300.00,300.00,0,0,0,0,1,1
2018.01.02 11:06:00,BUY,1311.95,1253,1236,NONE,2,2,2.01,2.01,0.0,EMA->TP2,EMA->TP2,0,0,1,1,0,0,1,1,1,1,0,0,1,1,4.61,4.61,0.00,0.00,106,106,300.00,300.00,0,0,0,0,1,1
2018.01.05 06:58:00,BUY,1318.42,1254,1237,NONE,3,3,2.0,2.0,0.0,TP3,TP3,0,0,1,1,0,0,0,0,0,0,0,0,1,1,6.21,6.21,0.00,0.00,213,213,300.00,300.00,0,0,0,0,1,1
2018.01.05 20:28:00,BUY,1319.65,1255,1238,NONE,2,2,2.0,2.0,0.0,TP2,TP2,0,0,1,1,0,0,1,1,0,0,0,0,1,1,2.5,2.5,0.00,0.00,19,19,300.00,300.00,0,0,0,0,1,1
2018.01.08 16:21:00,BUY,1318.64,1256,1239,NONE,3,3,2.0,2.0,0.0,TP3,TP3,0,0,1,1,0,0,0,0,0,0,0,0,1,1,9.8,9.8,0.00,0.00,80,80,300.00,300.00,0,0,0,0,1,1
2018.01.09 17:19:00,BUY,1310.96,1257,1240,NONE,1,1,2.12,2.12,0.0,EMA->TP1,EMA->TP1,0,0,1,1,1,1,0,0,1,1,0,0,1,1,0.69,0.69,0.00,0.00,101,101,300.00,300.00,0,0,0,0,1,1
2018.01.10 06:03:00,BUY,1310.19,1258,1241,NONE,1,1,2.0,2.0,0.0,EMA->TP1,EMA->TP1,0,0,1,1,1,1,0,0,1,1,0,0,1,1,1.62,1.62,0.00,0.00,120,120,300.00,300.00,0,0,0,0,1,1
2018.01.11 12:33:00,BUY,1318.95,1259,1242,NONE,1,1,2.55,2.55,0.0,EMA->TP1,EMA->TP1,0,0,1,1,1,1,0,0,1,1,0,0,1,1,1.31,1.31,0.00,0.00,40,40,300.00,300.00,0,0,0,0,1,1
2018.01.12 14:09:00,BUY,1325.70,1260,1243,NONE,1,1,2.35,2.35,0.0,TP1,TP1,0,0,1,1,1,1,0,0,0,0,0,0,1,1,1.12,1.12,0.00,0.00,13,13,300.00,300.00,0,0,0,0,1,1
2018.01.17 14:57:00,BUY,1336.00,1261,1244,NONE,3,3,4.52,4.52,0.0,EMA->TP3,EMA->TP3,0,0,1,1,0,0,0,0,1,1,0,0,1,1,13.18,13.18,0.00,0.00,124,124,300.00,300.00,0,0,0,0,1,1
2018.01.17 21:53:00,BUY,1328.01,1262,1245,NONE,2,2,2.15,2.15,0.0,TP2,TP2,0,0,1,1,0,0,1,1,0,0,0,0,1,1,4.48,4.48,0.00,0.00,73,73,300.00,300.00,0,0,0,0,1,1
2018.01.18 02:23:00,SELL,1326.61,1263,1246,NONE,3,3,4.6,4.6,0.0,EMA->TP3,EMA->TP3,0,0,1,1,0,0,0,0,1,1,0,0,1,1,14.22,14.22,0.00,0.00,623,623,300.00,300.00,0,0,0,0,1,1
2018.01.18 13:07:00,BUY,1328.77,1264,1247,NONE,2,2,2.0,2.0,0.0,EMA->TP2,EMA->TP2,0,0,1,1,0,0,1,1,1,1,0,0,1,1,3.79,3.79,0.00,0.00,28,28,300.00,300.00,0,0,0,0,1,1
2018.01.18 17:27:00,SELL,1330.86,1265,1248,NONE,1,1,2.03,2.03,0.0,EMA->TP1,EMA->TP1,0,0,1,1,1,1,0,0,1,1,0,0,1,1,0.77,0.77,0.00,0.00,155,155,300.00,300.00,0,0,0,0,1,1
2018.01.19 20:07:00,BUY,1334.47,1266,1249,ALLOW,4,4,2.57,2.57,0.0,EMA->TP3->NET_BASKET_BE,EMA->TP3->NET_BASKET_BE,0,0,0,0,0,0,0,0,1,1,0,0,1,1,42.53,42.53,0.01,0.01,3666,3666,300.00,300.00,1,1,0,0,1,1
2018.01.22 11:54:00,BUY,1333.34,1267,1250,NONE,2,2,2.07,2.07,0.0,EMA->TP2,EMA->TP2,0,0,1,1,0,0,1,1,1,1,0,0,1,1,5.34,5.34,0.00,0.00,99,99,300.00,300.00,0,0,0,0,1,1
2018.01.22 16:16:00,BUY,1334.41,1268,1251,NONE,2,2,2.1,2.1,0.0,EMA->TP2,EMA->TP2,0,0,1,1,0,0,1,1,1,1,0,0,1,1,6.99,6.99,0.00,0.00,266,266,300.00,300.00,0,0,0,0,1,1
2018.01.23 07:57:00,BUY,1337.09,1269,1252,NONE,2,2,2.07,2.07,0.0,EMA->TP2,EMA->TP2,0,0,1,1,0,0,1,1,1,1,0,0,1,1,2.19,2.19,0.00,0.00,195,195,300.00,300.00,0,0,0,0,1,1
2018.01.29 10:35:00,SELL,1348.09,1270,1253,NONE,1,1,2.02,2.02,0.0,EMA->TP1,EMA->TP1,0,0,1,1,1,1,0,0,1,1,0,0,1,1,0.83,0.83,0.00,0.00,41,41,300.00,300.00,0,0,0,0,1,1
2018.01.29 14:07:00,SELL,1344.26,1271,1254,NONE,1,1,3.48,3.48,0.0,EMA->TP1,EMA->TP1,0,0,1,1,1,1,0,0,1,1,0,0,1,1,2.37,2.37,0.00,0.00,106,106,300.00,300.00,0,0,0,0,1,1
2018.01.29 18:39:00,SELL,1342.23,1272,1255,NONE,3,3,2.01,2.01,0.0,TP2->TP3,TP2->TP3,0,0,1,1,0,0,1,1,0,0,0,0,1,1,10.02,10.02,0.00,0.00,80,80,300.00,300.00,0,0,0,0,1,1
2018.01.29 21:48:01,BUY,1340.24,1273,1256,NONE,2,2,2.06,2.06,0.0,TP2,TP2,0,0,1,1,0,0,1,1,0,0,0,0,1,1,2.79,2.79,0.00,0.00,198,198,300.00,300.00,0,0,0,0,1,1
2018.01.30 19:41:00,SELL,1339.29,1274,1257,NONE,1,1,2.0,2.0,0.0,EMA->TP1,EMA->TP1,0,0,1,1,1,1,0,0,1,1,0,0,1,1,1.51,1.51,0.00,0.00,51,51,300.00,300.00,0,0,0,0,1,1
2018.01.31 09:45:00,SELL,1343.31,1275,1258,NONE,2,2,2.0,2.0,0.0,EMA->TP1->TP2,EMA->TP1->TP2,0,0,1,1,1,1,1,1,1,1,0,0,1,1,5.86,5.86,0.00,0.00,252,252,300.00,300.00,0,0,0,0,1,1
2018.01.31 17:59:00,BUY,1339.93,1276,1259,NONE,2,2,2.11,2.11,0.0,TP2,TP2,0,0,1,1,0,0,1,1,0,0,0,0,1,1,3.1,3.1,0.00,0.00,61,61,300.00,300.00,0,0,0,0,1,1
2018.01.31 19:04:00,SELL,1339.16,1277,1260,NONE,1,1,13.69,13.69,0.0,EMA->TP1,EMA->TP1,0,0,1,1,1,1,0,0,1,1,0,0,1,1,18.64,18.64,0.00,0.00,8697,8697,300.00,300.00,0,0,0,0,1,1
2018.02.07 05:03:00,BUY,1329.52,1278,1261,NONE,1,1,2.0,2.0,0.0,EMA->TP1,EMA->TP1,0,0,1,1,1,1,0,0,1,1,0,0,1,1,0.93,0.93,0.00,0.00,132,132,300.00,300.00,0,0,0,0,1,1
2018.02.07 13:46:00,BUY,1323.51,1279,1262,NONE,2,2,3.02,3.02,0.0,TP2,TP2,0,0,1,1,0,0,1,1,0,0,0,0,1,1,7.08,7.08,0.00,0.00,48,48,300.00,300.00,0,0,0,0,1,1
2018.02.08 08:03:00,BUY,1313.01,1280,1263,NONE,2,2,2.73,2.73,0.0,EMA->TP2,EMA->TP2,0,0,1,1,0,0,1,1,1,1,0,0,1,1,7.54,7.54,0.00,0.00,239,239,300.00,300.00,0,0,0,0,1,1
2018.02.08 17:12:00,BUY,1317.37,1281,1264,NONE,1,1,2.68,2.68,0.0,EMA->TP1,EMA->TP1,0,0,1,1,1,1,0,0,1,1,0,0,1,1,0.77,0.77,0.00,0.00,9,9,300.00,300.00,0,0,0,0,1,1
2018.02.09 04:22:00,BUY,1317.70,1282,1265,NONE,1,1,2.01,2.01,0.0,EMA->TP1,EMA->TP1,0,0,1,1,1,1,0,0,1,1,0,0,1,1,1.15,1.15,0.00,0.00,148,148,300.00,300.00,0,0,0,0,1,1
2018.02.09 08:36:00,BUY,1314.77,1283,1266,NONE,2,2,2.71,2.71,0.0,EMA->TP2,EMA->TP2,0,0,1,1,0,0,1,1,1,1,0,0,1,1,9.08,9.08,0.00,0.00,431,431,300.00,300.00,0,0,0,0,1,1
2018.02.12 08:01:00,BUY,1322.21,1284,1267,NONE,3,3,6.58,6.58,0.0,EMA->TP3,EMA->TP3,0,0,1,1,0,0,0,0,1,1,0,0,1,1,14.27,14.27,0.00,0.00,368,368,300.00,300.00,0,0,0,0,1,1
2018.02.13 04:15:00,SELL,1324.57,1285,1268,ALLOW,4,4,2.11,2.11,0.0,TP3->NET_BASKET_BE,TP3->NET_BASKET_BE,0,0,0,0,0,0,0,0,0,0,0,0,1,1,22.09,22.09,0.00,0.00,89,89,300.00,300.00,1,1,0,0,1,1
2018.02.13 10:43:00,SELL,1329.76,1286,1269,NONE,1,1,3.76,3.76,0.0,EMA->TP1,EMA->TP1,0,0,1,1,1,1,0,0,1,1,0,0,1,1,2.54,2.54,0.00,0.00,197,197,300.00,300.00,0,0,0,0,1,1
2018.02.14 07:53:00,BUY,1332.47,1287,1270,NONE,2,2,2.91,2.91,0.0,EMA->TP2,EMA->TP2,0,0,1,1,0,0,1,1,1,1,0,0,1,1,4.13,4.13,0.00,0.00,179,179,300.00,300.00,0,0,0,0,1,1
2018.02.14 17:54:00,SELL,1348.38,1288,1271,NONE,2,2,5.37,5.37,0.0,EMA->TP2,EMA->TP2,0,0,1,1,0,0,1,1,1,1,0,0,1,1,18.01,18.01,0.00,0.00,1103,1103,300.00,300.00,0,0,0,0,1,1
2018.02.16 04:06:00,BUY,1357.20,1289,1272,NONE,1,1,2.25,2.25,0.0,EMA->TP1,EMA->TP1,0,0,1,1,1,1,0,0,1,1,0,0,1,1,0.73,0.73,0.00,0.00,19,19,300.00,300.00,0,0,0,0,1,1
2018.02.16 06:07:04,BUY,1358.54,1290,1273,NONE,2,2,2.05,2.05,0.0,EMA->TP2,EMA->TP2,0,0,1,1,0,0,1,1,1,1,0,0,1,1,3.13,3.13,0.00,0.00,90,90,300.00,300.00,0,0,0,0,1,1
2018.02.16 10:10:00,BUY,1360.52,1291,1274,ALLOW,4,4,2.13,2.13,0.0,EMA->NET_BASKET_BE,EMA->NET_BASKET_BE,0,0,0,0,0,0,0,0,1,1,0,0,1,1,32.11,32.11,0.01,0.01,175,175,300.00,300.00,1,1,0,0,1,1
2018.02.16 21:47:00,BUY,1348.05,1292,1275,NONE,2,2,2.03,2.03,0.0,TP2->EMA->TP2,TP2->EMA->TP2,0,0,1,1,0,0,1,1,1,1,0,0,1,1,3.32,3.32,0.00,0.00,2956,2956,300.00,300.00,0,0,0,0,1,1
2018.02.19 00:00:00,BUY,1348.29,1293,1276,NONE,1,1,2.01,2.01,0.0,EMA->TP1,EMA->TP1,0,0,1,1,1,1,0,0,1,1,0,0,1,1,1.23,1.23,0.00,0.00,43,43,300.00,300.00,0,0,0,0,1,1
2018.02.19 03:29:02,BUY,1350.45,1294,1277,ALLOW,5,5,2.24,2.24,0.0,EMA->NET_BASKET_BE,EMA->NET_BASKET_BE,0,0,0,0,0,0,0,0,1,1,1,1,1,1,32.67,32.67,0.01,0.01,273,273,300.00,300.00,1,1,0,0,1,1
2018.02.20 06:39:00,SELL,1339.85,1295,1278,NONE,1,1,2.02,2.02,0.0,EMA->TP1,EMA->TP1,0,0,1,1,1,1,0,0,1,1,0,0,1,1,1.06,1.06,0.00,0.00,85,85,300.00,300.00,0,0,0,0,1,1
2018.02.20 16:35:00,BUY,1332.53,1296,1279,NONE,2,2,2.36,2.36,0.0,EMA->TP2,EMA->TP2,0,0,1,1,0,0,1,1,1,1,0,0,1,1,23.77,23.77,0.00,0.00,1292,1292,300.00,300.00,0,0,0,0,1,1
2018.02.21 20:44:00,BUY,1324.70,1297,1280,NONE,1,1,2.02,2.02,0.0,EMA->TP1,EMA->TP1,0,0,1,1,1,1,0,0,1,1,0,0,1,1,6.25,6.25,0.00,0.00,1098,1098,300.00,300.00,0,0,0,0,1,1
2018.02.23 13:34:00,BUY,1329.31,1298,1281,NONE,2,2,2.94,2.94,0.0,EMA->TP2,EMA->TP2,0,0,1,1,0,0,1,1,1,1,0,0,1,1,4.92,4.92,0.00,0.00,105,105,300.00,300.00,0,0,0,0,1,1
2018.02.26 10:09:00,SELL,1340.10,1299,1282,NONE,1,1,2.0,2.0,0.0,EMA->TP1,EMA->TP1,0,0,1,1,1,1,0,0,1,1,0,0,1,1,0.93,0.93,0.00,0.00,106,106,300.00,300.00,0,0,0,0,1,1
2018.02.26 20:52:00,BUY,1333.56,1300,1283,NONE,3,3,2.02,2.02,0.0,EMA->TP3->TP2->TP3,EMA->TP3->TP2->TP3,0,0,1,1,0,0,1,1,1,1,0,0,1,1,9.76,9.76,0.00,0.00,191,191,300.00,300.00,0,0,0,0,1,1
2018.02.27 02:04:00,SELL,1335.41,1301,1284,NONE,1,1,2.04,2.04,0.0,EMA->TP1,EMA->TP1,0,0,1,1,1,1,0,0,1,1,0,0,1,1,1.18,1.18,0.00,0.00,69,69,300.00,300.00,0,0,0,0,1,1
2018.02.27 09:37:00,SELL,1333.50,1302,1285,NONE,1,1,2.01,2.01,0.0,EMA->TP1,EMA->TP1,0,0,1,1,1,1,0,0,1,1,0,0,1,1,1.19,1.19,0.00,0.00,205,205,300.00,300.00,0,0,0,0,1,1
2018.02.27 17:06:00,BUY,1316.76,1303,1286,NONE,2,2,3.3,3.3,0.0,TP2,TP2,0,0,1,1,0,0,1,1,0,0,0,0,1,1,5.62,5.62,0.00,0.00,44,44,300.00,300.00,0,0,0,0,1,1
2018.02.28 13:29:00,BUY,1318.90,1304,1287,NONE,2,2,2.9,2.9,0.0,EMA->TP2,EMA->TP2,0,0,1,1,0,0,1,1,1,1,0,0,1,1,5.11,5.11,0.00,0.00,33,33,300.00,300.00,0,0,0,0,1,1
2018.02.28 15:25:00,BUY,1318.07,1305,1288,NONE,2,2,2.39,2.39,0.0,TP2,TP2,0,0,1,1,0,0,1,1,0,0,0,0,1,1,3.37,3.37,0.00,0.00,16,16,300.00,300.00,0,0,0,0,1,1
2018.03.01 00:08:00,BUY,1317.93,1306,1289,NONE,3,3,2.77,2.77,0.0,TP3,TP3,0,0,1,1,0,0,0,0,0,0,0,0,1,1,9.27,9.27,0.00,0.00,66,66,300.00,300.00,0,0,0,0,1,1
2018.03.01 06:18:00,BUY,1313.49,1307,1290,ALLOW,4,4,3.79,3.79,0.0,NET_BASKET_BE,NET_BASKET_BE,0,0,0,0,0,0,0,0,0,0,0,0,1,1,37.57,37.57,0.01,0.01,458,458,300.00,300.00,1,1,0,0,1,1
2018.03.02 01:18:08,BUY,1315.89,1308,1291,NONE,1,1,2.02,2.02,0.0,EMA->TP1,EMA->TP1,0,0,1,1,1,1,0,0,1,1,0,0,1,1,0.9,0.9,0.00,0.00,35,35,300.00,300.00,0,0,0,0,1,1
2018.03.02 13:25:00,BUY,1322.13,1309,1292,NONE,1,1,2.42,2.42,0.0,EMA->TP1,EMA->TP1,0,0,1,1,1,1,0,0,1,1,0,0,1,1,1.98,1.98,0.00,0.00,32,32,300.00,300.00,0,0,0,0,1,1
2018.03.05 10:22:00,BUY,1325.67,1310,1293,ALLOW,4,4,2.27,2.27,0.0,EMA->NET_BASKET_BE,EMA->NET_BASKET_BE,0,0,0,0,0,0,0,0,1,1,0,0,1,1,26.26,26.26,0.01,0.01,304,304,300.00,300.00,1,1,0,0,1,1
2018.03.06 07:29:00,BUY,1321.31,1311,1294,NONE,1,1,2.0,2.0,0.0,EMA->TP1,EMA->TP1,0,0,1,1,1,1,0,0,1,1,0,0,1,1,1.39,1.39,0.00,0.00,124,124,300.00,300.00,0,0,0,0,1,1
2018.03.06 15:42:00,SELL,1335.06,1312,1295,NONE,2,2,3.3,3.3,0.0,TP2,TP2,0,0,1,1,0,0,1,1,0,0,0,0,1,1,4.32,4.32,0.00,0.00,90,90,300.00,300.00,0,0,0,0,1,1
2018.03.07 05:02:01,BUY,1333.19,1313,1296,NONE,1,1,2.0,2.0,0.0,TP1->EMA->TP1,TP1->EMA->TP1,0,0,1,1,1,1,0,0,1,1,0,0,1,1,2.91,2.91,0.00,0.00,91,91,300.00,300.00,0,0,0,0,1,1
2018.03.07 07:30:00,BUY,1333.30,1314,1297,NONE,2,2,2.11,2.11,0.0,TP2->EMA->TP2,TP2->EMA->TP2,0,0,1,1,0,0,1,1,1,1,0,0,1,1,6.57,6.57,0.00,0.00,147,147,300.00,300.00,0,0,0,0,1,1
2018.03.07 13:26:00,BUY,1330.18,1315,1298,NONE,1,1,2.0,2.0,0.0,EMA->TP1,EMA->TP1,0,0,1,1,1,1,0,0,1,1,0,0,1,1,0.68,0.68,0.00,0.00,5,5,300.00,300.00,0,0,0,0,1,1
2018.03.07 15:49:00,BUY,1328.07,1316,1299,NONE,2,2,5.18,5.18,0.0,EMA->TP2,EMA->TP2,0,0,1,1,0,0,1,1,1,1,0,0,1,1,9.5,9.5,0.00,0.00,154,154,300.00,300.00,0,0,0,0,1,1
2018.03.07 18:29:00,SELL,1326.92,1317,1300,NONE,1,1,2.01,2.01,0.0,EMA->TP1,EMA->TP1,0,0,1,1,1,1,0,0,1,1,0,0,1,1,1.36,1.36,0.00,0.00,37,37,300.00,300.00,0,0,0,0,1,1
2018.03.08 20:57:00,SELL,1321.80,1318,1301,NONE,1,1,2.03,2.03,0.0,EMA->TP1,EMA->TP1,0,0,1,1,1,1,0,0,1,1,0,0,1,1,1.06,1.06,0.00,0.00,235,235,300.00,300.00,0,0,0,0,1,1
2018.03.09 05:30:00,BUY,1318.25,1319,1302,NONE,1,1,2.11,2.11,0.0,EMA->TP1,EMA->TP1,0,0,1,1,1,1,0,0,1,1,0,0,1,1,1.49,1.49,0.00,0.00,228,228,300.00,300.00,0,0,0,0,1,1
2018.03.09 13:04:00,BUY,1318.89,1320,1303,NONE,3,3,19.3,19.3,0.0,TP2->TP3->EMA->TP3,TP2->TP3->EMA->TP3,0,0,1,1,0,0,1,1,1,1,0,0,1,1,12.13,12.13,0.00,0.00,26,26,300.00,300.00,0,0,0,0,1,1
2018.03.09 13:34:00,BUY,1316.71,1321,1304,NONE,1,1,7.75,7.75,0.0,EMA->TP1,EMA->TP1,0,0,1,1,1,1,0,0,1,1,0,0,1,1,28.34,28.34,0.01,0.01,17614,17614,300.00,300.00,0,0,0,0,1,1
2018.03.22 05:51:02,BUY,1327.89,1322,1305,NONE,1,1,2.03,2.03,0.0,TP1->EMA->TP1,TP1->EMA->TP1,0,0,1,1,1,1,0,0,1,1,0,0,1,1,0.7,0.7,0.00,0.00,39,39,300.00,300.00,0,0,0,0,1,1
2018.03.22 07:30:00,SELL,1331.38,1323,1306,NONE,2,2,2.08,2.08,0.0,TP2->EMA->TP2,TP2->EMA->TP2,0,0,1,1,0,0,1,1,1,1,0,0,1,1,7.02,7.02,0.00,0.00,113,113,300.00,300.00,0,0,0,0,1,1
2018.03.22 19:01:00,BUY,1327.32,1324,1307,NONE,1,1,2.01,2.01,0.0,EMA->TP1,EMA->TP1,0,0,1,1,1,1,0,0,1,1,0,0,1,1,1.21,1.21,0.00,0.00,40,40,300.00,300.00,0,0,0,0,1,1
2018.03.23 08:24:00,BUY,1340.12,1325,1308,NONE,1,1,2.16,2.16,0.0,EMA->TP1,EMA->TP1,0,0,1,1,1,1,0,0,1,1,0,0,1,1,0.97,0.97,0.00,0.00,60,60,300.00,300.00,0,0,0,0,1,1
2018.03.23 19:14:00,BUY,1348.51,1326,1309,NONE,2,2,2.07,2.07,0.0,EMA->TP2,EMA->TP2,0,0,1,1,0,0,1,1,1,1,0,0,1,1,7.91,7.91,0.00,0.00,3064,3064,300.00,300.00,0,0,0,0,1,1
2018.03.26 00:12:00,BUY,1348.74,1327,1310,NONE,2,2,2.01,2.01,0.0,EMA->TP2,EMA->TP2,0,0,1,1,0,0,1,1,1,1,0,0,1,1,7.7,7.7,0.00,0.00,180,180,300.00,300.00,0,0,0,0,1,1
2018.03.26 05:41:00,BUY,1346.47,1328,1311,NONE,3,3,2.07,2.07,0.0,TP3->EMA->TP3,TP3->EMA->TP3,0,0,1,1,0,0,0,0,1,1,0,0,1,1,12.72,12.72,0.00,0.00,94,94,300.00,300.00,0,0,0,0,1,1
2018.03.26 19:51:01,BUY,1352.65,1329,1312,NONE,2,2,2.02,2.02,0.0,EMA->TP2,EMA->TP2,0,0,1,1,0,0,1,1,1,1,0,0,1,1,5.25,5.25,0.00,0.00,311,311,300.00,300.00,0,0,0,0,1,1
2018.03.27 07:32:00,BUY,1355.87,1330,1313,ALLOW,5,5,-300.49,-300.49,0.0,EMA->SL$,EMA->SL$,1,1,0,0,0,0,0,0,1,1,1,1,0,0,299.94,299.94,0.06,0.06,1950,1950,300.00,300.00,0,0,0,0,1,1
2018.03.28 16:44:00,SELL,1327.22,1331,1314,NONE,2,2,2.12,2.12,0.0,EMA->TP2,EMA->TP2,0,0,1,1,0,0,1,1,1,1,0,0,1,1,2.88,2.88,0.00,0.00,35,35,300.00,300.00,0,0,0,0,1,1
2018.03.28 17:53:01,BUY,1325.93,1332,1315,NONE,2,2,2.34,2.34,0.0,TP2,TP2,0,0,1,1,0,0,1,1,0,0,0,0,1,1,4.76,4.76,0.00,0.00,65,65,300.00,300.00,0,0,0,0,1,1
2018.03.28 22:57:01,SELL,1326.52,1333,1316,NONE,3,3,2.11,2.11,0.0,EMA->TP1->TP3,EMA->TP1->TP3,0,0,1,1,1,1,0,0,1,1,0,0,1,1,7.42,7.42,0.00,0.00,257,257,300.00,300.00,0,0,0,0,1,1
2018.03.29 04:02:02,SELL,1327.41,1334,1317,NONE,3,3,2.95,2.95,0.0,TP2->EMA->TP3,TP2->EMA->TP3,0,0,1,1,0,0,1,1,1,1,0,0,1,1,4.43,4.43,0.00,0.00,126,126,300.00,300.00,0,0,0,0,1,1
2018.03.29 11:04:01,SELL,1325.02,1335,1318,NONE,1,1,2.93,2.93,0.0,EMA->TP1,EMA->TP1,0,0,1,1,1,1,0,0,1,1,0,0,1,1,1.74,1.74,0.00,0.00,86,86,300.00,300.00,0,0,0,0,1,1
2018.03.29 16:28:00,SELL,1323.50,1336,1319,NONE,2,2,2.21,2.21,0.0,EMA->TP1->TP2,EMA->TP1->TP2,0,0,1,1,1,1,1,1,1,1,0,0,1,1,3.9,3.9,0.00,0.00,127,127,300.00,300.00,0,0,0,0,1,1
2018.04.02 11:20:02,SELL,1332.68,1337,1320,NONE,3,3,2.0,2.0,0.0,TP3,TP3,0,0,1,1,0,0,0,0,0,0,0,0,1,1,7.85,7.85,0.00,0.00,25,25,300.00,300.00,0,0,0,0,1,1
2018.04.03 13:39:00,BUY,1334.82,1338,1321,NONE,2,2,6.94,6.94,0.0,EMA->TP2,EMA->TP2,0,0,1,1,0,0,1,1,1,1,0,0,1,1,11.88,11.88,0.00,0.00,762,762,300.00,300.00,0,0,0,0,1,1
2018.04.04 03:32:00,BUY,1334.61,1339,1322,NONE,2,2,2.03,2.03,0.0,EMA->TP1->TP2,EMA->TP1->TP2,0,0,1,1,1,1,1,1,1,1,0,0,1,1,4.37,4.37,0.00,0.00,212,212,300.00,300.00,0,0,0,0,1,1
2018.04.04 15:29:00,BUY,1335.69,1340,1323,ALLOW,4,4,2.98,2.98,0.0,EMA->NET_BASKET_BE,EMA->NET_BASKET_BE,0,0,0,0,0,0,0,0,1,1,0,0,1,1,67.23,67.23,0.01,0.01,1337,1337,300.00,300.00,1,1,0,0,1,1
2018.04.06 14:54:00,SELL,1332.69,1341,1324,NONE,1,1,2.99,2.99,0.0,EMA->TP1,EMA->TP1,0,0,1,1,1,1,0,0,1,1,0,0,1,1,4.28,4.28,0.00,0.00,3848,3848,300.00,300.00,0,0,0,0,1,1
2018.04.09 09:24:00,SELL,1329.37,1342,1325,NONE,1,1,2.0,2.0,0.0,EMA->TP1,EMA->TP1,0,0,1,1,1,1,0,0,1,1,0,0,1,1,0.65,0.65,0.00,0.00,40,40,300.00,300.00,0,0,0,0,1,1
2018.04.09 19:43:00,BUY,1336.60,1343,1326,NONE,2,2,2.22,2.22,0.0,EMA->TP1->TP2,EMA->TP1->TP2,0,0,1,1,1,1,1,1,1,1,0,0,1,1,4.76,4.76,0.00,0.00,249,249,300.00,300.00,0,0,0,0,1,1
2018.04.11 01:39:00,BUY,1340.24,1344,1327,NONE,1,1,2.05,2.05,0.0,EMA->TP1,EMA->TP1,0,0,1,1,1,1,0,0,1,1,0,0,1,1,1.19,1.19,0.00,0.00,264,264,300.00,300.00,0,0,0,0,1,1
2018.04.11 13:13:00,BUY,1352.50,1345,1328,NONE,2,2,3.14,3.14,0.0,EMA->TP2,EMA->TP2,0,0,1,1,0,0,1,1,1,1,0,0,1,1,5.27,5.27,0.00,0.00,28,28,300.00,300.00,0,0,0,0,1,1
2018.04.12 14:38:00,BUY,1338.70,1346,1329,NONE,2,2,3.35,3.35,0.0,TP2,TP2,0,0,1,1,0,0,1,1,0,0,0,0,1,1,6.13,6.13,0.00,0.00,74,74,300.00,300.00,0,0,0,0,1,1
2018.04.12 23:05:00,SELL,1337.85,1347,1330,NONE,3,3,2.25,2.25,0.0,EMA->TP1->TP2->TP3,EMA->TP1->TP2->TP3,0,0,1,1,1,1,1,1,1,1,0,0,1,1,11.52,11.52,0.00,0.00,412,412,300.00,300.00,0,0,0,0,1,1
2018.04.13 06:13:00,BUY,1337.62,1348,1331,NONE,2,2,2.15,2.15,0.0,TP2,TP2,0,0,1,1,0,0,1,1,0,0,0,0,1,1,2.64,2.64,0.00,0.00,70,70,300.00,300.00,0,0,0,0,1,1
2018.04.13 14:14:00,SELL,1344.78,1349,1332,NONE,2,2,2.1,2.1,0.0,EMA->TP2,EMA->TP2,0,0,1,1,0,0,1,1,1,1,0,0,1,1,6.99,6.99,0.00,0.00,3346,3346,300.00,300.00,0,0,0,0,1,1
2018.04.16 09:33:01,BUY,1345.28,1350,1333,NONE,2,2,2.31,2.31,0.0,EMA->TP2,EMA->TP2,0,0,1,1,0,0,1,1,1,1,0,0,1,1,7.17,7.17,0.00,0.00,153,153,300.00,300.00,0,0,0,0,1,1
2018.04.17 07:44:00,BUY,1345.98,1351,1334,NONE,3,3,3.51,3.51,0.0,EMA->TP3,EMA->TP3,0,0,1,1,0,0,0,0,1,1,0,0,1,1,18.57,18.57,0.00,0.00,438,438,300.00,300.00,0,0,0,0,1,1
2018.04.18 03:08:09,BUY,1344.09,1352,1335,NONE,2,2,2.08,2.08,0.0,TP2->TP1->EMA->TP2,TP2->TP1->EMA->TP2,0,0,1,1,1,1,1,1,1,1,0,0,1,1,2.05,2.05,0.00,0.00,50,50,300.00,300.00,0,0,0,0,1,1
2018.04.18 04:54:00,BUY,1343.46,1353,1336,NONE,2,2,2.23,2.23,0.0,TP2->EMA->TP2,TP2->EMA->TP2,0,0,1,1,0,0,1,1,1,1,0,0,1,1,2.76,2.76,0.00,0.00,67,67,300.00,300.00,0,0,0,0,1,1
2018.04.18 17:36:00,BUY,1350.71,1354,1337,NONE,2,2,2.46,2.46,0.0,EMA->TP2,EMA->TP2,0,0,1,1,0,0,1,1,1,1,0,0,1,1,6.46,6.46,0.00,0.00,301,301,300.00,300.00,0,0,0,0,1,1
2018.04.19 01:33:00,BUY,1348.86,1355,1338,NONE,2,2,2.1,2.1,0.0,TP2,TP2,0,0,1,1,0,0,1,1,0,0,0,0,1,1,2.71,2.71,0.00,0.00,46,46,300.00,300.00,0,0,0,0,1,1
2018.04.19 12:28:00,BUY,1347.75,1356,1339,NONE,1,1,2.35,2.35,0.0,EMA->TP1,EMA->TP1,0,0,1,1,1,1,0,0,1,1,0,0,1,1,2.7,2.7,0.00,0.00,16,16,300.00,300.00,0,0,0,0,1,1
2018.04.19 14:54:01,BUY,1346.44,1357,1340,NONE,2,2,4.16,4.16,0.0,TP2,TP2,0,0,1,1,0,0,1,1,0,0,0,0,1,1,6.32,6.32,0.00,0.00,15,15,300.00,300.00,0,0,0,0,1,1
2018.04.20 00:23:04,BUY,1344.02,1358,1341,NONE,3,3,2.6,2.6,0.0,EMA->TP1->TP3,EMA->TP1->TP3,0,0,1,1,1,1,0,0,1,1,0,0,1,1,9.33,9.33,0.00,0.00,311,311,300.00,300.00,0,0,0,0,1,1
2018.04.20 17:55:00,SELL,1337.31,1359,1342,NONE,1,1,2.67,2.67,0.0,EMA->TP1,EMA->TP1,0,0,1,1,1,1,0,0,1,1,0,0,1,1,1.0,1.0,0.00,0.00,3125,3125,300.00,300.00,0,0,0,0,1,1
2018.04.23 08:26:00,BUY,1331.42,1360,1343,ALLOW,4,4,2.67,2.67,0.0,EMA->NET_BASKET_BE,EMA->NET_BASKET_BE,0,0,0,0,0,0,0,0,1,1,0,0,1,1,58.04,58.04,0.01,0.01,1080,1080,300.00,300.00,1,1,0,0,1,1
2018.04.25 10:58:00,BUY,1324.27,1361,1344,ALLOW,4,4,2.54,2.54,0.0,EMA->TP2->NET_BASKET_BE,EMA->TP2->NET_BASKET_BE,0,0,0,0,0,0,1,1,1,1,0,0,1,1,30.92,30.92,0.01,0.01,163,163,300.00,300.00,1,1,0,0,1,1
2018.04.26 18:46:06,BUY,1317.28,1362,1345,NONE,2,2,2.04,2.04,0.0,EMA->TP2,EMA->TP2,0,0,1,1,0,0,1,1,1,1,0,0,1,1,5.26,5.26,0.00,0.00,432,432,300.00,300.00,0,0,0,0,1,1
2018.04.27 07:25:00,BUY,1316.33,1363,1346,NONE,1,1,4.21,4.21,0.0,EMA->TP1,EMA->TP1,0,0,1,1,1,1,0,0,1,1,0,0,1,1,2.81,2.81,0.00,0.00,193,193,300.00,300.00,0,0,0,0,1,1
2018.04.27 12:05:00,BUY,1318.75,1364,1347,NONE,2,2,2.34,2.34,0.0,EMA->TP2,EMA->TP2,0,0,1,1,0,0,1,1,1,1,0,0,1,1,4.08,4.08,0.00,0.00,39,39,300.00,300.00,0,0,0,0,1,1
2018.04.29 22:08:49,BUY,1323.36,1365,1348,NONE,3,3,2.02,2.02,0.0,TP3->EMA->TP2->TP1->TP3,TP3->EMA->TP2->TP1->TP3,0,0,1,1,1,1,1,1,1,1,0,0,1,1,7.86,7.86,0.00,0.00,124,124,300.00,300.00,0,0,0,0,1,1
2018.04.30 06:18:00,BUY,1319.50,1366,1349,ALLOW,4,4,2.32,2.32,0.0,NET_BASKET_BE,NET_BASKET_BE,0,0,0,0,0,0,0,0,0,0,0,0,1,1,39.78,39.78,0.01,0.01,469,469,300.00,300.00,1,1,0,0,1,1
2018.05.02 05:23:00,BUY,1309.14,1367,1350,NONE,2,2,2.02,2.02,0.0,EMA->TP2,EMA->TP2,0,0,1,1,0,0,1,1,1,1,0,0,1,1,3.74,3.74,0.00,0.00,64,64,300.00,300.00,0,0,0,0,1,1
2018.05.03 23:03:01,SELL,1312.33,1368,1351,NONE,2,2,2.06,2.06,0.0,EMA->TP2,EMA->TP2,0,0,1,1,0,0,1,1,1,1,0,0,1,1,2.5,2.5,0.00,0.00,83,83,300.00,300.00,0,0,0,0,1,1
2018.05.04 06:18:00,BUY,1312.12,1369,1352,NONE,2,2,3.26,3.26,0.0,EMA->TP2,EMA->TP2,0,0,1,1,0,0,1,1,1,1,0,0,1,1,8.25,8.25,0.00,0.00,324,324,300.00,300.00,0,0,0,0,1,1
2018.05.04 17:37:00,SELL,1313.82,1370,1353,NONE,2,2,2.0,2.0,0.0,TP2,TP2,0,0,1,1,0,0,1,1,0,0,0,0,1,1,2.55,2.55,0.00,0.00,112,112,300.00,300.00,0,0,0,0,1,1
2018.05.06 23:55:00,BUY,1314.85,1371,1354,NONE,1,1,2.54,2.54,0.0,EMA->TP1,EMA->TP1,0,0,1,1,1,1,0,0,1,1,0,0,1,1,0.78,0.78,0.00,0.00,15,15,300.00,300.00,0,0,0,0,1,1
2018.05.07 12:08:00,BUY,1310.68,1372,1355,NONE,1,1,2.05,2.05,0.0,TP1->EMA->TP1,TP1->EMA->TP1,0,0,1,1,1,1,0,0,1,1,0,0,1,1,0.71,0.71,0.00,0.00,24,24,300.00,300.00,0,0,0,0,1,1
2018.05.07 14:45:00,BUY,1313.81,1373,1356,NONE,1,1,2.01,2.01,0.0,EMA->TP1,EMA->TP1,0,0,1,1,1,1,0,0,1,1,0,0,1,1,2.76,2.76,0.00,0.00,548,548,300.00,300.00,0,0,0,0,1,1
2018.05.08 00:15:00,SELL,1316.40,1374,1357,NONE,1,1,2.0,2.0,0.0,TP1->EMA->TP1,TP1->EMA->TP1,0,0,1,1,1,1,0,0,1,1,0,0,1,1,1.21,1.21,0.00,0.00,75,75,300.00,300.00,0,0,0,0,1,1
2018.05.08 08:12:00,BUY,1314.19,1375,1358,ALLOW,4,4,3.01,3.01,0.0,EMA->NET_BASKET_BE,EMA->NET_BASKET_BE,0,0,0,0,0,0,0,0,1,1,0,0,1,1,46.42,46.42,0.01,0.01,447,447,300.00,300.00,1,1,0,0,1,1
2018.05.09 01:06:01,BUY,1312.10,1376,1359,NONE,3,3,8.98,8.98,0.0,EMA->TP3,EMA->TP3,0,0,1,1,0,0,0,0,1,1,0,0,1,1,23.38,23.38,0.00,0.00,622,622,300.00,300.00,0,0,0,0,1,1
2018.05.10 18:39:01,SELL,1320.95,1377,1360,NONE,2,2,2.06,2.06,0.0,TP2,TP2,0,0,1,1,0,0,1,1,0,0,0,0,1,1,1.69,1.69,0.00,0.00,29,29,300.00,300.00,0,0,0,0,1,1
2018.05.10 22:52:00,SELL,1321.38,1378,1361,NONE,2,2,2.04,2.04,0.0,EMA->TP1->TP2,EMA->TP1->TP2,0,0,1,1,1,1,1,1,1,1,0,0,1,1,3.07,3.07,0.00,0.00,141,141,300.00,300.00,0,0,0,0,1,1
2018.05.11 05:53:00,BUY,1319.10,1379,1362,NONE,1,1,5.6,5.6,0.0,TP1->EMA->TP1,TP1->EMA->TP1,0,0,1,1,1,1,0,0,1,1,0,0,1,1,0.38,0.38,0.00,0.00,247,247,300.00,300.00,0,0,0,0,1,1
2018.05.11 10:16:07,SELL,1324.65,1380,1363,NONE,2,2,2.03,2.03,0.0,TP1->TP2,TP1->TP2,0,0,1,1,1,1,1,1,0,0,0,0,1,1,2.85,2.85,0.00,0.00,45,45,300.00,300.00,0,0,0,0,1,1
2018.05.11 16:08:00,SELL,1321.89,1381,1364,NONE,1,1,2.92,2.92,0.0,EMA->TP1,EMA->TP1,0,0,1,1,1,1,0,0,1,1,0,0,1,1,1.16,1.16,0.00,0.00,138,138,300.00,300.00,0,0,0,0,1,1
2018.05.11 19:53:00,BUY,1319.52,1382,1365,NONE,3,3,2.1,2.1,0.0,TP3->EMA->TP2->TP3,TP3->EMA->TP2->TP3,0,0,1,1,0,0,1,1,1,1,0,0,1,1,8.64,8.64,0.00,0.00,3102,3102,300.00,300.00,0,0,0,0,1,1
2018.05.14 22:03:00,BUY,1314.46,1383,1366,ALLOW,5,5,-300.17,-300.17,0.0,EMA->SL$,EMA->SL$,1,1,0,0,0,0,0,0,1,1,1,1,0,0,299.9,299.9,0.06,0.06,9096,9096,300.00,300.00,0,0,0,0,1,1
2018.05.22 20:34:00,BUY,1291.65,1384,1367,NONE,2,2,2.43,2.43,0.0,TP2->EMA->TP1->TP2,TP2->EMA->TP1->TP2,0,0,1,1,1,1,1,1,1,1,0,0,1,1,1.71,1.71,0.00,0.00,115,115,300.00,300.00,0,0,0,0,1,1
2018.05.23 01:33:04,SELL,1294.16,1385,1368,NONE,1,1,2.0,2.0,0.0,TP1->EMA->TP1,TP1->EMA->TP1,0,0,1,1,1,1,0,0,1,1,0,0,1,1,1.69,1.69,0.00,0.00,233,233,300.00,300.00,0,0,0,0,1,1
2018.05.23 05:43:00,BUY,1291.48,1386,1369,NONE,2,2,7.0,7.0,0.0,TP1->TP2->EMA->TP2,TP1->TP2->EMA->TP2,0,0,1,1,1,1,1,1,1,1,0,0,1,1,5.18,5.18,0.00,0.00,137,137,300.00,300.00,0,0,0,0,1,1
2018.05.24 00:12:01,SELL,1295.42,1387,1370,NONE,1,1,2.03,2.03,0.0,EMA->TP1,EMA->TP1,0,0,1,1,1,1,0,0,1,1,0,0,1,1,2.43,2.43,0.00,0.00,354,354,300.00,300.00,0,0,0,0,1,1
2018.05.24 08:44:00,SELL,1297.08,1388,1371,NONE,2,2,2.0,2.0,0.0,TP2,TP2,0,0,1,1,0,0,1,1,0,0,0,0,1,1,2.23,2.23,0.00,0.00,36,36,300.00,300.00,0,0,0,0,1,1
2018.05.24 10:24:05,BUY,1295.93,1389,1372,NONE,1,1,2.0,2.0,0.0,EMA->TP1,EMA->TP1,0,0,1,1,1,1,0,0,1,1,0,0,1,1,0.95,0.95,0.00,0.00,128,128,300.00,300.00,0,0,0,0,1,1
2018.05.24 15:23:02,BUY,1305.50,1390,1373,NONE,2,2,3.79,3.79,0.0,EMA->TP2,EMA->TP2,0,0,1,1,0,0,1,1,1,1,0,0,1,1,7.51,7.51,0.00,0.00,1044,1044,300.00,300.00,0,0,0,0,1,1
2018.05.25 08:55:00,SELL,1305.06,1391,1374,NONE,2,2,7.71,7.71,0.0,EMA->TP1->TP2,EMA->TP1->TP2,0,0,1,1,1,1,1,1,1,1,0,0,1,1,6.64,6.64,0.00,0.00,305,305,300.00,300.00,0,0,0,0,1,1
2018.05.28 06:20:00,BUY,1296.41,1392,1375,NONE,1,1,2.21,2.21,0.0,EMA->TP1,EMA->TP1,0,0,1,1,1,1,0,0,1,1,0,0,1,1,0.93,0.93,0.00,0.00,220,220,300.00,300.00,0,0,0,0,1,1
2018.05.28 16:35:00,BUY,1298.14,1393,1376,NONE,2,2,2.05,2.05,0.0,EMA->TP2->TP1->TP2,EMA->TP2->TP1->TP2,0,0,1,1,1,1,1,1,1,1,0,0,1,1,5.57,5.57,0.00,0.00,456,456,300.00,300.00,0,0,0,0,1,1
2018.05.29 09:38:00,BUY,1302.63,1394,1377,NONE,1,1,2.0,2.0,0.0,EMA->TP1,EMA->TP1,0,0,1,1,1,1,0,0,1,1,0,0,1,1,0.72,0.72,0.00,0.00,7,7,300.00,300.00,0,0,0,0,1,1
2018.05.29 11:24:01,BUY,1304.18,1395,1378,ALLOW,4,4,4.71,4.71,0.0,EMA->NET_BASKET_BE,EMA->NET_BASKET_BE,0,0,0,0,0,0,0,0,1,1,0,0,1,1,51.4,51.4,0.01,0.01,200,200,300.00,300.00,1,1,0,0,1,1
2018.05.29 18:33:00,SELL,1303.23,1396,1379,NONE,1,1,2.07,2.07,0.0,TP1->EMA->TP1,TP1->EMA->TP1,0,0,1,1,1,1,0,0,1,1,0,0,1,1,1.96,1.96,0.00,0.00,69,69,300.00,300.00,0,0,0,0,1,1
2018.05.29 22:48:08,BUY,1300.56,1397,1380,NONE,1,1,2.02,2.02,0.0,EMA->TP1,EMA->TP1,0,0,1,1,1,1,0,0,1,1,0,0,1,1,1.37,1.37,0.00,0.00,57,57,300.00,300.00,0,0,0,0,1,1
2018.05.29 23:53:01,SELL,1302.35,1398,1381,NONE,1,1,2.07,2.07,0.0,EMA->TP1,EMA->TP1,0,0,1,1,1,1,0,0,1,1,0,0,1,1,0.55,0.55,0.00,0.00,21,21,300.00,300.00,0,0,0,0,1,1
2018.05.30 04:58:00,SELL,1298.53,1399,1382,NONE,3,3,2.04,2.04,0.0,EMA->TP1->TP3,EMA->TP1->TP3,0,0,1,1,1,1,0,0,1,1,0,0,1,1,7.58,7.58,0.00,0.00,64,64,300.00,300.00,0,0,0,0,1,1
2018.05.30 06:48:02,BUY,1297.41,1400,1383,NONE,2,2,2.05,2.05,0.0,TP2,TP2,0,0,1,1,0,0,1,1,0,0,0,0,1,1,2.57,2.57,0.00,0.00,54,54,300.00,300.00,0,0,0,0,1,1
2018.05.30 18:07:00,BUY,1301.69,1401,1384,NONE,1,1,2.19,2.19,0.0,EMA->TP1,EMA->TP1,0,0,1,1,1,1,0,0,1,1,0,0,1,1,4.59,4.59,0.00,0.00,739,739,300.00,300.00,0,0,0,0,1,1
2018.06.01 15:07:00,SELL,1294.70,1402,1385,NONE,3,3,3.41,3.41,0.0,EMA->TP3,EMA->TP3,0,0,1,1,0,0,0,0,1,1,0,0,1,1,12.86,12.86,0.00,0.00,68,68,300.00,300.00,0,0,0,0,1,1
2018.06.01 17:26:00,BUY,1295.47,1403,1386,NONE,3,3,3.68,3.68,0.0,EMA->TP3,EMA->TP3,0,0,1,1,0,0,0,0,1,1,0,0,1,1,15.52,15.52,0.00,0.00,3705,3705,300.00,300.00,0,0,0,0,1,1
2018.06.04 18:30:00,BUY,1293.53,1404,1387,NONE,3,3,2.65,2.65,0.0,EMA->TP3,EMA->TP3,0,0,1,1,0,0,0,0,1,1,0,0,1,1,11.75,11.75,0.00,0.00,711,711,300.00,300.00,0,0,0,0,1,1
2018.06.05 11:02:00,BUY,1291.16,1405,1388,NONE,1,1,2.04,2.04,0.0,EMA->TP1,EMA->TP1,0,0,1,1,1,1,0,0,1,1,0,0,1,1,0.91,0.91,0.00,0.00,69,69,300.00,300.00,0,0,0,0,1,1
2018.06.06 12:54:01,SELL,1297.73,1406,1389,NONE,3,3,3.41,3.41,0.0,TP3,TP3,0,0,1,1,0,0,0,0,0,0,0,0,1,1,11.08,11.08,0.00,0.00,92,92,300.00,300.00,0,0,0,0,1,1
2018.06.06 18:58:00,SELL,1296.06,1407,1390,NONE,3,3,2.23,2.23,0.0,EMA->TP1->TP2->TP3,EMA->TP1->TP2->TP3,0,0,1,1,1,1,1,1,1,1,0,0,1,1,9.0,9.0,0.00,0.00,347,347,300.00,300.00,0,0,0,0,1,1
2018.06.07 01:10:00,BUY,1296.57,1408,1391,NONE,1,1,2.0,2.0,0.0,EMA->TP1,EMA->TP1,0,0,1,1,1,1,0,0,1,1,0,0,1,1,1.57,1.57,0.00,0.00,366,366,300.00,300.00,0,0,0,0,1,1
2018.06.08 06:35:00,BUY,1295.15,1409,1392,NONE,1,1,4.2,4.2,0.0,EMA->TP1,EMA->TP1,0,0,1,1,1,1,0,0,1,1,0,0,1,1,1.28,1.28,0.00,0.00,80,80,300.00,300.00,0,0,0,0,1,1
2018.06.08 08:27:00,SELL,1298.31,1410,1393,NONE,2,2,2.03,2.03,0.0,EMA->TP2,EMA->TP2,0,0,1,1,0,0,1,1,1,1,0,0,1,1,4.57,4.57,0.00,0.00,157,157,300.00,300.00,0,0,0,0,1,1
2018.06.08 11:14:00,BUY,1298.92,1411,1394,NONE,2,2,2.02,2.02,0.0,EMA->TP2,EMA->TP2,0,0,1,1,0,0,1,1,1,1,0,0,1,1,3.18,3.18,0.00,0.00,58,58,300.00,300.00,0,0,0,0,1,1
2018.06.08 17:35:00,SELL,1298.43,1412,1395,NONE,2,2,2.15,2.15,0.0,EMA->TP2,EMA->TP2,0,0,1,1,0,0,1,1,1,1,0,0,1,1,1.87,1.87,0.00,0.00,18,18,300.00,300.00,0,0,0,0,1,1
2018.06.08 19:59:00,SELL,1298.59,1413,1396,NONE,2,2,2.2,2.2,0.0,EMA->TP2,EMA->TP2,0,0,1,1,0,0,1,1,1,1,0,0,1,1,2.63,2.63,0.00,0.00,3039,3039,300.00,300.00,0,0,0,0,1,1
2018.06.11 03:25:13,SELL,1299.50,1414,1397,NONE,1,1,2.19,2.19,0.0,EMA->TP1,EMA->TP1,0,0,1,1,1,1,0,0,1,1,0,0,1,1,1.51,1.51,0.00,0.00,201,201,300.00,300.00,0,0,0,0,1,1
2018.06.11 07:03:00,BUY,1297.60,1415,1398,NONE,2,2,2.1,2.1,0.0,EMA->TP2,EMA->TP2,0,0,1,1,0,0,1,1,1,1,0,0,1,1,8.17,8.17,0.00,0.00,298,298,300.00,300.00,0,0,0,0,1,1
2018.06.11 12:19:01,SELL,1297.28,1416,1399,NONE,3,3,2.07,2.07,0.0,TP3,TP3,0,0,1,1,0,0,0,0,0,0,0,0,1,1,12.1,12.1,0.00,0.00,115,115,300.00,300.00,0,0,0,0,1,1
2018.06.12 00:15:00,BUY,1298.17,1417,1400,NONE,3,3,5.42,5.42,0.0,EMA->TP3,EMA->TP3,0,0,1,1,0,0,0,0,1,1,0,0,1,1,14.13,14.13,0.00,0.00,735,735,300.00,300.00,0,0,0,0,1,1
2018.06.13 04:06:01,BUY,1295.46,1418,1401,ALLOW,4,4,2.88,2.88,0.0,EMA->TP2->NET_BASKET_BE,EMA->TP2->NET_BASKET_BE,0,0,0,0,0,0,1,1,1,1,0,0,1,1,20.1,20.1,0.00,0.00,265,265,300.00,300.00,1,1,0,0,1,1
2018.06.14 23:53:01,BUY,1302.63,1419,1402,NONE,3,3,2.08,2.08,0.0,EMA->TP3,EMA->TP3,0,0,1,1,0,0,0,0,1,1,0,0,1,1,10.71,10.71,0.00,0.00,115,115,300.00,300.00,0,0,0,0,1,1
2018.06.18 06:59:00,BUY,1279.40,1420,1403,NONE,1,1,2.0,2.0,0.0,EMA->TP1,EMA->TP1,0,0,1,1,1,1,0,0,1,1,0,0,1,1,0.67,0.67,0.00,0.00,78,78,300.00,300.00,0,0,0,0,1,1
2018.06.18 12:03:00,BUY,1279.73,1421,1404,NONE,1,1,2.04,2.04,0.0,EMA->TP1,EMA->TP1,0,0,1,1,1,1,0,0,1,1,0,0,1,1,2.18,2.18,0.00,0.00,117,117,300.00,300.00,0,0,0,0,1,1
2018.06.18 15:16:00,BUY,1279.19,1422,1405,NONE,2,2,2.33,2.33,0.0,EMA->TP2,EMA->TP2,0,0,1,1,0,0,1,1,1,1,0,0,1,1,3.4,3.4,0.00,0.00,150,150,300.00,300.00,0,0,0,0,1,1
2018.06.19 05:11:00,BUY,1283.31,1423,1406,ALLOW,5,5,2.04,2.04,0.0,EMA->TP2->TP3->NET_BASKET_BE,EMA->TP2->TP3->NET_BASKET_BE,0,0,0,0,0,0,1,1,1,1,1,1,1,1,24.56,24.56,0.00,0.00,138,138,300.00,300.00,1,1,0,0,1,1
2018.06.19 14:49:00,BUY,1273.56,1424,1407,NONE,1,1,2.02,2.02,0.0,EMA->TP1,EMA->TP1,0,0,1,1,1,1,0,0,1,1,0,0,1,1,0.98,0.98,0.00,0.00,34,34,300.00,300.00,0,0,0,0,1,1
2018.06.19 17:58:02,BUY,1275.97,1425,1408,NONE,2,2,2.02,2.02,0.0,EMA->TP2,EMA->TP2,0,0,1,1,0,0,1,1,1,1,0,0,1,1,2.64,2.64,0.00,0.00,90,90,300.00,300.00,0,0,0,0,1,1
2018.06.20 06:01:00,BUY,1275.02,1426,1409,NONE,3,3,2.47,2.47,0.0,EMA->TP3,EMA->TP3,0,0,1,1,0,0,0,0,1,1,0,0,1,1,11.52,11.52,0.00,0.00,335,335,300.00,300.00,0,0,0,0,1,1
2018.06.20 18:01:00,BUY,1271.38,1427,1410,ALLOW,5,5,3.08,3.08,0.0,EMA->TP3->NET_BASKET_BE,EMA->TP3->NET_BASKET_BE,0,0,0,0,0,0,0,0,1,1,1,1,1,1,81.52,81.52,0.02,0.02,1236,1236,300.00,300.00,1,1,0,0,1,1
2018.06.21 18:41:00,BUY,1268.91,1428,1411,NONE,2,2,3.28,3.28,0.0,EMA->TP2->TP1->TP2,EMA->TP2->TP1->TP2,0,0,1,1,1,1,1,1,1,1,0,0,1,1,7.53,7.53,0.00,0.00,739,739,300.00,300.00,0,0,0,0,1,1
2018.06.26 01:58:00,BUY,1265.88,1429,1412,NONE,2,2,2.0,2.0,0.0,TP2,TP2,0,0,1,1,0,0,1,1,0,0,0,0,1,1,1.42,1.42,0.00,0.00,12,12,300.00,300.00,0,0,0,0,1,1
2018.06.26 07:05:00,BUY,1263.91,1430,1413,ALLOW,5,5,2.84,2.84,0.0,NET_BASKET_BE,NET_BASKET_BE,0,0,0,0,0,0,0,0,0,0,1,1,1,1,57.51,57.51,0.01,0.01,380,380,300.00,300.00,1,1,0,0,1,1
2018.06.27 00:12:00,BUY,1258.29,1431,1414,INVALID,4,4,2.09,2.09,0.0,EMA->TP1->NET_BASKET_BE,EMA->TP1->NET_BASKET_BE,0,0,0,0,1,1,0,0,1,1,0,0,1,1,28.41,28.41,0.01,0.01,353,353,300.00,300.00,1,1,0,0,1,1
2018.06.27 13:47:00,BUY,1255.28,1432,1415,NONE,2,2,4.6,4.6,0.0,EMA->TP2,EMA->TP2,0,0,1,1,0,0,1,1,1,1,0,0,1,1,4.68,4.68,0.00,0.00,228,228,300.00,300.00,0,0,0,0,1,1
2018.06.28 04:31:00,BUY,1252.83,1433,1416,NONE,3,3,2.12,2.12,0.0,TP3->EMA->TP3,TP3->EMA->TP3,0,0,1,1,0,0,0,0,1,1,0,0,1,1,6.04,6.04,0.00,0.00,86,86,300.00,300.00,0,0,0,0,1,1
2018.06.29 18:59:00,BUY,1252.84,1434,1417,NONE,2,2,2.01,2.01,0.0,EMA->TP2,EMA->TP2,0,0,1,1,0,0,1,1,1,1,0,0,1,1,3.03,3.03,0.00,0.00,78,78,300.00,300.00,0,0,0,0,1,1
2018.07.03 01:41:00,BUY,1240.39,1435,1418,NONE,2,2,2.15,2.15,0.0,TP2,TP2,0,0,1,1,0,0,1,1,0,0,0,0,1,1,5.35,5.35,0.00,0.00,41,41,300.00,300.00,0,0,0,0,1,1
2018.07.03 08:34:00,BUY,1244.63,1436,1419,NONE,1,1,2.1,2.1,0.0,EMA->TP1,EMA->TP1,0,0,1,1,1,1,0,0,1,1,0,0,1,1,0.93,0.93,0.00,0.00,68,68,300.00,300.00,0,0,0,0,1,1
2018.07.03 19:31:02,SELL,1252.82,1437,1420,ALLOW,4,4,2.29,2.29,0.0,EMA->NET_BASKET_BE,EMA->NET_BASKET_BE,0,0,0,0,0,0,0,0,1,1,0,0,1,1,37.58,37.58,0.01,0.01,558,558,300.00,300.00,1,1,0,0,1,1
2018.07.04 05:00:00,BUY,1256.83,1438,1421,NONE,1,1,2.07,2.07,0.0,EMA->TP1,EMA->TP1,0,0,1,1,1,1,0,0,1,1,0,0,1,1,1.6,1.6,0.00,0.00,71,71,300.00,300.00,0,0,0,0,1,1
2018.07.04 07:33:00,BUY,1259.76,1439,1422,NONE,3,3,6.66,6.66,0.0,EMA->TP3,EMA->TP3,0,0,1,1,0,0,0,0,1,1,0,0,1,1,17.63,17.63,0.00,0.00,531,531,300.00,300.00,0,0,0,0,1,1
2018.07.05 09:23:00,BUY,1253.09,1440,1423,NONE,2,2,2.0,2.0,0.0,EMA->TP2,EMA->TP2,0,0,1,1,0,0,1,1,1,1,0,0,1,1,3.52,3.52,0.00,0.00,112,112,300.00,300.00,0,0,0,0,1,1
2018.07.05 12:20:00,SELL,1255.07,1441,1424,NONE,2,2,2.4,2.4,0.0,EMA->TP2,EMA->TP2,0,0,1,1,0,0,1,1,1,1,0,0,1,1,11.55,11.55,0.00,0.00,370,370,300.00,300.00,0,0,0,0,1,1
2018.07.06 00:01:00,BUY,1257.78,1442,1425,NONE,3,3,3.43,3.43,0.0,EMA->TP3,EMA->TP3,0,0,1,1,0,0,0,0,1,1,0,0,1,1,18.4,18.4,0.00,0.00,364,364,300.00,300.00,0,0,0,0,1,1
2018.07.06 10:49:00,SELL,1254.59,1443,1426,NONE,2,2,2.07,2.07,0.0,EMA->TP2,EMA->TP2,0,0,1,1,0,0,1,1,1,1,0,0,1,1,1.93,1.93,0.00,0.00,59,59,300.00,300.00,0,0,0,0,1,1
2018.07.06 18:14:01,BUY,1254.60,1444,1427,NONE,1,1,2.07,2.07,0.0,EMA->TP1,EMA->TP1,0,0,1,1,1,1,0,0,1,1,0,0,1,1,1.44,1.44,0.00,0.00,3323,3323,300.00,300.00,0,0,0,0,1,1
2018.07.09 11:02:00,SELL,1264.82,1445,1428,NONE,2,2,2.03,2.03,0.0,TP2,TP2,0,0,1,1,0,0,1,1,0,0,0,0,1,1,3.42,3.42,0.00,0.00,78,78,300.00,300.00,0,0,0,0,1,1
2018.07.09 13:06:00,BUY,1263.71,1446,1429,ALLOW,5,5,2.55,2.55,0.0,EMA->NET_BASKET_BE,EMA->NET_BASKET_BE,0,0,0,0,0,0,0,0,1,1,1,1,1,1,138.7,138.7,0.03,0.03,2087,2087,300.00,300.00,1,1,0,0,1,1
2018.07.11 01:26:00,BUY,1250.02,1447,1430,NONE,1,1,2.0,2.0,0.0,TP1,TP1,0,0,1,1,1,1,0,0,0,0,0,0,1,1,1.79,1.79,0.00,0.00,94,94,300.00,300.00,0,0,0,0,1,1
2018.07.11 20:10:00,BUY,1242.43,1448,1431,NONE,2,2,2.21,2.21,0.0,TP2->TP1->TP2,TP2->TP1->TP2,0,0,1,1,1,1,1,1,0,0,0,0,1,1,2.21,2.21,0.00,0.00,183,183,300.00,300.00,0,0,0,0,1,1
2018.07.13 03:44:03,BUY,1246.14,1449,1432,NONE,3,3,2.46,2.46,0.0,TP3,TP3,0,0,1,1,0,0,0,0,0,0,0,0,1,1,4.74,4.74,0.00,0.00,112,112,300.00,300.00,0,0,0,0,1,1
2018.07.16 01:59:00,BUY,1243.12,1450,1433,NONE,2,2,2.01,2.01,0.0,EMA->TP2,EMA->TP2,0,0,1,1,0,0,1,1,1,1,0,0,1,1,3.81,3.81,0.00,0.00,70,70,300.00,300.00,0,0,0,0,1,1
2018.07.18 04:29:01,BUY,1227.81,1451,1434,ALLOW,4,4,2.08,2.08,0.0,EMA->NET_BASKET_BE,EMA->NET_BASKET_BE,0,0,0,0,0,0,0,0,1,1,0,0,1,1,38.29,38.29,0.01,0.01,490,490,300.00,300.00,1,1,0,0,1,1
2018.07.18 14:30:00,BUY,1223.60,1452,1435,NONE,1,1,2.01,2.01,0.0,EMA->TP1,EMA->TP1,0,0,1,1,1,1,0,0,1,1,0,0,1,1,1.12,1.12,0.00,0.00,36,36,300.00,300.00,0,0,0,0,1,1
2018.07.19 04:34:01,BUY,1224.86,1453,1436,ALLOW,5,5,2.24,2.24,0.0,NET_BASKET_BE,NET_BASKET_BE,0,0,0,0,0,0,0,0,0,0,1,1,1,1,138.92,138.92,0.03,0.03,752,752,300.00,300.00,1,1,0,0,1,1
2018.07.20 14:51:00,BUY,1229.23,1454,1437,NONE,1,1,2.45,2.45,0.0,EMA->TP1,EMA->TP1,0,0,1,1,1,1,0,0,1,1,0,0,1,1,1.7,1.7,0.00,0.00,195,195,300.00,300.00,0,0,0,0,1,1
2018.07.23 09:04:02,BUY,1228.73,1455,1438,NONE,1,1,2.01,2.01,0.0,EMA->TP1,EMA->TP1,0,0,1,1,1,1,0,0,1,1,0,0,1,1,1.14,1.14,0.00,0.00,146,146,300.00,300.00,0,0,0,0,1,1
2018.07.24 03:36:00,BUY,1222.56,1456,1439,NONE,3,3,3.54,3.54,0.0,TP3,TP3,0,0,1,1,0,0,0,0,0,0,0,0,1,1,14.38,14.38,0.00,0.00,209,209,300.00,300.00,0,0,0,0,1,1
2018.07.25 03:27:00,BUY,1223.76,1457,1440,NONE,1,1,2.01,2.01,0.0,EMA->TP1,EMA->TP1,0,0,1,1,1,1,0,0,1,1,0,0,1,1,0.71,0.71,0.00,0.00,125,125,300.00,300.00,0,0,0,0,1,1
2018.07.25 14:24:00,BUY,1231.04,1458,1441,NONE,2,2,2.62,2.62,0.0,TP2,TP2,0,0,1,1,0,0,1,1,0,0,0,0,1,1,2.89,2.89,0.00,0.00,18,18,300.00,300.00,0,0,0,0,1,1
2018.07.25 22:16:00,BUY,1231.97,1459,1442,ALLOW,4,4,4.09,4.09,0.0,EMA->TP1->TP2->NET_BASKET_BE,EMA->TP1->TP2->NET_BASKET_BE,0,0,0,0,1,1,1,1,1,1,0,0,1,1,36.31,36.31,0.01,0.01,861,861,300.00,300.00,1,1,0,0,1,1
2018.07.27 14:46:00,BUY,1225.05,1460,1443,NONE,1,1,2.02,2.02,0.0,EMA->TP1,EMA->TP1,0,0,1,1,1,1,0,0,1,1,0,0,1,1,1.38,1.38,0.00,0.00,67,67,300.00,300.00,0,0,0,0,1,1
2018.07.29 22:06:00,BUY,1223.75,1461,1444,NONE,3,3,3.14,3.14,0.0,EMA->TP2->TP3,EMA->TP2->TP3,0,0,1,1,0,0,1,1,1,1,0,0,1,1,19.56,19.56,0.00,0.00,697,697,300.00,300.00,0,0,0,0,1,1
2018.07.31 02:46:01,BUY,1220.89,1462,1445,NONE,2,2,3.0,3.0,0.0,EMA->TP1->TP2,EMA->TP1->TP2,0,0,1,1,1,1,1,1,1,1,0,0,1,1,8.03,8.03,0.00,0.00,510,510,300.00,300.00,0,0,0,0,1,1
2018.08.01 03:11:00,BUY,1223.01,1463,1446,NONE,3,3,2.58,2.58,0.0,EMA->TP3,EMA->TP3,0,0,1,1,0,0,0,0,1,1,0,0,1,1,8.68,8.68,0.00,0.00,217,217,300.00,300.00,0,0,0,0,1,1
2018.08.01 12:30:00,BUY,1222.62,1464,1447,NONE,2,2,2.09,2.09,0.0,TP2->EMA->TP2,TP2->EMA->TP2,0,0,1,1,0,0,1,1,1,1,0,0,1,1,2.14,2.14,0.00,0.00,31,31,300.00,300.00,0,0,0,0,1,1
2018.08.01 14:46:00,BUY,1218.84,1465,1448,NONE,2,2,2.02,2.02,0.0,TP2,TP2,0,0,1,1,0,0,1,1,0,0,0,0,1,1,4.58,4.58,0.00,0.00,53,53,300.00,300.00,0,0,0,0,1,1
2018.08.02 07:11:00,BUY,1218.69,1466,1449,NONE,3,3,9.4,9.4,0.0,EMA->TP3,EMA->TP3,0,0,1,1,0,0,0,0,1,1,0,0,1,1,19.97,19.97,0.00,0.00,349,349,300.00,300.00,0,0,0,0,1,1
2018.08.03 00:00:00,BUY,1208.62,1467,1450,NONE,2,2,2.05,2.05,0.0,TP2,TP2,0,0,1,1,0,0,1,1,0,0,0,0,1,1,1.5,1.5,0.00,0.00,42,42,300.00,300.00,0,0,0,0,1,1
2018.08.07 07:55:01,BUY,1210.66,1468,1451,NONE,1,1,2.0,2.0,0.0,EMA->TP1,EMA->TP1,0,0,1,1,1,1,0,0,1,1,0,0,1,1,0.64,0.64,0.00,0.00,43,43,300.00,300.00,0,0,0,0,1,1
2018.08.08 06:09:00,BUY,1213.18,1469,1452,ALLOW,4,4,2.21,2.21,0.0,EMA->TP1->NET_BASKET_BE,EMA->TP1->NET_BASKET_BE,0,0,0,0,1,1,0,0,1,1,0,0,1,1,34.7,34.7,0.01,0.01,427,427,300.00,300.00,1,1,0,0,1,1
2018.08.09 02:05:00,BUY,1213.69,1470,1453,NONE,3,3,11.81,11.81,0.0,EMA->TP1->TP2->TP3,EMA->TP1->TP2->TP3,0,0,1,1,1,1,1,1,1,1,0,0,1,1,13.73,13.73,0.00,0.00,535,535,300.00,300.00,0,0,0,0,1,1
2018.08.09 15:57:00,BUY,1214.25,1471,1454,ALLOW,4,4,2.11,2.11,0.0,EMA->NET_BASKET_BE,EMA->NET_BASKET_BE,0,0,0,0,0,0,0,0,1,1,0,0,1,1,47.86,47.86,0.01,0.01,1029,1029,300.00,300.00,1,1,0,0,1,1
2018.08.10 16:05:00,BUY,1211.87,1472,1455,ALLOW,5,5,2.56,2.56,0.0,EMA->NET_BASKET_BE,EMA->NET_BASKET_BE,0,0,0,0,0,0,0,0,1,1,1,1,1,1,117.08,117.08,0.02,0.02,4126,4126,300.00,300.00,1,1,0,0,1,1
2018.08.13 20:25:00,BUY,1193.94,1473,1456,NONE,2,2,2.17,2.17,0.0,EMA->TP2,EMA->TP2,0,0,1,1,0,0,1,1,1,1,0,0,1,1,2.24,2.24,0.00,0.00,105,105,300.00,300.00,0,0,0,0,1,1
2018.08.14 23:22:00,BUY,1194.37,1474,1457,ALLOW,5,5,-321.72,-321.72,0.0,EMA->SL$,EMA->SL$,1,1,0,0,0,0,0,0,1,1,1,1,0,0,285.08,285.08,0.06,0.06,1478,1478,300.00,300.00,0,0,0,0,1,1
2018.08.17 11:50:02,BUY,1176.53,1475,1458,NONE,2,2,2.12,2.12,0.0,EMA->TP1->TP2,EMA->TP1->TP2,0,0,1,1,1,1,1,1,1,1,0,0,1,1,3.23,3.23,0.00,0.00,22,22,300.00,300.00,0,0,0,0,1,1
2018.08.17 16:04:00,BUY,1178.65,1476,1459,NONE,2,2,2.06,2.06,0.0,EMA->TP2,EMA->TP2,0,0,1,1,0,0,1,1,1,1,0,0,1,1,5.79,5.79,0.00,0.00,129,129,300.00,300.00,0,0,0,0,1,1
2018.08.20 07:59:00,SELL,1187.87,1477,1460,NONE,2,2,2.01,2.01,0.0,TP2,TP2,0,0,1,1,0,0,1,1,0,0,0,0,1,1,3.81,3.81,0.00,0.00,100,100,300.00,300.00,0,0,0,0,1,1
2018.08.21 06:51:00,BUY,1195.25,1478,1461,NONE,3,3,2.16,2.16,0.0,EMA->TP3,EMA->TP3,0,0,1,1,0,0,0,0,1,1,0,0,1,1,6.7,6.7,0.00,0.00,116,116,300.00,300.00,0,0,0,0,1,1
2018.08.21 22:27:00,BUY,1195.80,1479,1462,NONE,2,2,2.09,2.09,0.0,EMA->TP1->TP2,EMA->TP1->TP2,0,0,1,1,1,1,1,1,1,1,0,0,1,1,9.32,9.32,0.00,0.00,630,630,300.00,300.00,0,0,0,0,1,1
2018.08.22 10:39:00,SELL,1196.83,1480,1463,ALLOW,5,5,2.19,2.19,0.0,TP1->NET_BASKET_BE,TP1->NET_BASKET_BE,0,0,0,0,1,1,0,0,0,0,1,1,1,1,32.72,32.72,0.01,0.01,132,132,300.00,300.00,1,1,0,0,1,1
2018.08.22 18:36:00,BUY,1195.40,1481,1464,VETO,4,3,2.4,2.24,-0.16,EMA->NET_BASKET_BE,EMA->TP3,0,0,0,1,0,0,0,0,1,1,0,0,1,1,47.51,67.36,0.01,0.01,1051,2555,300.00,300.00,1,0,0,0,1,1
2018.08.27 00:22:01,BUY,1206.75,1483,1465,NONE,3,3,5.79,5.79,0.0,EMA->TP3,EMA->TP3,0,0,1,1,0,0,0,0,1,1,0,0,1,1,5.02,5.02,0.00,0.00,120,120,300.00,300.00,0,0,0,0,1,1
2018.08.27 11:22:00,SELL,1203.81,1484,1466,ALLOW,4,4,2.28,2.28,0.0,EMA->NET_BASKET_BE,EMA->NET_BASKET_BE,0,0,0,0,0,0,0,0,1,1,0,0,1,1,53.06,53.06,0.01,0.01,1617,1617,300.00,300.00,1,1,0,0,1,1
2018.08.30 10:27:00,BUY,1202.68,1485,1467,NONE,1,1,2.0,2.0,0.0,EMA->TP1,EMA->TP1,0,0,1,1,1,1,0,0,1,1,0,0,1,1,0.38,0.38,0.00,0.00,13,13,300.00,300.00,0,0,0,0,1,1
2018.08.30 15:21:00,SELL,1200.55,1486,1468,NONE,1,1,2.0,2.0,0.0,EMA->TP1,EMA->TP1,0,0,1,1,1,1,0,0,1,1,0,0,1,1,1.91,1.91,0.00,0.00,43,43,300.00,300.00,0,0,0,0,1,1
2018.08.31 01:09:00,SELL,1199.29,1487,1469,ALLOW,4,4,2.86,2.86,0.0,EMA->NET_BASKET_BE,EMA->NET_BASKET_BE,0,0,0,0,0,0,0,0,1,1,0,0,1,1,52.23,52.23,0.01,0.01,616,616,300.00,300.00,1,1,0,0,1,1
2018.09.03 03:24:00,BUY,1198.97,1488,1470,NONE,1,1,2.0,2.0,0.0,EMA->TP1,EMA->TP1,0,0,1,1,1,1,0,0,1,1,0,0,1,1,1.22,1.22,0.00,0.00,153,153,300.00,300.00,0,0,0,0,1,1
2018.09.03 12:48:00,SELL,1200.90,1489,1471,NONE,2,2,2.06,2.06,0.0,EMA->TP2,EMA->TP2,0,0,1,1,0,0,1,1,1,1,0,0,1,1,3.86,3.86,0.00,0.00,553,553,300.00,300.00,0,0,0,0,1,1
2018.09.03 23:06:08,SELL,1200.99,1490,1472,NONE,2,2,2.02,2.02,0.0,TP2->EMA->TP2,TP2->EMA->TP2,0,0,1,1,0,0,1,1,1,1,0,0,1,1,1.49,1.49,0.00,0.00,53,53,300.00,300.00,0,0,0,0,1,1
2018.09.04 00:41:01,BUY,1200.42,1491,1473,NONE,2,2,2.0,2.0,0.0,EMA->TP1->TP2,EMA->TP1->TP2,0,0,1,1,1,1,1,1,1,1,0,0,1,1,4.49,4.49,0.00,0.00,282,282,300.00,300.00,0,0,0,0,1,1
2018.09.04 08:18:02,BUY,1194.50,1492,1474,NONE,1,1,2.06,2.06,0.0,EMA->TP1,EMA->TP1,0,0,1,1,1,1,0,0,1,1,0,0,1,1,0.91,0.91,0.00,0.00,55,55,300.00,300.00,0,0,0,0,1,1
2018.09.04 12:02:00,SELL,1193.93,1493,1475,NONE,2,2,2.05,2.05,0.0,EMA->TP1->TP2,EMA->TP1->TP2,0,0,1,1,1,1,1,1,1,1,0,0,1,1,4.46,4.46,0.00,0.00,59,59,300.00,300.00,0,0,0,0,1,1
2018.09.04 18:07:00,BUY,1192.36,1494,1476,NONE,2,2,2.01,2.01,0.0,TP2->EMA->TP2,TP2->EMA->TP2,0,0,1,1,0,0,1,1,1,1,0,0,1,1,1.42,1.42,0.00,0.00,17,17,300.00,300.00,0,0,0,0,1,1
2018.09.04 22:58:02,SELL,1192.05,1495,1477,NONE,2,2,2.11,2.11,0.0,EMA->TP1->TP2,EMA->TP1->TP2,0,0,1,1,1,1,1,1,1,1,0,0,1,1,2.04,2.04,0.00,0.00,76,76,300.00,300.00,0,0,0,0,1,1
2018.09.05 13:01:00,BUY,1195.81,1496,1478,NONE,1,1,4.69,4.69,0.0,EMA->TP1,EMA->TP1,0,0,1,1,1,1,0,0,1,1,0,0,1,1,4.62,4.62,0.00,0.00,1199,1199,300.00,300.00,0,0,0,0,1,1
2018.09.06 10:21:00,BUY,1203.92,1497,1479,NONE,2,2,2.01,2.01,0.0,EMA->TP1->TP2,EMA->TP1->TP2,0,0,1,1,1,1,1,1,1,1,0,0,1,1,3.73,3.73,0.00,0.00,191,191,300.00,300.00,0,0,0,0,1,1
2018.09.06 16:40:00,BUY,1198.59,1498,1480,NONE,1,1,2.04,2.04,0.0,EMA->TP1,EMA->TP1,0,0,1,1,1,1,0,0,1,1,0,0,1,1,1.03,1.03,0.00,0.00,110,110,300.00,300.00,0,0,0,0,1,1
2018.09.10 14:03:00,BUY,1197.03,1499,1481,VETO,4,3,3.5,2.13,-1.37,EMA->TP2->NET_BASKET_BE,EMA->TP2->TP3,0,0,0,1,0,0,1,1,1,1,0,0,1,1,47.52,43.98,0.01,0.01,1525,1556,300.00,300.00,1,0,0,0,1,1
2018.09.11 18:55:01,BUY,1196.37,1500,1482,NONE,1,1,2.62,2.62,0.0,EMA->TP1,EMA->TP1,0,0,1,1,1,1,0,0,1,1,0,0,1,1,0.46,0.46,0.00,0.00,99,99,300.00,300.00,0,0,0,0,1,1
2018.09.12 11:42:00,BUY,1194.32,1501,1483,NONE,2,2,2.7,2.7,0.0,TP2,TP2,0,0,1,1,0,0,1,1,0,0,0,0,1,1,2.54,2.54,0.00,0.00,48,48,300.00,300.00,0,0,0,0,1,1
2018.09.13 00:20:00,SELL,1206.76,1502,1484,NONE,1,1,2.03,2.03,0.0,EMA->TP1,EMA->TP1,0,0,1,1,1,1,0,0,1,1,0,0,1,1,1.85,1.85,0.00,0.00,105,105,300.00,300.00,0,0,0,0,1,1
2018.09.13 10:55:00,BUY,1205.72,1503,1485,NONE,1,1,2.34,2.34,0.0,EMA->TP1,EMA->TP1,0,0,1,1,1,1,0,0,1,1,0,0,1,1,1.39,1.39,0.00,0.00,95,95,300.00,300.00,0,0,0,0,1,1
2018.09.13 19:35:00,BUY,1200.81,1504,1486,NONE,1,1,2.0,2.0,0.0,TP1->EMA->TP1,TP1->EMA->TP1,0,0,1,1,1,1,0,0,1,1,0,0,1,1,1.08,1.08,0.00,0.00,224,224,300.00,300.00,0,0,0,0,1,1
2018.09.14 04:31:00,BUY,1204.78,1505,1487,NONE,1,1,2.0,2.0,0.0,EMA->TP1,EMA->TP1,0,0,1,1,1,1,0,0,1,1,0,0,1,1,1.98,1.98,0.00,0.00,175,175,300.00,300.00,0,0,0,0,1,1
2018.09.14 20:18:20,SELL,1194.21,1506,1488,NONE,2,2,2.14,2.14,0.0,EMA->TP1->TP2,EMA->TP1->TP2,0,0,1,1,1,1,1,1,1,1,0,0,1,1,2.28,2.28,0.00,0.00,3062,3062,300.00,300.00,0,0,0,0,1,1
2018.09.17 02:33:00,SELL,1194.93,1507,1489,ALLOW,5,5,2.19,2.19,0.0,EMA->TP2->TP3->NET_BASKET_BE,EMA->TP2->TP3->NET_BASKET_BE,0,0,0,0,0,0,1,1,1,1,1,1,1,1,66.07,66.07,0.01,0.01,1224,1224,300.00,300.00,1,1,0,0,1,1
2018.09.18 11:57:00,SELL,1202.37,1508,1490,NONE,1,1,2.0,2.0,0.0,TP1->EMA->TP1,TP1->EMA->TP1,0,0,1,1,1,1,0,0,1,1,0,0,1,1,0.97,0.97,0.00,0.00,28,28,300.00,300.00,0,0,0,0,1,1
2018.09.19 04:49:00,SELL,1201.58,1509,1491,NONE,2,2,2.07,2.07,0.0,EMA->TP2,EMA->TP2,0,0,1,1,0,0,1,1,1,1,0,0,1,1,6.48,6.48,0.00,0.00,440,440,300.00,300.00,0,0,0,0,1,1
2018.09.21 04:27:00,BUY,1209.17,1510,1492,NONE,2,2,2.03,2.03,0.0,EMA->TP2,EMA->TP2,0,0,1,1,0,0,1,1,1,1,0,0,1,1,4.24,4.24,0.00,0.00,138,138,300.00,300.00,0,0,0,0,1,1
2018.09.23 22:06:00,SELL,1198.77,1511,1493,NONE,1,1,2.02,2.02,0.0,EMA->TP1,EMA->TP1,0,0,1,1,1,1,0,0,1,1,0,0,1,1,1.41,1.41,0.00,0.00,145,145,300.00,300.00,0,0,0,0,1,1
2018.09.24 03:48:01,SELL,1196.54,1512,1494,NONE,3,3,2.76,2.76,0.0,EMA->TP2->TP3,EMA->TP2->TP3,0,0,1,1,0,0,1,1,1,1,0,0,1,1,6.72,6.72,0.00,0.00,99,99,300.00,300.00,0,0,0,0,1,1
2018.09.24 18:05:00,BUY,1199.66,1513,1495,NONE,3,3,2.06,2.06,0.0,EMA->TP3,EMA->TP3,0,0,1,1,0,0,0,0,1,1,0,0,1,1,10.96,10.96,0.00,0.00,547,547,300.00,300.00,0,0,0,0,1,1
2018.09.25 04:56:07,SELL,1199.00,1514,1496,NONE,3,3,2.01,2.01,0.0,EMA->TP2->TP3,EMA->TP2->TP3,0,0,1,1,0,0,1,1,1,1,0,0,1,1,7.55,7.55,0.00,0.00,180,180,300.00,300.00,0,0,0,0,1,1
2018.09.25 16:24:00,SELL,1201.48,1515,1497,NONE,2,2,2.15,2.15,0.0,EMA->TP1->TP2,EMA->TP1->TP2,0,0,1,1,1,1,1,1,1,1,0,0,1,1,3.64,3.64,0.00,0.00,833,833,300.00,300.00,0,0,0,0,1,1
2018.09.26 06:45:00,BUY,1200.58,1516,1498,NONE,2,2,2.06,2.06,0.0,TP2,TP2,0,0,1,1,0,0,1,1,0,0,0,0,1,1,3.16,3.16,0.00,0.00,26,26,300.00,300.00,0,0,0,0,1,1
2018.09.26 12:48:00,BUY,1194.95,1517,1499,NONE,1,1,2.04,2.04,0.0,TP1->EMA->TP1,TP1->EMA->TP1,0,0,1,1,1,1,0,0,1,1,0,0,1,1,2.06,2.06,0.00,0.00,64,64,300.00,300.00,0,0,0,0,1,1
2018.10.01 01:32:00,BUY,1188.95,1518,1500,NONE,3,3,3.57,3.57,0.0,EMA->TP3,EMA->TP3,0,0,1,1,0,0,0,0,1,1,0,0,1,1,14.67,14.67,0.00,0.00,630,630,300.00,300.00,0,0,0,0,1,1
2018.10.01 19:36:00,BUY,1189.80,1519,1501,NONE,3,3,2.14,2.14,0.0,EMA->TP3->TP2->TP1->TP3,EMA->TP3->TP2->TP1->TP3,0,0,1,1,1,1,1,1,1,1,0,0,1,1,9.13,9.13,0.00,0.00,333,333,300.00,300.00,0,0,0,0,1,1
2018.10.02 07:56:00,SELL,1193.48,1520,1502,NONE,2,2,2.07,2.07,0.0,EMA->TP2,EMA->TP2,0,0,1,1,0,0,1,1,1,1,0,0,1,1,2.46,2.46,0.00,0.00,54,54,300.00,300.00,0,0,0,0,1,1
2018.10.02 10:25:00,BUY,1191.58,1521,1503,NONE,2,2,2.09,2.09,0.0,TP2,TP2,0,0,1,1,0,0,1,1,0,0,0,0,1,1,4.75,4.75,0.00,0.00,59,59,300.00,300.00,0,0,0,0,1,1
2018.10.02 18:08:00,BUY,1202.52,1522,1504,NONE,1,1,2.01,2.01,0.0,EMA->TP1,EMA->TP1,0,0,1,1,1,1,0,0,1,1,0,0,1,1,1.58,1.58,0.00,0.00,267,267,300.00,300.00,0,0,0,0,1,1
2018.10.03 03:07:00,BUY,1207.45,1523,1505,ALLOW,4,4,2.69,2.69,0.0,EMA->NET_BASKET_BE,EMA->NET_BASKET_BE,0,0,0,0,0,0,0,0,1,1,0,0,1,1,17.16,17.16,0.00,0.00,253,253,300.00,300.00,1,1,0,0,1,1
2018.10.03 10:55:00,BUY,1203.47,1524,1506,NONE,3,3,2.62,2.62,0.0,TP2->TP3,TP2->TP3,0,0,1,1,0,0,1,1,0,0,0,0,1,1,9.12,9.12,0.00,0.00,92,92,300.00,300.00,0,0,0,0,1,1
2018.10.03 13:39:00,SELL,1204.06,1525,1507,NONE,1,1,3.05,3.05,0.0,EMA->TP1,EMA->TP1,0,0,1,1,1,1,0,0,1,1,0,0,1,1,1.07,1.07,0.00,0.00,24,24,300.00,300.00,0,0,0,0,1,1
2018.10.08 01:22:00,BUY,1199.23,1526,1508,ALLOW,5,5,83.26,83.26,0.0,EMA->NET_BASKET_BE,EMA->NET_BASKET_BE,0,0,0,0,0,0,0,0,1,1,1,1,1,1,164.05,164.05,0.03,0.03,4838,4838,300.00,300.00,1,1,0,0,1,1
2018.10.11 12:07:00,SELL,1204.05,1527,1509,NONE,3,3,3.85,3.85,0.0,TP2->TP3,TP2->TP3,0,0,1,1,0,0,1,1,0,0,0,0,1,1,25.24,25.24,0.01,0.01,78,78,300.00,300.00,0,0,0,0,1,1
2018.10.11 23:32:00,BUY,1222.34,1528,1510,NONE,3,3,2.89,2.89,0.0,EMA->TP3,EMA->TP3,0,0,1,1,0,0,0,0,1,1,0,0,1,1,19.54,19.54,0.00,0.00,186,186,300.00,300.00,0,0,0,0,1,1
2018.10.12 04:40:00,BUY,1219.90,1529,1511,NONE,3,3,4.47,4.47,0.0,EMA->TP1->TP2->TP3,EMA->TP1->TP2->TP3,0,0,1,1,1,1,1,1,1,1,0,0,1,1,11.54,11.54,0.00,0.00,160,160,300.00,300.00,0,0,0,0,1,1
2018.10.15 10:15:00,BUY,1231.19,1530,1512,NONE,2,2,2.07,2.07,0.0,EMA->TP2,EMA->TP2,0,0,1,1,0,0,1,1,1,1,0,0,1,1,1.85,1.85,0.00,0.00,8,8,300.00,300.00,0,0,0,0,1,1
2018.10.15 10:24:00,BUY,1231.46,1531,1513,NONE,2,2,2.36,2.36,0.0,EMA->TP2,EMA->TP2,0,0,1,1,0,0,1,1,1,1,0,0,1,1,6.01,6.01,0.00,0.00,129,129,300.00,300.00,0,0,0,0,1,1
2018.10.15 18:54:00,BUY,1225.90,1532,1514,NONE,1,1,2.07,2.07,0.0,EMA->TP1,EMA->TP1,0,0,1,1,1,1,0,0,1,1,0,0,1,1,3.5,3.5,0.00,0.00,846,846,300.00,300.00,0,0,0,0,1,1
2018.10.16 13:06:00,BUY,1230.17,1533,1515,NONE,3,3,2.17,2.17,0.0,EMA->TP3,EMA->TP3,0,0,1,1,0,0,0,0,1,1,0,0,1,1,45.34,45.34,0.01,0.01,2849,2849,300.00,300.00,0,0,0,0,1,1
2018.10.19 00:41:00,BUY,1225.68,1534,1516,NONE,1,1,2.04,2.04,0.0,EMA->TP1,EMA->TP1,0,0,1,1,1,1,0,0,1,1,0,0,1,1,0.74,0.74,0.00,0.00,28,28,300.00,300.00,0,0,0,0,1,1
2018.10.19 04:14:06,BUY,1227.33,1535,1517,NONE,1,1,2.01,2.01,0.0,EMA->TP1,EMA->TP1,0,0,1,1,1,1,0,0,1,1,0,0,1,1,0.88,0.88,0.00,0.00,120,120,300.00,300.00,0,0,0,0,1,1
2018.10.19 07:23:00,BUY,1224.06,1536,1518,NONE,1,1,2.52,2.52,0.0,TP1,TP1,0,0,1,1,1,1,0,0,0,0,0,0,1,1,0.82,0.82,0.00,0.00,26,26,300.00,300.00,0,0,0,0,1,1
2018.10.22 01:17:01,BUY,1227.14,1537,1519,NONE,2,2,2.03,2.03,0.0,TP2->EMA->TP2,TP2->EMA->TP2,0,0,1,1,0,0,1,1,1,1,0,0,1,1,1.91,1.91,0.00,0.00,20,20,300.00,300.00,0,0,0,0,1,1
2018.10.22 17:25:00,BUY,1222.18,1538,1520,NONE,1,1,2.01,2.01,0.0,EMA->TP1,EMA->TP1,0,0,1,1,1,1,0,0,1,1,0,0,1,1,2.14,2.14,0.00,0.00,755,755,300.00,300.00,0,0,0,0,1,1
2018.10.23 09:56:00,BUY,1234.85,1539,1521,NONE,2,2,2.04,2.04,0.0,EMA->TP2,EMA->TP2,0,0,1,1,0,0,1,1,1,1,0,0,1,1,3.51,3.51,0.00,0.00,96,96,300.00,300.00,0,0,0,0,1,1
2018.10.24 16:44:01,BUY,1228.78,1540,1522,NONE,2,2,2.07,2.07,0.0,TP2->EMA->TP2,TP2->EMA->TP2,0,0,1,1,0,0,1,1,1,1,0,0,1,1,4.44,4.44,0.00,0.00,47,47,300.00,300.00,0,0,0,0,1,1
2018.10.25 04:44:00,BUY,1236.89,1541,1523,ALLOW,5,5,2.24,2.24,0.0,EMA->NET_BASKET_BE,EMA->NET_BASKET_BE,0,0,0,0,0,0,0,0,1,1,1,1,1,1,29.37,29.37,0.01,0.01,449,449,300.00,300.00,1,1,0,0,1,1
2018.10.25 23:20:01,BUY,1231.58,1542,1524,NONE,2,2,2.0,2.0,0.0,EMA->TP1->TP2,EMA->TP1->TP2,0,0,1,1,1,1,1,1,1,1,0,0,1,1,4.72,4.72,0.00,0.00,190,190,300.00,300.00,0,0,0,0,1,1
2018.10.30 00:50:00,BUY,1229.29,1543,1525,NONE,3,3,2.56,2.56,0.0,EMA->TP3,EMA->TP3,0,0,1,1,0,0,0,0,1,1,0,0,1,1,10.39,10.39,0.00,0.00,373,373,300.00,300.00,0,0,0,0,1,1
2018.10.30 09:29:00,SELL,1224.05,1544,1526,NONE,1,1,2.06,2.06,0.0,EMA->TP1,EMA->TP1,0,0,1,1,1,1,0,0,1,1,0,0,1,1,1.13,1.13,0.00,0.00,49,49,300.00,300.00,0,0,0,0,1,1
2018.10.31 00:58:01,BUY,1221.75,1545,1527,ALLOW,4,4,2.12,2.12,0.0,EMA->NET_BASKET_BE,EMA->NET_BASKET_BE,0,0,0,0,0,0,0,0,1,1,0,0,1,1,60.23,60.23,0.01,0.01,1772,1772,300.00,300.00,1,1,0,0,1,1
2018.11.01 13:34:00,SELL,1229.71,1546,1528,NONE,2,2,4.12,4.12,0.0,EMA->TP2,EMA->TP2,0,0,1,1,0,0,1,1,1,1,0,0,1,1,20.52,20.52,0.00,0.00,1383,1383,300.00,300.00,0,0,0,0,1,1
2018.11.02 16:20:01,BUY,1231.43,1547,1529,NONE,1,1,2.01,2.01,0.0,EMA->TP1,EMA->TP1,0,0,1,1,1,1,0,0,1,1,0,0,1,1,1.82,1.82,0.00,0.00,3291,3291,300.00,300.00,0,0,0,0,1,1
2018.11.06 03:01:00,BUY,1230.50,1548,1530,NONE,2,2,2.03,2.03,0.0,EMA->TP2,EMA->TP2,0,0,1,1,0,0,1,1,1,1,0,0,1,1,2.96,2.96,0.00,0.00,195,195,300.00,300.00,0,0,0,0,1,1
2018.11.07 20:59:00,BUY,1225.94,1549,1531,NONE,2,2,2.06,2.06,0.0,EMA->TP1->TP2,EMA->TP1->TP2,0,0,1,1,1,1,1,1,1,1,0,0,1,1,4.73,4.73,0.00,0.00,294,294,300.00,300.00,0,0,0,0,1,1
2018.11.08 09:18:00,BUY,1223.01,1550,1532,NONE,1,1,2.0,2.0,0.0,EMA->TP1,EMA->TP1,0,0,1,1,1,1,0,0,1,1,0,0,1,1,2.52,2.52,0.00,0.00,187,187,300.00,300.00,0,0,0,0,1,1
2018.11.08 14:16:00,SELL,1222.20,1551,1533,NONE,2,2,5.65,5.65,0.0,EMA->TP2,EMA->TP2,0,0,1,1,0,0,1,1,1,1,0,0,1,1,6.81,6.81,0.00,0.00,344,344,300.00,300.00,0,0,0,0,1,1
2018.11.09 02:25:00,BUY,1220.18,1552,1534,NONE,2,2,2.35,2.35,0.0,TP2->EMA->TP2,TP2->EMA->TP2,0,0,1,1,0,0,1,1,1,1,0,0,1,1,6.23,6.23,0.00,0.00,306,306,300.00,300.00,0,0,0,0,1,1
2018.11.12 05:42:01,BUY,1208.53,1553,1535,NONE,3,3,2.4,2.4,0.0,TP3->EMA->TP3,TP3->EMA->TP3,0,0,1,1,0,0,0,0,1,1,0,0,1,1,19.64,19.64,0.00,0.00,212,212,300.00,300.00,0,0,0,0,1,1
2018.11.12 13:17:00,BUY,1206.03,1554,1536,NONE,3,3,2.15,2.15,0.0,EMA->TP3,EMA->TP3,0,0,1,1,0,0,0,0,1,1,0,0,1,1,17.36,17.36,0.00,0.00,742,742,300.00,300.00,0,0,0,0,1,1
2018.11.13 10:26:00,BUY,1197.88,1555,1537,NONE,1,1,2.46,2.46,0.0,EMA->TP1,EMA->TP1,0,0,1,1,1,1,0,0,1,1,0,0,1,1,1.15,1.15,0.00,0.00,123,123,300.00,300.00,0,0,0,0,1,1
2018.11.14 11:42:00,BUY,1200.11,1556,1538,NONE,1,1,2.17,2.17,0.0,EMA->TP1,EMA->TP1,0,0,1,1,1,1,0,0,1,1,0,0,1,1,1.24,1.24,0.00,0.00,52,52,300.00,300.00,0,0,0,0,1,1
2018.11.14 21:25:00,BUY,1211.60,1557,1539,NONE,3,3,2.1,2.1,0.0,EMA->TP2->TP3,EMA->TP2->TP3,0,0,1,1,0,0,1,1,1,1,0,0,1,1,18.63,18.63,0.00,0.00,434,434,300.00,300.00,0,0,0,0,1,1
2018.11.15 08:56:00,SELL,1213.31,1558,1540,NONE,1,1,2.74,2.74,0.0,EMA->TP1,EMA->TP1,0,0,1,1,1,1,0,0,1,1,0,0,1,1,0.94,0.94,0.00,0.00,64,64,300.00,300.00,0,0,0,0,1,1
2018.11.15 19:13:00,BUY,1212.28,1559,1541,NONE,1,1,2.0,2.0,0.0,EMA->TP1,EMA->TP1,0,0,1,1,1,1,0,0,1,1,0,0,1,1,0.53,0.53,0.00,0.00,18,18,300.00,300.00,0,0,0,0,1,1
2018.11.16 07:59:00,BUY,1215.05,1560,1542,NONE,1,1,2.02,2.02,0.0,EMA->TP1,EMA->TP1,0,0,1,1,1,1,0,0,1,1,0,0,1,1,0.55,0.55,0.00,0.00,9,9,300.00,300.00,0,0,0,0,1,1
2018.11.16 19:47:10,BUY,1221.60,1561,1543,NONE,3,3,2.06,2.06,0.0,EMA->TP1->TP3,EMA->TP1->TP3,0,0,1,1,1,1,0,0,1,1,0,0,1,1,15.99,15.99,0.00,0.00,3607,3607,300.00,300.00,0,0,0,0,1,1
2018.11.19 15:28:00,SELL,1222.85,1562,1544,NONE,2,2,2.07,2.07,0.0,EMA->TP2,EMA->TP2,0,0,1,1,0,0,1,1,1,1,0,0,1,1,5.35,5.35,0.00,0.00,546,546,300.00,300.00,0,0,0,0,1,1
2018.11.20 02:24:03,BUY,1221.72,1563,1545,NONE,1,1,2.0,2.0,0.0,EMA->TP1,EMA->TP1,0,0,1,1,1,1,0,0,1,1,0,0,1,1,1.16,1.16,0.00,0.00,231,231,300.00,300.00,0,0,0,0,1,1
2018.11.20 06:48:00,SELL,1223.79,1564,1546,NONE,3,3,2.34,2.34,0.0,TP1->TP3,TP1->TP3,0,0,1,1,1,1,0,0,0,0,0,0,1,1,9.52,9.52,0.00,0.00,122,122,300.00,300.00,0,0,0,0,1,1
2018.11.21 00:36:01,BUY,1220.79,1565,1547,NONE,2,2,2.02,2.02,0.0,TP2->EMA->TP2,TP2->EMA->TP2,0,0,1,1,0,0,1,1,1,1,0,0,1,1,2.88,2.88,0.00,0.00,82,82,300.00,300.00,0,0,0,0,1,1
2018.11.21 06:06:10,BUY,1221.90,1566,1548,NONE,1,1,2.05,2.05,0.0,EMA->TP1,EMA->TP1,0,0,1,1,1,1,0,0,1,1,0,0,1,1,1.02,1.02,0.00,0.00,119,119,300.00,300.00,0,0,0,0,1,1
2018.11.21 14:16:00,BUY,1225.97,1567,1549,NONE,3,3,2.01,2.01,0.0,EMA->TP1->TP3,EMA->TP1->TP3,0,0,1,1,1,1,0,0,1,1,0,0,1,1,22.47,22.47,0.00,0.00,6473,6473,300.00,300.00,0,0,0,0,1,1
2018.11.26 07:32:00,SELL,1226.66,1568,1550,NONE,2,2,2.07,2.07,0.0,TP2,TP2,0,0,1,1,0,0,1,1,0,0,0,0,1,1,2.51,2.51,0.00,0.00,38,38,300.00,300.00,0,0,0,0,1,1
2018.11.27 00:11:00,SELL,1222.35,1569,1551,NONE,1,1,2.06,2.06,0.0,EMA->TP1,EMA->TP1,0,0,1,1,1,1,0,0,1,1,0,0,1,1,1.81,1.81,0.00,0.00,392,392,300.00,300.00,0,0,0,0,1,1
2018.11.27 09:38:00,SELL,1221.50,1570,1552,NONE,3,3,3.44,3.44,0.0,TP2->EMA->TP3,TP2->EMA->TP3,0,0,1,1,0,0,1,1,1,1,0,0,1,1,14.09,14.09,0.00,0.00,235,235,300.00,300.00,0,0,0,0,1,1
2018.11.27 17:19:03,BUY,1212.55,1571,1553,NONE,1,1,2.0,2.0,0.0,TP1,TP1,0,0,1,1,1,1,0,0,0,0,0,0,1,1,0.88,0.88,0.00,0.00,55,55,300.00,300.00,0,0,0,0,1,1
2018.11.27 19:44:02,BUY,1213.56,1572,1554,NONE,2,2,2.02,2.02,0.0,EMA->TP1->TP2,EMA->TP1->TP2,0,0,1,1,1,1,1,1,1,1,0,0,1,1,4.41,4.41,0.00,0.00,807,807,300.00,300.00,0,0,0,0,1,1
2018.11.29 07:23:00,BUY,1225.97,1573,1555,NONE,1,1,2.72,2.72,0.0,EMA->TP1,EMA->TP1,0,0,1,1,1,1,0,0,1,1,0,0,1,1,3.15,3.15,0.00,0.00,538,538,300.00,300.00,0,0,0,0,1,1
2018.11.30 08:19:00,BUY,1223.79,1574,1556,NONE,3,3,3.36,3.36,0.0,EMA->TP3,EMA->TP3,0,0,1,1,0,0,0,0,1,1,0,0,1,1,31.12,31.12,0.01,0.01,521,521,300.00,300.00,0,0,0,0,1,1
2018.12.03 05:07:00,BUY,1225.55,1575,1557,NONE,2,2,2.01,2.01,0.0,EMA->TP2,EMA->TP2,0,0,1,1,0,0,1,1,1,1,0,0,1,1,1.78,1.78,0.00,0.00,39,39,300.00,300.00,0,0,0,0,1,1
2018.12.05 07:15:02,BUY,1234.69,1576,1558,NONE,2,2,2.12,2.12,0.0,EMA->TP2,EMA->TP2,0,0,1,1,0,0,1,1,1,1,0,0,1,1,3.58,3.58,0.00,0.00,68,68,300.00,300.00,0,0,0,0,1,1
2018.12.05 09:31:03,BUY,1236.13,1577,1559,NONE,2,2,3.98,3.98,0.0,EMA->TP2->TP1->TP2,EMA->TP2->TP1->TP2,0,0,1,1,1,1,1,1,1,1,0,0,1,1,2.9,2.9,0.00,0.00,148,148,300.00,300.00,0,0,0,0,1,1
2018.12.05 21:46:06,BUY,1237.73,1578,1560,NONE,2,2,2.1,2.1,0.0,EMA->TP2->TP1->TP2,EMA->TP2->TP1->TP2,0,0,1,1,1,1,1,1,1,1,0,0,1,1,2.53,2.53,0.00,0.00,76,76,300.00,300.00,0,0,0,0,1,1
2018.12.06 03:50:00,BUY,1239.31,1579,1561,NONE,3,3,8.73,8.73,0.0,EMA->TP3,EMA->TP3,0,0,1,1,0,0,0,0,1,1,0,0,1,1,14.7,14.7,0.00,0.00,566,566,300.00,300.00,0,0,0,0,1,1
2018.12.07 02:19:00,BUY,1238.70,1580,1562,NONE,1,1,2.12,2.12,0.0,EMA->TP1,EMA->TP1,0,0,1,1,1,1,0,0,1,1,0,0,1,1,1.6,1.6,0.00,0.00,349,349,300.00,300.00,0,0,0,0,1,1
2018.12.07 21:38:00,BUY,1248.80,1581,1563,NONE,2,2,2.01,2.01,0.0,EMA->TP2,EMA->TP2,0,0,1,1,0,0,1,1,1,1,0,0,1,1,2.59,2.59,0.00,0.00,3108,3108,300.00,300.00,0,0,0,0,1,1
2018.12.11 14:33:00,BUY,1245.38,1582,1564,NONE,2,2,4.26,4.26,0.0,EMA->TP2,EMA->TP2,0,0,1,1,0,0,1,1,1,1,0,0,1,1,5.48,5.48,0.00,0.00,155,155,300.00,300.00,0,0,0,0,1,1
2018.12.11 20:54:00,BUY,1242.83,1583,1565,NONE,1,1,2.0,2.0,0.0,EMA->TP1,EMA->TP1,0,0,1,1,1,1,0,0,1,1,0,0,1,1,1.03,1.03,0.00,0.00,280,280,300.00,300.00,0,0,0,0,1,1
2018.12.12 11:38:29,BUY,1243.94,1584,1566,NONE,2,2,2.0,2.0,0.0,EMA->TP1->TP2,EMA->TP1->TP2,0,0,1,1,1,1,1,1,1,1,0,0,1,1,2.85,2.85,0.00,0.00,60,60,300.00,300.00,0,0,0,0,1,1
2018.12.13 16:24:00,SELL,1242.92,1585,1567,NONE,1,1,2.73,2.73,0.0,EMA->TP1,EMA->TP1,0,0,1,1,1,1,0,0,1,1,0,0,1,1,1.59,1.59,0.00,0.00,876,876,300.00,300.00,0,0,0,0,1,1
2018.12.14 11:01:00,BUY,1239.09,1586,1568,NONE,3,3,4.72,4.72,0.0,EMA->TP3,EMA->TP3,0,0,1,1,0,0,0,0,1,1,0,0,1,1,19.57,19.57,0.00,0.00,300,300,300.00,300.00,0,0,0,0,1,1
2018.12.14 20:02:00,BUY,1239.45,1587,1569,NONE,2,2,2.03,2.03,0.0,EMA->TP2,EMA->TP2,0,0,1,1,0,0,1,1,1,1,0,0,1,1,9.65,9.65,0.00,0.00,3732,3732,300.00,300.00,0,0,0,0,1,1
2018.12.17 21:08:02,SELL,1245.87,1588,1570,NONE,2,2,2.03,2.03,0.0,EMA->TP2,EMA->TP2,0,0,1,1,0,0,1,1,1,1,0,0,1,1,8.16,8.16,0.00,0.00,586,586,300.00,300.00,0,0,0,0,1,1
2018.12.19 17:48:00,BUY,1253.29,1589,1571,ALLOW,5,5,2.66,2.66,0.0,EMA->NET_BASKET_BE,EMA->NET_BASKET_BE,0,0,0,0,0,0,0,0,1,1,1,1,1,1,62.96,62.96,0.01,0.01,776,776,300.00,300.00,1,1,0,0,1,1
2018.12.21 16:53:02,BUY,1257.86,1590,1572,NONE,2,2,2.35,2.35,0.0,EMA->TP2,EMA->TP2,0,0,1,1,0,0,1,1,1,1,0,0,1,1,5.1,5.1,0.00,0.00,3247,3247,300.00,300.00,0,0,0,0,1,1
2018.12.27 02:52:00,BUY,1269.93,1591,1573,NONE,3,3,2.0,2.0,0.0,EMA->TP2->TP3,EMA->TP2->TP3,0,0,1,1,0,0,1,1,1,1,0,0,1,1,15.52,15.52,0.00,0.00,339,339,300.00,300.00,0,0,0,0,1,1
2018.12.28 14:12:00,BUY,1277.27,1592,1574,NONE,1,1,2.0,2.0,0.0,EMA->TP1,EMA->TP1,0,0,1,1,1,1,0,0,1,1,0,0,1,1,1.76,1.76,0.00,0.00,48,48,300.00,300.00,0,0,0,0,1,1
2018.12.31 15:26:00,BUY,1279.15,1593,1575,NONE,1,1,2.03,2.03,0.0,EMA->TP1,EMA->TP1,0,0,1,1,1,1,0,0,1,1,0,0,1,1,1.33,1.33,0.00,0.00,36,36,300.00,300.00,0,0,0,0,1,1
2019.01.04 05:23:02,BUY,1294.86,1594,1576,NONE,2,2,2.02,2.02,0.0,EMA->TP1->TP2,EMA->TP1->TP2,0,0,1,1,1,1,1,1,1,1,0,0,1,1,3.34,3.34,0.00,0.00,168,168,300.00,300.00,0,0,0,0,1,1
2019.01.04 08:12:00,BUY,1295.42,1595,1577,ALLOW,5,5,2.93,2.93,0.0,EMA->NET_BASKET_BE,EMA->NET_BASKET_BE,0,0,0,0,0,0,0,0,1,1,1,1,1,1,166.19,166.19,0.03,0.03,3931,3931,300.00,300.00,1,1,0,0,1,1
2019.01.07 19:31:00,BUY,1288.39,1596,1578,NONE,2,2,2.07,2.07,0.0,EMA->TP2,EMA->TP2,0,0,1,1,0,0,1,1,1,1,0,0,1,1,3.84,3.84,0.00,0.00,84,84,300.00,300.00,0,0,0,0,1,1
2019.01.08 03:12:01,BUY,1285.55,1597,1579,ALLOW,5,5,2.3,2.3,0.0,NET_BASKET_BE,NET_BASKET_BE,0,0,0,0,0,0,0,0,0,0,1,1,1,1,27.97,27.97,0.01,0.01,174,174,300.00,300.00,1,1,0,0,1,1
2019.01.08 06:07:00,BUY,1284.28,1598,1580,NONE,3,3,2.62,2.62,0.0,EMA->TP3,EMA->TP3,0,0,1,1,0,0,0,0,1,1,0,0,1,1,20.3,20.3,0.00,0.00,524,524,300.00,300.00,0,0,0,0,1,1
2019.01.08 16:27:00,BUY,1284.61,1599,1581,NONE,1,1,2.04,2.04,0.0,EMA->TP1,EMA->TP1,0,0,1,1,1,1,0,0,1,1,0,0,1,1,1.22,1.22,0.00,0.00,81,81,300.00,300.00,0,0,0,0,1,1
2019.01.09 00:35:00,SELL,1285.62,1600,1582,NONE,2,2,2.01,2.01,0.0,EMA->TP1->TP2,EMA->TP1->TP2,0,0,1,1,1,1,1,1,1,1,0,0,1,1,4.9,4.9,0.00,0.00,94,94,300.00,300.00,0,0,0,0,1,1
2019.01.09 04:29:02,BUY,1282.23,1601,1583,NONE,2,2,2.04,2.04,0.0,EMA->TP1->TP2,EMA->TP1->TP2,0,0,1,1,1,1,1,1,1,1,0,0,1,1,6.04,6.04,0.00,0.00,519,519,300.00,300.00,0,0,0,0,1,1
2019.01.09 15:38:00,SELL,1290.93,1602,1584,NONE,1,1,2.34,2.34,0.0,TP1,TP1,0,0,1,1,1,1,0,0,0,0,0,0,1,1,1.72,1.72,0.00,0.00,74,74,300.00,300.00,0,0,0,0,1,1
2019.01.09 19:09:01,BUY,1292.21,1603,1585,NONE,2,2,3.2,3.2,0.0,EMA->TP2,EMA->TP2,0,0,1,1,0,0,1,1,1,1,0,0,1,1,3.19,3.19,0.00,0.00,13,13,300.00,300.00,0,0,0,0,1,1
2019.01.10 01:36:00,BUY,1292.13,1604,1586,NONE,1,1,2.11,2.11,0.0,EMA->TP1,EMA->TP1,0,0,1,1,1,1,0,0,1,1,0,0,1,1,0.76,0.76,0.00,0.00,57,57,300.00,300.00,0,0,0,0,1,1
2019.01.11 06:50:00,BUY,1292.44,1605,1587,NONE,1,1,2.03,2.03,0.0,EMA->TP1,EMA->TP1,0,0,1,1,1,1,0,0,1,1,0,0,1,1,0.74,0.74,0.00,0.00,34,34,300.00,300.00,0,0,0,0,1,1
2019.01.13 23:01:00,BUY,1288.05,1606,1588,NONE,1,1,2.01,2.01,0.0,EMA->TP1,EMA->TP1,0,0,1,1,1,1,0,0,1,1,0,0,1,1,0.9,0.9,0.00,0.00,140,140,300.00,300.00,0,0,0,0,1,1
2019.01.14 01:48:00,SELL,1291.65,1607,1589,NONE,2,2,2.05,2.05,0.0,EMA->TP2,EMA->TP2,0,0,1,1,0,0,1,1,1,1,0,0,1,1,11.41,11.41,0.00,0.00,707,707,300.00,300.00,0,0,0,0,1,1
2019.01.15 17:05:00,BUY,1288.39,1608,1590,NONE,1,1,2.76,2.76,0.0,EMA->TP1,EMA->TP1,0,0,1,1,1,1,0,0,1,1,0,0,1,1,2.92,2.92,0.00,0.00,768,768,300.00,300.00,0,0,0,0,1,1
2019.01.16 15:51:00,SELL,1293.96,1609,1591,NONE,1,1,2.11,2.11,0.0,EMA->TP1,EMA->TP1,0,0,1,1,1,1,0,0,1,1,0,0,1,1,3.02,3.02,0.00,0.00,737,737,300.00,300.00,0,0,0,0,1,1
2019.01.17 12:09:01,BUY,1294.02,1610,1592,NONE,3,3,2.01,2.01,0.0,EMA->TP3,EMA->TP3,0,0,1,1,0,0,0,0,1,1,0,0,1,1,6.63,6.63,0.00,0.00,76,76,300.00,300.00,0,0,0,0,1,1
2019.01.17 14:58:00,BUY,1291.06,1611,1593,NONE,2,2,2.5,2.5,0.0,TP2,TP2,0,0,1,1,0,0,1,1,0,0,0,0,1,1,4.76,4.76,0.00,0.00,66,66,300.00,300.00,0,0,0,0,1,1
2019.01.18 04:14:00,BUY,1292.30,1612,1594,ALLOW,5,5,2.51,2.51,0.0,EMA->TP2->NET_BASKET_BE,EMA->TP2->NET_BASKET_BE,0,0,0,0,0,0,1,1,1,1,1,1,1,1,224.47,224.47,0.04,0.05,10697,10697,300.00,300.00,1,1,0,0,1,1
2019.01.25 16:19:00,SELL,1298.39,1613,1595,NONE,2,2,2.1,2.1,0.0,TP2,TP2,0,0,1,1,0,0,1,1,0,0,0,0,1,1,3.96,3.96,0.00,0.00,44,44,300.00,300.00,0,0,0,0,1,1
2019.01.28 03:28:02,BUY,1302.92,1614,1596,NONE,3,3,2.01,2.01,0.0,EMA->TP1->TP3,EMA->TP1->TP3,0,0,1,1,1,1,0,0,1,1,0,0,1,1,10.44,10.44,0.00,0.00,419,419,300.00,300.00,0,0,0,0,1,1
2019.01.31 18:37:00,BUY,1320.06,1615,1597,NONE,2,2,2.02,2.02,0.0,EMA->TP2,EMA->TP2,0,0,1,1,0,0,1,1,1,1,0,0,1,1,8.93,8.93,0.00,0.00,939,939,300.00,300.00,0,0,0,0,1,1
2019.02.04 11:03:04,BUY,1310.89,1616,1598,NONE,2,2,2.03,2.03,0.0,TP2->EMA->TP2,TP2->EMA->TP2,0,0,1,1,0,0,1,1,1,1,0,0,1,1,3.16,3.16,0.00,0.00,125,125,300.00,300.00,0,0,0,0,1,1
2019.02.04 13:33:00,SELL,1311.46,1617,1599,NONE,1,1,2.02,2.02,0.0,EMA->TP1,EMA->TP1,0,0,1,1,1,1,0,0,1,1,0,0,1,1,1.22,1.22,0.00,0.00,34,34,300.00,300.00,0,0,0,0,1,1
2019.02.04 20:15:13,BUY,1313.67,1618,1600,NONE,3,3,2.05,2.05,0.0,TP2->EMA->TP3,TP2->EMA->TP3,0,0,1,1,0,0,1,1,1,1,0,0,1,1,16.02,16.02,0.00,0.00,398,398,300.00,300.00,0,0,0,0,1,1
2019.02.05 20:54:00,SELL,1314.49,1619,1601,NONE,2,2,2.08,2.08,0.0,EMA->TP2,EMA->TP2,0,0,1,1,0,0,1,1,1,1,0,0,1,1,2.09,2.09,0.00,0.00,255,255,300.00,300.00,0,0,0,0,1,1
2019.02.06 14:52:00,BUY,1312.87,1620,1602,ALLOW,4,4,2.99,2.99,0.0,EMA->NET_BASKET_BE,EMA->NET_BASKET_BE,0,0,0,0,0,0,0,0,1,1,0,0,1,1,58.56,58.56,0.01,0.01,1320,1320,300.00,300.00,1,1,0,0,1,1
2019.02.07 21:31:01,BUY,1310.24,1621,1603,ALLOW,4,4,2.32,2.32,0.0,EMA->TP2->TP1->TP3->NET_BASKET_BE,EMA->TP2->TP1->TP3->NET_BASKET_BE,0,0,0,0,1,1,1,1,1,1,0,0,1,1,17.61,17.61,0.00,0.00,632,632,300.00,300.00,1,1,0,0,1,1
2019.02.08 09:22:00,BUY,1309.42,1622,1604,NONE,2,2,2.13,2.13,0.0,EMA->TP2,EMA->TP2,0,0,1,1,0,0,1,1,1,1,0,0,1,1,1.53,1.53,0.00,0.00,48,48,300.00,300.00,0,0,0,0,1,1
2019.02.08 13:22:00,SELL,1313.80,1623,1605,NONE,1,1,2.22,2.22,0.0,EMA->TP1,EMA->TP1,0,0,1,1,1,1,0,0,1,1,0,0,1,1,3.6,3.6,0.00,0.00,3700,3700,300.00,300.00,0,0,0,0,1,1
2019.02.11 21:24:00,BUY,1308.41,1624,1606,ALLOW,4,4,2.12,2.12,0.0,NET_BASKET_BE,NET_BASKET_BE,0,0,0,0,0,0,0,0,0,0,0,0,1,1,16.71,16.71,0.00,0.00,233,233,300.00,300.00,1,1,0,0,1,1
2019.02.12 06:34:00,SELL,1310.18,1625,1607,NONE,3,3,2.41,2.41,0.0,TP3,TP3,0,0,1,1,0,0,0,0,0,0,0,0,1,1,14.33,14.33,0.00,0.00,125,125,300.00,300.00,0,0,0,0,1,1
2019.02.12 20:40:00,BUY,1311.31,1626,1608,ALLOW,4,4,2.05,2.05,0.0,EMA->TP2->TP3->NET_BASKET_BE,EMA->TP2->TP3->NET_BASKET_BE,0,0,0,0,0,0,1,1,1,1,0,0,1,1,8.0,8.0,0.00,0.00,35,35,300.00,300.00,1,1,0,0,1,1
2019.02.13 07:37:00,BUY,1312.89,1627,1609,NONE,2,2,2.02,2.02,0.0,EMA->TP2,EMA->TP2,0,0,1,1,0,0,1,1,1,1,0,0,1,1,3.35,3.35,0.00,0.00,123,123,300.00,300.00,0,0,0,0,1,1
2019.02.13 17:07:00,BUY,1312.80,1628,1610,ALLOW,5,5,2.5,2.5,0.0,EMA->NET_BASKET_BE,EMA->NET_BASKET_BE,0,0,0,0,0,0,0,0,1,1,1,1,1,1,113.68,113.68,0.02,0.02,1224,1224,300.00,300.00,1,1,0,0,1,1
2019.02.14 19:39:01,SELL,1312.49,1629,1611,NONE,2,2,2.1,2.1,0.0,TP2,TP2,0,0,1,1,0,0,1,1,0,0,0,0,1,1,2.8,2.8,0.00,0.00,28,28,300.00,300.00,0,0,0,0,1,1
2019.02.15 12:44:00,BUY,1317.09,1630,1612,NONE,2,2,2.06,2.06,0.0,EMA->TP1->TP2,EMA->TP1->TP2,0,0,1,1,1,1,1,1,1,1,0,0,1,1,3.58,3.58,0.00,0.00,74,74,300.00,300.00,0,0,0,0,1,1
2019.02.17 23:16:03,BUY,1321.03,1631,1613,NONE,1,1,2.02,2.02,0.0,EMA->TP1,EMA->TP1,0,0,1,1,1,1,0,0,1,1,0,0,1,1,0.83,0.83,0.00,0.00,107,107,300.00,300.00,0,0,0,0,1,1
2019.02.18 04:25:02,BUY,1324.23,1632,1614,ALLOW,4,4,2.55,2.55,0.0,EMA->NET_BASKET_BE,EMA->NET_BASKET_BE,0,0,0,0,0,0,0,0,1,1,0,0,1,1,19.45,19.45,0.00,0.00,291,291,300.00,300.00,1,1,0,0,1,1
2019.02.18 16:06:00,BUY,1326.19,1633,1615,NONE,2,2,2.0,2.0,0.0,EMA->TP2,EMA->TP2,0,0,1,1,0,0,1,1,1,1,0,0,1,1,1.44,1.44,0.00,0.00,103,103,300.00,300.00,0,0,0,0,1,1
2019.02.19 02:55:00,BUY,1324.97,1634,1616,NONE,3,3,2.03,2.03,0.0,EMA->TP3,EMA->TP3,0,0,1,1,0,0,0,0,1,1,0,0,1,1,10.46,10.46,0.00,0.00,273,273,300.00,300.00,0,0,0,0,1,1
2019.02.19 23:54:01,BUY,1339.81,1635,1617,NONE,1,1,2.02,2.02,0.0,EMA->TP1,EMA->TP1,0,0,1,1,1,1,0,0,1,1,0,0,1,1,1.26,1.26,0.00,0.00,85,85,300.00,300.00,0,0,0,0,1,1
2019.02.20 09:09:00,BUY,1342.40,1636,1618,NONE,1,1,2.02,2.02,0.0,EMA->TP1,EMA->TP1,0,0,1,1,1,1,0,0,1,1,0,0,1,1,0.35,0.35,0.00,0.00,20,20,300.00,300.00,0,0,0,0,1,1
2019.02.20 11:35:00,BUY,1344.11,1637,1619,NONE,2,2,2.95,2.95,0.0,EMA->TP2,EMA->TP2,0,0,1,1,0,0,1,1,1,1,0,0,1,1,4.98,4.98,0.00,0.00,40,40,300.00,300.00,0,0,0,0,1,1
2019.02.21 16:21:00,BUY,1331.68,1638,1620,ALLOW,4,4,2.48,2.48,0.0,NET_BASKET_BE,NET_BASKET_BE,0,0,0,0,0,0,0,0,0,0,0,0,1,1,63.96,63.96,0.01,0.01,1287,1287,300.00,300.00,1,1,0,0,1,1
2019.02.25 11:16:00,SELL,1329.73,1639,1621,NONE,2,2,2.03,2.03,0.0,EMA->TP2,EMA->TP2,0,0,1,1,0,0,1,1,1,1,0,0,1,1,4.63,4.63,0.00,0.00,112,112,300.00,300.00,0,0,0,0,1,1
2019.02.25 23:04:55,SELL,1327.19,1640,1622,NONE,3,3,2.05,2.05,0.0,EMA->TP3,EMA->TP3,0,0,1,1,0,0,0,0,1,1,0,0,1,1,9.45,9.45,0.00,0.00,417,417,300.00,300.00,0,0,0,0,1,1
2019.02.26 17:29:00,BUY,1325.68,1641,1623,NONE,1,1,2.02,2.02,0.0,EMA->TP1,EMA->TP1,0,0,1,1,1,1,0,0,1,1,0,0,1,1,1.0,1.0,0.00,0.00,114,114,300.00,300.00,0,0,0,0,1,1
2019.02.27 00:15:01,SELL,1329.47,1642,1624,NONE,2,2,2.34,2.34,0.0,TP2->TP1->EMA->TP2,TP2->TP1->EMA->TP2,0,0,1,1,1,1,1,1,1,1,0,0,1,1,3.93,3.93,0.00,0.00,115,115,300.00,300.00,0,0,0,0,1,1
2019.02.27 02:27:07,BUY,1329.62,1643,1625,ALLOW,4,4,2.2,2.2,0.0,EMA->NET_BASKET_BE,EMA->NET_BASKET_BE,0,0,0,0,0,0,0,0,1,1,0,0,1,1,86.97,86.97,0.02,0.02,1980,1980,300.00,300.00,1,1,0,0,1,1
2019.03.01 08:28:01,BUY,1308.38,1644,1626,NONE,2,2,2.01,2.01,0.0,TP2->EMA->TP2,TP2->EMA->TP2,0,0,1,1,0,0,1,1,1,1,0,0,1,1,5.4,5.4,0.00,0.00,104,104,300.00,300.00,0,0,0,0,1,1
2019.03.01 18:13:00,BUY,1298.00,1645,1627,NONE,3,3,2.06,2.06,0.0,EMA->TP3,EMA->TP3,0,0,1,1,0,0,0,0,1,1,0,0,1,1,32.24,32.24,0.01,0.01,3178,3178,300.00,300.00,0,0,0,0,1,1
2019.03.04 03:35:41,BUY,1296.33,1646,1628,ALLOW,5,5,2.52,2.52,0.0,EMA->TP2->TP1->TP3->NET_BASKET_BE,EMA->TP2->TP1->TP3->NET_BASKET_BE,0,0,0,0,1,1,1,1,1,1,1,1,1,1,256.28,256.28,0.05,0.05,6379,6379,300.00,300.00,1,1,0,0,1,1
2019.03.08 17:45:00,BUY,1298.42,1647,1629,NONE,2,2,2.01,2.01,0.0,EMA->TP2,EMA->TP2,0,0,1,1,0,0,1,1,1,1,0,0,1,1,2.35,2.35,0.00,0.00,40,40,300.00,300.00,0,0,0,0,1,1
2019.03.08 20:21:00,SELL,1299.55,1648,1630,NONE,2,2,2.05,2.05,0.0,TP2->EMA->TP1->TP2,TP2->EMA->TP1->TP2,0,0,1,1,1,1,1,1,1,1,0,0,1,1,3.17,3.17,0.00,0.00,72,72,300.00,300.00,0,0,0,0,1,1
2019.03.11 05:16:00,SELL,1297.65,1649,1631,ALLOW,4,4,2.12,2.12,0.0,TP1->TP2->TP3->NET_BASKET_BE,TP1->TP2->TP3->NET_BASKET_BE,0,0,0,0,1,1,1,1,0,0,0,0,1,1,9.93,9.93,0.00,0.00,94,94,300.00,300.00,1,1,0,0,1,1
2019.03.11 18:39:07,SELL,1292.51,1650,1632,ALLOW,4,4,2.29,2.29,0.0,TP2->EMA->NET_BASKET_BE,TP2->EMA->NET_BASKET_BE,0,0,0,0,0,0,1,1,1,1,0,0,1,1,27.28,27.28,0.01,0.01,773,773,300.00,300.00,1,1,0,0,1,1
2019.03.12 11:00:00,BUY,1296.27,1651,1633,NONE,2,2,2.01,2.01,0.0,TP2->EMA->TP2,TP2->EMA->TP2,0,0,1,1,0,0,1,1,1,1,0,0,1,1,1.86,1.86,0.00,0.00,21,21,300.00,300.00,0,0,0,0,1,1
2019.03.12 12:08:02,BUY,1297.23,1652,1634,NONE,1,1,2.01,2.01,0.0,EMA->TP1,EMA->TP1,0,0,1,1,1,1,0,0,1,1,0,0,1,1,1.5,1.5,0.00,0.00,38,38,300.00,300.00,0,0,0,0,1,1
2019.03.12 22:08:04,BUY,1301.17,1653,1635,NONE,1,1,2.02,2.02,0.0,EMA->TP1,EMA->TP1,0,0,1,1,1,1,0,0,1,1,0,0,1,1,1.1,1.1,0.00,0.00,156,156,300.00,300.00,0,0,0,0,1,1
2019.03.13 04:04:03,BUY,1305.13,1654,1636,NONE,3,3,2.09,2.09,0.0,EMA->TP2->TP3,EMA->TP2->TP3,0,0,1,1,0,0,1,1,1,1,0,0,1,1,6.72,6.72,0.00,0.00,172,172,300.00,300.00,0,0,0,0,1,1
2019.03.13 08:40:00,SELL,1306.52,1655,1637,NONE,2,2,2.0,2.0,0.0,EMA->TP2,EMA->TP2,0,0,1,1,0,0,1,1,1,1,0,0,1,1,6.53,6.53,0.00,0.00,237,237,300.00,300.00,0,0,0,0,1,1
2019.03.13 23:01:19,SELL,1309.67,1656,1638,NONE,3,3,2.32,2.32,0.0,TP2->TP3->EMA->TP1->TP3,TP2->TP3->EMA->TP1->TP3,0,0,1,1,1,1,1,1,1,1,0,0,1,1,4.72,4.72,0.00,0.00,85,85,300.00,300.00,0,0,0,0,1,1
2019.03.14 01:16:00,BUY,1307.66,1657,1639,ALLOW,5,5,2.21,2.21,0.0,EMA->NET_BASKET_BE,EMA->NET_BASKET_BE,0,0,0,0,0,0,0,0,1,1,1,1,1,1,105.81,105.81,0.02,0.02,1736,1736,300.00,300.00,1,1,0,0,1,1
2019.03.15 07:55:00,BUY,1303.61,1658,1640,NONE,2,2,2.52,2.52,0.0,EMA->TP2,EMA->TP2,0,0,1,1,0,0,1,1,1,1,0,0,1,1,4.47,4.47,0.00,0.00,197,197,300.00,300.00,0,0,0,0,1,1
2019.03.15 14:59:00,BUY,1303.85,1659,1641,NONE,3,3,2.03,2.03,0.0,EMA->TP3,EMA->TP3,0,0,1,1,0,0,0,0,1,1,0,0,1,1,24.41,24.41,0.00,0.00,3828,3828,300.00,300.00,0,0,0,0,1,1
2019.03.18 07:58:01,SELL,1303.85,1660,1642,NONE,3,3,2.22,2.22,0.0,TP2->EMA->TP3,TP2->EMA->TP3,0,0,1,1,0,0,1,1,1,1,0,0,1,1,11.47,11.47,0.00,0.00,345,345,300.00,300.00,0,0,0,0,1,1
2019.03.18 16:00:00,BUY,1304.36,1661,1643,NONE,3,3,2.51,2.51,0.0,EMA->TP3,EMA->TP3,0,0,1,1,0,0,0,0,1,1,0,0,1,1,10.52,10.52,0.00,0.00,115,115,300.00,300.00,0,0,0,0,1,1
2019.03.19 12:58:00,BUY,1308.71,1662,1644,NONE,1,1,2.02,2.02,0.0,EMA->TP1,EMA->TP1,0,0,1,1,1,1,0,0,1,1,0,0,1,1,0.61,0.61,0.00,0.00,9,9,300.00,300.00,0,0,0,0,1,1
2019.03.20 18:40:00,SELL,1315.16,1663,1645,NONE,2,2,4.23,4.23,0.0,EMA->TP2,EMA->TP2,0,0,1,1,0,0,1,1,1,1,0,0,1,1,12.7,12.7,0.00,0.00,967,967,300.00,300.00,0,0,0,0,1,1
2019.03.22 03:23:27,BUY,1309.65,1664,1646,ALLOW,4,4,2.12,2.12,0.0,EMA->NET_BASKET_BE,EMA->NET_BASKET_BE,0,0,0,0,0,0,0,0,1,1,0,0,1,1,14.08,14.08,0.00,0.00,140,140,300.00,300.00,1,1,0,0,1,1
2019.03.22 10:58:00,BUY,1312.61,1665,1647,NONE,2,2,2.01,2.01,0.0,EMA->TP2,EMA->TP2,0,0,1,1,0,0,1,1,1,1,0,0,1,1,3.11,3.11,0.00,0.00,83,83,300.00,300.00,0,0,0,0,1,1
2019.03.25 00:11:00,BUY,1311.57,1666,1648,NONE,1,1,2.0,2.0,0.0,EMA->TP1,EMA->TP1,0,0,1,1,1,1,0,0,1,1,0,0,1,1,0.82,0.82,0.00,0.00,45,45,300.00,300.00,0,0,0,0,1,1
2019.03.26 05:23:21,BUY,1319.15,1667,1649,NONE,2,2,2.0,2.0,0.0,TP2->EMA->TP2,TP2->EMA->TP2,0,0,1,1,0,0,1,1,1,1,0,0,1,1,4.3,4.3,0.00,0.00,59,59,300.00,300.00,0,0,0,0,1,1
2019.03.26 22:00:01,BUY,1316.32,1668,1650,NONE,2,2,2.0,2.0,0.0,EMA->TP1->TP2,EMA->TP1->TP2,0,0,1,1,1,1,1,1,1,1,0,0,1,1,6.48,6.48,0.00,0.00,522,522,300.00,300.00,0,0,0,0,1,1
2019.03.27 17:06:00,SELL,1311.64,1669,1651,NONE,1,1,2.03,2.03,0.0,EMA->TP1,EMA->TP1,0,0,1,1,1,1,0,0,1,1,0,0,1,1,1.11,1.11,0.00,0.00,39,39,300.00,300.00,0,0,0,0,1,1
2019.03.27 22:11:00,SELL,1309.70,1670,1652,NONE,2,2,2.02,2.02,0.0,EMA->TP2->TP1->TP2,EMA->TP2->TP1->TP2,0,0,1,1,1,1,1,1,1,1,0,0,1,1,1.85,1.85,0.00,0.00,60,60,300.00,300.00,0,0,0,0,1,1
2019.03.28 00:52:02,SELL,1310.79,1671,1653,NONE,1,1,2.14,2.14,0.0,TP1->EMA->TP1,TP1->EMA->TP1,0,0,1,1,1,1,0,0,1,1,0,0,1,1,0.81,0.81,0.00,0.00,55,55,300.00,300.00,0,0,0,0,1,1
2019.03.28 03:04:00,SELL,1309.76,1672,1654,NONE,2,2,2.05,2.05,0.0,TP2->EMA->TP2,TP2->EMA->TP2,0,0,1,1,0,0,1,1,1,1,0,0,1,1,3.02,3.02,0.00,0.00,59,59,300.00,300.00,0,0,0,0,1,1
2019.03.28 10:17:00,SELL,1307.00,1673,1655,NONE,1,1,2.07,2.07,0.0,EMA->TP1,EMA->TP1,0,0,1,1,1,1,0,0,1,1,0,0,1,1,1.55,1.55,0.00,0.00,72,72,300.00,300.00,0,0,0,0,1,1
2019.03.28 17:58:00,BUY,1291.04,1674,1656,NONE,3,3,2.6,2.6,0.0,EMA->TP1->TP3,EMA->TP1->TP3,0,0,1,1,1,1,0,0,1,1,0,0,1,1,15.57,15.57,0.00,0.00,899,899,300.00,300.00,0,0,0,0,1,1
2019.03.31 23:31:00,BUY,1292.12,1675,1657,NONE,3,3,2.01,2.01,0.0,TP2->TP3->EMA->TP3,TP2->TP3->EMA->TP3,0,0,1,1,0,0,1,1,1,1,0,0,1,1,7.76,7.76,0.00,0.00,89,89,300.00,300.00,0,0,0,0,1,1
2019.04.04 08:40:00,BUY,1291.78,1676,1658,ALLOW,5,5,4.11,4.11,0.0,TP2->EMA->NET_BASKET_BE,TP2->EMA->NET_BASKET_BE,0,0,0,0,0,0,1,1,1,1,1,1,1,1,96.37,96.37,0.02,0.02,363,363,300.00,300.00,1,1,0,0,1,1
2019.04.05 00:50:26,BUY,1291.72,1677,1659,ALLOW,5,5,2.2,2.2,0.0,TP2->NET_BASKET_BE,TP2->NET_BASKET_BE,0,0,0,0,0,0,1,1,0,0,1,1,1,1,33.52,33.52,0.01,0.01,264,264,300.00,300.00,1,1,0,0,1,1
2019.04.05 09:10:00,BUY,1288.92,1678,1660,NONE,2,2,2.16,2.16,0.0,EMA->TP1->TP2,EMA->TP1->TP2,0,0,1,1,1,1,1,1,1,1,0,0,1,1,5.74,5.74,0.00,0.00,195,195,300.00,300.00,0,0,0,0,1,1
2019.04.05 20:11:05,BUY,1291.95,1679,1661,ALLOW,4,4,2.44,2.44,0.0,EMA->TP3->TP2->TP1->NET_BASKET_BE,EMA->TP3->TP2->TP1->NET_BASKET_BE,0,0,0,0,1,1,1,1,1,1,0,0,1,1,11.75,11.75,0.00,0.00,3004,3004,300.00,300.00,1,1,0,0,1,1
2019.04.08 02:12:04,SELL,1295.99,1680,1662,NONE,3,3,2.3,2.3,0.0,EMA->TP3,EMA->TP3,0,0,1,1,0,0,0,0,1,1,0,0,1,1,32.94,32.94,0.01,0.01,784,784,300.00,300.00,0,0,0,0,1,1
2019.04.08 15:56:00,BUY,1297.49,1681,1663,NONE,1,1,2.07,2.07,0.0,EMA->TP1,EMA->TP1,0,0,1,1,1,1,0,0,1,1,0,0,1,1,2.73,2.73,0.00,0.00,955,955,300.00,300.00,0,0,0,0,1,1
2019.04.09 10:04:00,BUY,1302.01,1682,1664,NONE,3,3,2.03,2.03,0.0,EMA->TP1->TP3,EMA->TP1->TP3,0,0,1,1,1,1,0,0,1,1,0,0,1,1,5.49,5.49,0.00,0.00,42,42,300.00,300.00,0,0,0,0,1,1
2019.04.09 15:04:02,BUY,1304.45,1683,1665,NONE,2,2,2.02,2.02,0.0,EMA->TP1->TP2,EMA->TP1->TP2,0,0,1,1,1,1,1,1,1,1,0,0,1,1,3.34,3.34,0.00,0.00,316,316,300.00,300.00,0,0,0,0,1,1
2019.04.10 18:04:00,BUY,1309.05,1684,1666,ALLOW,5,5,-300.08,-300.08,0.0,EMA->SL$,EMA->SL$,1,1,0,0,0,0,0,0,1,1,1,1,0,0,300.05,300.05,0.06,0.06,10838,10838,300.00,300.00,0,0,0,0,1,1
2019.04.23 00:04:01,BUY,1274.78,1685,1667,NONE,2,2,2.11,2.11,0.0,EMA->TP2,EMA->TP2,0,0,1,1,0,0,1,1,1,1,0,0,1,1,2.81,2.81,0.00,0.00,53,53,300.00,300.00,0,0,0,0,1,1
2019.04.23 23:05:00,BUY,1271.79,1686,1668,ALLOW,5,5,2.14,2.14,0.0,EMA->TP2->NET_BASKET_BE,EMA->TP2->NET_BASKET_BE,0,0,0,0,0,0,1,1,1,1,1,1,1,1,19.63,19.63,0.00,0.00,161,161,300.00,300.00,1,1,0,0,1,1
2019.04.26 01:35:00,SELL,1279.27,1687,1669,NONE,3,3,2.0,2.0,0.0,EMA->TP2->TP3,EMA->TP2->TP3,0,0,1,1,0,0,1,1,1,1,0,0,1,1,14.57,14.57,0.00,0.00,502,502,300.00,300.00,0,0,0,0,1,1
2019.04.26 12:28:00,BUY,1279.61,1688,1670,NONE,2,2,6.41,6.41,0.0,TP2,TP2,0,0,1,1,0,0,1,1,0,0,0,0,1,1,9.86,9.86,0.00,0.00,9,9,300.00,300.00,0,0,0,0,1,1
2019.04.26 13:52:00,SELL,1286.02,1689,1671,NONE,2,2,2.63,2.63,0.0,EMA->TP2,EMA->TP2,0,0,1,1,0,0,1,1,1,1,0,0,1,1,4.94,4.94,0.00,0.00,210,210,300.00,300.00,0,0,0,0,1,1
2019.04.26 17:40:00,BUY,1286.51,1690,1672,ALLOW,5,5,2.76,2.76,0.0,EMA->TP2->NET_BASKET_BE,EMA->TP2->NET_BASKET_BE,0,0,0,0,0,0,1,1,1,1,1,1,1,1,60.22,60.22,0.01,0.01,4010,4010,300.00,300.00,1,1,0,0,1,1
2019.04.29 20:34:21,BUY,1279.77,1691,1673,NONE,1,1,2.0,2.0,0.0,EMA->TP1,EMA->TP1,0,0,1,1,1,1,0,0,1,1,0,0,1,1,1.35,1.35,0.00,0.00,297,297,300.00,300.00,0,0,0,0,1,1
2019.04.30 06:54:01,BUY,1282.38,1692,1674,NONE,1,1,2.07,2.07,0.0,EMA->TP1,EMA->TP1,0,0,1,1,1,1,0,0,1,1,0,0,1,1,0.6,0.6,0.00,0.00,87,87,300.00,300.00,0,0,0,0,1,1
2019.04.30 12:48:00,BUY,1281.96,1693,1675,NONE,2,2,2.46,2.46,0.0,TP2,TP2,0,0,1,1,0,0,1,1,0,0,0,0,1,1,2.99,2.99,0.00,0.00,45,45,300.00,300.00,0,0,0,0,1,1
2019.04.30 19:28:04,SELL,1283.88,1694,1676,NONE,1,1,2.02,2.02,0.0,EMA->TP1,EMA->TP1,0,0,1,1,1,1,0,0,1,1,0,0,1,1,1.22,1.22,0.00,0.00,381,381,300.00,300.00,0,0,0,0,1,1
2019.05.01 11:36:00,BUY,1282.00,1695,1677,NONE,3,3,2.01,2.01,0.0,EMA->TP3,EMA->TP3,0,0,1,1,0,0,0,0,1,1,0,0,1,1,6.11,6.11,0.00,0.00,40,40,300.00,300.00,0,0,0,0,1,1
2019.05.01 17:53:03,SELL,1282.74,1696,1678,NONE,2,2,2.04,2.04,0.0,TP2,TP2,0,0,1,1,0,0,1,1,0,0,0,0,1,1,3.6,3.6,0.00,0.00,7,7,300.00,300.00,0,0,0,0,1,1
2019.05.01 23:23:06,BUY,1277.43,1697,1679,ALLOW,5,5,2.19,2.19,0.0,EMA->TP2->NET_BASKET_BE,EMA->TP2->NET_BASKET_BE,0,0,0,0,0,0,1,1,1,1,1,1,1,1,137.24,137.24,0.03,0.03,2258,2258,300.00,300.00,1,1,0,0,1,1
2019.05.03 18:35:00,BUY,1279.67,1698,1680,NONE,2,2,2.09,2.09,0.0,EMA->TP2,EMA->TP2,0,0,1,1,0,0,1,1,1,1,0,0,1,1,4.57,4.57,0.00,0.00,3085,3085,300.00,300.00,0,0,0,0,1,1
2019.05.05 23:13:00,BUY,1283.48,1699,1681,NONE,3,3,2.23,2.23,0.0,EMA->TP2->TP3,EMA->TP2->TP3,0,0,1,1,0,0,1,1,1,1,0,0,1,1,8.21,8.21,0.00,0.00,37,37,300.00,300.00,0,0,0,0,1,1
2019.05.06 12:53:00,BUY,1278.43,1700,1682,NONE,1,1,2.03,2.03,0.0,EMA->TP1,EMA->TP1,0,0,1,1,1,1,0,0,1,1,0,0,1,1,1.77,1.77,0.00,0.00,182,182,300.00,300.00,0,0,0,0,1,1
2019.05.06 16:15:00,SELL,1280.64,1701,1683,NONE,3,3,2.38,2.38,0.0,TP2->TP3,TP2->TP3,0,0,1,1,0,0,1,1,0,0,0,0,1,1,7.84,7.84,0.00,0.00,85,85,300.00,300.00,0,0,0,0,1,1
2019.05.07 10:10:02,SELL,1281.54,1702,1684,NONE,2,2,2.0,2.0,0.0,EMA->TP2->TP1->TP2,EMA->TP2->TP1->TP2,0,0,1,1,1,1,1,1,1,1,0,0,1,1,1.86,1.86,0.00,0.00,68,68,300.00,300.00,0,0,0,0,1,1
2019.05.08 06:03:00,BUY,1287.80,1703,1685,NONE,2,2,2.03,2.03,0.0,EMA->TP2,EMA->TP2,0,0,1,1,0,0,1,1,1,1,0,0,1,1,5.05,5.05,0.00,0.00,193,193,300.00,300.00,0,0,0,0,1,1
2019.05.08 16:57:01,BUY,1280.52,1704,1686,NONE,2,2,2.05,2.05,0.0,TP2,TP2,0,0,1,1,0,0,1,1,0,0,0,0,1,1,2.42,2.42,0.00,0.00,14,14,300.00,300.00,0,0,0,0,1,1
2019.05.08 23:17:16,BUY,1281.47,1705,1687,NONE,2,2,2.03,2.03,0.0,EMA->TP1->TP2,EMA->TP1->TP2,0,0,1,1,1,1,1,1,1,1,0,0,1,1,6.17,6.17,0.00,0.00,331,331,300.00,300.00,0,0,0,0,1,1
2019.05.09 12:05:00,BUY,1282.41,1706,1688,NONE,2,2,2.91,2.91,0.0,EMA->TP2,EMA->TP2,0,0,1,1,0,0,1,1,1,1,0,0,1,1,3.61,3.61,0.00,0.00,97,97,300.00,300.00,0,0,0,0,1,1
2019.05.09 14:50:00,BUY,1285.15,1707,1689,NONE,2,2,2.12,2.12,0.0,EMA->TP2,EMA->TP2,0,0,1,1,0,0,1,1,1,1,0,0,1,1,3.18,3.18,0.00,0.00,34,34,300.00,300.00,0,0,0,0,1,1
2019.05.09 15:25:00,BUY,1285.65,1708,1690,NONE,2,2,2.14,2.14,0.0,EMA->TP2,EMA->TP2,0,0,1,1,0,0,1,1,1,1,0,0,1,1,9.55,9.55,0.00,0.00,798,798,300.00,300.00,0,0,0,0,1,1
2019.05.10 16:37:00,BUY,1287.62,1709,1691,NONE,2,2,2.03,2.03,0.0,EMA->TP2,EMA->TP2,0,0,1,1,0,0,1,1,1,1,0,0,1,1,6.9,6.9,0.00,0.00,3225,3225,300.00,300.00,0,0,0,0,1,1
2019.05.13 01:29:00,BUY,1286.93,1710,1692,ALLOW,4,4,2.08,2.08,0.0,EMA->NET_BASKET_BE,EMA->NET_BASKET_BE,0,0,0,0,0,0,0,0,1,1,0,0,1,1,25.12,25.12,0.01,0.01,639,639,300.00,300.00,1,1,0,0,1,1
2019.05.15 17:38:00,BUY,1297.13,1711,1693,ALLOW,5,5,-301.01,-301.01,0.0,EMA->TP2->TP3->SL$,EMA->TP2->TP3->SL$,1,1,0,0,0,0,1,1,1,1,1,1,0,0,300.61,300.61,0.06,0.06,2858,2858,300.00,300.00,0,0,0,0,1,1
2019.05.20 00:21:03,BUY,1277.41,1712,1694,NONE,3,3,2.59,2.59,0.0,EMA->TP1->TP2->TP3,EMA->TP1->TP2->TP3,0,0,1,1,1,1,1,1,1,1,0,0,1,1,9.84,9.84,0.00,0.00,425,425,300.00,300.00,0,0,0,0,1,1
2019.05.21 03:22:00,BUY,1275.98,1713,1695,NONE,2,2,2.11,2.11,0.0,EMA->TP2,EMA->TP2,0,0,1,1,0,0,1,1,1,1,0,0,1,1,4.41,4.41,0.00,0.00,246,246,300.00,300.00,0,0,0,0,1,1
2019.05.21 10:28:00,BUY,1276.31,1714,1696,ALLOW,5,5,2.29,2.29,0.0,EMA->NET_BASKET_BE,EMA->NET_BASKET_BE,0,0,0,0,0,0,0,0,1,1,1,1,1,1,57.65,57.65,0.01,0.01,267,267,300.00,300.00,1,1,0,0,1,1
2019.05.22 01:11:02,BUY,1274.29,1715,1697,NONE,3,3,2.66,2.66,0.0,TP2->EMA->TP3,TP2->EMA->TP3,0,0,1,1,0,0,1,1,1,1,0,0,1,1,9.38,9.38,0.00,0.00,435,435,300.00,300.00,0,0,0,0,1,1
2019.05.22 13:24:00,BUY,1275.90,1716,1698,NONE,2,2,2.13,2.13,0.0,EMA->TP2,EMA->TP2,0,0,1,1,0,0,1,1,1,1,0,0,1,1,6.7,6.7,0.00,0.00,130,130,300.00,300.00,0,0,0,0,1,1
2019.05.23 14:26:01,SELL,1284.70,1717,1699,NONE,2,2,2.03,2.03,0.0,TP1->TP2,TP1->TP2,0,0,1,1,1,1,1,1,0,0,0,0,1,1,6.95,6.95,0.00,0.00,163,163,300.00,300.00,0,0,0,0,1,1
2019.05.23 17:10:00,SELL,1284.79,1718,1700,NONE,2,2,2.09,2.09,0.0,TP2,TP2,0,0,1,1,0,0,1,1,0,0,0,0,1,1,3.49,3.49,0.00,0.00,23,23,300.00,300.00,0,0,0,0,1,1
2019.05.24 02:11:00,BUY,1283.06,1719,1701,NONE,1,1,2.01,2.01,0.0,EMA->TP1,EMA->TP1,0,0,1,1,1,1,0,0,1,1,0,0,1,1,1.63,1.63,0.00,0.00,249,249,300.00,300.00,0,0,0,0,1,1
2019.05.24 11:11:00,SELL,1281.60,1720,1702,ALLOW,4,4,2.53,2.53,0.0,EMA->TP3->NET_BASKET_BE,EMA->TP3->NET_BASKET_BE,0,0,0,0,0,0,0,0,1,1,0,0,1,1,16.12,16.12,0.00,0.00,139,139,300.00,300.00,1,1,0,0,1,1
2019.05.27 11:24:00,SELL,1286.18,1721,1703,NONE,2,2,2.0,2.0,0.0,EMA->TP1->TP2,EMA->TP1->TP2,0,0,1,1,1,1,1,1,1,1,0,0,1,1,2.53,2.53,0.00,0.00,785,785,300.00,300.00,0,0,0,0,1,1
2019.05.28 00:30:00,SELL,1285.38,1722,1704,NONE,1,1,2.01,2.01,0.0,EMA->TP1,EMA->TP1,0,0,1,1,1,1,0,0,1,1,0,0,1,1,0.51,0.51,0.00,0.00,62,62,300.00,300.00,0,0,0,0,1,1
2019.05.28 01:52:01,BUY,1283.16,1723,1705,NONE,2,2,2.02,2.02,0.0,TP2->EMA->TP2,TP2->EMA->TP2,0,0,1,1,0,0,1,1,1,1,0,0,1,1,2.4,2.4,0.00,0.00,222,222,300.00,300.00,0,0,0,0,1,1
2019.05.28 19:17:00,SELL,1278.42,1724,1706,ALLOW,5,5,2.17,2.17,0.0,TP2->EMA->TP3->NET_BASKET_BE,TP2->EMA->TP3->NET_BASKET_BE,0,0,0,0,0,0,1,1,1,1,1,1,1,1,57.2,57.2,0.01,0.01,1109,1109,300.00,300.00,1,1,0,0,1,1
2019.05.30 02:37:02,BUY,1278.19,1725,1707,NONE,3,3,2.02,2.02,0.0,EMA->TP2->TP3,EMA->TP2->TP3,0,0,1,1,0,0,1,1,1,1,0,0,1,1,13.17,13.17,0.00,0.00,339,339,300.00,300.00,0,0,0,0,1,1
2019.05.30 08:34:00,BUY,1276.60,1726,1708,NONE,1,1,2.1,2.1,0.0,EMA->TP1,EMA->TP1,0,0,1,1,1,1,0,0,1,1,0,0,1,1,1.95,1.95,0.00,0.00,213,213,300.00,300.00,0,0,0,0,1,1
2019.06.03 02:54:07,BUY,1312.01,1727,1709,ALLOW,5,5,3.02,3.02,0.0,EMA->TP1->TP2->TP3->NET_BASKET_BE,EMA->TP1->TP2->TP3->NET_BASKET_BE,0,0,0,0,1,1,1,1,1,1,1,1,1,1,23.41,23.41,0.00,0.00,249,249,300.00,300.00,1,1,0,0,1,1
2019.06.04 09:18:00,BUY,1323.96,1728,1710,NONE,1,1,2.09,2.09,0.0,TP1->EMA->TP1,TP1->EMA->TP1,0,0,1,1,1,1,0,0,1,1,0,0,1,1,1.01,1.01,0.00,0.00,59,59,300.00,300.00,0,0,0,0,1,1
2019.06.04 15:15:00,BUY,1321.54,1729,1711,NONE,1,1,2.02,2.02,0.0,EMA->TP1,EMA->TP1,0,0,1,1,1,1,0,0,1,1,0,0,1,1,1.65,1.65,0.00,0.00,76,76,300.00,300.00,0,0,0,0,1,1
2019.06.04 19:19:10,BUY,1326.23,1730,1712,NONE,2,2,2.23,2.23,0.0,EMA->TP2->TP1->TP2,EMA->TP2->TP1->TP2,0,0,1,1,1,1,1,1,1,1,0,0,1,1,1.13,1.13,0.00,0.00,14,14,300.00,300.00,0,0,0,0,1,1
2019.06.05 05:07:11,BUY,1326.12,1731,1713,NONE,1,1,2.0,2.0,0.0,EMA->TP1,EMA->TP1,0,0,1,1,1,1,0,0,1,1,0,0,1,1,0.4,0.4,0.00,0.00,58,58,300.00,300.00,0,0,0,0,1,1
2019.06.05 18:24:00,BUY,1329.37,1732,1714,NONE,2,2,2.05,2.05,0.0,TP2,TP2,0,0,1,1,0,0,1,1,0,0,0,0,1,1,3.92,3.92,0.00,0.00,44,44,300.00,300.00,0,0,0,0,1,1
2019.06.06 00:33:00,BUY,1329.09,1733,1715,NONE,2,2,2.03,2.03,0.0,TP2,TP2,0,0,1,1,0,0,1,1,0,0,0,0,1,1,4.3,4.3,0.00,0.00,57,57,300.00,300.00,0,0,0,0,1,1
2019.06.06 15:12:00,BUY,1336.18,1734,1716,NONE,1,1,2.02,2.02,0.0,EMA->TP1,EMA->TP1,0,0,1,1,1,1,0,0,1,1,0,0,1,1,1.14,1.14,0.00,0.00,36,36,300.00,300.00,0,0,0,0,1,1
2019.06.06 18:44:00,BUY,1334.16,1735,1717,NONE,2,2,4.02,4.02,0.0,EMA->TP2,EMA->TP2,0,0,1,1,0,0,1,1,1,1,0,0,1,1,7.84,7.84,0.00,0.00,752,752,300.00,300.00,0,0,0,0,1,1
2019.06.07 09:34:00,BUY,1334.59,1736,1718,NONE,2,2,2.1,2.1,0.0,EMA->TP2,EMA->TP2,0,0,1,1,0,0,1,1,1,1,0,0,1,1,2.61,2.61,0.00,0.00,96,96,300.00,300.00,0,0,0,0,1,1
2019.06.07 18:49:00,BUY,1339.53,1737,1719,ALLOW,4,4,2.84,2.84,0.0,TP1->EMA->NET_BASKET_BE,TP1->EMA->NET_BASKET_BE,0,0,0,0,1,1,0,0,1,1,0,0,1,1,33.33,33.33,0.01,0.01,3216,3216,300.00,300.00,1,1,0,0,1,1
2019.06.10 04:48:00,BUY,1328.44,1738,1720,ALLOW,4,4,2.24,2.24,0.0,TP2->NET_BASKET_BE,TP2->NET_BASKET_BE,0,0,0,0,0,0,1,1,0,0,0,0,1,1,16.27,16.27,0.00,0.00,136,136,300.00,300.00,1,1,0,0,1,1
2019.06.10 08:50:01,SELL,1326.90,1739,1721,NONE,2,2,2.4,2.4,0.0,EMA->TP2,EMA->TP2,0,0,1,1,0,0,1,1,1,1,0,0,1,1,5.7,5.7,0.00,0.00,157,157,300.00,300.00,0,0,0,0,1,1
2019.06.10 13:25:00,SELL,1329.11,1740,1722,NONE,1,1,2.14,2.14,0.0,EMA->TP1,EMA->TP1,0,0,1,1,1,1,0,0,1,1,0,0,1,1,1.95,1.95,0.00,0.00,173,173,300.00,300.00,0,0,0,0,1,1
2019.06.10 19:46:00,SELL,1328.20,1741,1723,NONE,2,2,2.0,2.0,0.0,EMA->TP2,EMA->TP2,0,0,1,1,0,0,1,1,1,1,0,0,1,1,4.94,4.94,0.00,0.00,472,472,300.00,300.00,0,0,0,0,1,1
2019.06.11 12:55:00,SELL,1323.63,1742,1724,ALLOW,4,4,3.26,3.26,0.0,EMA->NET_BASKET_BE,EMA->NET_BASKET_BE,0,0,0,0,0,0,0,0,1,1,0,0,1,1,78.19,78.19,0.02,0.02,1473,1473,300.00,300.00,1,1,0,0,1,1
2019.06.12 15:04:02,BUY,1335.09,1743,1725,NONE,2,2,2.07,2.07,0.0,EMA->TP2,EMA->TP2,0,0,1,1,0,0,1,1,1,1,0,0,1,1,11.79,11.79,0.00,0.00,656,656,300.00,300.00,0,0,0,0,1,1
2019.06.14 01:13:01,BUY,1342.57,1744,1726,NONE,1,1,2.0,2.0,0.0,EMA->TP1,EMA->TP1,0,0,1,1,1,1,0,0,1,1,0,0,1,1,1.15,1.15,0.00,0.00,49,49,300.00,300.00,0,0,0,0,1,1
2019.06.14 20:58:21,BUY,1341.69,1745,1727,NONE,3,3,2.05,2.05,0.0,EMA->TP3,EMA->TP3,0,0,1,1,0,0,0,0,1,1,0,0,1,1,24.53,24.53,0.00,0.00,3148,3148,300.00,300.00,0,0,0,0,1,1
2019.06.17 05:13:12,BUY,1341.78,1746,1728,ALLOW,5,5,6.54,6.54,0.0,EMA->NET_BASKET_BE,EMA->NET_BASKET_BE,0,0,0,0,0,0,0,0,1,1,1,1,1,1,83.97,83.97,0.02,0.02,436,436,300.00,300.00,1,1,0,0,1,1
2019.06.17 15:38:01,SELL,1340.10,1747,1729,NONE,2,2,2.06,2.06,0.0,TP2,TP2,0,0,1,1,0,0,1,1,0,0,0,0,1,1,2.86,2.86,0.00,0.00,75,75,300.00,300.00,0,0,0,0,1,1
2019.06.18 04:52:04,SELL,1341.71,1748,1730,ALLOW,5,5,2.98,2.98,0.0,TP2->NET_BASKET_BE,TP2->NET_BASKET_BE,0,0,0,0,0,0,1,1,0,0,1,1,1,1,162.01,162.01,0.03,0.03,534,534,300.00,300.00,1,1,0,0,1,1
2019.06.19 04:00:00,BUY,1344.55,1749,1731,NONE,1,1,2.0,2.0,0.0,EMA->TP1,EMA->TP1,0,0,1,1,1,1,0,0,1,1,0,0,1,1,0.37,0.37,0.00,0.00,65,65,300.00,300.00,0,0,0,0,1,1
2019.06.19 07:47:00,BUY,1344.00,1750,1732,NONE,2,2,2.5,2.5,0.0,EMA->TP2,EMA->TP2,0,0,1,1,0,0,1,1,1,1,0,0,1,1,6.96,6.96,0.00,0.00,256,256,300.00,300.00,0,0,0,0,1,1
2019.06.20 07:39:00,BUY,1381.38,1751,1733,NONE,2,2,3.17,3.17,0.0,EMA->TP2,EMA->TP2,0,0,1,1,0,0,1,1,1,1,0,0,1,1,9.06,9.06,0.00,0.00,111,111,300.00,300.00,0,0,0,0,1,1
2019.06.20 19:34:00,BUY,1390.06,1752,1734,NONE,2,2,2.14,2.14,0.0,EMA->TP2,EMA->TP2,0,0,1,1,0,0,1,1,1,1,0,0,1,1,9.79,9.79,0.00,0.00,245,245,300.00,300.00,0,0,0,0,1,1
2019.06.21 20:56:01,BUY,1399.25,1753,1735,NONE,1,1,2.0,2.0,0.0,EMA->TP1,EMA->TP1,0,0,1,1,1,1,0,0,1,1,0,0,1,1,0.54,0.54,0.00,0.00,2944,2944,300.00,300.00,0,0,0,0,1,1
2019.06.24 17:31:00,BUY,1414.80,1754,1736,NONE,1,1,2.27,2.27,0.0,EMA->TP1,EMA->TP1,0,0,1,1,1,1,0,0,1,1,0,0,1,1,1.94,1.94,0.00,0.00,76,76,300.00,300.00,0,0,0,0,1,1
2019.06.25 22:27:00,BUY,1419.39,1755,1737,NONE,2,2,3.59,3.59,0.0,TP2,TP2,0,0,1,1,0,0,1,1,0,0,0,0,1,1,7.81,7.81,0.00,0.00,36,36,300.00,300.00,0,0,0,0,1,1
2019.06.26 13:29:00,SELL,1408.96,1756,1738,NONE,1,1,2.0,2.0,0.0,EMA->TP1,EMA->TP1,0,0,1,1,1,1,0,0,1,1,0,0,1,1,1.52,1.52,0.00,0.00,11,11,300.00,300.00,0,0,0,0,1,1
2019.06.26 15:55:00,SELL,1413.62,1757,1739,NONE,1,1,4.12,4.12,0.0,EMA->TP1,EMA->TP1,0,0,1,1,1,1,0,0,1,1,0,0,1,1,3.61,3.61,0.00,0.00,171,171,300.00,300.00,0,0,0,0,1,1
2019.06.27 00:24:00,SELL,1410.93,1758,1740,NONE,1,1,2.63,2.63,0.0,EMA->TP1,EMA->TP1,0,0,1,1,1,1,0,0,1,1,0,0,1,1,0.81,0.81,0.00,0.00,11,11,300.00,300.00,0,0,0,0,1,1
2019.06.27 09:53:00,BUY,1404.11,1759,1741,NONE,1,1,2.36,2.36,0.0,EMA->TP1,EMA->TP1,0,0,1,1,1,1,0,0,1,1,0,0,1,1,2.07,2.07,0.00,0.00,148,148,300.00,300.00,0,0,0,0,1,1
2019.06.27 16:30:02,SELL,1406.80,1760,1742,NONE,2,2,2.11,2.11,0.0,TP2,TP2,0,0,1,1,0,0,1,1,0,0,0,0,1,1,5.6,5.6,0.00,0.00,79,79,300.00,300.00,0,0,0,0,1,1
2019.06.27 19:04:00,SELL,1407.23,1761,1743,ALLOW,5,5,9.38,9.38,0.0,EMA->NET_BASKET_BE,EMA->NET_BASKET_BE,0,0,0,0,0,0,0,0,1,1,1,1,1,1,115.01,115.01,0.02,0.02,634,634,300.00,300.00,1,1,0,0,1,1
2019.07.01 04:44:03,SELL,1392.45,1762,1744,NONE,1,1,2.11,2.11,0.0,EMA->TP1,EMA->TP1,0,0,1,1,1,1,0,0,1,1,0,0,1,1,0.62,0.62,0.00,0.00,43,43,300.00,300.00,0,0,0,0,1,1
2019.07.01 23:00:00,SELL,1387.06,1763,1745,NONE,2,2,2.12,2.12,0.0,TP2,TP2,0,0,1,1,0,0,1,1,0,0,0,0,1,1,3.29,3.29,0.00,0.00,21,21,300.00,300.00,0,0,0,0,1,1
2019.07.02 10:20:02,BUY,1393.23,1764,1746,NONE,2,2,2.05,2.05,0.0,EMA->TP2,EMA->TP2,0,0,1,1,0,0,1,1,1,1,0,0,1,1,5.52,5.52,0.00,0.00,96,96,300.00,300.00,0,0,0,0,1,1
2019.07.03 13:50:00,BUY,1413.84,1765,1747,NONE,1,1,5.38,5.38,0.0,EMA->TP1,EMA->TP1,0,0,1,1,1,1,0,0,1,1,0,0,1,1,1.94,1.94,0.00,0.00,19,19,300.00,300.00,0,0,0,0,1,1
2019.07.04 15:15:00,BUY,1415.66,1766,1748,NONE,1,1,2.49,2.49,0.0,EMA->TP1,EMA->TP1,0,0,1,1,1,1,0,0,1,1,0,0,1,1,1.59,1.59,0.00,0.00,438,438,300.00,300.00,0,0,0,0,1,1
2019.07.04 23:37:00,BUY,1421.60,1767,1749,NONE,3,3,4.05,4.05,0.0,EMA->TP3,EMA->TP3,0,0,1,1,0,0,0,0,1,1,0,0,1,1,26.55,26.55,0.01,0.01,108,108,300.00,300.00,0,0,0,0,1,1
2019.07.05 15:26:00,SELL,1394.56,1768,1750,NONE,2,2,4.57,4.57,0.0,EMA->TP2,EMA->TP2,0,0,1,1,0,0,1,1,1,1,0,0,1,1,21.54,21.54,0.00,0.00,3294,3294,300.00,300.00,0,0,0,0,1,1
2019.07.08 05:37:02,SELL,1403.49,1769,1751,NONE,2,2,4.05,4.05,0.0,EMA->TP2,EMA->TP2,0,0,1,1,0,0,1,1,1,1,0,0,1,1,6.65,6.65,0.00,0.00,244,244,300.00,300.00,0,0,0,0,1,1
2019.07.08 10:45:00,BUY,1404.84,1770,1752,NONE,1,1,2.06,2.06,0.0,EMA->TP1,EMA->TP1,0,0,1,1,1,1,0,0,1,1,0,0,1,1,1.21,1.21,0.00,0.00,75,75,300.00,300.00,0,0,0,0,1,1
2019.07.08 23:29:00,BUY,1393.92,1771,1753,NONE,2,2,2.0,2.0,0.0,TP2,TP2,0,0,1,1,0,0,1,1,0,0,0,0,1,1,2.29,2.29,0.00,0.00,20,20,300.00,300.00,0,0,0,0,1,1
2019.07.09 04:06:08,BUY,1395.11,1772,1754,NONE,2,2,2.33,2.33,0.0,EMA->TP2,EMA->TP2,0,0,1,1,0,0,1,1,1,1,0,0,1,1,7.03,7.03,0.00,0.00,164,164,300.00,300.00,0,0,0,0,1,1
2019.07.09 23:23:02,BUY,1395.91,1773,1755,NONE,3,3,2.4,2.4,0.0,EMA->TP3,EMA->TP3,0,0,1,1,0,0,0,0,1,1,0,0,1,1,18.08,18.08,0.00,0.00,236,236,300.00,300.00,0,0,0,0,1,1
2019.07.10 04:23:05,BUY,1392.77,1774,1756,NONE,2,2,2.11,2.11,0.0,TP2->EMA->TP2,TP2->EMA->TP2,0,0,1,1,0,0,1,1,1,1,0,0,1,1,2.48,2.48,0.00,0.00,36,36,300.00,300.00,0,0,0,0,1,1
2019.07.10 12:12:00,BUY,1394.56,1775,1757,NONE,2,2,2.22,2.22,0.0,TP2->EMA->TP2,TP2->EMA->TP2,0,0,1,1,0,0,1,1,1,1,0,0,1,1,6.73,6.73,0.00,0.00,18,18,300.00,300.00,0,0,0,0,1,1
2019.07.10 22:39:00,SELL,1421.67,1776,1758,NONE,1,1,2.04,2.04,0.0,TP1,TP1,0,0,1,1,1,1,0,0,0,0,0,0,1,1,0.71,0.71,0.00,0.00,34,34,300.00,300.00,0,0,0,0,1,1
2019.07.10 23:32:00,BUY,1420.29,1777,1759,NONE,1,1,2.01,2.01,0.0,EMA->TP1,EMA->TP1,0,0,1,1,1,1,0,0,1,1,0,0,1,1,1.23,1.23,0.00,0.00,21,21,300.00,300.00,0,0,0,0,1,1
2019.07.15 05:18:00,BUY,1411.10,1778,1760,NONE,1,1,2.01,2.01,0.0,EMA->TP1,EMA->TP1,0,0,1,1,1,1,0,0,1,1,0,0,1,1,0.67,0.67,0.00,0.00,41,41,300.00,300.00,0,0,0,0,1,1
2019.07.16 17:44:00,BUY,1408.44,1779,1761,NONE,2,2,5.35,5.35,0.0,EMA->TP2,EMA->TP2,0,0,1,1,0,0,1,1,1,1,0,0,1,1,23.73,23.73,0.00,0.00,1130,1130,300.00,300.00,0,0,0,0,1,1
2019.07.17 14:01:00,SELL,1410.89,1780,1762,ALLOW,4,4,7.12,7.12,0.0,NET_BASKET_BE,NET_BASKET_BE,0,0,0,0,0,0,0,0,0,0,0,0,1,1,80.64,80.64,0.02,0.02,931,931,300.00,300.00,1,1,0,0,1,1
2019.07.18 07:58:00,BUY,1420.81,1781,1763,NONE,2,2,2.13,2.13,0.0,EMA->TP1->TP2,EMA->TP1->TP2,0,0,1,1,1,1,1,1,1,1,0,0,1,1,8.09,8.09,0.00,0.00,216,216,300.00,300.00,0,0,0,0,1,1
2019.07.19 03:53:00,BUY,1443.08,1782,1764,NONE,2,2,2.11,2.11,0.0,EMA->TP2,EMA->TP2,0,0,1,1,0,0,1,1,1,1,0,0,1,1,3.19,3.19,0.00,0.00,76,76,300.00,300.00,0,0,0,0,1,1
2019.07.22 22:14:29,BUY,1425.11,1783,1765,ALLOW,5,5,4.78,4.78,0.0,TP3->NET_BASKET_BE,TP3->NET_BASKET_BE,0,0,0,0,0,0,0,0,0,0,1,1,1,1,115.37,115.37,0.02,0.02,771,771,300.00,300.00,1,1,0,0,1,1
2019.07.23 13:28:00,BUY,1424.27,1784,1766,NONE,1,1,3.05,3.05,0.0,EMA->TP1,EMA->TP1,0,0,1,1,1,1,0,0,1,1,0,0,1,1,2.33,2.33,0.00,0.00,32,32,300.00,300.00,0,0,0,0,1,1
2019.07.23 14:01:00,BUY,1426.89,1785,1767,NONE,2,2,5.12,5.12,0.0,EMA->TP2,EMA->TP2,0,0,1,1,0,0,1,1,1,1,0,0,1,1,27.15,27.15,0.01,0.01,1154,1154,300.00,300.00,0,0,0,0,1,1
2019.07.24 23:42:00,BUY,1425.30,1786,1768,ALLOW,5,5,2.41,2.41,0.0,EMA->TP2->NET_BASKET_BE,EMA->TP2->NET_BASKET_BE,0,0,0,0,0,0,1,1,1,1,1,1,1,1,33.7,33.7,0.01,0.01,419,419,300.00,300.00,1,1,0,0,1,1
2019.07.25 22:19:01,SELL,1415.08,1787,1769,NONE,3,3,2.26,2.26,0.0,EMA->TP2->TP3,EMA->TP2->TP3,0,0,1,1,0,0,1,1,1,1,0,0,1,1,12.51,12.51,0.00,0.00,394,394,300.00,300.00,0,0,0,0,1,1
2019.07.26 05:34:00,BUY,1414.52,1788,1770,NONE,1,1,4.03,4.03,0.0,TP1->EMA->TP1,TP1->EMA->TP1,0,0,1,1,1,1,0,0,1,1,0,0,1,1,0.59,0.59,0.00,0.00,86,86,300.00,300.00,0,0,0,0,1,1
2019.07.26 13:24:00,SELL,1423.57,1789,1771,NONE,1,1,4.26,4.26,0.0,EMA->TP1,EMA->TP1,0,0,1,1,1,1,0,0,1,1,0,0,1,1,2.7,2.7,0.00,0.00,55,55,300.00,300.00,0,0,0,0,1,1
2019.07.26 18:11:02,SELL,1419.73,1790,1772,NONE,1,1,2.0,2.0,0.0,EMA->TP1,EMA->TP1,0,0,1,1,1,1,0,0,1,1,0,0,1,1,0.86,0.86,0.00,0.00,70,70,300.00,300.00,0,0,0,0,1,1
2019.07.26 20:05:01,BUY,1417.14,1791,1773,NONE,1,1,2.05,2.05,0.0,EMA->TP1,EMA->TP1,0,0,1,1,1,1,0,0,1,1,0,0,1,1,1.37,1.37,0.00,0.00,2997,2997,300.00,300.00,0,0,0,0,1,1
2019.07.29 06:47:04,SELL,1418.43,1792,1774,NONE,2,2,2.18,2.18,0.0,EMA->TP2,EMA->TP2,0,0,1,1,0,0,1,1,1,1,0,0,1,1,2.51,2.51,0.00,0.00,32,32,300.00,300.00,0,0,0,0,1,1
2019.07.29 10:52:00,SELL,1418.93,1793,1775,NONE,3,3,2.09,2.09,0.0,EMA->TP3,EMA->TP3,0,0,1,1,0,0,0,0,1,1,0,0,1,1,10.39,10.39,0.00,0.00,168,168,300.00,300.00,0,0,0,0,1,1
2019.07.29 16:07:00,SELL,1420.73,1794,1776,NONE,2,2,2.02,2.02,0.0,EMA->TP2,EMA->TP2,0,0,1,1,0,0,1,1,1,1,0,0,1,1,3.27,3.27,0.00,0.00,82,82,300.00,300.00,0,0,0,0,1,1
2019.07.30 01:24:02,BUY,1423.51,1795,1777,NONE,1,1,2.12,2.12,0.0,EMA->TP1,EMA->TP1,0,0,1,1,1,1,0,0,1,1,0,0,1,1,2.64,2.64,0.00,0.00,312,312,300.00,300.00,0,0,0,0,1,1
2019.07.30 11:03:03,BUY,1427.60,1796,1778,NONE,1,1,2.51,2.51,0.0,EMA->TP1,EMA->TP1,0,0,1,1,1,1,0,0,1,1,0,0,1,1,2.66,2.66,0.00,0.00,87,87,300.00,300.00,0,0,0,0,1,1
2019.07.31 00:50:01,BUY,1431.10,1797,1779,NONE,3,3,2.26,2.26,0.0,EMA->TP3,EMA->TP3,0,0,1,1,0,0,0,0,1,1,0,0,1,1,14.32,14.32,0.00,0.00,267,267,300.00,300.00,0,0,0,0,1,1
2019.07.31 18:07:00,BUY,1420.20,1798,1780,NONE,2,2,19.96,19.96,0.0,EMA->TP2,EMA->TP2,0,0,1,1,0,0,1,1,1,1,0,0,1,1,42.76,42.76,0.01,0.01,1300,1300,300.00,300.00,0,0,0,0,1,1
2019.08.05 09:47:00,BUY,1457.17,1799,1781,NONE,1,1,2.04,2.04,0.0,EMA->TP1,EMA->TP1,0,0,1,1,1,1,0,0,1,1,0,0,1,1,1.63,1.63,0.00,0.00,51,51,300.00,300.00,0,0,0,0,1,1
2019.08.05 19:49:00,BUY,1461.13,1800,1782,NONE,1,1,7.06,7.06,0.0,EMA->TP1,EMA->TP1,0,0,1,1,1,1,0,0,1,1,0,0,1,1,2.47,2.47,0.00,0.00,131,131,300.00,300.00,0,0,0,0,1,1
2019.08.06 05:18:00,BUY,1462.58,1801,1783,NONE,2,2,2.66,2.66,0.0,TP2,TP2,0,0,1,1,0,0,1,1,0,0,0,0,1,1,6.93,6.93,0.00,0.00,42,42,300.00,300.00,0,0,0,0,1,1
2019.08.07 03:58:00,BUY,1486.31,1802,1784,NONE,3,3,4.27,4.27,0.0,EMA->TP3,EMA->TP3,0,0,1,1,0,0,0,0,1,1,0,0,1,1,17.17,17.17,0.00,0.00,117,117,300.00,300.00,0,0,0,0,1,1
2019.08.07 08:05:00,BUY,1486.50,1803,1785,NONE,1,1,2.36,2.36,0.0,EMA->TP1,EMA->TP1,0,0,1,1,1,1,0,0,1,1,0,0,1,1,2.89,2.89,0.00,0.00,138,138,300.00,300.00,0,0,0,0,1,1
2019.08.07 14:56:00,BUY,1500.86,1804,1786,NONE,1,1,5.55,5.55,0.0,EMA->TP1,EMA->TP1,0,0,1,1,1,1,0,0,1,1,0,0,1,1,2.37,2.37,0.00,0.00,32,32,300.00,300.00,0,0,0,0,1,1
2019.08.08 05:42:00,BUY,1500.65,1805,1787,NONE,1,1,2.91,2.91,0.0,EMA->TP1,EMA->TP1,0,0,1,1,1,1,0,0,1,1,0,0,1,1,1.4,1.4,0.00,0.00,28,28,300.00,300.00,0,0,0,0,1,1
2019.08.08 07:50:01,BUY,1498.59,1806,1788,NONE,2,2,3.17,3.17,0.0,EMA->TP2,EMA->TP2,0,0,1,1,0,0,1,1,1,1,0,0,1,1,5.81,5.81,0.00,0.00,96,96,300.00,300.00,0,0,0,0,1,1
2019.08.15 05:00:00,BUY,1521.07,1807,1789,NONE,2,2,2.02,2.02,0.0,EMA->TP2,EMA->TP2,0,0,1,1,0,0,1,1,1,1,0,0,1,1,4.3,4.3,0.00,0.00,36,36,300.00,300.00,0,0,0,0,1,1
2019.08.16 05:45:00,BUY,1519.80,1808,1790,ALLOW,4,4,2.64,2.64,0.0,NET_BASKET_BE,NET_BASKET_BE,0,0,0,0,0,0,0,0,0,0,0,0,1,1,72.94,72.94,0.01,0.01,281,281,300.00,300.00,1,1,0,0,1,1
2019.08.19 00:35:00,BUY,1509.94,1809,1791,NONE,2,2,3.34,3.34,0.0,TP2->EMA->TP2,TP2->EMA->TP2,0,0,1,1,0,0,1,1,1,1,0,0,1,1,11.04,11.04,0.00,0.00,85,85,300.00,300.00,0,0,0,0,1,1
2019.08.19 02:47:00,BUY,1509.60,1810,1792,NONE,2,2,2.42,2.42,0.0,EMA->TP2,EMA->TP2,0,0,1,1,0,0,1,1,1,1,0,0,1,1,10.35,10.35,0.00,0.00,235,235,300.00,300.00,0,0,0,0,1,1
2019.08.19 12:41:00,SELL,1498.56,1811,1793,NONE,2,2,3.25,3.25,0.0,EMA->TP2,EMA->TP2,0,0,1,1,0,0,1,1,1,1,0,0,1,1,12.18,12.18,0.00,0.00,143,143,300.00,300.00,0,0,0,0,1,1
2019.08.20 01:50:00,BUY,1497.41,1812,1794,NONE,2,2,2.03,2.03,0.0,EMA->TP2,EMA->TP2,0,0,1,1,0,0,1,1,1,1,0,0,1,1,6.84,6.84,0.00,0.00,253,253,300.00,300.00,0,0,0,0,1,1
2019.08.21 04:07:00,BUY,1503.12,1813,1795,NONE,2,2,2.05,2.05,0.0,TP2->EMA->TP2,TP2->EMA->TP2,0,0,1,1,0,0,1,1,1,1,0,0,1,1,4.76,4.76,0.00,0.00,121,121,300.00,300.00,0,0,0,0,1,1
2019.08.21 11:40:01,BUY,1500.72,1814,1796,NONE,3,3,2.22,2.22,0.0,EMA->TP3,EMA->TP3,0,0,1,1,0,0,0,0,1,1,0,0,1,1,7.09,7.09,0.00,0.00,24,24,300.00,300.00,0,0,0,0,1,1
2019.08.21 13:01:00,SELL,1499.97,1815,1797,NONE,2,2,2.13,2.13,0.0,EMA->TP2,EMA->TP2,0,0,1,1,0,0,1,1,1,1,0,0,1,1,3.12,3.12,0.00,0.00,12,12,300.00,300.00,0,0,0,0,1,1
2019.08.21 18:46:00,BUY,1503.97,1816,1798,NONE,2,2,4.89,4.89,0.0,EMA->TP2,EMA->TP2,0,0,1,1,0,0,1,1,1,1,0,0,1,1,6.03,6.03,0.00,0.00,206,206,300.00,300.00,0,0,0,0,1,1
2019.08.22 05:57:00,SELL,1500.47,1817,1799,NONE,2,2,2.26,2.26,0.0,EMA->TP2,EMA->TP2,0,0,1,1,0,0,1,1,1,1,0,0,1,1,5.07,5.07,0.00,0.00,78,78,300.00,300.00,0,0,0,0,1,1
2019.08.22 07:42:00,BUY,1498.59,1818,1800,NONE,3,3,4.7,4.7,0.0,EMA->TP3,EMA->TP3,0,0,1,1,0,0,0,0,1,1,0,0,1,1,21.99,21.99,0.00,0.00,299,299,300.00,300.00,0,0,0,0,1,1
2019.08.22 16:33:00,BUY,1498.69,1819,1801,NONE,3,3,2.05,2.05,0.0,EMA->TP1->TP3,EMA->TP1->TP3,0,0,1,1,1,1,0,0,1,1,0,0,1,1,20.04,20.04,0.00,0.00,871,871,300.00,300.00,0,0,0,0,1,1
2019.08.23 13:31:00,SELL,1504.00,1820,1802,NONE,2,2,3.35,3.35,0.0,TP2,TP2,0,0,1,1,0,0,1,1,0,0,0,0,1,1,7.18,7.18,0.00,0.00,29,29,300.00,300.00,0,0,0,0,1,1
2019.08.23 16:30:00,BUY,1524.78,1821,1803,NONE,1,1,3.42,3.42,0.0,EMA->TP1,EMA->TP1,0,0,1,1,1,1,0,0,1,1,0,0,1,1,2.17,2.17,0.00,0.00,37,37,300.00,300.00,0,0,0,0,1,1
2019.08.26 11:45:02,BUY,1529.68,1822,1804,NONE,2,2,3.56,3.56,0.0,EMA->TP2,EMA->TP2,0,0,1,1,0,0,1,1,1,1,0,0,1,1,8.67,8.67,0.00,0.00,75,75,300.00,300.00,0,0,0,0,1,1
2019.08.27 10:27:01,BUY,1531.53,1823,1805,NONE,2,2,3.49,3.49,0.0,EMA->TP2,EMA->TP2,0,0,1,1,0,0,1,1,1,1,0,0,1,1,5.91,5.91,0.00,0.00,157,157,300.00,300.00,0,0,0,0,1,1
2019.08.28 02:49:00,BUY,1534.02,1824,1806,NONE,1,1,5.14,5.14,0.0,EMA->TP1,EMA->TP1,0,0,1,1,1,1,0,0,1,1,0,0,1,1,1.57,1.57,0.00,0.00,184,184,300.00,300.00,0,0,0,0,1,1
2019.08.28 06:46:00,BUY,1538.61,1825,1807,NONE,1,1,4.89,4.89,0.0,EMA->TP1,EMA->TP1,0,0,1,1,1,1,0,0,1,1,0,0,1,1,3.6,3.6,0.00,0.00,273,273,300.00,300.00,0,0,0,0,1,1
2019.08.29 09:33:00,BUY,1538.08,1826,1808,NONE,2,2,4.78,4.78,0.0,TP2,TP2,0,0,1,1,0,0,1,1,0,0,0,0,1,1,9.42,9.42,0.00,0.00,99,99,300.00,300.00,0,0,0,0,1,1
2019.08.29 23:18:01,BUY,1527.84,1827,1809,ALLOW,4,4,2.18,2.18,0.0,EMA->NET_BASKET_BE,EMA->NET_BASKET_BE,0,0,0,0,0,0,0,0,1,1,0,0,1,1,34.34,34.34,0.01,0.01,105,105,300.00,300.00,1,1,0,0,1,1
2019.08.30 04:41:01,BUY,1525.40,1828,1810,NONE,1,1,4.14,4.14,0.0,EMA->TP1,EMA->TP1,0,0,1,1,1,1,0,0,1,1,0,0,1,1,0.4,0.4,0.00,0.00,78,78,300.00,300.00,0,0,0,0,1,1
2019.09.02 05:36:00,BUY,1525.26,1829,1811,NONE,3,3,2.51,2.51,0.0,EMA->TP3,EMA->TP3,0,0,1,1,0,0,0,0,1,1,0,0,1,1,25.36,25.36,0.01,0.01,229,229,300.00,300.00,0,0,0,0,1,1
2019.09.02 15:36:08,BUY,1526.17,1830,1812,NONE,2,2,2.25,2.25,0.0,EMA->TP2,EMA->TP2,0,0,1,1,0,0,1,1,1,1,0,0,1,1,4.48,4.48,0.00,0.00,13,13,300.00,300.00,0,0,0,0,1,1
2019.09.03 03:24:01,SELL,1523.68,1831,1813,NONE,2,2,2.01,2.01,0.0,EMA->TP2,EMA->TP2,0,0,1,1,0,0,1,1,1,1,0,0,1,1,1.56,1.56,0.00,0.00,30,30,300.00,300.00,0,0,0,0,1,1
2019.09.05 13:03:00,BUY,1537.91,1832,1814,VETO,4,3,2.08,-300.72,-302.8,NET_BASKET_BE,EMA->TP3->SL$,0,1,0,0,0,0,0,0,0,1,0,0,1,0,210.01,300.31,0.04,0.06,1448,31533,300.00,300.00,1,0,0,0,1,1
2019.09.27 13:03:00,SELL,1492.12,1862,1815,NONE,2,2,8.12,8.12,0.0,EMA->TP2,EMA->TP2,0,0,1,1,0,0,1,1,1,1,0,0,1,1,15.28,15.28,0.00,0.00,173,173,300.00,300.00,0,0,0,0,1,1
2019.09.30 02:14:00,BUY,1493.49,1863,1816,NONE,2,2,2.04,2.04,0.0,EMA->TP2,EMA->TP2,0,0,1,1,0,0,1,1,1,1,0,0,1,1,5.32,5.32,0.00,0.00,144,144,300.00,300.00,0,0,0,0,1,1
2019.09.30 05:39:00,BUY,1493.48,1864,1817,NONE,2,2,2.8,2.8,0.0,EMA->TP2,EMA->TP2,0,0,1,1,0,0,1,1,1,1,0,0,1,1,13.27,13.27,0.00,0.00,96,96,300.00,300.00,0,0,0,0,1,1
2019.10.01 12:53:00,BUY,1463.85,1865,1818,NONE,1,1,3.79,3.79,0.0,EMA->TP1,EMA->TP1,0,0,1,1,1,1,0,0,1,1,0,0,1,1,4.88,4.88,0.00,0.00,67,67,300.00,300.00,0,0,0,0,1,1
2019.10.02 00:39:00,BUY,1481.51,1866,1819,NONE,3,3,4.41,4.41,0.0,EMA->TP3,EMA->TP3,0,0,1,1,0,0,0,0,1,1,0,0,1,1,26.64,26.64,0.01,0.01,393,393,300.00,300.00,0,0,0,0,1,1
2019.10.02 14:43:00,SELL,1495.74,1867,1820,NONE,2,2,9.65,9.65,0.0,EMA->TP2,EMA->TP2,0,0,1,1,0,0,1,1,1,1,0,0,1,1,22.55,22.55,0.00,0.00,970,970,300.00,300.00,0,0,0,0,1,1
2019.10.03 11:15:02,SELL,1502.63,1868,1821,NONE,2,2,2.46,2.46,0.0,TP2,TP2,0,0,1,1,0,0,1,1,0,0,0,0,1,1,6.08,6.08,0.00,0.00,30,30,300.00,300.00,0,0,0,0,1,1
2019.10.04 05:38:01,SELL,1508.06,1869,1822,NONE,2,2,2.05,2.05,0.0,EMA->TP1->TP2,EMA->TP1->TP2,0,0,1,1,1,1,1,1,1,1,0,0,1,1,4.21,4.21,0.00,0.00,44,44,300.00,300.00,0,0,0,0,1,1
2019.10.04 10:51:00,SELL,1509.19,1870,1823,NONE,1,1,2.06,2.06,0.0,EMA->TP1,EMA->TP1,0,0,1,1,1,1,0,0,1,1,0,0,1,1,2.32,2.32,0.00,0.00,72,72,300.00,300.00,0,0,0,0,1,1
2019.10.04 12:23:00,BUY,1508.16,1871,1824,NONE,1,1,3.83,3.83,0.0,EMA->TP1,EMA->TP1,0,0,1,1,1,1,0,0,1,1,0,0,1,1,0.84,0.84,0.00,0.00,5,5,300.00,300.00,0,0,0,0,1,1
2019.10.04 13:44:00,SELL,1501.07,1872,1825,NONE,2,2,8.47,8.47,0.0,EMA->TP2,EMA->TP2,0,0,1,1,0,0,1,1,1,1,0,0,1,1,30.46,30.46,0.01,0.01,3937,3937,300.00,300.00,0,0,0,0,1,1
2019.10.07 09:47:00,SELL,1502.37,1873,1826,NONE,1,1,2.01,2.01,0.0,EMA->TP1,EMA->TP1,0,0,1,1,1,1,0,0,1,1,0,0,1,1,1.01,1.01,0.00,0.00,65,65,300.00,300.00,0,0,0,0,1,1
2019.10.08 04:02:00,SELL,1490.91,1874,1827,NONE,2,2,2.05,2.05,0.0,EMA->TP2,EMA->TP2,0,0,1,1,0,0,1,1,1,1,0,0,1,1,3.04,3.04,0.00,0.00,110,110,300.00,300.00,0,0,0,0,1,1
2019.10.08 08:50:00,SELL,1498.46,1875,1828,NONE,3,3,5.92,5.92,0.0,EMA->TP3,EMA->TP3,0,0,1,1,0,0,0,0,1,1,0,0,1,1,38.7,38.7,0.01,0.01,387,387,300.00,300.00,0,0,0,0,1,1
2019.10.08 20:01:00,SELL,1505.85,1876,1829,NONE,2,2,2.15,2.15,0.0,EMA->TP2,EMA->TP2,0,0,1,1,0,0,1,1,1,1,0,0,1,1,7.93,7.93,0.00,0.00,259,259,300.00,300.00,0,0,0,0,1,1
2019.10.10 18:08:00,BUY,1498.88,1877,1830,NONE,2,2,3.66,3.66,0.0,EMA->TP2,EMA->TP2,0,0,1,1,0,0,1,1,1,1,0,0,1,1,19.68,19.68,0.00,0.00,736,736,300.00,300.00,0,0,0,0,1,1
2019.10.15 01:36:00,BUY,1493.62,1878,1831,NONE,2,2,3.68,3.68,0.0,EMA->TP2,EMA->TP2,0,0,1,1,0,0,1,1,1,1,0,0,1,1,11.57,11.57,0.00,0.00,384,384,300.00,300.00,0,0,0,0,1,1
2019.10.15 14:19:00,BUY,1484.23,1879,1832,NONE,2,2,4.06,4.06,0.0,EMA->TP2,EMA->TP2,0,0,1,1,0,0,1,1,1,1,0,0,1,1,15.94,15.94,0.00,0.00,617,617,300.00,300.00,0,0,0,0,1,1
2019.10.17 17:21:00,BUY,1494.73,1880,1833,ALLOW,4,4,2.58,2.58,0.0,EMA->NET_BASKET_BE,EMA->NET_BASKET_BE,0,0,0,0,0,0,0,0,1,1,0,0,1,1,55.85,55.85,0.01,0.01,1137,1137,300.00,300.00,1,1,0,0,1,1
2019.10.18 12:23:00,SELL,1489.63,1881,1834,NONE,2,2,2.6,2.6,0.0,TP2,TP2,0,0,1,1,0,0,1,1,0,0,0,0,1,1,7.43,7.43,0.00,0.00,53,53,300.00,300.00,0,0,0,0,1,1
2019.10.20 23:51:00,BUY,1491.78,1882,1835,NONE,3,3,2.22,2.22,0.0,EMA->TP3,EMA->TP3,0,0,1,1,0,0,0,0,1,1,0,0,1,1,10.4,10.4,0.00,0.00,342,342,300.00,300.00,0,0,0,0,1,1
2019.10.21 06:11:00,SELL,1491.80,1883,1836,NONE,1,1,3.31,3.31,0.0,EMA->TP1,EMA->TP1,0,0,1,1,1,1,0,0,1,1,0,0,1,1,2.14,2.14,0.00,0.00,104,104,300.00,300.00,0,0,0,0,1,1
2019.10.21 15:35:00,BUY,1484.77,1884,1837,NONE,2,2,3.62,3.62,0.0,EMA->TP2,EMA->TP2,0,0,1,1,0,0,1,1,1,1,0,0,1,1,7.11,7.11,0.00,0.00,286,286,300.00,300.00,0,0,0,0,1,1
2019.10.23 02:08:00,BUY,1489.44,1885,1838,NONE,2,2,2.01,2.01,0.0,EMA->TP2,EMA->TP2,0,0,1,1,0,0,1,1,1,1,0,0,1,1,2.35,2.35,0.00,0.00,52,52,300.00,300.00,0,0,0,0,1,1
2019.10.23 05:38:00,BUY,1489.84,1886,1839,NONE,2,2,2.05,2.05,0.0,EMA->TP2,EMA->TP2,0,0,1,1,0,0,1,1,1,1,0,0,1,1,2.96,2.96,0.00,0.00,53,53,300.00,300.00,0,0,0,0,1,1
2019.10.23 13:09:00,SELL,1493.53,1887,1840,NONE,2,2,3.47,3.47,0.0,EMA->TP2,EMA->TP2,0,0,1,1,0,0,1,1,1,1,0,0,1,1,5.55,5.55,0.00,0.00,103,103,300.00,300.00,0,0,0,0,1,1
2019.10.23 14:53:00,SELL,1493.76,1888,1841,NONE,1,1,2.28,2.28,0.0,EMA->TP1,EMA->TP1,0,0,1,1,1,1,0,0,1,1,0,0,1,1,1.68,1.68,0.00,0.00,163,163,300.00,300.00,0,0,0,0,1,1
2019.10.23 18:45:00,SELL,1493.13,1889,1842,NONE,1,1,2.08,2.08,0.0,EMA->TP1,EMA->TP1,0,0,1,1,1,1,0,0,1,1,0,0,1,1,1.5,1.5,0.00,0.00,363,363,300.00,300.00,0,0,0,0,1,1
2019.10.24 19:08:00,BUY,1503.38,1890,1843,NONE,2,2,2.03,2.03,0.0,EMA->TP2,EMA->TP2,0,0,1,1,0,0,1,1,1,1,0,0,1,1,3.43,3.43,0.00,0.00,110,110,300.00,300.00,0,0,0,0,1,1
2019.10.25 15:05:00,BUY,1512.49,1891,1844,ALLOW,4,4,2.77,2.77,0.0,EMA->NET_BASKET_BE,EMA->NET_BASKET_BE,0,0,0,0,0,0,0,0,1,1,0,0,1,1,51.59,51.59,0.01,0.01,241,241,300.00,300.00,1,1,0,0,1,1
2019.10.28 12:01:00,BUY,1503.98,1892,1845,VETO,5,3,3.5,2.03,-1.47,NET_BASKET_BE,EMA->TP3->TP2->TP3,0,0,0,1,0,0,0,1,0,1,1,0,1,1,151.21,121.42,0.03,0.02,2880,4153,300.00,300.00,1,0,0,0,1,1
2019.11.05 16:12:00,BUY,1485.29,1895,1848,NONE,2,2,3.67,3.67,0.0,EMA->TP2,EMA->TP2,0,0,1,1,0,0,1,1,1,1,0,0,1,1,15.1,15.1,0.00,0.00,260,260,300.00,300.00,0,0,0,0,1,1
2019.11.06 05:38:00,BUY,1485.92,1896,1849,NONE,2,2,2.07,2.07,0.0,EMA->TP2,EMA->TP2,0,0,1,1,0,0,1,1,1,1,0,0,1,1,5.01,5.01,0.00,0.00,63,63,300.00,300.00,0,0,0,0,1,1
2019.11.06 14:33:00,BUY,1487.96,1897,1850,NONE,1,1,3.22,3.22,0.0,EMA->TP1,EMA->TP1,0,0,1,1,1,1,0,0,1,1,0,0,1,1,3.37,3.37,0.00,0.00,137,137,300.00,300.00,0,0,0,0,1,1
2019.11.07 01:05:00,BUY,1490.62,1898,1851,ALLOW,5,5,-300.76,-300.76,0.0,EMA->SL$,EMA->SL$,1,1,0,0,0,0,0,0,1,1,1,1,0,0,301.39,301.39,0.06,0.06,938,938,300.00,300.00,0,0,0,0,1,1
2019.11.08 01:38:02,BUY,1467.60,1899,1852,NONE,1,1,2.91,2.91,0.0,EMA->TP1,EMA->TP1,0,0,1,1,1,1,0,0,1,1,0,0,1,1,1.7,1.7,0.00,0.00,304,304,300.00,300.00,0,0,0,0,1,1
2019.11.08 17:00:00,BUY,1465.03,1900,1853,NONE,3,3,4.69,4.69,0.0,EMA->TP3,EMA->TP3,0,0,1,1,0,0,0,0,1,1,0,0,1,1,12.3,12.3,0.00,0.00,105,105,300.00,300.00,0,0,0,0,1,1
2019.11.08 19:17:00,BUY,1462.63,1901,1854,ALLOW,4,4,2.58,2.58,0.0,NET_BASKET_BE,NET_BASKET_BE,0,0,0,0,0,0,0,0,0,0,0,0,1,1,19.5,19.5,0.00,0.00,3108,3108,300.00,300.00,1,1,0,0,1,1
2019.11.11 13:04:00,BUY,1463.13,1902,1855,VETO,4,3,2.17,2.42,0.25,EMA->NET_BASKET_BE,EMA->TP3,0,0,0,1,0,0,0,0,1,1,0,0,1,1,93.44,93.79,0.02,0.02,330,2463,300.00,300.00,1,0,0,0,1,1
2019.11.13 14:35:00,SELL,1461.71,1905,1856,NONE,2,2,5.82,5.82,0.0,EMA->TP2,EMA->TP2,0,0,1,1,0,0,1,1,1,1,0,0,1,1,8.37,8.37,0.00,0.00,326,326,300.00,300.00,0,0,0,0,1,1
2019.11.13 20:44:00,SELL,1463.31,1906,1857,NONE,2,2,2.07,2.07,0.0,EMA->TP2,EMA->TP2,0,0,1,1,0,0,1,1,1,1,0,0,1,1,2.39,2.39,0.00,0.00,29,29,300.00,300.00,0,0,0,0,1,1
2019.11.14 08:48:00,SELL,1469.61,1907,1858,NONE,1,1,2.06,2.06,0.0,EMA->TP1,EMA->TP1,0,0,1,1,1,1,0,0,1,1,0,0,1,1,1.62,1.62,0.00,0.00,194,194,300.00,300.00,0,0,0,0,1,1
2019.11.14 21:45:00,SELL,1470.96,1908,1859,NONE,2,2,2.13,2.13,0.0,EMA->TP2->TP1->TP2,EMA->TP2->TP1->TP2,0,0,1,1,1,1,1,1,1,1,0,0,1,1,2.4,2.4,0.00,0.00,115,115,300.00,300.00,0,0,0,0,1,1
2019.11.15 05:18:54,SELL,1466.61,1909,1860,NONE,1,1,2.02,2.02,0.0,EMA->TP1,EMA->TP1,0,0,1,1,1,1,0,0,1,1,0,0,1,1,0.32,0.32,0.00,0.00,15,15,300.00,300.00,0,0,0,0,1,1
2019.11.15 06:38:01,BUY,1464.40,1910,1861,NONE,1,1,2.01,2.01,0.0,EMA->TP1,EMA->TP1,0,0,1,1,1,1,0,0,1,1,0,0,1,1,1.33,1.33,0.00,0.00,97,97,300.00,300.00,0,0,0,0,1,1
2019.11.15 09:22:00,BUY,1463.23,1911,1862,NONE,1,1,2.0,2.0,0.0,TP1->EMA->TP1,TP1->EMA->TP1,0,0,1,1,1,1,0,0,1,1,0,0,1,1,1.33,1.33,0.00,0.00,63,63,300.00,300.00,0,0,0,0,1,1
2019.11.15 15:22:00,SELL,1466.09,1912,1863,NONE,2,2,3.56,3.56,0.0,EMA->TP2,EMA->TP2,0,0,1,1,0,0,1,1,1,1,0,0,1,1,5.76,5.76,0.00,0.00,98,98,300.00,300.00,0,0,0,0,1,1
2019.11.15 20:17:00,SELL,1466.71,1913,1864,NONE,2,2,2.0,2.0,0.0,EMA->TP2,EMA->TP2,0,0,1,1,0,0,1,1,1,1,0,0,1,1,2.1,2.1,0.00,0.00,31,31,300.00,300.00,0,0,0,0,1,1
2019.11.18 09:13:00,BUY,1460.06,1914,1865,NONE,2,2,2.22,2.22,0.0,EMA->TP2,EMA->TP2,0,0,1,1,0,0,1,1,1,1,0,0,1,1,5.58,5.58,0.00,0.00,169,169,300.00,300.00,0,0,0,0,1,1
2019.11.19 23:29:20,SELL,1474.45,1915,1866,NONE,1,1,2.01,2.01,0.0,TP1->EMA->TP1,TP1->EMA->TP1,0,0,1,1,1,1,0,0,1,1,0,0,1,1,1.84,1.84,0.00,0.00,44,44,300.00,300.00,0,0,0,0,1,1
2019.11.20 01:21:00,SELL,1472.59,1916,1867,NONE,3,3,2.29,2.29,0.0,EMA->TP2->TP3,EMA->TP2->TP3,0,0,1,1,0,0,1,1,1,1,0,0,1,1,12.5,12.5,0.00,0.00,350,350,300.00,300.00,0,0,0,0,1,1
2019.11.20 08:15:00,SELL,1478.05,1917,1868,NONE,1,1,2.39,2.39,0.0,EMA->TP1,EMA->TP1,0,0,1,1,1,1,0,0,1,1,0,0,1,1,1.19,1.19,0.00,0.00,77,77,300.00,300.00,0,0,0,0,1,1
2019.11.20 16:38:00,BUY,1468.11,1918,1869,NONE,1,1,3.22,3.22,0.0,TP1->EMA->TP1,TP1->EMA->TP1,0,0,1,1,1,1,0,0,1,1,0,0,1,1,1.27,1.27,0.00,0.00,82,82,300.00,300.00,0,0,0,0,1,1
2019.11.20 21:51:15,BUY,1471.34,1919,1870,NONE,2,2,10.43,10.43,0.0,TP2->TP1->EMA->TP2,TP2->TP1->EMA->TP2,0,0,1,1,1,1,1,1,1,1,0,0,1,1,1.57,1.57,0.00,0.00,68,68,300.00,300.00,0,0,0,0,1,1
2019.11.21 00:53:00,SELL,1474.43,1920,1871,NONE,2,2,2.36,2.36,0.0,TP2,TP2,0,0,1,1,0,0,1,1,0,0,0,0,1,1,2.18,2.18,0.00,0.00,7,7,300.00,300.00,0,0,0,0,1,1
2019.11.21 19:27:00,BUY,1463.99,1921,1872,NONE,1,1,2.61,2.61,0.0,TP1->EMA->TP1,TP1->EMA->TP1,0,0,1,1,1,1,0,0,1,1,0,0,1,1,2.58,2.58,0.00,0.00,693,693,300.00,300.00,0,0,0,0,1,1
2019.11.26 10:19:00,BUY,1458.11,1922,1873,ALLOW,4,4,2.44,2.44,0.0,EMA->NET_BASKET_BE,EMA->NET_BASKET_BE,0,0,0,0,0,0,0,0,1,1,0,0,1,1,45.39,45.39,0.01,0.01,275,275,300.00,300.00,1,1,0,0,1,1
2019.11.27 00:15:00,BUY,1460.63,1923,1874,ALLOW,4,4,22.18,22.18,0.0,EMA->NET_BASKET_BE,EMA->NET_BASKET_BE,0,0,0,0,0,0,0,0,1,1,0,0,1,1,61.63,61.63,0.01,0.01,3825,3825,300.00,300.00,1,1,0,0,1,1
2019.12.01 23:19:00,BUY,1462.27,1924,1875,ALLOW,4,4,2.73,2.73,0.0,EMA->NET_BASKET_BE,EMA->NET_BASKET_BE,0,0,0,0,0,0,0,0,1,1,0,0,1,1,39.05,39.05,0.01,0.01,824,824,300.00,300.00,1,1,0,0,1,1
2019.12.02 13:42:00,SELL,1460.15,1925,1876,NONE,1,1,2.34,2.34,0.0,EMA->TP1,EMA->TP1,0,0,1,1,1,1,0,0,1,1,0,0,1,1,1.13,1.13,0.00,0.00,35,35,300.00,300.00,0,0,0,0,1,1
2019.12.02 20:27:00,SELL,1463.51,1926,1877,NONE,1,1,2.0,2.0,0.0,EMA->TP1,EMA->TP1,0,0,1,1,1,1,0,0,1,1,0,0,1,1,1.87,1.87,0.00,0.00,263,263,300.00,300.00,0,0,0,0,1,1
2019.12.03 00:57:05,BUY,1461.82,1927,1878,NONE,1,1,2.0,2.0,0.0,EMA->TP1,EMA->TP1,0,0,1,1,1,1,0,0,1,1,0,0,1,1,0.88,0.88,0.00,0.00,35,35,300.00,300.00,0,0,0,0,1,1
2019.12.03 10:45:00,SELL,1469.92,1928,1879,ALLOW,5,5,52.77,52.77,0.0,NET_BASKET_BE,NET_BASKET_BE,0,0,0,0,0,0,0,0,0,0,1,1,1,1,93.93,93.93,0.02,0.02,1395,1395,300.00,300.00,1,1,0,0,1,1
2019.12.05 14:23:00,BUY,1474.27,1929,1880,NONE,1,1,2.65,2.65,0.0,EMA->TP1,EMA->TP1,0,0,1,1,1,1,0,0,1,1,0,0,1,1,0.99,0.99,0.00,0.00,17,17,300.00,300.00,0,0,0,0,1,1
2019.12.06 14:47:00,BUY,1462.14,1930,1881,NONE,1,1,2.93,2.93,0.0,EMA->TP1,EMA->TP1,0,0,1,1,1,1,0,0,1,1,0,0,1,1,6.24,6.24,0.00,0.00,5558,5558,300.00,300.00,0,0,0,0,1,1
2019.12.11 12:39:00,BUY,1466.27,1931,1882,NONE,2,2,2.04,2.04,0.0,EMA->TP1->TP2,EMA->TP1->TP2,0,0,1,1,1,1,1,1,1,1,0,0,1,1,3.52,3.52,0.00,0.00,46,46,300.00,300.00,0,0,0,0,1,1
2019.12.11 14:29:00,BUY,1467.16,1932,1883,NONE,1,1,2.06,2.06,0.0,EMA->TP1,EMA->TP1,0,0,1,1,1,1,0,0,1,1,0,0,1,1,1.75,1.75,0.00,0.00,56,56,300.00,300.00,0,0,0,0,1,1
2019.12.11 17:06:00,SELL,1470.85,1933,1884,NONE,1,1,2.05,2.05,0.0,TP1->EMA->TP1,TP1->EMA->TP1,0,0,1,1,1,1,0,0,1,1,0,0,1,1,1.36,1.36,0.00,0.00,114,114,300.00,300.00,0,0,0,0,1,1
2019.12.11 20:59:00,BUY,1475.44,1934,1885,NONE,2,2,2.06,2.06,0.0,EMA->TP2,EMA->TP2,0,0,1,1,0,0,1,1,1,1,0,0,1,1,8.2,8.2,0.00,0.00,921,921,300.00,300.00,0,0,0,0,1,1
2019.12.13 10:42:01,BUY,1471.04,1935,1886,NONE,1,1,2.03,2.03,0.0,EMA->TP1,EMA->TP1,0,0,1,1,1,1,0,0,1,1,0,0,1,1,2.19,2.19,0.00,0.00,133,133,300.00,300.00,0,0,0,0,1,1
2019.12.16 14:00:00,BUY,1478.13,1936,1887,NONE,2,2,2.11,2.11,0.0,EMA->TP1->TP2,EMA->TP1->TP2,0,0,1,1,1,1,1,1,1,1,0,0,1,1,4.08,4.08,0.00,0.00,39,39,300.00,300.00,0,0,0,0,1,1
2019.12.17 08:03:00,BUY,1477.39,1937,1888,NONE,1,1,2.67,2.67,0.0,EMA->TP1,EMA->TP1,0,0,1,1,1,1,0,0,1,1,0,0,1,1,2.22,2.22,0.00,0.00,173,173,300.00,300.00,0,0,0,0,1,1
2019.12.17 12:44:05,BUY,1479.11,1938,1889,NONE,3,3,2.27,2.27,0.0,EMA->TP3,EMA->TP3,0,0,1,1,0,0,0,0,1,1,0,0,1,1,20.96,20.96,0.00,0.00,244,244,300.00,300.00,0,0,0,0,1,1
2019.12.19 01:04:06,BUY,1475.40,1939,1890,NONE,1,1,2.01,2.01,0.0,EMA->TP1,EMA->TP1,0,0,1,1,1,1,0,0,1,1,0,0,1,1,0.65,0.65,0.00,0.00,58,58,300.00,300.00,0,0,0,0,1,1
2019.12.19 09:39:00,BUY,1474.23,1940,1891,NONE,2,2,2.09,2.09,0.0,TP2,TP2,0,0,1,1,0,0,1,1,0,0,0,0,1,1,1.6,1.6,0.00,0.00,28,28,300.00,300.00,0,0,0,0,1,1
2019.12.20 08:53:00,BUY,1478.12,1941,1892,NONE,1,1,2.07,2.07,0.0,EMA->TP1,EMA->TP1,0,0,1,1,1,1,0,0,1,1,0,0,1,1,2.23,2.23,0.00,0.00,300,300,300.00,300.00,0,0,0,0,1,1
2019.12.23 11:54:00,BUY,1483.58,1942,1893,NONE,3,3,2.03,2.03,0.0,EMA->TP3,EMA->TP3,0,0,1,1,0,0,0,0,1,1,0,0,1,1,12.1,12.1,0.00,0.00,97,97,300.00,300.00,0,0,0,0,1,1
2019.12.23 17:01:00,BUY,1483.32,1943,1894,NONE,1,1,2.03,2.03,0.0,EMA->TP1,EMA->TP1,0,0,1,1,1,1,0,0,1,1,0,0,1,1,0.91,0.91,0.00,0.00,161,161,300.00,300.00,0,0,0,0,1,1
2019.12.24 06:58:00,BUY,1490.20,1944,1895,NONE,1,1,2.05,2.05,0.0,EMA->TP1,EMA->TP1,0,0,1,1,1,1,0,0,1,1,0,0,1,1,1.17,1.17,0.00,0.00,137,137,300.00,300.00,0,0,0,0,1,1
2019.12.27 07:51:00,BUY,1508.26,1945,1896,NONE,1,1,3.55,3.55,0.0,TP1->EMA->TP1,TP1->EMA->TP1,0,0,1,1,1,1,0,0,1,1,0,0,1,1,1.6,1.6,0.00,0.00,129,129,300.00,300.00,0,0,0,0,1,1
2019.12.27 19:48:00,BUY,1512.19,1946,1897,NONE,2,2,2.07,2.07,0.0,EMA->TP2,EMA->TP2,0,0,1,1,0,0,1,1,1,1,0,0,1,1,4.94,4.94,0.00,0.00,3102,3102,300.00,300.00,0,0,0,0,1,1
2019.12.30 05:04:06,BUY,1514.74,1947,1898,NONE,2,2,2.01,2.01,0.0,EMA->TP2,EMA->TP2,0,0,1,1,0,0,1,1,1,1,0,0,1,1,2.04,2.04,0.00,0.00,55,55,300.00,300.00,0,0,0,0,1,1
2019.12.31 11:17:00,BUY,1522.82,1948,1899,NONE,2,2,2.0,2.0,0.0,TP2->EMA->TP2,TP2->EMA->TP2,0,0,1,1,0,0,1,1,1,1,0,0,1,1,3.53,3.53,0.00,0.00,52,52,300.00,300.00,0,0,0,0,1,1
2019.12.31 12:48:00,BUY,1521.30,1949,1900,NONE,2,2,2.07,2.07,0.0,TP2,TP2,0,0,1,1,0,0,1,1,0,0,0,0,1,1,2.83,2.83,0.00,0.00,65,65,300.00,300.00,0,0,0,0,1,1
2020.01.02 00:09:04,BUY,1519.15,1950,1901,NONE,2,2,2.14,2.14,0.0,EMA->TP2,EMA->TP2,0,0,1,1,0,0,1,1,1,1,0,0,1,1,3.74,3.74,0.00,0.00,51,51,300.00,300.00,0,0,0,0,1,1
2020.01.02 07:33:00,BUY,1520.57,1951,1902,NONE,1,1,2.12,2.12,0.0,EMA->TP1,EMA->TP1,0,0,1,1,1,1,0,0,1,1,0,0,1,1,1.76,1.76,0.00,0.00,282,282,300.00,300.00,0,0,0,0,1,1
2020.01.06 01:03:00,BUY,1572.75,1952,1903,NONE,1,1,7.08,7.08,0.0,EMA->TP1,EMA->TP1,0,0,1,1,1,1,0,0,1,1,0,0,1,1,3.54,3.54,0.00,0.00,54,54,300.00,300.00,0,0,0,0,1,1
2020.01.06 21:03:06,BUY,1566.22,1953,1904,ALLOW,4,4,2.27,2.27,0.0,EMA->NET_BASKET_BE,EMA->NET_BASKET_BE,0,0,0,0,0,0,0,0,1,1,0,0,1,1,53.97,53.97,0.01,0.01,343,343,300.00,300.00,1,1,0,0,1,1
2020.01.08 09:15:00,BUY,1580.87,1954,1905,NONE,1,1,3.61,3.61,0.0,TP1,TP1,0,0,1,1,1,1,0,0,0,0,0,0,1,1,1.5,1.5,0.00,0.00,30,30,300.00,300.00,0,0,0,0,1,1
2020.01.09 00:55:00,BUY,1555.71,1955,1906,NONE,1,1,2.37,2.37,0.0,EMA->TP1,EMA->TP1,0,0,1,1,1,1,0,0,1,1,0,0,1,1,1.31,1.31,0.00,0.00,8,8,300.00,300.00,0,0,0,0,1,1
2020.01.09 05:33:00,BUY,1557.95,1956,1907,ALLOW,4,4,38.28,38.28,0.0,NET_BASKET_BE,NET_BASKET_BE,0,0,0,0,0,0,0,0,0,0,0,0,1,1,107.85,107.85,0.02,0.02,447,447,300.00,300.00,1,1,0,0,1,1
2020.01.09 14:45:00,BUY,1550.37,1957,1908,NONE,2,2,6.35,6.35,0.0,EMA->TP2,EMA->TP2,0,0,1,1,0,0,1,1,1,1,0,0,1,1,10.42,10.42,0.00,0.00,103,103,300.00,300.00,0,0,0,0,1,1
2020.01.09 16:38:00,SELL,1549.48,1958,1909,NONE,2,2,2.08,2.08,0.0,EMA->TP2,EMA->TP2,0,0,1,1,0,0,1,1,1,1,0,0,1,1,5.56,5.56,0.00,0.00,69,69,300.00,300.00,0,0,0,0,1,1
2020.01.09 18:02:01,BUY,1549.94,1959,1910,NONE,1,1,2.1,2.1,0.0,EMA->TP1,EMA->TP1,0,0,1,1,1,1,0,0,1,1,0,0,1,1,1.24,1.24,0.00,0.00,7,7,300.00,300.00,0,0,0,0,1,1
2020.01.10 00:37:03,BUY,1551.17,1960,1911,NONE,2,2,4.9,4.9,0.0,EMA->TP2,EMA->TP2,0,0,1,1,0,0,1,1,1,1,0,0,1,1,11.52,11.52,0.00,0.00,405,405,300.00,300.00,0,0,0,0,1,1
2020.01.10 19:55:00,SELL,1558.67,1961,1912,ALLOW,4,4,2.56,2.56,0.0,TP2->NET_BASKET_BE,TP2->NET_BASKET_BE,0,0,0,0,0,0,1,1,0,0,0,0,1,1,25.95,25.95,0.01,0.01,3065,3065,300.00,300.00,1,1,0,0,1,1
2020.01.13 02:40:00,SELL,1556.96,1962,1913,NONE,1,1,2.02,2.02,0.0,EMA->TP1,EMA->TP1,0,0,1,1,1,1,0,0,1,1,0,0,1,1,1.44,1.44,0.00,0.00,213,213,300.00,300.00,0,0,0,0,1,1
2020.01.13 06:42:00,BUY,1554.43,1963,1914,ALLOW,5,5,2.31,2.31,0.0,TP1->NET_BASKET_BE,TP1->NET_BASKET_BE,0,0,0,0,1,1,0,0,0,0,1,1,1,1,70.91,70.91,0.01,0.01,237,237,300.00,300.00,1,1,0,0,1,1
2020.01.13 13:57:00,SELL,1554.72,1964,1915,NONE,1,1,2.75,2.75,0.0,EMA->TP1,EMA->TP1,0,0,1,1,1,1,0,0,1,1,0,0,1,1,1.31,1.31,0.00,0.00,42,42,300.00,300.00,0,0,0,0,1,1
2020.01.13 19:47:01,SELL,1549.85,1965,1916,NONE,1,1,2.01,2.01,0.0,EMA->TP1,EMA->TP1,0,0,1,1,1,1,0,0,1,1,0,0,1,1,1.08,1.08,0.00,0.00,237,237,300.00,300.00,0,0,0,0,1,1
2020.01.14 10:13:00,SELL,1544.68,1966,1917,NONE,1,1,2.03,2.03,0.0,EMA->TP1,EMA->TP1,0,0,1,1,1,1,0,0,1,1,0,0,1,1,2.26,2.26,0.00,0.00,128,128,300.00,300.00,0,0,0,0,1,1
2020.01.14 16:34:02,BUY,1543.51,1967,1918,NONE,1,1,2.48,2.48,0.0,EMA->TP1,EMA->TP1,0,0,1,1,1,1,0,0,1,1,0,0,1,1,1.5,1.5,0.00,0.00,122,122,300.00,300.00,0,0,0,0,1,1
2020.01.14 23:50:00,SELL,1549.60,1968,1919,NONE,1,1,2.01,2.01,0.0,TP1->EMA->TP1,TP1->EMA->TP1,0,0,1,1,1,1,0,0,1,1,0,0,1,1,1.73,1.73,0.00,0.00,74,74,300.00,300.00,0,0,0,0,1,1
2020.01.15 13:10:00,BUY,1551.31,1969,1920,NONE,2,2,2.81,2.81,0.0,TP2,TP2,0,0,1,1,0,0,1,1,0,0,0,0,1,1,9.55,9.55,0.00,0.00,28,28,300.00,300.00,0,0,0,0,1,1
2020.01.15 20:58:00,BUY,1556.23,1970,1921,NONE,3,3,2.01,2.01,0.0,EMA->TP1->TP3,EMA->TP1->TP3,0,0,1,1,1,1,0,0,1,1,0,0,1,1,17.29,17.29,0.00,0.00,686,686,300.00,300.00,0,0,0,0,1,1
2020.01.16 14:44:00,BUY,1552.30,1971,1922,NONE,2,2,5.48,5.48,0.0,EMA->TP2,EMA->TP2,0,0,1,1,0,0,1,1,1,1,0,0,1,1,8.67,8.67,0.00,0.00,146,146,300.00,300.00,0,0,0,0,1,1
2020.01.17 06:34:02,BUY,1555.27,1972,1923,NONE,1,1,2.59,2.59,0.0,EMA->TP1,EMA->TP1,0,0,1,1,1,1,0,0,1,1,0,0,1,1,2.92,2.92,0.00,0.00,342,342,300.00,300.00,0,0,0,0,1,1
2020.01.20 07:20:00,BUY,1560.88,1973,1924,NONE,2,2,2.01,2.01,0.0,EMA->TP1->TP2,EMA->TP1->TP2,0,0,1,1,1,1,1,1,1,1,0,0,1,1,7.78,7.78,0.00,0.00,519,519,300.00,300.00,0,0,0,0,1,1
2020.01.21 10:54:00,BUY,1555.53,1974,1925,NONE,3,3,2.09,2.09,0.0,TP3,TP3,0,0,1,1,0,0,0,0,0,0,0,0,1,1,13.42,13.42,0.00,0.00,20,20,300.00,300.00,0,0,0,0,1,1
2020.01.21 21:56:01,BUY,1558.51,1975,1926,ALLOW,5,5,2.25,2.25,0.0,EMA->NET_BASKET_BE,EMA->NET_BASKET_BE,0,0,0,0,0,0,0,0,1,1,1,1,1,1,69.49,69.49,0.01,0.01,636,636,300.00,300.00,1,1,0,0,1,1
2020.01.22 17:35:00,SELL,1557.49,1976,1927,NONE,2,2,2.01,2.01,0.0,TP2->EMA->TP1->TP2,TP2->EMA->TP1->TP2,0,0,1,1,1,1,1,1,1,1,0,0,1,1,3.57,3.57,0.00,0.00,45,45,300.00,300.00,0,0,0,0,1,1
2020.01.22 18:21:00,SELL,1556.76,1977,1928,NONE,3,3,3.16,3.16,0.0,EMA->TP3,EMA->TP3,0,0,1,1,0,0,0,0,1,1,0,0,1,1,28.94,28.94,0.01,0.01,425,425,300.00,300.00,0,0,0,0,1,1
2020.01.27 07:16:00,BUY,1579.57,1978,1929,NONE,2,2,2.47,2.47,0.0,EMA->TP2,EMA->TP2,0,0,1,1,0,0,1,1,1,1,0,0,1,1,5.37,5.37,0.00,0.00,54,54,300.00,300.00,0,0,0,0,1,1
2020.01.27 14:04:00,BUY,1582.92,1979,1930,NONE,2,2,5.3,5.3,0.0,EMA->TP2,EMA->TP2,0,0,1,1,0,0,1,1,1,1,0,0,1,1,10.41,10.41,0.00,0.00,71,71,300.00,300.00,0,0,0,0,1,1
2020.01.27 16:49:00,BUY,1581.92,1980,1931,NONE,2,2,3.44,3.44,0.0,EMA->TP2,EMA->TP2,0,0,1,1,0,0,1,1,1,1,0,0,1,1,11.17,11.17,0.00,0.00,223,223,300.00,300.00,0,0,0,0,1,1
2020.01.28 03:14:02,BUY,1581.09,1981,1932,NONE,3,3,2.24,2.24,0.0,TP3->EMA->TP3,TP3->EMA->TP3,0,0,1,1,0,0,0,0,1,1,0,0,1,1,6.8,6.8,0.00,0.00,131,131,300.00,300.00,0,0,0,0,1,1
2020.01.28 05:50:00,BUY,1579.56,1982,1933,NONE,2,2,2.47,2.47,0.0,EMA->TP2,EMA->TP2,0,0,1,1,0,0,1,1,1,1,0,0,1,1,5.25,5.25,0.00,0.00,161,161,300.00,300.00,0,0,0,0,1,1
2020.01.28 19:39:00,BUY,1568.74,1983,1934,NONE,3,3,2.11,2.11,0.0,EMA->TP1->TP3,EMA->TP1->TP3,0,0,1,1,1,1,0,0,1,1,0,0,1,1,12.16,12.16,0.00,0.00,134,134,300.00,300.00,0,0,0,0,1,1
2020.01.29 13:24:00,SELL,1569.24,1984,1935,NONE,2,2,6.36,6.36,0.0,EMA->TP2,EMA->TP2,0,0,1,1,0,0,1,1,1,1,0,0,1,1,7.84,7.84,0.00,0.00,136,136,300.00,300.00,0,0,0,0,1,1
2020.01.29 21:13:00,SELL,1577.09,1985,1936,NONE,3,3,2.38,2.38,0.0,TP1->EMA->TP3,TP1->EMA->TP3,0,0,1,1,1,1,0,0,1,1,0,0,1,1,12.65,12.65,0.00,0.00,278,278,300.00,300.00,0,0,0,0,1,1
2020.01.30 11:55:01,BUY,1580.70,1986,1937,NONE,3,3,3.28,3.28,0.0,EMA->TP3,EMA->TP3,0,0,1,1,0,0,0,0,1,1,0,0,1,1,12.6,12.6,0.00,0.00,110,110,300.00,300.00,0,0,0,0,1,1
2020.01.30 23:01:00,BUY,1574.75,1987,1938,NONE,2,2,2.0,2.0,0.0,EMA->TP2,EMA->TP2,0,0,1,1,0,0,1,1,1,1,0,0,1,1,10.16,10.16,0.00,0.00,450,450,300.00,300.00,0,0,0,0,1,1
2020.01.31 16:15:00,BUY,1587.07,1988,1939,NONE,2,2,6.51,6.51,0.0,EMA->TP2,EMA->TP2,0,0,1,1,0,0,1,1,1,1,0,0,1,1,14.22,14.22,0.00,0.00,148,148,300.00,300.00,0,0,0,0,1,1
2020.02.03 20:23:03,BUY,1577.06,1989,1940,NONE,2,2,2.02,2.02,0.0,EMA->TP2,EMA->TP2,0,0,1,1,0,0,1,1,1,1,0,0,1,1,2.73,2.73,0.00,0.00,70,70,300.00,300.00,0,0,0,0,1,1
2020.02.03 23:28:09,BUY,1578.91,1990,1941,NONE,3,3,2.11,2.11,0.0,EMA->TP3,EMA->TP3,0,0,1,1,0,0,0,0,1,1,0,0,1,1,15.11,15.11,0.00,0.00,93,93,300.00,300.00,0,0,0,0,1,1
2020.02.04 06:00:00,BUY,1572.93,1991,1942,NONE,2,2,2.45,2.45,0.0,TP2,TP2,0,0,1,1,0,0,1,1,0,0,0,0,1,1,4.38,4.38,0.00,0.00,69,69,300.00,300.00,0,0,0,0,1,1
2020.02.04 07:28:00,SELL,1573.65,1992,1943,NONE,1,1,2.0,2.0,0.0,EMA->TP1,EMA->TP1,0,0,1,1,1,1,0,0,1,1,0,0,1,1,1.37,1.37,0.00,0.00,41,41,300.00,300.00,0,0,0,0,1,1
2020.02.05 01:33:02,BUY,1555.98,1993,1944,NONE,2,2,3.46,3.46,0.0,EMA->TP2,EMA->TP2,0,0,1,1,0,0,1,1,1,1,0,0,1,1,5.32,5.32,0.00,0.00,88,88,300.00,300.00,0,0,0,0,1,1
2020.02.05 04:52:00,SELL,1557.76,1994,1945,ALLOW,4,4,2.12,2.12,0.0,TP1->TP2->NET_BASKET_BE,TP1->TP2->NET_BASKET_BE,0,0,0,0,1,1,1,1,0,0,0,0,1,1,17.22,17.22,0.00,0.00,62,62,300.00,300.00,1,1,0,0,1,1
2020.02.05 19:08:00,BUY,1558.35,1995,1946,NONE,3,3,2.12,2.12,0.0,EMA->TP3,EMA->TP3,0,0,1,1,0,0,0,0,1,1,0,0,1,1,26.89,26.89,0.01,0.01,702,702,300.00,300.00,0,0,0,0,1,1
2020.02.06 21:53:56,SELL,1566.47,1996,1947,NONE,3,3,2.51,2.51,0.0,EMA->TP1->TP3,EMA->TP1->TP3,0,0,1,1,1,1,0,0,1,1,0,0,1,1,10.5,10.5,0.00,0.00,186,186,300.00,300.00,0,0,0,0,1,1
2020.02.07 01:54:00,BUY,1567.40,1997,1948,NONE,3,3,3.52,3.52,0.0,EMA->TP3,EMA->TP3,0,0,1,1,0,0,0,0,1,1,0,0,1,1,14.99,14.99,0.00,0.00,333,333,300.00,300.00,0,0,0,0,1,1
2020.02.07 07:45:00,SELL,1566.30,1998,1949,NONE,2,2,2.41,2.41,0.0,EMA->TP1->TP2,EMA->TP1->TP2,0,0,1,1,1,1,1,1,1,1,0,0,1,1,8.85,8.85,0.00,0.00,270,270,300.00,300.00,0,0,0,0,1,1
2020.02.07 12:43:00,BUY,1566.34,1999,1950,NONE,2,2,2.01,2.01,0.0,TP2,TP2,0,0,1,1,0,0,1,1,0,0,0,0,1,1,2.46,2.46,0.00,0.00,30,30,300.00,300.00,0,0,0,0,1,1
2020.02.07 17:06:04,SELL,1567.53,2000,1951,ALLOW,4,4,2.16,2.16,0.0,EMA->TP3->NET_BASKET_BE,EMA->TP3->NET_BASKET_BE,0,0,0,0,0,0,0,0,1,1,0,0,1,1,57.67,57.67,0.01,0.01,3398,3398,300.00,300.00,1,1,0,0,1,1
2020.02.10 05:52:00,BUY,1571.14,2001,1952,NONE,2,2,2.01,2.01,0.0,EMA->TP2,EMA->TP2,0,0,1,1,0,0,1,1,1,1,0,0,1,1,3.01,3.01,0.00,0.00,73,73,300.00,300.00,0,0,0,0,1,1
2020.02.10 10:14:08,SELL,1574.02,2002,1953,NONE,1,1,2.0,2.0,0.0,EMA->TP1,EMA->TP1,0,0,1,1,1,1,0,0,1,1,0,0,1,1,2.3,2.3,0.00,0.00,106,106,300.00,300.00,0,0,0,0,1,1
2020.02.10 21:21:00,BUY,1573.37,2003,1954,ALLOW,5,5,2.71,2.71,0.0,NET_BASKET_BE,NET_BASKET_BE,0,0,0,0,0,0,0,0,0,0,1,1,1,1,62.52,62.52,0.01,0.01,939,939,300.00,300.00,1,1,0,0,1,1
2020.02.11 17:43:01,BUY,1566.30,2004,1955,NONE,1,1,2.0,2.0,0.0,EMA->TP1,EMA->TP1,0,0,1,1,1,1,0,0,1,1,0,0,1,1,1.17,1.17,0.00,0.00,69,69,300.00,300.00,0,0,0,0,1,1
2020.02.11 19:26:00,SELL,1568.30,2005,1956,NONE,2,2,2.02,2.02,0.0,EMA->TP2,EMA->TP2,0,0,1,1,0,0,1,1,1,1,0,0,1,1,3.33,3.33,0.00,0.00,70,70,300.00,300.00,0,0,0,0,1,1
2020.02.12 03:23:00,SELL,1567.91,2006,1957,NONE,2,2,2.0,2.0,0.0,TP2->EMA->TP1->TP2,TP2->EMA->TP1->TP2,0,0,1,1,1,1,1,1,1,1,0,0,1,1,1.48,1.48,0.00,0.00,91,91,300.00,300.00,0,0,0,0,1,1
2020.02.12 11:29:00,BUY,1566.21,2007,1958,NONE,1,1,2.42,2.42,0.0,EMA->TP1,EMA->TP1,0,0,1,1,1,1,0,0,1,1,0,0,1,1,3.26,3.26,0.00,0.00,305,305,300.00,300.00,0,0,0,0,1,1
2020.02.12 21:45:00,BUY,1566.00,2008,1959,NONE,2,2,2.05,2.05,0.0,TP2->EMA->TP1->TP2,TP2->EMA->TP1->TP2,0,0,1,1,1,1,1,1,1,1,0,0,1,1,3.39,3.39,0.00,0.00,122,122,300.00,300.00,0,0,0,0,1,1
2020.02.13 03:53:01,SELL,1573.59,2009,1960,NONE,2,2,2.05,2.05,0.0,TP1->TP2->EMA->TP2,TP1->TP2->EMA->TP2,0,0,1,1,1,1,1,1,1,1,0,0,1,1,5.84,5.84,0.00,0.00,185,185,300.00,300.00,0,0,0,0,1,1
2020.02.13 20:43:02,BUY,1576.03,2010,1961,NONE,2,2,2.19,2.19,0.0,EMA->TP1->TP2,EMA->TP1->TP2,0,0,1,1,1,1,1,1,1,1,0,0,1,1,5.52,5.52,0.00,0.00,264,264,300.00,300.00,0,0,0,0,1,1
2020.02.18 02:09:00,BUY,1586.05,2011,1962,NONE,1,1,2.05,2.05,0.0,EMA->TP1,EMA->TP1,0,0,1,1,1,1,0,0,1,1,0,0,1,1,2.38,2.38,0.00,0.00,329,329,300.00,300.00,0,0,0,0,1,1
2020.02.18 12:45:01,BUY,1587.12,2012,1963,NONE,1,1,2.0,2.0,0.0,EMA->TP1,EMA->TP1,0,0,1,1,1,1,0,0,1,1,0,0,1,1,1.28,1.28,0.00,0.00,44,44,300.00,300.00,0,0,0,0,1,1
2020.02.18 19:40:00,BUY,1600.94,2013,1964,NONE,1,1,2.0,2.0,0.0,EMA->TP1,EMA->TP1,0,0,1,1,1,1,0,0,1,1,0,0,1,1,0.97,0.97,0.00,0.00,67,67,300.00,300.00,0,0,0,0,1,1
2020.02.19 02:22:02,BUY,1601.13,2014,1965,NONE,1,1,2.0,2.0,0.0,EMA->TP1,EMA->TP1,0,0,1,1,1,1,0,0,1,1,0,0,1,1,1.51,1.51,0.00,0.00,205,205,300.00,300.00,0,0,0,0,1,1
2020.02.20 03:20:00,BUY,1609.57,2015,1966,NONE,2,2,2.07,2.07,0.0,EMA->TP1->TP2,EMA->TP1->TP2,0,0,1,1,1,1,1,1,1,1,0,0,1,1,3.0,3.0,0.00,0.00,135,135,300.00,300.00,0,0,0,0,1,1
2020.02.20 09:46:00,BUY,1609.90,2016,1967,NONE,1,1,2.02,2.02,0.0,EMA->TP1,EMA->TP1,0,0,1,1,1,1,0,0,1,1,0,0,1,1,1.79,1.79,0.00,0.00,104,104,300.00,300.00,0,0,0,0,1,1
2020.02.21 10:22:00,BUY,1634.08,2017,1968,NONE,1,1,2.93,2.93,0.0,EMA->TP1,EMA->TP1,0,0,1,1,1,1,0,0,1,1,0,0,1,1,2.67,2.67,0.00,0.00,154,154,300.00,300.00,0,0,0,0,1,1
2020.02.24 16:28:00,BUY,1671.99,2018,1969,NONE,1,1,4.21,4.21,0.0,EMA->TP1,EMA->TP1,0,0,1,1,1,1,0,0,1,1,0,0,1,1,4.31,4.31,0.00,0.00,103,103,300.00,300.00,0,0,0,0,1,1
2020.02.25 00:02:00,BUY,1654.84,2019,1970,NONE,3,3,12.03,12.03,0.0,TP3,TP3,0,0,1,1,0,0,0,0,0,0,0,0,1,1,33.1,33.1,0.01,0.01,77,77,300.00,300.00,0,0,0,0,1,1
2020.02.25 04:35:00,BUY,1655.65,2020,1971,VETO,5,3,2.51,5.27,2.76,EMA->NET_BASKET_BE,EMA->TP3,0,0,0,1,0,0,0,0,1,1,1,0,1,1,220.22,119.64,0.04,0.02,227,265,300.00,300.00,1,0,0,0,1,1
2020.02.25 13:45:00,BUY,1651.52,2021,1972,NONE,2,2,4.73,4.73,0.0,EMA->TP2,EMA->TP2,0,0,1,1,0,0,1,1,1,1,0,0,1,1,9.31,9.31,0.00,0.00,49,49,300.00,300.00,0,0,0,0,1,1
2020.02.26 00:52:00,BUY,1639.75,2022,1973,NONE,1,1,2.65,2.65,0.0,EMA->TP1,EMA->TP1,0,0,1,1,1,1,0,0,1,1,0,0,1,1,2.72,2.72,0.00,0.00,10,10,300.00,300.00,0,0,0,0,1,1
2020.02.26 08:39:00,SELL,1648.01,2023,1974,NONE,2,2,3.24,3.24,0.0,EMA->TP2,EMA->TP2,0,0,1,1,0,0,1,1,1,1,0,0,1,1,15.99,15.99,0.00,0.00,86,86,300.00,300.00,0,0,0,0,1,1
2020.02.26 17:11:00,SELL,1642.12,2024,1975,NONE,2,2,5.75,5.75,0.0,EMA->TP2,EMA->TP2,0,0,1,1,0,0,1,1,1,1,0,0,1,1,20.67,20.67,0.00,0.00,202,202,300.00,300.00,0,0,0,0,1,1
2020.02.27 05:05:02,SELL,1651.11,2025,1976,NONE,1,1,2.47,2.47,0.0,EMA->TP1,EMA->TP1,0,0,1,1,1,1,0,0,1,1,0,0,1,1,3.76,3.76,0.00,0.00,112,112,300.00,300.00,0,0,0,0,1,1
2020.02.27 07:23:00,BUY,1646.85,2026,1977,NONE,2,2,5.25,5.25,0.0,TP2,TP2,0,0,1,1,0,0,1,1,0,0,0,0,1,1,9.23,9.23,0.00,0.00,31,31,300.00,300.00,0,0,0,0,1,1
2020.02.27 17:55:00,BUY,1640.23,2027,1978,NONE,1,1,5.88,5.88,0.0,EMA->TP1,EMA->TP1,0,0,1,1,1,1,0,0,1,1,0,0,1,1,2.88,2.88,0.00,0.00,47,47,300.00,300.00,0,0,0,0,1,1
2020.02.27 23:05:00,SELL,1642.08,2028,1979,NONE,1,1,9.97,9.97,0.0,EMA->TP1,EMA->TP1,0,0,1,1,1,1,0,0,1,1,0,0,1,1,7.96,7.96,0.00,0.00,408,408,300.00,300.00,0,0,0,0,1,1
2020.02.28 11:10:00,SELL,1630.67,2029,1980,NONE,1,1,3.83,3.83,0.0,EMA->TP1,EMA->TP1,0,0,1,1,1,1,0,0,1,1,0,0,1,1,2.59,2.59,0.00,0.00,23,23,300.00,300.00,0,0,0,0,1,1
2020.03.02 15:45:00,BUY,1593.36,2030,1981,NONE,1,1,7.36,7.36,0.0,EMA->TP1,EMA->TP1,0,0,1,1,1,1,0,0,1,1,0,0,1,1,7.42,7.42,0.00,0.00,109,109,300.00,300.00,0,0,0,0,1,1
2020.03.02 17:42:00,SELL,1600.59,2031,1982,NONE,1,1,3.67,3.67,0.0,EMA->TP1,EMA->TP1,0,0,1,1,1,1,0,0,1,1,0,0,1,1,1.25,1.25,0.00,0.00,20,20,300.00,300.00,0,0,0,0,1,1
2020.03.03 04:04:00,BUY,1598.19,2032,1983,NONE,1,1,2.05,2.05,0.0,EMA->TP1,EMA->TP1,0,0,1,1,1,1,0,0,1,1,0,0,1,1,0.86,0.86,0.00,0.00,18,18,300.00,300.00,0,0,0,0,1,1
2020.03.03 09:37:00,BUY,1595.90,2033,1984,NONE,1,1,2.39,2.39,0.0,EMA->TP1,EMA->TP1,0,0,1,1,1,1,0,0,1,1,0,0,1,1,1.28,1.28,0.00,0.00,39,39,300.00,300.00,0,0,0,0,1,1
2020.03.04 01:18:00,BUY,1641.93,2034,1985,NONE,2,2,8.41,8.41,0.0,EMA->TP2,EMA->TP2,0,0,1,1,0,0,1,1,1,1,0,0,1,1,24.34,24.34,0.00,0.00,527,527,300.00,300.00,0,0,0,0,1,1
2020.03.04 23:48:00,BUY,1637.16,2035,1986,NONE,1,1,2.01,2.01,0.0,EMA->TP1,EMA->TP1,0,0,1,1,1,1,0,0,1,1,0,0,1,1,4.34,4.34,0.00,0.00,73,73,300.00,300.00,0,0,0,0,1,1
2020.03.05 05:39:00,BUY,1639.34,2036,1987,NONE,2,2,2.06,2.06,0.0,EMA->TP2,EMA->TP2,0,0,1,1,0,0,1,1,1,1,0,0,1,1,4.08,4.08,0.00,0.00,44,44,300.00,300.00,0,0,0,0,1,1
2020.03.05 07:55:00,BUY,1638.40,2037,1988,NONE,1,1,2.01,2.01,0.0,EMA->TP1,EMA->TP1,0,0,1,1,1,1,0,0,1,1,0,0,1,1,1.32,1.32,0.00,0.00,32,32,300.00,300.00,0,0,0,0,1,1
2020.03.06 07:28:00,BUY,1671.99,2038,1989,NONE,1,1,10.25,10.25,0.0,EMA->TP1,EMA->TP1,0,0,1,1,1,1,0,0,1,1,0,0,1,1,4.26,4.26,0.00,0.00,130,130,300.00,300.00,0,0,0,0,1,1
2020.03.09 16:13:00,BUY,1666.23,2039,1990,NONE,1,1,8.54,8.54,0.0,EMA->TP1,EMA->TP1,0,0,1,1,1,1,0,0,1,1,0,0,1,1,3.89,3.89,0.00,0.00,71,71,300.00,300.00,0,0,0,0,1,1
2020.03.09 20:27:00,BUY,1676.39,2040,1991,NONE,1,1,3.37,3.37,0.0,EMA->TP1,EMA->TP1,0,0,1,1,1,1,0,0,1,1,0,0,1,1,4.13,4.13,0.00,0.00,32,32,300.00,300.00,0,0,0,0,1,1
2020.03.09 22:43:01,BUY,1675.81,2041,1992,NONE,3,3,21.65,21.65,0.0,EMA->TP3,EMA->TP3,0,0,1,1,0,0,0,0,1,1,0,0,1,1,155.77,155.77,0.03,0.03,2237,2237,300.00,300.00,0,0,0,0,1,1
2020.03.11 12:58:00,BUY,1665.13,2042,1993,ALLOW,5,5,-364.45,-364.45,0.0,EMA->SL$,EMA->SL$,1,1,0,0,0,0,0,0,1,1,1,1,0,0,259.09,259.09,0.05,0.05,1384,1384,300.00,300.00,0,0,0,0,1,1
2020.03.12 23:52:00,BUY,1579.05,2043,1994,NONE,3,3,21.07,21.07,0.0,EMA->TP3,EMA->TP3,0,0,1,1,0,0,0,0,1,1,0,0,1,1,90.53,90.53,0.02,0.02,280,280,300.00,300.00,0,0,0,0,1,1
2020.03.16 16:18:00,BUY,1505.23,2044,1995,NONE,2,2,22.67,22.67,0.0,EMA->TP2,EMA->TP2,0,0,1,1,0,0,1,1,1,1,0,0,1,1,45.84,45.84,0.01,0.01,153,153,300.00,300.00,0,0,0,0,1,1
2020.03.18 02:41:00,BUY,1531.37,2045,1996,VETO,4,3,7.02,-300.28,-307.3,EMA->NET_BASKET_BE,EMA->SL$,0,1,0,0,0,0,0,0,1,1,0,0,1,0,258.32,306.36,0.05,0.06,454,1457,300.00,300.00,1,0,0,0,1,1
2020.03.19 17:39:00,BUY,1478.05,2046,1997,NONE,2,2,11.01,11.01,0.0,EMA->TP2,EMA->TP2,0,0,1,1,0,0,1,1,1,1,0,0,1,1,23.07,23.07,0.00,0.00,95,95,300.00,300.00,0,0,0,0,1,1
2020.03.20 09:07:00,BUY,1508.10,2047,1998,NONE,3,3,26.33,26.33,0.0,EMA->TP3,EMA->TP3,0,0,1,1,0,0,0,0,1,1,0,0,1,1,93.88,93.88,0.02,0.02,704,704,300.00,300.00,0,0,0,0,1,1
2020.03.23 13:21:00,BUY,1519.73,2048,1999,NONE,2,2,8.91,8.91,0.0,EMA->TP2,EMA->TP2,0,0,1,1,0,0,1,1,1,1,0,0,1,1,12.37,12.37,0.00,0.00,11,11,300.00,300.00,0,0,0,0,1,1
2020.03.24 07:37:37,BUY,1572.47,2049,2000,NONE,2,2,2.66,2.66,0.0,EMA->TP2,EMA->TP2,0,0,1,1,0,0,1,1,1,1,0,0,1,1,25.38,25.38,0.01,0.01,28,28,300.00,300.00,0,0,0,0,1,1
2020.03.25 02:46:00,BUY,1612.10,2050,2001,NONE,2,2,13.55,13.55,0.0,EMA->TP2,EMA->TP2,0,0,1,1,0,0,1,1,1,1,0,0,1,1,38.82,38.82,0.01,0.01,360,360,300.00,300.00,0,0,0,0,1,1
2020.03.25 11:38:00,BUY,1612.74,2051,2002,NONE,2,2,42.87,42.87,0.0,EMA->TP2,EMA->TP2,0,0,1,1,0,0,1,1,1,1,0,0,1,1,95.69,95.69,0.02,0.02,11561,11561,300.00,300.00,0,0,0,0,1,1
2020.04.02 22:40:01,BUY,1613.18,2052,2003,NONE,2,2,2.1,2.1,0.0,EMA->TP2,EMA->TP2,0,0,1,1,0,0,1,1,1,1,0,0,1,1,9.0,9.0,0.00,0.00,61,61,300.00,300.00,0,0,0,0,1,1
2020.04.06 07:04:00,BUY,1626.53,2053,2004,NONE,1,1,10.26,10.26,0.0,EMA->TP1,EMA->TP1,0,0,1,1,1,1,0,0,1,1,0,0,1,1,5.69,5.69,0.00,0.00,116,116,300.00,300.00,0,0,0,0,1,1
2020.04.06 20:28:02,BUY,1663.23,2054,2005,NONE,2,2,7.4,7.4,0.0,EMA->TP2,EMA->TP2,0,0,1,1,0,0,1,1,1,1,0,0,1,1,16.23,16.23,0.00,0.00,92,92,300.00,300.00,0,0,0,0,1,1
2020.04.06 22:31:03,BUY,1663.06,2055,2006,NONE,2,2,2.51,2.51,0.0,EMA->TP2,EMA->TP2,0,0,1,1,0,0,1,1,1,1,0,0,1,1,7.54,7.54,0.00,0.00,9,9,300.00,300.00,0,0,0,0,1,1
2020.04.07 04:48:00,BUY,1662.16,2056,2007,NONE,2,2,2.2,2.2,0.0,EMA->TP2,EMA->TP2,0,0,1,1,0,0,1,1,1,1,0,0,1,1,17.35,17.35,0.00,0.00,48,48,300.00,300.00,0,0,0,0,1,1
2020.04.07 07:38:00,BUY,1655.90,2057,2008,NONE,1,1,15.86,15.86,0.0,EMA->TP1,EMA->TP1,0,0,1,1,1,1,0,0,1,1,0,0,1,1,22.48,22.48,0.00,0.00,3203,3203,300.00,300.00,0,0,0,0,1,1
2020.04.13 05:45:00,BUY,1684.12,2058,2009,NONE,1,1,3.55,3.55,0.0,EMA->TP1,EMA->TP1,0,0,1,1,1,1,0,0,1,1,0,0,1,1,1.66,1.66,0.00,0.00,37,37,300.00,300.00,0,0,0,0,1,1
2020.04.13 10:25:02,BUY,1690.77,2059,2010,NONE,1,1,5.43,5.43,0.0,EMA->TP1,EMA->TP1,0,0,1,1,1,1,0,0,1,1,0,0,1,1,8.99,8.99,0.00,0.00,237,237,300.00,300.00,0,0,0,0,1,1
2020.04.13 18:56:00,BUY,1721.37,2060,2011,NONE,2,2,7.18,7.18,0.0,EMA->TP2,EMA->TP2,0,0,1,1,0,0,1,1,1,1,0,0,1,1,23.99,23.99,0.00,0.00,315,315,300.00,300.00,0,0,0,0,1,1
2020.04.14 03:03:02,BUY,1723.93,2061,2012,NONE,3,3,17.03,17.03,0.0,EMA->TP3,EMA->TP3,0,0,1,1,0,0,0,0,1,1,0,0,1,1,39.01,39.01,0.01,0.01,279,279,300.00,300.00,0,0,0,0,1,1
2020.04.15 15:31:00,BUY,1720.16,2062,2013,NONE,2,2,7.75,7.75,0.0,EMA->TP2,EMA->TP2,0,0,1,1,0,0,1,1,1,1,0,0,1,1,22.51,22.51,0.00,0.00,139,139,300.00,300.00,0,0,0,0,1,1
2020.04.16 13:03:00,BUY,1726.43,2063,2014,NONE,3,3,19.76,19.76,0.0,EMA->TP3,EMA->TP3,0,0,1,1,0,0,0,0,1,1,0,0,1,1,72.71,72.71,0.01,0.01,644,644,300.00,300.00,0,0,0,0,1,1
2020.04.17 00:07:00,BUY,1715.53,2064,2015,NONE,2,2,4.05,4.05,0.0,EMA->TP2,EMA->TP2,0,0,1,1,0,0,1,1,1,1,0,0,1,1,11.04,11.04,0.00,0.00,86,86,300.00,300.00,0,0,0,0,1,1
2020.04.17 02:02:00,BUY,1709.99,2065,2016,NONE,3,3,11.43,11.43,0.0,EMA->TP3,EMA->TP3,0,0,1,1,0,0,0,0,1,1,0,0,1,1,113.35,113.35,0.02,0.02,292,292,300.00,300.00,0,0,0,0,1,1
2020.04.17 12:43:00,SELL,1696.90,2066,2017,NONE,2,2,3.31,3.31,0.0,EMA->TP2,EMA->TP2,0,0,1,1,0,0,1,1,1,1,0,0,1,1,12.07,12.07,0.00,0.00,77,77,300.00,300.00,0,0,0,0,1,1
2020.04.19 22:33:00,BUY,1680.32,2067,2018,NONE,3,3,3.32,3.32,0.0,TP3,TP3,0,0,1,1,0,0,0,0,0,0,0,0,1,1,27.1,27.1,0.01,0.01,151,151,300.00,300.00,0,0,0,0,1,1
2020.04.20 20:13:00,SELL,1695.29,2068,2019,NONE,1,1,4.81,4.81,0.0,EMA->TP1,EMA->TP1,0,0,1,1,1,1,0,0,1,1,0,0,1,1,4.95,4.95,0.00,0.00,173,173,300.00,300.00,0,0,0,0,1,1
2020.04.21 17:38:00,BUY,1675.49,2069,2020,NONE,1,1,8.93,8.93,0.0,EMA->TP1,EMA->TP1,0,0,1,1,1,1,0,0,1,1,0,0,1,1,4.67,4.67,0.00,0.00,113,113,300.00,300.00,0,0,0,0,1,1
2020.04.22 14:43:00,BUY,1708.36,2070,2021,NONE,1,1,6.14,6.14,0.0,EMA->TP1,EMA->TP1,0,0,1,1,1,1,0,0,1,1,0,0,1,1,4.71,4.71,0.00,0.00,101,101,300.00,300.00,0,0,0,0,1,1
2020.04.24 08:24:00,BUY,1728.03,2071,2022,NONE,1,1,4.87,4.87,0.0,EMA->TP1,EMA->TP1,0,0,1,1,1,1,0,0,1,1,0,0,1,1,4.36,4.36,0.00,0.00,138,138,300.00,300.00,0,0,0,0,1,1
2020.04.27 00:28:14,BUY,1723.79,2072,2023,NONE,2,2,2.01,2.01,0.0,EMA->TP2,EMA->TP2,0,0,1,1,0,0,1,1,1,1,0,0,1,1,4.74,4.74,0.00,0.00,20,20,300.00,300.00,0,0,0,0,1,1
2020.04.27 03:21:02,BUY,1722.90,2073,2024,NONE,2,2,2.01,2.01,0.0,EMA->TP2,EMA->TP2,0,0,1,1,0,0,1,1,1,1,0,0,1,1,10.79,10.79,0.00,0.00,149,149,300.00,300.00,0,0,0,0,1,1
2020.04.27 19:21:01,SELL,1713.92,2074,2025,NONE,2,2,2.32,2.32,0.0,TP2->EMA->TP2,TP2->EMA->TP2,0,0,1,1,0,0,1,1,1,1,0,0,1,1,10.64,10.64,0.00,0.00,98,98,300.00,300.00,0,0,0,0,1,1
2020.04.28 02:50:00,SELL,1703.26,2075,2026,NONE,1,1,2.04,2.04,0.0,EMA->TP1,EMA->TP1,0,0,1,1,1,1,0,0,1,1,0,0,1,1,0.87,0.87,0.00,0.00,20,20,300.00,300.00,0,0,0,0,1,1
2020.04.28 20:54:02,BUY,1708.71,2076,2027,NONE,2,2,2.3,2.3,0.0,EMA->TP2,EMA->TP2,0,0,1,1,0,0,1,1,1,1,0,0,1,1,11.91,11.91,0.00,0.00,251,251,300.00,300.00,0,0,0,0,1,1
2020.04.29 06:11:01,BUY,1711.28,2077,2028,NONE,3,3,3.85,3.85,0.0,EMA->TP3,EMA->TP3,0,0,1,1,0,0,0,0,1,1,0,0,1,1,22.12,22.12,0.00,0.00,97,97,300.00,300.00,0,0,0,0,1,1
2020.04.29 18:23:00,BUY,1702.85,2078,2029,NONE,1,1,7.53,7.53,0.0,EMA->TP1,EMA->TP1,0,0,1,1,1,1,0,0,1,1,0,0,1,1,4.43,4.43,0.00,0.00,71,71,300.00,300.00,0,0,0,0,1,1
2020.04.30 02:49:00,BUY,1710.55,2079,2030,NONE,1,1,4.4,4.4,0.0,EMA->TP1,EMA->TP1,0,0,1,1,1,1,0,0,1,1,0,0,1,1,3.04,3.04,0.00,0.00,180,180,300.00,300.00,0,0,0,0,1,1
2020.04.30 10:52:02,BUY,1715.44,2080,2031,VETO,5,3,-358.52,7.74,366.26,EMA->SL$,EMA->TP3,1,0,0,1,0,0,0,0,1,1,1,0,0,1,225.2,232.78,0.05,0.05,1147,5725,300.00,300.00,0,0,0,0,1,1
2020.05.04 13:38:00,SELL,1705.30,2083,2033,NONE,1,1,2.98,2.98,0.0,EMA->TP1,EMA->TP1,0,0,1,1,1,1,0,0,1,1,0,0,1,1,6.49,6.49,0.00,0.00,502,502,300.00,300.00,0,0,0,0,1,1
2020.05.04 23:33:04,SELL,1702.61,2084,2034,NONE,1,1,2.03,2.03,0.0,EMA->TP1,EMA->TP1,0,0,1,1,1,1,0,0,1,1,0,0,1,1,1.24,1.24,0.00,0.00,59,59,300.00,300.00,0,0,0,0,1,1
2020.05.05 08:47:01,BUY,1698.78,2085,2035,NONE,2,2,4.5,4.5,0.0,EMA->TP2,EMA->TP2,0,0,1,1,0,0,1,1,1,1,0,0,1,1,8.07,8.07,0.00,0.00,204,204,300.00,300.00,0,0,0,0,1,1
2020.05.06 19:05:00,BUY,1688.88,2086,2036,NONE,2,2,2.95,2.95,0.0,EMA->TP2,EMA->TP2,0,0,1,1,0,0,1,1,1,1,0,0,1,1,14.21,14.21,0.00,0.00,268,268,300.00,300.00,0,0,0,0,1,1
2020.05.07 13:29:00,BUY,1695.04,2087,2037,NONE,1,1,3.56,3.56,0.0,EMA->TP1,EMA->TP1,0,0,1,1,1,1,0,0,1,1,0,0,1,1,3.65,3.65,0.00,0.00,27,27,300.00,300.00,0,0,0,0,1,1
2020.05.07 19:10:00,SELL,1719.54,2088,2038,NONE,1,1,2.61,2.61,0.0,TP1,TP1,0,0,1,1,1,1,0,0,0,0,0,0,1,1,2.56,2.56,0.00,0.00,41,41,300.00,300.00,0,0,0,0,1,1
2020.05.08 19:33:01,BUY,1704.28,2089,2039,NONE,2,2,5.69,5.69,0.0,EMA->TP2,EMA->TP2,0,0,1,1,0,0,1,1,1,1,0,0,1,1,11.96,11.96,0.00,0.00,3146,3146,300.00,300.00,0,0,0,0,1,1
2020.05.12 10:03:01,SELL,1704.28,2090,2040,NONE,2,2,2.49,2.49,0.0,EMA->TP2,EMA->TP2,0,0,1,1,0,0,1,1,1,1,0,0,1,1,6.68,6.68,0.00,0.00,29,29,300.00,300.00,0,0,0,0,1,1
2020.05.12 12:29:00,BUY,1701.81,2091,2041,NONE,1,1,5.49,5.49,0.0,EMA->TP1,EMA->TP1,0,0,1,1,1,1,0,0,1,1,0,0,1,1,4.05,4.05,0.00,0.00,88,88,300.00,300.00,0,0,0,0,1,1
2020.05.12 16:31:00,BUY,1704.74,2092,2042,NONE,2,2,3.9,3.9,0.0,EMA->TP2,EMA->TP2,0,0,1,1,0,0,1,1,1,1,0,0,1,1,7.34,7.34,0.00,0.00,85,85,300.00,300.00,0,0,0,0,1,1
2020.05.12 23:47:00,BUY,1702.06,2093,2043,NONE,1,1,3.32,3.32,0.0,EMA->TP1,EMA->TP1,0,0,1,1,1,1,0,0,1,1,0,0,1,1,2.27,2.27,0.00,0.00,43,43,300.00,300.00,0,0,0,0,1,1
2020.05.14 01:27:00,BUY,1715.45,2094,2044,NONE,2,2,2.07,2.07,0.0,EMA->TP2,EMA->TP2,0,0,1,1,0,0,1,1,1,1,0,0,1,1,7.8,7.8,0.00,0.00,78,78,300.00,300.00,0,0,0,0,1,1
2020.05.14 04:28:02,BUY,1712.86,2095,2045,NONE,2,2,2.01,2.01,0.0,TP2,TP2,0,0,1,1,0,0,1,1,0,0,0,0,1,1,5.16,5.16,0.00,0.00,47,47,300.00,300.00,0,0,0,0,1,1
2020.05.14 11:00:00,BUY,1715.88,2096,2046,NONE,2,2,2.01,2.01,0.0,TP2,TP2,0,0,1,1,0,0,1,1,0,0,0,0,1,1,4.39,4.39,0.00,0.00,32,32,300.00,300.00,0,0,0,0,1,1
2020.05.14 17:22:00,BUY,1732.31,2097,2047,NONE,1,1,3.81,3.81,0.0,EMA->TP1,EMA->TP1,0,0,1,1,1,1,0,0,1,1,0,0,1,1,6.38,6.38,0.00,0.00,761,761,300.00,300.00,0,0,0,0,1,1
2020.05.18 16:24:00,BUY,1731.81,2098,2048,NONE,1,1,6.19,6.19,0.0,EMA->TP1,EMA->TP1,0,0,1,1,1,1,0,0,1,1,0,0,1,1,5.14,5.14,0.00,0.00,552,552,300.00,300.00,0,0,0,0,1,1
2020.05.19 12:03:00,SELL,1733.36,2099,2049,NONE,2,2,5.96,5.96,0.0,EMA->TP2,EMA->TP2,0,0,1,1,0,0,1,1,1,1,0,0,1,1,16.32,16.32,0.00,0.00,125,125,300.00,300.00,0,0,0,0,1,1
2020.05.20 20:56:01,BUY,1748.05,2100,2050,NONE,2,2,2.39,2.39,0.0,EMA->TP2,EMA->TP2,0,0,1,1,0,0,1,1,1,1,0,0,1,1,6.34,6.34,0.00,0.00,136,136,300.00,300.00,0,0,0,0,1,1
2020.05.21 13:10:00,BUY,1736.22,2101,2051,VETO,4,3,2.15,16.76,14.61,EMA->NET_BASKET_BE,EMA->TP3,0,0,0,1,0,0,0,0,1,1,0,0,1,1,94.58,86.42,0.02,0.02,377,1070,300.00,300.00,1,0,0,0,1,1
2020.05.22 09:36:00,BUY,1734.95,2102,2052,NONE,2,2,6.98,6.98,0.0,EMA->TP2,EMA->TP2,0,0,1,1,0,0,1,1,1,1,0,0,1,1,14.4,14.4,0.00,0.00,154,154,300.00,300.00,0,0,0,0,1,1
2020.05.24 23:11:00,BUY,1732.45,2103,2053,NONE,3,3,3.41,3.41,0.0,EMA->TP3,EMA->TP3,0,0,1,1,0,0,0,0,1,1,0,0,1,1,35.57,35.57,0.01,0.01,580,580,300.00,300.00,0,0,0,0,1,1
2020.05.25 12:14:01,SELL,1728.67,2104,2054,NONE,1,1,2.35,2.35,0.0,EMA->TP1,EMA->TP1,0,0,1,1,1,1,0,0,1,1,0,0,1,1,1.57,1.57,0.00,0.00,80,80,300.00,300.00,0,0,0,0,1,1
2020.05.26 05:47:01,SELL,1733.44,2105,2055,NONE,1,1,2.06,2.06,0.0,EMA->TP1,EMA->TP1,0,0,1,1,1,1,0,0,1,1,0,0,1,1,1.86,1.86,0.00,0.00,47,47,300.00,300.00,0,0,0,0,1,1
2020.05.26 23:22:02,SELL,1711.24,2106,2056,NONE,2,2,2.35,2.35,0.0,EMA->TP2,EMA->TP2,0,0,1,1,0,0,1,1,1,1,0,0,1,1,10.71,10.71,0.00,0.00,167,167,300.00,300.00,0,0,0,0,1,1
2020.05.27 02:38:01,BUY,1711.22,2107,2057,NONE,3,3,4.24,4.24,0.0,EMA->TP3,EMA->TP3,0,0,1,1,0,0,0,0,1,1,0,0,1,1,17.77,17.77,0.00,0.00,162,162,300.00,300.00,0,0,0,0,1,1
2020.05.27 13:06:00,BUY,1699.64,2108,2058,NONE,2,2,4.1,4.1,0.0,TP2,TP2,0,0,1,1,0,0,1,1,0,0,0,0,1,1,12.37,12.37,0.00,0.00,29,29,300.00,300.00,0,0,0,0,1,1
2020.05.27 19:29:00,BUY,1713.57,2109,2059,NONE,2,2,2.04,2.04,0.0,EMA->TP2,EMA->TP2,0,0,1,1,0,0,1,1,1,1,0,0,1,1,17.23,17.23,0.00,0.00,525,525,300.00,300.00,0,0,0,0,1,1
2020.05.28 12:10:00,BUY,1721.92,2110,2060,NONE,1,1,4.88,4.88,0.0,EMA->TP1,EMA->TP1,0,0,1,1,1,1,0,0,1,1,0,0,1,1,4.67,4.67,0.00,0.00,85,85,300.00,300.00,0,0,0,0,1,1
2020.05.29 00:33:05,SELL,1720.77,2111,2061,NONE,1,1,2.07,2.07,0.0,EMA->TP1,EMA->TP1,0,0,1,1,1,1,0,0,1,1,0,0,1,1,0.71,0.71,0.00,0.00,24,24,300.00,300.00,0,0,0,0,1,1
2020.05.29 01:08:00,BUY,1717.80,2112,2062,NONE,2,2,5.02,5.02,0.0,TP2,TP2,0,0,1,1,0,0,1,1,0,0,0,0,1,1,10.22,10.22,0.00,0.00,23,23,300.00,300.00,0,0,0,0,1,1
2020.05.29 11:45:01,SELL,1728.37,2113,2063,NONE,2,2,2.08,2.08,0.0,TP2,TP2,0,0,1,1,0,0,1,1,0,0,0,0,1,1,10.74,10.74,0.00,0.00,62,62,300.00,300.00,0,0,0,0,1,1
2020.06.01 01:18:00,BUY,1735.95,2114,2064,NONE,2,2,2.04,2.04,0.0,EMA->TP2,EMA->TP2,0,0,1,1,0,0,1,1,1,1,0,0,1,1,9.97,9.97,0.00,0.00,22,22,300.00,300.00,0,0,0,0,1,1
2020.06.01 04:51:09,SELL,1742.20,2115,2065,NONE,2,2,2.66,2.66,0.0,TP2,TP2,0,0,1,1,0,0,1,1,0,0,0,0,1,1,4.24,4.24,0.00,0.00,72,72,300.00,300.00,0,0,0,0,1,1
2020.06.03 10:38:00,SELL,1718.76,2116,2066,NONE,2,2,2.59,2.59,0.0,EMA->TP2,EMA->TP2,0,0,1,1,0,0,1,1,1,1,0,0,1,1,18.19,18.19,0.00,0.00,98,98,300.00,300.00,0,0,0,0,1,1
2020.06.04 06:13:00,BUY,1700.82,2117,2067,NONE,1,1,4.72,4.72,0.0,EMA->TP1,EMA->TP1,0,0,1,1,1,1,0,0,1,1,0,0,1,1,3.7,3.7,0.00,0.00,169,169,300.00,300.00,0,0,0,0,1,1
2020.06.05 05:03:00,BUY,1709.86,2118,2068,NONE,1,1,2.48,2.48,0.0,EMA->TP1,EMA->TP1,0,0,1,1,1,1,0,0,1,1,0,0,1,1,1.18,1.18,0.00,0.00,35,35,300.00,300.00,0,0,0,0,1,1
2020.06.05 09:49:00,BUY,1707.89,2119,2069,NONE,2,2,2.25,2.25,0.0,EMA->TP2,EMA->TP2,0,0,1,1,0,0,1,1,1,1,0,0,1,1,16.22,16.22,0.00,0.00,54,54,300.00,300.00,0,0,0,0,1,1
2020.06.08 06:12:00,BUY,1690.93,2120,2070,NONE,1,1,2.03,2.03,0.0,EMA->TP1,EMA->TP1,0,0,1,1,1,1,0,0,1,1,0,0,1,1,1.54,1.54,0.00,0.00,15,15,300.00,300.00,0,0,0,0,1,1
2020.06.08 07:41:01,BUY,1693.12,2121,2071,NONE,1,1,3.55,3.55,0.0,EMA->TP1,EMA->TP1,0,0,1,1,1,1,0,0,1,1,0,0,1,1,1.01,1.01,0.00,0.00,26,26,300.00,300.00,0,0,0,0,1,1
2020.06.08 08:52:09,BUY,1694.86,2122,2072,NONE,3,3,3.7,3.7,0.0,EMA->TP3,EMA->TP3,0,0,1,1,0,0,0,0,1,1,0,0,1,1,14.74,14.74,0.00,0.00,197,197,300.00,300.00,0,0,0,0,1,1
2020.06.09 15:29:00,BUY,1718.14,2123,2073,NONE,2,2,3.87,3.87,0.0,EMA->TP2,EMA->TP2,0,0,1,1,0,0,1,1,1,1,0,0,1,1,16.54,16.54,0.00,0.00,572,572,300.00,300.00,0,0,0,0,1,1
2020.06.10 01:15:00,SELL,1717.21,2124,2074,NONE,2,2,2.0,2.0,0.0,EMA->TP2,EMA->TP2,0,0,1,1,0,0,1,1,1,1,0,0,1,1,6.41,6.41,0.00,0.00,322,322,300.00,300.00,0,0,0,0,1,1
2020.06.10 07:17:00,SELL,1717.44,2125,2075,NONE,2,2,2.0,2.0,0.0,EMA->TP2,EMA->TP2,0,0,1,1,0,0,1,1,1,1,0,0,1,1,8.05,8.05,0.00,0.00,197,197,300.00,300.00,0,0,0,0,1,1
2020.06.10 10:51:00,SELL,1718.00,2126,2076,NONE,3,3,11.64,11.64,0.0,EMA->TP3,EMA->TP3,0,0,1,1,0,0,0,0,1,1,0,0,1,1,38.61,38.61,0.01,0.01,228,228,300.00,300.00,0,0,0,0,1,1
2020.06.10 20:08:00,SELL,1738.09,2127,2077,NONE,1,1,2.01,2.01,0.0,TP1,TP1,0,0,1,1,1,1,0,0,0,0,0,0,1,1,0.9,0.9,0.00,0.00,5,5,300.00,300.00,0,0,0,0,1,1
2020.06.11 04:01:00,BUY,1732.03,2128,2078,NONE,2,2,3.21,3.21,0.0,EMA->TP2,EMA->TP2,0,0,1,1,0,0,1,1,1,1,0,0,1,1,11.25,11.25,0.00,0.00,164,164,300.00,300.00,0,0,0,0,1,1
2020.06.11 12:06:00,SELL,1727.46,2129,2079,NONE,3,3,10.57,10.57,0.0,EMA->TP3,EMA->TP3,0,0,1,1,0,0,0,0,1,1,0,0,1,1,63.69,63.69,0.01,0.01,222,222,300.00,300.00,0,0,0,0,1,1
2020.06.11 17:09:00,BUY,1729.69,2130,2080,NONE,2,2,9.66,9.66,0.0,EMA->TP2,EMA->TP2,0,0,1,1,0,0,1,1,1,1,0,0,1,1,14.88,14.88,0.00,0.00,434,434,300.00,300.00,0,0,0,0,1,1
2020.06.12 01:06:00,BUY,1727.31,2131,2081,NONE,1,1,7.86,7.86,0.0,EMA->TP1,EMA->TP1,0,0,1,1,1,1,0,0,1,1,0,0,1,1,6.01,6.01,0.00,0.00,432,432,300.00,300.00,0,0,0,0,1,1
2020.06.12 15:14:00,BUY,1734.26,2132,2082,NONE,3,3,30.85,30.85,0.0,EMA->TP3,EMA->TP3,0,0,1,1,0,0,0,0,1,1,0,0,1,1,103.14,103.14,0.02,0.02,4606,4606,300.00,300.00,0,0,0,0,1,1
2020.06.16 14:22:00,BUY,1720.88,2133,2083,NONE,1,1,8.81,8.81,0.0,EMA->TP1,EMA->TP1,0,0,1,1,1,1,0,0,1,1,0,0,1,1,6.85,6.85,0.00,0.00,37,37,300.00,300.00,0,0,0,0,1,1
2020.06.16 20:42:01,BUY,1726.89,2134,2084,NONE,2,2,2.22,2.22,0.0,EMA->TP2,EMA->TP2,0,0,1,1,0,0,1,1,1,1,0,0,1,1,10.96,10.96,0.00,0.00,186,186,300.00,300.00,0,0,0,0,1,1
2020.06.17 07:50:00,BUY,1725.23,2135,2085,NONE,2,2,9.62,9.62,0.0,EMA->TP2,EMA->TP2,0,0,1,1,0,0,1,1,1,1,0,0,1,1,25.45,25.45,0.01,0.01,341,341,300.00,300.00,0,0,0,0,1,1
2020.06.18 00:10:00,SELL,1728.29,2136,2086,NONE,2,2,5.7,5.7,0.0,EMA->TP2,EMA->TP2,0,0,1,1,0,0,1,1,1,1,0,0,1,1,23.67,23.67,0.00,0.00,567,567,300.00,300.00,0,0,0,0,1,1
2020.06.18 11:54:00,BUY,1721.82,2137,2087,NONE,1,1,3.9,3.9,0.0,EMA->TP1,EMA->TP1,0,0,1,1,1,1,0,0,1,1,0,0,1,1,5.58,5.58,0.00,0.00,36,36,300.00,300.00,0,0,0,0,1,1
2020.06.18 16:01:00,BUY,1723.61,2138,2088,NONE,2,2,2.2,2.2,0.0,EMA->TP2->TP1->TP2,EMA->TP2->TP1->TP2,0,0,1,1,1,1,1,1,1,1,0,0,1,1,19.67,19.67,0.00,0.00,851,851,300.00,300.00,0,0,0,0,1,1
2020.06.19 16:13:00,BUY,1741.98,2139,2089,NONE,1,1,7.48,7.48,0.0,EMA->TP1,EMA->TP1,0,0,1,1,1,1,0,0,1,1,0,0,1,1,3.35,3.35,0.00,0.00,3227,3227,300.00,300.00,0,0,0,0,1,1
2020.06.22 04:35:01,BUY,1751.56,2140,2090,ALLOW,4,4,2.21,2.21,0.0,EMA->TP1->NET_BASKET_BE,EMA->TP1->NET_BASKET_BE,0,0,0,0,1,1,0,0,1,1,0,0,1,1,50.16,50.16,0.01,0.01,179,179,300.00,300.00,1,1,0,0,1,1
2020.06.22 11:49:01,BUY,1748.33,2141,2091,NONE,1,1,3.18,3.18,0.0,EMA->TP1,EMA->TP1,0,0,1,1,1,1,0,0,1,1,0,0,1,1,3.37,3.37,0.00,0.00,38,38,300.00,300.00,0,0,0,0,1,1
2020.06.22 15:04:00,BUY,1753.12,2142,2092,NONE,1,1,7.73,7.73,0.0,EMA->TP1,EMA->TP1,0,0,1,1,1,1,0,0,1,1,0,0,1,1,14.05,14.05,0.00,0.00,1297,1297,300.00,300.00,0,0,0,0,1,1
2020.06.24 02:26:00,BUY,1769.14,2143,2093,NONE,2,2,2.58,2.58,0.0,EMA->TP2,EMA->TP2,0,0,1,1,0,0,1,1,1,1,0,0,1,1,6.08,6.08,0.00,0.00,124,124,300.00,300.00,0,0,0,0,1,1
2020.06.24 07:58:00,BUY,1769.76,2144,2094,NONE,1,1,3.72,3.72,0.0,EMA->TP1,EMA->TP1,0,0,1,1,1,1,0,0,1,1,0,0,1,1,1.09,1.09,0.00,0.00,22,22,300.00,300.00,0,0,0,0,1,1
2020.06.24 15:32:00,BUY,1768.33,2145,2095,NONE,2,2,10.95,10.95,0.0,TP2,TP2,0,0,1,1,0,0,1,1,0,0,0,0,1,1,8.84,8.84,0.00,0.00,90,90,300.00,300.00,0,0,0,0,1,1
2020.06.25 04:54:03,BUY,1763.07,2146,2096,NONE,2,2,2.08,2.08,0.0,EMA->TP2,EMA->TP2,0,0,1,1,0,0,1,1,1,1,0,0,1,1,8.25,8.25,0.00,0.00,67,67,300.00,300.00,0,0,0,0,1,1
2020.06.25 09:17:00,BUY,1763.31,2147,2097,NONE,2,2,5.65,5.65,0.0,EMA->TP2,EMA->TP2,0,0,1,1,0,0,1,1,1,1,0,0,1,1,8.47,8.47,0.00,0.00,115,115,300.00,300.00,0,0,0,0,1,1
2020.06.25 12:25:00,BUY,1757.47,2148,2098,NONE,1,1,5.71,5.71,0.0,EMA->TP1,EMA->TP1,0,0,1,1,1,1,0,0,1,1,0,0,1,1,3.47,3.47,0.00,0.00,30,30,300.00,300.00,0,0,0,0,1,1
2020.06.25 17:47:00,BUY,1761.76,2149,2099,NONE,1,1,2.01,2.01,0.0,EMA->TP1,EMA->TP1,0,0,1,1,1,1,0,0,1,1,0,0,1,1,2.02,2.02,0.00,0.00,130,130,300.00,300.00,0,0,0,0,1,1
2020.06.26 12:31:00,BUY,1763.65,2150,2100,NONE,3,3,55.18,55.18,0.0,EMA->TP2->TP3,EMA->TP2->TP3,0,0,1,1,0,0,1,1,1,1,0,0,1,1,61.69,61.69,0.01,0.01,209,209,300.00,300.00,0,0,0,0,1,1
2020.06.29 01:43:01,BUY,1770.97,2151,2101,NONE,2,2,2.75,2.75,0.0,EMA->TP2,EMA->TP2,0,0,1,1,0,0,1,1,1,1,0,0,1,1,7.22,7.22,0.00,0.00,52,52,300.00,300.00,0,0,0,0,1,1
2020.06.29 05:58:02,BUY,1773.60,2152,2102,NONE,3,3,7.79,7.79,0.0,EMA->TP3,EMA->TP3,0,0,1,1,0,0,0,0,1,1,0,0,1,1,24.4,24.4,0.00,0.00,412,412,300.00,300.00,0,0,0,0,1,1
2020.06.30 00:38:01,BUY,1771.99,2153,2103,NONE,3,3,2.75,2.75,0.0,TP3,TP3,0,0,1,1,0,0,0,0,0,0,0,0,1,1,9.17,9.17,0.00,0.00,62,62,300.00,300.00,0,0,0,0,1,1
2020.06.30 07:08:00,BUY,1773.36,2154,2104,NONE,3,3,5.0,5.0,0.0,EMA->TP3,EMA->TP3,0,0,1,1,0,0,0,0,1,1,0,0,1,1,33.09,33.09,0.01,0.01,408,408,300.00,300.00,0,0,0,0,1,1
2020.06.30 17:18:00,BUY,1783.96,2155,2105,NONE,2,2,4.22,4.22,0.0,EMA->TP2,EMA->TP2,0,0,1,1,0,0,1,1,1,1,0,0,1,1,10.41,10.41,0.00,0.00,295,295,300.00,300.00,0,0,0,0,1,1
2020.07.01 09:11:00,BUY,1787.15,2156,2106,NONE,2,2,2.2,2.2,0.0,EMA->TP2,EMA->TP2,0,0,1,1,0,0,1,1,1,1,0,0,1,1,5.09,5.09,0.00,0.00,76,76,300.00,300.00,0,0,0,0,1,1
2020.07.01 18:35:00,BUY,1768.14,2157,2107,NONE,1,1,3.27,3.27,0.0,EMA->TP1,EMA->TP1,0,0,1,1,1,1,0,0,1,1,0,0,1,1,1.12,1.12,0.00,0.00,40,40,300.00,300.00,0,0,0,0,1,1
2020.07.02 07:07:00,SELL,1768.61,2158,2108,NONE,2,2,2.0,2.0,0.0,EMA->TP2,EMA->TP2,0,0,1,1,0,0,1,1,1,1,0,0,1,1,13.6,13.6,0.00,0.00,308,308,300.00,300.00,0,0,0,0,1,1
2020.07.02 12:33:00,BUY,1769.35,2159,2109,NONE,1,1,12.78,12.78,0.0,EMA->TP1,EMA->TP1,0,0,1,1,1,1,0,0,1,1,0,0,1,1,11.91,11.91,0.00,0.00,5761,5761,300.00,300.00,0,0,0,0,1,1
2020.07.06 22:03:07,BUY,1785.53,2160,2110,NONE,3,3,7.96,7.96,0.0,EMA->TP3,EMA->TP3,0,0,1,1,0,0,0,0,1,1,0,0,1,1,40.72,40.72,0.01,0.01,918,918,300.00,300.00,0,0,0,0,1,1
2020.07.08 15:14:01,BUY,1812.25,2161,2111,NONE,2,2,3.64,3.64,0.0,EMA->TP2,EMA->TP2,0,0,1,1,0,0,1,1,1,1,0,0,1,1,6.24,6.24,0.00,0.00,47,47,300.00,300.00,0,0,0,0,1,1
2020.07.09 22:23:02,BUY,1804.48,2162,2112,NONE,3,3,21.78,21.78,0.0,EMA->TP2->TP3,EMA->TP2->TP3,0,0,1,1,0,0,1,1,1,1,0,0,1,1,35.26,35.26,0.01,0.01,636,636,300.00,300.00,0,0,0,0,1,1
2020.07.13 03:01:08,BUY,1804.20,2163,2113,NONE,1,1,3.46,3.46,0.0,EMA->TP1,EMA->TP1,0,0,1,1,1,1,0,0,1,1,0,0,1,1,2.01,2.01,0.00,0.00,183,183,300.00,300.00,0,0,0,0,1,1
2020.07.13 12:22:01,BUY,1808.91,2164,2114,NONE,1,1,4.1,4.1,0.0,EMA->TP1,EMA->TP1,0,0,1,1,1,1,0,0,1,1,0,0,1,1,3.39,3.39,0.00,0.00,69,69,300.00,300.00,0,0,0,0,1,1
2020.07.14 12:03:00,SELL,1799.36,2165,2115,NONE,2,2,3.84,3.84,0.0,TP2,TP2,0,0,1,1,0,0,1,1,0,0,0,0,1,1,12.42,12.42,0.00,0.00,64,64,300.00,300.00,0,0,0,0,1,1
2020.07.14 23:54:04,BUY,1810.14,2166,2116,NONE,2,2,2.64,2.64,0.0,EMA->TP2,EMA->TP2,0,0,1,1,0,0,1,1,1,1,0,0,1,1,5.01,5.01,0.00,0.00,82,82,300.00,300.00,0,0,0,0,1,1
2020.07.15 11:00:00,BUY,1807.75,2167,2117,NONE,2,2,2.6,2.6,0.0,TP2,TP2,0,0,1,1,0,0,1,1,0,0,0,0,1,1,9.24,9.24,0.00,0.00,49,49,300.00,300.00,0,0,0,0,1,1
2020.07.15 15:04:00,BUY,1809.10,2168,2118,NONE,1,1,3.25,3.25,0.0,EMA->TP1,EMA->TP1,0,0,1,1,1,1,0,0,1,1,0,0,1,1,2.94,2.94,0.00,0.00,67,67,300.00,300.00,0,0,0,0,1,1
2020.07.16 00:29:04,BUY,1811.91,2169,2119,ALLOW,4,4,2.68,2.68,0.0,EMA->NET_BASKET_BE,EMA->NET_BASKET_BE,0,0,0,0,0,0,0,0,1,1,0,0,1,1,49.07,49.07,0.01,0.01,724,724,300.00,300.00,1,1,0,0,1,1
2020.07.16 15:38:00,BUY,1805.75,2170,2120,NONE,3,3,2.07,2.07,0.0,EMA->TP3,EMA->TP3,0,0,1,1,0,0,0,0,1,1,0,0,1,1,46.18,46.18,0.01,0.01,1075,1075,300.00,300.00,0,0,0,0,1,1
2020.07.20 09:36:02,BUY,1810.88,2171,2121,NONE,1,1,2.01,2.01,0.0,EMA->TP1,EMA->TP1,0,0,1,1,1,1,0,0,1,1,0,0,1,1,0.9,0.9,0.00,0.00,109,109,300.00,300.00,0,0,0,0,1,1
2020.07.20 13:40:00,BUY,1814.97,2172,2122,NONE,1,1,7.1,7.1,0.0,EMA->TP1,EMA->TP1,0,0,1,1,1,1,0,0,1,1,0,0,1,1,3.8,3.8,0.00,0.00,1034,1034,300.00,300.00,0,0,0,0,1,1
2020.07.21 09:36:00,BUY,1823.67,2173,2123,NONE,1,1,2.1,2.1,0.0,EMA->TP1,EMA->TP1,0,0,1,1,1,1,0,0,1,1,0,0,1,1,1.03,1.03,0.00,0.00,42,42,300.00,300.00,0,0,0,0,1,1
2020.07.21 14:55:00,BUY,1836.06,2174,2124,NONE,1,1,3.74,3.74,0.0,EMA->TP1,EMA->TP1,0,0,1,1,1,1,0,0,1,1,0,0,1,1,1.21,1.21,0.00,0.00,30,30,300.00,300.00,0,0,0,0,1,1
2020.07.21 18:29:00,BUY,1842.48,2175,2125,NONE,2,2,2.39,2.39,0.0,EMA->TP2,EMA->TP2,0,0,1,1,0,0,1,1,1,1,0,0,1,1,8.49,8.49,0.00,0.00,248,248,300.00,300.00,0,0,0,0,1,1
2020.07.22 09:03:00,BUY,1848.81,2176,2126,NONE,1,1,5.18,5.18,0.0,EMA->TP1,EMA->TP1,0,0,1,1,1,1,0,0,1,1,0,0,1,1,2.32,2.32,0.00,0.00,36,36,300.00,300.00,0,0,0,0,1,1
2020.07.23 09:09:00,BUY,1883.25,2177,2127,NONE,3,3,13.26,13.26,0.0,EMA->TP3,EMA->TP3,0,0,1,1,0,0,0,0,1,1,0,0,1,1,36.48,36.48,0.01,0.01,284,284,300.00,300.00,0,0,0,0,1,1
2020.07.31 16:22:00,BUY,1969.00,2178,2128,NONE,1,1,5.37,5.37,0.0,EMA->TP1,EMA->TP1,0,0,1,1,1,1,0,0,1,1,0,0,1,1,2.59,2.59,0.00,0.00,30,30,300.00,300.00,0,0,0,0,1,1
2020.08.03 09:47:00,BUY,1973.42,2179,2129,NONE,3,3,5.25,5.25,0.0,EMA->TP3,EMA->TP3,0,0,1,1,0,0,0,0,1,1,0,0,1,1,26.83,26.83,0.01,0.01,86,86,300.00,300.00,0,0,0,0,1,1
2020.08.03 12:30:00,BUY,1971.79,2180,2130,NONE,2,2,6.1,6.1,0.0,EMA->TP2,EMA->TP2,0,0,1,1,0,0,1,1,1,1,0,0,1,1,10.83,10.83,0.00,0.00,61,61,300.00,300.00,0,0,0,0,1,1
2020.08.03 14:05:00,BUY,1962.82,2181,2131,NONE,1,1,6.97,6.97,0.0,EMA->TP1,EMA->TP1,0,0,1,1,1,1,0,0,1,1,0,0,1,1,1.46,1.46,0.00,0.00,12,12,300.00,300.00,0,0,0,0,1,1
2020.08.05 03:27:00,BUY,2013.99,2182,2132,NONE,2,2,2.74,2.74,0.0,TP2,TP2,0,0,1,1,0,0,1,1,0,0,0,0,1,1,6.06,6.06,0.00,0.00,47,47,300.00,300.00,0,0,0,0,1,1
2020.08.05 16:31:00,BUY,2035.93,2183,2133,NONE,1,1,7.59,7.59,0.0,EMA->TP1,EMA->TP1,0,0,1,1,1,1,0,0,1,1,0,0,1,1,12.2,12.2,0.00,0.00,770,770,300.00,300.00,0,0,0,0,1,1
2020.08.07 04:10:00,BUY,2052.82,2184,2134,NONE,1,1,7.77,7.77,0.0,TP1,TP1,0,0,1,1,1,1,0,0,0,0,0,0,1,1,3.0,3.0,0.00,0.00,28,28,300.00,300.00,0,0,0,0,1,1
2020.08.10 11:05:00,BUY,2030.63,2185,2135,NONE,1,1,3.21,3.21,0.0,EMA->TP1,EMA->TP1,0,0,1,1,1,1,0,0,1,1,0,0,1,1,2.94,2.94,0.00,0.00,62,62,300.00,300.00,0,0,0,0,1,1
2020.08.11 22:11:00,SELL,1916.80,2186,2136,NONE,2,2,12.26,12.26,0.0,EMA->TP2,EMA->TP2,0,0,1,1,0,0,1,1,1,1,0,0,1,1,19.74,19.74,0.00,0.00,58,58,300.00,300.00,0,0,0,0,1,1
2020.08.12 12:16:00,SELL,1929.30,2187,2137,NONE,2,2,12.68,12.68,0.0,EMA->TP2,EMA->TP2,0,0,1,1,0,0,1,1,1,1,0,0,1,1,12.88,12.88,0.00,0.00,14,14,300.00,300.00,0,0,0,0,1,1
2020.08.13 09:51:02,BUY,1931.45,2188,2138,NONE,2,2,2.03,2.03,0.0,TP2->EMA->TP2,TP2->EMA->TP2,0,0,1,1,0,0,1,1,1,1,0,0,1,1,7.93,7.93,0.00,0.00,19,19,300.00,300.00,0,0,0,0,1,1
2020.08.14 02:14:01,BUY,1954.25,2189,2139,NONE,3,3,9.52,9.52,0.0,TP3,TP3,0,0,1,1,0,0,0,0,0,0,0,0,1,1,24.98,24.98,0.01,0.01,45,45,300.00,300.00,0,0,0,0,1,1
2020.08.14 17:04:00,BUY,1936.33,2190,2140,NONE,1,1,9.51,9.51,0.0,EMA->TP1,EMA->TP1,0,0,1,1,1,1,0,0,1,1,0,0,1,1,5.66,5.66,0.00,0.00,67,67,300.00,300.00,0,0,0,0,1,1
2020.08.14 19:29:00,BUY,1941.88,2191,2141,NONE,1,1,3.15,3.15,0.0,EMA->TP1,EMA->TP1,0,0,1,1,1,1,0,0,1,1,0,0,1,1,2.0,2.0,0.00,0.00,54,54,300.00,300.00,0,0,0,0,1,1
2020.08.17 00:15:01,BUY,1937.32,2192,2142,NONE,2,2,10.52,10.52,0.0,TP2,TP2,0,0,1,1,0,0,1,1,0,0,0,0,1,1,9.7,9.7,0.00,0.00,41,41,300.00,300.00,0,0,0,0,1,1
2020.08.17 10:59:00,SELL,1953.49,2193,2143,ALLOW,5,5,-300.17,-300.17,0.0,EMA->SL$,EMA->SL$,1,1,0,0,0,0,0,0,1,1,1,1,0,0,302.48,302.48,0.06,0.06,221,221,300.00,300.00,0,0,0,0,1,1
2020.08.17 20:59:01,BUY,1985.63,2194,2144,NONE,2,2,2.07,2.07,0.0,EMA->TP2,EMA->TP2,0,0,1,1,0,0,1,1,1,1,0,0,1,1,13.06,13.06,0.00,0.00,235,235,300.00,300.00,0,0,0,0,1,1
2020.08.18 02:30:00,SELL,1993.81,2195,2145,NONE,1,1,4.03,4.03,0.0,EMA->TP1,EMA->TP1,0,0,1,1,1,1,0,0,1,1,0,0,1,1,2.92,2.92,0.00,0.00,52,52,300.00,300.00,0,0,0,0,1,1
2020.08.18 11:40:00,BUY,2005.39,2196,2146,NONE,1,1,6.41,6.41,0.0,EMA->TP1,EMA->TP1,0,0,1,1,1,1,0,0,1,1,0,0,1,1,2.88,2.88,0.00,0.00,39,39,300.00,300.00,0,0,0,0,1,1
2020.08.19 14:04:00,BUY,1986.64,2197,2147,VETO,4,3,-303.56,-300.04,3.52,EMA->SL$,EMA->SL$,1,1,0,0,0,0,0,0,1,1,0,0,0,0,328.23,329.51,0.07,0.07,596,2735,300.00,300.00,0,0,0,0,1,1
2020.08.24 20:47:00,BUY,1927.00,2201,2148,NONE,1,1,3.21,3.21,0.0,EMA->TP1,EMA->TP1,0,0,1,1,1,1,0,0,1,1,0,0,1,1,2.45,2.45,0.00,0.00,75,75,300.00,300.00,0,0,0,0,1,1
2020.08.25 08:29:00,BUY,1927.82,2202,2149,NONE,2,2,9.72,9.72,0.0,EMA->TP2,EMA->TP2,0,0,1,1,0,0,1,1,1,1,0,0,1,1,14.97,14.97,0.00,0.00,271,271,300.00,300.00,0,0,0,0,1,1
2020.08.26 04:05:04,BUY,1926.46,2203,2150,ALLOW,4,4,2.58,2.58,0.0,NET_BASKET_BE,NET_BASKET_BE,0,0,0,0,0,0,0,0,0,0,0,0,1,1,75.77,75.77,0.02,0.02,275,275,300.00,300.00,1,1,0,0,1,1
2020.08.26 20:59:00,BUY,1954.55,2204,2151,ALLOW,5,5,2.52,2.52,0.0,EMA->NET_BASKET_BE,EMA->NET_BASKET_BE,0,0,0,0,0,0,0,0,1,1,1,1,1,1,143.14,143.14,0.03,0.03,649,649,300.00,300.00,1,1,0,0,1,1
2020.08.27 15:58:00,SELL,1929.00,2205,2152,NONE,1,1,8.44,8.44,0.0,EMA->TP1,EMA->TP1,0,0,1,1,1,1,0,0,1,1,0,0,1,1,5.68,5.68,0.00,0.00,50,50,300.00,300.00,0,0,0,0,1,1
2020.08.27 17:03:00,BUY,1923.45,2206,2153,NONE,1,1,10.78,10.78,0.0,EMA->TP1,EMA->TP1,0,0,1,1,1,1,0,0,1,1,0,0,1,1,3.94,3.94,0.00,0.00,93,93,300.00,300.00,0,0,0,0,1,1
2020.08.28 09:49:00,SELL,1958.42,2207,2154,NONE,1,1,2.69,2.69,0.0,TP1,TP1,0,0,1,1,1,1,0,0,0,0,0,0,1,1,0.81,0.81,0.00,0.00,3,3,300.00,300.00,0,0,0,0,1,1
2020.08.28 13:38:00,SELL,1958.57,2208,2155,NONE,3,3,14.69,14.69,0.0,EMA->TP3,EMA->TP3,0,0,1,1,0,0,0,0,1,1,0,0,1,1,57.08,57.08,0.01,0.01,3834,3834,300.00,300.00,0,0,0,0,1,1
2020.08.31 08:34:02,BUY,1958.51,2209,2156,NONE,1,1,3.8,3.8,0.0,EMA->TP1,EMA->TP1,0,0,1,1,1,1,0,0,1,1,0,0,1,1,1.99,1.99,0.00,0.00,34,34,300.00,300.00,0,0,0,0,1,1
2020.08.31 14:49:00,BUY,1967.27,2210,2157,NONE,1,1,9.0,9.0,0.0,EMA->TP1,EMA->TP1,0,0,1,1,1,1,0,0,1,1,0,0,1,1,10.02,10.02,0.00,0.00,667,667,300.00,300.00,0,0,0,0,1,1
2020.09.01 03:57:01,BUY,1985.10,2211,2158,NONE,1,1,4.64,4.64,0.0,EMA->TP1,EMA->TP1,0,0,1,1,1,1,0,0,1,1,0,0,1,1,2.27,2.27,0.00,0.00,96,96,300.00,300.00,0,0,0,0,1,1
2020.09.02 01:12:00,BUY,1963.98,2212,2159,NONE,3,3,13.55,13.55,0.0,EMA->TP3,EMA->TP3,0,0,1,1,0,0,0,0,1,1,0,0,1,1,255.92,255.92,0.05,0.05,11163,11163,300.00,300.00,0,0,0,0,1,1
2020.09.10 02:19:00,BUY,1945.17,2213,2160,NONE,1,1,2.61,2.61,0.0,EMA->TP1,EMA->TP1,0,0,1,1,1,1,0,0,1,1,0,0,1,1,2.93,2.93,0.00,0.00,183,183,300.00,300.00,0,0,0,0,1,1
2020.09.10 08:51:00,SELL,1946.70,2214,2161,NONE,2,2,4.27,4.27,0.0,EMA->TP2,EMA->TP2,0,0,1,1,0,0,1,1,1,1,0,0,1,1,12.3,12.3,0.00,0.00,167,167,300.00,300.00,0,0,0,0,1,1
2020.09.10 14:13:00,SELL,1963.00,2215,2162,NONE,1,1,6.6,6.6,0.0,EMA->TP1,EMA->TP1,0,0,1,1,1,1,0,0,1,1,0,0,1,1,4.18,4.18,0.00,0.00,35,35,300.00,300.00,0,0,0,0,1,1
2020.09.10 17:45:00,SELL,1956.21,2216,2163,NONE,1,1,2.38,2.38,0.0,EMA->TP1,EMA->TP1,0,0,1,1,1,1,0,0,1,1,0,0,1,1,1.98,1.98,0.00,0.00,29,29,300.00,300.00,0,0,0,0,1,1
2020.09.11 01:15:00,SELL,1947.87,2217,2164,NONE,1,1,2.0,2.0,0.0,EMA->TP1,EMA->TP1,0,0,1,1,1,1,0,0,1,1,0,0,1,1,1.14,1.14,0.00,0.00,16,16,300.00,300.00,0,0,0,0,1,1
2020.09.11 06:03:00,SELL,1941.01,2218,2165,NONE,2,2,4.45,4.45,0.0,EMA->TP2,EMA->TP2,0,0,1,1,0,0,1,1,1,1,0,0,1,1,14.75,14.75,0.00,0.00,387,387,300.00,300.00,0,0,0,0,1,1
2020.09.14 04:11:01,BUY,1948.64,2219,2166,NONE,2,2,2.38,2.38,0.0,EMA->TP2,EMA->TP2,0,0,1,1,0,0,1,1,1,1,0,0,1,1,6.71,6.71,0.00,0.00,110,110,300.00,300.00,0,0,0,0,1,1
2020.09.14 08:06:00,BUY,1946.51,2220,2167,NONE,3,3,5.33,5.33,0.0,EMA->TP3,EMA->TP3,0,0,1,1,0,0,0,0,1,1,0,0,1,1,19.72,19.72,0.00,0.00,209,209,300.00,300.00,0,0,0,0,1,1
2020.09.14 14:09:00,SELL,1958.03,2221,2168,NONE,2,2,4.76,4.76,0.0,TP2,TP2,0,0,1,1,0,0,1,1,0,0,0,0,1,1,8.04,8.04,0.00,0.00,106,106,300.00,300.00,0,0,0,0,1,1
2020.09.14 16:27:00,BUY,1958.01,2222,2169,NONE,2,2,2.84,2.84,0.0,EMA->TP2,EMA->TP2,0,0,1,1,0,0,1,1,1,1,0,0,1,1,11.17,11.17,0.00,0.00,158,158,300.00,300.00,0,0,0,0,1,1
2020.09.15 18:09:00,BUY,1953.94,2223,2170,NONE,2,2,3.27,3.27,0.0,EMA->TP2,EMA->TP2,0,0,1,1,0,0,1,1,1,1,0,0,1,1,5.89,5.89,0.00,0.00,110,110,300.00,300.00,0,0,0,0,1,1
2020.09.16 09:56:00,BUY,1964.49,2224,2171,NONE,1,1,2.24,2.24,0.0,EMA->TP1,EMA->TP1,0,0,1,1,1,1,0,0,1,1,0,0,1,1,0.59,0.59,0.00,0.00,19,19,300.00,300.00,0,0,0,0,1,1
2020.09.16 11:41:00,BUY,1963.45,2225,2172,NONE,1,1,4.19,4.19,0.0,EMA->TP1,EMA->TP1,0,0,1,1,1,1,0,0,1,1,0,0,1,1,1.71,1.71,0.00,0.00,40,40,300.00,300.00,0,0,0,0,1,1
2020.09.17 02:07:00,BUY,1945.96,2226,2173,NONE,2,2,16.22,16.22,0.0,EMA->TP2,EMA->TP2,0,0,1,1,0,0,1,1,1,1,0,0,1,1,20.87,20.87,0.00,0.00,724,724,300.00,300.00,0,0,0,0,1,1
2020.09.18 03:51:00,BUY,1952.40,2227,2174,NONE,2,2,2.1,2.1,0.0,EMA->TP2,EMA->TP2,0,0,1,1,0,0,1,1,1,1,0,0,1,1,3.42,3.42,0.00,0.00,41,41,300.00,300.00,0,0,0,0,1,1
2020.09.18 07:50:00,BUY,1953.10,2228,2175,NONE,1,1,2.56,2.56,0.0,EMA->TP1,EMA->TP1,0,0,1,1,1,1,0,0,1,1,0,0,1,1,1.49,1.49,0.00,0.00,64,64,300.00,300.00,0,0,0,0,1,1
2020.09.18 13:50:00,BUY,1947.72,2229,2176,NONE,1,1,4.13,4.13,0.0,EMA->TP1,EMA->TP1,0,0,1,1,1,1,0,0,1,1,0,0,1,1,2.74,2.74,0.00,0.00,26,26,300.00,300.00,0,0,0,0,1,1
2020.09.18 14:53:00,SELL,1953.60,2230,2177,NONE,2,2,4.53,4.53,0.0,EMA->TP2,EMA->TP2,0,0,1,1,0,0,1,1,1,1,0,0,1,1,15.19,15.19,0.00,0.00,154,154,300.00,300.00,0,0,0,0,1,1
2020.09.21 01:04:00,SELL,1950.24,2231,2178,NONE,1,1,5.77,5.77,0.0,EMA->TP1,EMA->TP1,0,0,1,1,1,1,0,0,1,1,0,0,1,1,5.59,5.59,0.00,0.00,437,437,300.00,300.00,0,0,0,0,1,1
2020.09.21 13:09:00,SELL,1919.78,2232,2179,NONE,1,1,7.0,7.0,0.0,EMA->TP1,EMA->TP1,0,0,1,1,1,1,0,0,1,1,0,0,1,1,4.16,4.16,0.00,0.00,17,17,300.00,300.00,0,0,0,0,1,1
2020.09.22 15:11:00,BUY,1901.83,2233,2180,NONE,3,3,29.92,29.92,0.0,EMA->TP3,EMA->TP3,0,0,1,1,0,0,0,0,1,1,0,0,1,1,79.52,79.52,0.02,0.02,1123,1123,300.00,300.00,0,0,0,0,1,1
2020.09.23 11:33:00,BUY,1890.65,2234,2181,NONE,3,3,9.7,9.7,0.0,EMA->TP3,EMA->TP3,0,0,1,1,0,0,0,0,1,1,0,0,1,1,46.03,46.03,0.01,0.01,101,101,300.00,300.00,0,0,0,0,1,1
2020.09.23 20:28:02,BUY,1860.76,2235,2182,NONE,1,1,3.39,3.39,0.0,EMA->TP1,EMA->TP1,0,0,1,1,1,1,0,0,1,1,0,0,1,1,1.73,1.73,0.00,0.00,95,95,300.00,300.00,0,0,0,0,1,1
2020.09.24 03:00:00,BUY,1860.24,2236,2183,NONE,2,2,7.54,7.54,0.0,EMA->TP2,EMA->TP2,0,0,1,1,0,0,1,1,1,1,0,0,1,1,28.26,28.26,0.01,0.01,297,297,300.00,300.00,0,0,0,0,1,1
2020.09.24 08:49:01,BUY,1854.53,2237,2184,NONE,2,2,4.66,4.66,0.0,TP2,TP2,0,0,1,1,0,0,1,1,0,0,0,0,1,1,8.7,8.7,0.00,0.00,35,35,300.00,300.00,0,0,0,0,1,1
2020.09.24 18:28:00,BUY,1868.55,2238,2185,NONE,2,2,5.07,5.07,0.0,EMA->TP2,EMA->TP2,0,0,1,1,0,0,1,1,1,1,0,0,1,1,17.96,17.96,0.00,0.00,85,85,300.00,300.00,0,0,0,0,1,1
2020.09.25 06:24:00,BUY,1868.04,2239,2186,NONE,1,1,3.79,3.79,0.0,EMA->TP1,EMA->TP1,0,0,1,1,1,1,0,0,1,1,0,0,1,1,1.33,1.33,0.00,0.00,24,24,300.00,300.00,0,0,0,0,1,1
2020.09.25 10:49:00,BUY,1862.33,2240,2187,NONE,2,2,8.23,8.23,0.0,TP2,TP2,0,0,1,1,0,0,1,1,0,0,0,0,1,1,14.11,14.11,0.00,0.00,77,77,300.00,300.00,0,0,0,0,1,1
2020.09.27 23:39:00,BUY,1864.08,2241,2188,NONE,3,3,3.72,3.72,0.0,EMA->TP3,EMA->TP3,0,0,1,1,0,0,0,0,1,1,0,0,1,1,14.05,14.05,0.00,0.00,64,64,300.00,300.00,0,0,0,0,1,1
2020.09.28 23:53:00,SELL,1882.88,2242,2189,NONE,2,2,2.14,2.14,0.0,TP2,TP2,0,0,1,1,0,0,1,1,0,0,0,0,1,1,8.77,8.77,0.00,0.00,67,67,300.00,300.00,0,0,0,0,1,1
2020.09.29 10:01:00,SELL,1885.36,2243,2190,NONE,1,1,2.49,2.49,0.0,EMA->TP1,EMA->TP1,0,0,1,1,1,1,0,0,1,1,0,0,1,1,1.93,1.93,0.00,0.00,48,48,300.00,300.00,0,0,0,0,1,1
2020.09.29 12:09:00,BUY,1884.45,2244,2191,NONE,2,2,8.51,8.51,0.0,EMA->TP2,EMA->TP2,0,0,1,1,0,0,1,1,1,1,0,0,1,1,11.78,11.78,0.00,0.00,46,46,300.00,300.00,0,0,0,0,1,1
2020.09.29 16:10:00,BUY,1892.06,2245,2192,NONE,1,1,4.72,4.72,0.0,EMA->TP1,EMA->TP1,0,0,1,1,1,1,0,0,1,1,0,0,1,1,1.9,1.9,0.00,0.00,72,72,300.00,300.00,0,0,0,0,1,1
2020.09.29 19:33:00,BUY,1896.39,2246,2193,NONE,3,3,9.8,9.8,0.0,EMA->TP3,EMA->TP3,0,0,1,1,0,0,0,0,1,1,0,0,1,1,57.96,57.96,0.01,0.01,1026,1026,300.00,300.00,0,0,0,0,1,1
2020.09.30 17:24:00,BUY,1889.85,2247,2194,NONE,1,1,4.26,4.26,0.0,EMA->TP1,EMA->TP1,0,0,1,1,1,1,0,0,1,1,0,0,1,1,12.72,12.72,0.00,0.00,772,772,300.00,300.00,0,0,0,0,1,1
2020.10.01 10:57:02,BUY,1897.05,2248,2195,NONE,1,1,2.98,2.98,0.0,EMA->TP1,EMA->TP1,0,0,1,1,1,1,0,0,1,1,0,0,1,1,2.7,2.7,0.00,0.00,37,37,300.00,300.00,0,0,0,0,1,1
2020.10.01 14:03:00,BUY,1904.83,2249,2196,NONE,2,2,15.58,15.58,0.0,EMA->TP2,EMA->TP2,0,0,1,1,0,0,1,1,1,1,0,0,1,1,31.49,31.49,0.01,0.01,916,916,300.00,300.00,0,0,0,0,1,1
2020.10.02 11:24:00,BUY,1908.20,2250,2197,NONE,3,3,10.34,10.34,0.0,EMA->TP3,EMA->TP3,0,0,1,1,0,0,0,0,1,1,0,0,1,1,29.34,29.34,0.01,0.01,164,164,300.00,300.00,0,0,0,0,1,1
2020.10.02 19:15:00,BUY,1903.44,2251,2198,NONE,2,2,6.25,6.25,0.0,EMA->TP2,EMA->TP2,0,0,1,1,0,0,1,1,1,1,0,0,1,1,10.64,10.64,0.00,0.00,3045,3045,300.00,300.00,0,0,0,0,1,1
2020.10.05 10:37:00,BUY,1898.67,2252,2199,NONE,1,1,2.19,2.19,0.0,EMA->TP1,EMA->TP1,0,0,1,1,1,1,0,0,1,1,0,0,1,1,2.0,2.0,0.00,0.00,69,69,300.00,300.00,0,0,0,0,1,1
2020.10.05 16:51:00,SELL,1915.85,2253,2200,NONE,1,1,2.88,2.88,0.0,EMA->TP1,EMA->TP1,0,0,1,1,1,1,0,0,1,1,0,0,1,1,2.5,2.5,0.00,0.00,137,137,300.00,300.00,0,0,0,0,1,1
2020.10.05 23:05:04,SELL,1911.62,2254,2201,NONE,2,2,2.69,2.69,0.0,EMA->TP2,EMA->TP2,0,0,1,1,0,0,1,1,1,1,0,0,1,1,4.27,4.27,0.00,0.00,132,132,300.00,300.00,0,0,0,0,1,1
2020.10.06 22:59:03,BUY,1876.35,2255,2202,NONE,1,1,3.15,3.15,0.0,TP1,TP1,0,0,1,1,1,1,0,0,0,0,0,0,1,1,1.76,1.76,0.00,0.00,49,49,300.00,300.00,0,0,0,0,1,1
2020.10.07 07:09:00,SELL,1894.41,2256,2203,NONE,1,1,3.99,3.99,0.0,TP1,TP1,0,0,1,1,1,1,0,0,0,0,0,0,1,1,3.71,3.71,0.00,0.00,34,34,300.00,300.00,0,0,0,0,1,1
2020.10.08 14:36:00,BUY,1887.31,2257,2204,NONE,1,1,8.31,8.31,0.0,EMA->TP1,EMA->TP1,0,0,1,1,1,1,0,0,1,1,0,0,1,1,8.21,8.21,0.00,0.00,469,469,300.00,300.00,0,0,0,0,1,1
2020.10.08 23:34:00,BUY,1896.03,2258,2205,NONE,1,1,2.05,2.05,0.0,EMA->TP1,EMA->TP1,0,0,1,1,1,1,0,0,1,1,0,0,1,1,1.83,1.83,0.00,0.00,59,59,300.00,300.00,0,0,0,0,1,1
2020.10.09 13:31:00,BUY,1919.78,2259,2206,NONE,1,1,3.89,3.89,0.0,EMA->TP1,EMA->TP1,0,0,1,1,1,1,0,0,1,1,0,0,1,1,3.28,3.28,0.00,0.00,27,27,300.00,300.00,0,0,0,0,1,1
2020.10.12 07:40:00,BUY,1924.84,2260,2207,NONE,2,2,4.55,4.55,0.0,EMA->TP2,EMA->TP2,0,0,1,1,0,0,1,1,1,1,0,0,1,1,15.9,15.9,0.00,0.00,254,254,300.00,300.00,0,0,0,0,1,1
2020.10.12 15:26:00,BUY,1921.71,2261,2208,NONE,1,1,3.39,3.39,0.0,EMA->TP1,EMA->TP1,0,0,1,1,1,1,0,0,1,1,0,0,1,1,1.09,1.09,0.00,0.00,94,94,300.00,300.00,0,0,0,0,1,1
2020.10.13 02:15:00,BUY,1915.94,2262,2209,NONE,2,2,3.86,3.86,0.0,EMA->TP2,EMA->TP2,0,0,1,1,0,0,1,1,1,1,0,0,1,1,12.16,12.16,0.00,0.00,193,193,300.00,300.00,0,0,0,0,1,1
2020.10.13 18:11:00,BUY,1890.51,2263,2210,NONE,1,1,2.51,2.51,0.0,TP1,TP1,0,0,1,1,1,1,0,0,0,0,0,0,1,1,0.76,0.76,0.00,0.00,14,14,300.00,300.00,0,0,0,0,1,1
2020.10.13 22:01:00,BUY,1892.74,2264,2211,NONE,3,3,9.04,9.04,0.0,EMA->TP3,EMA->TP3,0,0,1,1,0,0,0,0,1,1,0,0,1,1,33.17,33.17,0.01,0.01,227,227,300.00,300.00,0,0,0,0,1,1
2020.10.14 06:39:01,SELL,1896.45,2265,2212,NONE,2,2,2.46,2.46,0.0,TP2,TP2,0,0,1,1,0,0,1,1,0,0,0,0,1,1,8.6,8.6,0.00,0.00,155,155,300.00,300.00,0,0,0,0,1,1
2020.10.14 15:22:00,SELL,1909.54,2266,2213,NONE,1,1,3.7,3.7,0.0,EMA->TP1,EMA->TP1,0,0,1,1,1,1,0,0,1,1,0,0,1,1,2.92,2.92,0.00,0.00,28,28,300.00,300.00,0,0,0,0,1,1
2020.10.14 20:28:00,SELL,1900.48,2267,2214,NONE,2,2,2.09,2.09,0.0,EMA->TP2,EMA->TP2,0,0,1,1,0,0,1,1,1,1,0,0,1,1,7.77,7.77,0.00,0.00,133,133,300.00,300.00,0,0,0,0,1,1
2020.10.14 22:53:00,BUY,1899.61,2268,2215,NONE,2,2,2.04,2.04,0.0,TP2,TP2,0,0,1,1,0,0,1,1,0,0,0,0,1,1,6.37,6.37,0.00,0.00,81,81,300.00,300.00,0,0,0,0,1,1
2020.10.15 03:56:01,SELL,1897.59,2269,2216,NONE,2,2,2.04,2.04,0.0,TP2->EMA->TP2,TP2->EMA->TP2,0,0,1,1,0,0,1,1,1,1,0,0,1,1,1.86,1.86,0.00,0.00,12,12,300.00,300.00,0,0,0,0,1,1
2020.10.15 08:32:00,BUY,1897.27,2270,2217,NONE,2,2,8.35,8.35,0.0,EMA->TP2,EMA->TP2,0,0,1,1,0,0,1,1,1,1,0,0,1,1,11.37,11.37,0.00,0.00,84,84,300.00,300.00,0,0,0,0,1,1
2020.10.15 10:41:00,SELL,1895.44,2271,2218,NONE,1,1,3.77,3.77,0.0,EMA->TP1,EMA->TP1,0,0,1,1,1,1,0,0,1,1,0,0,1,1,4.2,4.2,0.00,0.00,71,71,300.00,300.00,0,0,0,0,1,1
2020.10.15 19:49:00,SELL,1907.26,2272,2219,NONE,2,2,2.13,2.13,0.0,EMA->TP2,EMA->TP2,0,0,1,1,0,0,1,1,1,1,0,0,1,1,8.41,8.41,0.00,0.00,365,365,300.00,300.00,0,0,0,0,1,1
2020.10.16 03:04:01,SELL,1908.02,2273,2220,NONE,1,1,2.02,2.02,0.0,EMA->TP1,EMA->TP1,0,0,1,1,1,1,0,0,1,1,0,0,1,1,0.84,0.84,0.00,0.00,22,22,300.00,300.00,0,0,0,0,1,1
2020.10.16 07:29:00,SELL,1906.55,2274,2221,NONE,2,2,2.65,2.65,0.0,EMA->TP2,EMA->TP2,0,0,1,1,0,0,1,1,1,1,0,0,1,1,14.85,14.85,0.00,0.00,131,131,300.00,300.00,0,0,0,0,1,1
2020.10.18 23:15:00,BUY,1900.95,2275,2222,NONE,2,2,2.12,2.12,0.0,EMA->TP2,EMA->TP2,0,0,1,1,0,0,1,1,1,1,0,0,1,1,5.85,5.85,0.00,0.00,45,45,300.00,300.00,0,0,0,0,1,1
2020.10.19 06:15:00,SELL,1909.10,2276,2223,NONE,2,2,2.55,2.55,0.0,TP2,TP2,0,0,1,1,0,0,1,1,0,0,0,0,1,1,4.79,4.79,0.00,0.00,97,97,300.00,300.00,0,0,0,0,1,1
2020.10.19 07:53:00,SELL,1909.45,2277,2224,NONE,3,3,2.07,2.07,0.0,TP1->TP2->TP3,TP1->TP2->TP3,0,0,1,1,1,1,1,1,0,0,0,0,1,1,13.56,13.56,0.00,0.00,83,83,300.00,300.00,0,0,0,0,1,1
2020.10.20 08:39:01,BUY,1901.92,2278,2225,NONE,1,1,4.07,4.07,0.0,EMA->TP1,EMA->TP1,0,0,1,1,1,1,0,0,1,1,0,0,1,1,1.53,1.53,0.00,0.00,80,80,300.00,300.00,0,0,0,0,1,1
2020.10.20 10:11:01,SELL,1906.46,2279,2226,NONE,1,1,2.67,2.67,0.0,EMA->TP1,EMA->TP1,0,0,1,1,1,1,0,0,1,1,0,0,1,1,2.25,2.25,0.00,0.00,95,95,300.00,300.00,0,0,0,0,1,1
2020.10.20 17:40:00,SELL,1912.09,2280,2227,NONE,2,2,2.08,2.08,0.0,TP2,TP2,0,0,1,1,0,0,1,1,0,0,0,0,1,1,6.15,6.15,0.00,0.00,42,42,300.00,300.00,0,0,0,0,1,1
2020.10.21 05:28:02,BUY,1917.68,2281,2228,NONE,2,2,2.52,2.52,0.0,EMA->TP2,EMA->TP2,0,0,1,1,0,0,1,1,1,1,0,0,1,1,3.18,3.18,0.00,0.00,14,14,300.00,300.00,0,0,0,0,1,1
2020.10.21 05:43:04,BUY,1917.61,2282,2229,NONE,2,2,2.35,2.35,0.0,EMA->TP2,EMA->TP2,0,0,1,1,0,0,1,1,1,1,0,0,1,1,5.84,5.84,0.00,0.00,33,33,300.00,300.00,0,0,0,0,1,1
2020.10.21 08:40:01,BUY,1919.54,2283,2230,NONE,2,2,3.37,3.37,0.0,EMA->TP2,EMA->TP2,0,0,1,1,0,0,1,1,1,1,0,0,1,1,10.75,10.75,0.00,0.00,120,120,300.00,300.00,0,0,0,0,1,1
2020.10.21 17:11:00,BUY,1924.63,2284,2231,VETO,5,3,2.76,-300.26,-303.02,EMA->NET_BASKET_BE,EMA->SL$,0,1,0,0,0,0,0,0,1,1,1,0,1,0,210.55,303.17,0.04,0.06,2310,9942,300.00,300.00,1,0,0,0,1,1
2020.10.28 17:06:00,BUY,1881.42,2291,2232,NONE,2,2,5.1,5.1,0.0,EMA->TP2,EMA->TP2,0,0,1,1,0,0,1,1,1,1,0,0,1,1,6.5,6.5,0.00,0.00,29,29,300.00,300.00,0,0,0,0,1,1
2020.10.29 10:20:01,BUY,1877.78,2292,2233,NONE,3,3,13.32,13.32,0.0,EMA->TP3,EMA->TP3,0,0,1,1,0,0,0,0,1,1,0,0,1,1,68.43,68.43,0.01,0.01,216,216,300.00,300.00,0,0,0,0,1,1
2020.10.29 16:37:00,BUY,1869.81,2293,2234,NONE,2,2,4.09,4.09,0.0,EMA->TP2,EMA->TP2,0,0,1,1,0,0,1,1,1,1,0,0,1,1,8.7,8.7,0.00,0.00,117,117,300.00,300.00,0,0,0,0,1,1
2020.10.30 05:59:00,BUY,1869.88,2294,2235,NONE,1,1,4.69,4.69,0.0,EMA->TP1,EMA->TP1,0,0,1,1,1,1,0,0,1,1,0,0,1,1,5.37,5.37,0.00,0.00,204,204,300.00,300.00,0,0,0,0,1,1
2020.10.30 10:32:01,BUY,1874.85,2295,2236,NONE,1,1,5.68,5.68,0.0,EMA->TP1,EMA->TP1,0,0,1,1,1,1,0,0,1,1,0,0,1,1,3.92,3.92,0.00,0.00,112,112,300.00,300.00,0,0,0,0,1,1
2020.11.02 01:06:00,BUY,1876.36,2296,2237,NONE,1,1,4.02,4.02,0.0,EMA->TP1,EMA->TP1,0,0,1,1,1,1,0,0,1,1,0,0,1,1,2.65,2.65,0.00,0.00,42,42,300.00,300.00,0,0,0,0,1,1
2020.11.02 06:11:01,BUY,1884.93,2297,2238,NONE,2,2,3.75,3.75,0.0,EMA->TP2,EMA->TP2,0,0,1,1,0,0,1,1,1,1,0,0,1,1,6.37,6.37,0.00,0.00,98,98,300.00,300.00,0,0,0,0,1,1
2020.11.02 17:46:00,SELL,1893.40,2298,2239,NONE,2,2,2.02,2.02,0.0,EMA->TP2,EMA->TP2,0,0,1,1,0,0,1,1,1,1,0,0,1,1,6.51,6.51,0.00,0.00,406,406,300.00,300.00,0,0,0,0,1,1
2020.11.03 06:17:00,BUY,1891.27,2299,2240,NONE,1,1,2.02,2.02,0.0,EMA->TP1,EMA->TP1,0,0,1,1,1,1,0,0,1,1,0,0,1,1,0.87,0.87,0.00,0.00,32,32,300.00,300.00,0,0,0,0,1,1
2020.11.03 06:56:00,SELL,1892.89,2300,2241,NONE,1,1,2.1,2.1,0.0,EMA->TP1,EMA->TP1,0,0,1,1,1,1,0,0,1,1,0,0,1,1,0.76,0.76,0.00,0.00,64,64,300.00,300.00,0,0,0,0,1,1
2020.11.03 09:06:00,SELL,1894.92,2301,2242,ALLOW,4,4,2.11,2.11,0.0,EMA->NET_BASKET_BE,EMA->NET_BASKET_BE,0,0,0,0,0,0,0,0,1,1,0,0,1,1,128.26,128.26,0.03,0.03,952,952,300.00,300.00,1,1,0,0,1,1
2020.11.04 01:44:00,BUY,1900.79,2302,2243,NONE,2,2,11.55,11.55,0.0,TP2,TP2,0,0,1,1,0,0,1,1,0,0,0,0,1,1,43.21,43.21,0.01,0.01,86,86,300.00,300.00,0,0,0,0,1,1
2020.11.04 03:14:00,SELL,1897.33,2303,2244,NONE,2,2,17.63,17.63,0.0,EMA->TP2,EMA->TP2,0,0,1,1,0,0,1,1,1,1,0,0,1,1,30.41,30.41,0.01,0.01,689,689,300.00,300.00,0,0,0,0,1,1
2020.11.04 17:03:00,SELL,1900.52,2304,2245,NONE,1,1,6.78,6.78,0.0,EMA->TP1,EMA->TP1,0,0,1,1,1,1,0,0,1,1,0,0,1,1,1.35,1.35,0.00,0.00,15,15,300.00,300.00,0,0,0,0,1,1
2020.11.04 23:25:00,SELL,1905.37,2305,2246,NONE,3,3,2.05,2.05,0.0,TP1->TP2->TP3,TP1->TP2->TP3,0,0,1,1,1,1,1,1,0,0,0,0,1,1,10.72,10.72,0.00,0.00,66,66,300.00,300.00,0,0,0,0,1,1
2020.11.05 05:59:00,SELL,1909.42,2306,2247,NONE,2,2,3.63,3.63,0.0,TP2,TP2,0,0,1,1,0,0,1,1,0,0,0,0,1,1,7.4,7.4,0.00,0.00,103,103,300.00,300.00,0,0,0,0,1,1
2020.11.05 21:33:00,BUY,1949.11,2307,2248,NONE,2,2,7.13,7.13,0.0,EMA->TP2,EMA->TP2,0,0,1,1,0,0,1,1,1,1,0,0,1,1,31.47,31.47,0.01,0.01,629,629,300.00,300.00,0,0,0,0,1,1
2020.11.09 00:41:00,BUY,1955.24,2308,2249,NONE,2,2,2.75,2.75,0.0,EMA->TP2,EMA->TP2,0,0,1,1,0,0,1,1,1,1,0,0,1,1,4.98,4.98,0.00,0.00,20,20,300.00,300.00,0,0,0,0,1,1
2020.11.09 05:23:00,BUY,1963.05,2309,2250,NONE,2,2,5.25,5.25,0.0,EMA->TP2,EMA->TP2,0,0,1,1,0,0,1,1,1,1,0,0,1,1,24.38,24.38,0.00,0.00,177,177,300.00,300.00,0,0,0,0,1,1
2020.11.09 10:09:00,BUY,1959.82,2310,2251,NONE,3,3,7.49,7.49,0.0,EMA->TP3,EMA->TP3,0,0,1,1,0,0,0,0,1,1,0,0,1,1,20.73,20.73,0.00,0.00,96,96,300.00,300.00,0,0,0,0,1,1
2020.11.09 11:53:00,BUY,1950.23,2311,2252,NONE,3,3,-300.42,-300.42,0.0,SL$,SL$,1,1,0,0,0,0,0,0,0,0,0,0,0,0,300.09,300.09,0.06,0.06,112,112,300.00,300.00,0,0,0,0,1,1
2020.11.09 15:40:00,BUY,1864.86,2312,2253,NONE,2,2,17.88,17.88,0.0,TP2,TP2,0,0,1,1,0,0,1,1,0,0,0,0,1,1,22.6,22.6,0.00,0.00,84,84,300.00,300.00,0,0,0,0,1,1
2020.11.09 19:20:00,SELL,1863.34,2313,2254,NONE,2,2,4.91,4.91,0.0,EMA->TP2,EMA->TP2,0,0,1,1,0,0,1,1,1,1,0,0,1,1,11.63,11.63,0.00,0.00,91,91,300.00,300.00,0,0,0,0,1,1
2020.11.10 01:55:00,SELL,1872.61,2314,2255,ALLOW,5,5,4.48,4.48,0.0,NET_BASKET_BE,NET_BASKET_BE,0,0,0,0,0,0,0,0,0,0,1,1,1,1,126.93,126.93,0.03,0.03,457,457,300.00,300.00,1,1,0,0,1,1
2020.11.10 21:16:00,BUY,1873.80,2315,2256,NONE,1,1,4.61,4.61,0.0,EMA->TP1,EMA->TP1,0,0,1,1,1,1,0,0,1,1,0,0,1,1,4.02,4.02,0.00,0.00,124,124,300.00,300.00,0,0,0,0,1,1
2020.11.11 12:43:00,BUY,1873.37,2316,2257,NONE,3,3,2.01,2.01,0.0,EMA->TP3,EMA->TP3,0,0,1,1,0,0,0,0,1,1,0,0,1,1,65.88,65.88,0.01,0.01,777,777,300.00,300.00,0,0,0,0,1,1
2020.11.13 02:39:00,BUY,1879.74,2317,2258,NONE,2,2,2.37,2.37,0.0,EMA->TP2,EMA->TP2,0,0,1,1,0,0,1,1,1,1,0,0,1,1,8.93,8.93,0.00,0.00,196,196,300.00,300.00,0,0,0,0,1,1
2020.11.13 20:35:00,SELL,1886.62,2318,2259,NONE,3,3,2.19,2.19,0.0,EMA->TP2->TP3,EMA->TP2->TP3,0,0,1,1,0,0,1,1,1,1,0,0,1,1,32.59,32.59,0.01,0.01,3027,3027,300.00,300.00,0,0,0,0,1,1
2020.11.15 23:07:00,BUY,1888.25,2319,2260,NONE,1,1,2.42,2.42,0.0,EMA->TP1,EMA->TP1,0,0,1,1,1,1,0,0,1,1,0,0,1,1,0.9,0.9,0.00,0.00,15,15,300.00,300.00,0,0,0,0,1,1
2020.11.16 21:56:01,BUY,1889.43,2320,2261,NONE,2,2,2.0,2.0,0.0,EMA->TP2,EMA->TP2,0,0,1,1,0,0,1,1,1,1,0,0,1,1,1.82,1.82,0.00,0.00,69,69,300.00,300.00,0,0,0,0,1,1
2020.11.17 00:15:02,SELL,1890.41,2321,2262,NONE,1,1,2.02,2.02,0.0,EMA->TP1,EMA->TP1,0,0,1,1,1,1,0,0,1,1,0,0,1,1,1.48,1.48,0.00,0.00,35,35,300.00,300.00,0,0,0,0,1,1
2020.11.17 02:32:02,SELL,1889.74,2322,2263,NONE,3,3,2.01,2.01,0.0,TP3,TP3,0,0,1,1,0,0,0,0,0,0,0,0,1,1,8.34,8.34,0.00,0.00,63,63,300.00,300.00,0,0,0,0,1,1
2020.11.17 19:57:00,SELL,1886.49,2323,2264,NONE,1,1,2.02,2.02,0.0,EMA->TP1,EMA->TP1,0,0,1,1,1,1,0,0,1,1,0,0,1,1,1.12,1.12,0.00,0.00,42,42,300.00,300.00,0,0,0,0,1,1
2020.11.18 02:18:06,BUY,1879.37,2324,2265,NONE,2,2,2.0,2.0,0.0,EMA->TP2,EMA->TP2,0,0,1,1,0,0,1,1,1,1,0,0,1,1,10.63,10.63,0.00,0.00,122,122,300.00,300.00,0,0,0,0,1,1
2020.11.18 20:54:00,BUY,1869.80,2325,2266,NONE,1,1,2.7,2.7,0.0,EMA->TP1,EMA->TP1,0,0,1,1,1,1,0,0,1,1,0,0,1,1,1.45,1.45,0.00,0.00,126,126,300.00,300.00,0,0,0,0,1,1
2020.11.19 04:44:00,BUY,1867.94,2326,2267,NONE,2,2,2.18,2.18,0.0,TP2,TP2,0,0,1,1,0,0,1,1,0,0,0,0,1,1,3.42,3.42,0.00,0.00,20,20,300.00,300.00,0,0,0,0,1,1
2020.11.19 07:16:00,BUY,1864.25,2327,2268,NONE,3,3,7.83,7.83,0.0,EMA->TP3,EMA->TP3,0,0,1,1,0,0,0,0,1,1,0,0,1,1,28.11,28.11,0.01,0.01,114,114,300.00,300.00,0,0,0,0,1,1
2020.11.19 16:56:00,BUY,1859.84,2328,2269,NONE,1,1,2.16,2.16,0.0,EMA->TP1,EMA->TP1,0,0,1,1,1,1,0,0,1,1,0,0,1,1,0.86,0.86,0.00,0.00,22,22,300.00,300.00,0,0,0,0,1,1
2020.11.20 07:46:00,BUY,1863.15,2329,2270,NONE,1,1,5.94,5.94,0.0,EMA->TP1,EMA->TP1,0,0,1,1,1,1,0,0,1,1,0,0,1,1,5.27,5.27,0.00,0.00,376,376,300.00,300.00,0,0,0,0,1,1
2020.11.20 20:38:00,BUY,1872.80,2330,2271,NONE,2,2,2.06,2.06,0.0,EMA->TP2,EMA->TP2,0,0,1,1,0,0,1,1,1,1,0,0,1,1,12.12,12.12,0.00,0.00,3094,3094,300.00,300.00,0,0,0,0,1,1
2020.11.24 14:19:00,BUY,1806.96,2331,2272,NONE,1,1,8.46,8.46,0.0,EMA->TP1,EMA->TP1,0,0,1,1,1,1,0,0,1,1,0,0,1,1,10.13,10.13,0.00,0.00,1391,1391,300.00,300.00,0,0,0,0,1,1
2020.11.26 03:51:01,BUY,1810.83,2332,2273,NONE,2,2,2.09,2.09,0.0,EMA->TP2,EMA->TP2,0,0,1,1,0,0,1,1,1,1,0,0,1,1,2.7,2.7,0.00,0.00,72,72,300.00,300.00,0,0,0,0,1,1
2020.11.26 05:36:00,BUY,1809.03,2333,2274,NONE,1,1,7.2,7.2,0.0,EMA->TP1,EMA->TP1,0,0,1,1,1,1,0,0,1,1,0,0,1,1,2.34,2.34,0.00,0.00,130,130,300.00,300.00,0,0,0,0,1,1
2020.11.26 12:44:00,BUY,1813.04,2334,2275,NONE,1,1,2.02,2.02,0.0,EMA->TP1,EMA->TP1,0,0,1,1,1,1,0,0,1,1,0,0,1,1,0.87,0.87,0.00,0.00,23,23,300.00,300.00,0,0,0,0,1,1
2020.11.26 13:49:00,BUY,1813.69,2335,2276,NONE,3,3,2.24,2.24,0.0,EMA->TP3,EMA->TP3,0,0,1,1,0,0,0,0,1,1,0,0,1,1,32.56,32.56,0.01,0.01,647,647,300.00,300.00,0,0,0,0,1,1
2020.11.27 02:36:03,BUY,1810.09,2336,2277,ALLOW,4,4,2.12,2.12,0.0,EMA->NET_BASKET_BE,EMA->NET_BASKET_BE,0,0,0,0,0,0,0,0,1,1,0,0,1,1,36.54,36.54,0.01,0.01,176,176,300.00,300.00,1,1,0,0,1,1
2020.11.27 07:14:01,BUY,1809.03,2337,2278,NONE,2,2,2.09,2.09,0.0,EMA->TP2,EMA->TP2,0,0,1,1,0,0,1,1,1,1,0,0,1,1,3.79,3.79,0.00,0.00,22,22,300.00,300.00,0,0,0,0,1,1
2020.11.27 10:29:00,BUY,1809.63,2338,2279,ALLOW,5,5,-300.71,-300.71,0.0,EMA->SL$,EMA->SL$,1,1,0,0,0,0,0,0,1,1,1,1,0,0,302.64,302.64,0.06,0.06,185,185,300.00,300.00,0,0,0,0,1,1
2020.12.01 23:42:00,BUY,1811.90,2339,2280,NONE,2,2,2.01,2.01,0.0,TP2,TP2,0,0,1,1,0,0,1,1,0,0,0,0,1,1,3.91,3.91,0.00,0.00,20,20,300.00,300.00,0,0,0,0,1,1
2020.12.03 03:49:01,SELL,1835.28,2340,2281,NONE,1,1,3.2,3.2,0.0,EMA->TP1,EMA->TP1,0,0,1,1,1,1,0,0,1,1,0,0,1,1,3.23,3.23,0.00,0.00,169,169,300.00,300.00,0,0,0,0,1,1
2020.12.03 23:11:00,SELL,1840.72,2341,2282,NONE,2,2,2.05,2.05,0.0,EMA->TP2,EMA->TP2,0,0,1,1,0,0,1,1,1,1,0,0,1,1,4.14,4.14,0.00,0.00,104,104,300.00,300.00,0,0,0,0,1,1
2020.12.04 11:51:00,SELL,1842.13,2342,2283,NONE,1,1,4.13,4.13,0.0,EMA->TP1,EMA->TP1,0,0,1,1,1,1,0,0,1,1,0,0,1,1,2.05,2.05,0.00,0.00,129,129,300.00,300.00,0,0,0,0,1,1
2020.12.06 23:07:00,BUY,1838.13,2343,2284,NONE,2,2,5.4,5.4,0.0,EMA->TP2,EMA->TP2,0,0,1,1,0,0,1,1,1,1,0,0,1,1,8.15,8.15,0.00,0.00,116,116,300.00,300.00,0,0,0,0,1,1
2020.12.07 09:24:00,BUY,1830.03,2344,2285,NONE,1,1,3.49,3.49,0.0,EMA->TP1,EMA->TP1,0,0,1,1,1,1,0,0,1,1,0,0,1,1,2.32,2.32,0.00,0.00,58,58,300.00,300.00,0,0,0,0,1,1
2020.12.07 20:51:06,SELL,1862.18,2345,2286,NONE,3,3,2.23,2.23,0.0,TP3,TP3,0,0,1,1,0,0,0,0,0,0,0,0,1,1,10.29,10.29,0.00,0.00,58,58,300.00,300.00,0,0,0,0,1,1
2020.12.08 18:31:00,BUY,1870.92,2346,2287,ALLOW,4,4,2.23,2.23,0.0,EMA->NET_BASKET_BE,EMA->NET_BASKET_BE,0,0,0,0,0,0,0,0,1,1,0,0,1,1,109.1,109.1,0.02,0.02,1120,1120,300.00,300.00,1,1,0,0,1,1
2020.12.10 13:54:00,SELL,1843.74,2347,2288,NONE,1,1,6.44,6.44,0.0,EMA->TP1,EMA->TP1,0,0,1,1,1,1,0,0,1,1,0,0,1,1,9.38,9.38,0.00,0.00,122,122,300.00,300.00,0,0,0,0,1,1
2020.12.10 20:58:00,SELL,1835.72,2348,2289,NONE,2,2,2.02,2.02,0.0,EMA->TP2,EMA->TP2,0,0,1,1,0,0,1,1,1,1,0,0,1,1,13.98,13.98,0.00,0.00,375,375,300.00,300.00,0,0,0,0,1,1
2020.12.11 20:10:00,BUY,1838.69,2349,2290,ALLOW,5,5,2.64,2.64,0.0,EMA->TP1->TP2->NET_BASKET_BE,EMA->TP1->TP2->NET_BASKET_BE,0,0,0,0,1,1,1,1,1,1,1,1,1,1,187.05,187.05,0.04,0.04,3946,3946,300.00,300.00,1,1,0,0,1,1
2020.12.15 00:15:00,SELL,1826.67,2350,2291,NONE,2,2,2.08,2.08,0.0,EMA->TP2,EMA->TP2,0,0,1,1,0,0,1,1,1,1,0,0,1,1,4.12,4.12,0.00,0.00,80,80,300.00,300.00,0,0,0,0,1,1
2020.12.15 02:21:00,SELL,1831.45,2351,2292,NONE,2,2,2.13,2.13,0.0,TP2,TP2,0,0,1,1,0,0,1,1,0,0,0,0,1,1,9.03,9.03,0.00,0.00,58,58,300.00,300.00,0,0,0,0,1,1
2020.12.15 13:03:00,BUY,1844.72,2352,2293,NONE,1,1,7.18,7.18,0.0,EMA->TP1,EMA->TP1,0,0,1,1,1,1,0,0,1,1,0,0,1,1,4.45,4.45,0.00,0.00,28,28,300.00,300.00,0,0,0,0,1,1
2020.12.18 06:16:00,BUY,1882.09,2353,2294,NONE,2,2,6.05,6.05,0.0,EMA->TP2,EMA->TP2,0,0,1,1,0,0,1,1,1,1,0,0,1,1,7.53,7.53,0.00,0.00,152,152,300.00,300.00,0,0,0,0,1,1
2020.12.18 18:56:00,BUY,1882.34,2354,2295,NONE,2,2,5.55,5.55,0.0,EMA->TP2,EMA->TP2,0,0,1,1,0,0,1,1,1,1,0,0,1,1,8.59,8.59,0.00,0.00,3124,3124,300.00,300.00,0,0,0,0,1,1
2020.12.21 23:41:01,BUY,1880.83,2355,2296,NONE,2,2,4.37,4.37,0.0,EMA->TP2,EMA->TP2,0,0,1,1,0,0,1,1,1,1,0,0,1,1,9.73,9.73,0.00,0.00,108,108,300.00,300.00,0,0,0,0,1,1
2020.12.22 05:09:03,BUY,1879.98,2356,2297,NONE,3,3,4.17,4.17,0.0,TP3,TP3,0,0,1,1,0,0,0,0,0,0,0,0,1,1,25.78,25.78,0.01,0.01,68,68,300.00,300.00,0,0,0,0,1,1
2020.12.22 08:46:00,SELL,1872.74,2357,2298,NONE,2,2,4.77,4.77,0.0,EMA->TP2,EMA->TP2,0,0,1,1,0,0,1,1,1,1,0,0,1,1,21.56,21.56,0.00,0.00,356,356,300.00,300.00,0,0,0,0,1,1
2020.12.22 23:00:00,BUY,1861.03,2358,2299,NONE,1,1,4.78,4.78,0.0,EMA->TP1,EMA->TP1,0,0,1,1,1,1,0,0,1,1,0,0,1,1,4.15,4.15,0.00,0.00,122,122,300.00,300.00,0,0,0,0,1,1
2020.12.23 01:03:00,BUY,1866.57,2359,2300,NONE,2,2,6.84,6.84,0.0,EMA->TP2,EMA->TP2,0,0,1,1,0,0,1,1,1,1,0,0,1,1,24.52,24.52,0.00,0.00,747,747,300.00,300.00,0,0,0,0,1,1
2020.12.23 19:28:00,BUY,1871.28,2360,2301,NONE,1,1,2.33,2.33,0.0,EMA->TP1,EMA->TP1,0,0,1,1,1,1,0,0,1,1,0,0,1,1,2.47,2.47,0.00,0.00,212,212,300.00,300.00,0,0,0,0,1,1
2020.12.23 23:26:05,BUY,1872.55,2361,2302,NONE,2,2,2.2,2.2,0.0,EMA->TP2->TP1->TP2,EMA->TP2->TP1->TP2,0,0,1,1,1,1,1,1,1,1,0,0,1,1,8.82,8.82,0.00,0.00,94,94,300.00,300.00,0,0,0,0,1,1
2020.12.24 04:03:00,SELL,1875.14,2362,2303,NONE,2,2,2.01,2.01,0.0,EMA->TP2,EMA->TP2,0,0,1,1,0,0,1,1,1,1,0,0,1,1,3.87,3.87,0.00,0.00,115,115,300.00,300.00,0,0,0,0,1,1
2020.12.28 00:24:03,BUY,1888.44,2363,2304,NONE,2,2,3.55,3.55,0.0,EMA->TP2,EMA->TP2,0,0,1,1,0,0,1,1,1,1,0,0,1,1,6.0,6.0,0.00,0.00,35,35,300.00,300.00,0,0,0,0,1,1
2020.12.28 01:01:00,BUY,1888.63,2364,2305,NONE,1,1,4.74,4.74,0.0,EMA->TP1,EMA->TP1,0,0,1,1,1,1,0,0,1,1,0,0,1,1,1.71,1.71,0.00,0.00,3,3,300.00,300.00,0,0,0,0,1,1
2020.12.28 10:52:00,BUY,1879.74,2365,2306,NONE,2,2,3.72,3.72,0.0,TP2,TP2,0,0,1,1,0,0,1,1,0,0,0,0,1,1,3.75,3.75,0.00,0.00,7,7,300.00,300.00,0,0,0,0,1,1
2020.12.28 12:00:00,BUY,1873.20,2366,2307,NONE,1,1,4.74,4.74,0.0,TP1,TP1,0,0,1,1,1,1,0,0,0,0,0,0,1,1,1.95,1.95,0.00,0.00,23,23,300.00,300.00,0,0,0,0,1,1
2020.12.29 14:07:00,SELL,1879.03,2367,2308,NONE,1,1,3.6,3.6,0.0,EMA->TP1,EMA->TP1,0,0,1,1,1,1,0,0,1,1,0,0,1,1,3.4,3.4,0.00,0.00,53,53,300.00,300.00,0,0,0,0,1,1
2020.12.30 08:14:00,BUY,1880.23,2368,2309,NONE,1,1,5.06,5.06,0.0,EMA->TP1,EMA->TP1,0,0,1,1,1,1,0,0,1,1,0,0,1,1,6.2,6.2,0.00,0.00,400,400,300.00,300.00,0,0,0,0,1,1
2020.12.31 03:30:01,BUY,1889.07,2369,2310,NONE,2,2,4.51,4.51,0.0,TP2,TP2,0,0,1,1,0,0,1,1,0,0,0,0,1,1,6.16,6.16,0.00,0.00,106,106,300.00,300.00,0,0,0,0,1,1
2020.12.31 17:06:00,BUY,1895.80,2370,2311,NONE,2,2,7.02,7.02,0.0,EMA->TP2,EMA->TP2,0,0,1,1,0,0,1,1,1,1,0,0,1,1,7.55,7.55,0.00,0.00,128,128,300.00,300.00,0,0,0,0,1,1
2021.01.04 07:08:00,BUY,1923.99,2371,2312,NONE,1,1,2.41,2.41,0.0,EMA->TP1,EMA->TP1,0,0,1,1,1,1,0,0,1,1,0,0,1,1,2.57,2.57,0.00,0.00,53,53,300.00,300.00,0,0,0,0,1,1
2021.01.05 00:22:04,BUY,1940.94,2372,2313,NONE,2,2,4.06,4.06,0.0,EMA->TP2,EMA->TP2,0,0,1,1,0,0,1,1,1,1,0,0,1,1,16.17,16.17,0.00,0.00,170,170,300.00,300.00,0,0,0,0,1,1
2021.01.05 13:36:00,BUY,1949.58,2373,2314,NONE,2,2,7.53,7.53,0.0,EMA->TP2,EMA->TP2,0,0,1,1,0,0,1,1,1,1,0,0,1,1,24.74,24.74,0.00,0.00,125,125,300.00,300.00,0,0,0,0,1,1
2021.01.07 02:27:01,BUY,1916.55,2374,2315,NONE,1,1,9.82,9.82,0.0,EMA->TP1,EMA->TP1,0,0,1,1,1,1,0,0,1,1,0,0,1,1,2.85,2.85,0.00,0.00,272,272,300.00,300.00,0,0,0,0,1,1
2021.01.07 17:23:01,BUY,1910.90,2375,2316,NONE,1,1,3.64,3.64,0.0,EMA->TP1,EMA->TP1,0,0,1,1,1,1,0,0,1,1,0,0,1,1,2.73,2.73,0.00,0.00,69,69,300.00,300.00,0,0,0,0,1,1
2021.01.07 20:07:00,SELL,1916.96,2376,2317,NONE,1,1,2.08,2.08,0.0,TP1->EMA->TP1,TP1->EMA->TP1,0,0,1,1,1,1,0,0,1,1,0,0,1,1,0.31,0.31,0.00,0.00,5,5,300.00,300.00,0,0,0,0,1,1
2021.01.08 02:06:00,BUY,1911.36,2377,2318,NONE,2,2,2.76,2.76,0.0,TP2,TP2,0,0,1,1,0,0,1,1,0,0,0,0,1,1,5.6,5.6,0.00,0.00,96,96,300.00,300.00,0,0,0,0,1,1
2021.01.08 11:13:00,BUY,1892.10,2378,2319,NONE,3,3,11.31,11.31,0.0,EMA->TP3,EMA->TP3,0,0,1,1,0,0,0,0,1,1,0,0,1,1,45.82,45.82,0.01,0.01,137,137,300.00,300.00,0,0,0,0,1,1
2021.01.10 23:07:00,SELL,1853.45,2379,2320,NONE,1,1,8.24,8.24,0.0,EMA->TP1,EMA->TP1,0,0,1,1,1,1,0,0,1,1,0,0,1,1,5.86,5.86,0.00,0.00,43,43,300.00,300.00,0,0,0,0,1,1
2021.01.11 05:03:00,SELL,1833.33,2380,2321,ALLOW,4,4,2.36,2.36,0.0,EMA->NET_BASKET_BE,EMA->NET_BASKET_BE,0,0,0,0,0,0,0,0,1,1,0,0,1,1,123.15,123.15,0.02,0.02,466,466,300.00,300.00,1,1,0,0,1,1
2021.01.11 21:26:13,BUY,1845.83,2381,2322,NONE,2,2,2.97,2.97,0.0,TP2->EMA->TP2,TP2->EMA->TP2,0,0,1,1,0,0,1,1,1,1,0,0,1,1,5.33,5.33,0.00,0.00,213,213,300.00,300.00,0,0,0,0,1,1
2021.01.13 16:22:01,BUY,1858.13,2382,2323,NONE,2,2,3.67,3.67,0.0,EMA->TP2,EMA->TP2,0,0,1,1,0,0,1,1,1,1,0,0,1,1,12.3,12.3,0.00,0.00,100,100,300.00,300.00,0,0,0,0,1,1
2021.01.14 19:36:00,BUY,1847.79,2383,2324,NONE,2,2,2.05,2.05,0.0,TP2,TP2,0,0,1,1,0,0,1,1,0,0,0,0,1,1,8.16,8.16,0.00,0.00,266,266,300.00,300.00,0,0,0,0,1,1
2021.01.18 07:18:00,BUY,1838.68,2384,2325,NONE,2,2,5.91,5.91,0.0,EMA->TP2,EMA->TP2,0,0,1,1,0,0,1,1,1,1,0,0,1,1,21.6,21.6,0.00,0.00,238,238,300.00,300.00,0,0,0,0,1,1
2021.01.18 14:57:00,BUY,1834.16,2385,2326,NONE,1,1,4.15,4.15,0.0,EMA->TP1,EMA->TP1,0,0,1,1,1,1,0,0,1,1,0,0,1,1,1.2,1.2,0.00,0.00,123,123,300.00,300.00,0,0,0,0,1,1
2021.01.19 21:21:05,BUY,1839.30,2386,2327,NONE,1,1,2.01,2.01,0.0,TP1->EMA->TP1,TP1->EMA->TP1,0,0,1,1,1,1,0,0,1,1,0,0,1,1,0.85,0.85,0.00,0.00,110,110,300.00,300.00,0,0,0,0,1,1
2021.01.20 11:37:00,BUY,1851.23,2387,2328,NONE,2,2,5.09,5.09,0.0,TP2,TP2,0,0,1,1,0,0,1,1,0,0,0,0,1,1,4.94,4.94,0.00,0.00,61,61,300.00,300.00,0,0,0,0,1,1
2021.01.20 16:15:00,BUY,1865.83,2388,2329,NONE,1,1,5.39,5.39,0.0,EMA->TP1,EMA->TP1,0,0,1,1,1,1,0,0,1,1,0,0,1,1,7.36,7.36,0.00,0.00,405,405,300.00,300.00,0,0,0,0,1,1
2021.01.21 07:55:01,BUY,1869.02,2389,2330,NONE,1,1,2.88,2.88,0.0,EMA->TP1,EMA->TP1,0,0,1,1,1,1,0,0,1,1,0,0,1,1,2.57,2.57,0.00,0.00,52,52,300.00,300.00,0,0,0,0,1,1
2021.01.22 00:24:00,BUY,1869.13,2390,2331,ALLOW,4,4,2.12,2.12,0.0,NET_BASKET_BE,NET_BASKET_BE,0,0,0,0,0,0,0,0,0,0,0,0,1,1,30.91,30.91,0.01,0.01,72,72,300.00,300.00,1,1,0,0,1,1
2021.01.22 13:35:00,BUY,1843.18,2391,2332,NONE,1,1,9.0,9.0,0.0,EMA->TP1,EMA->TP1,0,0,1,1,1,1,0,0,1,1,0,0,1,1,6.7,6.7,0.00,0.00,85,85,300.00,300.00,0,0,0,0,1,1
2021.01.25 01:04:00,SELL,1857.01,2392,2333,NONE,2,2,18.15,18.15,0.0,EMA->TP2,EMA->TP2,0,0,1,1,0,0,1,1,1,1,0,0,1,1,24.56,24.56,0.00,0.00,836,836,300.00,300.00,0,0,0,0,1,1
2021.01.25 17:03:00,SELL,1854.65,2393,2334,NONE,2,2,3.38,3.38,0.0,EMA->TP2,EMA->TP2,0,0,1,1,0,0,1,1,1,1,0,0,1,1,8.44,8.44,0.00,0.00,75,75,300.00,300.00,0,0,0,0,1,1
2021.01.26 11:47:01,SELL,1853.45,2394,2335,NONE,2,2,2.04,2.04,0.0,EMA->TP2,EMA->TP2,0,0,1,1,0,0,1,1,1,1,0,0,1,1,7.4,7.4,0.00,0.00,82,82,300.00,300.00,0,0,0,0,1,1
2021.01.26 19:39:00,BUY,1850.35,2395,2336,NONE,1,1,2.06,2.06,0.0,TP1->EMA->TP1,TP1->EMA->TP1,0,0,1,1,1,1,0,0,1,1,0,0,1,1,0.93,0.93,0.00,0.00,38,38,300.00,300.00,0,0,0,0,1,1
2021.01.26 20:52:02,SELL,1852.56,2396,2337,NONE,1,1,3.7,3.7,0.0,EMA->TP1,EMA->TP1,0,0,1,1,1,1,0,0,1,1,0,0,1,1,1.64,1.64,0.00,0.00,148,148,300.00,300.00,0,0,0,0,1,1
2021.01.27 07:40:00,BUY,1849.13,2397,2338,NONE,1,1,2.15,2.15,0.0,EMA->TP1,EMA->TP1,0,0,1,1,1,1,0,0,1,1,0,0,1,1,1.57,1.57,0.00,0.00,22,22,300.00,300.00,0,0,0,0,1,1
2021.01.27 08:50:00,BUY,1847.19,2398,2339,NONE,2,2,3.31,3.31,0.0,EMA->TP2,EMA->TP2,0,0,1,1,0,0,1,1,1,1,0,0,1,1,6.21,6.21,0.00,0.00,44,44,300.00,300.00,0,0,0,0,1,1
2021.01.27 10:34:01,BUY,1847.14,2399,2340,NONE,3,3,7.17,7.17,0.0,EMA->TP3,EMA->TP3,0,0,1,1,0,0,0,0,1,1,0,0,1,1,34.32,34.32,0.01,0.01,208,208,300.00,300.00,0,0,0,0,1,1
2021.01.27 18:23:00,BUY,1845.06,2400,2341,NONE,1,1,2.17,2.17,0.0,EMA->TP1,EMA->TP1,0,0,1,1,1,1,0,0,1,1,0,0,1,1,0.78,0.78,0.00,0.00,8,8,300.00,300.00,0,0,0,0,1,1
2021.01.28 06:19:00,BUY,1836.38,2401,2342,NONE,1,1,2.51,2.51,0.0,EMA->TP1,EMA->TP1,0,0,1,1,1,1,0,0,1,1,0,0,1,1,3.92,3.92,0.00,0.00,110,110,300.00,300.00,0,0,0,0,1,1
2021.01.31 23:03:00,SELL,1857.18,2402,2343,NONE,1,1,43.08,43.08,0.0,EMA->TP1,EMA->TP1,0,0,1,1,1,1,0,0,1,1,0,0,1,1,22.68,22.68,0.00,0.00,4927,4927,300.00,300.00,0,0,0,0,1,1
2021.02.05 07:05:00,BUY,1797.60,2403,2344,NONE,1,1,2.32,2.32,0.0,EMA->TP1,EMA->TP1,0,0,1,1,1,1,0,0,1,1,0,0,1,1,1.71,1.71,0.00,0.00,25,25,300.00,300.00,0,0,0,0,1,1
2021.02.08 21:17:00,BUY,1830.24,2404,2345,NONE,1,1,2.0,2.0,0.0,EMA->TP1,EMA->TP1,0,0,1,1,1,1,0,0,1,1,0,0,1,1,2.71,2.71,0.00,0.00,181,181,300.00,300.00,0,0,0,0,1,1
2021.02.09 00:36:00,SELL,1832.73,2405,2346,ALLOW,5,5,2.86,2.86,0.0,NET_BASKET_BE,NET_BASKET_BE,0,0,0,0,0,0,0,0,0,0,1,1,1,1,126.8,126.8,0.03,0.03,764,764,300.00,300.00,1,1,0,0,1,1
2021.02.09 15:28:00,SELL,1843.94,2406,2347,NONE,1,1,4.54,4.54,0.0,EMA->TP1,EMA->TP1,0,0,1,1,1,1,0,0,1,1,0,0,1,1,1.81,1.81,0.00,0.00,31,31,300.00,300.00,0,0,0,0,1,1
2021.02.09 19:08:01,SELL,1834.97,2407,2348,NONE,3,3,2.14,2.14,0.0,EMA->TP2->TP3,EMA->TP2->TP3,0,0,1,1,0,0,1,1,1,1,0,0,1,1,15.88,15.88,0.00,0.00,359,359,300.00,300.00,0,0,0,0,1,1
2021.02.10 09:47:00,BUY,1842.55,2408,2349,NONE,2,2,5.76,5.76,0.0,EMA->TP2,EMA->TP2,0,0,1,1,0,0,1,1,1,1,0,0,1,1,7.74,7.74,0.00,0.00,196,196,300.00,300.00,0,0,0,0,1,1
2021.02.10 16:45:00,SELL,1838.89,2409,2350,NONE,2,2,2.0,2.0,0.0,EMA->TP2,EMA->TP2,0,0,1,1,0,0,1,1,1,1,0,0,1,1,5.22,5.22,0.00,0.00,18,18,300.00,300.00,0,0,0,0,1,1
2021.02.11 01:05:00,BUY,1841.03,2410,2351,NONE,3,3,6.6,6.6,0.0,EMA->TP3,EMA->TP3,0,0,1,1,0,0,0,0,1,1,0,0,1,1,19.92,19.92,0.00,0.00,341,341,300.00,300.00,0,0,0,0,1,1
2021.02.11 17:14:00,BUY,1827.99,2411,2352,NONE,2,2,4.82,4.82,0.0,EMA->TP2,EMA->TP2,0,0,1,1,0,0,1,1,1,1,0,0,1,1,11.73,11.73,0.00,0.00,416,416,300.00,300.00,0,0,0,0,1,1
2021.02.12 03:09:02,BUY,1820.99,2412,2353,NONE,1,1,2.02,2.02,0.0,TP1->EMA->TP1,TP1->EMA->TP1,0,0,1,1,1,1,0,0,1,1,0,0,1,1,1.21,1.21,0.00,0.00,91,91,300.00,300.00,0,0,0,0,1,1
2021.02.15 09:08:00,BUY,1818.31,2413,2354,NONE,2,2,2.51,2.51,0.0,TP2,TP2,0,0,1,1,0,0,1,1,0,0,0,0,1,1,5.08,5.08,0.00,0.00,72,72,300.00,300.00,0,0,0,0,1,1
2021.02.15 11:16:00,BUY,1819.22,2414,2355,NONE,1,1,2.0,2.0,0.0,EMA->TP1,EMA->TP1,0,0,1,1,1,1,0,0,1,1,0,0,1,1,0.67,0.67,0.00,0.00,23,23,300.00,300.00,0,0,0,0,1,1
2021.02.15 12:08:00,BUY,1820.64,2415,2356,NONE,1,1,2.02,2.02,0.0,EMA->TP1,EMA->TP1,0,0,1,1,1,1,0,0,1,1,0,0,1,1,0.59,0.59,0.00,0.00,12,12,300.00,300.00,0,0,0,0,1,1
2021.02.15 14:10:00,BUY,1817.25,2416,2357,NONE,1,1,2.66,2.66,0.0,TP1->EMA->TP1,TP1->EMA->TP1,0,0,1,1,1,1,0,0,1,1,0,0,1,1,1.24,1.24,0.00,0.00,23,23,300.00,300.00,0,0,0,0,1,1
2021.02.16 05:42:01,BUY,1822.70,2417,2358,VETO,4,3,2.13,-300.56,-302.69,EMA->NET_BASKET_BE,EMA->SL$,0,1,0,0,0,0,0,0,1,1,0,0,1,0,148.64,332.54,0.03,0.07,572,4067,300.00,300.00,1,0,0,0,1,1
2021.02.19 06:44:00,BUY,1773.01,2423,2359,NONE,2,2,7.27,7.27,0.0,EMA->TP2,EMA->TP2,0,0,1,1,0,0,1,1,1,1,0,0,1,1,3.65,3.65,0.00,0.00,76,76,300.00,300.00,0,0,0,0,1,1
2021.02.22 11:39:00,SELL,1797.62,2424,2360,NONE,1,1,2.0,2.0,0.0,TP1->EMA->TP1,TP1->EMA->TP1,0,0,1,1,1,1,0,0,1,1,0,0,1,1,0.9,0.9,0.00,0.00,16,16,300.00,300.00,0,0,0,0,1,1
2021.02.22 16:39:00,SELL,1810.45,2425,2361,NONE,1,1,3.43,3.43,0.0,EMA->TP1,EMA->TP1,0,0,1,1,1,1,0,0,1,1,0,0,1,1,3.37,3.37,0.00,0.00,164,164,300.00,300.00,0,0,0,0,1,1
2021.02.23 01:05:00,SELL,1808.05,2426,2362,NONE,2,2,6.98,6.98,0.0,EMA->TP2,EMA->TP2,0,0,1,1,0,0,1,1,1,1,0,0,1,1,15.78,15.78,0.00,0.00,477,477,300.00,300.00,0,0,0,0,1,1
2021.02.23 09:11:00,BUY,1809.44,2427,2363,NONE,2,2,6.0,6.0,0.0,TP2,TP2,0,0,1,1,0,0,1,1,0,0,0,0,1,1,9.54,9.54,0.00,0.00,80,80,300.00,300.00,0,0,0,0,1,1
2021.02.23 14:24:00,BUY,1808.28,2428,2364,NONE,3,3,13.0,13.0,0.0,TP3,TP3,0,0,1,1,0,0,0,0,0,0,0,0,1,1,35.24,35.24,0.01,0.01,44,44,300.00,300.00,0,0,0,0,1,1
2021.02.24 05:08:01,SELL,1808.98,2429,2365,NONE,2,2,2.08,2.08,0.0,EMA->TP1->TP2,EMA->TP1->TP2,0,0,1,1,1,1,1,1,1,1,0,0,1,1,3.82,3.82,0.00,0.00,42,42,300.00,300.00,0,0,0,0,1,1
2021.02.24 07:57:00,BUY,1805.87,2430,2366,NONE,1,1,2.66,2.66,0.0,EMA->TP1,EMA->TP1,0,0,1,1,1,1,0,0,1,1,0,0,1,1,0.63,0.63,0.00,0.00,9,9,300.00,300.00,0,0,0,0,1,1
2021.02.25 08:26:00,BUY,1790.86,2431,2367,NONE,2,2,7.11,7.11,0.0,EMA->TP2,EMA->TP2,0,0,1,1,0,0,1,1,1,1,0,0,1,1,23.26,23.26,0.00,0.00,248,248,300.00,300.00,0,0,0,0,1,1
2021.02.25 13:05:00,BUY,1789.51,2432,2368,VETO,4,3,-300.37,-301.45,-1.08,EMA->SL$,EMA->SL$,1,1,0,0,0,0,0,0,1,1,0,0,0,0,300.62,301.02,0.06,0.06,1582,1636,300.00,300.00,0,0,0,0,1,1
2021.03.01 13:37:00,BUY,1734.93,2433,2369,NONE,1,1,6.63,6.63,0.0,EMA->TP1,EMA->TP1,0,0,1,1,1,1,0,0,1,1,0,0,1,1,5.85,5.85,0.00,0.00,42,42,300.00,300.00,0,0,0,0,1,1
2021.03.01 15:36:00,BUY,1739.24,2434,2370,NONE,3,3,19.5,19.5,0.0,EMA->TP3,EMA->TP3,0,0,1,1,0,0,0,0,1,1,0,0,1,1,119.86,119.86,0.02,0.02,1178,1178,300.00,300.00,0,0,0,0,1,1
2021.03.02 13:40:00,BUY,1729.03,2435,2371,NONE,2,2,6.69,6.69,0.0,EMA->TP2,EMA->TP2,0,0,1,1,0,0,1,1,1,1,0,0,1,1,6.36,6.36,0.00,0.00,11,11,300.00,300.00,0,0,0,0,1,1
2021.03.03 04:51:00,BUY,1735.35,2436,2372,NONE,3,3,2.0,2.0,0.0,EMA->TP2->TP3,EMA->TP2->TP3,0,0,1,1,0,0,1,1,1,1,0,0,1,1,23.09,23.09,0.00,0.00,153,153,300.00,300.00,0,0,0,0,1,1
2021.03.03 09:13:01,BUY,1726.83,2437,2373,NONE,1,1,2.38,2.38,0.0,TP1,TP1,0,0,1,1,1,1,0,0,0,0,0,0,1,1,1.9,1.9,0.00,0.00,29,29,300.00,300.00,0,0,0,0,1,1
2021.03.04 09:15:00,BUY,1711.45,2438,2374,NONE,2,2,4.69,4.69,0.0,TP2,TP2,0,0,1,1,0,0,1,1,0,0,0,0,1,1,9.4,9.4,0.00,0.00,19,19,300.00,300.00,0,0,0,0,1,1
2021.03.05 04:49:00,BUY,1692.66,2439,2375,NONE,1,1,2.0,2.0,0.0,EMA->TP1,EMA->TP1,0,0,1,1,1,1,0,0,1,1,0,0,1,1,1.32,1.32,0.00,0.00,42,42,300.00,300.00,0,0,0,0,1,1
2021.03.05 18:49:00,BUY,1700.71,2440,2376,NONE,2,2,4.77,4.77,0.0,EMA->TP2,EMA->TP2,0,0,1,1,0,0,1,1,1,1,0,0,1,1,6.25,6.25,0.00,0.00,125,125,300.00,300.00,0,0,0,0,1,1
2021.03.09 15:16:00,BUY,1716.72,2441,2377,NONE,2,2,6.24,6.24,0.0,EMA->TP2,EMA->TP2,0,0,1,1,0,0,1,1,1,1,0,0,1,1,15.48,15.48,0.00,0.00,953,953,300.00,300.00,0,0,0,0,1,1
2021.03.10 07:15:00,SELL,1715.39,2442,2378,NONE,1,1,2.87,2.87,0.0,EMA->TP1,EMA->TP1,0,0,1,1,1,1,0,0,1,1,0,0,1,1,2.83,2.83,0.00,0.00,51,51,300.00,300.00,0,0,0,0,1,1
2021.03.10 13:00:00,BUY,1712.99,2443,2379,NONE,1,1,3.95,3.95,0.0,EMA->TP1,EMA->TP1,0,0,1,1,1,1,0,0,1,1,0,0,1,1,3.43,3.43,0.00,0.00,30,30,300.00,300.00,0,0,0,0,1,1
2021.03.10 17:03:00,SELL,1718.34,2444,2380,NONE,2,2,2.9,2.9,0.0,EMA->TP2,EMA->TP2,0,0,1,1,0,0,1,1,1,1,0,0,1,1,9.92,9.92,0.00,0.00,72,72,300.00,300.00,0,0,0,0,1,1
2021.03.10 19:28:00,SELL,1725.04,2445,2381,NONE,2,2,2.7,2.7,0.0,TP2,TP2,0,0,1,1,0,0,1,1,0,0,0,0,1,1,6.2,6.2,0.00,0.00,301,301,300.00,300.00,0,0,0,0,1,1
2021.03.11 07:50:00,SELL,1736.73,2446,2382,NONE,2,2,2.12,2.12,0.0,TP2,TP2,0,0,1,1,0,0,1,1,0,0,0,0,1,1,6.5,6.5,0.00,0.00,98,98,300.00,300.00,0,0,0,0,1,1
2021.03.11 10:08:00,BUY,1734.64,2447,2383,NONE,2,2,4.38,4.38,0.0,EMA->TP2,EMA->TP2,0,0,1,1,0,0,1,1,1,1,0,0,1,1,9.44,9.44,0.00,0.00,158,158,300.00,300.00,0,0,0,0,1,1
2021.03.11 21:59:00,BUY,1722.89,2448,2384,NONE,1,1,2.13,2.13,0.0,EMA->TP1,EMA->TP1,0,0,1,1,1,1,0,0,1,1,0,0,1,1,1.64,1.64,0.00,0.00,163,163,300.00,300.00,0,0,0,0,1,1
2021.03.12 02:35:00,BUY,1723.74,2449,2385,ALLOW,4,4,2.83,2.83,0.0,NET_BASKET_BE,NET_BASKET_BE,0,0,0,0,0,0,0,0,0,0,0,0,1,1,130.19,130.19,0.03,0.03,830,830,300.00,300.00,1,1,0,0,1,1
2021.03.14 23:44:02,BUY,1726.17,2450,2386,NONE,1,1,2.26,2.26,0.0,EMA->TP1,EMA->TP1,0,0,1,1,1,1,0,0,1,1,0,0,1,1,2.12,2.12,0.00,0.00,78,78,300.00,300.00,0,0,0,0,1,1
2021.03.15 01:03:00,BUY,1728.44,2451,2387,NONE,2,2,7.57,7.57,0.0,EMA->TP2,EMA->TP2,0,0,1,1,0,0,1,1,1,1,0,0,1,1,15.85,15.85,0.00,0.00,469,469,300.00,300.00,0,0,0,0,1,1
2021.03.15 10:18:01,SELL,1729.08,2452,2388,NONE,2,2,2.04,2.04,0.0,TP1->TP2,TP1->TP2,0,0,1,1,1,1,1,1,0,0,0,0,1,1,9.51,9.51,0.00,0.00,75,75,300.00,300.00,0,0,0,0,1,1
2021.03.15 22:54:01,SELL,1731.37,2453,2389,NONE,2,2,2.01,2.01,0.0,EMA->TP1->TP2,EMA->TP1->TP2,0,0,1,1,1,1,1,1,1,1,0,0,1,1,8.29,8.29,0.00,0.00,188,188,300.00,300.00,0,0,0,0,1,1
2021.03.16 12:24:00,SELL,1734.10,2454,2390,NONE,2,2,5.66,5.66,0.0,EMA->TP2,EMA->TP2,0,0,1,1,0,0,1,1,1,1,0,0,1,1,16.32,16.32,0.00,0.00,141,141,300.00,300.00,0,0,0,0,1,1
2021.03.17 03:35:00,SELL,1734.96,2455,2391,NONE,2,2,2.01,2.01,0.0,TP2->EMA->TP2,TP2->EMA->TP2,0,0,1,1,0,0,1,1,1,1,0,0,1,1,8.79,8.79,0.00,0.00,231,231,300.00,300.00,0,0,0,0,1,1
2021.03.17 14:52:00,BUY,1732.87,2456,2392,NONE,2,2,5.76,5.76,0.0,EMA->TP2,EMA->TP2,0,0,1,1,0,0,1,1,1,1,0,0,1,1,15.08,15.08,0.00,0.00,188,188,300.00,300.00,0,0,0,0,1,1
2021.03.18 02:58:00,SELL,1754.37,2457,2393,NONE,1,1,2.06,2.06,0.0,TP1,TP1,0,0,1,1,1,1,0,0,0,0,0,0,1,1,1.61,1.61,0.00,0.00,15,15,300.00,300.00,0,0,0,0,1,1
2021.03.18 13:33:00,BUY,1724.72,2458,2394,NONE,1,1,8.58,8.58,0.0,EMA->TP1,EMA->TP1,0,0,1,1,1,1,0,0,1,1,0,0,1,1,5.35,5.35,0.00,0.00,157,157,300.00,300.00,0,0,0,0,1,1
2021.03.19 05:04:02,SELL,1733.31,2459,2395,NONE,1,1,2.0,2.0,0.0,EMA->TP1,EMA->TP1,0,0,1,1,1,1,0,0,1,1,0,0,1,1,0.91,0.91,0.00,0.00,26,26,300.00,300.00,0,0,0,0,1,1
2021.03.19 07:36:00,SELL,1743.49,2460,2396,NONE,1,1,3.17,3.17,0.0,TP1,TP1,0,0,1,1,1,1,0,0,0,0,0,0,1,1,2.15,2.15,0.00,0.00,29,29,300.00,300.00,0,0,0,0,1,1
2021.03.19 10:17:00,BUY,1737.37,2461,2397,NONE,2,2,3.21,3.21,0.0,TP2,TP2,0,0,1,1,0,0,1,1,0,0,0,0,1,1,3.82,3.82,0.00,0.00,70,70,300.00,300.00,0,0,0,0,1,1
2021.03.19 14:37:00,BUY,1736.25,2462,2398,NONE,1,1,4.42,4.42,0.0,EMA->TP1,EMA->TP1,0,0,1,1,1,1,0,0,1,1,0,0,1,1,3.71,3.71,0.00,0.00,73,73,300.00,300.00,0,0,0,0,1,1
2021.03.22 07:09:00,BUY,1729.90,2463,2399,NONE,1,1,3.26,3.26,0.0,EMA->TP1,EMA->TP1,0,0,1,1,1,1,0,0,1,1,0,0,1,1,5.07,5.07,0.00,0.00,187,187,300.00,300.00,0,0,0,0,1,1
2021.03.22 12:43:00,BUY,1733.63,2464,2400,NONE,1,1,5.27,5.27,0.0,EMA->TP1,EMA->TP1,0,0,1,1,1,1,0,0,1,1,0,0,1,1,4.73,4.73,0.00,0.00,215,215,300.00,300.00,0,0,0,0,1,1
2021.03.22 23:31:00,BUY,1739.39,2465,2401,ALLOW,5,5,2.58,2.58,0.0,EMA->TP2->TP1->NET_BASKET_BE,EMA->TP2->TP1->NET_BASKET_BE,0,0,0,0,1,1,1,1,1,1,1,1,1,1,52.1,52.1,0.01,0.01,275,275,300.00,300.00,1,1,0,0,1,1
2021.03.23 04:46:02,BUY,1735.99,2466,2402,NONE,1,1,2.03,2.03,0.0,EMA->TP1,EMA->TP1,0,0,1,1,1,1,0,0,1,1,0,0,1,1,1.28,1.28,0.00,0.00,56,56,300.00,300.00,0,0,0,0,1,1
2021.03.23 09:44:00,BUY,1737.84,2467,2403,NONE,1,1,2.71,2.71,0.0,EMA->TP1,EMA->TP1,0,0,1,1,1,1,0,0,1,1,0,0,1,1,1.54,1.54,0.00,0.00,24,24,300.00,300.00,0,0,0,0,1,1
2021.03.24 02:07:00,SELL,1730.47,2468,2404,NONE,2,2,2.15,2.15,0.0,EMA->TP2,EMA->TP2,0,0,1,1,0,0,1,1,1,1,0,0,1,1,7.87,7.87,0.00,0.00,239,239,300.00,300.00,0,0,0,0,1,1
2021.03.24 07:06:00,SELL,1730.14,2469,2405,NONE,2,2,5.24,5.24,0.0,EMA->TP2,EMA->TP2,0,0,1,1,0,0,1,1,1,1,0,0,1,1,12.38,12.38,0.00,0.00,225,225,300.00,300.00,0,0,0,0,1,1
2021.03.24 16:55:00,BUY,1735.06,2470,2406,NONE,2,2,3.24,3.24,0.0,EMA->TP2,EMA->TP2,0,0,1,1,0,0,1,1,1,1,0,0,1,1,5.3,5.3,0.00,0.00,40,40,300.00,300.00,0,0,0,0,1,1
2021.03.24 23:06:02,SELL,1733.99,2471,2407,NONE,2,2,2.88,2.88,0.0,EMA->TP2->TP1->TP2,EMA->TP2->TP1->TP2,0,0,1,1,1,1,1,1,1,1,0,0,1,1,3.42,3.42,0.00,0.00,173,173,300.00,300.00,0,0,0,0,1,1
2021.03.25 04:24:00,BUY,1734.65,2472,2408,NONE,1,1,2.06,2.06,0.0,EMA->TP1,EMA->TP1,0,0,1,1,1,1,0,0,1,1,0,0,1,1,0.99,0.99,0.00,0.00,57,57,300.00,300.00,0,0,0,0,1,1
2021.03.25 13:47:00,SELL,1742.99,2473,2409,NONE,1,1,5.91,5.91,0.0,TP1,TP1,0,0,1,1,1,1,0,0,0,0,0,0,1,1,4.14,4.14,0.00,0.00,46,46,300.00,300.00,0,0,0,0,1,1
2021.03.25 20:26:01,SELL,1727.24,2474,2410,NONE,2,2,2.02,2.02,0.0,EMA->TP1->TP2,EMA->TP1->TP2,0,0,1,1,1,1,1,1,1,1,0,0,1,1,5.69,5.69,0.00,0.00,184,184,300.00,300.00,0,0,0,0,1,1
2021.03.29 01:25:00,BUY,1727.84,2475,2411,NONE,1,1,3.51,3.51,0.0,EMA->TP1,EMA->TP1,0,0,1,1,1,1,0,0,1,1,0,0,1,1,0.59,0.59,0.00,0.00,32,32,300.00,300.00,0,0,0,0,1,1
2021.03.29 03:32:00,BUY,1730.47,2476,2412,ALLOW,5,5,-300.04,-300.04,0.0,EMA->SL$,EMA->SL$,1,1,0,0,0,0,0,0,1,1,1,1,0,0,303.59,303.59,0.06,0.06,1644,1644,300.00,300.00,0,0,0,0,1,1
2021.03.30 11:30:00,BUY,1689.71,2477,2413,NONE,2,2,4.34,4.34,0.0,TP2,TP2,0,0,1,1,0,0,1,1,0,0,0,0,1,1,6.2,6.2,0.00,0.00,31,31,300.00,300.00,0,0,0,0,1,1
2021.03.30 19:09:00,BUY,1682.62,2478,2414,NONE,1,1,2.15,2.15,0.0,EMA->TP1,EMA->TP1,0,0,1,1,1,1,0,0,1,1,0,0,1,1,2.4,2.4,0.00,0.00,104,104,300.00,300.00,0,0,0,0,1,1
2021.03.31 11:46:00,BUY,1685.65,2479,2415,NONE,2,2,3.38,3.38,0.0,EMA->TP2,EMA->TP2,0,0,1,1,0,0,1,1,1,1,0,0,1,1,4.06,4.06,0.00,0.00,29,29,300.00,300.00,0,0,0,0,1,1
2021.04.01 00:16:01,BUY,1707.47,2480,2416,NONE,1,1,2.64,2.64,0.0,EMA->TP1,EMA->TP1,0,0,1,1,1,1,0,0,1,1,0,0,1,1,2.23,2.23,0.00,0.00,99,99,300.00,300.00,0,0,0,0,1,1
2021.04.01 09:20:00,BUY,1715.07,2481,2417,NONE,2,2,5.39,5.39,0.0,EMA->TP2,EMA->TP2,0,0,1,1,0,0,1,1,1,1,0,0,1,1,7.66,7.66,0.00,0.00,145,145,300.00,300.00,0,0,0,0,1,1
2021.04.01 15:44:00,SELL,1728.40,2482,2418,NONE,1,1,3.99,3.99,0.0,EMA->TP1,EMA->TP1,0,0,1,1,1,1,0,0,1,1,0,0,1,1,5.53,5.53,0.00,0.00,5066,5066,300.00,300.00,0,0,0,0,1,1
2021.04.05 13:00:00,SELL,1723.15,2483,2419,NONE,3,3,5.13,5.13,0.0,EMA->TP3,EMA->TP3,0,0,1,1,0,0,0,0,1,1,0,0,1,1,18.16,18.16,0.00,0.00,108,108,300.00,300.00,0,0,0,0,1,1
2021.04.05 23:38:00,SELL,1729.14,2484,2420,NONE,2,2,2.36,2.36,0.0,TP2->TP1->TP2,TP2->TP1->TP2,0,0,1,1,1,1,1,1,0,0,0,0,1,1,1.54,1.54,0.00,0.00,13,13,300.00,300.00,0,0,0,0,1,1
2021.04.06 07:47:00,SELL,1731.32,2485,2421,NONE,3,3,16.67,16.67,0.0,EMA->TP3,EMA->TP3,0,0,1,1,0,0,0,0,1,1,0,0,1,1,42.68,42.68,0.01,0.01,1643,1643,300.00,300.00,0,0,0,0,1,1
2021.04.07 16:36:00,BUY,1741.03,2486,2422,NONE,2,2,2.32,2.32,0.0,EMA->TP2,EMA->TP2,0,0,1,1,0,0,1,1,1,1,0,0,1,1,5.32,5.32,0.00,0.00,92,92,300.00,300.00,0,0,0,0,1,1
2021.04.07 22:45:00,BUY,1737.10,2487,2423,NONE,3,3,2.16,2.16,0.0,TP3,TP3,0,0,1,1,0,0,0,0,0,0,0,0,1,1,15.69,15.69,0.00,0.00,170,170,300.00,300.00,0,0,0,0,1,1
2021.04.08 02:24:00,BUY,1735.52,2488,2424,NONE,1,1,2.0,2.0,0.0,EMA->TP1,EMA->TP1,0,0,1,1,1,1,0,0,1,1,0,0,1,1,0.87,0.87,0.00,0.00,45,45,300.00,300.00,0,0,0,0,1,1
2021.04.08 18:04:00,BUY,1755.48,2489,2425,NONE,2,2,2.4,2.4,0.0,EMA->TP2,EMA->TP2,0,0,1,1,0,0,1,1,1,1,0,0,1,1,5.79,5.79,0.00,0.00,415,415,300.00,300.00,0,0,0,0,1,1
2021.04.09 06:46:00,BUY,1748.79,2490,2426,NONE,3,3,3.14,3.14,0.0,TP3,TP3,0,0,1,1,0,0,0,0,0,0,0,0,1,1,15.87,15.87,0.00,0.00,61,61,300.00,300.00,0,0,0,0,1,1
2021.04.09 08:33:01,BUY,1745.12,2491,2427,NONE,1,1,2.76,2.76,0.0,EMA->TP1,EMA->TP1,0,0,1,1,1,1,0,0,1,1,0,0,1,1,4.02,4.02,0.00,0.00,161,161,300.00,300.00,0,0,0,0,1,1
2021.04.09 13:19:00,BUY,1734.48,2492,2428,NONE,1,1,6.47,6.47,0.0,EMA->TP1,EMA->TP1,0,0,1,1,1,1,0,0,1,1,0,0,1,1,4.12,4.12,0.00,0.00,35,35,300.00,300.00,0,0,0,0,1,1
2021.04.12 09:46:00,SELL,1741.91,2493,2429,NONE,2,2,2.08,2.08,0.0,EMA->TP2,EMA->TP2,0,0,1,1,0,0,1,1,1,1,0,0,1,1,8.81,8.81,0.00,0.00,148,148,300.00,300.00,0,0,0,0,1,1
2021.04.12 19:40:00,SELL,1731.21,2494,2430,NONE,2,2,2.03,2.03,0.0,EMA->TP2,EMA->TP2,0,0,1,1,0,0,1,1,1,1,0,0,1,1,6.79,6.79,0.00,0.00,265,265,300.00,300.00,0,0,0,0,1,1
2021.04.13 00:29:01,BUY,1730.74,2495,2431,NONE,2,2,2.35,2.35,0.0,TP2,TP2,0,0,1,1,0,0,1,1,0,0,0,0,1,1,5.95,5.95,0.00,0.00,62,62,300.00,300.00,0,0,0,0,1,1
2021.04.13 02:39:00,SELL,1734.78,2496,2432,NONE,1,1,2.32,2.32,0.0,EMA->TP1,EMA->TP1,0,0,1,1,1,1,0,0,1,1,0,0,1,1,1.8,1.8,0.00,0.00,70,70,300.00,300.00,0,0,0,0,1,1
2021.04.13 11:46:00,BUY,1727.81,2497,2433,NONE,1,1,2.84,2.84,0.0,EMA->TP1,EMA->TP1,0,0,1,1,1,1,0,0,1,1,0,0,1,1,1.77,1.77,0.00,0.00,25,25,300.00,300.00,0,0,0,0,1,1
2021.04.14 07:32:00,BUY,1745.22,2498,2434,NONE,2,2,3.42,3.42,0.0,EMA->TP2,EMA->TP2,0,0,1,1,0,0,1,1,1,1,0,0,1,1,9.13,9.13,0.00,0.00,268,268,300.00,300.00,0,0,0,0,1,1
2021.04.15 03:17:00,SELL,1738.86,2499,2435,ALLOW,5,5,-300.18,-300.18,0.0,EMA->SL$,EMA->SL$,1,1,0,0,0,0,0,0,1,1,1,1,0,0,299.86,299.86,0.06,0.06,682,682,300.00,300.00,0,0,0,0,1,1
2021.04.15 18:35:00,BUY,1766.93,2500,2436,NONE,3,3,4.72,4.72,0.0,EMA->TP3,EMA->TP3,0,0,1,1,0,0,0,0,1,1,0,0,1,1,23.38,23.38,0.00,0.00,586,586,300.00,300.00,0,0,0,0,1,1
2021.04.19 00:10:00,BUY,1778.15,2501,2437,NONE,1,1,2.41,2.41,0.0,EMA->TP1,EMA->TP1,0,0,1,1,1,1,0,0,1,1,0,0,1,1,1.72,1.72,0.00,0.00,23,23,300.00,300.00,0,0,0,0,1,1
2021.04.19 11:51:00,BUY,1781.60,2502,2438,NONE,3,3,19.99,19.99,0.0,TP3,TP3,0,0,1,1,0,0,0,0,0,0,0,0,1,1,37.72,37.72,0.01,0.01,189,189,300.00,300.00,0,0,0,0,1,1
2021.04.20 01:06:00,BUY,1769.03,2503,2439,NONE,1,1,4.18,4.18,0.0,EMA->TP1,EMA->TP1,0,0,1,1,1,1,0,0,1,1,0,0,1,1,3.86,3.86,0.00,0.00,124,124,300.00,300.00,0,0,0,0,1,1
2021.04.21 08:00:00,BUY,1782.21,2504,2440,NONE,2,2,7.24,7.24,0.0,EMA->TP2,EMA->TP2,0,0,1,1,0,0,1,1,1,1,0,0,1,1,9.74,9.74,0.00,0.00,240,240,300.00,300.00,0,0,0,0,1,1
2021.04.22 02:45:00,BUY,1793.78,2505,2441,NONE,3,3,2.86,2.86,0.0,EMA->TP1->TP3,EMA->TP1->TP3,0,0,1,1,1,1,0,0,1,1,0,0,1,1,11.24,11.24,0.00,0.00,125,125,300.00,300.00,0,0,0,0,1,1
2021.04.22 06:00:00,BUY,1791.49,2506,2442,NONE,2,2,2.43,2.43,0.0,TP2,TP2,0,0,1,1,0,0,1,1,0,0,0,0,1,1,7.33,7.33,0.00,0.00,34,34,300.00,300.00,0,0,0,0,1,1
2021.04.22 08:56:01,BUY,1790.44,2507,2443,NONE,3,3,5.78,5.78,0.0,EMA->TP3,EMA->TP3,0,0,1,1,0,0,0,0,1,1,0,0,1,1,22.44,22.44,0.00,0.00,144,144,300.00,300.00,0,0,0,0,1,1
2021.04.22 19:20:00,BUY,1782.05,2508,2444,NONE,1,1,2.0,2.0,0.0,EMA->TP1,EMA->TP1,0,0,1,1,1,1,0,0,1,1,0,0,1,1,0.75,0.75,0.00,0.00,41,41,300.00,300.00,0,0,0,0,1,1
2021.04.23 06:40:00,BUY,1783.63,2509,2445,NONE,1,1,2.0,2.0,0.0,EMA->TP1,EMA->TP1,0,0,1,1,1,1,0,0,1,1,0,0,1,1,3.61,3.61,0.00,0.00,149,149,300.00,300.00,0,0,0,0,1,1
2021.04.23 13:37:00,BUY,1787.83,2510,2446,NONE,3,3,11.61,11.61,0.0,EMA->TP3,EMA->TP3,0,0,1,1,0,0,0,0,1,1,0,0,1,1,54.75,54.75,0.01,0.01,3660,3660,300.00,300.00,0,0,0,0,1,1
2021.04.26 14:51:00,SELL,1777.97,2511,2447,NONE,2,2,3.98,3.98,0.0,EMA->TP2,EMA->TP2,0,0,1,1,0,0,1,1,1,1,0,0,1,1,12.8,12.8,0.00,0.00,624,624,300.00,300.00,0,0,0,0,1,1
2021.04.27 11:27:00,SELL,1781.86,2512,2448,NONE,2,2,2.85,2.85,0.0,EMA->TP2,EMA->TP2,0,0,1,1,0,0,1,1,1,1,0,0,1,1,8.91,8.91,0.00,0.00,65,65,300.00,300.00,0,0,0,0,1,1
2021.04.27 14:50:00,BUY,1781.09,2513,2449,NONE,3,3,10.95,10.95,0.0,EMA->TP3,EMA->TP3,0,0,1,1,0,0,0,0,1,1,0,0,1,1,66.91,66.91,0.01,0.01,1633,1633,300.00,300.00,0,0,0,0,1,1
2021.04.28 20:17:00,SELL,1781.66,2514,2450,NONE,3,3,3.63,3.63,0.0,EMA->TP3,EMA->TP3,0,0,1,1,0,0,0,0,1,1,0,0,1,1,30.21,30.21,0.01,0.01,463,463,300.00,300.00,0,0,0,0,1,1
2021.04.29 19:55:00,SELL,1773.84,2515,2451,NONE,2,2,3.05,3.05,0.0,TP2,TP2,0,0,1,1,0,0,1,1,0,0,0,0,1,1,2.34,2.34,0.00,0.00,25,25,300.00,300.00,0,0,0,0,1,1
2021.04.30 04:46:06,SELL,1768.64,2516,2452,NONE,3,3,8.5,8.5,0.0,EMA->TP1->TP2->TP3,EMA->TP1->TP2->TP3,0,0,1,1,1,1,1,1,1,1,0,0,1,1,18.94,18.94,0.00,0.00,193,193,300.00,300.00,0,0,0,0,1,1
2021.04.30 16:47:00,BUY,1766.66,2517,2453,NONE,1,1,2.04,2.04,0.0,EMA->TP1,EMA->TP1,0,0,1,1,1,1,0,0,1,1,0,0,1,1,2.01,2.01,0.00,0.00,43,43,300.00,300.00,0,0,0,0,1,1
2021.04.30 19:53:00,BUY,1767.29,2518,2454,NONE,1,1,2.0,2.0,0.0,EMA->TP1,EMA->TP1,0,0,1,1,1,1,0,0,1,1,0,0,1,1,3.84,3.84,0.00,0.00,3179,3179,300.00,300.00,0,0,0,0,1,1
2021.05.03 14:08:00,SELL,1793.79,2519,2455,NONE,2,2,5.16,5.16,0.0,TP2,TP2,0,0,1,1,0,0,1,1,0,0,0,0,1,1,5.49,5.49,0.00,0.00,36,36,300.00,300.00,0,0,0,0,1,1
2021.05.04 01:30:00,BUY,1789.62,2520,2456,NONE,3,3,5.1,5.1,0.0,EMA->TP1->TP3,EMA->TP1->TP3,0,0,1,1,1,1,0,0,1,1,0,0,1,1,18.5,18.5,0.00,0.00,395,395,300.00,300.00,0,0,0,0,1,1
2021.05.04 22:17:12,BUY,1778.42,2521,2457,NONE,2,2,2.02,2.02,0.0,EMA->TP2,EMA->TP2,0,0,1,1,0,0,1,1,1,1,0,0,1,1,3.85,3.85,0.00,0.00,145,145,300.00,300.00,0,0,0,0,1,1
2021.05.05 10:51:00,BUY,1777.95,2522,2458,NONE,2,2,2.09,2.09,0.0,EMA->TP2,EMA->TP2,0,0,1,1,0,0,1,1,1,1,0,0,1,1,2.63,2.63,0.00,0.00,27,27,300.00,300.00,0,0,0,0,1,1
2021.05.05 16:11:00,SELL,1784.08,2523,2459,NONE,2,2,2.79,2.79,0.0,EMA->TP2,EMA->TP2,0,0,1,1,0,0,1,1,1,1,0,0,1,1,9.3,9.3,0.00,0.00,442,442,300.00,300.00,0,0,0,0,1,1
2021.05.06 00:51:00,BUY,1784.52,2524,2460,NONE,2,2,8.19,8.19,0.0,TP1->TP2->EMA->TP2,TP1->TP2->EMA->TP2,0,0,1,1,1,1,1,1,1,1,0,0,1,1,2.41,2.41,0.00,0.00,69,69,300.00,300.00,0,0,0,0,1,1
2021.05.06 19:08:00,BUY,1814.05,2525,2461,NONE,1,1,2.0,2.0,0.0,EMA->TP1,EMA->TP1,0,0,1,1,1,1,0,0,1,1,0,0,1,1,3.87,3.87,0.00,0.00,454,454,300.00,300.00,0,0,0,0,1,1
2021.05.07 04:07:00,BUY,1821.24,2526,2462,NONE,2,2,3.44,3.44,0.0,EMA->TP2,EMA->TP2,0,0,1,1,0,0,1,1,1,1,0,0,1,1,9.3,9.3,0.00,0.00,190,190,300.00,300.00,0,0,0,0,1,1
2021.05.07 12:24:00,BUY,1820.66,2527,2463,NONE,1,1,8.59,8.59,0.0,EMA->TP1,EMA->TP1,0,0,1,1,1,1,0,0,1,1,0,0,1,1,3.17,3.17,0.00,0.00,7,7,300.00,300.00,0,0,0,0,1,1
2021.05.07 17:28:00,BUY,1831.15,2528,2464,NONE,1,1,4.47,4.47,0.0,EMA->TP1,EMA->TP1,0,0,1,1,1,1,0,0,1,1,0,0,1,1,2.4,2.4,0.00,0.00,3267,3267,300.00,300.00,0,0,0,0,1,1
2021.05.11 04:03:00,BUY,1835.25,2529,2465,NONE,1,1,2.01,2.01,0.0,EMA->TP1,EMA->TP1,0,0,1,1,1,1,0,0,1,1,0,0,1,1,1.02,1.02,0.00,0.00,87,87,300.00,300.00,0,0,0,0,1,1
2021.05.12 05:51:00,BUY,1829.52,2530,2466,NONE,1,1,2.54,2.54,0.0,EMA->TP1,EMA->TP1,0,0,1,1,1,1,0,0,1,1,0,0,1,1,1.28,1.28,0.00,0.00,31,31,300.00,300.00,0,0,0,0,1,1
2021.05.12 23:44:00,BUY,1817.87,2531,2467,NONE,3,3,2.09,2.09,0.0,EMA->TP3,EMA->TP3,0,0,1,1,0,0,0,0,1,1,0,0,1,1,14.47,14.47,0.00,0.00,59,59,300.00,300.00,0,0,0,0,1,1
2021.05.13 18:24:01,SELL,1824.30,2532,2468,NONE,2,2,3.77,3.77,0.0,EMA->TP2,EMA->TP2,0,0,1,1,0,0,1,1,1,1,0,0,1,1,7.09,7.09,0.00,0.00,400,400,300.00,300.00,0,0,0,0,1,1
2021.05.14 03:42:00,SELL,1822.19,2533,2469,NONE,3,3,2.0,2.0,0.0,EMA->TP3,EMA->TP3,0,0,1,1,0,0,0,0,1,1,0,0,1,1,9.41,9.41,0.00,0.00,99,99,300.00,300.00,0,0,0,0,1,1
2021.05.14 09:43:00,BUY,1833.93,2534,2470,NONE,1,1,2.17,2.17,0.0,EMA->TP1,EMA->TP1,0,0,1,1,1,1,0,0,1,1,0,0,1,1,1.14,1.14,0.00,0.00,84,84,300.00,300.00,0,0,0,0,1,1
2021.05.17 13:06:00,BUY,1846.08,2535,2471,NONE,1,1,6.28,6.28,0.0,EMA->TP1,EMA->TP1,0,0,1,1,1,1,0,0,1,1,0,0,1,1,1.37,1.37,0.00,0.00,29,29,300.00,300.00,0,0,0,0,1,1
2021.05.17 19:21:00,BUY,1866.49,2536,2472,NONE,2,2,2.18,2.18,0.0,EMA->TP2,EMA->TP2,0,0,1,1,0,0,1,1,1,1,0,0,1,1,3.94,3.94,0.00,0.00,164,164,300.00,300.00,0,0,0,0,1,1
2021.05.18 02:00:00,BUY,1872.14,2537,2473,NONE,3,3,3.64,3.64,0.0,EMA->TP3,EMA->TP3,0,0,1,1,0,0,0,0,1,1,0,0,1,1,15.28,15.28,0.00,0.00,94,94,300.00,300.00,0,0,0,0,1,1
2021.05.19 10:01:00,BUY,1859.49,2538,2474,NONE,2,2,4.71,4.71,0.0,EMA->TP2,EMA->TP2,0,0,1,1,0,0,1,1,1,1,0,0,1,1,19.86,19.86,0.00,0.00,123,123,300.00,300.00,0,0,0,0,1,1
2021.05.19 22:32:00,BUY,1869.49,2539,2475,NONE,2,2,2.03,2.03,0.0,TP2,TP2,0,0,1,1,0,0,1,1,0,0,0,0,1,1,3.68,3.68,0.00,0.00,48,48,300.00,300.00,0,0,0,0,1,1
2021.05.19 23:21:01,BUY,1869.84,2540,2476,NONE,3,3,2.24,2.24,0.0,EMA->TP3,EMA->TP3,0,0,1,1,0,0,0,0,1,1,0,0,1,1,27.07,27.07,0.01,0.01,57,57,300.00,300.00,0,0,0,0,1,1
2021.05.20 00:37:00,BUY,1869.28,2541,2477,NONE,2,2,5.26,5.26,0.0,EMA->TP2,EMA->TP2,0,0,1,1,0,0,1,1,1,1,0,0,1,1,8.35,8.35,0.00,0.00,55,55,300.00,300.00,0,0,0,0,1,1
2021.05.20 06:11:00,BUY,1874.05,2542,2478,NONE,2,2,3.61,3.61,0.0,EMA->TP2,EMA->TP2,0,0,1,1,0,0,1,1,1,1,0,0,1,1,7.67,7.67,0.00,0.00,82,82,300.00,300.00,0,0,0,0,1,1
2021.05.20 09:49:02,BUY,1867.11,2543,2479,NONE,1,1,2.04,2.04,0.0,TP1,TP1,0,0,1,1,1,1,0,0,0,0,0,0,1,1,3.36,3.36,0.00,0.00,71,71,300.00,300.00,0,0,0,0,1,1
2021.05.20 15:39:00,BUY,1878.85,2544,2480,NONE,1,1,3.65,3.65,0.0,EMA->TP1,EMA->TP1,0,0,1,1,1,1,0,0,1,1,0,0,1,1,1.21,1.21,0.00,0.00,81,81,300.00,300.00,0,0,0,0,1,1
2021.05.21 01:48:00,BUY,1872.74,2545,2481,NONE,2,2,2.46,2.46,0.0,TP2,TP2,0,0,1,1,0,0,1,1,0,0,0,0,1,1,4.34,4.34,0.00,0.00,72,72,300.00,300.00,0,0,0,0,1,1
2021.05.21 05:47:00,BUY,1876.46,2546,2482,NONE,2,2,4.14,4.14,0.0,EMA->TP2,EMA->TP2,0,0,1,1,0,0,1,1,1,1,0,0,1,1,6.43,6.43,0.00,0.00,133,133,300.00,300.00,0,0,0,0,1,1
2021.05.21 08:58:00,BUY,1875.92,2547,2483,NONE,1,1,2.04,2.04,0.0,EMA->TP1,EMA->TP1,0,0,1,1,1,1,0,0,1,1,0,0,1,1,0.82,0.82,0.00,0.00,26,26,300.00,300.00,0,0,0,0,1,1
2021.05.24 03:03:01,BUY,1883.88,2548,2484,NONE,1,1,2.08,2.08,0.0,EMA->TP1,EMA->TP1,0,0,1,1,1,1,0,0,1,1,0,0,1,1,2.07,2.07,0.00,0.00,162,162,300.00,300.00,0,0,0,0,1,1
2021.05.24 09:16:00,BUY,1878.65,2549,2485,NONE,1,1,2.72,2.72,0.0,EMA->TP1,EMA->TP1,0,0,1,1,1,1,0,0,1,1,0,0,1,1,2.08,2.08,0.00,0.00,48,48,300.00,300.00,0,0,0,0,1,1
2021.05.24 11:44:02,BUY,1880.43,2550,2486,NONE,1,1,2.06,2.06,0.0,EMA->TP1,EMA->TP1,0,0,1,1,1,1,0,0,1,1,0,0,1,1,1.92,1.92,0.00,0.00,24,24,300.00,300.00,0,0,0,0,1,1
2021.05.24 13:09:00,BUY,1879.75,2551,2487,NONE,2,2,7.73,7.73,0.0,EMA->TP2,EMA->TP2,0,0,1,1,0,0,1,1,1,1,0,0,1,1,16.64,16.64,0.00,0.00,839,839,300.00,300.00,0,0,0,0,1,1
2021.05.26 16:13:00,BUY,1902.84,2552,2488,NONE,3,3,15.62,15.62,0.0,EMA->TP3,EMA->TP3,0,0,1,1,0,0,0,0,1,1,0,0,1,1,46.5,46.5,0.01,0.01,798,798,300.00,300.00,0,0,0,0,1,1
2021.05.27 22:01:00,BUY,1897.16,2553,2489,ALLOW,4,4,2.48,2.48,0.0,EMA->NET_BASKET_BE,EMA->NET_BASKET_BE,0,0,0,0,0,0,0,0,1,1,0,0,1,1,91.77,91.77,0.02,0.02,871,871,300.00,300.00,1,1,0,0,1,1
2021.05.28 15:35:00,BUY,1894.58,2554,2490,NONE,1,1,3.26,3.26,0.0,EMA->TP1,EMA->TP1,0,0,1,1,1,1,0,0,1,1,0,0,1,1,1.3,1.3,0.00,0.00,39,39,300.00,300.00,0,0,0,0,1,1
2021.05.30 22:11:03,BUY,1904.50,2555,2491,NONE,2,2,2.03,2.03,0.0,EMA->TP2,EMA->TP2,0,0,1,1,0,0,1,1,1,1,0,0,1,1,3.83,3.83,0.00,0.00,117,117,300.00,300.00,0,0,0,0,1,1
2021.05.31 07:16:00,BUY,1905.11,2556,2492,NONE,2,2,2.57,2.57,0.0,EMA->TP2,EMA->TP2,0,0,1,1,0,0,1,1,1,1,0,0,1,1,5.57,5.57,0.00,0.00,226,226,300.00,300.00,0,0,0,0,1,1
2021.06.01 09:47:00,BUY,1908.39,2557,2493,NONE,2,2,3.65,3.65,0.0,TP2,TP2,0,0,1,1,0,0,1,1,0,0,0,0,1,1,5.1,5.1,0.00,0.00,35,35,300.00,300.00,0,0,0,0,1,1
2021.06.01 13:41:00,BUY,1907.78,2558,2494,NONE,2,2,6.29,6.29,0.0,TP2,TP2,0,0,1,1,0,0,1,1,0,0,0,0,1,1,9.27,9.27,0.00,0.00,19,19,300.00,300.00,0,0,0,0,1,1
2021.06.02 01:03:00,BUY,1900.16,2559,2495,NONE,2,2,7.1,7.1,0.0,EMA->TP2,EMA->TP2,0,0,1,1,0,0,1,1,1,1,0,0,1,1,7.85,7.85,0.00,0.00,282,282,300.00,300.00,0,0,0,0,1,1
2021.06.03 04:41:00,BUY,1904.42,2560,2496,ALLOW,5,5,-300.26,-300.26,0.0,SL$,SL$,1,1,0,0,0,0,0,0,0,0,1,1,0,0,299.85,299.85,0.06,0.06,499,499,300.00,300.00,0,0,0,0,1,1
2021.06.03 16:16:00,SELL,1870.38,2561,2497,NONE,2,2,2.02,2.02,0.0,EMA->TP2,EMA->TP2,0,0,1,1,0,0,1,1,1,1,0,0,1,1,9.15,9.15,0.00,0.00,253,253,300.00,300.00,0,0,0,0,1,1
2021.06.03 20:50:00,BUY,1870.95,2562,2498,NONE,2,2,2.17,2.17,0.0,TP2->EMA->TP2,TP2->EMA->TP2,0,0,1,1,0,0,1,1,1,1,0,0,1,1,2.38,2.38,0.00,0.00,130,130,300.00,300.00,0,0,0,0,1,1
2021.06.04 09:30:00,SELL,1869.50,2563,2499,NONE,2,2,2.45,2.45,0.0,EMA->TP2,EMA->TP2,0,0,1,1,0,0,1,1,1,1,0,0,1,1,4.74,4.74,0.00,0.00,50,50,300.00,300.00,0,0,0,0,1,1
2021.06.07 01:05:00,SELL,1888.90,2564,2500,NONE,1,1,6.46,6.46,0.0,EMA->TP1,EMA->TP1,0,0,1,1,1,1,0,0,1,1,0,0,1,1,3.77,3.77,0.00,0.00,351,351,300.00,300.00,0,0,0,0,1,1
2021.06.07 08:06:00,SELL,1883.53,2565,2501,ALLOW,4,4,2.06,2.06,0.0,EMA->NET_BASKET_BE,EMA->NET_BASKET_BE,0,0,0,0,0,0,0,0,1,1,0,0,1,1,94.06,94.06,0.02,0.02,1399,1399,300.00,300.00,1,1,0,0,1,1
2021.06.08 08:30:00,BUY,1891.23,2566,2502,NONE,1,1,3.46,3.46,0.0,EMA->TP1,EMA->TP1,0,0,1,1,1,1,0,0,1,1,0,0,1,1,3.25,3.25,0.00,0.00,107,107,300.00,300.00,0,0,0,0,1,1
2021.06.08 13:40:00,BUY,1892.59,2567,2503,NONE,2,2,11.79,11.79,0.0,TP2,TP2,0,0,1,1,0,0,1,1,0,0,0,0,1,1,13.01,13.01,0.00,0.00,22,22,300.00,300.00,0,0,0,0,1,1
2021.06.09 04:24:02,BUY,1894.01,2568,2504,NONE,3,3,2.4,2.4,0.0,EMA->TP1->TP3,EMA->TP1->TP3,0,0,1,1,1,1,0,0,1,1,0,0,1,1,18.65,18.65,0.00,0.00,195,195,300.00,300.00,0,0,0,0,1,1
2021.06.09 12:01:00,BUY,1891.98,2569,2505,NONE,2,2,3.99,3.99,0.0,EMA->TP2,EMA->TP2,0,0,1,1,0,0,1,1,1,1,0,0,1,1,4.5,4.5,0.00,0.00,20,20,300.00,300.00,0,0,0,0,1,1
2021.06.09 16:59:00,BUY,1891.09,2570,2506,ALLOW,5,5,3.23,3.23,0.0,EMA->NET_BASKET_BE,EMA->NET_BASKET_BE,0,0,0,0,0,0,0,0,1,1,1,1,1,1,74.9,74.9,0.02,0.02,800,800,300.00,300.00,1,1,0,0,1,1
2021.06.10 20:07:00,SELL,1898.13,2571,2507,NONE,2,2,2.02,2.02,0.0,TP2,TP2,0,0,1,1,0,0,1,1,0,0,0,0,1,1,4.07,4.07,0.00,0.00,122,122,300.00,300.00,0,0,0,0,1,1
2021.06.11 00:04:00,BUY,1898.35,2572,2508,NONE,1,1,3.83,3.83,0.0,EMA->TP1,EMA->TP1,0,0,1,1,1,1,0,0,1,1,0,0,1,1,2.48,2.48,0.00,0.00,430,430,300.00,300.00,0,0,0,0,1,1
2021.06.13 22:36:00,SELL,1876.43,2573,2509,NONE,1,1,2.16,2.16,0.0,EMA->TP1,EMA->TP1,0,0,1,1,1,1,0,0,1,1,0,0,1,1,0.74,0.74,0.00,0.00,19,19,300.00,300.00,0,0,0,0,1,1
2021.06.15 22:03:06,BUY,1859.70,2574,2510,NONE,3,3,4.95,4.95,0.0,EMA->TP3,EMA->TP3,0,0,1,1,0,0,0,0,1,1,0,0,1,1,19.83,19.83,0.00,0.00,312,312,300.00,300.00,0,0,0,0,1,1
2021.06.16 06:20:00,BUY,1859.56,2575,2511,NONE,2,2,3.37,3.37,0.0,EMA->TP2,EMA->TP2,0,0,1,1,0,0,1,1,1,1,0,0,1,1,5.57,5.57,0.00,0.00,62,62,300.00,300.00,0,0,0,0,1,1
2021.06.18 04:43:00,BUY,1785.10,2576,2512,NONE,2,2,2.16,2.16,0.0,EMA->TP2,EMA->TP2,0,0,1,1,0,0,1,1,1,1,0,0,1,1,7.8,7.8,0.00,0.00,64,64,300.00,300.00,0,0,0,0,1,1
2021.06.18 08:28:00,BUY,1791.88,2577,2513,NONE,1,1,3.72,3.72,0.0,EMA->TP1,EMA->TP1,0,0,1,1,1,1,0,0,1,1,0,0,1,1,3.31,3.31,0.00,0.00,87,87,300.00,300.00,0,0,0,0,1,1
2021.06.21 12:38:00,BUY,1776.41,2578,2514,NONE,1,1,4.41,4.41,0.0,EMA->TP1,EMA->TP1,0,0,1,1,1,1,0,0,1,1,0,0,1,1,6.28,6.28,0.00,0.00,110,110,300.00,300.00,0,0,0,0,1,1
2021.06.21 20:45:00,BUY,1783.38,2579,2515,NONE,2,2,2.0,2.0,0.0,EMA->TP2,EMA->TP2,0,0,1,1,0,0,1,1,1,1,0,0,1,1,5.69,5.69,0.00,0.00,86,86,300.00,300.00,0,0,0,0,1,1
2021.06.22 07:46:00,BUY,1780.76,2580,2516,NONE,2,2,5.92,5.92,0.0,TP2,TP2,0,0,1,1,0,0,1,1,0,0,0,0,1,1,5.73,5.73,0.00,0.00,89,89,300.00,300.00,0,0,0,0,1,1
2021.06.22 13:03:00,BUY,1776.34,2581,2517,NONE,1,1,9.12,9.12,0.0,EMA->TP1,EMA->TP1,0,0,1,1,1,1,0,0,1,1,0,0,1,1,8.03,8.03,0.00,0.00,1389,1389,300.00,300.00,0,0,0,0,1,1
2021.06.23 12:55:00,BUY,1782.70,2582,2518,NONE,1,1,11.53,11.53,0.0,TP1->EMA->TP1,TP1->EMA->TP1,0,0,1,1,1,1,0,0,1,1,0,0,1,1,1.13,1.13,0.00,0.00,65,65,300.00,300.00,0,0,0,0,1,1
2021.06.24 12:47:00,BUY,1785.14,2583,2519,NONE,2,2,5.63,5.63,0.0,EMA->TP2,EMA->TP2,0,0,1,1,0,0,1,1,1,1,0,0,1,1,28.77,28.77,0.01,0.01,1234,1234,300.00,300.00,0,0,0,0,1,1
2021.06.25 15:09:00,BUY,1781.46,2584,2520,NONE,2,2,4.43,4.43,0.0,EMA->TP2,EMA->TP2,0,0,1,1,0,0,1,1,1,1,0,0,1,1,10.6,10.6,0.00,0.00,345,345,300.00,300.00,0,0,0,0,1,1
2021.06.27 22:05:00,SELL,1781.27,2585,2521,NONE,2,2,2.07,2.07,0.0,TP2->EMA->TP2,TP2->EMA->TP2,0,0,1,1,0,0,1,1,1,1,0,0,1,1,4.08,4.08,0.00,0.00,120,120,300.00,300.00,0,0,0,0,1,1
2021.06.28 15:37:00,BUY,1780.12,2586,2522,NONE,2,2,2.65,2.65,0.0,EMA->TP2,EMA->TP2,0,0,1,1,0,0,1,1,1,1,0,0,1,1,4.92,4.92,0.00,0.00,107,107,300.00,300.00,0,0,0,0,1,1
2021.06.30 23:58:00,BUY,1768.40,2587,2523,NONE,2,2,2.01,2.01,0.0,TP2->EMA->TP2,TP2->EMA->TP2,0,0,1,1,0,0,1,1,1,1,0,0,1,1,9.18,9.18,0.00,0.00,75,75,300.00,300.00,0,0,0,0,1,1
2021.07.01 17:33:00,SELL,1775.22,2588,2524,NONE,2,2,2.99,2.99,0.0,EMA->TP2,EMA->TP2,0,0,1,1,0,0,1,1,1,1,0,0,1,1,11.17,11.17,0.00,0.00,806,806,300.00,300.00,0,0,0,0,1,1
2021.07.04 23:42:13,BUY,1786.42,2589,2525,NONE,2,2,2.04,2.04,0.0,TP2,TP2,0,0,1,1,0,0,1,1,0,0,0,0,1,1,1.95,1.95,0.00,0.00,15,15,300.00,300.00,0,0,0,0,1,1
2021.07.05 11:53:00,BUY,1789.99,2590,2526,NONE,1,1,2.0,2.0,0.0,EMA->TP1,EMA->TP1,0,0,1,1,1,1,0,0,1,1,0,0,1,1,0.72,0.72,0.00,0.00,13,13,300.00,300.00,0,0,0,0,1,1
2021.07.05 22:18:01,SELL,1791.59,2591,2527,NONE,2,2,2.04,2.04,0.0,TP2->EMA->TP2,TP2->EMA->TP2,0,0,1,1,0,0,1,1,1,1,0,0,1,1,3.43,3.43,0.00,0.00,49,49,300.00,300.00,0,0,0,0,1,1
2021.07.06 04:34:00,BUY,1798.89,2592,2528,NONE,1,1,2.26,2.26,0.0,EMA->TP1,EMA->TP1,0,0,1,1,1,1,0,0,1,1,0,0,1,1,1.15,1.15,0.00,0.00,33,33,300.00,300.00,0,0,0,0,1,1
2021.07.06 16:06:00,BUY,1796.69,2593,2529,NONE,2,2,8.18,8.18,0.0,TP2,TP2,0,0,1,1,0,0,1,1,0,0,0,0,1,1,9.16,9.16,0.00,0.00,59,59,300.00,300.00,0,0,0,0,1,1
2021.07.07 16:05:00,BUY,1804.55,2594,2530,NONE,2,2,4.22,4.22,0.0,EMA->TP2,EMA->TP2,0,0,1,1,0,0,1,1,1,1,0,0,1,1,7.24,7.24,0.00,0.00,116,116,300.00,300.00,0,0,0,0,1,1
2021.07.07 19:15:00,BUY,1803.56,2595,2531,NONE,3,3,2.71,2.71,0.0,EMA->TP3,EMA->TP3,0,0,1,1,0,0,0,0,1,1,0,0,1,1,30.78,30.78,0.01,0.01,723,723,300.00,300.00,0,0,0,0,1,1
2021.07.08 17:06:00,BUY,1799.22,2596,2532,NONE,2,2,2.5,2.5,0.0,EMA->TP2,EMA->TP2,0,0,1,1,0,0,1,1,1,1,0,0,1,1,5.8,5.8,0.00,0.00,145,145,300.00,300.00,0,0,0,0,1,1
2021.07.09 05:22:01,BUY,1800.82,2597,2533,NONE,2,2,2.76,2.76,0.0,EMA->TP2,EMA->TP2,0,0,1,1,0,0,1,1,1,1,0,0,1,1,11.19,11.19,0.00,0.00,104,104,300.00,300.00,0,0,0,0,1,1
2021.07.12 03:34:00,BUY,1804.15,2598,2534,NONE,3,3,3.27,3.27,0.0,EMA->TP3,EMA->TP3,0,0,1,1,0,0,0,0,1,1,0,0,1,1,18.58,18.58,0.00,0.00,232,232,300.00,300.00,0,0,0,0,1,1
2021.07.13 08:22:00,BUY,1807.36,2599,2535,NONE,1,1,2.85,2.85,0.0,EMA->TP1,EMA->TP1,0,0,1,1,1,1,0,0,1,1,0,0,1,1,3.05,3.05,0.00,0.00,219,219,300.00,300.00,0,0,0,0,1,1
2021.07.13 17:23:00,BUY,1809.63,2600,2536,NONE,2,2,4.52,4.52,0.0,TP2,TP2,0,0,1,1,0,0,1,1,0,0,0,0,1,1,7.65,7.65,0.00,0.00,63,63,300.00,300.00,0,0,0,0,1,1
2021.07.13 23:57:00,BUY,1806.11,2601,2537,NONE,2,2,2.48,2.48,0.0,TP2->EMA->TP2,TP2->EMA->TP2,0,0,1,1,0,0,1,1,1,1,0,0,1,1,4.38,4.38,0.00,0.00,48,48,300.00,300.00,0,0,0,0,1,1
2021.07.14 13:41:00,BUY,1825.75,2602,2538,NONE,2,2,6.48,6.48,0.0,EMA->TP2,EMA->TP2,0,0,1,1,0,0,1,1,1,1,0,0,1,1,12.48,12.48,0.00,0.00,237,237,300.00,300.00,0,0,0,0,1,1
2021.07.16 01:27:00,BUY,1829.12,2603,2539,ALLOW,5,5,2.34,2.34,0.0,EMA->TP2->NET_BASKET_BE,EMA->TP2->NET_BASKET_BE,0,0,0,0,0,0,1,1,1,1,1,1,1,1,111.47,111.47,0.02,0.02,676,676,300.00,300.00,1,1,0,0,1,1
2021.07.16 19:00:00,SELL,1813.20,2604,2540,NONE,1,1,2.1,2.1,0.0,EMA->TP1,EMA->TP1,0,0,1,1,1,1,0,0,1,1,0,0,1,1,0.72,0.72,0.00,0.00,18,18,300.00,300.00,0,0,0,0,1,1
2021.07.19 03:39:01,SELL,1813.52,2605,2541,NONE,1,1,2.0,2.0,0.0,EMA->TP1,EMA->TP1,0,0,1,1,1,1,0,0,1,1,0,0,1,1,1.64,1.64,0.00,0.00,123,123,300.00,300.00,0,0,0,0,1,1
2021.07.19 15:32:00,BUY,1807.08,2606,2542,NONE,1,1,4.67,4.67,0.0,EMA->TP1,EMA->TP1,0,0,1,1,1,1,0,0,1,1,0,0,1,1,3.59,3.59,0.00,0.00,261,261,300.00,300.00,0,0,0,0,1,1
2021.07.20 02:19:00,SELL,1818.45,2607,2543,NONE,1,1,2.0,2.0,0.0,TP1,TP1,0,0,1,1,1,1,0,0,0,0,0,0,1,1,1.57,1.57,0.00,0.00,42,42,300.00,300.00,0,0,0,0,1,1
2021.07.20 06:07:00,SELL,1814.79,2608,2544,NONE,2,2,3.14,3.14,0.0,EMA->TP2,EMA->TP2,0,0,1,1,0,0,1,1,1,1,0,0,1,1,10.29,10.29,0.00,0.00,291,291,300.00,300.00,0,0,0,0,1,1
2021.07.20 14:13:00,BUY,1822.34,2609,2545,ALLOW,4,4,2.33,2.33,0.0,EMA->NET_BASKET_BE,EMA->NET_BASKET_BE,0,0,0,0,0,0,0,0,1,1,0,0,1,1,223.77,223.77,0.04,0.04,12178,12178,300.00,300.00,1,1,0,0,1,1
2021.07.30 00:34:02,BUY,1828.90,2610,2546,NONE,2,2,2.01,2.01,0.0,TP2,TP2,0,0,1,1,0,0,1,1,0,0,0,0,1,1,4.93,4.93,0.00,0.00,31,31,300.00,300.00,0,0,0,0,1,1
2021.07.30 04:39:00,BUY,1827.80,2611,2547,NONE,1,1,2.0,2.0,0.0,EMA->TP1,EMA->TP1,0,0,1,1,1,1,0,0,1,1,0,0,1,1,2.28,2.28,0.00,0.00,155,155,300.00,300.00,0,0,0,0,1,1
2021.08.02 01:24:00,BUY,1812.90,2612,2548,NONE,2,2,3.25,3.25,0.0,EMA->TP2,EMA->TP2,0,0,1,1,0,0,1,1,1,1,0,0,1,1,9.45,9.45,0.00,0.00,262,262,300.00,300.00,0,0,0,0,1,1
2021.08.02 13:29:00,SELL,1809.00,2613,2549,NONE,2,2,2.18,2.18,0.0,TP2,TP2,0,0,1,1,0,0,1,1,0,0,0,0,1,1,6.85,6.85,0.00,0.00,15,15,300.00,300.00,0,0,0,0,1,1
2021.08.02 19:45:00,BUY,1813.59,2614,2550,NONE,3,3,2.1,2.1,0.0,EMA->TP2->TP3,EMA->TP2->TP3,0,0,1,1,0,0,1,1,1,1,0,0,1,1,17.37,17.37,0.00,0.00,372,372,300.00,300.00,0,0,0,0,1,1
2021.08.03 18:43:02,BUY,1810.54,2615,2551,NONE,2,2,2.09,2.09,0.0,EMA->TP2,EMA->TP2,0,0,1,1,0,0,1,1,1,1,0,0,1,1,1.49,1.49,0.00,0.00,43,43,300.00,300.00,0,0,0,0,1,1
2021.08.03 22:26:11,BUY,1810.98,2616,2552,ALLOW,4,4,2.09,2.09,0.0,EMA->TP3->TP2->NET_BASKET_BE,EMA->TP3->TP2->NET_BASKET_BE,0,0,0,0,0,0,1,1,1,1,0,0,1,1,21.43,21.43,0.00,0.00,199,199,300.00,300.00,1,1,0,0,1,1
2021.08.05 00:25:00,BUY,1811.24,2617,2553,NONE,2,2,2.04,2.04,0.0,TP2->EMA->TP2,TP2->EMA->TP2,0,0,1,1,0,0,1,1,1,1,0,0,1,1,4.56,4.56,0.00,0.00,46,46,300.00,300.00,0,0,0,0,1,1
2021.08.05 07:03:00,SELL,1809.60,2618,2554,NONE,2,2,4.25,4.25,0.0,EMA->TP2,EMA->TP2,0,0,1,1,0,0,1,1,1,1,0,0,1,1,9.86,9.86,0.00,0.00,77,77,300.00,300.00,0,0,0,0,1,1
2021.08.05 17:00:00,SELL,1806.86,2619,2555,NONE,1,1,2.71,2.71,0.0,EMA->TP1,EMA->TP1,0,0,1,1,1,1,0,0,1,1,0,0,1,1,1.37,1.37,0.00,0.00,64,64,300.00,300.00,0,0,0,0,1,1
2021.08.06 01:19:05,BUY,1801.54,2620,2556,NONE,2,2,3.49,3.49,0.0,EMA->TP2,EMA->TP2,0,0,1,1,0,0,1,1,1,1,0,0,1,1,4.26,4.26,0.00,0.00,284,284,300.00,300.00,0,0,0,0,1,1
2021.08.06 07:53:00,BUY,1800.99,2621,2557,NONE,2,2,3.28,3.28,0.0,EMA->TP2,EMA->TP2,0,0,1,1,0,0,1,1,1,1,0,0,1,1,14.67,14.67,0.00,0.00,259,259,300.00,300.00,0,0,0,0,1,1
2021.08.09 13:33:00,BUY,1744.94,2622,2558,NONE,2,2,14.62,14.62,0.0,EMA->TP2,EMA->TP2,0,0,1,1,0,0,1,1,1,1,0,0,1,1,47.57,47.57,0.01,0.01,2847,2847,300.00,300.00,0,0,0,0,1,1
2021.08.12 06:16:00,BUY,1751.65,2623,2559,NONE,1,1,2.06,2.06,0.0,EMA->TP1,EMA->TP1,0,0,1,1,1,1,0,0,1,1,0,0,1,1,0.85,0.85,0.00,0.00,15,15,300.00,300.00,0,0,0,0,1,1
2021.08.12 12:36:00,BUY,1747.89,2624,2560,NONE,1,1,6.45,6.45,0.0,EMA->TP1,EMA->TP1,0,0,1,1,1,1,0,0,1,1,0,0,1,1,8.73,8.73,0.00,0.00,774,774,300.00,300.00,0,0,0,0,1,1
2021.08.13 10:30:00,SELL,1759.77,2625,2561,ALLOW,5,5,11.25,11.25,0.0,EMA->NET_BASKET_BE,EMA->NET_BASKET_BE,0,0,0,0,0,0,0,0,1,1,1,1,1,1,287.55,287.55,0.06,0.06,8201,8201,300.00,300.00,1,1,0,0,1,1
2021.08.19 22:30:00,SELL,1780.52,2626,2562,ALLOW,4,4,3.07,3.07,0.0,EMA->TP1->TP3->NET_BASKET_BE,EMA->TP1->TP3->NET_BASKET_BE,0,0,0,0,1,1,0,0,1,1,0,0,1,1,41.17,41.17,0.01,0.01,601,601,300.00,300.00,1,1,0,0,1,1
2021.08.20 17:35:00,BUY,1782.77,2627,2563,NONE,3,3,2.01,2.01,0.0,EMA->TP3,EMA->TP3,0,0,1,1,0,0,0,0,1,1,0,0,1,1,30.66,30.66,0.01,0.01,3373,3373,300.00,300.00,0,0,0,0,1,1
2021.08.23 09:58:00,BUY,1787.87,2628,2564,NONE,1,1,2.0,2.0,0.0,EMA->TP1,EMA->TP1,0,0,1,1,1,1,0,0,1,1,0,0,1,1,0.98,0.98,0.00,0.00,57,57,300.00,300.00,0,0,0,0,1,1
2021.08.23 15:23:00,BUY,1803.40,2629,2565,NONE,1,1,2.91,2.91,0.0,EMA->TP1,EMA->TP1,0,0,1,1,1,1,0,0,1,1,0,0,1,1,5.91,5.91,0.00,0.00,1252,1252,300.00,300.00,0,0,0,0,1,1
2021.08.24 19:24:00,BUY,1805.82,2630,2566,ALLOW,5,5,-300.27,-300.27,0.0,SL$,SL$,1,1,0,0,0,0,0,0,0,0,1,1,0,0,299.9,299.9,0.06,0.06,1176,1176,300.00,300.00,0,0,0,0,1,1
2021.08.25 15:04:00,BUY,1785.88,2631,2567,NONE,1,1,7.16,7.16,0.0,EMA->TP1,EMA->TP1,0,0,1,1,1,1,0,0,1,1,0,0,1,1,15.11,15.11,0.00,0.00,1441,1441,300.00,300.00,0,0,0,0,1,1
2021.08.26 22:27:00,SELL,1792.77,2632,2568,ALLOW,5,5,2.4,2.4,0.0,TP2->TP3->NET_BASKET_BE,TP2->TP3->NET_BASKET_BE,0,0,0,0,0,0,1,1,0,0,1,1,1,1,162.54,162.54,0.03,0.03,751,751,300.00,300.00,1,1,0,0,1,1
2021.08.27 13:49:00,BUY,1791.53,2633,2569,NONE,1,1,10.14,10.14,0.0,EMA->TP1,EMA->TP1,0,0,1,1,1,1,0,0,1,1,0,0,1,1,11.5,11.5,0.00,0.00,13,13,300.00,300.00,0,0,0,0,1,1
2021.08.30 06:44:01,BUY,1813.88,2634,2570,NONE,1,1,2.8,2.8,0.0,EMA->TP1,EMA->TP1,0,0,1,1,1,1,0,0,1,1,0,0,1,1,1.91,1.91,0.00,0.00,200,200,300.00,300.00,0,0,0,0,1,1
2021.08.30 23:03:00,BUY,1810.50,2635,2571,NONE,2,2,2.09,2.09,0.0,EMA->TP2->TP1->TP2,EMA->TP2->TP1->TP2,0,0,1,1,1,1,1,1,1,1,0,0,1,1,3.45,3.45,0.00,0.00,75,75,300.00,300.00,0,0,0,0,1,1
2021.09.01 07:31:00,BUY,1813.90,2636,2572,NONE,2,2,4.56,4.56,0.0,EMA->TP2,EMA->TP2,0,0,1,1,0,0,1,1,1,1,0,0,1,1,8.07,8.07,0.00,0.00,120,120,300.00,300.00,0,0,0,0,1,1
2021.09.01 11:28:00,BUY,1814.01,2637,2573,NONE,2,2,2.61,2.61,0.0,EMA->TP2,EMA->TP2,0,0,1,1,0,0,1,1,1,1,0,0,1,1,6.09,6.09,0.00,0.00,47,47,300.00,300.00,0,0,0,0,1,1
2021.09.02 03:37:04,BUY,1812.29,2638,2574,NONE,2,2,2.17,2.17,0.0,TP2->EMA->TP2,TP2->EMA->TP2,0,0,1,1,0,0,1,1,1,1,0,0,1,1,4.14,4.14,0.00,0.00,113,113,300.00,300.00,0,0,0,0,1,1
2021.09.02 06:43:00,BUY,1814.96,2639,2575,NONE,2,2,2.68,2.68,0.0,EMA->TP2,EMA->TP2,0,0,1,1,0,0,1,1,1,1,0,0,1,1,4.68,4.68,0.00,0.00,54,54,300.00,300.00,0,0,0,0,1,1
2021.09.02 10:50:00,BUY,1815.81,2640,2576,NONE,3,3,2.15,2.15,0.0,EMA->TP3,EMA->TP3,0,0,1,1,0,0,0,0,1,1,0,0,1,1,8.57,8.57,0.00,0.00,44,44,300.00,300.00,0,0,0,0,1,1
2021.09.02 14:17:00,BUY,1806.83,2641,2577,NONE,1,1,5.62,5.62,0.0,EMA->TP1,EMA->TP1,0,0,1,1,1,1,0,0,1,1,0,0,1,1,1.92,1.92,0.00,0.00,25,25,300.00,300.00,0,0,0,0,1,1
2021.09.02 22:06:03,BUY,1809.81,2642,2578,NONE,2,2,2.04,2.04,0.0,EMA->TP2->TP1->TP2,EMA->TP2->TP1->TP2,0,0,1,1,1,1,1,1,1,1,0,0,1,1,4.67,4.67,0.00,0.00,173,173,300.00,300.00,0,0,0,0,1,1
2021.09.03 09:55:00,SELL,1813.28,2643,2579,NONE,3,3,3.0,3.0,0.0,TP3,TP3,0,0,1,1,0,0,0,0,0,0,0,0,1,1,8.72,8.72,0.00,0.00,145,145,300.00,300.00,0,0,0,0,1,1
2021.09.06 02:48:00,BUY,1827.54,2644,2580,NONE,2,2,2.01,2.01,0.0,EMA->TP2,EMA->TP2,0,0,1,1,0,0,1,1,1,1,0,0,1,1,4.76,4.76,0.00,0.00,189,189,300.00,300.00,0,0,0,0,1,1
2021.09.06 10:33:00,BUY,1823.49,2645,2581,NONE,2,2,2.05,2.05,0.0,TP1->EMA->TP2,TP1->EMA->TP2,0,0,1,1,1,1,1,1,1,1,0,0,1,1,6.24,6.24,0.00,0.00,150,150,300.00,300.00,0,0,0,0,1,1
2021.09.07 12:32:00,SELL,1811.59,2646,2582,NONE,2,2,4.06,4.06,0.0,EMA->TP2,EMA->TP2,0,0,1,1,0,0,1,1,1,1,0,0,1,1,6.97,6.97,0.00,0.00,72,72,300.00,300.00,0,0,0,0,1,1
2021.09.07 18:32:00,SELL,1797.55,2647,2583,NONE,1,1,2.01,2.01,0.0,EMA->TP1,EMA->TP1,0,0,1,1,1,1,0,0,1,1,0,0,1,1,0.93,0.93,0.00,0.00,57,57,300.00,300.00,0,0,0,0,1,1
2021.09.08 20:27:03,SELL,1789.69,2648,2584,NONE,2,2,2.21,2.21,0.0,EMA->TP1->TP2,EMA->TP1->TP2,0,0,1,1,1,1,1,1,1,1,0,0,1,1,3.23,3.23,0.00,0.00,166,166,300.00,300.00,0,0,0,0,1,1
2021.09.09 01:36:00,BUY,1787.94,2649,2585,NONE,1,1,2.0,2.0,0.0,EMA->TP1,EMA->TP1,0,0,1,1,1,1,0,0,1,1,0,0,1,1,0.86,0.86,0.00,0.00,27,27,300.00,300.00,0,0,0,0,1,1
2021.09.09 03:13:00,SELL,1789.22,2650,2586,NONE,1,1,2.19,2.19,0.0,EMA->TP1,EMA->TP1,0,0,1,1,1,1,0,0,1,1,0,0,1,1,1.12,1.12,0.00,0.00,153,153,300.00,300.00,0,0,0,0,1,1
2021.09.09 18:34:00,BUY,1796.17,2651,2587,NONE,3,3,3.89,3.89,0.0,EMA->TP3,EMA->TP3,0,0,1,1,0,0,0,0,1,1,0,0,1,1,19.27,19.27,0.00,0.00,59,59,300.00,300.00,0,0,0,0,1,1
2021.09.13 05:19:01,BUY,1791.58,2652,2588,NONE,2,2,3.35,3.35,0.0,EMA->TP2,EMA->TP2,0,0,1,1,0,0,1,1,1,1,0,0,1,1,12.24,12.24,0.00,0.00,219,219,300.00,300.00,0,0,0,0,1,1
2021.09.13 13:09:00,BUY,1787.90,2653,2589,NONE,1,1,3.1,3.1,0.0,EMA->TP1,EMA->TP1,0,0,1,1,1,1,0,0,1,1,0,0,1,1,0.94,0.94,0.00,0.00,10,10,300.00,300.00,0,0,0,0,1,1
2021.09.13 16:25:00,BUY,1793.81,2654,2590,NONE,3,3,2.03,2.03,0.0,EMA->TP3,EMA->TP3,0,0,1,1,0,0,0,0,1,1,0,0,1,1,16.44,16.44,0.00,0.00,602,602,300.00,300.00,0,0,0,0,1,1
2021.09.14 05:14:00,BUY,1791.38,2655,2591,NONE,1,1,2.05,2.05,0.0,EMA->TP1,EMA->TP1,0,0,1,1,1,1,0,0,1,1,0,0,1,1,1.77,1.77,0.00,0.00,111,111,300.00,300.00,0,0,0,0,1,1
2021.09.14 09:31:01,BUY,1788.44,2656,2592,INVALID,4,4,48.75,48.75,0.0,EMA->NET_BASKET_BE,EMA->NET_BASKET_BE,0,0,0,0,0,0,0,0,1,1,0,0,1,1,40.88,40.88,0.01,0.01,179,179,300.00,300.00,1,1,0,0,1,1
2021.09.14 12:33:00,BUY,1788.58,2657,2593,NONE,2,2,18.55,18.55,0.0,EMA->TP2,EMA->TP2,0,0,1,1,0,0,1,1,1,1,0,0,1,1,124.9,124.9,0.03,0.03,11852,11852,300.00,300.00,0,0,0,0,1,1
2021.09.24 04:56:00,BUY,1751.29,2658,2594,NONE,1,1,2.02,2.02,0.0,EMA->TP1,EMA->TP1,0,0,1,1,1,1,0,0,1,1,0,0,1,1,1.27,1.27,0.00,0.00,43,43,300.00,300.00,0,0,0,0,1,1
2021.09.24 18:42:00,BUY,1747.55,2659,2595,NONE,2,2,2.01,2.01,0.0,TP2,TP2,0,0,1,1,0,0,1,1,0,0,0,0,1,1,2.76,2.76,0.00,0.00,104,104,300.00,300.00,0,0,0,0,1,1
2021.09.27 02:35:02,BUY,1759.24,2660,2596,NONE,2,2,2.32,2.32,0.0,EMA->TP2,EMA->TP2,0,0,1,1,0,0,1,1,1,1,0,0,1,1,5.33,5.33,0.00,0.00,281,281,300.00,300.00,0,0,0,0,1,1
2021.09.28 00:56:00,BUY,1750.07,2661,2597,NONE,2,2,2.01,2.01,0.0,TP2,TP2,0,0,1,1,0,0,1,1,0,0,0,0,1,1,6.81,6.81,0.00,0.00,26,26,300.00,300.00,0,0,0,0,1,1
2021.09.28 02:38:00,BUY,1753.23,2662,2598,ALLOW,5,5,-301.23,-301.23,0.0,EMA->SL$,EMA->SL$,1,1,0,0,0,0,0,0,1,1,1,1,0,0,300.1,300.1,0.06,0.06,2145,2145,300.00,300.00,0,0,0,0,1,1
2021.09.30 22:59:00,BUY,1755.57,2663,2599,ALLOW,5,5,6.56,6.56,0.0,TP3->NET_BASKET_BE,TP3->NET_BASKET_BE,0,0,0,0,0,0,0,0,0,0,1,1,1,1,59.0,59.0,0.01,0.01,145,145,300.00,300.00,1,1,0,0,1,1
2021.10.01 02:52:00,SELL,1756.13,2664,2600,NONE,1,1,2.01,2.01,0.0,EMA->TP1,EMA->TP1,0,0,1,1,1,1,0,0,1,1,0,0,1,1,0.71,0.71,0.00,0.00,44,44,300.00,300.00,0,0,0,0,1,1
2021.10.01 03:54:00,BUY,1753.39,2665,2601,NONE,2,2,2.5,2.5,0.0,TP2,TP2,0,0,1,1,0,0,1,1,0,0,0,0,1,1,4.74,4.74,0.00,0.00,44,44,300.00,300.00,0,0,0,0,1,1
2021.10.01 05:51:00,BUY,1751.67,2666,2602,NONE,1,1,2.0,2.0,0.0,EMA->TP1,EMA->TP1,0,0,1,1,1,1,0,0,1,1,0,0,1,1,1.4,1.4,0.00,0.00,25,25,300.00,300.00,0,0,0,0,1,1
2021.10.01 08:33:00,SELL,1752.48,2667,2603,NONE,2,2,3.12,3.12,0.0,EMA->TP2,EMA->TP2,0,0,1,1,0,0,1,1,1,1,0,0,1,1,8.92,8.92,0.00,0.00,147,147,300.00,300.00,0,0,0,0,1,1
2021.10.04 02:34:00,BUY,1760.53,2668,2604,NONE,2,2,2.27,2.27,0.0,TP2,TP2,0,0,1,1,0,0,1,1,0,0,0,0,1,1,5.56,5.56,0.00,0.00,104,104,300.00,300.00,0,0,0,0,1,1
2021.10.04 19:20:00,BUY,1764.42,2669,2605,NONE,1,1,2.09,2.09,0.0,EMA->TP1,EMA->TP1,0,0,1,1,1,1,0,0,1,1,0,0,1,1,0.5,0.5,0.00,0.00,18,18,300.00,300.00,0,0,0,0,1,1
2021.10.04 20:13:00,SELL,1767.91,2670,2606,NONE,2,2,2.04,2.04,0.0,TP2->EMA->TP2,TP2->EMA->TP2,0,0,1,1,0,0,1,1,1,1,0,0,1,1,5.64,5.64,0.00,0.00,192,192,300.00,300.00,0,0,0,0,1,1
2021.10.05 01:10:00,BUY,1766.50,2671,2607,ALLOW,5,5,2.16,2.16,0.0,NET_BASKET_BE,NET_BASKET_BE,0,0,0,0,0,0,0,0,0,0,1,1,1,1,71.18,71.18,0.01,0.01,376,376,300.00,300.00,1,1,0,0,1,1
2021.10.05 12:33:00,SELL,1759.42,2672,2608,NONE,1,1,4.77,4.77,0.0,EMA->TP1,EMA->TP1,0,0,1,1,1,1,0,0,1,1,0,0,1,1,1.75,1.75,0.00,0.00,34,34,300.00,300.00,0,0,0,0,1,1
2021.10.06 00:10:00,BUY,1758.94,2673,2609,ALLOW,4,4,2.86,2.86,0.0,NET_BASKET_BE,NET_BASKET_BE,0,0,0,0,0,0,0,0,0,0,0,0,1,1,40.04,40.04,0.01,0.01,389,389,300.00,300.00,1,1,0,0,1,1
2021.10.06 18:44:00,BUY,1762.68,2674,2610,NONE,1,1,2.0,2.0,0.0,EMA->TP1,EMA->TP1,0,0,1,1,1,1,0,0,1,1,0,0,1,1,1.15,1.15,0.00,0.00,28,28,300.00,300.00,0,0,0,0,1,1
2021.10.06 19:19:00,SELL,1764.12,2675,2611,NONE,1,1,2.02,2.02,0.0,EMA->TP1,EMA->TP1,0,0,1,1,1,1,0,0,1,1,0,0,1,1,1.72,1.72,0.00,0.00,351,351,300.00,300.00,0,0,0,0,1,1
2021.10.07 02:11:02,BUY,1760.65,2676,2612,NONE,2,2,3.6,3.6,0.0,EMA->TP2,EMA->TP2,0,0,1,1,0,0,1,1,1,1,0,0,1,1,9.42,9.42,0.00,0.00,244,244,300.00,300.00,0,0,0,0,1,1
2021.10.07 07:43:00,SELL,1766.00,2677,2613,NONE,1,1,2.56,2.56,0.0,TP1,TP1,0,0,1,1,1,1,0,0,0,0,0,0,1,1,1.51,1.51,0.00,0.00,37,37,300.00,300.00,0,0,0,0,1,1
2021.10.07 13:17:00,BUY,1754.40,2678,2614,NONE,1,1,5.8,5.8,0.0,EMA->TP1,EMA->TP1,0,0,1,1,1,1,0,0,1,1,0,0,1,1,3.07,3.07,0.00,0.00,43,43,300.00,300.00,0,0,0,0,1,1
2021.10.07 18:28:00,BUY,1756.27,2679,2615,NONE,2,2,2.39,2.39,0.0,EMA->TP2,EMA->TP2,0,0,1,1,0,0,1,1,1,1,0,0,1,1,5.04,5.04,0.00,0.00,212,212,300.00,300.00,0,0,0,0,1,1
2021.10.08 01:10:00,SELL,1756.14,2680,2616,NONE,2,2,3.24,3.24,0.0,EMA->TP2,EMA->TP2,0,0,1,1,0,0,1,1,1,1,0,0,1,1,8.43,8.43,0.00,0.00,226,226,300.00,300.00,0,0,0,0,1,1
2021.10.08 06:25:00,SELL,1758.77,2681,2617,NONE,1,1,2.77,2.77,0.0,EMA->TP1,EMA->TP1,0,0,1,1,1,1,0,0,1,1,0,0,1,1,2.0,2.0,0.00,0.00,48,48,300.00,300.00,0,0,0,0,1,1
2021.10.08 13:29:00,SELL,1779.58,2682,2618,NONE,1,1,6.04,6.04,0.0,TP1,TP1,0,0,1,1,1,1,0,0,0,0,0,0,1,1,1.96,1.96,0.00,0.00,15,15,300.00,300.00,0,0,0,0,1,1
2021.10.08 14:34:00,BUY,1762.37,2683,2619,NONE,3,3,10.62,10.62,0.0,EMA->TP3,EMA->TP3,0,0,1,1,0,0,0,0,1,1,0,0,1,1,35.96,35.96,0.01,0.01,4259,4259,300.00,300.00,0,0,0,0,1,1
2021.10.12 00:25:00,BUY,1751.83,2684,2620,NONE,1,1,2.0,2.0,0.0,EMA->TP1,EMA->TP1,0,0,1,1,1,1,0,0,1,1,0,0,1,1,2.08,2.08,0.00,0.00,44,44,300.00,300.00,0,0,0,0,1,1
2021.10.12 12:11:00,BUY,1761.91,2685,2621,NONE,3,3,6.39,6.39,0.0,EMA->TP3,EMA->TP3,0,0,1,1,0,0,0,0,1,1,0,0,1,1,28.76,28.76,0.01,0.01,55,55,300.00,300.00,0,0,0,0,1,1
2021.10.12 13:12:00,SELL,1761.45,2686,2622,NONE,2,2,8.29,8.29,0.0,EMA->TP2,EMA->TP2,0,0,1,1,0,0,1,1,1,1,0,0,1,1,13.77,13.77,0.00,0.00,108,108,300.00,300.00,0,0,0,0,1,1
2021.10.14 16:44:02,BUY,1797.01,2687,2623,NONE,1,1,2.0,2.0,0.0,EMA->TP1,EMA->TP1,0,0,1,1,1,1,0,0,1,1,0,0,1,1,1.3,1.3,0.00,0.00,137,137,300.00,300.00,0,0,0,0,1,1
2021.10.14 22:50:18,BUY,1796.09,2688,2624,ALLOW,4,4,2.41,2.41,0.0,TP3->EMA->TP2->NET_BASKET_BE,TP3->EMA->TP2->NET_BASKET_BE,0,0,0,0,0,0,1,1,1,1,0,0,1,1,17.09,17.09,0.00,0.00,158,158,300.00,300.00,1,1,0,0,1,1
2021.10.15 09:46:00,BUY,1782.16,2689,2625,ALLOW,4,4,2.7,2.7,0.0,NET_BASKET_BE,NET_BASKET_BE,0,0,0,0,0,0,0,0,0,0,0,0,1,1,96.09,96.09,0.02,0.02,257,257,300.00,300.00,1,1,0,0,1,1
2021.10.15 15:59:00,BUY,1767.96,2690,2626,NONE,1,1,2.71,2.71,0.0,EMA->TP1,EMA->TP1,0,0,1,1,1,1,0,0,1,1,0,0,1,1,2.73,2.73,0.00,0.00,3340,3340,300.00,300.00,0,0,0,0,1,1
2021.10.18 02:50:00,BUY,1771.21,2691,2627,NONE,3,3,3.7,3.7,0.0,EMA->TP3,EMA->TP3,0,0,1,1,0,0,0,0,1,1,0,0,1,1,13.2,13.2,0.00,0.00,161,161,300.00,300.00,0,0,0,0,1,1
2021.10.19 07:48:00,SELL,1781.23,2692,2628,NONE,1,1,3.01,3.01,0.0,EMA->TP1,EMA->TP1,0,0,1,1,1,1,0,0,1,1,0,0,1,1,2.01,2.01,0.00,0.00,134,134,300.00,300.00,0,0,0,0,1,1
2021.10.19 14:35:00,BUY,1773.17,2693,2629,NONE,1,1,5.73,5.73,0.0,EMA->TP1,EMA->TP1,0,0,1,1,1,1,0,0,1,1,0,0,1,1,7.59,7.59,0.00,0.00,1193,1193,300.00,300.00,0,0,0,0,1,1
2021.10.20 20:43:02,BUY,1781.82,2694,2630,NONE,1,1,2.01,2.01,0.0,EMA->TP1,EMA->TP1,0,0,1,1,1,1,0,0,1,1,0,0,1,1,3.99,3.99,0.00,0.00,309,309,300.00,300.00,0,0,0,0,1,1
2021.10.21 03:28:00,BUY,1786.01,2695,2631,NONE,2,2,2.06,2.06,0.0,EMA->TP2,EMA->TP2,0,0,1,1,0,0,1,1,1,1,0,0,1,1,8.76,8.76,0.00,0.00,149,149,300.00,300.00,0,0,0,0,1,1
2021.10.21 07:07:00,BUY,1782.49,2696,2632,NONE,1,1,3.97,3.97,0.0,EMA->TP1,EMA->TP1,0,0,1,1,1,1,0,0,1,1,0,0,1,1,1.97,1.97,0.00,0.00,151,151,300.00,300.00,0,0,0,0,1,1
2021.10.22 08:33:00,BUY,1792.63,2697,2633,NONE,2,2,2.35,2.35,0.0,EMA->TP2,EMA->TP2,0,0,1,1,0,0,1,1,1,1,0,0,1,1,4.45,4.45,0.00,0.00,37,37,300.00,300.00,0,0,0,0,1,1
2021.10.25 01:37:00,BUY,1793.79,2698,2634,NONE,1,1,2.61,2.61,0.0,EMA->TP1,EMA->TP1,0,0,1,1,1,1,0,0,1,1,0,0,1,1,2.65,2.65,0.00,0.00,96,96,300.00,300.00,0,0,0,0,1,1
2021.10.26 12:17:00,BUY,1803.88,2699,2635,NONE,3,3,9.71,9.71,0.0,EMA->TP3,EMA->TP3,0,0,1,1,0,0,0,0,1,1,0,0,1,1,84.36,84.36,0.02,0.02,1816,1816,300.00,300.00,0,0,0,0,1,1
2021.10.28 00:58:01,BUY,1794.91,2700,2636,NONE,1,1,2.0,2.0,0.0,EMA->TP1,EMA->TP1,0,0,1,1,1,1,0,0,1,1,0,0,1,1,2.32,2.32,0.00,0.00,46,46,300.00,300.00,0,0,0,0,1,1
2021.10.28 02:25:00,SELL,1799.44,2701,2637,NONE,3,3,2.33,2.33,0.0,TP3,TP3,0,0,1,1,0,0,0,0,0,0,0,0,1,1,16.17,16.17,0.00,0.00,32,32,300.00,300.00,0,0,0,0,1,1
2021.10.28 06:18:00,BUY,1801.57,2702,2638,NONE,1,1,2.04,2.04,0.0,EMA->TP1,EMA->TP1,0,0,1,1,1,1,0,0,1,1,0,0,1,1,1.34,1.34,0.00,0.00,12,12,300.00,300.00,0,0,0,0,1,1
2021.10.28 10:25:00,BUY,1797.46,2703,2639,NONE,1,1,2.69,2.69,0.0,EMA->TP1,EMA->TP1,0,0,1,1,1,1,0,0,1,1,0,0,1,1,0.99,0.99,0.00,0.00,37,37,300.00,300.00,0,0,0,0,1,1
2021.10.28 19:49:01,BUY,1798.72,2704,2640,NONE,1,1,2.0,2.0,0.0,EMA->TP1,EMA->TP1,0,0,1,1,1,1,0,0,1,1,0,0,1,1,1.18,1.18,0.00,0.00,159,159,300.00,300.00,0,0,0,0,1,1
2021.10.28 23:10:00,BUY,1799.49,2705,2641,NONE,3,3,2.47,2.47,0.0,EMA->TP2->TP3,EMA->TP2->TP3,0,0,1,1,0,0,1,1,1,1,0,0,1,1,27.52,27.52,0.01,0.01,484,484,300.00,300.00,0,0,0,0,1,1
2021.10.29 11:43:00,BUY,1794.23,2706,2642,NONE,3,3,8.59,8.59,0.0,TP3,TP3,0,0,1,1,0,0,0,0,0,0,0,0,1,1,44.73,44.73,0.01,0.01,48,48,300.00,300.00,0,0,0,0,1,1
2021.10.31 23:54:00,BUY,1780.11,2707,2643,NONE,1,1,2.11,2.11,0.0,EMA->TP1,EMA->TP1,0,0,1,1,1,1,0,0,1,1,0,0,1,1,0.95,0.95,0.00,0.00,14,14,300.00,300.00,0,0,0,0,1,1
2021.11.01 02:19:01,SELL,1785.42,2708,2644,NONE,2,2,2.01,2.01,0.0,TP2,TP2,0,0,1,1,0,0,1,1,0,0,0,0,1,1,3.45,3.45,0.00,0.00,58,58,300.00,300.00,0,0,0,0,1,1
2021.11.01 08:47:00,SELL,1782.89,2709,2645,NONE,2,2,2.03,2.03,0.0,EMA->TP2,EMA->TP2,0,0,1,1,0,0,1,1,1,1,0,0,1,1,12.4,12.4,0.00,0.00,149,149,300.00,300.00,0,0,0,0,1,1
2021.11.01 23:15:00,BUY,1791.89,2710,2646,NONE,2,2,2.16,2.16,0.0,TP2->EMA->TP1->TP2,TP2->EMA->TP1->TP2,0,0,1,1,1,1,1,1,1,1,0,0,1,1,1.23,1.23,0.00,0.00,16,16,300.00,300.00,0,0,0,0,1,1
2021.11.02 01:16:00,BUY,1790.19,2711,2647,NONE,1,1,3.73,3.73,0.0,EMA->TP1,EMA->TP1,0,0,1,1,1,1,0,0,1,1,0,0,1,1,2.04,2.04,0.00,0.00,224,224,300.00,300.00,0,0,0,0,1,1
2021.11.02 14:57:00,SELL,1790.54,2712,2648,NONE,1,1,2.88,2.88,0.0,EMA->TP1,EMA->TP1,0,0,1,1,1,1,0,0,1,1,0,0,1,1,4.44,4.44,0.00,0.00,99,99,300.00,300.00,0,0,0,0,1,1
2021.11.02 17:07:00,SELL,1788.28,2713,2649,NONE,1,1,2.1,2.1,0.0,EMA->TP1,EMA->TP1,0,0,1,1,1,1,0,0,1,1,0,0,1,1,1.61,1.61,0.00,0.00,438,438,300.00,300.00,0,0,0,0,1,1
2021.11.03 02:37:01,BUY,1781.32,2714,2650,NONE,2,2,2.38,2.38,0.0,TP2,TP2,0,0,1,1,0,0,1,1,0,0,0,0,1,1,3.38,3.38,0.00,0.00,37,37,300.00,300.00,0,0,0,0,1,1
2021.11.04 03:48:00,BUY,1776.03,2715,2651,NONE,3,3,3.14,3.14,0.0,EMA->TP2->TP3,EMA->TP2->TP3,0,0,1,1,0,0,1,1,1,1,0,0,1,1,22.34,22.34,0.00,0.00,252,252,300.00,300.00,0,0,0,0,1,1
2021.11.04 23:26:00,SELL,1791.81,2716,2652,NONE,3,3,2.27,2.27,0.0,EMA->TP1->TP2->TP3,EMA->TP1->TP2->TP3,0,0,1,1,1,1,1,1,1,1,0,0,1,1,7.78,7.78,0.00,0.00,65,65,300.00,300.00,0,0,0,0,1,1
2021.11.05 01:13:00,SELL,1793.58,2717,2653,NONE,2,2,2.18,2.18,0.0,TP2,TP2,0,0,1,1,0,0,1,1,0,0,0,0,1,1,3.88,3.88,0.00,0.00,88,88,300.00,300.00,0,0,0,0,1,1
2021.11.05 10:37:00,BUY,1794.11,2718,2654,NONE,2,2,2.65,2.65,0.0,TP2,TP2,0,0,1,1,0,0,1,1,0,0,0,0,1,1,5.3,5.3,0.00,0.00,57,57,300.00,300.00,0,0,0,0,1,1
2021.11.08 08:03:00,BUY,1817.22,2719,2655,NONE,2,2,4.2,4.2,0.0,EMA->TP2,EMA->TP2,0,0,1,1,0,0,1,1,1,1,0,0,1,1,9.86,9.86,0.00,0.00,117,117,300.00,300.00,0,0,0,0,1,1
2021.11.08 20:49:00,BUY,1824.76,2720,2656,NONE,2,2,2.02,2.02,0.0,EMA->TP2->TP1->TP2,EMA->TP2->TP1->TP2,0,0,1,1,1,1,1,1,1,1,0,0,1,1,7.7,7.7,0.00,0.00,274,274,300.00,300.00,0,0,0,0,1,1
2021.11.09 12:17:00,BUY,1824.25,2721,2657,NONE,1,1,2.55,2.55,0.0,EMA->TP1,EMA->TP1,0,0,1,1,1,1,0,0,1,1,0,0,1,1,2.0,2.0,0.00,0.00,55,55,300.00,300.00,0,0,0,0,1,1
2021.11.11 01:12:00,BUY,1849.98,2722,2658,NONE,2,2,5.04,5.04,0.0,EMA->TP2,EMA->TP2,0,0,1,1,0,0,1,1,1,1,0,0,1,1,16.31,16.31,0.00,0.00,128,128,300.00,300.00,0,0,0,0,1,1
2021.11.11 06:51:00,BUY,1853.28,2723,2659,NONE,1,1,2.16,2.16,0.0,EMA->TP1,EMA->TP1,0,0,1,1,1,1,0,0,1,1,0,0,1,1,2.07,2.07,0.00,0.00,50,50,300.00,300.00,0,0,0,0,1,1
2021.11.12 01:44:01,BUY,1859.04,2724,2660,NONE,2,2,3.05,3.05,0.0,EMA->TP2,EMA->TP2,0,0,1,1,0,0,1,1,1,1,0,0,1,1,9.04,9.04,0.00,0.00,226,226,300.00,300.00,0,0,0,0,1,1
2021.11.12 19:25:00,BUY,1866.07,2725,2661,NONE,2,2,3.15,3.15,0.0,EMA->TP2,EMA->TP2,0,0,1,1,0,0,1,1,1,1,0,0,1,1,6.59,6.59,0.00,0.00,90,90,300.00,300.00,0,0,0,0,1,1
2021.11.16 00:04:00,BUY,1862.38,2726,2662,NONE,1,1,2.04,2.04,0.0,EMA->TP1,EMA->TP1,0,0,1,1,1,1,0,0,1,1,0,0,1,1,1.39,1.39,0.00,0.00,39,39,300.00,300.00,0,0,0,0,1,1
2021.11.16 11:13:00,BUY,1873.64,2727,2663,ALLOW,5,5,2.28,2.28,0.0,EMA->NET_BASKET_BE,EMA->NET_BASKET_BE,0,0,0,0,0,0,0,0,1,1,1,1,1,1,278.01,278.01,0.06,0.06,2256,2256,300.00,300.00,1,1,0,0,1,1
2021.11.18 18:00:00,BUY,1861.01,2728,2664,NONE,2,2,3.26,3.26,0.0,EMA->TP2,EMA->TP2,0,0,1,1,0,0,1,1,1,1,0,0,1,1,9.9,9.9,0.00,0.00,179,179,300.00,300.00,0,0,0,0,1,1
2021.11.19 00:44:00,BUY,1859.48,2729,2665,NONE,2,2,2.04,2.04,0.0,EMA->TP2,EMA->TP2,0,0,1,1,0,0,1,1,1,1,0,0,1,1,1.8,1.8,0.00,0.00,17,17,300.00,300.00,0,0,0,0,1,1
2021.11.19 12:01:00,SELL,1861.66,2730,2666,NONE,2,2,2.11,2.11,0.0,EMA->TP2,EMA->TP2,0,0,1,1,0,0,1,1,1,1,0,0,1,1,5.21,5.21,0.00,0.00,49,49,300.00,300.00,0,0,0,0,1,1
2021.11.19 21:12:02,SELL,1846.95,2731,2667,NONE,1,1,2.09,2.09,0.0,EMA->TP1,EMA->TP1,0,0,1,1,1,1,0,0,1,1,0,0,1,1,1.01,1.01,0.00,0.00,3048,3048,300.00,300.00,0,0,0,0,1,1
2021.11.22 00:17:02,SELL,1845.96,2732,2668,NONE,2,2,2.02,2.02,0.0,EMA->TP2,EMA->TP2,0,0,1,1,0,0,1,1,1,1,0,0,1,1,7.21,7.21,0.00,0.00,337,337,300.00,300.00,0,0,0,0,1,1
2021.11.22 08:30:00,SELL,1845.62,2733,2669,NONE,1,1,5.9,5.9,0.0,EMA->TP1,EMA->TP1,0,0,1,1,1,1,0,0,1,1,0,0,1,1,2.82,2.82,0.00,0.00,150,150,300.00,300.00,0,0,0,0,1,1
2021.11.23 05:41:00,BUY,1808.34,2734,2670,NONE,3,3,3.33,3.33,0.0,EMA->TP3,EMA->TP3,0,0,1,1,0,0,0,0,1,1,0,0,1,1,21.57,21.57,0.00,0.00,93,93,300.00,300.00,0,0,0,0,1,1
2021.11.23 12:28:00,SELL,1796.27,2735,2671,NONE,1,1,2.91,2.91,0.0,EMA->TP1,EMA->TP1,0,0,1,1,1,1,0,0,1,1,0,0,1,1,2.79,2.79,0.00,0.00,27,27,300.00,300.00,0,0,0,0,1,1
2021.11.24 12:06:00,BUY,1787.12,2736,2672,NONE,2,2,3.84,3.84,0.0,TP2,TP2,0,0,1,1,0,0,1,1,0,0,0,0,1,1,4.1,4.1,0.00,0.00,60,60,300.00,300.00,0,0,0,0,1,1
2021.11.25 02:12:00,BUY,1792.27,2737,2673,NONE,1,1,2.0,2.0,0.0,EMA->TP1,EMA->TP1,0,0,1,1,1,1,0,0,1,1,0,0,1,1,2.81,2.81,0.00,0.00,364,364,300.00,300.00,0,0,0,0,1,1
2021.11.25 15:37:00,BUY,1789.66,2738,2674,NONE,2,2,2.03,2.03,0.0,TP2,TP2,0,0,1,1,0,0,1,1,0,0,0,0,1,1,3.5,3.5,0.00,0.00,34,34,300.00,300.00,0,0,0,0,1,1
2021.11.30 04:06:01,BUY,1789.58,2739,2675,NONE,1,1,2.02,2.02,0.0,EMA->TP1,EMA->TP1,0,0,1,1,1,1,0,0,1,1,0,0,1,1,2.19,2.19,0.00,0.00,85,85,300.00,300.00,0,0,0,0,1,1
2021.11.30 18:49:00,BUY,1775.29,2740,2676,NONE,2,2,4.43,4.43,0.0,EMA->TP2,EMA->TP2,0,0,1,1,0,0,1,1,1,1,0,0,1,1,9.92,9.92,0.00,0.00,189,189,300.00,300.00,0,0,0,0,1,1
2021.12.01 08:35:00,BUY,1780.06,2741,2677,NONE,1,1,3.75,3.75,0.0,EMA->TP1,EMA->TP1,0,0,1,1,1,1,0,0,1,1,0,0,1,1,3.53,3.53,0.00,0.00,76,76,300.00,300.00,0,0,0,0,1,1
2021.12.01 18:20:00,BUY,1783.18,2742,2678,NONE,2,2,4.47,4.47,0.0,EMA->TP2,EMA->TP2,0,0,1,1,0,0,1,1,1,1,0,0,1,1,15.09,15.09,0.00,0.00,196,196,300.00,300.00,0,0,0,0,1,1
2021.12.06 00:53:01,BUY,1783.88,2743,2679,NONE,2,2,2.01,2.01,0.0,EMA->TP2,EMA->TP2,0,0,1,1,0,0,1,1,1,1,0,0,1,1,3.6,3.6,0.00,0.00,9,9,300.00,300.00,0,0,0,0,1,1
2021.12.06 04:01:00,BUY,1784.42,2744,2680,NONE,2,2,2.12,2.12,0.0,TP2->EMA->TP2,TP2->EMA->TP2,0,0,1,1,0,0,1,1,1,1,0,0,1,1,9.8,9.8,0.00,0.00,158,158,300.00,300.00,0,0,0,0,1,1
2021.12.06 23:03:00,BUY,1779.45,2745,2681,NONE,1,1,2.39,2.39,0.0,EMA->TP1,EMA->TP1,0,0,1,1,1,1,0,0,1,1,0,0,1,1,5.62,5.62,0.00,0.00,422,422,300.00,300.00,0,0,0,0,1,1
2021.12.08 13:38:00,BUY,1783.70,2746,2682,NONE,2,2,5.99,5.99,0.0,EMA->TP2,EMA->TP2,0,0,1,1,0,0,1,1,1,1,0,0,1,1,25.03,25.03,0.01,0.01,1484,1484,300.00,300.00,0,0,0,0,1,1
2021.12.09 23:54:00,BUY,1776.49,2747,2683,NONE,2,2,2.01,2.01,0.0,EMA->TP1->TP2,EMA->TP1->TP2,0,0,1,1,1,1,1,1,1,1,0,0,1,1,3.9,3.9,0.00,0.00,88,88,300.00,300.00,0,0,0,0,1,1
2021.12.13 01:25:00,SELL,1784.22,2748,2684,NONE,3,3,2.34,2.34,0.0,TP3,TP3,0,0,1,1,0,0,0,0,0,0,0,0,1,1,13.68,13.68,0.00,0.00,91,91,300.00,300.00,0,0,0,0,1,1
2021.12.13 08:48:00,SELL,1787.04,2749,2685,NONE,1,1,2.02,2.02,0.0,EMA->TP1,EMA->TP1,0,0,1,1,1,1,0,0,1,1,0,0,1,1,1.31,1.31,0.00,0.00,32,32,300.00,300.00,0,0,0,0,1,1
2021.12.13 13:27:00,BUY,1785.02,2750,2686,NONE,1,1,3.87,3.87,0.0,EMA->TP1,EMA->TP1,0,0,1,1,1,1,0,0,1,1,0,0,1,1,3.5,3.5,0.00,0.00,92,92,300.00,300.00,0,0,0,0,1,1
2021.12.13 17:57:00,SELL,1787.84,2751,2687,NONE,1,1,2.0,2.0,0.0,EMA->TP1,EMA->TP1,0,0,1,1,1,1,0,0,1,1,0,0,1,1,1.97,1.97,0.00,0.00,363,363,300.00,300.00,0,0,0,0,1,1
2021.12.14 03:19:00,BUY,1786.55,2752,2688,NONE,3,3,2.8,2.8,0.0,EMA->TP1->TP3,EMA->TP1->TP3,0,0,1,1,1,1,0,0,1,1,0,0,1,1,18.08,18.08,0.00,0.00,327,327,300.00,300.00,0,0,0,0,1,1
2021.12.14 12:50:00,BUY,1784.47,2753,2689,NONE,2,2,2.18,2.18,0.0,TP2->EMA->TP2,TP2->EMA->TP2,0,0,1,1,0,0,1,1,1,1,0,0,1,1,1.99,1.99,0.00,0.00,9,9,300.00,300.00,0,0,0,0,1,1
2021.12.14 17:24:00,SELL,1772.50,2754,2690,NONE,1,1,2.54,2.54,0.0,EMA->TP1,EMA->TP1,0,0,1,1,1,1,0,0,1,1,0,0,1,1,3.55,3.55,0.00,0.00,605,605,300.00,300.00,0,0,0,0,1,1
2021.12.15 16:01:00,BUY,1767.05,2755,2691,NONE,3,3,2.25,2.25,0.0,EMA->TP3,EMA->TP3,0,0,1,1,0,0,0,0,1,1,0,0,1,1,59.21,59.21,0.01,0.01,183,183,300.00,300.00,0,0,0,0,1,1
2021.12.16 00:47:00,BUY,1777.98,2756,2692,NONE,2,2,2.03,2.03,0.0,EMA->TP2,EMA->TP2,0,0,1,1,0,0,1,1,1,1,0,0,1,1,6.01,6.01,0.00,0.00,34,34,300.00,300.00,0,0,0,0,1,1
2021.12.16 11:51:00,BUY,1786.59,2757,2693,NONE,2,2,2.72,2.72,0.0,EMA->TP2,EMA->TP2,0,0,1,1,0,0,1,1,1,1,0,0,1,1,10.8,10.8,0.00,0.00,76,76,300.00,300.00,0,0,0,0,1,1
2021.12.17 02:06:00,SELL,1802.50,2758,2694,NONE,2,2,2.13,2.13,0.0,TP2,TP2,0,0,1,1,0,0,1,1,0,0,0,0,1,1,4.17,4.17,0.00,0.00,44,44,300.00,300.00,0,0,0,0,1,1
2021.12.17 07:13:00,SELL,1806.74,2759,2695,NONE,2,2,2.95,2.95,0.0,TP2,TP2,0,0,1,1,0,0,1,1,0,0,0,0,1,1,5.44,5.44,0.00,0.00,102,102,300.00,300.00,0,0,0,0,1,1
2021.12.17 10:56:11,BUY,1807.97,2760,2696,NONE,3,3,2.16,2.16,0.0,EMA->TP3,EMA->TP3,0,0,1,1,0,0,0,0,1,1,0,0,1,1,6.49,6.49,0.00,0.00,18,18,300.00,300.00,0,0,0,0,1,1
2021.12.17 21:06:00,BUY,1797.35,2761,2697,NONE,1,1,2.12,2.12,0.0,TP1,TP1,0,0,1,1,1,1,0,0,0,0,0,0,1,1,1.25,1.25,0.00,0.00,2998,2998,300.00,300.00,0,0,0,0,1,1
2021.12.20 11:54:00,BUY,1797.64,2762,2698,NONE,3,3,2.09,2.09,0.0,TP3,TP3,0,0,1,1,0,0,0,0,0,0,0,0,1,1,9.73,9.73,0.00,0.00,11,11,300.00,300.00,0,0,0,0,1,1
2021.12.21 17:36:00,BUY,1787.21,2763,2699,NONE,1,1,2.01,2.01,0.0,TP1,TP1,0,0,1,1,1,1,0,0,0,0,0,0,1,1,0.96,0.96,0.00,0.00,27,27,300.00,300.00,0,0,0,0,1,1
2021.12.21 23:11:00,BUY,1789.84,2764,2700,NONE,2,2,2.04,2.04,0.0,EMA->TP2,EMA->TP2,0,0,1,1,0,0,1,1,1,1,0,0,1,1,3.05,3.05,0.00,0.00,42,42,300.00,300.00,0,0,0,0,1,1
2021.12.22 01:05:00,BUY,1789.22,2765,2701,NONE,2,2,2.37,2.37,0.0,EMA->TP2,EMA->TP2,0,0,1,1,0,0,1,1,1,1,0,0,1,1,8.58,8.58,0.00,0.00,424,424,300.00,300.00,0,0,0,0,1,1
2021.12.22 14:14:00,SELL,1793.72,2766,2702,NONE,1,1,2.01,2.01,0.0,EMA->TP1,EMA->TP1,0,0,1,1,1,1,0,0,1,1,0,0,1,1,1.5,1.5,0.00,0.00,33,33,300.00,300.00,0,0,0,0,1,1
2021.12.23 19:32:05,BUY,1808.65,2767,2703,NONE,3,3,2.07,2.07,0.0,EMA->TP2->TP3,EMA->TP2->TP3,0,0,1,1,0,0,1,1,1,1,0,0,1,1,13.4,13.4,0.00,0.00,4543,4543,300.00,300.00,0,0,0,0,1,1
2021.12.27 10:35:00,BUY,1806.02,2768,2704,NONE,2,2,2.04,2.04,0.0,EMA->TP2,EMA->TP2,0,0,1,1,0,0,1,1,1,1,0,0,1,1,8.58,8.58,0.00,0.00,178,178,300.00,300.00,0,0,0,0,1,1
2021.12.28 02:38:00,BUY,1809.50,2769,2705,NONE,1,1,2.02,2.02,0.0,EMA->TP1,EMA->TP1,0,0,1,1,1,1,0,0,1,1,0,0,1,1,1.01,1.01,0.00,0.00,175,175,300.00,300.00,0,0,0,0,1,1
2021.12.28 18:09:00,BUY,1810.76,2770,2706,ALLOW,5,5,2.33,2.33,0.0,EMA->NET_BASKET_BE,EMA->NET_BASKET_BE,0,0,0,0,0,0,0,0,1,1,1,1,1,1,171.37,171.37,0.03,0.03,1259,1259,300.00,300.00,1,1,0,0,1,1
2021.12.30 10:05:00,BUY,1800.68,2771,2707,NONE,1,1,2.09,2.09,0.0,EMA->TP1,EMA->TP1,0,0,1,1,1,1,0,0,1,1,0,0,1,1,1.65,1.65,0.00,0.00,78,78,300.00,300.00,0,0,0,0,1,1
2021.12.30 14:00:00,SELL,1802.76,2772,2708,ALLOW,5,5,2.39,2.39,0.0,EMA->TP2->NET_BASKET_BE,EMA->TP2->NET_BASKET_BE,0,0,0,0,0,0,1,1,1,1,1,1,1,1,210.47,210.47,0.04,0.04,5709,5709,300.00,300.00,1,1,0,0,1,1
2022.01.03 15:19:00,BUY,1802.35,2773,2709,NONE,1,1,5.17,5.17,0.0,EMA->TP1,EMA->TP1,0,0,1,1,1,1,0,0,1,1,0,0,1,1,8.4,8.4,0.00,0.00,1152,1152,300.00,300.00,0,0,0,0,1,1
2022.01.04 13:56:00,SELL,1804.98,2774,2710,ALLOW,5,5,2.25,2.25,0.0,EMA->NET_BASKET_BE,EMA->NET_BASKET_BE,0,0,0,0,0,0,0,0,1,1,1,1,1,1,156.94,156.94,0.03,0.03,1749,1749,300.00,300.00,1,1,0,0,1,1
2022.01.05 20:05:00,BUY,1814.12,2775,2711,VETO,4,3,2.54,3.74,1.2,EMA->NET_BASKET_BE,EMA->TP3,0,0,0,1,0,0,0,0,1,1,0,0,1,1,205.81,161.5,0.04,0.03,7500,8393,300.00,300.00,1,0,0,0,1,1
2022.01.11 16:36:00,SELL,1815.56,2778,2712,NONE,3,3,3.35,3.35,0.0,EMA->TP3,EMA->TP3,0,0,1,1,0,0,0,0,1,1,0,0,1,1,27.72,27.72,0.01,0.01,683,683,300.00,300.00,0,0,0,0,1,1
2022.01.12 06:40:00,BUY,1820.48,2779,2713,INVALID,4,4,2.16,2.16,0.0,EMA->NET_BASKET_BE,EMA->NET_BASKET_BE,0,0,0,0,0,0,0,0,1,1,0,0,1,1,35.25,35.25,0.01,0.01,288,288,300.00,300.00,1,1,0,0,1,1
2022.01.12 16:29:00,BUY,1821.58,2780,2714,NONE,1,1,3.78,3.78,0.0,EMA->TP1,EMA->TP1,0,0,1,1,1,1,0,0,1,1,0,0,1,1,1.23,1.23,0.00,0.00,51,51,300.00,300.00,0,0,0,0,1,1
2022.01.12 23:03:00,BUY,1826.29,2781,2715,NONE,2,2,2.08,2.08,0.0,EMA->TP2,EMA->TP2,0,0,1,1,0,0,1,1,1,1,0,0,1,1,7.65,7.65,0.00,0.00,367,367,300.00,300.00,0,0,0,0,1,1
2022.01.13 09:16:00,BUY,1820.40,2782,2716,NONE,1,1,2.62,2.62,0.0,TP1->EMA->TP1,TP1->EMA->TP1,0,0,1,1,1,1,0,0,1,1,0,0,1,1,1.24,1.24,0.00,0.00,56,56,300.00,300.00,0,0,0,0,1,1
2022.01.14 09:32:00,BUY,1823.01,2783,2717,NONE,1,1,3.73,3.73,0.0,EMA->TP1,EMA->TP1,0,0,1,1,1,1,0,0,1,1,0,0,1,1,4.81,4.81,0.00,0.00,238,238,300.00,300.00,0,0,0,0,1,1
2022.01.17 00:16:00,BUY,1816.11,2784,2718,NONE,3,3,2.24,2.24,0.0,TP2->TP3,TP2->TP3,0,0,1,1,0,0,1,1,0,0,0,0,1,1,13.17,13.17,0.00,0.00,86,86,300.00,300.00,0,0,0,0,1,1
2022.01.17 05:23:00,BUY,1819.39,2785,2719,NONE,1,1,2.09,2.09,0.0,EMA->TP1,EMA->TP1,0,0,1,1,1,1,0,0,1,1,0,0,1,1,1.69,1.69,0.00,0.00,127,127,300.00,300.00,0,0,0,0,1,1
2022.01.18 00:40:00,SELL,1819.69,2786,2720,NONE,2,2,2.75,2.75,0.0,EMA->TP2,EMA->TP2,0,0,1,1,0,0,1,1,1,1,0,0,1,1,5.38,5.38,0.00,0.00,173,173,300.00,300.00,0,0,0,0,1,1
2022.01.18 03:52:01,BUY,1816.65,2787,2721,NONE,2,2,4.93,4.93,0.0,EMA->TP2,EMA->TP2,0,0,1,1,0,0,1,1,1,1,0,0,1,1,5.99,5.99,0.00,0.00,226,226,300.00,300.00,0,0,0,0,1,1
2022.01.18 13:56:00,SELL,1817.90,2788,2722,NONE,1,1,5.51,5.51,0.0,EMA->TP1,EMA->TP1,0,0,1,1,1,1,0,0,1,1,0,0,1,1,2.31,2.31,0.00,0.00,22,22,300.00,300.00,0,0,0,0,1,1
2022.01.18 17:06:00,SELL,1813.33,2789,2723,NONE,2,2,2.04,2.04,0.0,EMA->TP2,EMA->TP2,0,0,1,1,0,0,1,1,1,1,0,0,1,1,3.87,3.87,0.00,0.00,25,25,300.00,300.00,0,0,0,0,1,1
2022.01.18 23:03:00,BUY,1814.59,2790,2724,NONE,2,2,4.47,4.47,0.0,EMA->TP2,EMA->TP2,0,0,1,1,0,0,1,1,1,1,0,0,1,1,7.53,7.53,0.00,0.00,394,394,300.00,300.00,0,0,0,0,1,1
2022.01.19 05:43:00,SELL,1813.18,2791,2725,NONE,2,2,2.1,2.1,0.0,EMA->TP2,EMA->TP2,0,0,1,1,0,0,1,1,1,1,0,0,1,1,5.49,5.49,0.00,0.00,93,93,300.00,300.00,0,0,0,0,1,1
2022.01.19 07:17:00,SELL,1813.02,2792,2726,ALLOW,5,5,-300.63,-300.63,0.0,EMA->SL$,EMA->SL$,1,1,0,0,0,0,0,0,1,1,1,1,0,0,301.22,301.22,0.06,0.06,1912,1912,300.00,300.00,0,0,0,0,1,1
2022.01.21 01:17:00,BUY,1837.14,2793,2727,NONE,1,1,2.41,2.41,0.0,EMA->TP1,EMA->TP1,0,0,1,1,1,1,0,0,1,1,0,0,1,1,1.51,1.51,0.00,0.00,67,67,300.00,300.00,0,0,0,0,1,1
2022.01.21 05:38:00,BUY,1840.93,2794,2728,ALLOW,4,4,2.16,2.16,0.0,EMA->NET_BASKET_BE,EMA->NET_BASKET_BE,0,0,0,0,0,0,0,0,1,1,0,0,1,1,39.66,39.66,0.01,0.01,398,398,300.00,300.00,1,1,0,0,1,1
2022.01.24 01:32:00,BUY,1834.34,2795,2729,NONE,1,1,2.94,2.94,0.0,EMA->TP1,EMA->TP1,0,0,1,1,1,1,0,0,1,1,0,0,1,1,1.39,1.39,0.00,0.00,89,89,300.00,300.00,0,0,0,0,1,1
2022.01.24 07:18:00,BUY,1837.44,2796,2730,NONE,1,1,2.0,2.0,0.0,EMA->TP1,EMA->TP1,0,0,1,1,1,1,0,0,1,1,0,0,1,1,2.52,2.52,0.00,0.00,48,48,300.00,300.00,0,0,0,0,1,1
2022.01.24 15:14:00,BUY,1833.50,2797,2731,NONE,1,1,6.36,6.36,0.0,EMA->TP1,EMA->TP1,0,0,1,1,1,1,0,0,1,1,0,0,1,1,3.94,3.94,0.00,0.00,173,173,300.00,300.00,0,0,0,0,1,1
2022.01.26 01:36:00,BUY,1847.35,2798,2732,NONE,2,2,2.19,2.19,0.0,EMA->TP2,EMA->TP2,0,0,1,1,0,0,1,1,1,1,0,0,1,1,9.67,9.67,0.00,0.00,490,490,300.00,300.00,0,0,0,0,1,1
2022.01.26 11:33:00,BUY,1845.16,2799,2733,NONE,2,2,2.38,2.38,0.0,TP2,TP2,0,0,1,1,0,0,1,1,0,0,0,0,1,1,4.77,4.77,0.00,0.00,45,45,300.00,300.00,0,0,0,0,1,1
2022.01.26 21:38:00,BUY,1817.54,2800,2734,NONE,1,1,2.02,2.02,0.0,TP1,TP1,0,0,1,1,1,1,0,0,0,0,0,0,1,1,0.64,0.64,0.00,0.00,21,21,300.00,300.00,0,0,0,0,1,1
2022.01.27 01:01:00,SELL,1820.48,2801,2735,NONE,1,1,2.7,2.7,0.0,EMA->TP1,EMA->TP1,0,0,1,1,1,1,0,0,1,1,0,0,1,1,1.01,1.01,0.00,0.00,15,15,300.00,300.00,0,0,0,0,1,1
2022.01.27 11:29:00,BUY,1810.36,2802,2736,NONE,2,2,2.68,2.68,0.0,TP2,TP2,0,0,1,1,0,0,1,1,0,0,0,0,1,1,5.46,5.46,0.00,0.00,22,22,300.00,300.00,0,0,0,0,1,1
2022.01.27 12:27:00,SELL,1812.85,2803,2737,NONE,1,1,2.3,2.3,0.0,EMA->TP1,EMA->TP1,0,0,1,1,1,1,0,0,1,1,0,0,1,1,1.24,1.24,0.00,0.00,8,8,300.00,300.00,0,0,0,0,1,1
2022.01.27 20:22:00,SELL,1793.46,2804,2738,NONE,2,2,2.28,2.28,0.0,EMA->TP2,EMA->TP2,0,0,1,1,0,0,1,1,1,1,0,0,1,1,13.93,13.93,0.00,0.00,702,702,300.00,300.00,0,0,0,0,1,1
2022.01.28 08:21:00,BUY,1794.47,2805,2739,VETO,4,3,2.63,6.91,4.28,NET_BASKET_BE,EMA->TP3,0,0,0,1,0,0,0,0,0,1,0,0,1,1,65.47,61.49,0.01,0.01,230,294,300.00,300.00,1,0,0,0,1,1
2022.02.01 15:05:00,BUY,1801.72,2806,2740,NONE,1,1,9.81,9.81,0.0,EMA->TP1,EMA->TP1,0,0,1,1,1,1,0,0,1,1,0,0,1,1,21.91,21.91,0.00,0.00,4215,4215,300.00,300.00,0,0,0,0,1,1
2022.02.04 16:27:00,BUY,1805.16,2807,2741,NONE,1,1,3.34,3.34,0.0,EMA->TP1,EMA->TP1,0,0,1,1,1,1,0,0,1,1,0,0,1,1,3.12,3.12,0.00,0.00,3275,3275,300.00,300.00,0,0,0,0,1,1
2022.02.06 23:46:00,SELL,1810.34,2808,2742,NONE,2,2,2.07,2.07,0.0,TP2,TP2,0,0,1,1,0,0,1,1,0,0,0,0,1,1,12.15,12.15,0.00,0.00,82,82,300.00,300.00,0,0,0,0,1,1
2022.02.07 03:26:00,BUY,1810.35,2809,2743,NONE,1,1,2.01,2.01,0.0,EMA->TP1,EMA->TP1,0,0,1,1,1,1,0,0,1,1,0,0,1,1,1.52,1.52,0.00,0.00,271,271,300.00,300.00,0,0,0,0,1,1
2022.02.07 16:58:00,BUY,1817.45,2810,2744,NONE,1,1,2.17,2.17,0.0,EMA->TP1,EMA->TP1,0,0,1,1,1,1,0,0,1,1,0,0,1,1,0.74,0.74,0.00,0.00,34,34,300.00,300.00,0,0,0,0,1,1
2022.02.08 01:15:00,BUY,1821.13,2811,2745,NONE,3,3,3.21,3.21,0.0,EMA->TP3,EMA->TP3,0,0,1,1,0,0,0,0,1,1,0,0,1,1,22.96,22.96,0.00,0.00,443,443,300.00,300.00,0,0,0,0,1,1
2022.02.08 08:53:00,SELL,1819.40,2812,2746,ALLOW,4,4,2.84,2.84,0.0,EMA->NET_BASKET_BE,EMA->NET_BASKET_BE,0,0,0,0,0,0,0,0,1,1,0,0,1,1,65.15,65.15,0.01,0.01,1746,1746,300.00,300.00,1,1,0,0,1,1
2022.02.09 14:03:00,BUY,1826.72,2813,2747,NONE,1,1,2.91,2.91,0.0,EMA->TP1,EMA->TP1,0,0,1,1,1,1,0,0,1,1,0,0,1,1,2.18,2.18,0.00,0.00,42,42,300.00,300.00,0,0,0,0,1,1
2022.02.10 08:09:00,BUY,1833.26,2814,2748,NONE,3,3,9.2,9.2,0.0,EMA->TP3,EMA->TP3,0,0,1,1,0,0,0,0,1,1,0,0,1,1,42.51,42.51,0.01,0.01,331,331,300.00,300.00,0,0,0,0,1,1
2022.02.10 14:13:00,BUY,1829.01,2815,2749,NONE,1,1,5.45,5.45,0.0,EMA->TP1,EMA->TP1,0,0,1,1,1,1,0,0,1,1,0,0,1,1,4.79,4.79,0.00,0.00,53,53,300.00,300.00,0,0,0,0,1,1
2022.02.15 06:48:00,BUY,1878.47,2816,2750,ALLOW,5,5,-300.12,-300.12,0.0,EMA->SL$,EMA->SL$,1,1,0,0,0,0,0,0,1,1,1,1,0,0,304.68,304.68,0.06,0.06,158,158,300.00,300.00,0,0,0,0,1,1
2022.02.16 15:17:00,BUY,1863.50,2817,2751,NONE,1,1,5.32,5.32,0.0,EMA->TP1,EMA->TP1,0,0,1,1,1,1,0,0,1,1,0,0,1,1,3.55,3.55,0.00,0.00,132,132,300.00,300.00,0,0,0,0,1,1
2022.02.17 01:31:01,BUY,1869.24,2818,2752,NONE,1,1,2.19,2.19,0.0,EMA->TP1,EMA->TP1,0,0,1,1,1,1,0,0,1,1,0,0,1,1,2.71,2.71,0.00,0.00,143,143,300.00,300.00,0,0,0,0,1,1
2022.02.21 05:31:00,BUY,1892.12,2819,2753,NONE,2,2,3.46,3.46,0.0,TP2,TP2,0,0,1,1,0,0,1,1,0,0,0,0,1,1,10.18,10.18,0.00,0.00,149,149,300.00,300.00,0,0,0,0,1,1
2022.02.21 13:58:00,BUY,1897.35,2820,2754,NONE,1,1,11.4,11.4,0.0,EMA->TP1,EMA->TP1,0,0,1,1,1,1,0,0,1,1,0,0,1,1,4.98,4.98,0.00,0.00,542,542,300.00,300.00,0,0,0,0,1,1
2022.02.22 10:42:00,BUY,1896.95,2821,2755,NONE,1,1,5.36,5.36,0.0,EMA->TP1,EMA->TP1,0,0,1,1,1,1,0,0,1,1,0,0,1,1,3.92,3.92,0.00,0.00,198,198,300.00,300.00,0,0,0,0,1,1
2022.02.23 01:00:00,BUY,1900.68,2822,2756,NONE,2,2,2.0,2.0,0.0,EMA->TP2,EMA->TP2,0,0,1,1,0,0,1,1,1,1,0,0,1,1,3.13,3.13,0.00,0.00,31,31,300.00,300.00,0,0,0,0,1,1
2022.02.23 04:36:04,BUY,1899.42,2823,2757,ALLOW,5,5,2.4,2.4,0.0,NET_BASKET_BE,NET_BASKET_BE,0,0,0,0,0,0,0,0,0,0,1,1,1,1,57.84,57.84,0.01,0.01,131,131,300.00,300.00,1,1,0,0,1,1
2022.02.24 19:41:00,BUY,1887.49,2824,2758,NONE,1,1,20.58,20.58,0.0,EMA->TP1,EMA->TP1,0,0,1,1,1,1,0,0,1,1,0,0,1,1,10.66,10.66,0.00,0.00,286,286,300.00,300.00,0,0,0,0,1,1
2022.02.25 08:02:00,BUY,1915.61,2825,2759,NONE,2,2,9.02,9.02,0.0,TP2,TP2,0,0,1,1,0,0,1,1,0,0,0,0,1,1,8.55,8.55,0.00,0.00,34,34,300.00,300.00,0,0,0,0,1,1
2022.02.28 04:22:01,BUY,1908.16,2826,2760,NONE,1,1,2.85,2.85,0.0,EMA->TP1,EMA->TP1,0,0,1,1,1,1,0,0,1,1,0,0,1,1,2.94,2.94,0.00,0.00,27,27,300.00,300.00,0,0,0,0,1,1
2022.02.28 11:53:00,SELL,1907.08,2827,2761,NONE,3,3,7.94,7.94,0.0,EMA->TP3,EMA->TP3,0,0,1,1,0,0,0,0,1,1,0,0,1,1,38.5,38.5,0.01,0.01,159,159,300.00,300.00,0,0,0,0,1,1
2022.02.28 16:15:00,BUY,1904.17,2828,2762,NONE,3,3,13.26,13.26,0.0,TP3,TP3,0,0,1,1,0,0,0,0,0,0,0,0,1,1,43.74,43.74,0.01,0.01,124,124,300.00,300.00,0,0,0,0,1,1
2022.02.28 18:56:00,BUY,1898.38,2829,2763,NONE,1,1,2.07,2.07,0.0,EMA->TP1,EMA->TP1,0,0,1,1,1,1,0,0,1,1,0,0,1,1,1.13,1.13,0.00,0.00,15,15,300.00,300.00,0,0,0,0,1,1
2022.02.28 21:57:00,BUY,1909.67,2830,2764,NONE,2,2,7.16,7.16,0.0,EMA->TP2,EMA->TP2,0,0,1,1,0,0,1,1,1,1,0,0,1,1,15.4,15.4,0.00,0.00,603,603,300.00,300.00,0,0,0,0,1,1
2022.03.02 01:27:00,BUY,1933.24,2831,2765,NONE,1,1,4.32,4.32,0.0,TP1,TP1,0,0,1,1,1,1,0,0,0,0,0,0,1,1,2.24,2.24,0.00,0.00,38,38,300.00,300.00,0,0,0,0,1,1
2022.03.02 21:08:00,BUY,1927.01,2832,2766,NONE,1,1,3.22,3.22,0.0,EMA->TP1,EMA->TP1,0,0,1,1,1,1,0,0,1,1,0,0,1,1,1.83,1.83,0.00,0.00,148,148,300.00,300.00,0,0,0,0,1,1
2022.03.04 13:14:00,BUY,1942.18,2833,2767,NONE,1,1,5.38,5.38,0.0,EMA->TP1,EMA->TP1,0,0,1,1,1,1,0,0,1,1,0,0,1,1,4.61,4.61,0.00,0.00,40,40,300.00,300.00,0,0,0,0,1,1
2022.03.07 13:18:00,BUY,1983.57,2834,2768,NONE,3,3,28.09,28.09,0.0,TP2->TP3,TP2->TP3,0,0,1,1,0,0,1,1,0,0,0,0,1,1,70.0,70.0,0.01,0.01,38,38,300.00,300.00,0,0,0,0,1,1
2022.03.07 14:26:00,BUY,1972.11,2835,2769,NONE,1,1,10.42,10.42,0.0,EMA->TP1,EMA->TP1,0,0,1,1,1,1,0,0,1,1,0,0,1,1,3.82,3.82,0.00,0.00,17,17,300.00,300.00,0,0,0,0,1,1
2022.03.08 01:00:00,BUY,1992.33,2836,2770,NONE,2,2,3.84,3.84,0.0,TP2,TP2,0,0,1,1,0,0,1,1,0,0,0,0,1,1,5.34,5.34,0.00,0.00,4,4,300.00,300.00,0,0,0,0,1,1
2022.03.08 01:05:00,BUY,1992.50,2837,2771,NONE,2,2,9.47,9.47,0.0,EMA->TP2,EMA->TP2,0,0,1,1,0,0,1,1,1,1,0,0,1,1,22.18,22.18,0.00,0.00,267,267,300.00,300.00,0,0,0,0,1,1
2022.03.08 09:51:01,BUY,2009.12,2838,2772,NONE,2,2,7.39,7.39,0.0,EMA->TP2,EMA->TP2,0,0,1,1,0,0,1,1,1,1,0,0,1,1,9.43,9.43,0.00,0.00,47,47,300.00,300.00,0,0,0,0,1,1
2022.03.09 00:40:00,BUY,2039.89,2839,2773,NONE,1,1,9.55,9.55,0.0,EMA->TP1,EMA->TP1,0,0,1,1,1,1,0,0,1,1,0,0,1,1,8.24,8.24,0.00,0.00,110,110,300.00,300.00,0,0,0,0,1,1
2022.03.09 16:10:00,BUY,1998.31,2840,2774,NONE,2,2,22.47,22.47,0.0,EMA->TP2,EMA->TP2,0,0,1,1,0,0,1,1,1,1,0,0,1,1,81.66,81.66,0.02,0.02,1130,1130,300.00,300.00,0,0,0,0,1,1
2022.03.10 14:53:00,SELL,2003.85,2841,2775,NONE,1,1,8.25,8.25,0.0,EMA->TP1,EMA->TP1,0,0,1,1,1,1,0,0,1,1,0,0,1,1,1.8,1.8,0.00,0.00,67,67,300.00,300.00,0,0,0,0,1,1
2022.03.10 23:04:01,BUY,1997.64,2842,2776,NONE,3,3,12.91,12.91,0.0,EMA->TP3,EMA->TP3,0,0,1,1,0,0,0,0,1,1,0,0,1,1,58.45,58.45,0.01,0.01,574,574,300.00,300.00,0,0,0,0,1,1
2022.03.11 15:22:00,SELL,1978.94,2843,2777,NONE,1,1,8.02,8.02,0.0,EMA->TP1,EMA->TP1,0,0,1,1,1,1,0,0,1,1,0,0,1,1,1.72,1.72,0.00,0.00,6,6,300.00,300.00,0,0,0,0,1,1
2022.03.11 18:32:00,BUY,1984.24,2844,2778,NONE,2,2,11.18,11.18,0.0,EMA->TP2,EMA->TP2,0,0,1,1,0,0,1,1,1,1,0,0,1,1,32.58,32.58,0.01,0.01,3137,3137,300.00,300.00,0,0,0,0,1,1
2022.03.14 00:58:00,SELL,1977.00,2845,2779,NONE,1,1,4.04,4.04,0.0,EMA->TP1,EMA->TP1,0,0,1,1,1,1,0,0,1,1,0,0,1,1,1.97,1.97,0.00,0.00,14,14,300.00,300.00,0,0,0,0,1,1
2022.03.14 02:35:00,BUY,1973.78,2846,2780,NONE,2,2,2.94,2.94,0.0,TP2,TP2,0,0,1,1,0,0,1,1,0,0,0,0,1,1,3.84,3.84,0.00,0.00,36,36,300.00,300.00,0,0,0,0,1,1
2022.03.14 10:09:00,BUY,1965.70,2847,2781,NONE,2,2,7.84,7.84,0.0,EMA->TP2,EMA->TP2,0,0,1,1,0,0,1,1,1,1,0,0,1,1,28.06,28.06,0.01,0.01,104,104,300.00,300.00,0,0,0,0,1,1
2022.03.14 11:54:00,BUY,1965.44,2848,2782,VETO,5,3,-304.35,-312.43,-8.08,EMA->SL$,EMA->SL$,1,1,0,0,0,0,0,0,1,1,1,0,0,0,298.03,301.29,0.06,0.06,1516,3021,300.00,300.00,0,0,0,0,1,1
2022.03.16 22:37:01,BUY,1925.97,2851,2783,NONE,1,1,2.2,2.2,0.0,EMA->TP1,EMA->TP1,0,0,1,1,1,1,0,0,1,1,0,0,1,1,4.25,4.25,0.00,0.00,172,172,300.00,300.00,0,0,0,0,1,1
2022.03.17 04:47:01,BUY,1936.52,2852,2784,NONE,3,3,4.56,4.56,0.0,EMA->TP3,EMA->TP3,0,0,1,1,0,0,0,0,1,1,0,0,1,1,18.8,18.8,0.00,0.00,120,120,300.00,300.00,0,0,0,0,1,1
2022.03.17 19:55:00,BUY,1937.65,2853,2785,NONE,1,1,2.85,2.85,0.0,EMA->TP1,EMA->TP1,0,0,1,1,1,1,0,0,1,1,0,0,1,1,2.35,2.35,0.00,0.00,38,38,300.00,300.00,0,0,0,0,1,1
2022.03.18 01:14:01,BUY,1939.86,2854,2786,NONE,1,1,2.39,2.39,0.0,EMA->TP1,EMA->TP1,0,0,1,1,1,1,0,0,1,1,0,0,1,1,1.29,1.29,0.00,0.00,10,10,300.00,300.00,0,0,0,0,1,1
2022.03.18 03:45:00,BUY,1934.33,2855,2787,NONE,2,2,5.33,5.33,0.0,TP2,TP2,0,0,1,1,0,0,1,1,0,0,0,0,1,1,7.37,7.37,0.00,0.00,156,156,300.00,300.00,0,0,0,0,1,1
2022.03.21 06:09:00,BUY,1923.95,2856,2788,NONE,1,1,2.43,2.43,0.0,EMA->TP1,EMA->TP1,0,0,1,1,1,1,0,0,1,1,0,0,1,1,3.33,3.33,0.00,0.00,155,155,300.00,300.00,0,0,0,0,1,1
2022.03.21 20:46:04,BUY,1935.25,2857,2789,NONE,3,3,23.6,23.6,0.0,EMA->TP2->TP3,EMA->TP2->TP3,0,0,1,1,0,0,1,1,1,1,0,0,1,1,22.38,22.38,0.00,0.00,433,433,300.00,300.00,0,0,0,0,1,1
2022.03.22 04:01:03,BUY,1936.71,2858,2790,NONE,3,3,17.87,17.87,0.0,EMA->TP3,EMA->TP3,0,0,1,1,0,0,0,0,1,1,0,0,1,1,73.99,73.99,0.01,0.01,1742,1742,300.00,300.00,0,0,0,0,1,1
2022.03.24 00:10:00,BUY,1946.39,2859,2791,NONE,1,1,2.07,2.07,0.0,EMA->TP1,EMA->TP1,0,0,1,1,1,1,0,0,1,1,0,0,1,1,1.06,1.06,0.00,0.00,19,19,300.00,300.00,0,0,0,0,1,1
2022.03.24 02:51:02,BUY,1941.31,2860,2792,NONE,2,2,3.5,3.5,0.0,EMA->TP2,EMA->TP2,0,0,1,1,0,0,1,1,1,1,0,0,1,1,9.78,9.78,0.00,0.00,198,198,300.00,300.00,0,0,0,0,1,1
2022.03.25 00:43:00,SELL,1960.88,2861,2793,NONE,2,2,4.57,4.57,0.0,TP2,TP2,0,0,1,1,0,0,1,1,0,0,0,0,1,1,3.4,3.4,0.00,0.00,77,77,300.00,300.00,0,0,0,0,1,1
2022.03.28 02:25:00,BUY,1946.79,2862,2794,NONE,1,1,2.02,2.02,0.0,TP1,TP1,0,0,1,1,1,1,0,0,0,0,0,0,1,1,0.77,0.77,0.00,0.00,13,13,300.00,300.00,0,0,0,0,1,1
2022.03.28 10:06:00,SELL,1931.66,2863,2795,NONE,1,1,3.66,3.66,0.0,EMA->TP1,EMA->TP1,0,0,1,1,1,1,0,0,1,1,0,0,1,1,2.5,2.5,0.00,0.00,51,51,300.00,300.00,0,0,0,0,1,1
2022.03.28 13:59:00,SELL,1934.71,2864,2796,NONE,1,1,12.01,12.01,0.0,EMA->TP1,EMA->TP1,0,0,1,1,1,1,0,0,1,1,0,0,1,1,9.07,9.07,0.00,0.00,306,306,300.00,300.00,0,0,0,0,1,1
2022.03.29 01:59:00,BUY,1927.57,2865,2797,NONE,2,2,2.88,2.88,0.0,EMA->TP2,EMA->TP2,0,0,1,1,0,0,1,1,1,1,0,0,1,1,4.1,4.1,0.00,0.00,92,92,300.00,300.00,0,0,0,0,1,1
2022.03.29 04:45:00,BUY,1922.05,2866,2798,NONE,1,1,2.01,2.01,0.0,TP1->EMA->TP1,TP1->EMA->TP1,0,0,1,1,1,1,0,0,1,1,0,0,1,1,1.49,1.49,0.00,0.00,48,48,300.00,300.00,0,0,0,0,1,1
2022.03.29 05:34:00,BUY,1924.49,2867,2799,NONE,3,3,17.36,17.36,0.0,EMA->TP3,EMA->TP3,0,0,1,1,0,0,0,0,1,1,0,0,1,1,93.58,93.58,0.02,0.02,866,866,300.00,300.00,0,0,0,0,1,1
2022.03.31 22:23:05,BUY,1937.40,2868,2800,NONE,3,3,2.58,2.58,0.0,TP3,TP3,0,0,1,1,0,0,0,0,0,0,0,0,1,1,16.98,16.98,0.00,0.00,161,161,300.00,300.00,0,0,0,0,1,1
2022.04.01 07:23:00,BUY,1931.40,2869,2801,NONE,1,1,2.72,2.72,0.0,EMA->TP1,EMA->TP1,0,0,1,1,1,1,0,0,1,1,0,0,1,1,3.47,3.47,0.00,0.00,100,100,300.00,300.00,0,0,0,0,1,1
2022.04.01 09:31:00,SELL,1933.93,2870,2802,NONE,1,1,6.1,6.1,0.0,EMA->TP1,EMA->TP1,0,0,1,1,1,1,0,0,1,1,0,0,1,1,2.45,2.45,0.00,0.00,89,89,300.00,300.00,0,0,0,0,1,1
2022.04.04 01:38:02,BUY,1924.35,2871,2803,ALLOW,4,4,2.16,2.16,0.0,EMA->NET_BASKET_BE,EMA->NET_BASKET_BE,0,0,0,0,0,0,0,0,1,1,0,0,1,1,39.09,39.09,0.01,0.01,244,244,300.00,300.00,1,1,0,0,1,1
2022.04.05 09:46:00,SELL,1929.76,2872,2804,NONE,1,1,2.18,2.18,0.0,EMA->TP1,EMA->TP1,0,0,1,1,1,1,0,0,1,1,0,0,1,1,2.4,2.4,0.00,0.00,39,39,300.00,300.00,0,0,0,0,1,1
2022.04.06 09:42:02,BUY,1929.52,2873,2805,NONE,3,3,9.43,9.43,0.0,EMA->TP3,EMA->TP3,0,0,1,1,0,0,0,0,1,1,0,0,1,1,45.01,45.01,0.01,0.01,197,197,300.00,300.00,0,0,0,0,1,1
2022.04.07 02:39:00,BUY,1922.85,2874,2806,NONE,1,1,3.35,3.35,0.0,EMA->TP1,EMA->TP1,0,0,1,1,1,1,0,0,1,1,0,0,1,1,4.78,4.78,0.00,0.00,245,245,300.00,300.00,0,0,0,0,1,1
2022.04.08 00:40:01,SELL,1933.82,2875,2807,NONE,1,1,2.15,2.15,0.0,EMA->TP1,EMA->TP1,0,0,1,1,1,1,0,0,1,1,0,0,1,1,1.42,1.42,0.00,0.00,104,104,300.00,300.00,0,0,0,0,1,1
2022.04.08 10:23:01,SELL,1933.21,2876,2808,NONE,1,1,2.0,2.0,0.0,EMA->TP1,EMA->TP1,0,0,1,1,1,1,0,0,1,1,0,0,1,1,1.62,1.62,0.00,0.00,46,46,300.00,300.00,0,0,0,0,1,1
2022.04.08 15:13:00,BUY,1943.40,2877,2809,NONE,2,2,4.1,4.1,0.0,EMA->TP2,EMA->TP2,0,0,1,1,0,0,1,1,1,1,0,0,1,1,10.76,10.76,0.00,0.00,168,168,300.00,300.00,0,0,0,0,1,1
2022.04.12 20:46:03,BUY,1965.42,2878,2810,NONE,1,1,2.01,2.01,0.0,TP1->EMA->TP1,TP1->EMA->TP1,0,0,1,1,1,1,0,0,1,1,0,0,1,1,0.74,0.74,0.00,0.00,77,77,300.00,300.00,0,0,0,0,1,1
2022.04.12 23:19:03,BUY,1965.51,2879,2811,NONE,3,3,30.07,30.07,0.0,EMA->TP1->TP2->TP3,EMA->TP1->TP2->TP3,0,0,1,1,1,1,1,1,1,1,0,0,1,1,10.29,10.29,0.00,0.00,160,160,300.00,300.00,0,0,0,0,1,1
2022.04.13 11:09:01,BUY,1976.70,2880,2812,NONE,1,1,2.38,2.38,0.0,EMA->TP1,EMA->TP1,0,0,1,1,1,1,0,0,1,1,0,0,1,1,2.36,2.36,0.00,0.00,22,22,300.00,300.00,0,0,0,0,1,1
2022.04.14 12:41:00,BUY,1972.35,2881,2813,NONE,1,1,4.94,4.94,0.0,EMA->TP1,EMA->TP1,0,0,1,1,1,1,0,0,1,1,0,0,1,1,3.35,3.35,0.00,0.00,25,25,300.00,300.00,0,0,0,0,1,1
2022.04.18 19:59:00,BUY,1978.81,2882,2814,NONE,2,2,2.22,2.22,0.0,TP2,TP2,0,0,1,1,0,0,1,1,0,0,0,0,1,1,6.43,6.43,0.00,0.00,259,259,300.00,300.00,0,0,0,0,1,1
2022.04.20 08:57:00,SELL,1946.29,2883,2815,NONE,2,2,2.16,2.16,0.0,TP2,TP2,0,0,1,1,0,0,1,1,0,0,0,0,1,1,6.45,6.45,0.00,0.00,47,47,300.00,300.00,0,0,0,0,1,1
2022.04.20 11:44:00,SELL,1953.40,2884,2816,NONE,1,1,2.59,2.59,0.0,EMA->TP1,EMA->TP1,0,0,1,1,1,1,0,0,1,1,0,0,1,1,1.97,1.97,0.00,0.00,21,21,300.00,300.00,0,0,0,0,1,1
2022.04.21 03:06:00,BUY,1952.36,2885,2817,NONE,2,2,3.07,3.07,0.0,EMA->TP2,EMA->TP2,0,0,1,1,0,0,1,1,1,1,0,0,1,1,4.15,4.15,0.00,0.00,144,144,300.00,300.00,0,0,0,0,1,1
2022.04.21 06:00:00,SELL,1952.96,2886,2818,NONE,1,1,2.0,2.0,0.0,EMA->TP1,EMA->TP1,0,0,1,1,1,1,0,0,1,1,0,0,1,1,2.61,2.61,0.00,0.00,72,72,300.00,300.00,0,0,0,0,1,1
2022.04.21 10:30:00,SELL,1945.50,2887,2819,NONE,1,1,2.89,2.89,0.0,EMA->TP1,EMA->TP1,0,0,1,1,1,1,0,0,1,1,0,0,1,1,3.27,3.27,0.00,0.00,32,32,300.00,300.00,0,0,0,0,1,1
2022.04.21 11:26:00,BUY,1941.82,2888,2820,NONE,2,2,6.59,6.59,0.0,TP2,TP2,0,0,1,1,0,0,1,1,0,0,0,0,1,1,8.92,8.92,0.00,0.00,41,41,300.00,300.00,0,0,0,0,1,1
2022.04.21 23:27:00,SELL,1952.27,2889,2821,NONE,1,1,2.19,2.19,0.0,TP1->EMA->TP1,TP1->EMA->TP1,0,0,1,1,1,1,0,0,1,1,0,0,1,1,1.9,1.9,0.00,0.00,62,62,300.00,300.00,0,0,0,0,1,1
2022.04.22 06:14:00,SELL,1954.47,2890,2822,NONE,1,1,2.68,2.68,0.0,EMA->TP1,EMA->TP1,0,0,1,1,1,1,0,0,1,1,0,0,1,1,1.42,1.42,0.00,0.00,38,38,300.00,300.00,0,0,0,0,1,1
2022.04.22 07:58:00,SELL,1952.41,2891,2823,NONE,1,1,5.62,5.62,0.0,EMA->TP1,EMA->TP1,0,0,1,1,1,1,0,0,1,1,0,0,1,1,2.16,2.16,0.00,0.00,32,32,300.00,300.00,0,0,0,0,1,1
2022.04.25 03:35:00,BUY,1923.83,2892,2824,NONE,3,3,17.53,17.53,0.0,EMA->TP3,EMA->TP3,0,0,1,1,0,0,0,0,1,1,0,0,1,1,28.4,28.4,0.01,0.01,294,294,300.00,300.00,0,0,0,0,1,1
2022.04.29 02:27:00,BUY,1901.26,2893,2825,NONE,1,1,3.58,3.58,0.0,EMA->TP1,EMA->TP1,0,0,1,1,1,1,0,0,1,1,0,0,1,1,3.11,3.11,0.00,0.00,98,98,300.00,300.00,0,0,0,0,1,1
2022.04.29 12:45:00,BUY,1911.00,2894,2826,ALLOW,4,4,-301.51,-301.51,0.0,EMA->SL$,EMA->SL$,1,1,0,0,0,0,0,0,1,1,0,0,0,0,303.13,303.13,0.06,0.06,5498,5498,300.00,300.00,0,0,0,0,1,1
2022.05.04 18:03:00,BUY,1871.57,2895,2827,NONE,1,1,19.26,19.26,0.0,EMA->TP1,EMA->TP1,0,0,1,1,1,1,0,0,1,1,0,0,1,1,14.6,14.6,0.00,0.00,347,347,300.00,300.00,0,0,0,0,1,1
2022.05.05 09:34:00,SELL,1894.87,2896,2828,NONE,2,2,4.22,4.22,0.0,EMA->TP2,EMA->TP2,0,0,1,1,0,0,1,1,1,1,0,0,1,1,6.95,6.95,0.00,0.00,68,68,300.00,300.00,0,0,0,0,1,1
2022.05.05 14:00:00,BUY,1895.20,2897,2829,NONE,2,2,10.76,10.76,0.0,TP2,TP2,0,0,1,1,0,0,1,1,0,0,0,0,1,1,11.5,11.5,0.00,0.00,18,18,300.00,300.00,0,0,0,0,1,1
2022.05.05 15:16:00,BUY,1881.47,2898,2830,NONE,2,2,9.34,9.34,0.0,EMA->TP2,EMA->TP2,0,0,1,1,0,0,1,1,1,1,0,0,1,1,20.76,20.76,0.00,0.00,256,256,300.00,300.00,0,0,0,0,1,1
2022.05.06 05:06:01,BUY,1876.40,2899,2831,NONE,2,2,2.66,2.66,0.0,EMA->TP2,EMA->TP2,0,0,1,1,0,0,1,1,1,1,0,0,1,1,5.36,5.36,0.00,0.00,75,75,300.00,300.00,0,0,0,0,1,1
2022.05.08 22:58:01,BUY,1881.86,2900,2832,NONE,2,2,3.44,3.44,0.0,EMA->TP2,EMA->TP2,0,0,1,1,0,0,1,1,1,1,0,0,1,1,8.59,8.59,0.00,0.00,114,114,300.00,300.00,0,0,0,0,1,1
2022.05.09 04:10:13,BUY,1875.54,2901,2833,ALLOW,4,4,2.11,2.11,0.0,NET_BASKET_BE,NET_BASKET_BE,0,0,0,0,0,0,0,0,0,0,0,0,1,1,50.96,50.96,0.01,0.01,241,241,300.00,300.00,1,1,0,0,1,1
2022.05.10 06:55:00,BUY,1860.96,2902,2834,NONE,1,1,3.13,3.13,0.0,EMA->TP1,EMA->TP1,0,0,1,1,1,1,0,0,1,1,0,0,1,1,4.07,4.07,0.00,0.00,112,112,300.00,300.00,0,0,0,0,1,1
2022.05.10 19:40:00,BUY,1841.64,2903,2835,NONE,3,3,2.58,2.58,0.0,EMA->TP3,EMA->TP3,0,0,1,1,0,0,0,0,1,1,0,0,1,1,38.33,38.33,0.01,0.01,390,390,300.00,300.00,0,0,0,0,1,1
2022.05.11 18:44:01,BUY,1851.95,2904,2836,NONE,1,1,2.77,2.77,0.0,EMA->TP1,EMA->TP1,0,0,1,1,1,1,0,0,1,1,0,0,1,1,3.58,3.58,0.00,0.00,303,303,300.00,300.00,0,0,0,0,1,1
2022.05.12 03:59:00,BUY,1852.95,2905,2837,NONE,2,2,2.93,2.93,0.0,TP2,TP2,0,0,1,1,0,0,1,1,0,0,0,0,1,1,5.24,5.24,0.00,0.00,53,53,300.00,300.00,0,0,0,0,1,1
2022.05.12 09:03:00,BUY,1849.10,2906,2838,NONE,2,2,7.65,7.65,0.0,EMA->TP2,EMA->TP2,0,0,1,1,0,0,1,1,1,1,0,0,1,1,20.17,20.17,0.00,0.00,258,258,300.00,300.00,0,0,0,0,1,1
2022.05.13 08:41:00,BUY,1822.03,2907,2839,NONE,3,3,14.75,14.75,0.0,EMA->TP3,EMA->TP3,0,0,1,1,0,0,0,0,1,1,0,0,1,1,95.56,95.56,0.02,0.02,327,327,300.00,300.00,0,0,0,0,1,1
2022.05.13 15:37:00,BUY,1812.43,2908,2840,NONE,2,2,4.48,4.48,0.0,TP2->EMA->TP2,TP2->EMA->TP2,0,0,1,1,0,0,1,1,1,1,0,0,1,1,10.52,10.52,0.00,0.00,38,38,300.00,300.00,0,0,0,0,1,1
2022.05.15 23:06:00,BUY,1810.73,2909,2841,NONE,2,2,2.26,2.26,0.0,EMA->TP2,EMA->TP2,0,0,1,1,0,0,1,1,1,1,0,0,1,1,3.16,3.16,0.00,0.00,6,6,300.00,300.00,0,0,0,0,1,1
2022.05.15 23:19:00,BUY,1811.88,2910,2842,NONE,2,2,2.02,2.02,0.0,EMA->TP2,EMA->TP2,0,0,1,1,0,0,1,1,1,1,0,0,1,1,2.09,2.09,0.00,0.00,9,9,300.00,300.00,0,0,0,0,1,1
2022.05.16 02:14:01,BUY,1812.77,2911,2843,VETO,4,3,2.09,11.47,9.38,EMA->NET_BASKET_BE,EMA->TP3,0,0,0,1,0,0,0,0,1,1,0,0,1,1,145.64,120.22,0.03,0.02,432,629,300.00,300.00,1,0,0,0,1,1
2022.05.17 12:39:00,BUY,1831.69,2912,2844,NONE,3,3,19.49,19.49,0.0,EMA->TP3,EMA->TP3,0,0,1,1,0,0,0,0,1,1,0,0,1,1,82.22,82.22,0.02,0.02,1623,1623,300.00,300.00,0,0,0,0,1,1
2022.05.18 19:52:00,BUY,1816.92,2913,2845,NONE,2,2,2.07,2.07,0.0,EMA->TP2,EMA->TP2,0,0,1,1,0,0,1,1,1,1,0,0,1,1,15.24,15.24,0.00,0.00,771,771,300.00,300.00,0,0,0,0,1,1
2022.05.20 01:34:00,BUY,1839.39,2914,2846,NONE,2,2,3.89,3.89,0.0,TP2,TP2,0,0,1,1,0,0,1,1,0,0,0,0,1,1,3.96,3.96,0.00,0.00,80,80,300.00,300.00,0,0,0,0,1,1
2022.05.20 04:03:00,SELL,1840.94,2915,2847,NONE,3,3,2.15,2.15,0.0,TP2->EMA->TP3,TP2->EMA->TP3,0,0,1,1,0,0,1,1,1,1,0,0,1,1,38.18,38.18,0.01,0.01,215,215,300.00,300.00,0,0,0,0,1,1
2022.05.20 12:33:00,SELL,1844.98,2916,2848,NONE,1,1,4.63,4.63,0.0,EMA->TP1,EMA->TP1,0,0,1,1,1,1,0,0,1,1,0,0,1,1,3.02,3.02,0.00,0.00,28,28,300.00,300.00,0,0,0,0,1,1
2022.05.22 22:11:01,SELL,1845.52,2917,2849,NONE,2,2,4.57,4.57,0.0,EMA->TP2,EMA->TP2,0,0,1,1,0,0,1,1,1,1,0,0,1,1,6.54,6.54,0.00,0.00,80,80,300.00,300.00,0,0,0,0,1,1
2022.05.23 08:12:00,SELL,1857.15,2918,2850,NONE,2,2,4.55,4.55,0.0,EMA->TP2,EMA->TP2,0,0,1,1,0,0,1,1,1,1,0,0,1,1,20.01,20.01,0.00,0.00,258,258,300.00,300.00,0,0,0,0,1,1
2022.05.23 12:51:00,BUY,1858.29,2919,2851,NONE,2,2,5.32,5.32,0.0,EMA->TP2,EMA->TP2,0,0,1,1,0,0,1,1,1,1,0,0,1,1,12.66,12.66,0.00,0.00,93,93,300.00,300.00,0,0,0,0,1,1
2022.05.23 23:17:06,SELL,1853.46,2920,2852,NONE,2,2,2.01,2.01,0.0,EMA->TP2,EMA->TP2,0,0,1,1,0,0,1,1,1,1,0,0,1,1,4.25,4.25,0.00,0.00,50,50,300.00,300.00,0,0,0,0,1,1
2022.05.26 09:25:00,BUY,1845.39,2921,2853,NONE,2,2,5.31,5.31,0.0,EMA->TP2,EMA->TP2,0,0,1,1,0,0,1,1,1,1,0,0,1,1,9.38,9.38,0.00,0.00,147,147,300.00,300.00,0,0,0,0,1,1
2022.05.26 14:49:01,BUY,1850.39,2922,2854,NONE,2,2,3.91,3.91,0.0,EMA->TP2,EMA->TP2,0,0,1,1,0,0,1,1,1,1,0,0,1,1,14.39,14.39,0.00,0.00,161,161,300.00,300.00,0,0,0,0,1,1
2022.05.26 19:17:00,SELL,1852.93,2923,2855,NONE,1,1,2.01,2.01,0.0,TP1->EMA->TP1,TP1->EMA->TP1,0,0,1,1,1,1,0,0,1,1,0,0,1,1,1.26,1.26,0.00,0.00,100,100,300.00,300.00,0,0,0,0,1,1
2022.05.27 02:34:00,BUY,1854.85,2924,2856,NONE,2,2,3.39,3.39,0.0,EMA->TP2,EMA->TP2,0,0,1,1,0,0,1,1,1,1,0,0,1,1,3.72,3.72,0.00,0.00,53,53,300.00,300.00,0,0,0,0,1,1
2022.05.27 10:57:00,BUY,1858.66,2925,2857,NONE,1,1,2.62,2.62,0.0,EMA->TP1,EMA->TP1,0,0,1,1,1,1,0,0,1,1,0,0,1,1,2.72,2.72,0.00,0.00,67,67,300.00,300.00,0,0,0,0,1,1
2022.05.30 07:52:01,BUY,1860.81,2926,2858,NONE,3,3,4.52,4.52,0.0,EMA->TP3,EMA->TP3,0,0,1,1,0,0,0,0,1,1,0,0,1,1,24.63,24.63,0.00,0.00,326,326,300.00,300.00,0,0,0,0,1,1
2022.05.31 07:41:00,SELL,1854.21,2927,2859,NONE,1,1,3.36,3.36,0.0,EMA->TP1,EMA->TP1,0,0,1,1,1,1,0,0,1,1,0,0,1,1,3.39,3.39,0.00,0.00,122,122,300.00,300.00,0,0,0,0,1,1
2022.05.31 13:06:00,BUY,1849.52,2928,2860,NONE,1,1,3.9,3.9,0.0,EMA->TP1,EMA->TP1,0,0,1,1,1,1,0,0,1,1,0,0,1,1,1.75,1.75,0.00,0.00,25,25,300.00,300.00,0,0,0,0,1,1
2022.05.31 17:03:00,SELL,1845.40,2929,2861,NONE,1,1,2.15,2.15,0.0,EMA->TP1,EMA->TP1,0,0,1,1,1,1,0,0,1,1,0,0,1,1,2.43,2.43,0.00,0.00,53,53,300.00,300.00,0,0,0,0,1,1
2022.05.31 18:15:01,BUY,1842.97,2930,2862,NONE,2,2,2.11,2.11,0.0,TP2,TP2,0,0,1,1,0,0,1,1,0,0,0,0,1,1,2.65,2.65,0.00,0.00,27,27,300.00,300.00,0,0,0,0,1,1
2022.05.31 20:50:00,SELL,1837.57,2931,2863,NONE,1,1,2.34,2.34,0.0,EMA->TP1,EMA->TP1,0,0,1,1,1,1,0,0,1,1,0,0,1,1,1.83,1.83,0.00,0.00,192,192,300.00,300.00,0,0,0,0,1,1
2022.06.01 01:37:00,SELL,1834.73,2932,2864,NONE,1,1,4.07,4.07,0.0,EMA->TP1,EMA->TP1,0,0,1,1,1,1,0,0,1,1,0,0,1,1,4.63,4.63,0.00,0.00,225,225,300.00,300.00,0,0,0,0,1,1
2022.06.01 18:30:00,BUY,1847.78,2933,2865,NONE,2,2,2.0,2.0,0.0,EMA->TP2,EMA->TP2,0,0,1,1,0,0,1,1,1,1,0,0,1,1,11.93,11.93,0.00,0.00,671,671,300.00,300.00,0,0,0,0,1,1
2022.06.02 12:21:00,BUY,1858.06,2934,2866,NONE,2,2,9.96,9.96,0.0,EMA->TP2,EMA->TP2,0,0,1,1,0,0,1,1,1,1,0,0,1,1,9.1,9.1,0.00,0.00,29,29,300.00,300.00,0,0,0,0,1,1
2022.06.02 17:03:00,BUY,1868.64,2935,2867,NONE,1,1,2.0,2.0,0.0,EMA->TP1,EMA->TP1,0,0,1,1,1,1,0,0,1,1,0,0,1,1,3.17,3.17,0.00,0.00,448,448,300.00,300.00,0,0,0,0,1,1
2022.06.03 17:26:00,BUY,1849.22,2936,2868,NONE,1,1,2.06,2.06,0.0,EMA->TP1,EMA->TP1,0,0,1,1,1,1,0,0,1,1,0,0,1,1,2.76,2.76,0.00,0.00,3210,3210,300.00,300.00,0,0,0,0,1,1
2022.06.06 00:40:01,BUY,1851.72,2937,2869,NONE,1,1,2.02,2.02,0.0,EMA->TP1,EMA->TP1,0,0,1,1,1,1,0,0,1,1,0,0,1,1,1.42,1.42,0.00,0.00,40,40,300.00,300.00,0,0,0,0,1,1
2022.06.06 03:00:00,SELL,1854.41,2938,2870,NONE,2,2,2.23,2.23,0.0,EMA->TP2,EMA->TP2,0,0,1,1,0,0,1,1,1,1,0,0,1,1,5.45,5.45,0.00,0.00,151,151,300.00,300.00,0,0,0,0,1,1
2022.06.06 06:10:00,BUY,1855.18,2939,2871,NONE,2,2,2.7,2.7,0.0,EMA->TP2,EMA->TP2,0,0,1,1,0,0,1,1,1,1,0,0,1,1,10.95,10.95,0.00,0.00,253,253,300.00,300.00,0,0,0,0,1,1
2022.06.06 14:00:00,BUY,1850.63,2940,2872,NONE,3,3,4.22,4.22,0.0,EMA->TP3,EMA->TP3,0,0,1,1,0,0,0,0,1,1,0,0,1,1,52.7,52.7,0.01,0.01,1051,1051,300.00,300.00,0,0,0,0,1,1
2022.06.07 15:12:00,BUY,1851.77,2941,2873,NONE,2,2,4.16,4.16,0.0,EMA->TP2,EMA->TP2,0,0,1,1,0,0,1,1,1,1,0,0,1,1,5.58,5.58,0.00,0.00,177,177,300.00,300.00,0,0,0,0,1,1
2022.06.08 06:47:01,BUY,1850.15,2942,2874,NONE,2,2,2.95,2.95,0.0,EMA->TP2,EMA->TP2,0,0,1,1,0,0,1,1,1,1,0,0,1,1,7.36,7.36,0.00,0.00,56,56,300.00,300.00,0,0,0,0,1,1
2022.06.08 11:04:00,BUY,1847.88,2943,2875,NONE,1,1,2.17,2.17,0.0,EMA->TP1,EMA->TP1,0,0,1,1,1,1,0,0,1,1,0,0,1,1,0.94,0.94,0.00,0.00,19,19,300.00,300.00,0,0,0,0,1,1
2022.06.08 15:43:00,SELL,1858.20,2944,2876,NONE,1,1,2.02,2.02,0.0,TP1->EMA->TP1,TP1->EMA->TP1,0,0,1,1,1,1,0,0,1,1,0,0,1,1,1.75,1.75,0.00,0.00,60,60,300.00,300.00,0,0,0,0,1,1
2022.06.09 16:33:00,SELL,1847.40,2945,2877,NONE,2,2,2.09,2.09,0.0,EMA->TP2,EMA->TP2,0,0,1,1,0,0,1,1,1,1,0,0,1,1,7.44,7.44,0.00,0.00,173,173,300.00,300.00,0,0,0,0,1,1
2022.06.10 11:01:00,BUY,1843.58,2946,2878,ALLOW,5,5,3.22,3.22,0.0,NET_BASKET_BE,NET_BASKET_BE,0,0,0,0,0,0,0,0,0,0,1,1,1,1,127.43,127.43,0.03,0.03,96,96,300.00,300.00,1,1,0,0,1,1
2022.06.10 18:42:00,SELL,1873.52,2947,2879,NONE,1,1,2.0,2.0,0.0,TP1,TP1,0,0,1,1,1,1,0,0,0,0,0,0,1,1,2.01,2.01,0.00,0.00,57,57,300.00,300.00,0,0,0,0,1,1
2022.06.12 22:01:00,BUY,1875.91,2948,2880,VETO,4,3,-300.26,-314.32,-14.06,EMA->SL$,EMA->SL$,1,1,0,0,0,0,0,0,1,1,0,0,0,0,302.81,302.19,0.06,0.06,1378,1441,300.00,300.00,0,0,0,0,1,1
2022.06.14 01:34:00,BUY,1824.41,2949,2881,NONE,1,1,2.62,2.62,0.0,EMA->TP1,EMA->TP1,0,0,1,1,1,1,0,0,1,1,0,0,1,1,1.8,1.8,0.00,0.00,80,80,300.00,300.00,0,0,0,0,1,1
2022.06.14 05:04:00,BUY,1824.82,2950,2882,NONE,1,1,2.26,2.26,0.0,EMA->TP1,EMA->TP1,0,0,1,1,1,1,0,0,1,1,0,0,1,1,2.26,2.26,0.00,0.00,49,49,300.00,300.00,0,0,0,0,1,1
2022.06.14 10:17:00,BUY,1824.06,2951,2883,NONE,3,3,5.25,5.25,0.0,EMA->TP3,EMA->TP3,0,0,1,1,0,0,0,0,1,1,0,0,1,1,77.71,77.71,0.02,0.02,1185,1185,300.00,300.00,0,0,0,0,1,1
2022.06.16 01:16:00,BUY,1833.69,2952,2884,NONE,2,2,2.88,2.88,0.0,EMA->TP2,EMA->TP2,0,0,1,1,0,0,1,1,1,1,0,0,1,1,8.21,8.21,0.00,0.00,127,127,300.00,300.00,0,0,0,0,1,1
2022.06.16 04:04:00,SELL,1832.34,2953,2885,NONE,1,1,2.13,2.13,0.0,EMA->TP1,EMA->TP1,0,0,1,1,1,1,0,0,1,1,0,0,1,1,0.85,0.85,0.00,0.00,19,19,300.00,300.00,0,0,0,0,1,1
2022.06.16 07:23:00,BUY,1827.77,2954,2886,NONE,1,1,3.07,3.07,0.0,EMA->TP1,EMA->TP1,0,0,1,1,1,1,0,0,1,1,0,0,1,1,3.94,3.94,0.00,0.00,52,52,300.00,300.00,0,0,0,0,1,1
2022.06.16 10:59:00,BUY,1821.99,2955,2887,NONE,2,2,6.06,6.06,0.0,TP2,TP2,0,0,1,1,0,0,1,1,0,0,0,0,1,1,13.41,13.41,0.00,0.00,6,6,300.00,300.00,0,0,0,0,1,1
2022.06.16 14:42:00,SELL,1829.34,2956,2888,ALLOW,4,4,3.57,3.57,0.0,NET_BASKET_BE,NET_BASKET_BE,0,0,0,0,0,0,0,0,0,0,0,0,1,1,161.58,161.58,0.03,0.03,1397,1397,300.00,300.00,1,1,0,0,1,1
2022.06.17 16:04:00,BUY,1842.18,2957,2889,NONE,3,3,8.36,8.36,0.0,EMA->TP3,EMA->TP3,0,0,1,1,0,0,0,0,1,1,0,0,1,1,23.88,23.88,0.00,0.00,260,260,300.00,300.00,0,0,0,0,1,1
2022.06.19 22:48:01,SELL,1839.76,2958,2890,NONE,1,1,2.0,2.0,0.0,EMA->TP1,EMA->TP1,0,0,1,1,1,1,0,0,1,1,0,0,1,1,0.84,0.84,0.00,0.00,35,35,300.00,300.00,0,0,0,0,1,1
2022.06.20 14:34:00,BUY,1837.94,2959,2891,NONE,2,2,2.81,2.81,0.0,EMA->TP2,EMA->TP2,0,0,1,1,0,0,1,1,1,1,0,0,1,1,5.3,5.3,0.00,0.00,234,234,300.00,300.00,0,0,0,0,1,1
2022.06.21 15:37:00,SELL,1839.14,2960,2892,NONE,1,1,2.71,2.71,0.0,EMA->TP1,EMA->TP1,0,0,1,1,1,1,0,0,1,1,0,0,1,1,0.84,0.84,0.00,0.00,6,6,300.00,300.00,0,0,0,0,1,1
2022.06.21 15:49:00,BUY,1836.37,2961,2893,NONE,3,3,9.41,9.41,0.0,EMA->TP3,EMA->TP3,0,0,1,1,0,0,0,0,1,1,0,0,1,1,44.13,44.13,0.01,0.01,1149,1149,300.00,300.00,0,0,0,0,1,1
2022.06.22 13:35:00,BUY,1840.29,2962,2894,NONE,2,2,15.32,15.32,0.0,EMA->TP2,EMA->TP2,0,0,1,1,0,0,1,1,1,1,0,0,1,1,35.87,35.87,0.01,0.01,1430,1430,300.00,300.00,0,0,0,0,1,1
2022.06.23 18:15:00,BUY,1826.09,2963,2895,NONE,2,2,3.39,3.39,0.0,TP2,TP2,0,0,1,1,0,0,1,1,0,0,0,0,1,1,6.52,6.52,0.00,0.00,44,44,300.00,300.00,0,0,0,0,1,1
2022.06.24 07:09:00,BUY,1824.07,2964,2896,NONE,1,1,3.61,3.61,0.0,EMA->TP1,EMA->TP1,0,0,1,1,1,1,0,0,1,1,0,0,1,1,2.61,2.61,0.00,0.00,35,35,300.00,300.00,0,0,0,0,1,1
2022.06.24 08:43:00,BUY,1826.97,2965,2897,NONE,3,3,9.11,9.11,0.0,EMA->TP3,EMA->TP3,0,0,1,1,0,0,0,0,1,1,0,0,1,1,32.5,32.5,0.01,0.01,269,269,300.00,300.00,0,0,0,0,1,1
2022.06.27 07:19:00,SELL,1838.17,2966,2898,NONE,2,2,3.15,3.15,0.0,TP2,TP2,0,0,1,1,0,0,1,1,0,0,0,0,1,1,3.78,3.78,0.00,0.00,6,6,300.00,300.00,0,0,0,0,1,1
2022.06.27 11:22:00,BUY,1836.70,2967,2899,NONE,3,3,6.95,6.95,0.0,TP3,TP3,0,0,1,1,0,0,0,0,0,0,0,0,1,1,27.81,27.81,0.01,0.01,103,103,300.00,300.00,0,0,0,0,1,1
2022.06.27 16:17:00,SELL,1825.31,2968,2900,NONE,2,2,2.88,2.88,0.0,EMA->TP2,EMA->TP2,0,0,1,1,0,0,1,1,1,1,0,0,1,1,4.04,4.04,0.00,0.00,45,45,300.00,300.00,0,0,0,0,1,1
2022.06.27 17:05:00,SELL,1823.90,2969,2901,NONE,1,1,7.36,7.36,0.0,EMA->TP1,EMA->TP1,0,0,1,1,1,1,0,0,1,1,0,0,1,1,7.63,7.63,0.00,0.00,2248,2248,300.00,300.00,0,0,0,0,1,1
2022.06.29 17:21:00,BUY,1816.76,2970,2902,NONE,1,1,2.03,2.03,0.0,EMA->TP1,EMA->TP1,0,0,1,1,1,1,0,0,1,1,0,0,1,1,1.21,1.21,0.00,0.00,44,44,300.00,300.00,0,0,0,0,1,1
2022.06.30 15:27:00,BUY,1806.42,2971,2903,NONE,1,1,3.12,3.12,0.0,TP1,TP1,0,0,1,1,1,1,0,0,0,0,0,0,1,1,1.26,1.26,0.00,0.00,11,11,300.00,300.00,0,0,0,0,1,1
2022.06.30 20:20:01,BUY,1806.41,2972,2904,NONE,2,2,2.05,2.05,0.0,EMA->TP1->TP2,EMA->TP1->TP2,0,0,1,1,1,1,1,1,1,1,0,0,1,1,5.98,5.98,0.00,0.00,130,130,300.00,300.00,0,0,0,0,1,1
2022.07.01 02:55:00,BUY,1805.51,2973,2905,ALLOW,5,5,2.36,2.36,0.0,NET_BASKET_BE,NET_BASKET_BE,0,0,0,0,0,0,0,0,0,0,1,1,1,1,198.79,198.79,0.04,0.04,610,610,300.00,300.00,1,1,0,0,1,1
2022.07.01 20:01:00,BUY,1806.96,2974,2906,NONE,1,1,4.4,4.4,0.0,EMA->TP1,EMA->TP1,0,0,1,1,1,1,0,0,1,1,0,0,1,1,1.68,1.68,0.00,0.00,2999,2999,300.00,300.00,0,0,0,0,1,1
2022.07.04 01:35:00,BUY,1806.78,2975,2907,NONE,1,1,2.27,2.27,0.0,EMA->TP1,EMA->TP1,0,0,1,1,1,1,0,0,1,1,0,0,1,1,1.4,1.4,0.00,0.00,34,34,300.00,300.00,0,0,0,0,1,1
2022.07.06 13:44:00,BUY,1765.38,2976,2908,ALLOW,4,4,-304.3,-304.3,0.0,EMA->SL$,EMA->SL$,1,1,0,0,0,0,0,0,1,1,0,0,0,0,299.75,299.75,0.06,0.06,10009,10009,300.00,300.00,0,0,0,0,1,1
2022.07.14 04:36:00,BUY,1730.37,2977,2909,NONE,3,3,3.45,3.45,0.0,TP3,TP3,0,0,1,1,0,0,0,0,0,0,0,0,1,1,11.28,11.28,0.00,0.00,42,42,300.00,300.00,0,0,0,0,1,1
2022.07.15 04:25:00,BUY,1711.81,2978,2910,NONE,2,2,9.34,9.34,0.0,EMA->TP2,EMA->TP2,0,0,1,1,0,0,1,1,1,1,0,0,1,1,23.73,23.73,0.00,0.00,528,528,300.00,300.00,0,0,0,0,1,1
2022.07.15 14:01:00,BUY,1706.45,2979,2911,NONE,1,1,9.43,9.43,0.0,EMA->TP1,EMA->TP1,0,0,1,1,1,1,0,0,1,1,0,0,1,1,8.12,8.12,0.00,0.00,3675,3675,300.00,300.00,0,0,0,0,1,1
2022.07.18 08:33:00,BUY,1719.89,2980,2912,NONE,1,1,3.47,3.47,0.0,EMA->TP1,EMA->TP1,0,0,1,1,1,1,0,0,1,1,0,0,1,1,2.27,2.27,0.00,0.00,57,57,300.00,300.00,0,0,0,0,1,1
2022.07.18 15:01:00,SELL,1714.29,2981,2913,NONE,1,1,3.93,3.93,0.0,EMA->TP1,EMA->TP1,0,0,1,1,1,1,0,0,1,1,0,0,1,1,2.2,2.2,0.00,0.00,20,20,300.00,300.00,0,0,0,0,1,1
2022.07.21 03:25:00,BUY,1692.63,2982,2914,NONE,2,2,2.04,2.04,0.0,TP2->EMA->TP2,TP2->EMA->TP2,0,0,1,1,0,0,1,1,1,1,0,0,1,1,2.97,2.97,0.00,0.00,59,59,300.00,300.00,0,0,0,0,1,1
2022.07.21 07:01:00,BUY,1690.13,2983,2915,NONE,2,2,3.39,3.39,0.0,TP2,TP2,0,0,1,1,0,0,1,1,0,0,0,0,1,1,10.41,10.41,0.00,0.00,18,18,300.00,300.00,0,0,0,0,1,1
2022.07.21 22:20:00,BUY,1718.09,2984,2916,NONE,3,3,2.12,2.12,0.0,EMA->TP2->TP3,EMA->TP2->TP3,0,0,1,1,0,0,1,1,1,1,0,0,1,1,23.01,23.01,0.00,0.00,457,457,300.00,300.00,0,0,0,0,1,1
2022.07.22 07:05:00,SELL,1716.78,2985,2917,NONE,2,2,3.07,3.07,0.0,TP2,TP2,0,0,1,1,0,0,1,1,0,0,0,0,1,1,6.27,6.27,0.00,0.00,28,28,300.00,300.00,0,0,0,0,1,1
2022.07.22 08:39:00,SELL,1718.34,2986,2918,NONE,3,3,5.56,5.56,0.0,TP3,TP3,0,0,1,1,0,0,0,0,0,0,0,0,1,1,21.14,21.14,0.00,0.00,113,113,300.00,300.00,0,0,0,0,1,1
2022.07.22 17:56:01,BUY,1727.05,2987,2919,NONE,3,3,5.91,5.91,0.0,TP3,TP3,0,0,1,1,0,0,0,0,0,0,0,0,1,1,19.08,19.08,0.00,0.00,42,42,300.00,300.00,0,0,0,0,1,1
2022.07.24 22:03:01,SELL,1726.26,2988,2920,NONE,1,1,4.61,4.61,0.0,EMA->TP1,EMA->TP1,0,0,1,1,1,1,0,0,1,1,0,0,1,1,1.58,1.58,0.00,0.00,164,164,300.00,300.00,0,0,0,0,1,1
2022.07.25 05:35:00,BUY,1726.10,2989,2921,NONE,1,1,3.24,3.24,0.0,EMA->TP1,EMA->TP1,0,0,1,1,1,1,0,0,1,1,0,0,1,1,4.05,4.05,0.00,0.00,182,182,300.00,300.00,0,0,0,0,1,1
2022.07.26 12:17:00,SELL,1718.44,2990,2922,NONE,1,1,2.0,2.0,0.0,EMA->TP1,EMA->TP1,0,0,1,1,1,1,0,0,1,1,0,0,1,1,0.75,0.75,0.00,0.00,4,4,300.00,300.00,0,0,0,0,1,1
2022.07.26 12:49:00,SELL,1719.82,2991,2923,NONE,1,1,2.74,2.74,0.0,EMA->TP1,EMA->TP1,0,0,1,1,1,1,0,0,1,1,0,0,1,1,1.15,1.15,0.00,0.00,14,14,300.00,300.00,0,0,0,0,1,1
2022.07.27 05:25:00,SELL,1715.38,2992,2924,ALLOW,4,4,2.14,2.14,0.0,EMA->NET_BASKET_BE,EMA->NET_BASKET_BE,0,0,0,0,0,0,0,0,1,1,0,0,1,1,37.23,37.23,0.01,0.01,111,111,300.00,300.00,1,1,0,0,1,1
2022.07.27 08:53:00,BUY,1724.19,2993,2925,NONE,2,2,3.4,3.4,0.0,EMA->TP2,EMA->TP2,0,0,1,1,0,0,1,1,1,1,0,0,1,1,4.65,4.65,0.00,0.00,89,89,300.00,300.00,0,0,0,0,1,1
2022.07.27 11:38:00,BUY,1722.14,2994,2926,NONE,2,2,2.03,2.03,0.0,EMA->TP2,EMA->TP2,0,0,1,1,0,0,1,1,1,1,0,0,1,1,4.69,4.69,0.00,0.00,39,39,300.00,300.00,0,0,0,0,1,1
2022.07.27 17:25:00,SELL,1721.31,2995,2927,NONE,3,3,2.98,2.98,0.0,TP3,TP3,0,0,1,1,0,0,0,0,0,0,0,0,1,1,18.88,18.88,0.00,0.00,40,40,300.00,300.00,0,0,0,0,1,1
2022.07.27 19:19:00,SELL,1736.91,2996,2928,NONE,2,2,9.89,9.89,0.0,EMA->TP2,EMA->TP2,0,0,1,1,0,0,1,1,1,1,0,0,1,1,26.85,26.85,0.01,0.01,932,932,300.00,300.00,0,0,0,0,1,1
2022.07.28 17:54:00,BUY,1751.87,2997,2929,NONE,1,1,2.02,2.02,0.0,EMA->TP1,EMA->TP1,0,0,1,1,1,1,0,0,1,1,0,0,1,1,2.46,2.46,0.00,0.00,73,73,300.00,300.00,0,0,0,0,1,1
2022.07.28 22:15:00,BUY,1755.29,2998,2930,NONE,2,2,2.01,2.01,0.0,EMA->TP2,EMA->TP2,0,0,1,1,0,0,1,1,1,1,0,0,1,1,3.26,3.26,0.00,0.00,147,147,300.00,300.00,0,0,0,0,1,1
2022.07.31 22:41:00,BUY,1764.27,2999,2931,NONE,3,3,2.19,2.19,0.0,TP3,TP3,0,0,1,1,0,0,0,0,0,0,0,0,1,1,12.39,12.39,0.00,0.00,95,95,300.00,300.00,0,0,0,0,1,1
2022.08.01 04:19:00,BUY,1761.99,3000,2932,NONE,3,3,3.73,3.73,0.0,TP3,TP3,0,0,1,1,0,0,0,0,0,0,0,0,1,1,10.14,10.14,0.00,0.00,108,108,300.00,300.00,0,0,0,0,1,1
2022.08.02 05:08:00,BUY,1773.69,3001,2933,NONE,2,2,3.36,3.36,0.0,EMA->TP2,EMA->TP2,0,0,1,1,0,0,1,1,1,1,0,0,1,1,12.51,12.51,0.00,0.00,224,224,300.00,300.00,0,0,0,0,1,1
2022.08.02 13:52:00,BUY,1777.68,3002,2934,NONE,1,1,7.38,7.38,0.0,EMA->TP1,EMA->TP1,0,0,1,1,1,1,0,0,1,1,0,0,1,1,2.53,2.53,0.00,0.00,20,20,300.00,300.00,0,0,0,0,1,1
2022.08.02 15:10:00,BUY,1778.78,3003,2935,NONE,3,3,13.62,13.62,0.0,EMA->TP3,EMA->TP3,0,0,1,1,0,0,0,0,1,1,0,0,1,1,88.17,88.17,0.02,0.02,1297,1297,300.00,300.00,0,0,0,0,1,1
2022.08.03 16:58:00,BUY,1759.11,3004,2936,NONE,1,1,2.0,2.0,0.0,EMA->TP1,EMA->TP1,0,0,1,1,1,1,0,0,1,1,0,0,1,1,1.51,1.51,0.00,0.00,35,35,300.00,300.00,0,0,0,0,1,1
2022.08.03 18:20:01,SELL,1762.10,3005,2937,ALLOW,5,5,-300.27,-300.27,0.0,EMA->TP1->SL$,EMA->TP1->SL$,1,1,0,0,1,1,0,0,1,1,1,1,0,0,300.55,300.55,0.06,0.06,1261,1261,300.00,300.00,0,0,0,0,1,1
2022.08.05 09:42:00,BUY,1786.96,3006,2938,NONE,2,2,3.4,3.4,0.0,EMA->TP2,EMA->TP2,0,0,1,1,0,0,1,1,1,1,0,0,1,1,6.93,6.93,0.00,0.00,108,108,300.00,300.00,0,0,0,0,1,1
2022.08.08 03:21:02,BUY,1772.93,3007,2939,NONE,2,2,2.02,2.02,0.0,EMA->TP2,EMA->TP2,0,0,1,1,0,0,1,1,1,1,0,0,1,1,3.73,3.73,0.00,0.00,123,123,300.00,300.00,0,0,0,0,1,1
2022.08.08 07:55:01,SELL,1778.40,3008,2940,NONE,1,1,2.05,2.05,0.0,TP1,TP1,0,0,1,1,1,1,0,0,0,0,0,0,1,1,0.78,0.78,0.00,0.00,9,9,300.00,300.00,0,0,0,0,1,1
2022.08.08 11:53:02,SELL,1781.90,3009,2941,NONE,2,2,2.25,2.25,0.0,TP2,TP2,0,0,1,1,0,0,1,1,0,0,0,0,1,1,5.22,5.22,0.00,0.00,22,22,300.00,300.00,0,0,0,0,1,1
2022.08.08 12:32:00,SELL,1784.17,3010,2942,NONE,2,2,6.05,6.05,0.0,EMA->TP2,EMA->TP2,0,0,1,1,0,0,1,1,1,1,0,0,1,1,15.07,15.07,0.00,0.00,790,790,300.00,300.00,0,0,0,0,1,1
2022.08.09 02:16:00,BUY,1784.08,3011,2943,NONE,1,1,2.0,2.0,0.0,TP1->EMA->TP1,TP1->EMA->TP1,0,0,1,1,1,1,0,0,1,1,0,0,1,1,0.88,0.88,0.00,0.00,59,59,300.00,300.00,0,0,0,0,1,1
2022.08.10 04:45:00,BUY,1790.66,3012,2944,NONE,3,3,2.02,2.02,0.0,TP3,TP3,0,0,1,1,0,0,0,0,0,0,0,0,1,1,11.76,11.76,0.00,0.00,135,135,300.00,300.00,0,0,0,0,1,1
2022.08.10 10:51:00,BUY,1791.18,3013,2945,NONE,2,2,2.35,2.35,0.0,EMA->TP2,EMA->TP2,0,0,1,1,0,0,1,1,1,1,0,0,1,1,7.36,7.36,0.00,0.00,98,98,300.00,300.00,0,0,0,0,1,1
2022.08.10 17:20:00,BUY,1798.30,3014,2946,VETO,5,3,4.64,2.29,-2.35,EMA->NET_BASKET_BE,EMA->TP3->TP2->TP3,0,0,0,1,0,0,0,1,1,1,1,0,1,1,122.56,85.79,0.02,0.02,1069,1146,300.00,300.00,1,0,0,0,1,1
2022.08.11 13:24:00,BUY,1794.13,3015,2947,NONE,1,1,3.51,3.51,0.0,EMA->TP1,EMA->TP1,0,0,1,1,1,1,0,0,1,1,0,0,1,1,3.34,3.34,0.00,0.00,27,27,300.00,300.00,0,0,0,0,1,1
2022.08.11 16:56:00,BUY,1789.28,3016,2948,NONE,1,1,2.0,2.0,0.0,EMA->TP1,EMA->TP1,0,0,1,1,1,1,0,0,1,1,0,0,1,1,1.36,1.36,0.00,0.00,26,26,300.00,300.00,0,0,0,0,1,1
2022.08.11 20:01:00,BUY,1786.19,3017,2949,NONE,1,1,2.58,2.58,0.0,EMA->TP1,EMA->TP1,0,0,1,1,1,1,0,0,1,1,0,0,1,1,0.69,0.69,0.00,0.00,33,33,300.00,300.00,0,0,0,0,1,1
2022.08.12 05:03:00,BUY,1791.43,3018,2950,NONE,1,1,2.0,2.0,0.0,EMA->TP1,EMA->TP1,0,0,1,1,1,1,0,0,1,1,0,0,1,1,2.16,2.16,0.00,0.00,129,129,300.00,300.00,0,0,0,0,1,1
2022.08.12 07:59:00,BUY,1788.99,3019,2951,NONE,2,2,4.12,4.12,0.0,EMA->TP2,EMA->TP2,0,0,1,1,0,0,1,1,1,1,0,0,1,1,8.04,8.04,0.00,0.00,190,190,300.00,300.00,0,0,0,0,1,1
2022.08.12 13:45:00,SELL,1795.25,3020,2952,NONE,1,1,4.46,4.46,0.0,EMA->TP1,EMA->TP1,0,0,1,1,1,1,0,0,1,1,0,0,1,1,4.31,4.31,0.00,0.00,54,54,300.00,300.00,0,0,0,0,1,1
2022.08.15 14:00:00,BUY,1778.08,3021,2953,NONE,1,1,3.78,3.78,0.0,EMA->TP1,EMA->TP1,0,0,1,1,1,1,0,0,1,1,0,0,1,1,2.62,2.62,0.00,0.00,172,172,300.00,300.00,0,0,0,0,1,1
2022.08.15 18:24:00,BUY,1778.67,3022,2954,NONE,1,1,2.0,2.0,0.0,EMA->TP1,EMA->TP1,0,0,1,1,1,1,0,0,1,1,0,0,1,1,1.82,1.82,0.00,0.00,70,70,300.00,300.00,0,0,0,0,1,1
2022.08.16 01:26:00,BUY,1777.30,3023,2955,NONE,1,1,2.07,2.07,0.0,EMA->TP1,EMA->TP1,0,0,1,1,1,1,0,0,1,1,0,0,1,1,0.68,0.68,0.00,0.00,11,11,300.00,300.00,0,0,0,0,1,1
2022.08.16 07:48:00,BUY,1778.78,3024,2956,NONE,2,2,4.27,4.27,0.0,EMA->TP2,EMA->TP2,0,0,1,1,0,0,1,1,1,1,0,0,1,1,11.16,11.16,0.00,0.00,266,266,300.00,300.00,0,0,0,0,1,1
2022.08.16 14:00:00,BUY,1775.99,3025,2957,NONE,1,1,3.52,3.52,0.0,EMA->TP1,EMA->TP1,0,0,1,1,1,1,0,0,1,1,0,0,1,1,5.82,5.82,0.00,0.00,933,933,300.00,300.00,0,0,0,0,1,1
2022.08.17 12:35:00,SELL,1765.55,3026,2958,NONE,1,1,10.34,10.34,0.0,EMA->TP1,EMA->TP1,0,0,1,1,1,1,0,0,1,1,0,0,1,1,12.57,12.57,0.00,0.00,2137,2137,300.00,300.00,0,0,0,0,1,1
2022.08.19 04:20:00,BUY,1752.77,3027,2959,NONE,1,1,2.44,2.44,0.0,EMA->TP1,EMA->TP1,0,0,1,1,1,1,0,0,1,1,0,0,1,1,1.1,1.1,0.00,0.00,84,84,300.00,300.00,0,0,0,0,1,1
2022.08.19 19:25:00,BUY,1746.41,3028,2960,NONE,2,2,2.2,2.2,0.0,TP2,TP2,0,0,1,1,0,0,1,1,0,0,0,0,1,1,4.44,4.44,0.00,0.00,3057,3057,300.00,300.00,0,0,0,0,1,1
2022.08.22 07:48:00,BUY,1738.67,3029,2961,NONE,3,3,6.72,6.72,0.0,TP3,TP3,0,0,1,1,0,0,0,0,0,0,0,0,1,1,20.17,20.17,0.00,0.00,124,124,300.00,300.00,0,0,0,0,1,1
2022.08.22 09:53:00,BUY,1736.11,3030,2962,NONE,1,1,2.29,2.29,0.0,EMA->TP1,EMA->TP1,0,0,1,1,1,1,0,0,1,1,0,0,1,1,0.49,0.49,0.00,0.00,2,2,300.00,300.00,0,0,0,0,1,1
2022.08.23 02:56:00,BUY,1739.28,3031,2963,NONE,2,2,2.51,2.51,0.0,EMA->TP2,EMA->TP2,0,0,1,1,0,0,1,1,1,1,0,0,1,1,10.63,10.63,0.00,0.00,308,308,300.00,300.00,0,0,0,0,1,1
2022.08.23 09:46:00,BUY,1739.15,3032,2964,NONE,2,2,3.27,3.27,0.0,EMA->TP2,EMA->TP2,0,0,1,1,0,0,1,1,1,1,0,0,1,1,10.28,10.28,0.00,0.00,126,126,300.00,300.00,0,0,0,0,1,1
2022.08.23 18:49:00,BUY,1746.94,3033,2965,NONE,2,2,2.06,2.06,0.0,EMA->TP2,EMA->TP2,0,0,1,1,0,0,1,1,1,1,0,0,1,1,6.61,6.61,0.00,0.00,406,406,300.00,300.00,0,0,0,0,1,1
2022.08.24 22:43:02,SELL,1751.05,3034,2966,NONE,3,3,2.19,2.19,0.0,TP2->TP3->EMA->TP1->TP3,TP2->TP3->EMA->TP1->TP3,0,0,1,1,1,1,1,1,1,1,0,0,1,1,8.21,8.21,0.00,0.00,77,77,300.00,300.00,0,0,0,0,1,1
2022.08.25 01:35:00,SELL,1755.08,3035,2967,NONE,2,2,2.16,2.16,0.0,TP2,TP2,0,0,1,1,0,0,1,1,0,0,0,0,1,1,5.16,5.16,0.00,0.00,163,163,300.00,300.00,0,0,0,0,1,1
2022.08.25 14:40:00,SELL,1756.52,3036,2968,NONE,2,2,3.17,3.17,0.0,EMA->TP2,EMA->TP2,0,0,1,1,0,0,1,1,1,1,0,0,1,1,7.08,7.08,0.00,0.00,206,206,300.00,300.00,0,0,0,0,1,1
2022.08.25 18:29:01,BUY,1757.02,3037,2969,NONE,2,2,2.08,2.08,0.0,EMA->TP2,EMA->TP2,0,0,1,1,0,0,1,1,1,1,0,0,1,1,4.28,4.28,0.00,0.00,80,80,300.00,300.00,0,0,0,0,1,1
2022.08.26 06:37:00,SELL,1757.85,3038,2970,NONE,1,1,2.0,2.0,0.0,EMA->TP1,EMA->TP1,0,0,1,1,1,1,0,0,1,1,0,0,1,1,0.78,0.78,0.00,0.00,16,16,300.00,300.00,0,0,0,0,1,1
2022.08.26 07:06:00,BUY,1755.73,3039,2971,ALLOW,4,4,4.96,4.96,0.0,NET_BASKET_BE,NET_BASKET_BE,0,0,0,0,0,0,0,0,0,0,0,0,1,1,61.01,61.01,0.01,0.01,324,324,300.00,300.00,1,1,0,0,1,1
2022.08.26 13:40:00,SELL,1752.21,3040,2972,NONE,1,1,4.35,4.35,0.0,EMA->TP1,EMA->TP1,0,0,1,1,1,1,0,0,1,1,0,0,1,1,2.12,2.12,0.00,0.00,21,21,300.00,300.00,0,0,0,0,1,1
2022.08.29 19:31:01,BUY,1736.96,3041,2973,NONE,1,1,2.06,2.06,0.0,EMA->TP1,EMA->TP1,0,0,1,1,1,1,0,0,1,1,0,0,1,1,1.72,1.72,0.00,0.00,262,262,300.00,300.00,0,0,0,0,1,1
2022.08.30 02:11:00,BUY,1736.01,3042,2974,NONE,3,3,6.85,6.85,0.0,EMA->TP3,EMA->TP3,0,0,1,1,0,0,0,0,1,1,0,0,1,1,19.67,19.67,0.00,0.00,326,326,300.00,300.00,0,0,0,0,1,1
2022.08.30 14:57:00,BUY,1721.96,3043,2975,NONE,1,1,2.46,2.46,0.0,TP1,TP1,0,0,1,1,1,1,0,0,0,0,0,0,1,1,0.64,0.64,0.00,0.00,3,3,300.00,300.00,0,0,0,0,1,1
2022.08.31 09:16:00,BUY,1714.03,3044,2976,NONE,2,2,4.42,4.42,0.0,TP2,TP2,0,0,1,1,0,0,1,1,0,0,0,0,1,1,6.08,6.08,0.00,0.00,58,58,300.00,300.00,0,0,0,0,1,1
2022.08.31 10:15:01,BUY,1713.64,3045,2977,NONE,2,2,3.46,3.46,0.0,TP2,TP2,0,0,1,1,0,0,1,1,0,0,0,0,1,1,7.46,7.46,0.00,0.00,68,68,300.00,300.00,0,0,0,0,1,1
2022.08.31 16:59:00,BUY,1716.36,3046,2978,ALLOW,4,4,2.16,2.16,0.0,NET_BASKET_BE,NET_BASKET_BE,0,0,0,0,0,0,0,0,0,0,0,0,1,1,54.49,54.49,0.01,0.01,341,341,300.00,300.00,1,1,0,0,1,1
2022.09.01 08:48:00,BUY,1702.67,3047,2979,NONE,1,1,2.17,2.17,0.0,EMA->TP1,EMA->TP1,0,0,1,1,1,1,0,0,1,1,0,0,1,1,1.44,1.44,0.00,0.00,27,27,300.00,300.00,0,0,0,0,1,1
2022.09.02 01:03:00,BUY,1699.23,3048,2980,NONE,2,2,3.86,3.86,0.0,EMA->TP2,EMA->TP2,0,0,1,1,0,0,1,1,1,1,0,0,1,1,3.85,3.85,0.00,0.00,117,117,300.00,300.00,0,0,0,0,1,1
2022.09.02 04:28:00,BUY,1699.62,3049,2981,NONE,2,2,2.0,2.0,0.0,EMA->TP2,EMA->TP2,0,0,1,1,0,0,1,1,1,1,0,0,1,1,2.54,2.54,0.00,0.00,68,68,300.00,300.00,0,0,0,0,1,1
2022.09.04 22:00:00,SELL,1712.60,3050,2982,NONE,1,1,2.05,2.05,0.0,EMA->TP1,EMA->TP1,0,0,1,1,1,1,0,0,1,1,0,0,1,1,1.43,1.43,0.00,0.00,10,10,300.00,300.00,0,0,0,0,1,1
2022.09.04 22:26:00,BUY,1711.46,3051,2983,NONE,3,3,2.21,2.21,0.0,EMA->TP3,EMA->TP3,0,0,1,1,0,0,0,0,1,1,0,0,1,1,12.83,12.83,0.00,0.00,156,156,300.00,300.00,0,0,0,0,1,1
2022.09.05 22:03:00,BUY,1710.90,3052,2984,NONE,1,1,2.92,2.92,0.0,EMA->TP1,EMA->TP1,0,0,1,1,1,1,0,0,1,1,0,0,1,1,1.53,1.53,0.00,0.00,122,122,300.00,300.00,0,0,0,0,1,1
2022.09.06 01:51:00,BUY,1718.32,3053,2985,NONE,2,2,3.62,3.62,0.0,EMA->TP2,EMA->TP2,0,0,1,1,0,0,1,1,1,1,0,0,1,1,7.0,7.0,0.00,0.00,222,222,300.00,300.00,0,0,0,0,1,1
2022.09.06 07:33:00,BUY,1714.85,3054,2986,NONE,2,2,4.46,4.46,0.0,EMA->TP2,EMA->TP2,0,0,1,1,0,0,1,1,1,1,0,0,1,1,8.82,8.82,0.00,0.00,265,265,300.00,300.00,0,0,0,0,1,1
2022.09.06 19:08:00,BUY,1700.58,3055,2987,NONE,1,1,2.0,2.0,0.0,EMA->TP1,EMA->TP1,0,0,1,1,1,1,0,0,1,1,0,0,1,1,2.59,2.59,0.00,0.00,258,258,300.00,300.00,0,0,0,0,1,1
2022.09.06 23:27:00,BUY,1703.04,3056,2988,NONE,3,3,6.1,6.1,0.0,EMA->TP3,EMA->TP3,0,0,1,1,0,0,0,0,1,1,0,0,1,1,47.39,47.39,0.01,0.01,456,456,300.00,300.00,0,0,0,0,1,1
2022.09.07 10:31:00,BUY,1705.21,3057,2989,NONE,3,3,5.53,5.53,0.0,EMA->TP3,EMA->TP3,0,0,1,1,0,0,0,0,1,1,0,0,1,1,30.21,30.21,0.01,0.01,199,199,300.00,300.00,0,0,0,0,1,1
2022.09.07 19:34:00,SELL,1716.63,3058,2990,NONE,2,2,2.02,2.02,0.0,TP2->EMA->TP2,TP2->EMA->TP2,0,0,1,1,0,0,1,1,1,1,0,0,1,1,6.49,6.49,0.00,0.00,243,243,300.00,300.00,0,0,0,0,1,1
2022.09.07 23:45:00,BUY,1716.92,3059,2991,NONE,2,2,2.08,2.08,0.0,EMA->TP1->TP2,EMA->TP1->TP2,0,0,1,1,1,1,1,1,1,1,0,0,1,1,8.97,8.97,0.00,0.00,361,361,300.00,300.00,0,0,0,0,1,1
2022.09.08 06:31:00,SELL,1718.92,3060,2992,NONE,2,2,2.39,2.39,0.0,TP2,TP2,0,0,1,1,0,0,1,1,0,0,0,0,1,1,8.59,8.59,0.00,0.00,45,45,300.00,300.00,0,0,0,0,1,1
2022.09.08 12:23:00,BUY,1722.72,3061,2993,NONE,2,2,11.33,11.33,0.0,EMA->TP2,EMA->TP2,0,0,1,1,0,0,1,1,1,1,0,0,1,1,39.45,39.45,0.01,0.01,949,949,300.00,300.00,0,0,0,0,1,1
2022.09.09 08:49:00,SELL,1727.54,3062,2994,NONE,1,1,2.28,2.28,0.0,EMA->TP1,EMA->TP1,0,0,1,1,1,1,0,0,1,1,0,0,1,1,4.21,4.21,0.00,0.00,165,165,300.00,300.00,0,0,0,0,1,1
2022.09.09 16:53:00,SELL,1719.01,3063,2995,NONE,1,1,2.05,2.05,0.0,EMA->TP1,EMA->TP1,0,0,1,1,1,1,0,0,1,1,0,0,1,1,1.5,1.5,0.00,0.00,61,61,300.00,300.00,0,0,0,0,1,1
2022.09.11 22:06:03,SELL,1718.03,3064,2996,NONE,1,1,3.16,3.16,0.0,EMA->TP1,EMA->TP1,0,0,1,1,1,1,0,0,1,1,0,0,1,1,3.38,3.38,0.00,0.00,267,267,300.00,300.00,0,0,0,0,1,1
2022.09.12 02:38:00,BUY,1715.06,3065,2997,NONE,3,3,2.07,2.07,0.0,EMA->TP3,EMA->TP3,0,0,1,1,0,0,0,0,1,1,0,0,1,1,11.52,11.52,0.00,0.00,151,151,300.00,300.00,0,0,0,0,1,1
2022.09.12 05:46:01,BUY,1714.38,3066,2998,NONE,2,2,2.1,2.1,0.0,EMA->TP2,EMA->TP2,0,0,1,1,0,0,1,1,1,1,0,0,1,1,4.85,4.85,0.00,0.00,39,39,300.00,300.00,0,0,0,0,1,1
2022.09.12 12:19:00,SELL,1731.47,3067,2999,NONE,1,1,4.51,4.51,0.0,EMA->TP1,EMA->TP1,0,0,1,1,1,1,0,0,1,1,0,0,1,1,5.55,5.55,0.00,0.00,76,76,300.00,300.00,0,0,0,0,1,1
2022.09.12 15:07:00,SELL,1729.82,3068,3000,NONE,2,2,3.33,3.33,0.0,EMA->TP2,EMA->TP2,0,0,1,1,0,0,1,1,1,1,0,0,1,1,12.11,12.11,0.00,0.00,104,104,300.00,300.00,0,0,0,0,1,1
2022.09.12 17:33:00,BUY,1730.21,3069,3001,NONE,3,3,5.19,5.19,0.0,EMA->TP3,EMA->TP3,0,0,1,1,0,0,0,0,1,1,0,0,1,1,39.12,39.12,0.01,0.01,959,959,300.00,300.00,0,0,0,0,1,1
2022.09.13 13:21:00,BUY,1699.70,3070,3002,NONE,1,1,7.85,7.85,0.0,TP1,TP1,0,0,1,1,1,1,0,0,0,0,0,0,1,1,3.32,3.32,0.00,0.00,24,24,300.00,300.00,0,0,0,0,1,1
2022.09.13 17:10:00,SELL,1705.63,3071,3003,NONE,1,1,2.35,2.35,0.0,EMA->TP1,EMA->TP1,0,0,1,1,1,1,0,0,1,1,0,0,1,1,2.81,2.81,0.00,0.00,104,104,300.00,300.00,0,0,0,0,1,1
2022.09.13 19:16:00,BUY,1703.42,3072,3004,NONE,2,2,2.42,2.42,0.0,TP2,TP2,0,0,1,1,0,0,1,1,0,0,0,0,1,1,3.91,3.91,0.00,0.00,48,48,300.00,300.00,0,0,0,0,1,1
2022.09.15 01:19:00,BUY,1695.01,3073,3005,ALLOW,4,4,2.29,2.29,0.0,EMA->NET_BASKET_BE,EMA->NET_BASKET_BE,0,0,0,0,0,0,0,0,1,1,0,0,1,1,58.78,58.78,0.01,0.01,673,673,300.00,300.00,1,1,0,0,1,1
2022.09.15 12:33:00,BUY,1687.22,3074,3006,NONE,3,3,30.91,30.91,0.0,EMA->TP3,EMA->TP3,0,0,1,1,0,0,0,0,1,1,0,0,1,1,103.72,103.72,0.02,0.02,1554,1554,300.00,300.00,0,0,0,0,1,1
2022.09.16 19:51:00,BUY,1675.05,3075,3007,NONE,1,1,2.08,2.08,0.0,EMA->TP1,EMA->TP1,0,0,1,1,1,1,0,0,1,1,0,0,1,1,3.13,3.13,0.00,0.00,3031,3031,300.00,300.00,0,0,0,0,1,1
2022.09.19 02:29:00,BUY,1668.96,3076,3008,NONE,1,1,2.38,2.38,0.0,TP1,TP1,0,0,1,1,1,1,0,0,0,0,0,0,1,1,0.97,0.97,0.00,0.00,26,26,300.00,300.00,0,0,0,0,1,1
2022.09.20 01:09:00,BUY,1676.41,3077,3009,NONE,2,2,2.64,2.64,0.0,EMA->TP2,EMA->TP2,0,0,1,1,0,0,1,1,1,1,0,0,1,1,6.12,6.12,0.00,0.00,79,79,300.00,300.00,0,0,0,0,1,1
2022.09.21 01:01:00,BUY,1664.35,3078,3010,NONE,2,2,7.02,7.02,0.0,EMA->TP1->TP2,EMA->TP1->TP2,0,0,1,1,1,1,1,1,1,1,0,0,1,1,7.42,7.42,0.00,0.00,299,299,300.00,300.00,0,0,0,0,1,1
2022.09.21 11:26:00,BUY,1674.54,3079,3011,NONE,1,1,2.9,2.9,0.0,EMA->TP1,EMA->TP1,0,0,1,1,1,1,0,0,1,1,0,0,1,1,1.26,1.26,0.00,0.00,25,25,300.00,300.00,0,0,0,0,1,1
2022.09.21 17:08:00,BUY,1665.49,3080,3012,NONE,1,1,2.04,2.04,0.0,TP1,TP1,0,0,1,1,1,1,0,0,0,0,0,0,1,1,0.61,0.61,0.00,0.00,15,15,300.00,300.00,0,0,0,0,1,1
2022.09.21 20:30:00,BUY,1674.28,3081,3013,ALLOW,5,5,2.67,2.67,0.0,EMA->NET_BASKET_BE,EMA->NET_BASKET_BE,0,0,0,0,0,0,0,0,1,1,1,1,1,1,181.15,181.15,0.04,0.04,705,705,300.00,300.00,1,1,0,0,1,1
2022.09.22 15:06:00,BUY,1671.80,3082,3014,NONE,2,2,5.37,5.37,0.0,TP2,TP2,0,0,1,1,0,0,1,1,0,0,0,0,1,1,5.6,5.6,0.00,0.00,25,25,300.00,300.00,0,0,0,0,1,1
2022.09.22 17:40:00,BUY,1673.52,3083,3015,NONE,2,2,3.4,3.4,0.0,EMA->TP2,EMA->TP2,0,0,1,1,0,0,1,1,1,1,0,0,1,1,8.24,8.24,0.00,0.00,109,109,300.00,300.00,0,0,0,0,1,1
2022.09.23 03:22:02,SELL,1671.09,3084,3016,NONE,1,1,2.0,2.0,0.0,EMA->TP1,EMA->TP1,0,0,1,1,1,1,0,0,1,1,0,0,1,1,0.51,0.51,0.00,0.00,25,25,300.00,300.00,0,0,0,0,1,1
2022.09.27 03:18:00,BUY,1629.80,3085,3017,NONE,1,1,2.05,2.05,0.0,EMA->TP1,EMA->TP1,0,0,1,1,1,1,0,0,1,1,0,0,1,1,0.92,0.92,0.00,0.00,61,61,300.00,300.00,0,0,0,0,1,1
2022.09.28 08:47:00,BUY,1620.13,3086,3018,NONE,2,2,3.31,3.31,0.0,EMA->TP2,EMA->TP2,0,0,1,1,0,0,1,1,1,1,0,0,1,1,9.3,9.3,0.00,0.00,75,75,300.00,300.00,0,0,0,0,1,1
2022.09.28 18:25:00,SELL,1660.30,3087,3019,NONE,1,1,2.08,2.08,0.0,EMA->TP1,EMA->TP1,0,0,1,1,1,1,0,0,1,1,0,0,1,1,3.53,3.53,0.00,0.00,251,251,300.00,300.00,0,0,0,0,1,1
2022.09.29 00:21:00,BUY,1656.53,3088,3020,NONE,2,2,2.5,2.5,0.0,TP2,TP2,0,0,1,1,0,0,1,1,0,0,0,0,1,1,7.79,7.79,0.00,0.00,46,46,300.00,300.00,0,0,0,0,1,1
2022.09.29 18:06:00,BUY,1658.87,3089,3021,NONE,1,1,2.04,2.04,0.0,EMA->TP1,EMA->TP1,0,0,1,1,1,1,0,0,1,1,0,0,1,1,2.36,2.36,0.00,0.00,86,86,300.00,300.00,0,0,0,0,1,1
2022.09.29 23:57:02,SELL,1664.24,3090,3022,NONE,1,1,2.39,2.39,0.0,EMA->TP1,EMA->TP1,0,0,1,1,1,1,0,0,1,1,0,0,1,1,3.05,3.05,0.00,0.00,106,106,300.00,300.00,0,0,0,0,1,1
2022.09.30 04:25:00,BUY,1662.41,3091,3023,NONE,1,1,2.01,2.01,0.0,EMA->TP1,EMA->TP1,0,0,1,1,1,1,0,0,1,1,0,0,1,1,0.91,0.91,0.00,0.00,52,52,300.00,300.00,0,0,0,0,1,1
2022.09.30 08:04:01,SELL,1672.88,3092,3024,NONE,1,1,3.45,3.45,0.0,EMA->TP1,EMA->TP1,0,0,1,1,1,1,0,0,1,1,0,0,1,1,3.18,3.18,0.00,0.00,63,63,300.00,300.00,0,0,0,0,1,1
2022.09.30 12:39:00,SELL,1666.06,3093,3025,NONE,2,2,12.49,12.49,0.0,EMA->TP2,EMA->TP2,0,0,1,1,0,0,1,1,1,1,0,0,1,1,14.33,14.33,0.00,0.00,220,220,300.00,300.00,0,0,0,0,1,1
2022.09.30 16:55:00,BUY,1665.62,3094,3026,NONE,2,2,2.05,2.05,0.0,EMA->TP2,EMA->TP2,0,0,1,1,0,0,1,1,1,1,0,0,1,1,15.94,15.94,0.00,0.00,3376,3376,300.00,300.00,0,0,0,0,1,1
2022.10.03 09:57:00,BUY,1661.47,3095,3027,NONE,1,1,3.05,3.05,0.0,EMA->TP1,EMA->TP1,0,0,1,1,1,1,0,0,1,1,0,0,1,1,2.1,2.1,0.00,0.00,12,12,300.00,300.00,0,0,0,0,1,1
2022.10.03 10:10:00,BUY,1664.79,3096,3028,NONE,1,1,6.77,6.77,0.0,EMA->TP1,EMA->TP1,0,0,1,1,1,1,0,0,1,1,0,0,1,1,4.77,4.77,0.00,0.00,187,187,300.00,300.00,0,0,0,0,1,1
2022.10.03 16:40:00,BUY,1690.12,3097,3029,NONE,1,1,5.19,5.19,0.0,EMA->TP1,EMA->TP1,0,0,1,1,1,1,0,0,1,1,0,0,1,1,2.28,2.28,0.00,0.00,51,51,300.00,300.00,0,0,0,0,1,1
2022.10.03 22:05:00,BUY,1699.36,3098,3030,NONE,1,1,2.31,2.31,0.0,EMA->TP1,EMA->TP1,0,0,1,1,1,1,0,0,1,1,0,0,1,1,1.39,1.39,0.00,0.00,37,37,300.00,300.00,0,0,0,0,1,1
2022.10.04 02:15:00,BUY,1696.60,3099,3031,NONE,1,1,2.0,2.0,0.0,EMA->TP1,EMA->TP1,0,0,1,1,1,1,0,0,1,1,0,0,1,1,2.07,2.07,0.00,0.00,83,83,300.00,300.00,0,0,0,0,1,1
2022.10.05 12:19:00,BUY,1707.97,3100,3032,NONE,1,1,8.57,8.57,0.0,EMA->TP1,EMA->TP1,0,0,1,1,1,1,0,0,1,1,0,0,1,1,13.64,13.64,0.00,0.00,386,386,300.00,300.00,0,0,0,0,1,1
2022.10.06 03:51:00,BUY,1721.98,3101,3033,NONE,1,1,2.01,2.01,0.0,EMA->TP1,EMA->TP1,0,0,1,1,1,1,0,0,1,1,0,0,1,1,1.38,1.38,0.00,0.00,59,59,300.00,300.00,0,0,0,0,1,1
2022.10.06 12:44:01,BUY,1716.77,3102,3034,NONE,2,2,5.43,5.43,0.0,EMA->TP2,EMA->TP2,0,0,1,1,0,0,1,1,1,1,0,0,1,1,12.11,12.11,0.00,0.00,56,56,300.00,300.00,0,0,0,0,1,1
2022.10.07 06:45:00,BUY,1709.71,3103,3035,NONE,1,1,2.95,2.95,0.0,EMA->TP1,EMA->TP1,0,0,1,1,1,1,0,0,1,1,0,0,1,1,2.46,2.46,0.00,0.00,58,58,300.00,300.00,0,0,0,0,1,1
2022.10.07 10:34:00,BUY,1707.82,3104,3036,NONE,2,2,4.7,4.7,0.0,EMA->TP2,EMA->TP2,0,0,1,1,0,0,1,1,1,1,0,0,1,1,16.31,16.31,0.00,0.00,117,117,300.00,300.00,0,0,0,0,1,1
2022.10.07 16:21:00,SELL,1705.45,3105,3037,NONE,1,1,3.01,3.01,0.0,EMA->TP1,EMA->TP1,0,0,1,1,1,1,0,0,1,1,0,0,1,1,0.98,0.98,0.00,0.00,9,9,300.00,300.00,0,0,0,0,1,1
2022.10.09 23:46:02,BUY,1696.88,3106,3038,NONE,3,3,2.41,2.41,0.0,EMA->TP3,EMA->TP3,0,0,1,1,0,0,0,0,1,1,0,0,1,1,9.29,9.29,0.00,0.00,56,56,300.00,300.00,0,0,0,0,1,1
2022.10.10 08:08:00,BUY,1683.05,3107,3039,NONE,2,2,2.96,2.96,0.0,TP2,TP2,0,0,1,1,0,0,1,1,0,0,0,0,1,1,4.8,4.8,0.00,0.00,18,18,300.00,300.00,0,0,0,0,1,1
2022.10.10 08:27:00,BUY,1682.93,3108,3040,ALLOW,4,4,10.84,10.84,0.0,EMA->NET_BASKET_BE,EMA->NET_BASKET_BE,0,0,0,0,0,0,0,0,1,1,0,0,1,1,142.23,142.23,0.03,0.03,1863,1863,300.00,300.00,1,1,0,0,1,1
2022.10.11 22:06:01,BUY,1666.84,3109,3041,NONE,3,3,2.11,2.11,0.0,TP3->EMA->TP3,TP3->EMA->TP3,0,0,1,1,0,0,0,0,1,1,0,0,1,1,22.02,22.02,0.00,0.00,159,159,300.00,300.00,0,0,0,0,1,1
2022.10.12 07:17:00,BUY,1669.94,3110,3042,NONE,2,2,4.1,4.1,0.0,EMA->TP2,EMA->TP2,0,0,1,1,0,0,1,1,1,1,0,0,1,1,12.84,12.84,0.00,0.00,314,314,300.00,300.00,0,0,0,0,1,1
2022.10.12 19:08:00,BUY,1672.95,3111,3043,NONE,1,1,2.62,2.62,0.0,EMA->TP1,EMA->TP1,0,0,1,1,1,1,0,0,1,1,0,0,1,1,1.63,1.63,0.00,0.00,43,43,300.00,300.00,0,0,0,0,1,1
2022.10.13 01:12:00,BUY,1674.40,3112,3044,INVALID,4,4,2.17,2.17,0.0,EMA->NET_BASKET_BE,EMA->NET_BASKET_BE,0,0,0,0,0,0,0,0,1,1,0,0,1,1,35.43,35.43,0.01,0.01,398,398,300.00,300.00,1,1,0,0,1,1
2022.10.13 18:24:00,BUY,1669.39,3113,3045,NONE,3,3,6.02,6.02,0.0,EMA->TP3,EMA->TP3,0,0,1,1,0,0,0,0,1,1,0,0,1,1,38.09,38.09,0.01,0.01,445,445,300.00,300.00,0,0,0,0,1,1
2022.10.14 08:31:00,BUY,1662.35,3114,3046,NONE,3,3,8.6,8.6,0.0,EMA->TP3,EMA->TP3,0,0,1,1,0,0,0,0,1,1,0,0,1,1,45.61,45.61,0.01,0.01,184,184,300.00,300.00,0,0,0,0,1,1
2022.10.17 02:46:01,BUY,1650.84,3115,3047,NONE,2,2,2.1,2.1,0.0,EMA->TP2,EMA->TP2,0,0,1,1,0,0,1,1,1,1,0,0,1,1,7.68,7.68,0.00,0.00,142,142,300.00,300.00,0,0,0,0,1,1
2022.10.17 06:30:00,BUY,1650.85,3116,3048,NONE,2,2,2.64,2.64,0.0,EMA->TP2,EMA->TP2,0,0,1,1,0,0,1,1,1,1,0,0,1,1,3.82,3.82,0.00,0.00,30,30,300.00,300.00,0,0,0,0,1,1
2022.10.17 10:48:00,BUY,1656.00,3117,3049,NONE,1,1,3.34,3.34,0.0,EMA->TP1,EMA->TP1,0,0,1,1,1,1,0,0,1,1,0,0,1,1,2.2,2.2,0.00,0.00,92,92,300.00,300.00,0,0,0,0,1,1
2022.10.19 18:13:00,BUY,1629.06,3118,3050,NONE,2,2,2.01,2.01,0.0,TP2,TP2,0,0,1,1,0,0,1,1,0,0,0,0,1,1,3.67,3.67,0.00,0.00,64,64,300.00,300.00,0,0,0,0,1,1
2022.10.20 13:06:00,BUY,1632.75,3119,3051,NONE,1,1,4.62,4.62,0.0,EMA->TP1,EMA->TP1,0,0,1,1,1,1,0,0,1,1,0,0,1,1,4.08,4.08,0.00,0.00,65,65,300.00,300.00,0,0,0,0,1,1
2022.10.20 18:33:00,BUY,1629.25,3120,3052,ALLOW,4,4,3.27,3.27,0.0,EMA->NET_BASKET_BE,EMA->NET_BASKET_BE,0,0,0,0,0,0,0,0,1,1,0,0,1,1,62.65,62.65,0.01,0.01,770,770,300.00,300.00,1,1,0,0,1,1
2022.10.21 16:25:00,BUY,1650.80,3121,3053,NONE,1,1,7.39,7.39,0.0,EMA->TP1,EMA->TP1,0,0,1,1,1,1,0,0,1,1,0,0,1,1,3.64,3.64,0.00,0.00,3215,3215,300.00,300.00,0,0,0,0,1,1
2022.10.23 22:13:00,SELL,1658.73,3122,3054,NONE,3,3,8.86,8.86,0.0,EMA->TP3,EMA->TP3,0,0,1,1,0,0,0,0,1,1,0,0,1,1,34.42,34.42,0.01,0.01,96,96,300.00,300.00,0,0,0,0,1,1
2022.10.24 02:28:00,BUY,1653.19,3123,3055,NONE,1,1,2.48,2.48,0.0,EMA->TP1,EMA->TP1,0,0,1,1,1,1,0,0,1,1,0,0,1,1,0.76,0.76,0.00,0.00,24,24,300.00,300.00,0,0,0,0,1,1
2022.10.24 03:02:00,SELL,1655.23,3124,3056,NONE,2,2,2.02,2.02,0.0,EMA->TP1->TP2,EMA->TP1->TP2,0,0,1,1,1,1,1,1,1,1,0,0,1,1,10.45,10.45,0.00,0.00,148,148,300.00,300.00,0,0,0,0,1,1
2022.10.24 06:04:00,BUY,1655.25,3125,3057,NONE,3,3,11.76,11.76,0.0,EMA->TP3,EMA->TP3,0,0,1,1,0,0,0,0,1,1,0,0,1,1,30.67,30.67,0.01,0.01,344,344,300.00,300.00,0,0,0,0,1,1
2022.10.24 14:20:00,BUY,1647.96,3126,3058,NONE,1,1,4.9,4.9,0.0,EMA->TP1,EMA->TP1,0,0,1,1,1,1,0,0,1,1,0,0,1,1,5.03,5.03,0.00,0.00,609,609,300.00,300.00,0,0,0,0,1,1
2022.10.25 01:42:00,BUY,1649.96,3127,3059,NONE,2,2,3.28,3.28,0.0,TP2,TP2,0,0,1,1,0,0,1,1,0,0,0,0,1,1,5.14,5.14,0.00,0.00,98,98,300.00,300.00,0,0,0,0,1,1
2022.10.25 15:20:00,BUY,1656.30,3128,3060,NONE,2,2,5.4,5.4,0.0,EMA->TP2,EMA->TP2,0,0,1,1,0,0,1,1,1,1,0,0,1,1,7.69,7.69,0.00,0.00,159,159,300.00,300.00,0,0,0,0,1,1
2022.10.25 23:22:00,BUY,1652.05,3129,3061,NONE,2,2,2.02,2.02,0.0,TP2->EMA->TP2,TP2->EMA->TP2,0,0,1,1,0,0,1,1,1,1,0,0,1,1,2.18,2.18,0.00,0.00,32,32,300.00,300.00,0,0,0,0,1,1
2022.10.26 01:11:02,BUY,1651.15,3130,3062,NONE,1,1,2.76,2.76,0.0,EMA->TP1,EMA->TP1,0,0,1,1,1,1,0,0,1,1,0,0,1,1,1.95,1.95,0.00,0.00,27,27,300.00,300.00,0,0,0,0,1,1
2022.10.26 04:29:00,BUY,1656.80,3131,3063,NONE,2,2,2.09,2.09,0.0,EMA->TP2,EMA->TP2,0,0,1,1,0,0,1,1,1,1,0,0,1,1,4.04,4.04,0.00,0.00,60,60,300.00,300.00,0,0,0,0,1,1
2022.10.26 09:05:00,SELL,1674.14,3132,3064,NONE,1,1,2.12,2.12,0.0,TP1,TP1,0,0,1,1,1,1,0,0,0,0,0,0,1,1,1.11,1.11,0.00,0.00,16,16,300.00,300.00,0,0,0,0,1,1
2022.10.26 13:01:00,BUY,1663.55,3133,3065,NONE,1,1,5.15,5.15,0.0,EMA->TP1,EMA->TP1,0,0,1,1,1,1,0,0,1,1,0,0,1,1,3.53,3.53,0.00,0.00,60,60,300.00,300.00,0,0,0,0,1,1
2022.10.27 02:46:00,BUY,1663.42,3134,3066,NONE,1,1,2.63,2.63,0.0,EMA->TP1,EMA->TP1,0,0,1,1,1,1,0,0,1,1,0,0,1,1,3.13,3.13,0.00,0.00,146,146,300.00,300.00,0,0,0,0,1,1
2022.10.27 06:27:00,BUY,1665.28,3135,3067,NONE,2,2,3.3,3.3,0.0,EMA->TP2,EMA->TP2,0,0,1,1,0,0,1,1,1,1,0,0,1,1,14.88,14.88,0.00,0.00,107,107,300.00,300.00,0,0,0,0,1,1
2022.10.27 20:33:00,BUY,1662.48,3136,3068,NONE,1,1,3.66,3.66,0.0,EMA->TP1,EMA->TP1,0,0,1,1,1,1,0,0,1,1,0,0,1,1,3.76,3.76,0.00,0.00,327,327,300.00,300.00,0,0,0,0,1,1
2022.10.28 19:55:00,SELL,1644.34,3137,3069,NONE,2,2,2.02,2.02,0.0,TP2,TP2,0,0,1,1,0,0,1,1,0,0,0,0,1,1,1.94,1.94,0.00,0.00,16,16,300.00,300.00,0,0,0,0,1,1
2022.10.28 20:12:00,SELL,1643.65,3138,3070,NONE,2,2,2.28,2.28,0.0,TP2->EMA->TP2,TP2->EMA->TP2,0,0,1,1,0,0,1,1,1,1,0,0,1,1,6.84,6.84,0.00,0.00,2988,2988,300.00,300.00,0,0,0,0,1,1
2022.10.31 08:47:00,BUY,1637.13,3139,3071,NONE,1,1,2.91,2.91,0.0,EMA->TP1,EMA->TP1,0,0,1,1,1,1,0,0,1,1,0,0,1,1,1.72,1.72,0.00,0.00,58,58,300.00,300.00,0,0,0,0,1,1
2022.11.01 00:29:00,BUY,1632.88,3140,3072,NONE,1,1,2.0,2.0,0.0,EMA->TP1,EMA->TP1,0,0,1,1,1,1,0,0,1,1,0,0,1,1,1.21,1.21,0.00,0.00,36,36,300.00,300.00,0,0,0,0,1,1
2022.11.01 08:53:01,BUY,1648.25,3141,3073,NONE,1,1,4.45,4.45,0.0,EMA->TP1,EMA->TP1,0,0,1,1,1,1,0,0,1,1,0,0,1,1,2.81,2.81,0.00,0.00,132,132,300.00,300.00,0,0,0,0,1,1
2022.11.01 17:01:00,BUY,1645.48,3142,3074,NONE,1,1,2.42,2.42,0.0,EMA->TP1,EMA->TP1,0,0,1,1,1,1,0,0,1,1,0,0,1,1,0.89,0.89,0.00,0.00,50,50,300.00,300.00,0,0,0,0,1,1
2022.11.02 10:39:01,SELL,1655.61,3143,3075,NONE,2,2,2.0,2.0,0.0,EMA->TP2,EMA->TP2,0,0,1,1,0,0,1,1,1,1,0,0,1,1,6.77,6.77,0.00,0.00,91,91,300.00,300.00,0,0,0,0,1,1
2022.11.02 20:34:00,BUY,1636.37,3144,3076,NONE,2,2,3.56,3.56,0.0,TP2,TP2,0,0,1,1,0,0,1,1,0,0,0,0,1,1,3.61,3.61,0.00,0.00,100,100,300.00,300.00,0,0,0,0,1,1
2022.11.03 06:30:00,BUY,1635.08,3145,3077,ALLOW,5,5,2.58,2.58,0.0,NET_BASKET_BE,NET_BASKET_BE,0,0,0,0,0,0,0,0,0,0,1,1,1,1,153.49,153.49,0.03,0.03,498,498,300.00,300.00,1,1,0,0,1,1
2022.11.07 06:17:00,BUY,1672.33,3146,3078,NONE,2,2,2.21,2.21,0.0,TP2->EMA->TP2,TP2->EMA->TP2,0,0,1,1,0,0,1,1,1,1,0,0,1,1,3.82,3.82,0.00,0.00,35,35,300.00,300.00,0,0,0,0,1,1
2022.11.07 14:42:00,BUY,1679.81,3147,3079,NONE,2,2,6.48,6.48,0.0,EMA->TP2,EMA->TP2,0,0,1,1,0,0,1,1,1,1,0,0,1,1,11.46,11.46,0.00,0.00,72,72,300.00,300.00,0,0,0,0,1,1
2022.11.08 19:17:00,BUY,1713.50,3148,3080,NONE,2,2,4.84,4.84,0.0,EMA->TP2,EMA->TP2,0,0,1,1,0,0,1,1,1,1,0,0,1,1,9.8,9.8,0.00,0.00,77,77,300.00,300.00,0,0,0,0,1,1
2022.11.08 23:12:00,BUY,1711.94,3149,3081,NONE,2,2,2.07,2.07,0.0,EMA->TP2,EMA->TP2,0,0,1,1,0,0,1,1,1,1,0,0,1,1,14.1,14.1,0.00,0.00,232,232,300.00,300.00,0,0,0,0,1,1
2022.11.09 04:44:00,BUY,1708.98,3150,3082,NONE,1,1,2.16,2.16,0.0,EMA->TP1,EMA->TP1,0,0,1,1,1,1,0,0,1,1,0,0,1,1,2.61,2.61,0.00,0.00,136,136,300.00,300.00,0,0,0,0,1,1
2022.11.09 14:40:00,BUY,1712.09,3151,3083,NONE,1,1,5.76,5.76,0.0,EMA->TP1,EMA->TP1,0,0,1,1,1,1,0,0,1,1,0,0,1,1,5.57,5.57,0.00,0.00,29,29,300.00,300.00,0,0,0,0,1,1
2022.11.09 17:29:00,BUY,1712.40,3152,3084,NONE,3,3,2.16,2.16,0.0,EMA->TP3,EMA->TP3,0,0,1,1,0,0,0,0,1,1,0,0,1,1,38.0,38.0,0.01,0.01,696,696,300.00,300.00,0,0,0,0,1,1
2022.11.10 07:44:00,BUY,1706.56,3153,3085,NONE,1,1,2.59,2.59,0.0,EMA->TP1,EMA->TP1,0,0,1,1,1,1,0,0,1,1,0,0,1,1,1.71,1.71,0.00,0.00,21,21,300.00,300.00,0,0,0,0,1,1
2022.11.10 10:29:00,BUY,1705.46,3154,3086,NONE,1,1,2.8,2.8,0.0,EMA->TP1,EMA->TP1,0,0,1,1,1,1,0,0,1,1,0,0,1,1,1.18,1.18,0.00,0.00,30,30,300.00,300.00,0,0,0,0,1,1
2022.11.11 12:20:00,BUY,1758.63,3155,3087,NONE,1,1,4.62,4.62,0.0,EMA->TP1,EMA->TP1,0,0,1,1,1,1,0,0,1,1,0,0,1,1,3.1,3.1,0.00,0.00,78,78,300.00,300.00,0,0,0,0,1,1
2022.11.11 14:47:00,BUY,1758.80,3156,3088,NONE,1,1,6.88,6.88,0.0,EMA->TP1,EMA->TP1,0,0,1,1,1,1,0,0,1,1,0,0,1,1,5.2,5.2,0.00,0.00,202,202,300.00,300.00,0,0,0,0,1,1
2022.11.14 04:39:03,BUY,1760.09,3157,3089,NONE,2,2,2.01,2.01,0.0,TP1->TP2,TP1->TP2,0,0,1,1,1,1,1,1,0,0,0,0,1,1,6.2,6.2,0.00,0.00,86,86,300.00,300.00,0,0,0,0,1,1
2022.11.15 00:32:00,BUY,1769.12,3158,3090,NONE,1,1,3.05,3.05,0.0,EMA->TP1,EMA->TP1,0,0,1,1,1,1,0,0,1,1,0,0,1,1,2.24,2.24,0.00,0.00,49,49,300.00,300.00,0,0,0,0,1,1
2022.11.15 14:46:00,BUY,1772.27,3159,3091,NONE,1,1,4.93,4.93,0.0,EMA->TP1,EMA->TP1,0,0,1,1,1,1,0,0,1,1,0,0,1,1,7.01,7.01,0.00,0.00,228,228,300.00,300.00,0,0,0,0,1,1
2022.11.16 01:58:00,BUY,1774.89,3160,3092,NONE,2,2,2.66,2.66,0.0,EMA->TP2,EMA->TP2,0,0,1,1,0,0,1,1,1,1,0,0,1,1,12.64,12.64,0.00,0.00,203,203,300.00,300.00,0,0,0,0,1,1
2022.11.17 03:30:00,BUY,1764.12,3161,3093,NONE,2,2,3.02,3.02,0.0,TP2,TP2,0,0,1,1,0,0,1,1,0,0,0,0,1,1,4.57,4.57,0.00,0.00,131,131,300.00,300.00,0,0,0,0,1,1
2022.11.17 20:12:00,SELL,1760.37,3162,3094,NONE,3,3,2.03,2.03,0.0,EMA->TP3,EMA->TP3,0,0,1,1,0,0,0,0,1,1,0,0,1,1,18.18,18.18,0.00,0.00,514,514,300.00,300.00,0,0,0,0,1,1
2022.11.18 05:51:02,SELL,1762.22,3163,3095,NONE,3,3,2.01,2.01,0.0,EMA->TP3,EMA->TP3,0,0,1,1,0,0,0,0,1,1,0,0,1,1,13.06,13.06,0.00,0.00,100,100,300.00,300.00,0,0,0,0,1,1
2022.11.18 09:47:00,SELL,1766.24,3164,3096,NONE,1,1,2.9,2.9,0.0,EMA->TP1,EMA->TP1,0,0,1,1,1,1,0,0,1,1,0,0,1,1,1.4,1.4,0.00,0.00,38,38,300.00,300.00,0,0,0,0,1,1
2022.11.18 12:04:00,BUY,1760.80,3165,3097,NONE,3,3,10.61,10.61,0.0,EMA->TP3,EMA->TP3,0,0,1,1,0,0,0,0,1,1,0,0,1,1,32.05,32.05,0.01,0.01,205,205,300.00,300.00,0,0,0,0,1,1
2022.11.18 19:17:00,BUY,1749.20,3166,3098,NONE,2,2,2.22,2.22,0.0,TP2,TP2,0,0,1,1,0,0,1,1,0,0,0,0,1,1,3.96,3.96,0.00,0.00,52,52,300.00,300.00,0,0,0,0,1,1
2022.11.18 20:51:00,SELL,1748.91,3167,3099,NONE,2,2,2.14,2.14,0.0,EMA->TP2,EMA->TP2,0,0,1,1,0,0,1,1,1,1,0,0,1,1,10.73,10.73,0.00,0.00,3136,3136,300.00,300.00,0,0,0,0,1,1
2022.11.21 11:02:00,SELL,1741.21,3168,3100,NONE,3,3,2.26,2.26,0.0,EMA->TP1->TP3,EMA->TP1->TP3,0,0,1,1,1,1,0,0,1,1,0,0,1,1,21.47,21.47,0.00,0.00,157,157,300.00,300.00,0,0,0,0,1,1
2022.11.21 17:53:01,BUY,1737.30,3169,3101,NONE,1,1,2.02,2.02,0.0,EMA->TP1,EMA->TP1,0,0,1,1,1,1,0,0,1,1,0,0,1,1,4.29,4.29,0.00,0.00,379,379,300.00,300.00,0,0,0,0,1,1
2022.11.22 01:03:00,BUY,1741.68,3170,3102,NONE,1,1,2.07,2.07,0.0,EMA->TP1,EMA->TP1,0,0,1,1,1,1,0,0,1,1,0,0,1,1,0.52,0.52,0.00,0.00,10,10,300.00,300.00,0,0,0,0,1,1
2022.11.22 01:39:00,SELL,1743.94,3171,3103,NONE,1,1,2.22,2.22,0.0,EMA->TP1,EMA->TP1,0,0,1,1,1,1,0,0,1,1,0,0,1,1,3.93,3.93,0.00,0.00,259,259,300.00,300.00,0,0,0,0,1,1
2022.11.22 13:48:00,BUY,1745.51,3172,3104,NONE,2,2,3.09,3.09,0.0,EMA->TP2,EMA->TP2,0,0,1,1,0,0,1,1,1,1,0,0,1,1,8.08,8.08,0.00,0.00,49,49,300.00,300.00,0,0,0,0,1,1
2022.11.22 14:52:00,SELL,1744.94,3173,3105,NONE,1,1,4.04,4.04,0.0,EMA->TP1,EMA->TP1,0,0,1,1,1,1,0,0,1,1,0,0,1,1,2.28,2.28,0.00,0.00,74,74,300.00,300.00,0,0,0,0,1,1
2022.11.22 16:19:00,BUY,1741.16,3174,3106,NONE,2,2,3.43,3.43,0.0,EMA->TP2,EMA->TP2,0,0,1,1,0,0,1,1,1,1,0,0,1,1,10.21,10.21,0.00,0.00,424,424,300.00,300.00,0,0,0,0,1,1
2022.11.23 01:33:00,BUY,1740.07,3175,3107,NONE,3,3,3.62,3.62,0.0,EMA->TP3,EMA->TP3,0,0,1,1,0,0,0,0,1,1,0,0,1,1,30.29,30.29,0.01,0.01,314,314,300.00,300.00,0,0,0,0,1,1
2022.11.24 00:41:00,SELL,1753.45,3176,3108,NONE,2,2,2.0,2.0,0.0,EMA->TP2,EMA->TP2,0,0,1,1,0,0,1,1,1,1,0,0,1,1,8.65,8.65,0.00,0.00,290,290,300.00,300.00,0,0,0,0,1,1
2022.11.24 06:39:01,BUY,1753.63,3177,3109,NONE,1,1,2.31,2.31,0.0,EMA->TP1,EMA->TP1,0,0,1,1,1,1,0,0,1,1,0,0,1,1,0.75,0.75,0.00,0.00,22,22,300.00,300.00,0,0,0,0,1,1
2022.11.24 14:33:00,SELL,1756.03,3178,3110,NONE,2,2,2.28,2.28,0.0,EMA->TP2,EMA->TP2,0,0,1,1,0,0,1,1,1,1,0,0,1,1,6.31,6.31,0.00,0.00,175,175,300.00,300.00,0,0,0,0,1,1
2022.11.24 18:26:08,BUY,1755.29,3179,3111,NONE,3,3,2.12,2.12,0.0,TP2->EMA->TP3,TP2->EMA->TP3,0,0,1,1,0,0,1,1,1,1,0,0,1,1,16.99,16.99,0.00,0.00,411,411,300.00,300.00,0,0,0,0,1,1
2022.11.25 04:59:02,BUY,1758.86,3180,3112,ALLOW,5,5,2.57,2.57,0.0,EMA->NET_BASKET_BE,EMA->NET_BASKET_BE,0,0,0,0,0,0,0,0,1,1,1,1,1,1,125.85,125.85,0.03,0.03,731,731,300.00,300.00,1,1,0,0,1,1
2022.11.27 23:44:00,BUY,1751.66,3181,3113,NONE,1,1,2.01,2.01,0.0,EMA->TP1,EMA->TP1,0,0,1,1,1,1,0,0,1,1,0,0,1,1,1.45,1.45,0.00,0.00,45,45,300.00,300.00,0,0,0,0,1,1
2022.11.28 01:56:01,BUY,1748.09,3182,3114,NONE,1,1,4.8,4.8,0.0,EMA->TP1,EMA->TP1,0,0,1,1,1,1,0,0,1,1,0,0,1,1,3.85,3.85,0.00,0.00,282,282,300.00,300.00,0,0,0,0,1,1
2022.11.28 13:24:00,BUY,1753.36,3183,3115,NONE,2,2,8.32,8.32,0.0,EMA->TP2,EMA->TP2,0,0,1,1,0,0,1,1,1,1,0,0,1,1,32.14,32.14,0.01,0.01,917,917,300.00,300.00,0,0,0,0,1,1
2022.11.29 10:18:00,SELL,1754.50,3184,3116,NONE,2,2,2.1,2.1,0.0,EMA->TP2,EMA->TP2,0,0,1,1,0,0,1,1,1,1,0,0,1,1,4.62,4.62,0.00,0.00,51,51,300.00,300.00,0,0,0,0,1,1
2022.11.29 20:27:00,BUY,1749.56,3185,3117,NONE,2,2,2.05,2.05,0.0,TP2,TP2,0,0,1,1,0,0,1,1,0,0,0,0,1,1,3.14,3.14,0.00,0.00,60,60,300.00,300.00,0,0,0,0,1,1
2022.11.30 08:41:00,BUY,1756.75,3186,3118,NONE,1,1,3.4,3.4,0.0,EMA->TP1,EMA->TP1,0,0,1,1,1,1,0,0,1,1,0,0,1,1,0.83,0.83,0.00,0.00,21,21,300.00,300.00,0,0,0,0,1,1
2022.12.01 01:43:00,BUY,1777.10,3187,3119,NONE,3,3,3.6,3.6,0.0,EMA->TP3,EMA->TP3,0,0,1,1,0,0,0,0,1,1,0,0,1,1,18.67,18.67,0.00,0.00,47,47,300.00,300.00,0,0,0,0,1,1
2022.12.01 11:04:00,BUY,1777.37,3188,3120,NONE,1,1,2.34,2.34,0.0,EMA->TP1,EMA->TP1,0,0,1,1,1,1,0,0,1,1,0,0,1,1,1.56,1.56,0.00,0.00,23,23,300.00,300.00,0,0,0,0,1,1
2022.12.01 18:26:01,BUY,1801.34,3189,3121,NONE,2,2,3.97,3.97,0.0,EMA->TP2,EMA->TP2,0,0,1,1,0,0,1,1,1,1,0,0,1,1,15.25,15.25,0.00,0.00,778,778,300.00,300.00,0,0,0,0,1,1
2022.12.02 13:53:00,BUY,1784.86,3190,3122,NONE,1,1,11.12,11.12,0.0,EMA->TP1,EMA->TP1,0,0,1,1,1,1,0,0,1,1,0,0,1,1,6.18,6.18,0.00,0.00,173,173,300.00,300.00,0,0,0,0,1,1
2022.12.05 08:33:00,BUY,1798.49,3191,3123,NONE,2,2,3.75,3.75,0.0,EMA->TP2,EMA->TP2,0,0,1,1,0,0,1,1,1,1,0,0,1,1,12.45,12.45,0.00,0.00,267,267,300.00,300.00,0,0,0,0,1,1
2022.12.05 14:00:00,BUY,1792.89,3192,3124,ALLOW,4,4,2.09,2.09,0.0,NET_BASKET_BE,NET_BASKET_BE,0,0,0,0,0,0,0,0,0,0,0,0,1,1,140.62,140.62,0.03,0.03,2914,2914,300.00,300.00,1,1,0,0,1,1
2022.12.08 01:46:00,BUY,1782.37,3193,3125,NONE,1,1,2.17,2.17,0.0,EMA->TP1,EMA->TP1,0,0,1,1,1,1,0,0,1,1,0,0,1,1,2.68,2.68,0.00,0.00,251,251,300.00,300.00,0,0,0,0,1,1
2022.12.08 10:49:04,BUY,1783.55,3194,3126,NONE,1,1,2.5,2.5,0.0,EMA->TP1,EMA->TP1,0,0,1,1,1,1,0,0,1,1,0,0,1,1,2.17,2.17,0.00,0.00,82,82,300.00,300.00,0,0,0,0,1,1
2022.12.09 05:18:01,BUY,1796.91,3195,3127,ALLOW,4,4,3.09,3.09,0.0,EMA->TP2->NET_BASKET_BE,EMA->TP2->NET_BASKET_BE,0,0,0,0,0,0,1,1,1,1,0,0,1,1,46.02,46.02,0.01,0.01,282,282,300.00,300.00,1,1,0,0,1,1
2022.12.09 21:02:01,BUY,1795.99,3196,3128,ALLOW,4,4,2.36,2.36,0.0,EMA->NET_BASKET_BE,EMA->NET_BASKET_BE,0,0,0,0,0,0,0,0,1,1,0,0,1,1,53.98,53.98,0.01,0.01,3526,3526,300.00,300.00,1,1,0,0,1,1
2022.12.12 20:51:00,BUY,1780.13,3197,3129,NONE,1,1,2.0,2.0,0.0,EMA->TP1,EMA->TP1,0,0,1,1,1,1,0,0,1,1,0,0,1,1,1.63,1.63,0.00,0.00,232,232,300.00,300.00,0,0,0,0,1,1
2022.12.13 03:00:00,SELL,1785.63,3198,3130,NONE,1,1,2.01,2.01,0.0,TP1->EMA->TP1,TP1->EMA->TP1,0,0,1,1,1,1,0,0,1,1,0,0,1,1,0.72,0.72,0.00,0.00,34,34,300.00,300.00,0,0,0,0,1,1
2022.12.13 04:23:01,BUY,1782.11,3199,3131,NONE,1,1,2.0,2.0,0.0,EMA->TP1,EMA->TP1,0,0,1,1,1,1,0,0,1,1,0,0,1,1,1.02,1.02,0.00,0.00,74,74,300.00,300.00,0,0,0,0,1,1
2022.12.13 05:38:04,BUY,1784.48,3200,3132,NONE,1,1,2.01,2.01,0.0,EMA->TP1,EMA->TP1,0,0,1,1,1,1,0,0,1,1,0,0,1,1,1.39,1.39,0.00,0.00,64,64,300.00,300.00,0,0,0,0,1,1
2022.12.13 07:47:04,SELL,1787.87,3201,3133,NONE,1,1,2.01,2.01,0.0,TP1->EMA->TP1,TP1->EMA->TP1,0,0,1,1,1,1,0,0,1,1,0,0,1,1,2.06,2.06,0.00,0.00,39,39,300.00,300.00,0,0,0,0,1,1
2022.12.14 07:35:00,BUY,1809.30,3202,3134,NONE,2,2,3.13,3.13,0.0,TP2,TP2,0,0,1,1,0,0,1,1,0,0,0,0,1,1,4.61,4.61,0.00,0.00,37,37,300.00,300.00,0,0,0,0,1,1
2022.12.14 20:11:00,BUY,1810.78,3203,3135,NONE,3,3,14.63,14.63,0.0,EMA->TP3,EMA->TP3,0,0,1,1,0,0,0,0,1,1,0,0,1,1,144.25,144.25,0.03,0.03,7953,7953,300.00,300.00,0,0,0,0,1,1
2022.12.21 10:16:00,BUY,1814.67,3204,3136,NONE,2,2,3.57,3.57,0.0,EMA->TP2,EMA->TP2,0,0,1,1,0,0,1,1,1,1,0,0,1,1,4.28,4.28,0.00,0.00,100,100,300.00,300.00,0,0,0,0,1,1
2022.12.21 23:04:00,BUY,1814.57,3205,3137,NONE,1,1,2.02,2.02,0.0,EMA->TP1,EMA->TP1,0,0,1,1,1,1,0,0,1,1,0,0,1,1,2.29,2.29,0.00,0.00,110,110,300.00,300.00,0,0,0,0,1,1
2022.12.22 11:04:00,BUY,1815.16,3206,3138,NONE,1,1,2.02,2.02,0.0,EMA->TP1,EMA->TP1,0,0,1,1,1,1,0,0,1,1,0,0,1,1,2.0,2.0,0.00,0.00,111,111,300.00,300.00,0,0,0,0,1,1
2022.12.23 02:04:00,SELL,1794.58,3207,3139,NONE,3,3,2.22,2.22,0.0,EMA->TP1->TP2->TP3,EMA->TP1->TP2->TP3,0,0,1,1,1,1,1,1,1,1,0,0,1,1,14.22,14.22,0.00,0.00,381,381,300.00,300.00,0,0,0,0,1,1
2022.12.23 13:09:00,SELL,1797.17,3208,3140,NONE,2,2,2.48,2.48,0.0,EMA->TP2,EMA->TP2,0,0,1,1,0,0,1,1,1,1,0,0,1,1,5.22,5.22,0.00,0.00,21,21,300.00,300.00,0,0,0,0,1,1
2022.12.27 07:00:00,SELL,1806.73,3209,3141,NONE,2,2,2.02,2.02,0.0,TP2,TP2,0,0,1,1,0,0,1,1,0,0,0,0,1,1,3.76,3.76,0.00,0.00,14,14,300.00,300.00,0,0,0,0,1,1
2022.12.27 13:05:00,BUY,1809.80,3210,3142,NONE,2,2,5.51,5.51,0.0,EMA->TP2,EMA->TP2,0,0,1,1,0,0,1,1,1,1,0,0,1,1,15.22,15.22,0.00,0.00,97,97,300.00,300.00,0,0,0,0,1,1
2022.12.27 21:32:00,BUY,1813.70,3211,3143,NONE,3,3,2.56,2.56,0.0,EMA->TP3,EMA->TP3,0,0,1,1,0,0,0,0,1,1,0,0,1,1,18.19,18.19,0.00,0.00,222,222,300.00,300.00,0,0,0,0,1,1
2022.12.28 15:11:00,BUY,1805.40,3212,3144,NONE,2,2,7.16,7.16,0.0,EMA->TP2,EMA->TP2,0,0,1,1,0,0,1,1,1,1,0,0,1,1,19.29,19.29,0.00,0.00,136,136,300.00,300.00,0,0,0,0,1,1
2022.12.28 17:57:00,SELL,1805.42,3213,3145,NONE,2,2,2.0,2.0,0.0,TP2,TP2,0,0,1,1,0,0,1,1,0,0,0,0,1,1,8.95,8.95,0.00,0.00,42,42,300.00,300.00,0,0,0,0,1,1
2022.12.29 06:45:04,BUY,1808.15,3214,3146,NONE,3,3,2.26,2.26,0.0,EMA->TP3,EMA->TP3,0,0,1,1,0,0,0,0,1,1,0,0,1,1,11.49,11.49,0.00,0.00,75,75,300.00,300.00,0,0,0,0,1,1
2022.12.29 21:01:00,BUY,1815.20,3215,3147,NONE,1,1,2.0,2.0,0.0,EMA->TP1,EMA->TP1,0,0,1,1,1,1,0,0,1,1,0,0,1,1,2.01,2.01,0.00,0.00,279,279,300.00,300.00,0,0,0,0,1,1
2023.01.04 21:48:06,BUY,1854.30,3216,3148,NONE,1,1,2.23,2.23,0.0,EMA->TP1,EMA->TP1,0,0,1,1,1,1,0,0,1,1,0,0,1,1,1.65,1.65,0.00,0.00,239,239,300.00,300.00,0,0,0,0,1,1
2023.01.05 08:15:00,BUY,1847.29,3217,3149,NONE,3,3,14.17,14.17,0.0,EMA->TP3,EMA->TP3,0,0,1,1,0,0,0,0,1,1,0,0,1,1,68.33,68.33,0.01,0.01,1755,1755,300.00,300.00,0,0,0,0,1,1
2023.01.06 14:03:00,SELL,1850.67,3218,3150,NONE,1,1,5.79,5.79,0.0,TP1,TP1,0,0,1,1,1,1,0,0,0,0,0,0,1,1,2.31,2.31,0.00,0.00,17,17,300.00,300.00,0,0,0,0,1,1
2023.01.06 15:24:00,SELL,1860.23,3219,3151,NONE,3,3,15.91,15.91,0.0,EMA->TP3,EMA->TP3,0,0,1,1,0,0,0,0,1,1,0,0,1,1,112.31,112.31,0.02,0.02,7255,7255,300.00,300.00,0,0,0,0,1,1
2023.01.11 16:23:00,BUY,1869.01,3220,3152,NONE,1,1,5.47,5.47,0.0,EMA->TP1,EMA->TP1,0,0,1,1,1,1,0,0,1,1,0,0,1,1,1.63,1.63,0.00,0.00,51,51,300.00,300.00,0,0,0,0,1,1
2023.01.16 03:37:00,BUY,1925.13,3221,3153,ALLOW,5,5,-300.26,-300.26,0.0,EMA->TP1->SL$,EMA->TP1->SL$,1,1,0,0,1,1,0,0,1,1,1,1,0,0,297.14,297.14,0.06,0.06,2823,2823,300.00,300.00,0,0,0,0,1,1
2023.01.19 13:10:00,BUY,1908.34,3222,3154,NONE,1,1,3.28,3.28,0.0,EMA->TP1,EMA->TP1,0,0,1,1,1,1,0,0,1,1,0,0,1,1,1.4,1.4,0.00,0.00,18,18,300.00,300.00,0,0,0,0,1,1
2023.01.20 05:08:00,BUY,1924.70,3223,3155,NONE,1,1,2.0,2.0,0.0,TP1,TP1,0,0,1,1,1,1,0,0,0,0,0,0,1,1,1.67,1.67,0.00,0.00,36,36,300.00,300.00,0,0,0,0,1,1
2023.01.20 08:57:01,BUY,1929.64,3224,3156,NONE,2,2,4.19,4.19,0.0,TP2,TP2,0,0,1,1,0,0,1,1,0,0,0,0,1,1,4.44,4.44,0.00,0.00,19,19,300.00,300.00,0,0,0,0,1,1
2023.01.20 09:17:00,BUY,1929.78,3225,3157,NONE,3,3,9.56,9.56,0.0,EMA->TP3,EMA->TP3,0,0,1,1,0,0,0,0,1,1,0,0,1,1,24.44,24.44,0.00,0.00,340,340,300.00,300.00,0,0,0,0,1,1
2023.01.20 16:48:00,BUY,1926.10,3226,3158,NONE,2,2,4.47,4.47,0.0,TP2,TP2,0,0,1,1,0,0,1,1,0,0,0,0,1,1,4.22,4.22,0.00,0.00,23,23,300.00,300.00,0,0,0,0,1,1
2023.01.20 21:24:00,BUY,1927.60,3227,3159,NONE,3,3,25.15,25.15,0.0,TP3->TP2->EMA->TP1->TP3,TP3->TP2->EMA->TP1->TP3,0,0,1,1,1,1,1,1,1,1,0,0,1,1,25.89,25.89,0.01,0.01,3096,3096,300.00,300.00,0,0,0,0,1,1
2023.01.23 12:25:00,BUY,1924.29,3228,3160,NONE,1,1,2.23,2.23,0.0,EMA->TP1,EMA->TP1,0,0,1,1,1,1,0,0,1,1,0,0,1,1,0.82,0.82,0.00,0.00,14,14,300.00,300.00,0,0,0,0,1,1
2023.01.25 04:52:00,BUY,1931.01,3229,3161,NONE,2,2,3.47,3.47,0.0,EMA->TP2,EMA->TP2,0,0,1,1,0,0,1,1,1,1,0,0,1,1,11.08,11.08,0.00,0.00,99,99,300.00,300.00,0,0,0,0,1,1
2023.01.27 02:40:00,BUY,1928.45,3230,3162,NONE,3,3,9.76,9.76,0.0,EMA->TP3,EMA->TP3,0,0,1,1,0,0,0,0,1,1,0,0,1,1,21.48,21.48,0.00,0.00,443,443,300.00,300.00,0,0,0,0,1,1
2023.01.27 10:49:01,SELL,1928.11,3231,3163,NONE,2,2,2.27,2.27,0.0,TP2,TP2,0,0,1,1,0,0,1,1,0,0,0,0,1,1,9.13,9.13,0.00,0.00,107,107,300.00,300.00,0,0,0,0,1,1
2023.01.31 23:16:01,BUY,1928.13,3232,3164,NONE,2,2,2.14,2.14,0.0,EMA->TP2,EMA->TP2,0,0,1,1,0,0,1,1,1,1,0,0,1,1,4.08,4.08,0.00,0.00,105,105,300.00,300.00,0,0,0,0,1,1
2023.02.01 03:22:00,SELL,1925.53,3233,3165,NONE,2,2,2.24,2.24,0.0,EMA->TP2,EMA->TP2,0,0,1,1,0,0,1,1,1,1,0,0,1,1,6.79,6.79,0.00,0.00,116,116,300.00,300.00,0,0,0,0,1,1
2023.02.01 16:59:00,BUY,1925.77,3234,3166,NONE,2,2,4.77,4.77,0.0,TP2,TP2,0,0,1,1,0,0,1,1,0,0,0,0,1,1,10.53,10.53,0.00,0.00,30,30,300.00,300.00,0,0,0,0,1,1
2023.02.01 18:03:00,SELL,1924.82,3235,3167,NONE,2,2,2.81,2.81,0.0,EMA->TP2,EMA->TP2,0,0,1,1,0,0,1,1,1,1,0,0,1,1,5.8,5.8,0.00,0.00,53,53,300.00,300.00,0,0,0,0,1,1
2023.02.02 06:56:00,BUY,1952.53,3236,3168,NONE,1,1,2.02,2.02,0.0,EMA->TP1,EMA->TP1,0,0,1,1,1,1,0,0,1,1,0,0,1,1,0.75,0.75,0.00,0.00,6,6,300.00,300.00,0,0,0,0,1,1
2023.02.02 14:05:00,BUY,1945.43,3237,3169,VETO,5,3,-356.21,-300.72,55.49,SL$,EMA->SL$,1,1,0,0,0,0,0,0,0,1,1,0,0,0,289.53,300.06,0.06,0.06,1405,1416,300.00,300.00,0,0,0,0,1,1
2023.02.03 16:43:00,BUY,1868.93,3238,3170,NONE,2,2,5.54,5.54,0.0,EMA->TP2,EMA->TP2,0,0,1,1,0,0,1,1,1,1,0,0,1,1,23.05,23.05,0.00,0.00,3273,3273,300.00,300.00,0,0,0,0,1,1
2023.02.06 14:19:00,BUY,1872.55,3239,3171,NONE,2,2,4.07,4.07,0.0,EMA->TP2,EMA->TP2,0,0,1,1,0,0,1,1,1,1,0,0,1,1,24.61,24.61,0.00,0.00,658,658,300.00,300.00,0,0,0,0,1,1
2023.02.07 03:30:00,BUY,1873.67,3240,3172,NONE,2,2,2.01,2.01,0.0,EMA->TP1->TP2,EMA->TP1->TP2,0,0,1,1,1,1,1,1,1,1,0,0,1,1,5.64,5.64,0.00,0.00,91,91,300.00,300.00,0,0,0,0,1,1
2023.02.08 02:36:01,BUY,1875.96,3241,3173,NONE,2,2,3.45,3.45,0.0,EMA->TP2,EMA->TP2,0,0,1,1,0,0,1,1,1,1,0,0,1,1,5.19,5.19,0.00,0.00,280,280,300.00,300.00,0,0,0,0,1,1
2023.02.08 15:37:00,BUY,1872.03,3242,3174,NONE,1,1,5.02,5.02,0.0,EMA->TP1,EMA->TP1,0,0,1,1,1,1,0,0,1,1,0,0,1,1,2.81,2.81,0.00,0.00,40,40,300.00,300.00,0,0,0,0,1,1
2023.02.08 20:47:00,BUY,1874.69,3243,3175,NONE,2,2,2.32,2.32,0.0,EMA->TP2,EMA->TP2,0,0,1,1,0,0,1,1,1,1,0,0,1,1,8.5,8.5,0.00,0.00,288,288,300.00,300.00,0,0,0,0,1,1
2023.02.09 03:21:00,BUY,1879.27,3244,3176,NONE,1,1,2.02,2.02,0.0,EMA->TP1,EMA->TP1,0,0,1,1,1,1,0,0,1,1,0,0,1,1,1.7,1.7,0.00,0.00,144,144,300.00,300.00,0,0,0,0,1,1
2023.02.09 13:20:00,SELL,1881.88,3245,3177,NONE,3,3,6.34,6.34,0.0,EMA->TP3,EMA->TP3,0,0,1,1,0,0,0,0,1,1,0,0,1,1,25.81,25.81,0.01,0.01,71,71,300.00,300.00,0,0,0,0,1,1
2023.02.13 16:17:01,BUY,1854.03,3246,3178,NONE,1,1,3.44,3.44,0.0,EMA->TP1,EMA->TP1,0,0,1,1,1,1,0,0,1,1,0,0,1,1,4.67,4.67,0.00,0.00,595,595,300.00,300.00,0,0,0,0,1,1
2023.02.15 00:17:01,BUY,1854.52,3247,3179,NONE,1,1,2.01,2.01,0.0,EMA->TP1,EMA->TP1,0,0,1,1,1,1,0,0,1,1,0,0,1,1,0.77,0.77,0.00,0.00,48,48,300.00,300.00,0,0,0,0,1,1
2023.02.15 13:45:00,BUY,1836.18,3248,3180,NONE,1,1,5.32,5.32,0.0,EMA->TP1,EMA->TP1,0,0,1,1,1,1,0,0,1,1,0,0,1,1,8.32,8.32,0.00,0.00,1102,1102,300.00,300.00,0,0,0,0,1,1
2023.02.16 21:35:01,BUY,1837.13,3249,3181,NONE,2,2,2.02,2.02,0.0,TP2,TP2,0,0,1,1,0,0,1,1,0,0,0,0,1,1,2.11,2.11,0.00,0.00,13,13,300.00,300.00,0,0,0,0,1,1
2023.02.19 23:46:00,BUY,1839.48,3250,3182,NONE,2,2,2.8,2.8,0.0,TP2,TP2,0,0,1,1,0,0,1,1,0,0,0,0,1,1,3.08,3.08,0.00,0.00,47,47,300.00,300.00,0,0,0,0,1,1
2023.02.20 06:56:02,SELL,1844.05,3251,3183,NONE,2,2,2.02,2.02,0.0,EMA->TP2,EMA->TP2,0,0,1,1,0,0,1,1,1,1,0,0,1,1,4.53,4.53,0.00,0.00,37,37,300.00,300.00,0,0,0,0,1,1
2023.02.20 12:36:00,BUY,1844.14,3252,3184,NONE,2,2,2.33,2.33,0.0,EMA->TP2,EMA->TP2,0,0,1,1,0,0,1,1,1,1,0,0,1,1,2.45,2.45,0.00,0.00,43,43,300.00,300.00,0,0,0,0,1,1
2023.02.20 17:20:04,BUY,1841.91,3253,3185,NONE,2,2,2.17,2.17,0.0,EMA->TP2,EMA->TP2,0,0,1,1,0,0,1,1,1,1,0,0,1,1,4.73,4.73,0.00,0.00,419,419,300.00,300.00,0,0,0,0,1,1
2023.02.21 08:42:00,BUY,1831.87,3254,3186,NONE,1,1,3.04,3.04,0.0,TP1,TP1,0,0,1,1,1,1,0,0,0,0,0,0,1,1,1.7,1.7,0.00,0.00,15,15,300.00,300.00,0,0,0,0,1,1
2023.02.21 17:06:00,BUY,1833.80,3255,3187,NONE,1,1,3.14,3.14,0.0,EMA->TP1,EMA->TP1,0,0,1,1,1,1,0,0,1,1,0,0,1,1,5.75,5.75,0.00,0.00,876,876,300.00,300.00,0,0,0,0,1,1
2023.02.22 13:41:00,BUY,1836.73,3256,3188,NONE,2,2,3.72,3.72,0.0,EMA->TP2,EMA->TP2,0,0,1,1,0,0,1,1,1,1,0,0,1,1,14.08,14.08,0.00,0.00,101,101,300.00,300.00,0,0,0,0,1,1
2023.02.24 03:55:01,BUY,1826.03,3257,3189,NONE,2,2,2.08,2.08,0.0,EMA->TP2,EMA->TP2,0,0,1,1,0,0,1,1,1,1,0,0,1,1,7.53,7.53,0.00,0.00,202,202,300.00,300.00,0,0,0,0,1,1
2023.02.26 23:03:00,BUY,1812.95,3258,3190,NONE,1,1,8.18,8.18,0.0,EMA->TP1,EMA->TP1,0,0,1,1,1,1,0,0,1,1,0,0,1,1,13.39,13.39,0.00,0.00,2397,2397,300.00,300.00,0,0,0,0,1,1
2023.03.01 05:05:00,BUY,1830.81,3259,3191,NONE,1,1,2.89,2.89,0.0,EMA->TP1,EMA->TP1,0,0,1,1,1,1,0,0,1,1,0,0,1,1,1.9,1.9,0.00,0.00,84,84,300.00,300.00,0,0,0,0,1,1
2023.03.01 12:51:01,SELL,1838.23,3260,3192,NONE,2,2,2.01,2.01,0.0,TP2,TP2,0,0,1,1,0,0,1,1,0,0,0,0,1,1,7.8,7.8,0.00,0.00,17,17,300.00,300.00,0,0,0,0,1,1
2023.03.01 20:53:01,BUY,1837.86,3261,3193,NONE,2,2,2.23,2.23,0.0,EMA->TP2,EMA->TP2,0,0,1,1,0,0,1,1,1,1,0,0,1,1,4.06,4.06,0.00,0.00,135,135,300.00,300.00,0,0,0,0,1,1
2023.03.02 02:33:05,SELL,1834.63,3262,3194,NONE,1,1,2.07,2.07,0.0,EMA->TP1,EMA->TP1,0,0,1,1,1,1,0,0,1,1,0,0,1,1,2.14,2.14,0.00,0.00,186,186,300.00,300.00,0,0,0,0,1,1
2023.03.02 07:51:03,BUY,1832.16,3263,3195,NONE,1,1,2.45,2.45,0.0,EMA->TP1,EMA->TP1,0,0,1,1,1,1,0,0,1,1,0,0,1,1,2.31,2.31,0.00,0.00,64,64,300.00,300.00,0,0,0,0,1,1
2023.03.02 08:58:00,SELL,1833.64,3264,3196,NONE,1,1,2.37,2.37,0.0,EMA->TP1,EMA->TP1,0,0,1,1,1,1,0,0,1,1,0,0,1,1,2.4,2.4,0.00,0.00,64,64,300.00,300.00,0,0,0,0,1,1
2023.03.02 10:37:01,SELL,1831.87,3265,3197,NONE,3,3,3.16,3.16,0.0,EMA->TP3,EMA->TP3,0,0,1,1,0,0,0,0,1,1,0,0,1,1,15.75,15.75,0.00,0.00,106,106,300.00,300.00,0,0,0,0,1,1
2023.03.02 20:42:00,SELL,1836.55,3266,3198,ALLOW,4,4,2.11,2.11,0.0,EMA->NET_BASKET_BE,EMA->NET_BASKET_BE,0,0,0,0,0,0,0,0,1,1,0,0,1,1,56.28,56.28,0.01,0.01,1060,1060,300.00,300.00,1,1,0,0,1,1
2023.03.03 21:51:06,SELL,1854.67,3267,3199,NONE,3,3,19.67,19.67,0.0,TP2->TP3->TP1->EMA->TP3,TP2->TP3->TP1->EMA->TP3,0,0,1,1,1,1,1,1,1,1,0,0,1,1,11.34,11.34,0.00,0.00,3008,3008,300.00,300.00,0,0,0,0,1,1
2023.03.06 19:21:00,BUY,1846.43,3268,3200,NONE,2,2,2.0,2.0,0.0,TP2->EMA->TP2,TP2->EMA->TP2,0,0,1,1,0,0,1,1,1,1,0,0,1,1,5.94,5.94,0.00,0.00,339,339,300.00,300.00,0,0,0,0,1,1
2023.03.07 03:19:00,BUY,1848.83,3269,3201,NONE,2,2,2.15,2.15,0.0,EMA->TP2,EMA->TP2,0,0,1,1,0,0,1,1,1,1,0,0,1,1,4.52,4.52,0.00,0.00,89,89,300.00,300.00,0,0,0,0,1,1
2023.03.07 12:12:01,BUY,1841.65,3270,3202,ALLOW,5,5,51.99,51.99,0.0,NET_BASKET_BE,NET_BASKET_BE,0,0,0,0,0,0,0,0,0,0,1,1,1,1,240.52,240.52,0.05,0.05,3047,3047,300.00,300.00,1,1,0,0,1,1
2023.03.09 17:06:00,BUY,1826.91,3271,3203,NONE,1,1,3.43,3.43,0.0,EMA->TP1,EMA->TP1,0,0,1,1,1,1,0,0,1,1,0,0,1,1,1.36,1.36,0.00,0.00,57,57,300.00,300.00,0,0,0,0,1,1
2023.03.10 08:54:03,SELL,1835.97,3272,3204,NONE,1,1,4.15,4.15,0.0,TP1->EMA->TP1,TP1->EMA->TP1,0,0,1,1,1,1,0,0,1,1,0,0,1,1,0.69,0.69,0.00,0.00,65,65,300.00,300.00,0,0,0,0,1,1
2023.03.10 11:25:01,SELL,1834.15,3273,3205,NONE,2,2,2.01,2.01,0.0,TP2,TP2,0,0,1,1,0,0,1,1,0,0,0,0,1,1,6.21,6.21,0.00,0.00,39,39,300.00,300.00,0,0,0,0,1,1
2023.03.10 21:03:00,SELL,1867.91,3274,3206,ALLOW,4,4,2.79,2.79,0.0,NET_BASKET_BE,NET_BASKET_BE,0,0,0,0,0,0,0,0,0,0,0,0,1,1,151.02,151.02,0.03,0.03,2983,2983,300.00,300.00,1,1,0,0,1,1
2023.03.13 17:00:00,BUY,1909.39,3275,3207,NONE,2,2,7.53,7.53,0.0,EMA->TP2,EMA->TP2,0,0,1,1,0,0,1,1,1,1,0,0,1,1,18.49,18.49,0.00,0.00,791,791,300.00,300.00,0,0,0,0,1,1
2023.03.14 16:29:00,BUY,1903.99,3276,3208,NONE,1,1,3.44,3.44,0.0,EMA->TP1,EMA->TP1,0,0,1,1,1,1,0,0,1,1,0,0,1,1,0.91,0.91,0.00,0.00,24,24,300.00,300.00,0,0,0,0,1,1
2023.03.14 22:03:03,BUY,1904.97,3277,3209,NONE,2,2,3.31,3.31,0.0,EMA->TP2,EMA->TP2,0,0,1,1,0,0,1,1,1,1,0,0,1,1,10.79,10.79,0.00,0.00,217,217,300.00,300.00,0,0,0,0,1,1
2023.03.15 13:42:00,BUY,1920.96,3278,3210,NONE,1,1,11.0,11.0,0.0,EMA->TP1,EMA->TP1,0,0,1,1,1,1,0,0,1,1,0,0,1,1,9.96,9.96,0.00,0.00,156,156,300.00,300.00,0,0,0,0,1,1
2023.03.16 04:49:01,BUY,1913.62,3279,3211,NONE,1,1,2.02,2.02,0.0,EMA->TP1,EMA->TP1,0,0,1,1,1,1,0,0,1,1,0,0,1,1,2.16,2.16,0.00,0.00,33,33,300.00,300.00,0,0,0,0,1,1
2023.03.16 10:45:00,BUY,1919.88,3280,3212,NONE,1,1,2.23,2.23,0.0,EMA->TP1,EMA->TP1,0,0,1,1,1,1,0,0,1,1,0,0,1,1,0.63,0.63,0.00,0.00,11,11,300.00,300.00,0,0,0,0,1,1
2023.03.17 00:56:00,BUY,1919.43,3281,3213,NONE,1,1,2.09,2.09,0.0,EMA->TP1,EMA->TP1,0,0,1,1,1,1,0,0,1,1,0,0,1,1,2.01,2.01,0.00,0.00,33,33,300.00,300.00,0,0,0,0,1,1
2023.03.17 01:30:00,BUY,1922.06,3282,3214,NONE,1,1,2.0,2.0,0.0,EMA->TP1,EMA->TP1,0,0,1,1,1,1,0,0,1,1,0,0,1,1,1.6,1.6,0.00,0.00,59,59,300.00,300.00,0,0,0,0,1,1
2023.03.20 03:52:06,BUY,1973.14,3283,3215,NONE,1,1,2.02,2.02,0.0,EMA->TP1,EMA->TP1,0,0,1,1,1,1,0,0,1,1,0,0,1,1,1.47,1.47,0.00,0.00,43,43,300.00,300.00,0,0,0,0,1,1
2023.03.22 12:09:00,SELL,1940.83,3284,3216,NONE,3,3,9.62,9.62,0.0,EMA->TP3,EMA->TP3,0,0,1,1,0,0,0,0,1,1,0,0,1,1,30.93,30.93,0.01,0.01,250,250,300.00,300.00,0,0,0,0,1,1
2023.03.22 20:38:00,BUY,1968.13,3285,3217,NONE,1,1,2.63,2.63,0.0,EMA->TP1,EMA->TP1,0,0,1,1,1,1,0,0,1,1,0,0,1,1,1.47,1.47,0.00,0.00,82,82,300.00,300.00,0,0,0,0,1,1
2023.03.23 07:19:00,BUY,1979.69,3286,3218,NONE,2,2,9.64,9.64,0.0,EMA->TP2,EMA->TP2,0,0,1,1,0,0,1,1,1,1,0,0,1,1,30.51,30.51,0.01,0.01,366,366,300.00,300.00,0,0,0,0,1,1
2023.03.23 19:56:00,BUY,1996.05,3287,3219,NONE,3,3,9.9,9.9,0.0,EMA->TP3,EMA->TP3,0,0,1,1,0,0,0,0,1,1,0,0,1,1,30.58,30.58,0.01,0.01,729,729,300.00,300.00,0,0,0,0,1,1
2023.03.27 07:35:00,BUY,1968.65,3288,3220,NONE,3,3,9.58,9.58,0.0,EMA->TP3,EMA->TP3,0,0,1,1,0,0,0,0,1,1,0,0,1,1,98.89,98.89,0.02,0.02,1072,1072,300.00,300.00,0,0,0,0,1,1
2023.03.28 04:35:02,BUY,1958.46,3289,3221,NONE,2,2,2.01,2.01,0.0,TP2,TP2,0,0,1,1,0,0,1,1,0,0,0,0,1,1,4.58,4.58,0.00,0.00,39,39,300.00,300.00,0,0,0,0,1,1
2023.03.28 10:31:00,SELL,1955.56,3290,3222,ALLOW,4,4,2.26,2.26,0.0,EMA->NET_BASKET_BE,EMA->NET_BASKET_BE,0,0,0,0,0,0,0,0,1,1,0,0,1,1,119.58,119.58,0.02,0.02,1159,1159,300.00,300.00,1,1,0,0,1,1
2023.03.29 09:22:00,SELL,1965.96,3291,3223,NONE,2,2,3.21,3.21,0.0,TP2,TP2,0,0,1,1,0,0,1,1,0,0,0,0,1,1,5.09,5.09,0.00,0.00,111,111,300.00,300.00,0,0,0,0,1,1
2023.03.29 19:37:01,BUY,1963.50,3292,3224,NONE,2,2,2.73,2.73,0.0,TP2,TP2,0,0,1,1,0,0,1,1,0,0,0,0,1,1,3.78,3.78,0.00,0.00,12,12,300.00,300.00,0,0,0,0,1,1
2023.03.30 23:28:00,BUY,1979.54,3293,3225,NONE,2,2,2.05,2.05,0.0,EMA->TP2,EMA->TP2,0,0,1,1,0,0,1,1,1,1,0,0,1,1,5.6,5.6,0.00,0.00,93,93,300.00,300.00,0,0,0,0,1,1
2023.03.31 17:36:00,BUY,1969.69,3294,3226,NONE,3,3,9.69,9.69,0.0,EMA->TP3,EMA->TP3,0,0,1,1,0,0,0,0,1,1,0,0,1,1,89.04,89.04,0.02,0.02,3796,3796,300.00,300.00,0,0,0,0,1,1
2023.04.03 14:10:00,SELL,1981.85,3295,3227,NONE,2,2,7.96,7.96,0.0,TP2,TP2,0,0,1,1,0,0,1,1,0,0,0,0,1,1,14.38,14.38,0.00,0.00,37,37,300.00,300.00,0,0,0,0,1,1
2023.04.04 01:05:00,BUY,1983.82,3296,3228,NONE,2,2,4.07,4.07,0.0,EMA->TP2,EMA->TP2,0,0,1,1,0,0,1,1,1,1,0,0,1,1,15.85,15.85,0.00,0.00,407,407,300.00,300.00,0,0,0,0,1,1
2023.04.04 16:48:00,BUY,2021.26,3297,3229,NONE,2,2,3.83,3.83,0.0,EMA->TP2,EMA->TP2,0,0,1,1,0,0,1,1,1,1,0,0,1,1,8.66,8.66,0.00,0.00,107,107,300.00,300.00,0,0,0,0,1,1
2023.04.06 01:12:01,BUY,2014.18,3298,3230,NONE,2,2,4.79,4.79,0.0,EMA->TP2,EMA->TP2,0,0,1,1,0,0,1,1,1,1,0,0,1,1,13.57,13.57,0.00,0.00,217,217,300.00,300.00,0,0,0,0,1,1
2023.04.10 01:06:00,BUY,1997.95,3299,3231,NONE,2,2,6.53,6.53,0.0,EMA->TP2,EMA->TP2,0,0,1,1,0,0,1,1,1,1,0,0,1,1,21.28,21.28,0.00,0.00,402,402,300.00,300.00,0,0,0,0,1,1
2023.04.11 02:40:00,SELL,1996.80,3300,3232,NONE,3,3,4.94,4.94,0.0,EMA->TP3,EMA->TP3,0,0,1,1,0,0,0,0,1,1,0,0,1,1,42.28,42.28,0.01,0.01,536,536,300.00,300.00,0,0,0,0,1,1
2023.04.11 12:23:00,SELL,2001.15,3301,3233,NONE,1,1,4.01,4.01,0.0,EMA->TP1,EMA->TP1,0,0,1,1,1,1,0,0,1,1,0,0,1,1,1.67,1.67,0.00,0.00,47,47,300.00,300.00,0,0,0,0,1,1
2023.04.11 19:52:00,BUY,2004.44,3302,3234,NONE,2,2,2.08,2.08,0.0,EMA->TP2,EMA->TP2,0,0,1,1,0,0,1,1,1,1,0,0,1,1,3.76,3.76,0.00,0.00,241,241,300.00,300.00,0,0,0,0,1,1
2023.04.12 06:24:00,BUY,2017.67,3303,3235,ALLOW,4,4,27.72,27.72,0.0,EMA->NET_BASKET_BE,EMA->NET_BASKET_BE,0,0,0,0,0,0,0,0,1,1,0,0,1,1,58.57,58.57,0.01,0.01,366,366,300.00,300.00,1,1,0,0,1,1
2023.04.14 00:19:00,BUY,2039.79,3304,3236,NONE,1,1,2.09,2.09,0.0,EMA->TP1,EMA->TP1,0,0,1,1,1,1,0,0,1,1,0,0,1,1,0.9,0.9,0.00,0.00,23,23,300.00,300.00,0,0,0,0,1,1
2023.04.14 05:08:06,BUY,2042.74,3305,3237,NONE,2,2,3.07,3.07,0.0,TP2,TP2,0,0,1,1,0,0,1,1,0,0,0,0,1,1,6.34,6.34,0.00,0.00,49,49,300.00,300.00,0,0,0,0,1,1
2023.04.14 08:28:00,BUY,2032.66,3306,3238,NONE,1,1,4.03,4.03,0.0,TP1,TP1,0,0,1,1,1,1,0,0,0,0,0,0,1,1,2.11,2.11,0.00,0.00,72,72,300.00,300.00,0,0,0,0,1,1
2023.04.17 05:01:01,BUY,2004.92,3307,3239,NONE,1,1,2.0,2.0,0.0,EMA->TP1,EMA->TP1,0,0,1,1,1,1,0,0,1,1,0,0,1,1,1.21,1.21,0.00,0.00,32,32,300.00,300.00,0,0,0,0,1,1
2023.04.17 06:00:00,SELL,2011.17,3308,3240,NONE,2,2,3.99,3.99,0.0,TP2,TP2,0,0,1,1,0,0,1,1,0,0,0,0,1,1,5.31,5.31,0.00,0.00,82,82,300.00,300.00,0,0,0,0,1,1
2023.04.17 08:11:00,BUY,2011.39,3309,3241,ALLOW,5,5,2.46,2.46,0.0,EMA->NET_BASKET_BE,EMA->NET_BASKET_BE,0,0,0,0,0,0,0,0,1,1,1,1,1,1,219.72,219.72,0.04,0.04,541,541,300.00,300.00,1,1,0,0,1,1
2023.04.18 07:42:00,SELL,2003.14,3310,3242,NONE,1,1,2.17,2.17,0.0,EMA->TP1,EMA->TP1,0,0,1,1,1,1,0,0,1,1,0,0,1,1,3.97,3.97,0.00,0.00,106,106,300.00,300.00,0,0,0,0,1,1
2023.04.18 17:55:00,BUY,2004.78,3311,3243,NONE,2,2,2.24,2.24,0.0,EMA->TP1->TP2,EMA->TP1->TP2,0,0,1,1,1,1,1,1,1,1,0,0,1,1,8.83,8.83,0.00,0.00,511,511,300.00,300.00,0,0,0,0,1,1
2023.04.19 15:26:00,SELL,1994.08,3312,3244,NONE,1,1,3.19,3.19,0.0,TP1,TP1,0,0,1,1,1,1,0,0,0,0,0,0,1,1,1.01,1.01,0.00,0.00,19,19,300.00,300.00,0,0,0,0,1,1
2023.04.20 22:13:00,BUY,2004.38,3313,3245,NONE,2,2,2.02,2.02,0.0,TP2->EMA->TP2,TP2->EMA->TP2,0,0,1,1,0,0,1,1,1,1,0,0,1,1,4.69,4.69,0.00,0.00,26,26,300.00,300.00,0,0,0,0,1,1
2023.04.21 11:06:01,BUY,1987.90,3314,3246,NONE,2,2,4.16,4.16,0.0,TP2,TP2,0,0,1,1,0,0,1,1,0,0,0,0,1,1,6.27,6.27,0.00,0.00,25,25,300.00,300.00,0,0,0,0,1,1
2023.04.21 12:24:00,BUY,1985.33,3315,3247,NONE,1,1,6.24,6.24,0.0,EMA->TP1,EMA->TP1,0,0,1,1,1,1,0,0,1,1,0,0,1,1,4.75,4.75,0.00,0.00,38,38,300.00,300.00,0,0,0,0,1,1
2023.04.24 03:51:01,BUY,1980.93,3316,3248,NONE,3,3,2.48,2.48,0.0,TP3->EMA->TP3,TP3->EMA->TP3,0,0,1,1,0,0,0,0,1,1,0,0,1,1,20.82,20.82,0.00,0.00,130,130,300.00,300.00,0,0,0,0,1,1
2023.04.24 12:21:00,BUY,1983.53,3317,3249,NONE,2,2,8.06,8.06,0.0,EMA->TP2,EMA->TP2,0,0,1,1,0,0,1,1,1,1,0,0,1,1,19.3,19.3,0.00,0.00,130,130,300.00,300.00,0,0,0,0,1,1
2023.04.25 06:13:01,SELL,1995.64,3318,3250,NONE,1,1,3.43,3.43,0.0,EMA->TP1,EMA->TP1,0,0,1,1,1,1,0,0,1,1,0,0,1,1,4.35,4.35,0.00,0.00,89,89,300.00,300.00,0,0,0,0,1,1
2023.04.25 10:39:00,BUY,1984.17,3319,3251,NONE,2,2,4.55,4.55,0.0,EMA->TP2,EMA->TP2,0,0,1,1,0,0,1,1,1,1,0,0,1,1,20.16,20.16,0.00,0.00,104,104,300.00,300.00,0,0,0,0,1,1
2023.04.25 16:40:01,BUY,1989.59,3320,3252,NONE,1,1,2.25,2.25,0.0,EMA->TP1,EMA->TP1,0,0,1,1,1,1,0,0,1,1,0,0,1,1,1.6,1.6,0.00,0.00,35,35,300.00,300.00,0,0,0,0,1,1
2023.04.25 23:22:01,SELL,1999.23,3321,3253,NONE,2,2,2.01,2.01,0.0,TP2,TP2,0,0,1,1,0,0,1,1,0,0,0,0,1,1,6.9,6.9,0.00,0.00,71,71,300.00,300.00,0,0,0,0,1,1
2023.04.26 02:18:00,BUY,2000.06,3322,3254,NONE,2,2,6.33,6.33,0.0,EMA->TP2,EMA->TP2,0,0,1,1,0,0,1,1,1,1,0,0,1,1,13.39,13.39,0.00,0.00,426,426,300.00,300.00,0,0,0,0,1,1
2023.04.26 12:59:00,BUY,1997.20,3323,3255,NONE,1,1,2.96,2.96,0.0,EMA->TP1,EMA->TP1,0,0,1,1,1,1,0,0,1,1,0,0,1,1,0.92,0.92,0.00,0.00,5,5,300.00,300.00,0,0,0,0,1,1
2023.04.26 16:33:00,BUY,1987.64,3324,3256,NONE,1,1,3.13,3.13,0.0,EMA->TP1,EMA->TP1,0,0,1,1,1,1,0,0,1,1,0,0,1,1,5.31,5.31,0.00,0.00,448,448,300.00,300.00,0,0,0,0,1,1
2023.04.28 01:17:00,BUY,1986.02,3325,3257,NONE,1,1,2.2,2.2,0.0,EMA->TP1,EMA->TP1,0,0,1,1,1,1,0,0,1,1,0,0,1,1,0.84,0.84,0.00,0.00,14,14,300.00,300.00,0,0,0,0,1,1
2023.04.28 03:58:06,BUY,1989.07,3326,3258,NONE,3,3,2.11,2.11,0.0,EMA->TP1->TP2->TP3,EMA->TP1->TP2->TP3,0,0,1,1,1,1,1,1,1,1,0,0,1,1,9.49,9.49,0.00,0.00,7,7,300.00,300.00,0,0,0,0,1,1
2023.04.30 23:27:01,BUY,1988.21,3327,3259,ALLOW,4,4,2.06,2.06,0.0,NET_BASKET_BE,NET_BASKET_BE,0,0,0,0,0,0,0,0,0,0,0,0,1,1,49.46,49.46,0.01,0.01,287,287,300.00,300.00,1,1,0,0,1,1
2023.05.01 14:20:00,BUY,1989.08,3328,3260,NONE,2,2,10.21,10.21,0.0,EMA->TP2,EMA->TP2,0,0,1,1,0,0,1,1,1,1,0,0,1,1,22.02,22.02,0.00,0.00,1225,1225,300.00,300.00,0,0,0,0,1,1
2023.05.02 20:11:00,SELL,2017.21,3329,3261,NONE,1,1,2.04,2.04,0.0,EMA->TP1,EMA->TP1,0,0,1,1,1,1,0,0,1,1,0,0,1,1,2.0,2.0,0.00,0.00,237,237,300.00,300.00,0,0,0,0,1,1
2023.05.04 01:17:00,BUY,2050.53,3330,3262,NONE,3,3,13.22,13.22,0.0,EMA->TP3,EMA->TP3,0,0,1,1,0,0,0,0,1,1,0,0,1,1,77.29,77.29,0.02,0.02,750,750,300.00,300.00,0,0,0,0,1,1
2023.05.05 05:03:00,BUY,2049.45,3331,3263,ALLOW,5,5,-305.9,-305.9,0.0,EMA->SL$,EMA->SL$,1,1,0,0,0,0,0,0,1,1,1,1,0,0,295.52,295.52,0.06,0.06,447,447,300.00,300.00,0,0,0,0,1,1
2023.05.05 20:50:00,BUY,2017.36,3332,3264,NONE,2,2,2.07,2.07,0.0,EMA->TP2,EMA->TP2,0,0,1,1,0,0,1,1,1,1,0,0,1,1,7.24,7.24,0.00,0.00,2950,2950,300.00,300.00,0,0,0,0,1,1
2023.05.07 22:01:00,BUY,2017.35,3333,3265,NONE,1,1,5.06,5.06,0.0,EMA->TP1,EMA->TP1,0,0,1,1,1,1,0,0,1,1,0,0,1,1,3.5,3.5,0.00,0.00,342,342,300.00,300.00,0,0,0,0,1,1
2023.05.08 08:03:00,SELL,2021.25,3334,3266,NONE,2,2,2.04,2.04,0.0,EMA->TP2,EMA->TP2,0,0,1,1,0,0,1,1,1,1,0,0,1,1,10.49,10.49,0.00,0.00,236,236,300.00,300.00,0,0,0,0,1,1
2023.05.08 12:02:00,BUY,2022.97,3335,3267,NONE,2,2,5.7,5.7,0.0,EMA->TP2,EMA->TP2,0,0,1,1,0,0,1,1,1,1,0,0,1,1,11.72,11.72,0.00,0.00,104,104,300.00,300.00,0,0,0,0,1,1
2023.05.09 06:25:00,SELL,2027.27,3336,3268,NONE,1,1,2.0,2.0,0.0,EMA->TP1,EMA->TP1,0,0,1,1,1,1,0,0,1,1,0,0,1,1,1.17,1.17,0.00,0.00,14,14,300.00,300.00,0,0,0,0,1,1
2023.05.10 02:11:02,BUY,2032.55,3337,3269,NONE,2,2,2.38,2.38,0.0,TP2,TP2,0,0,1,1,0,0,1,1,0,0,0,0,1,1,3.29,3.29,0.00,0.00,59,59,300.00,300.00,0,0,0,0,1,1
2023.05.10 07:31:00,BUY,2029.29,3338,3270,NONE,1,1,2.0,2.0,0.0,EMA->TP1,EMA->TP1,0,0,1,1,1,1,0,0,1,1,0,0,1,1,1.44,1.44,0.00,0.00,26,26,300.00,300.00,0,0,0,0,1,1
2023.05.10 20:26:01,BUY,2031.16,3339,3271,NONE,3,3,2.0,2.0,0.0,EMA->TP3,EMA->TP3,0,0,1,1,0,0,0,0,1,1,0,0,1,1,15.68,15.68,0.00,0.00,102,102,300.00,300.00,0,0,0,0,1,1
2023.05.12 13:09:00,SELL,2018.47,3340,3272,NONE,1,1,8.93,8.93,0.0,EMA->TP1,EMA->TP1,0,0,1,1,1,1,0,0,1,1,0,0,1,1,6.39,6.39,0.00,0.00,168,168,300.00,300.00,0,0,0,0,1,1
2023.05.12 18:16:03,SELL,2014.77,3341,3273,NONE,1,1,2.05,2.05,0.0,EMA->TP1,EMA->TP1,0,0,1,1,1,1,0,0,1,1,0,0,1,1,1.34,1.34,0.00,0.00,51,51,300.00,300.00,0,0,0,0,1,1
2023.05.12 20:11:00,BUY,2011.22,3342,3274,ALLOW,4,4,2.16,2.16,0.0,TP2->NET_BASKET_BE,TP2->NET_BASKET_BE,0,0,0,0,0,0,1,1,0,0,0,0,1,1,24.29,24.29,0.00,0.00,2994,2994,300.00,300.00,1,1,0,0,1,1
2023.05.15 01:00:00,BUY,2012.24,3343,3275,NONE,1,1,2.0,2.0,0.0,EMA->TP1,EMA->TP1,0,0,1,1,1,1,0,0,1,1,0,0,1,1,0.81,0.81,0.00,0.00,7,7,300.00,300.00,0,0,0,0,1,1
2023.05.15 07:34:00,SELL,2018.73,3344,3276,NONE,1,1,3.05,3.05,0.0,EMA->TP1,EMA->TP1,0,0,1,1,1,1,0,0,1,1,0,0,1,1,3.3,3.3,0.00,0.00,167,167,300.00,300.00,0,0,0,0,1,1
2023.05.15 13:38:00,SELL,2016.60,3345,3277,NONE,2,2,6.71,6.71,0.0,TP2,TP2,0,0,1,1,0,0,1,1,0,0,0,0,1,1,8.28,8.28,0.00,0.00,39,39,300.00,300.00,0,0,0,0,1,1
2023.05.15 18:25:01,BUY,2017.12,3346,3278,NONE,3,3,2.05,2.05,0.0,EMA->TP3,EMA->TP3,0,0,1,1,0,0,0,0,1,1,0,0,1,1,12.52,12.52,0.00,0.00,399,399,300.00,300.00,0,0,0,0,1,1
2023.05.16 04:33:05,BUY,2016.63,3347,3279,NONE,2,2,2.06,2.06,0.0,EMA->TP2,EMA->TP2,0,0,1,1,0,0,1,1,1,1,0,0,1,1,1.57,1.57,0.00,0.00,52,52,300.00,300.00,0,0,0,0,1,1
2023.05.16 06:29:00,BUY,2006.89,3348,3280,NONE,2,2,5.69,5.69,0.0,TP2,TP2,0,0,1,1,0,0,1,1,0,0,0,0,1,1,5.58,5.58,0.00,0.00,17,17,300.00,300.00,0,0,0,0,1,1
2023.05.16 12:01:00,BUY,2006.13,3349,3281,NONE,2,2,3.32,3.32,0.0,TP2,TP2,0,0,1,1,0,0,1,1,0,0,0,0,1,1,7.11,7.11,0.00,0.00,24,24,300.00,300.00,0,0,0,0,1,1
2023.05.16 16:50:00,BUY,1991.08,3350,3282,NONE,2,2,4.64,4.64,0.0,TP2,TP2,0,0,1,1,0,0,1,1,0,0,0,0,1,1,10.65,10.65,0.00,0.00,100,100,300.00,300.00,0,0,0,0,1,1
2023.05.16 19:58:02,BUY,1990.63,3351,3283,NONE,2,2,5.05,5.05,0.0,EMA->TP2,EMA->TP2,0,0,1,1,0,0,1,1,1,1,0,0,1,1,6.13,6.13,0.00,0.00,301,301,300.00,300.00,0,0,0,0,1,1
2023.05.17 10:04:00,BUY,1985.98,3352,3284,NONE,2,2,4.66,4.66,0.0,EMA->TP2,EMA->TP2,0,0,1,1,0,0,1,1,1,1,0,0,1,1,8.67,8.67,0.00,0.00,142,142,300.00,300.00,0,0,0,0,1,1
2023.05.17 12:53:00,BUY,1984.84,3353,3285,NONE,2,2,12.46,12.46,0.0,EMA->TP2,EMA->TP2,0,0,1,1,0,0,1,1,1,1,0,0,1,1,17.66,17.66,0.00,0.00,84,84,300.00,300.00,0,0,0,0,1,1
2023.05.18 03:32:00,BUY,1982.59,3354,3286,NONE,3,3,3.97,3.97,0.0,EMA->TP3,EMA->TP3,0,0,1,1,0,0,0,0,1,1,0,0,1,1,15.44,15.44,0.00,0.00,171,171,300.00,300.00,0,0,0,0,1,1
2023.05.18 07:04:00,BUY,1977.64,3355,3287,NONE,2,2,6.3,6.3,0.0,EMA->TP2,EMA->TP2,0,0,1,1,0,0,1,1,1,1,0,0,1,1,11.14,11.14,0.00,0.00,176,176,300.00,300.00,0,0,0,0,1,1
2023.05.18 15:07:00,BUY,1954.57,3356,3288,NONE,1,1,3.33,3.33,0.0,TP1,TP1,0,0,1,1,1,1,0,0,0,0,0,0,1,1,3.24,3.24,0.00,0.00,156,156,300.00,300.00,0,0,0,0,1,1
2023.05.19 11:24:01,BUY,1964.20,3357,3289,NONE,2,2,3.31,3.31,0.0,EMA->TP2,EMA->TP2,0,0,1,1,0,0,1,1,1,1,0,0,1,1,7.94,7.94,0.00,0.00,99,99,300.00,300.00,0,0,0,0,1,1
2023.05.22 07:31:00,BUY,1975.71,3358,3290,NONE,1,1,3.22,3.22,0.0,EMA->TP1,EMA->TP1,0,0,1,1,1,1,0,0,1,1,0,0,1,1,2.03,2.03,0.00,0.00,76,76,300.00,300.00,0,0,0,0,1,1
2023.05.22 11:06:00,BUY,1978.77,3359,3291,NONE,3,3,4.41,4.41,0.0,EMA->TP3,EMA->TP3,0,0,1,1,0,0,0,0,1,1,0,0,1,1,37.11,37.11,0.01,0.01,80,80,300.00,300.00,0,0,0,0,1,1
2023.05.22 23:13:03,BUY,1971.35,3360,3292,INVALID,5,5,2.38,2.38,0.0,EMA->TP2->NET_BASKET_BE,EMA->TP2->NET_BASKET_BE,0,0,0,0,0,0,1,1,1,1,1,1,1,1,202.68,202.68,0.04,0.04,855,855,300.00,300.00,1,1,0,0,1,1
2023.05.24 01:11:00,BUY,1974.73,3361,3293,NONE,1,1,3.84,3.84,0.0,EMA->TP1,EMA->TP1,0,0,1,1,1,1,0,0,1,1,0,0,1,1,2.7,2.7,0.00,0.00,199,199,300.00,300.00,0,0,0,0,1,1
2023.05.24 06:56:00,BUY,1972.46,3362,3294,NONE,1,1,2.79,2.79,0.0,EMA->TP1,EMA->TP1,0,0,1,1,1,1,0,0,1,1,0,0,1,1,2.56,2.56,0.00,0.00,45,45,300.00,300.00,0,0,0,0,1,1
2023.05.24 17:09:00,BUY,1960.18,3363,3295,NONE,1,1,4.63,4.63,0.0,TP1,TP1,0,0,1,1,1,1,0,0,0,0,0,0,1,1,3.71,3.71,0.00,0.00,65,65,300.00,300.00,0,0,0,0,1,1
2023.05.26 10:51:03,BUY,1952.78,3364,3296,ALLOW,4,4,2.79,2.79,0.0,EMA->TP2->TP3->NET_BASKET_BE,EMA->TP2->TP3->NET_BASKET_BE,0,0,0,0,0,0,1,1,1,1,0,0,1,1,84.86,84.86,0.02,0.02,536,536,300.00,300.00,1,1,0,0,1,1
2023.05.26 20:40:03,BUY,1947.07,3365,3297,ALLOW,5,5,2.75,2.75,0.0,EMA->TP3->NET_BASKET_BE,EMA->TP3->NET_BASKET_BE,0,0,0,0,0,0,0,0,1,1,1,1,1,1,56.91,56.91,0.01,0.01,2970,2970,300.00,300.00,1,1,0,0,1,1
2023.05.30 04:11:01,BUY,1938.76,3366,3298,NONE,3,3,5.63,5.63,0.0,TP3,TP3,0,0,1,1,0,0,0,0,0,0,0,0,1,1,22.1,22.1,0.00,0.00,141,141,300.00,300.00,0,0,0,0,1,1
2023.05.31 04:50:00,SELL,1959.01,3367,3299,NONE,2,2,2.03,2.03,0.0,TP2,TP2,0,0,1,1,0,0,1,1,0,0,0,0,1,1,4.04,4.04,0.00,0.00,40,40,300.00,300.00,0,0,0,0,1,1
2023.05.31 15:49:00,BUY,1972.55,3368,3300,ALLOW,4,4,3.2,3.2,0.0,EMA->NET_BASKET_BE,EMA->NET_BASKET_BE,0,0,0,0,0,0,0,0,1,1,0,0,1,1,115.1,115.1,0.02,0.02,1127,1127,300.00,300.00,1,1,0,0,1,1
2023.06.01 13:43:00,SELL,1971.94,3369,3301,NONE,2,2,2.44,2.44,0.0,TP2,TP2,0,0,1,1,0,0,1,1,0,0,0,0,1,1,13.93,13.93,0.00,0.00,22,22,300.00,300.00,0,0,0,0,1,1
2023.06.01 14:59:00,SELL,1975.72,3370,3302,NONE,2,2,4.28,4.28,0.0,EMA->TP2,EMA->TP2,0,0,1,1,0,0,1,1,1,1,0,0,1,1,15.52,15.52,0.00,0.00,141,141,300.00,300.00,0,0,0,0,1,1
2023.06.02 09:11:02,SELL,1978.57,3371,3303,NONE,2,2,2.06,2.06,0.0,TP2->EMA->TP2,TP2->EMA->TP2,0,0,1,1,0,0,1,1,1,1,0,0,1,1,5.44,5.44,0.00,0.00,99,99,300.00,300.00,0,0,0,0,1,1
2023.06.02 16:06:00,BUY,1961.83,3372,3304,ALLOW,5,5,4.01,4.01,0.0,NET_BASKET_BE,NET_BASKET_BE,0,0,0,0,0,0,0,0,0,0,1,1,1,1,247.89,247.89,0.05,0.05,4195,4195,300.00,300.00,1,1,0,0,1,1
2023.06.06 00:39:09,BUY,1961.26,3373,3305,NONE,2,2,2.02,2.02,0.0,EMA->TP2,EMA->TP2,0,0,1,1,0,0,1,1,1,1,0,0,1,1,6.42,6.42,0.00,0.00,88,88,300.00,300.00,0,0,0,0,1,1
2023.06.06 03:43:01,BUY,1959.55,3374,3306,NONE,1,1,2.01,2.01,0.0,EMA->TP1,EMA->TP1,0,0,1,1,1,1,0,0,1,1,0,0,1,1,1.36,1.36,0.00,0.00,77,77,300.00,300.00,0,0,0,0,1,1
2023.06.06 13:21:00,SELL,1962.61,3375,3307,NONE,1,1,3.19,3.19,0.0,EMA->TP1,EMA->TP1,0,0,1,1,1,1,0,0,1,1,0,0,1,1,2.27,2.27,0.00,0.00,18,18,300.00,300.00,0,0,0,0,1,1
2023.06.06 15:57:00,SELL,1963.64,3376,3308,NONE,2,2,2.13,2.13,0.0,TP2,TP2,0,0,1,1,0,0,1,1,0,0,0,0,1,1,6.3,6.3,0.00,0.00,16,16,300.00,300.00,0,0,0,0,1,1
2023.06.06 17:37:01,SELL,1965.42,3377,3309,NONE,1,1,2.01,2.01,0.0,TP1->EMA->TP1,TP1->EMA->TP1,0,0,1,1,1,1,0,0,1,1,0,0,1,1,1.05,1.05,0.00,0.00,78,78,300.00,300.00,0,0,0,0,1,1
2023.06.06 19:23:01,BUY,1963.26,3378,3310,NONE,1,1,2.01,2.01,0.0,EMA->TP1,EMA->TP1,0,0,1,1,1,1,0,0,1,1,0,0,1,1,1.79,1.79,0.00,0.00,341,341,300.00,300.00,0,0,0,0,1,1
2023.06.07 12:47:00,BUY,1958.42,3379,3311,NONE,1,1,2.48,2.48,0.0,EMA->TP1,EMA->TP1,0,0,1,1,1,1,0,0,1,1,0,0,1,1,2.29,2.29,0.00,0.00,46,46,300.00,300.00,0,0,0,0,1,1
2023.06.07 19:47:00,BUY,1941.78,3380,3312,NONE,2,2,2.11,2.11,0.0,TP2,TP2,0,0,1,1,0,0,1,1,0,0,0,0,1,1,5.79,5.79,0.00,0.00,140,140,300.00,300.00,0,0,0,0,1,1
2023.06.08 01:59:00,BUY,1945.96,3381,3313,NONE,2,2,2.04,2.04,0.0,EMA->TP1->TP2,EMA->TP1->TP2,0,0,1,1,1,1,1,1,1,1,0,0,1,1,8.6,8.6,0.00,0.00,283,283,300.00,300.00,0,0,0,0,1,1
2023.06.08 10:02:02,BUY,1947.09,3382,3314,NONE,2,2,2.08,2.08,0.0,EMA->TP2,EMA->TP2,0,0,1,1,0,0,1,1,1,1,0,0,1,1,5.09,5.09,0.00,0.00,114,114,300.00,300.00,0,0,0,0,1,1
2023.06.08 15:54:00,BUY,1967.43,3383,3315,NONE,3,3,2.04,2.04,0.0,EMA->TP3,EMA->TP3,0,0,1,1,0,0,0,0,1,1,0,0,1,1,37.02,37.02,0.01,0.01,372,372,300.00,300.00,0,0,0,0,1,1
2023.06.09 00:18:00,BUY,1965.13,3384,3316,NONE,2,2,3.13,3.13,0.0,EMA->TP2,EMA->TP2,0,0,1,1,0,0,1,1,1,1,0,0,1,1,4.85,4.85,0.00,0.00,329,329,300.00,300.00,0,0,0,0,1,1
2023.06.09 15:04:00,BUY,1964.66,3385,3317,NONE,3,3,6.6,6.6,0.0,EMA->TP3,EMA->TP3,0,0,1,1,0,0,0,0,1,1,0,0,1,1,34.96,34.96,0.01,0.01,3752,3752,300.00,300.00,0,0,0,0,1,1
2023.06.12 07:04:00,BUY,1961.21,3386,3318,NONE,1,1,3.22,3.22,0.0,EMA->TP1,EMA->TP1,0,0,1,1,1,1,0,0,1,1,0,0,1,1,2.78,2.78,0.00,0.00,80,80,300.00,300.00,0,0,0,0,1,1
2023.06.13 01:03:01,BUY,1959.06,3387,3319,NONE,1,1,3.24,3.24,0.0,EMA->TP1,EMA->TP1,0,0,1,1,1,1,0,0,1,1,0,0,1,1,3.87,3.87,0.00,0.00,318,318,300.00,300.00,0,0,0,0,1,1
2023.06.13 13:56:00,BUY,1956.03,3388,3320,NONE,3,3,14.31,14.31,0.0,EMA->TP3,EMA->TP3,0,0,1,1,0,0,0,0,1,1,0,0,1,1,40.71,40.71,0.01,0.01,894,894,300.00,300.00,0,0,0,0,1,1
2023.06.14 11:44:00,BUY,1946.79,3389,3321,NONE,1,1,2.01,2.01,0.0,TP1->EMA->TP1,TP1->EMA->TP1,0,0,1,1,1,1,0,0,1,1,0,0,1,1,1.21,1.21,0.00,0.00,38,38,300.00,300.00,0,0,0,0,1,1
2023.06.15 07:17:00,BUY,1931.18,3390,3322,NONE,1,1,3.91,3.91,0.0,EMA->TP1,EMA->TP1,0,0,1,1,1,1,0,0,1,1,0,0,1,1,3.85,3.85,0.00,0.00,120,120,300.00,300.00,0,0,0,0,1,1
2023.06.15 15:13:00,BUY,1953.16,3391,3323,NONE,1,1,3.19,3.19,0.0,EMA->TP1,EMA->TP1,0,0,1,1,1,1,0,0,1,1,0,0,1,1,1.49,1.49,0.00,0.00,21,21,300.00,300.00,0,0,0,0,1,1
2023.06.16 06:39:01,SELL,1962.10,3392,3324,NONE,1,1,2.02,2.02,0.0,TP1,TP1,0,0,1,1,1,1,0,0,0,0,0,0,1,1,2.23,2.23,0.00,0.00,40,40,300.00,300.00,0,0,0,0,1,1
2023.06.16 09:09:00,SELL,1963.67,3393,3325,NONE,2,2,2.01,2.01,0.0,TP2,TP2,0,0,1,1,0,0,1,1,0,0,0,0,1,1,4.55,4.55,0.00,0.00,131,131,300.00,300.00,0,0,0,0,1,1
2023.06.16 18:05:00,SELL,1959.06,3394,3326,NONE,1,1,2.0,2.0,0.0,EMA->TP1,EMA->TP1,0,0,1,1,1,1,0,0,1,1,0,0,1,1,1.31,1.31,0.00,0.00,57,57,300.00,300.00,0,0,0,0,1,1
2023.06.19 03:48:00,BUY,1954.83,3395,3327,NONE,1,1,2.0,2.0,0.0,EMA->TP1,EMA->TP1,0,0,1,1,1,1,0,0,1,1,0,0,1,1,1.26,1.26,0.00,0.00,68,68,300.00,300.00,0,0,0,0,1,1
2023.06.19 10:09:00,BUY,1950.55,3396,3328,NONE,2,2,2.92,2.92,0.0,TP2,TP2,0,0,1,1,0,0,1,1,0,0,0,0,1,1,5.07,5.07,0.00,0.00,130,130,300.00,300.00,0,0,0,0,1,1
2023.06.19 15:00:00,SELL,1952.54,3397,3329,NONE,1,1,2.01,2.01,0.0,EMA->TP1,EMA->TP1,0,0,1,1,1,1,0,0,1,1,0,0,1,1,1.17,1.17,0.00,0.00,75,75,300.00,300.00,0,0,0,0,1,1
2023.06.19 18:03:02,BUY,1949.98,3398,3330,NONE,1,1,2.02,2.02,0.0,EMA->TP1,EMA->TP1,0,0,1,1,1,1,0,0,1,1,0,0,1,1,0.52,0.52,0.00,0.00,246,246,300.00,300.00,0,0,0,0,1,1
2023.06.20 14:10:00,BUY,1932.31,3399,3331,NONE,1,1,5.82,5.82,0.0,EMA->TP1,EMA->TP1,0,0,1,1,1,1,0,0,1,1,0,0,1,1,4.54,4.54,0.00,0.00,286,286,300.00,300.00,0,0,0,0,1,1
2023.06.21 15:17:00,BUY,1931.50,3400,3332,NONE,1,1,4.82,4.82,0.0,EMA->TP1,EMA->TP1,0,0,1,1,1,1,0,0,1,1,0,0,1,1,3.17,3.17,0.00,0.00,178,178,300.00,300.00,0,0,0,0,1,1
2023.06.22 05:21:02,BUY,1928.91,3401,3333,NONE,1,1,2.0,2.0,0.0,TP1->EMA->TP1,TP1->EMA->TP1,0,0,1,1,1,1,0,0,1,1,0,0,1,1,1.67,1.67,0.00,0.00,48,48,300.00,300.00,0,0,0,0,1,1
2023.06.22 18:41:00,BUY,1914.80,3402,3334,NONE,2,2,2.04,2.04,0.0,EMA->TP2,EMA->TP2,0,0,1,1,0,0,1,1,1,1,0,0,1,1,6.75,6.75,0.00,0.00,297,297,300.00,300.00,0,0,0,0,1,1
2023.06.23 09:15:00,BUY,1918.02,3403,3335,NONE,1,1,2.01,2.01,0.0,EMA->TP1,EMA->TP1,0,0,1,1,1,1,0,0,1,1,0,0,1,1,3.01,3.01,0.00,0.00,136,136,300.00,300.00,0,0,0,0,1,1
2023.06.23 14:38:00,BUY,1927.45,3404,3336,NONE,2,2,4.01,4.01,0.0,EMA->TP2,EMA->TP2,0,0,1,1,0,0,1,1,1,1,0,0,1,1,20.71,20.71,0.00,0.00,3490,3490,300.00,300.00,0,0,0,0,1,1
2023.06.26 10:07:00,BUY,1930.99,3405,3337,NONE,1,1,2.0,2.0,0.0,EMA->TP1,EMA->TP1,0,0,1,1,1,1,0,0,1,1,0,0,1,1,0.76,0.76,0.00,0.00,31,31,300.00,300.00,0,0,0,0,1,1
2023.06.26 18:31:00,BUY,1924.25,3406,3338,NONE,2,2,2.14,2.14,0.0,EMA->TP2,EMA->TP2,0,0,1,1,0,0,1,1,1,1,0,0,1,1,6.12,6.12,0.00,0.00,248,248,300.00,300.00,0,0,0,0,1,1
2023.06.27 06:07:00,BUY,1925.51,3407,3339,NONE,1,1,2.97,2.97,0.0,EMA->TP1,EMA->TP1,0,0,1,1,1,1,0,0,1,1,0,0,1,1,1.63,1.63,0.00,0.00,57,57,300.00,300.00,0,0,0,0,1,1
2023.06.27 18:09:02,BUY,1912.04,3408,3340,NONE,1,1,2.35,2.35,0.0,EMA->TP1,EMA->TP1,0,0,1,1,1,1,0,0,1,1,0,0,1,1,1.16,1.16,0.00,0.00,49,49,300.00,300.00,0,0,0,0,1,1
2023.06.27 20:50:00,BUY,1913.65,3409,3341,NONE,1,1,2.0,2.0,0.0,EMA->TP1,EMA->TP1,0,0,1,1,1,1,0,0,1,1,0,0,1,1,0.96,0.96,0.00,0.00,176,176,300.00,300.00,0,0,0,0,1,1
2023.06.28 10:09:00,BUY,1908.41,3410,3342,NONE,2,2,3.35,3.35,0.0,EMA->TP2,EMA->TP2,0,0,1,1,0,0,1,1,1,1,0,0,1,1,6.52,6.52,0.00,0.00,154,154,300.00,300.00,0,0,0,0,1,1
2023.06.28 16:18:00,BUY,1910.70,3411,3343,NONE,1,1,2.0,2.0,0.0,EMA->TP1,EMA->TP1,0,0,1,1,1,1,0,0,1,1,0,0,1,1,0.76,0.76,0.00,0.00,12,12,300.00,300.00,0,0,0,0,1,1
2023.06.29 00:22:02,BUY,1908.67,3412,3344,NONE,1,1,2.01,2.01,0.0,EMA->TP1,EMA->TP1,0,0,1,1,1,1,0,0,1,1,0,0,1,1,0.6,0.6,0.00,0.00,42,42,300.00,300.00,0,0,0,0,1,1
2023.06.29 02:34:00,BUY,1907.06,3413,3345,NONE,2,2,3.12,3.12,0.0,EMA->TP2,EMA->TP2,0,0,1,1,0,0,1,1,1,1,0,0,1,1,10.32,10.32,0.00,0.00,302,302,300.00,300.00,0,0,0,0,1,1
2023.06.29 13:05:00,BUY,1897.48,3414,3346,NONE,1,1,5.39,5.39,0.0,EMA->TP1,EMA->TP1,0,0,1,1,1,1,0,0,1,1,0,0,1,1,5.09,5.09,0.00,0.00,64,64,300.00,300.00,0,0,0,0,1,1
2023.06.30 06:25:00,BUY,1904.56,3415,3347,NONE,1,1,2.01,2.01,0.0,TP1,TP1,0,0,1,1,1,1,0,0,0,0,0,0,1,1,0.77,0.77,0.00,0.00,17,17,300.00,300.00,0,0,0,0,1,1
2023.06.30 17:24:00,SELL,1921.57,3416,3348,NONE,1,1,2.02,2.02,0.0,TP1,TP1,0,0,1,1,1,1,0,0,0,0,0,0,1,1,0.88,0.88,0.00,0.00,12,12,300.00,300.00,0,0,0,0,1,1
2023.06.30 17:53:00,BUY,1918.41,3417,3349,NONE,2,2,2.0,2.0,0.0,EMA->TP1->TP2,EMA->TP1->TP2,0,0,1,1,1,1,1,1,1,1,0,0,1,1,7.28,7.28,0.00,0.00,3343,3343,300.00,300.00,0,0,0,0,1,1
2023.07.03 04:23:00,SELL,1918.61,3418,3350,NONE,2,2,2.08,2.08,0.0,TP2->EMA->TP2,TP2->EMA->TP2,0,0,1,1,0,0,1,1,1,1,0,0,1,1,4.94,4.94,0.00,0.00,93,93,300.00,300.00,0,0,0,0,1,1
2023.07.03 10:32:01,BUY,1912.44,3419,3351,NONE,1,1,2.01,2.01,0.0,EMA->TP1,EMA->TP1,0,0,1,1,1,1,0,0,1,1,0,0,1,1,2.77,2.77,0.00,0.00,112,112,300.00,300.00,0,0,0,0,1,1
2023.07.04 06:02:00,BUY,1924.32,3420,3352,NONE,1,1,2.01,2.01,0.0,EMA->TP1,EMA->TP1,0,0,1,1,1,1,0,0,1,1,0,0,1,1,1.01,1.01,0.00,0.00,24,24,300.00,300.00,0,0,0,0,1,1
2023.07.04 12:49:00,BUY,1926.99,3421,3353,NONE,1,1,2.01,2.01,0.0,EMA->TP1,EMA->TP1,0,0,1,1,1,1,0,0,1,1,0,0,1,1,1.3,1.3,0.00,0.00,81,81,300.00,300.00,0,0,0,0,1,1
2023.07.04 17:03:00,BUY,1924.45,3422,3354,NONE,1,1,2.1,2.1,0.0,TP1->EMA->TP1,TP1->EMA->TP1,0,0,1,1,1,1,0,0,1,1,0,0,1,1,2.1,2.1,0.00,0.00,323,323,300.00,300.00,0,0,0,0,1,1
2023.07.05 01:00:00,BUY,1926.93,3423,3355,NONE,3,3,2.34,2.34,0.0,EMA->TP3,EMA->TP3,0,0,1,1,0,0,0,0,1,1,0,0,1,1,16.37,16.37,0.00,0.00,270,270,300.00,300.00,0,0,0,0,1,1
2023.07.05 05:38:03,SELL,1925.80,3424,3356,NONE,1,1,2.0,2.0,0.0,EMA->TP1,EMA->TP1,0,0,1,1,1,1,0,0,1,1,0,0,1,1,0.83,0.83,0.00,0.00,38,38,300.00,300.00,0,0,0,0,1,1
2023.07.05 11:36:02,BUY,1927.30,3425,3357,NONE,2,2,2.62,2.62,0.0,EMA->TP2,EMA->TP2,0,0,1,1,0,0,1,1,1,1,0,0,1,1,5.3,5.3,0.00,0.00,56,56,300.00,300.00,0,0,0,0,1,1
2023.07.05 16:03:00,BUY,1924.14,3426,3358,NONE,3,3,6.24,6.24,0.0,EMA->TP3,EMA->TP3,0,0,1,1,0,0,0,0,1,1,0,0,1,1,34.8,34.8,0.01,0.01,1106,1106,300.00,300.00,0,0,0,0,1,1
2023.07.06 11:05:00,SELL,1924.42,3427,3359,NONE,2,2,10.56,10.56,0.0,TP1->TP2->EMA->TP2,TP1->TP2->EMA->TP2,0,0,1,1,1,1,1,1,1,1,0,0,1,1,6.34,6.34,0.00,0.00,70,70,300.00,300.00,0,0,0,0,1,1
2023.07.06 15:16:00,SELL,1909.13,3428,3360,NONE,2,2,2.91,2.91,0.0,EMA->TP2,EMA->TP2,0,0,1,1,0,0,1,1,1,1,0,0,1,1,5.89,5.89,0.00,0.00,68,68,300.00,300.00,0,0,0,0,1,1
2023.07.07 10:28:02,BUY,1916.20,3429,3361,NONE,1,1,2.07,2.07,0.0,EMA->TP1,EMA->TP1,0,0,1,1,1,1,0,0,1,1,0,0,1,1,1.89,1.89,0.00,0.00,94,94,300.00,300.00,0,0,0,0,1,1
2023.07.07 19:29:01,BUY,1925.65,3430,3362,NONE,2,2,2.04,2.04,0.0,TP2->EMA->TP2,TP2->EMA->TP2,0,0,1,1,0,0,1,1,1,1,0,0,1,1,7.69,7.69,0.00,0.00,3039,3039,300.00,300.00,0,0,0,0,1,1
2023.07.10 03:33:02,BUY,1924.11,3431,3363,NONE,3,3,2.45,2.45,0.0,TP2->EMA->TP3,TP2->EMA->TP3,0,0,1,1,0,0,1,1,1,1,0,0,1,1,19.62,19.62,0.00,0.00,176,176,300.00,300.00,0,0,0,0,1,1
2023.07.10 09:29:01,SELL,1925.06,3432,3364,NONE,1,1,2.61,2.61,0.0,EMA->TP1,EMA->TP1,0,0,1,1,1,1,0,0,1,1,0,0,1,1,3.05,3.05,0.00,0.00,168,168,300.00,300.00,0,0,0,0,1,1
2023.07.10 13:36:00,SELL,1920.67,3433,3365,VETO,5,3,-302.49,-300.54,1.95,EMA->SL$,EMA->SL$,1,1,0,0,0,0,0,0,1,1,1,0,0,0,307.41,307.64,0.06,0.06,11380,11567,300.00,300.00,0,0,0,0,1,1
2023.07.18 16:10:00,BUY,1979.79,3434,3366,NONE,2,2,4.29,4.29,0.0,EMA->TP2,EMA->TP2,0,0,1,1,0,0,1,1,1,1,0,0,1,1,16.58,16.58,0.00,0.00,830,830,300.00,300.00,0,0,0,0,1,1
2023.07.19 08:04:00,BUY,1978.67,3435,3367,NONE,3,3,6.87,6.87,0.0,EMA->TP3,EMA->TP3,0,0,1,1,0,0,0,0,1,1,0,0,1,1,18.84,18.84,0.00,0.00,243,243,300.00,300.00,0,0,0,0,1,1
2023.07.19 23:05:00,BUY,1977.75,3436,3368,NONE,2,2,2.02,2.02,0.0,EMA->TP2->TP1->TP2,EMA->TP2->TP1->TP2,0,0,1,1,1,1,1,1,1,1,0,0,1,1,5.81,5.81,0.00,0.00,117,117,300.00,300.00,0,0,0,0,1,1
2023.07.20 11:19:00,BUY,1981.17,3437,3369,ALLOW,5,5,2.22,2.22,0.0,EMA->NET_BASKET_BE,EMA->NET_BASKET_BE,0,0,0,0,0,0,0,0,1,1,1,1,1,1,224.02,224.02,0.04,0.05,8335,8335,300.00,300.00,1,1,0,0,1,1
2023.07.26 10:34:01,BUY,1970.85,3438,3370,NONE,1,1,2.56,2.56,0.0,EMA->TP1,EMA->TP1,0,0,1,1,1,1,0,0,1,1,0,0,1,1,0.91,0.91,0.00,0.00,36,36,300.00,300.00,0,0,0,0,1,1
2023.07.26 14:40:00,BUY,1966.19,3439,3371,NONE,1,1,4.15,4.15,0.0,EMA->TP1,EMA->TP1,0,0,1,1,1,1,0,0,1,1,0,0,1,1,1.01,1.01,0.00,0.00,32,32,300.00,300.00,0,0,0,0,1,1
2023.07.26 19:43:00,BUY,1973.83,3440,3372,NONE,2,2,2.05,2.05,0.0,EMA->TP2,EMA->TP2,0,0,1,1,0,0,1,1,1,1,0,0,1,1,7.13,7.13,0.00,0.00,170,170,300.00,300.00,0,0,0,0,1,1
2023.07.27 00:36:01,BUY,1972.21,3441,3373,NONE,1,1,2.01,2.01,0.0,EMA->TP1,EMA->TP1,0,0,1,1,1,1,0,0,1,1,0,0,1,1,0.77,0.77,0.00,0.00,27,27,300.00,300.00,0,0,0,0,1,1
2023.07.28 08:00:00,BUY,1949.88,3442,3374,NONE,1,1,2.93,2.93,0.0,EMA->TP1,EMA->TP1,0,0,1,1,1,1,0,0,1,1,0,0,1,1,2.16,2.16,0.00,0.00,110,110,300.00,300.00,0,0,0,0,1,1
2023.07.28 10:50:00,SELL,1953.41,3443,3375,NONE,3,3,2.1,2.1,0.0,TP3,TP3,0,0,1,1,0,0,0,0,0,0,0,0,1,1,13.82,13.82,0.00,0.00,53,53,300.00,300.00,0,0,0,0,1,1
2023.07.28 18:26:01,SELL,1960.45,3444,3376,NONE,1,1,2.02,2.02,0.0,EMA->TP1,EMA->TP1,0,0,1,1,1,1,0,0,1,1,0,0,1,1,1.06,1.06,0.00,0.00,39,39,300.00,300.00,0,0,0,0,1,1
2023.07.28 20:04:00,SELL,1958.79,3445,3377,NONE,2,2,2.01,2.01,0.0,EMA->TP2,EMA->TP2,0,0,1,1,0,0,1,1,1,1,0,0,1,1,6.36,6.36,0.00,0.00,3061,3061,300.00,300.00,0,0,0,0,1,1
2023.07.31 01:29:00,SELL,1957.93,3446,3378,NONE,1,1,2.01,2.01,0.0,EMA->TP1,EMA->TP1,0,0,1,1,1,1,0,0,1,1,0,0,1,1,2.49,2.49,0.00,0.00,132,132,300.00,300.00,0,0,0,0,1,1
2023.07.31 13:16:00,BUY,1965.14,3447,3379,NONE,1,1,3.77,3.77,0.0,EMA->TP1,EMA->TP1,0,0,1,1,1,1,0,0,1,1,0,0,1,1,2.45,2.45,0.00,0.00,29,29,300.00,300.00,0,0,0,0,1,1
2023.08.01 00:04:05,BUY,1964.42,3448,3380,ALLOW,4,4,2.09,2.09,0.0,NET_BASKET_BE,NET_BASKET_BE,0,0,0,0,0,0,0,0,0,0,0,0,1,1,31.88,31.88,0.01,0.01,229,229,300.00,300.00,1,1,0,0,1,1
2023.08.02 15:00:00,BUY,1936.03,3449,3381,NONE,2,2,5.08,5.08,0.0,EMA->TP2,EMA->TP2,0,0,1,1,0,0,1,1,1,1,0,0,1,1,11.15,11.15,0.00,0.00,991,991,300.00,300.00,0,0,0,0,1,1
2023.08.03 17:34:00,BUY,1934.66,3450,3382,NONE,2,2,2.48,2.48,0.0,EMA->TP2,EMA->TP2,0,0,1,1,0,0,1,1,1,1,0,0,1,1,4.09,4.09,0.00,0.00,145,145,300.00,300.00,0,0,0,0,1,1
2023.08.04 07:29:01,BUY,1933.09,3451,3383,NONE,2,2,2.96,2.96,0.0,EMA->TP2,EMA->TP2,0,0,1,1,0,0,1,1,1,1,0,0,1,1,5.53,5.53,0.00,0.00,295,295,300.00,300.00,0,0,0,0,1,1
2023.08.04 12:33:00,BUY,1937.24,3452,3384,NONE,2,2,8.35,8.35,0.0,EMA->TP2,EMA->TP2,0,0,1,1,0,0,1,1,1,1,0,0,1,1,134.59,134.59,0.03,0.03,36105,36105,300.00,300.00,0,0,0,0,1,1
2023.08.29 22:19:00,BUY,1937.16,3453,3385,NONE,3,3,2.19,2.19,0.0,EMA->TP2->TP3,EMA->TP2->TP3,0,0,1,1,0,0,1,1,1,1,0,0,1,1,7.59,7.59,0.00,0.00,242,242,300.00,300.00,0,0,0,0,1,1
2023.08.30 15:41:00,BUY,1945.42,3454,3386,NONE,2,2,4.08,4.08,0.0,EMA->TP2,EMA->TP2,0,0,1,1,0,0,1,1,1,1,0,0,1,1,10.66,10.66,0.00,0.00,1344,1344,300.00,300.00,0,0,0,0,1,1
2023.08.31 14:48:00,BUY,1943.38,3455,3387,NONE,2,2,2.86,2.86,0.0,EMA->TP2,EMA->TP2,0,0,1,1,0,0,1,1,1,1,0,0,1,1,12.54,12.54,0.00,0.00,624,624,300.00,300.00,0,0,0,0,1,1
2023.09.01 03:51:28,BUY,1939.40,3456,3388,NONE,2,2,2.03,2.03,0.0,TP2,TP2,0,0,1,1,0,0,1,1,0,0,0,0,1,1,2.5,2.5,0.00,0.00,47,47,300.00,300.00,0,0,0,0,1,1
2023.09.01 04:40:01,BUY,1940.15,3457,3389,NONE,2,2,2.07,2.07,0.0,EMA->TP2,EMA->TP2,0,0,1,1,0,0,1,1,1,1,0,0,1,1,4.19,4.19,0.00,0.00,139,139,300.00,300.00,0,0,0,0,1,1
2023.09.05 05:56:05,BUY,1937.23,3458,3390,NONE,2,2,2.14,2.14,0.0,EMA->TP2,EMA->TP2,0,0,1,1,0,0,1,1,1,1,0,0,1,1,4.46,4.46,0.00,0.00,64,64,300.00,300.00,0,0,0,0,1,1
2023.09.05 08:40:00,BUY,1933.51,3459,3391,NONE,2,2,2.79,2.79,0.0,EMA->TP2,EMA->TP2,0,0,1,1,0,0,1,1,1,1,0,0,1,1,13.62,13.62,0.00,0.00,244,244,300.00,300.00,0,0,0,0,1,1
2023.09.05 22:03:00,BUY,1926.74,3460,3392,NONE,2,2,2.02,2.02,0.0,EMA->TP2,EMA->TP2,0,0,1,1,0,0,1,1,1,1,0,0,1,1,5.61,5.61,0.00,0.00,291,291,300.00,300.00,0,0,0,0,1,1
2023.09.06 09:13:01,SELL,1924.71,3461,3393,NONE,3,3,2.12,2.12,0.0,EMA->TP1->TP3,EMA->TP1->TP3,0,0,1,1,1,1,0,0,1,1,0,0,1,1,12.57,12.57,0.00,0.00,134,134,300.00,300.00,0,0,0,0,1,1
2023.09.06 13:29:00,BUY,1922.40,3462,3394,NONE,1,1,2.56,2.56,0.0,EMA->TP1,EMA->TP1,0,0,1,1,1,1,0,0,1,1,0,0,1,1,1.36,1.36,0.00,0.00,9,9,300.00,300.00,0,0,0,0,1,1
2023.09.06 16:53:00,SELL,1919.03,3463,3395,NONE,1,1,2.5,2.5,0.0,EMA->TP1,EMA->TP1,0,0,1,1,1,1,0,0,1,1,0,0,1,1,1.87,1.87,0.00,0.00,88,88,300.00,300.00,0,0,0,0,1,1
2023.09.06 19:19:05,BUY,1917.22,3464,3396,NONE,3,3,3.79,3.79,0.0,TP3->TP2->EMA->TP3,TP3->TP2->EMA->TP3,0,0,1,1,0,0,1,1,1,1,0,0,1,1,5.46,5.46,0.00,0.00,160,160,300.00,300.00,0,0,0,0,1,1
2023.09.06 23:53:00,BUY,1917.39,3465,3397,NONE,3,3,2.47,2.47,0.0,TP3->EMA->TP2->TP1->TP3,TP3->EMA->TP2->TP1->TP3,0,0,1,1,1,1,1,1,1,1,0,0,1,1,8.67,8.67,0.00,0.00,78,78,300.00,300.00,0,0,0,0,1,1
2023.09.07 17:12:00,BUY,1917.96,3466,3398,NONE,1,1,2.0,2.0,0.0,TP1->EMA->TP1,TP1->EMA->TP1,0,0,1,1,1,1,0,0,1,1,0,0,1,1,1.26,1.26,0.00,0.00,73,73,300.00,300.00,0,0,0,0,1,1
2023.09.08 05:42:02,BUY,1925.35,3467,3399,NONE,2,2,2.02,2.02,0.0,EMA->TP1->TP2,EMA->TP1->TP2,0,0,1,1,1,1,1,1,1,1,0,0,1,1,5.76,5.76,0.00,0.00,213,213,300.00,300.00,0,0,0,0,1,1
2023.09.08 11:52:00,BUY,1923.41,3468,3400,NONE,1,1,2.0,2.0,0.0,EMA->TP1,EMA->TP1,0,0,1,1,1,1,0,0,1,1,0,0,1,1,2.31,2.31,0.00,0.00,44,44,300.00,300.00,0,0,0,0,1,1
2023.09.08 13:22:00,BUY,1921.03,3469,3401,NONE,1,1,2.33,2.33,0.0,EMA->TP1,EMA->TP1,0,0,1,1,1,1,0,0,1,1,0,0,1,1,0.96,0.96,0.00,0.00,13,13,300.00,300.00,0,0,0,0,1,1
2023.09.08 14:12:00,SELL,1928.05,3470,3402,NONE,1,1,3.83,3.83,0.0,EMA->TP1,EMA->TP1,0,0,1,1,1,1,0,0,1,1,0,0,1,1,2.01,2.01,0.00,0.00,47,47,300.00,300.00,0,0,0,0,1,1
2023.09.11 08:14:00,BUY,1926.51,3471,3403,NONE,2,2,2.09,2.09,0.0,EMA->TP2,EMA->TP2,0,0,1,1,0,0,1,1,1,1,0,0,1,1,4.26,4.26,0.00,0.00,197,197,300.00,300.00,0,0,0,0,1,1
2023.09.11 16:31:00,SELL,1924.40,3472,3404,NONE,1,1,2.01,2.01,0.0,EMA->TP1,EMA->TP1,0,0,1,1,1,1,0,0,1,1,0,0,1,1,0.99,0.99,0.00,0.00,94,94,300.00,300.00,0,0,0,0,1,1
2023.09.12 05:24:00,BUY,1921.42,3473,3405,NONE,3,3,2.1,2.1,0.0,EMA->TP3,EMA->TP3,0,0,1,1,0,0,0,0,1,1,0,0,1,1,8.53,8.53,0.00,0.00,168,168,300.00,300.00,0,0,0,0,1,1
2023.09.12 15:33:00,BUY,1912.61,3474,3406,NONE,1,1,2.01,2.01,0.0,EMA->TP1,EMA->TP1,0,0,1,1,1,1,0,0,1,1,0,0,1,1,1.13,1.13,0.00,0.00,40,40,300.00,300.00,0,0,0,0,1,1
2023.09.13 02:32:00,BUY,1910.52,3475,3407,NONE,2,2,2.02,2.02,0.0,EMA->TP2,EMA->TP2,0,0,1,1,0,0,1,1,1,1,0,0,1,1,6.07,6.07,0.00,0.00,103,103,300.00,300.00,0,0,0,0,1,1
2023.09.13 06:22:00,BUY,1910.29,3476,3408,NONE,1,1,2.29,2.29,0.0,EMA->TP1,EMA->TP1,0,0,1,1,1,1,0,0,1,1,0,0,1,1,2.17,2.17,0.00,0.00,278,278,300.00,300.00,0,0,0,0,1,1
2023.09.13 15:13:01,BUY,1913.13,3477,3409,ALLOW,4,4,2.55,2.55,0.0,EMA->TP2->NET_BASKET_BE,EMA->TP2->NET_BASKET_BE,0,0,0,0,0,0,1,1,1,1,0,0,1,1,58.75,58.75,0.01,0.01,1313,1313,300.00,300.00,1,1,0,0,1,1
2023.09.15 08:49:01,BUY,1917.98,3478,3410,NONE,2,2,2.07,2.07,0.0,EMA->TP2,EMA->TP2,0,0,1,1,0,0,1,1,1,1,0,0,1,1,3.09,3.09,0.00,0.00,143,143,300.00,300.00,0,0,0,0,1,1
2023.09.15 11:31:01,SELL,1918.42,3479,3411,NONE,2,2,2.05,2.05,0.0,TP2->EMA->TP2,TP2->EMA->TP2,0,0,1,1,0,0,1,1,1,1,0,0,1,1,5.61,5.61,0.00,0.00,44,44,300.00,300.00,0,0,0,0,1,1
2023.09.15 13:23:00,SELL,1922.42,3480,3412,NONE,2,2,3.82,3.82,0.0,EMA->TP2,EMA->TP2,0,0,1,1,0,0,1,1,1,1,0,0,1,1,21.15,21.15,0.00,0.00,372,372,300.00,300.00,0,0,0,0,1,1
2023.09.18 17:19:01,SELL,1932.25,3481,3413,NONE,2,2,2.05,2.05,0.0,EMA->TP2,EMA->TP2,0,0,1,1,0,0,1,1,1,1,0,0,1,1,5.79,5.79,0.00,0.00,466,466,300.00,300.00,0,0,0,0,1,1
2023.09.20 04:56:01,BUY,1930.01,3482,3414,NONE,1,1,2.05,2.05,0.0,EMA->TP1,EMA->TP1,0,0,1,1,1,1,0,0,1,1,0,0,1,1,1.23,1.23,0.00,0.00,71,71,300.00,300.00,0,0,0,0,1,1
2023.09.20 11:50:02,BUY,1931.88,3483,3415,NONE,1,1,2.0,2.0,0.0,EMA->TP1,EMA->TP1,0,0,1,1,1,1,0,0,1,1,0,0,1,1,0.66,0.66,0.00,0.00,33,33,300.00,300.00,0,0,0,0,1,1
2023.09.21 01:00:00,BUY,1925.21,3484,3416,NONE,1,1,2.01,2.01,0.0,TP1,TP1,0,0,1,1,1,1,0,0,0,0,0,0,1,1,1.96,1.96,0.00,0.00,69,69,300.00,300.00,0,0,0,0,1,1
2023.09.21 08:20:01,BUY,1927.03,3485,3417,ALLOW,4,4,2.26,2.26,0.0,EMA->NET_BASKET_BE,EMA->NET_BASKET_BE,0,0,0,0,0,0,0,0,1,1,0,0,1,1,78.67,78.67,0.02,0.02,362,362,300.00,300.00,1,1,0,0,1,1
2023.09.21 15:33:00,BUY,1918.73,3486,3418,NONE,1,1,2.68,2.68,0.0,EMA->TP1,EMA->TP1,0,0,1,1,1,1,0,0,1,1,0,0,1,1,2.86,2.86,0.00,0.00,499,499,300.00,300.00,0,0,0,0,1,1
2023.09.22 00:24:00,SELL,1921.44,3487,3419,ALLOW,4,4,2.1,2.1,0.0,TP3->NET_BASKET_BE,TP3->NET_BASKET_BE,0,0,0,0,0,0,0,0,0,0,0,0,1,1,24.7,24.7,0.00,0.00,182,182,300.00,300.00,1,1,0,0,1,1
2023.09.22 10:59:01,BUY,1924.85,3488,3420,NONE,1,1,2.06,2.06,0.0,EMA->TP1,EMA->TP1,0,0,1,1,1,1,0,0,1,1,0,0,1,1,2.64,2.64,0.00,0.00,133,133,300.00,300.00,0,0,0,0,1,1
2023.09.22 15:49:04,SELL,1927.74,3489,3421,NONE,2,2,2.02,2.02,0.0,TP2->EMA->TP2,TP2->EMA->TP2,0,0,1,1,0,0,1,1,1,1,0,0,1,1,3.15,3.15,0.00,0.00,35,35,300.00,300.00,0,0,0,0,1,1
2023.09.25 07:17:00,SELL,1926.08,3490,3422,NONE,1,1,2.22,2.22,0.0,TP1,TP1,0,0,1,1,1,1,0,0,0,0,0,0,1,1,0.62,0.62,0.00,0.00,30,30,300.00,300.00,0,0,0,0,1,1
2023.09.25 08:02:00,BUY,1923.76,3491,3423,NONE,2,2,2.02,2.02,0.0,EMA->TP2,EMA->TP2,0,0,1,1,0,0,1,1,1,1,0,0,1,1,6.1,6.1,0.00,0.00,41,41,300.00,300.00,0,0,0,0,1,1
2023.09.25 12:29:01,BUY,1924.40,3492,3424,ALLOW,5,5,-300.21,-300.21,0.0,EMA->SL$,EMA->SL$,1,1,0,0,0,0,0,0,1,1,1,1,0,0,301.95,301.95,0.06,0.06,2714,2714,300.00,300.00,0,0,0,0,1,1
2023.09.27 12:34:00,BUY,1891.90,3493,3425,ALLOW,4,4,2.07,2.07,0.0,EMA->NET_BASKET_BE,EMA->NET_BASKET_BE,0,0,0,0,0,0,0,0,1,1,0,0,1,1,160.49,160.49,0.03,0.03,2586,2586,300.00,300.00,1,1,0,0,1,1
2023.10.02 00:55:00,BUY,1845.90,3494,3426,NONE,3,3,4.08,4.08,0.0,EMA->TP3,EMA->TP3,0,0,1,1,0,0,0,0,1,1,0,0,1,1,27.53,27.53,0.01,0.01,338,338,300.00,300.00,0,0,0,0,1,1
2023.10.03 09:02:03,BUY,1826.67,3495,3427,NONE,2,2,2.05,2.05,0.0,EMA->TP2,EMA->TP2,0,0,1,1,0,0,1,1,1,1,0,0,1,1,6.55,6.55,0.00,0.00,17,17,300.00,300.00,0,0,0,0,1,1
2023.10.03 18:15:00,BUY,1823.59,3496,3428,NONE,2,2,2.56,2.56,0.0,EMA->TP2,EMA->TP2,0,0,1,1,0,0,1,1,1,1,0,0,1,1,6.64,6.64,0.00,0.00,460,460,300.00,300.00,0,0,0,0,1,1
2023.10.05 06:31:00,BUY,1823.98,3497,3429,NONE,3,3,3.41,3.41,0.0,TP3,TP3,0,0,1,1,0,0,0,0,0,0,0,0,1,1,11.77,11.77,0.00,0.00,109,109,300.00,300.00,0,0,0,0,1,1
2023.10.06 00:07:00,BUY,1821.89,3498,3430,NONE,2,2,2.19,2.19,0.0,EMA->TP2,EMA->TP2,0,0,1,1,0,0,1,1,1,1,0,0,1,1,2.63,2.63,0.00,0.00,38,38,300.00,300.00,0,0,0,0,1,1
2023.10.06 16:27:00,BUY,1832.32,3499,3431,NONE,2,2,4.33,4.33,0.0,EMA->TP2,EMA->TP2,0,0,1,1,0,0,1,1,1,1,0,0,1,1,4.99,4.99,0.00,0.00,55,55,300.00,300.00,0,0,0,0,1,1
2023.10.09 02:39:03,BUY,1851.54,3500,3432,NONE,2,2,2.04,2.04,0.0,EMA->TP2,EMA->TP2,0,0,1,1,0,0,1,1,1,1,0,0,1,1,6.58,6.58,0.00,0.00,82,82,300.00,300.00,0,0,0,0,1,1
2023.10.09 04:28:00,SELL,1852.53,3501,3433,NONE,1,1,2.0,2.0,0.0,TP1->EMA->TP1,TP1->EMA->TP1,0,0,1,1,1,1,0,0,1,1,0,0,1,1,0.81,0.81,0.00,0.00,17,17,300.00,300.00,0,0,0,0,1,1
2023.10.09 07:20:01,BUY,1848.92,3502,3434,NONE,1,1,3.07,3.07,0.0,EMA->TP1,EMA->TP1,0,0,1,1,1,1,0,0,1,1,0,0,1,1,0.77,0.77,0.00,0.00,19,19,300.00,300.00,0,0,0,0,1,1
2023.10.10 01:19:00,SELL,1864.13,3503,3435,NONE,1,1,3.09,3.09,0.0,EMA->TP1,EMA->TP1,0,0,1,1,1,1,0,0,1,1,0,0,1,1,1.56,1.56,0.00,0.00,209,209,300.00,300.00,0,0,0,0,1,1
2023.10.10 10:34:05,BUY,1857.30,3504,3436,NONE,2,2,2.3,2.3,0.0,EMA->TP2,EMA->TP2,0,0,1,1,0,0,1,1,1,1,0,0,1,1,5.43,5.43,0.00,0.00,83,83,300.00,300.00,0,0,0,0,1,1
2023.10.10 13:13:01,BUY,1854.45,3505,3437,NONE,1,1,4.32,4.32,0.0,EMA->TP1,EMA->TP1,0,0,1,1,1,1,0,0,1,1,0,0,1,1,5.42,5.42,0.00,0.00,123,123,300.00,300.00,0,0,0,0,1,1
2023.10.10 20:09:01,SELL,1860.09,3506,3438,NONE,2,2,2.07,2.07,0.0,TP2->EMA->TP2,TP2->EMA->TP2,0,0,1,1,0,0,1,1,1,1,0,0,1,1,4.8,4.8,0.00,0.00,147,147,300.00,300.00,0,0,0,0,1,1
2023.10.11 03:22:00,BUY,1861.22,3507,3439,NONE,2,2,2.17,2.17,0.0,EMA->TP2,EMA->TP2,0,0,1,1,0,0,1,1,1,1,0,0,1,1,6.12,6.12,0.00,0.00,197,197,300.00,300.00,0,0,0,0,1,1
2023.10.11 13:48:00,BUY,1870.48,3508,3440,NONE,1,1,4.53,4.53,0.0,EMA->TP1,EMA->TP1,0,0,1,1,1,1,0,0,1,1,0,0,1,1,3.35,3.35,0.00,0.00,135,135,300.00,300.00,0,0,0,0,1,1
2023.10.13 06:32:00,BUY,1876.44,3509,3441,NONE,1,1,2.06,2.06,0.0,EMA->TP1,EMA->TP1,0,0,1,1,1,1,0,0,1,1,0,0,1,1,1.94,1.94,0.00,0.00,42,42,300.00,300.00,0,0,0,0,1,1
2023.10.13 19:32:00,BUY,1928.40,3510,3442,NONE,1,1,2.09,2.09,0.0,EMA->TP1,EMA->TP1,0,0,1,1,1,1,0,0,1,1,0,0,1,1,1.27,1.27,0.00,0.00,83,83,300.00,300.00,0,0,0,0,1,1
2023.10.18 00:07:00,BUY,1925.18,3511,3443,NONE,1,1,2.94,2.94,0.0,EMA->TP1,EMA->TP1,0,0,1,1,1,1,0,0,1,1,0,0,1,1,1.91,1.91,0.00,0.00,37,37,300.00,300.00,0,0,0,0,1,1
2023.10.18 23:01:00,BUY,1950.48,3512,3444,NONE,2,2,2.44,2.44,0.0,EMA->TP1->TP2,EMA->TP1->TP2,0,0,1,1,1,1,1,1,1,1,0,0,1,1,5.85,5.85,0.00,0.00,119,119,300.00,300.00,0,0,0,0,1,1
2023.10.19 03:31:00,BUY,1947.93,3513,3445,NONE,2,2,2.05,2.05,0.0,EMA->TP2,EMA->TP2,0,0,1,1,0,0,1,1,1,1,0,0,1,1,6.06,6.06,0.00,0.00,82,82,300.00,300.00,0,0,0,0,1,1
2023.10.19 05:55:00,BUY,1947.17,3514,3446,NONE,1,1,3.02,3.02,0.0,EMA->TP1,EMA->TP1,0,0,1,1,1,1,0,0,1,1,0,0,1,1,2.81,2.81,0.00,0.00,80,80,300.00,300.00,0,0,0,0,1,1
2023.10.20 00:59:00,BUY,1975.49,3515,3447,NONE,1,1,4.42,4.42,0.0,EMA->TP1,EMA->TP1,0,0,1,1,1,1,0,0,1,1,0,0,1,1,3.62,3.62,0.00,0.00,111,111,300.00,300.00,0,0,0,0,1,1
2023.10.20 20:33:00,BUY,1980.22,3516,3448,ALLOW,5,5,2.7,2.7,0.0,EMA->NET_BASKET_BE,EMA->NET_BASKET_BE,0,0,0,0,0,0,0,0,1,1,1,1,1,1,60.17,60.17,0.01,0.01,2968,2968,300.00,300.00,1,1,0,0,1,1
2023.10.23 00:13:00,BUY,1971.40,3517,3449,NONE,3,3,5.74,5.74,0.0,TP3,TP3,0,0,1,1,0,0,0,0,0,0,0,0,1,1,23.87,23.87,0.00,0.00,114,114,300.00,300.00,0,0,0,0,1,1
2023.10.23 19:36:01,BUY,1973.46,3518,3450,NONE,1,1,2.09,2.09,0.0,EMA->TP1,EMA->TP1,0,0,1,1,1,1,0,0,1,1,0,0,1,1,3.45,3.45,0.00,0.00,332,332,300.00,300.00,0,0,0,0,1,1
2023.10.25 20:06:00,BUY,1980.49,3519,3451,NONE,2,2,3.36,3.36,0.0,TP2,TP2,0,0,1,1,0,0,1,1,0,0,0,0,1,1,4.47,4.47,0.00,0.00,114,114,300.00,300.00,0,0,0,0,1,1
2023.10.27 06:25:00,BUY,1988.72,3520,3452,NONE,2,2,4.18,4.18,0.0,EMA->TP2,EMA->TP2,0,0,1,1,0,0,1,1,1,1,0,0,1,1,6.03,6.03,0.00,0.00,60,60,300.00,300.00,0,0,0,0,1,1
2023.10.31 00:16:00,BUY,1995.42,3521,3453,NONE,3,3,2.33,2.33,0.0,EMA->TP1->TP3,EMA->TP1->TP3,0,0,1,1,1,1,0,0,1,1,0,0,1,1,22.98,22.98,0.00,0.00,298,298,300.00,300.00,0,0,0,0,1,1
2023.10.31 14:58:00,BUY,2001.18,3522,3454,NONE,3,3,7.27,7.27,0.0,EMA->TP3,EMA->TP3,0,0,1,1,0,0,0,0,1,1,0,0,1,1,132.5,132.5,0.03,0.03,4172,4172,300.00,300.00,0,0,0,0,1,1
2023.11.03 19:55:00,BUY,1992.08,3523,3455,NONE,3,3,2.07,2.07,0.0,EMA->TP3,EMA->TP3,0,0,1,1,0,0,0,0,1,1,0,0,1,1,21.83,21.83,0.00,0.00,3183,3183,300.00,300.00,0,0,0,0,1,1
2023.11.06 05:23:00,BUY,1983.95,3524,3456,NONE,2,2,2.08,2.08,0.0,TP2,TP2,0,0,1,1,0,0,1,1,0,0,0,0,1,1,3.68,3.68,0.00,0.00,19,19,300.00,300.00,0,0,0,0,1,1
2023.11.06 14:57:00,BUY,1984.94,3525,3457,ALLOW,5,5,-300.73,-300.73,0.0,EMA->SL$,EMA->SL$,1,1,0,0,0,0,0,0,1,1,1,1,0,0,303.48,303.48,0.06,0.06,2924,2924,300.00,300.00,0,0,0,0,1,1
2023.11.08 17:39:00,BUY,1953.07,3526,3458,NONE,2,2,2.3,2.3,0.0,TP2,TP2,0,0,1,1,0,0,1,1,0,0,0,0,1,1,4.78,4.78,0.00,0.00,70,70,300.00,300.00,0,0,0,0,1,1
2023.11.09 06:26:01,BUY,1949.95,3527,3459,NONE,2,2,3.76,3.76,0.0,EMA->TP2,EMA->TP2,0,0,1,1,0,0,1,1,1,1,0,0,1,1,11.5,11.5,0.00,0.00,139,139,300.00,300.00,0,0,0,0,1,1
2023.11.09 20:44:07,BUY,1958.09,3528,3460,NONE,1,1,2.0,2.0,0.0,EMA->TP1,EMA->TP1,0,0,1,1,1,1,0,0,1,1,0,0,1,1,1.78,1.78,0.00,0.00,255,255,300.00,300.00,0,0,0,0,1,1
2023.11.10 09:19:00,BUY,1954.73,3529,3461,ALLOW,5,5,5.52,5.52,0.0,NET_BASKET_BE,NET_BASKET_BE,0,0,0,0,0,0,0,0,0,0,1,1,1,1,249.25,249.25,0.05,0.05,4806,4806,300.00,300.00,1,1,0,0,1,1
2023.11.13 19:38:00,BUY,1946.38,3530,3462,NONE,2,2,2.17,2.17,0.0,EMA->TP1->TP2,EMA->TP1->TP2,0,0,1,1,1,1,1,1,1,1,0,0,1,1,5.16,5.16,0.00,0.00,397,397,300.00,300.00,0,0,0,0,1,1
2023.11.14 20:27:00,SELL,1963.76,3531,3463,NONE,2,2,2.01,2.01,0.0,TP2,TP2,0,0,1,1,0,0,1,1,0,0,0,0,1,1,1.59,1.59,0.00,0.00,22,22,300.00,300.00,0,0,0,0,1,1
2023.11.14 23:31:00,SELL,1962.73,3532,3464,NONE,2,2,2.03,2.03,0.0,EMA->TP1->TP2,EMA->TP1->TP2,0,0,1,1,1,1,1,1,1,1,0,0,1,1,3.77,3.77,0.00,0.00,106,106,300.00,300.00,0,0,0,0,1,1
2023.11.15 14:36:00,BUY,1964.52,3533,3465,NONE,2,2,7.55,7.55,0.0,TP2,TP2,0,0,1,1,0,0,1,1,0,0,0,0,1,1,17.58,17.58,0.00,0.00,74,74,300.00,300.00,0,0,0,0,1,1
2023.11.15 17:18:00,BUY,1961.84,3534,3466,NONE,2,2,2.96,2.96,0.0,EMA->TP2,EMA->TP2,0,0,1,1,0,0,1,1,1,1,0,0,1,1,5.75,5.75,0.00,0.00,116,116,300.00,300.00,0,0,0,0,1,1
2023.11.16 05:32:00,SELL,1963.07,3535,3467,NONE,3,3,2.02,2.02,0.0,EMA->TP3,EMA->TP3,0,0,1,1,0,0,0,0,1,1,0,0,1,1,22.31,22.31,0.00,0.00,303,303,300.00,300.00,0,0,0,0,1,1
2023.11.16 11:04:18,BUY,1965.61,3536,3468,NONE,2,2,2.23,2.23,0.0,EMA->TP2,EMA->TP2,0,0,1,1,0,0,1,1,1,1,0,0,1,1,8.48,8.48,0.00,0.00,116,116,300.00,300.00,0,0,0,0,1,1
2023.11.16 16:18:00,SELL,1986.23,3537,3469,NONE,1,1,3.78,3.78,0.0,TP1,TP1,0,0,1,1,1,1,0,0,0,0,0,0,1,1,2.8,2.8,0.00,0.00,27,27,300.00,300.00,0,0,0,0,1,1
2023.11.17 06:08:01,BUY,1984.83,3538,3470,NONE,2,2,2.01,2.01,0.0,EMA->TP2,EMA->TP2,0,0,1,1,0,0,1,1,1,1,0,0,1,1,4.35,4.35,0.00,0.00,64,64,300.00,300.00,0,0,0,0,1,1
2023.11.17 17:20:00,BUY,1980.07,3539,3471,NONE,3,3,5.41,5.41,0.0,EMA->TP3,EMA->TP3,0,0,1,1,0,0,0,0,1,1,0,0,1,1,20.91,20.91,0.00,0.00,3335,3335,300.00,300.00,0,0,0,0,1,1
2023.11.20 07:45:00,BUY,1979.47,3540,3472,NONE,2,2,3.99,3.99,0.0,EMA->TP2,EMA->TP2,0,0,1,1,0,0,1,1,1,1,0,0,1,1,6.15,6.15,0.00,0.00,93,93,300.00,300.00,0,0,0,0,1,1
2023.11.20 12:10:00,BUY,1973.00,3541,3473,NONE,3,3,6.93,6.93,0.0,TP3,TP3,0,0,1,1,0,0,0,0,0,0,0,0,1,1,25.92,25.92,0.01,0.01,155,155,300.00,300.00,0,0,0,0,1,1
2023.11.21 04:57:01,BUY,1992.22,3542,3474,NONE,2,2,2.66,2.66,0.0,EMA->TP2,EMA->TP2,0,0,1,1,0,0,1,1,1,1,0,0,1,1,5.5,5.5,0.00,0.00,139,139,300.00,300.00,0,0,0,0,1,1
2023.11.21 18:29:00,BUY,2000.13,3543,3475,NONE,2,2,4.85,4.85,0.0,EMA->TP2,EMA->TP2,0,0,1,1,0,0,1,1,1,1,0,0,1,1,5.38,5.38,0.00,0.00,52,52,300.00,300.00,0,0,0,0,1,1
2023.11.22 01:08:03,BUY,1997.52,3544,3476,NONE,2,2,2.57,2.57,0.0,EMA->TP2,EMA->TP2,0,0,1,1,0,0,1,1,1,1,0,0,1,1,4.08,4.08,0.00,0.00,103,103,300.00,300.00,0,0,0,0,1,1
2023.11.22 03:58:12,BUY,1996.53,3545,3477,NONE,1,1,2.12,2.12,0.0,EMA->TP1,EMA->TP1,0,0,1,1,1,1,0,0,1,1,0,0,1,1,0.6,0.6,0.00,0.00,46,46,300.00,300.00,0,0,0,0,1,1
2023.11.22 17:52:03,BUY,1990.57,3546,3478,NONE,1,1,2.01,2.01,0.0,TP1,TP1,0,0,1,1,1,1,0,0,0,0,0,0,1,1,1.13,1.13,0.00,0.00,23,23,300.00,300.00,0,0,0,0,1,1
2023.11.23 05:14:01,BUY,1995.15,3547,3479,NONE,1,1,2.01,2.01,0.0,EMA->TP1,EMA->TP1,0,0,1,1,1,1,0,0,1,1,0,0,1,1,1.42,1.42,0.00,0.00,53,53,300.00,300.00,0,0,0,0,1,1
2023.11.23 08:59:03,BUY,1994.80,3548,3480,NONE,2,2,2.17,2.17,0.0,TP2->EMA->TP2,TP2->EMA->TP2,0,0,1,1,0,0,1,1,1,1,0,0,1,1,5.95,5.95,0.00,0.00,64,64,300.00,300.00,0,0,0,0,1,1
2023.11.23 15:52:04,BUY,1992.52,3549,3481,NONE,2,2,2.04,2.04,0.0,EMA->TP2,EMA->TP2,0,0,1,1,0,0,1,1,1,1,0,0,1,1,6.21,6.21,0.00,0.00,121,121,300.00,300.00,0,0,0,0,1,1
2023.11.27 14:02:00,BUY,2012.16,3550,3482,NONE,2,2,4.67,4.67,0.0,EMA->TP2,EMA->TP2,0,0,1,1,0,0,1,1,1,1,0,0,1,1,15.89,15.89,0.00,0.00,262,262,300.00,300.00,0,0,0,0,1,1
2023.11.27 21:59:00,BUY,2014.51,3551,3483,NONE,2,2,2.01,2.01,0.0,EMA->TP2,EMA->TP2,0,0,1,1,0,0,1,1,1,1,0,0,1,1,4.08,4.08,0.00,0.00,109,109,300.00,300.00,0,0,0,0,1,1
2023.11.28 05:56:00,BUY,2015.32,3552,3484,NONE,2,2,2.07,2.07,0.0,EMA->TP1->TP2,EMA->TP1->TP2,0,0,1,1,1,1,1,1,1,1,0,0,1,1,9.28,9.28,0.00,0.00,180,180,300.00,300.00,0,0,0,0,1,1
2023.11.28 21:37:00,BUY,2040.74,3553,3485,NONE,1,1,2.1,2.1,0.0,EMA->TP1,EMA->TP1,0,0,1,1,1,1,0,0,1,1,0,0,1,1,1.52,1.52,0.00,0.00,112,112,300.00,300.00,0,0,0,0,1,1
2023.11.29 16:37:01,BUY,2041.53,3554,3486,NONE,1,1,2.96,2.96,0.0,EMA->TP1,EMA->TP1,0,0,1,1,1,1,0,0,1,1,0,0,1,1,1.98,1.98,0.00,0.00,49,49,300.00,300.00,0,0,0,0,1,1
2023.11.29 20:16:00,BUY,2045.90,3555,3487,NONE,3,3,2.35,2.35,0.0,EMA->TP3,EMA->TP3,0,0,1,1,0,0,0,0,1,1,0,0,1,1,9.15,9.15,0.00,0.00,30,30,300.00,300.00,0,0,0,0,1,1
2023.11.30 04:55:02,BUY,2044.59,3556,3488,NONE,2,2,4.12,4.12,0.0,EMA->TP2,EMA->TP2,0,0,1,1,0,0,1,1,1,1,0,0,1,1,4.46,4.46,0.00,0.00,97,97,300.00,300.00,0,0,0,0,1,1
2023.11.30 11:22:01,BUY,2037.31,3557,3489,NONE,1,1,2.04,2.04,0.0,EMA->TP1,EMA->TP1,0,0,1,1,1,1,0,0,1,1,0,0,1,1,1.86,1.86,0.00,0.00,101,101,300.00,300.00,0,0,0,0,1,1
2023.12.01 14:22:00,BUY,2036.17,3558,3490,NONE,1,1,2.74,2.74,0.0,EMA->TP1,EMA->TP1,0,0,1,1,1,1,0,0,1,1,0,0,1,1,1.69,1.69,0.00,0.00,13,13,300.00,300.00,0,0,0,0,1,1
2023.12.04 01:11:00,BUY,2091.78,3559,3491,ALLOW,4,4,-300.43,-300.43,0.0,EMA->SL$,EMA->SL$,1,1,0,0,0,0,0,0,1,1,0,0,0,0,310.02,310.02,0.06,0.06,852,852,300.00,300.00,0,0,0,0,1,1
2023.12.04 16:03:00,BUY,2025.70,3560,3492,NONE,1,1,10.4,10.4,0.0,EMA->TP1,EMA->TP1,0,0,1,1,1,1,0,0,1,1,0,0,1,1,8.61,8.61,0.00,0.00,503,503,300.00,300.00,0,0,0,0,1,1
2023.12.06 00:25:00,SELL,2020.67,3561,3493,NONE,2,2,2.04,2.04,0.0,EMA->TP2,EMA->TP2,0,0,1,1,0,0,1,1,1,1,0,0,1,1,8.93,8.93,0.00,0.00,258,258,300.00,300.00,0,0,0,0,1,1
2023.12.06 07:17:00,SELL,2027.33,3562,3494,NONE,3,3,2.3,2.3,0.0,TP3,TP3,0,0,1,1,0,0,0,0,0,0,0,0,1,1,36.09,36.09,0.01,0.01,83,83,300.00,300.00,0,0,0,0,1,1
2023.12.07 10:45:00,BUY,2033.88,3563,3495,NONE,2,2,2.41,2.41,0.0,EMA->TP2,EMA->TP2,0,0,1,1,0,0,1,1,1,1,0,0,1,1,10.41,10.41,0.00,0.00,139,139,300.00,300.00,0,0,0,0,1,1
2023.12.07 23:35:00,BUY,2027.40,3564,3496,NONE,1,1,2.02,2.02,0.0,EMA->TP1,EMA->TP1,0,0,1,1,1,1,0,0,1,1,0,0,1,1,1.94,1.94,0.00,0.00,64,64,300.00,300.00,0,0,0,0,1,1
2023.12.08 02:50:00,BUY,2032.31,3565,3497,NONE,2,2,2.09,2.09,0.0,EMA->TP1->TP2,EMA->TP1->TP2,0,0,1,1,1,1,1,1,1,1,0,0,1,1,4.81,4.81,0.00,0.00,67,67,300.00,300.00,0,0,0,0,1,1
2023.12.08 14:30:00,BUY,2006.33,3566,3498,NONE,2,2,12.97,12.97,0.0,EMA->TP2,EMA->TP2,0,0,1,1,0,0,1,1,1,1,0,0,1,1,26.34,26.34,0.01,0.01,440,440,300.00,300.00,0,0,0,0,1,1
2023.12.11 00:08:00,SELL,2006.69,3567,3499,NONE,1,1,2.0,2.0,0.0,EMA->TP1,EMA->TP1,0,0,1,1,1,1,0,0,1,1,0,0,1,1,1.4,1.4,0.00,0.00,52,52,300.00,300.00,0,0,0,0,1,1
2023.12.12 00:17:00,BUY,1983.39,3568,3500,NONE,1,1,2.15,2.15,0.0,EMA->TP1,EMA->TP1,0,0,1,1,1,1,0,0,1,1,0,0,1,1,0.72,0.72,0.00,0.00,18,18,300.00,300.00,0,0,0,0,1,1
2023.12.12 17:15:00,BUY,1979.19,3569,3501,NONE,1,1,2.4,2.4,0.0,EMA->TP1,EMA->TP1,0,0,1,1,1,1,0,0,1,1,0,0,1,1,2.97,2.97,0.00,0.00,379,379,300.00,300.00,0,0,0,0,1,1
2023.12.13 01:52:00,BUY,1980.77,3570,3502,NONE,3,3,4.95,4.95,0.0,EMA->TP3,EMA->TP3,0,0,1,1,0,0,0,0,1,1,0,0,1,1,30.3,30.3,0.01,0.01,338,338,300.00,300.00,0,0,0,0,1,1
2023.12.14 06:49:00,SELL,2034.88,3571,3503,NONE,1,1,3.46,3.46,0.0,EMA->TP1,EMA->TP1,0,0,1,1,1,1,0,0,1,1,0,0,1,1,2.62,2.62,0.00,0.00,44,44,300.00,300.00,0,0,0,0,1,1
2023.12.14 08:40:00,SELL,2038.40,3572,3504,NONE,1,1,3.68,3.68,0.0,EMA->TP1,EMA->TP1,0,0,1,1,1,1,0,0,1,1,0,0,1,1,3.33,3.33,0.00,0.00,83,83,300.00,300.00,0,0,0,0,1,1
2023.12.14 21:03:00,SELL,2035.59,3573,3505,NONE,2,2,2.05,2.05,0.0,TP2->EMA->TP2,TP2->EMA->TP2,0,0,1,1,0,0,1,1,1,1,0,0,1,1,6.02,6.02,0.00,0.00,174,174,300.00,300.00,0,0,0,0,1,1
2023.12.15 01:51:04,SELL,2032.64,3574,3506,VETO,4,3,2.2,3.65,1.45,EMA->NET_BASKET_BE,EMA->TP3,0,0,0,1,0,0,0,0,1,1,0,0,1,1,62.12,55.69,0.01,0.01,702,705,300.00,300.00,1,0,0,0,1,1
2023.12.18 02:00:00,BUY,2019.63,3575,3507,NONE,1,1,2.0,2.0,0.0,EMA->TP1,EMA->TP1,0,0,1,1,1,1,0,0,1,1,0,0,1,1,0.68,0.68,0.00,0.00,5,5,300.00,300.00,0,0,0,0,1,1
2023.12.18 14:29:00,BUY,2022.94,3576,3508,NONE,1,1,4.09,4.09,0.0,EMA->TP1,EMA->TP1,0,0,1,1,1,1,0,0,1,1,0,0,1,1,4.92,4.92,0.00,0.00,199,199,300.00,300.00,0,0,0,0,1,1
2023.12.18 18:31:00,BUY,2027.14,3577,3509,NONE,2,2,4.34,4.34,0.0,EMA->TP2,EMA->TP2,0,0,1,1,0,0,1,1,1,1,0,0,1,1,13.41,13.41,0.00,0.00,835,835,300.00,300.00,0,0,0,0,1,1
2023.12.19 18:02:02,BUY,2041.06,3578,3510,NONE,2,2,2.64,2.64,0.0,EMA->TP2,EMA->TP2,0,0,1,1,0,0,1,1,1,1,0,0,1,1,9.96,9.96,0.00,0.00,308,308,300.00,300.00,0,0,0,0,1,1
2023.12.20 15:32:00,BUY,2033.96,3579,3511,NONE,2,2,9.34,9.34,0.0,EMA->TP2,EMA->TP2,0,0,1,1,0,0,1,1,1,1,0,0,1,1,10.82,10.82,0.00,0.00,455,455,300.00,300.00,0,0,0,0,1,1
2023.12.26 18:00:00,BUY,2057.97,3580,3512,NONE,1,1,2.04,2.04,0.0,EMA->TP1,EMA->TP1,0,0,1,1,1,1,0,0,1,1,0,0,1,1,1.89,1.89,0.00,0.00,81,81,300.00,300.00,0,0,0,0,1,1
2023.12.27 00:29:00,BUY,2064.86,3581,3513,NONE,1,1,2.0,2.0,0.0,EMA->TP1,EMA->TP1,0,0,1,1,1,1,0,0,1,1,0,0,1,1,1.15,1.15,0.00,0.00,60,60,300.00,300.00,0,0,0,0,1,1
2023.12.28 08:36:01,BUY,2078.57,3582,3514,NONE,2,2,4.77,4.77,0.0,TP2,TP2,0,0,1,1,0,0,1,1,0,0,0,0,1,1,10.23,10.23,0.00,0.00,85,85,300.00,300.00,0,0,0,0,1,1
2023.12.28 18:54:00,BUY,2073.02,3583,3515,NONE,3,3,3.98,3.98,0.0,EMA->TP3,EMA->TP3,0,0,1,1,0,0,0,0,1,1,0,0,1,1,27.78,27.78,0.01,0.01,402,402,300.00,300.00,0,0,0,0,1,1
2024.01.02 00:30:00,BUY,2063.64,3584,3516,NONE,1,1,2.47,2.47,0.0,EMA->TP1,EMA->TP1,0,0,1,1,1,1,0,0,1,1,0,0,1,1,1.0,1.0,0.00,0.00,32,32,300.00,300.00,0,0,0,0,1,1
2024.01.02 01:09:00,SELL,2067.91,3585,3517,NONE,2,2,8.17,8.17,0.0,EMA->TP2,EMA->TP2,0,0,1,1,0,0,1,1,1,1,0,0,1,1,25.08,25.08,0.01,0.01,635,635,300.00,300.00,0,0,0,0,1,1
2024.01.02 19:02:02,BUY,2062.15,3586,3518,NONE,2,2,2.65,2.65,0.0,EMA->TP2,EMA->TP2,0,0,1,1,0,0,1,1,1,1,0,0,1,1,7.38,7.38,0.00,0.00,322,322,300.00,300.00,0,0,0,0,1,1
2024.01.03 10:33:00,BUY,2054.68,3587,3519,ALLOW,4,4,2.17,2.17,0.0,EMA->NET_BASKET_BE,EMA->NET_BASKET_BE,0,0,0,0,0,0,0,0,1,1,0,0,1,1,110.62,110.62,0.02,0.02,538,538,300.00,300.00,1,1,0,0,1,1
2024.01.04 03:34:00,SELL,2045.94,3588,3520,NONE,1,1,2.62,2.62,0.0,TP1->EMA->TP1,TP1->EMA->TP1,0,0,1,1,1,1,0,0,1,1,0,0,1,1,1.19,1.19,0.00,0.00,86,86,300.00,300.00,0,0,0,0,1,1
2024.01.04 17:57:01,SELL,2043.30,3589,3521,NONE,2,2,2.05,2.05,0.0,EMA->TP2,EMA->TP2,0,0,1,1,0,0,1,1,1,1,0,0,1,1,13.03,13.03,0.00,0.00,670,670,300.00,300.00,0,0,0,0,1,1
2024.01.05 07:25:00,SELL,2045.46,3590,3522,NONE,1,1,3.04,3.04,0.0,EMA->TP1,EMA->TP1,0,0,1,1,1,1,0,0,1,1,0,0,1,1,1.58,1.58,0.00,0.00,43,43,300.00,300.00,0,0,0,0,1,1
2024.01.05 17:37:00,BUY,2042.58,3591,3523,NONE,1,1,4.89,4.89,0.0,EMA->TP1,EMA->TP1,0,0,1,1,1,1,0,0,1,1,0,0,1,1,3.23,3.23,0.00,0.00,79,79,300.00,300.00,0,0,0,0,1,1
2024.01.07 23:35:01,BUY,2044.85,3592,3524,NONE,2,2,2.07,2.07,0.0,TP2,TP2,0,0,1,1,0,0,1,1,0,0,0,0,1,1,4.41,4.41,0.00,0.00,35,35,300.00,300.00,0,0,0,0,1,1
2024.01.08 04:53:00,BUY,2036.44,3593,3525,VETO,4,3,2.06,4.58,2.52,NET_BASKET_BE,EMA->TP3,0,0,0,1,0,0,0,0,0,1,0,0,1,1,46.43,104.67,0.01,0.02,74,658,300.00,300.00,1,0,0,0,1,1
2024.01.09 01:43:01,BUY,2032.39,3595,3526,NONE,1,1,3.48,3.48,0.0,EMA->TP1,EMA->TP1,0,0,1,1,1,1,0,0,1,1,0,0,1,1,5.53,5.53,0.00,0.00,342,342,300.00,300.00,0,0,0,0,1,1
2024.01.09 14:57:00,BUY,2035.11,3596,3527,NONE,3,3,9.78,9.78,0.0,EMA->TP3,EMA->TP3,0,0,1,1,0,0,0,0,1,1,0,0,1,1,31.65,31.65,0.01,0.01,1003,1003,300.00,300.00,0,0,0,0,1,1
2024.01.12 00:33:02,BUY,2032.12,3597,3528,NONE,1,1,2.45,2.45,0.0,EMA->TP1,EMA->TP1,0,0,1,1,1,1,0,0,1,1,0,0,1,1,2.25,2.25,0.00,0.00,85,85,300.00,300.00,0,0,0,0,1,1
2024.01.12 03:08:01,BUY,2035.02,3598,3529,NONE,1,1,2.42,2.42,0.0,EMA->TP1,EMA->TP1,0,0,1,1,1,1,0,0,1,1,0,0,1,1,2.99,2.99,0.00,0.00,261,261,300.00,300.00,0,0,0,0,1,1
2024.01.15 02:39:02,SELL,2054.45,3599,3530,NONE,2,2,2.01,2.01,0.0,TP2,TP2,0,0,1,1,0,0,1,1,0,0,0,0,1,1,8.36,8.36,0.00,0.00,103,103,300.00,300.00,0,0,0,0,1,1
2024.01.15 07:36:00,BUY,2054.91,3600,3531,NONE,2,2,5.82,5.82,0.0,EMA->TP2,EMA->TP2,0,0,1,1,0,0,1,1,1,1,0,0,1,1,12.67,12.67,0.00,0.00,510,510,300.00,300.00,0,0,0,0,1,1
2024.01.15 16:54:00,SELL,2054.44,3601,3532,NONE,2,2,2.38,2.38,0.0,TP2->EMA->TP2,TP2->EMA->TP2,0,0,1,1,0,0,1,1,1,1,0,0,1,1,4.69,4.69,0.00,0.00,127,127,300.00,300.00,0,0,0,0,1,1
2024.01.15 19:04:00,BUY,2054.59,3602,3533,INVALID,4,4,2.52,2.52,0.0,EMA->TP2->NET_BASKET_BE,EMA->TP2->NET_BASKET_BE,0,0,0,0,0,0,1,1,1,1,0,0,1,1,29.73,29.73,0.01,0.01,389,389,300.00,300.00,1,1,0,0,1,1
2024.01.16 05:10:00,BUY,2049.43,3603,3534,NONE,2,2,2.02,2.02,0.0,TP2->EMA->TP2,TP2->EMA->TP2,0,0,1,1,0,0,1,1,1,1,0,0,1,1,5.88,5.88,0.00,0.00,63,63,300.00,300.00,0,0,0,0,1,1
2024.01.16 15:59:00,SELL,2040.66,3604,3535,NONE,1,1,3.56,3.56,0.0,EMA->TP1,EMA->TP1,0,0,1,1,1,1,0,0,1,1,0,0,1,1,0.89,0.89,0.00,0.00,1,1,300.00,300.00,0,0,0,0,1,1
2024.01.17 01:17:00,BUY,2028.04,3605,3536,NONE,1,1,2.43,2.43,0.0,EMA->TP1,EMA->TP1,0,0,1,1,1,1,0,0,1,1,0,0,1,1,1.55,1.55,0.00,0.00,25,25,300.00,300.00,0,0,0,0,1,1
2024.01.17 03:56:00,BUY,2024.39,3606,3537,NONE,2,2,3.95,3.95,0.0,EMA->TP2,EMA->TP2,0,0,1,1,0,0,1,1,1,1,0,0,1,1,16.29,16.29,0.00,0.00,227,227,300.00,300.00,0,0,0,0,1,1
2024.01.17 16:42:00,BUY,2009.92,3607,3538,NONE,2,2,7.1,7.1,0.0,EMA->TP2,EMA->TP2,0,0,1,1,0,0,1,1,1,1,0,0,1,1,18.66,18.66,0.00,0.00,407,407,300.00,300.00,0,0,0,0,1,1
2024.01.18 01:37:00,BUY,2010.40,3608,3539,NONE,2,2,4.1,4.1,0.0,EMA->TP2,EMA->TP2,0,0,1,1,0,0,1,1,1,1,0,0,1,1,10.26,10.26,0.00,0.00,267,267,300.00,300.00,0,0,0,0,1,1
2024.01.18 14:02:00,BUY,2010.64,3609,3540,NONE,1,1,3.82,3.82,0.0,EMA->TP1,EMA->TP1,0,0,1,1,1,1,0,0,1,1,0,0,1,1,3.72,3.72,0.00,0.00,59,59,300.00,300.00,0,0,0,0,1,1
2024.01.19 15:27:00,BUY,2025.65,3610,3541,NONE,1,1,5.11,5.11,0.0,EMA->TP1,EMA->TP1,0,0,1,1,1,1,0,0,1,1,0,0,1,1,6.25,6.25,0.00,0.00,3463,3463,300.00,300.00,0,0,0,0,1,1
2024.01.22 04:51:01,BUY,2025.49,3611,3542,NONE,3,3,4.79,4.79,0.0,TP3,TP3,0,0,1,1,0,0,0,0,0,0,0,0,1,1,16.03,16.03,0.00,0.00,94,94,300.00,300.00,0,0,0,0,1,1
2024.01.22 15:33:00,SELL,2024.97,3612,3543,NONE,1,1,4.02,4.02,0.0,EMA->TP1,EMA->TP1,0,0,1,1,1,1,0,0,1,1,0,0,1,1,2.99,2.99,0.00,0.00,175,175,300.00,300.00,0,0,0,0,1,1
2024.01.23 12:28:01,SELL,2024.37,3613,3544,NONE,2,2,2.99,2.99,0.0,EMA->TP2,EMA->TP2,0,0,1,1,0,0,1,1,1,1,0,0,1,1,15.6,15.6,0.00,0.00,83,83,300.00,300.00,0,0,0,0,1,1
2024.01.23 17:50:00,BUY,2023.48,3614,3545,NONE,1,1,2.0,2.0,0.0,EMA->TP1,EMA->TP1,0,0,1,1,1,1,0,0,1,1,0,0,1,1,1.79,1.79,0.00,0.00,44,44,300.00,300.00,0,0,0,0,1,1
2024.01.24 04:32:00,BUY,2024.76,3615,3546,NONE,2,2,2.16,2.16,0.0,TP2->EMA->TP2,TP2->EMA->TP2,0,0,1,1,0,0,1,1,1,1,0,0,1,1,5.68,5.68,0.00,0.00,78,78,300.00,300.00,0,0,0,0,1,1
2024.01.25 16:57:00,BUY,2015.13,3616,3547,NONE,1,1,3.72,3.72,0.0,EMA->TP1,EMA->TP1,0,0,1,1,1,1,0,0,1,1,0,0,1,1,5.12,5.12,0.00,0.00,236,236,300.00,300.00,0,0,0,0,1,1
2024.01.26 04:10:10,BUY,2021.64,3617,3548,NONE,2,2,2.1,2.1,0.0,EMA->TP1->TP2,EMA->TP1->TP2,0,0,1,1,1,1,1,1,1,1,0,0,1,1,6.19,6.19,0.00,0.00,200,200,300.00,300.00,0,0,0,0,1,1
2024.01.26 18:58:00,BUY,2017.23,3618,3549,NONE,1,1,6.53,6.53,0.0,EMA->TP1,EMA->TP1,0,0,1,1,1,1,0,0,1,1,0,0,1,1,1.5,1.5,0.00,0.00,3122,3122,300.00,300.00,0,0,0,0,1,1
2024.01.29 11:27:00,BUY,2026.47,3619,3550,NONE,1,1,2.0,2.0,0.0,TP1,TP1,0,0,1,1,1,1,0,0,0,0,0,0,1,1,1.08,1.08,0.00,0.00,33,33,300.00,300.00,0,0,0,0,1,1
2024.01.29 16:05:00,SELL,2025.69,3620,3551,NONE,2,2,4.22,4.22,0.0,EMA->TP2,EMA->TP2,0,0,1,1,0,0,1,1,1,1,0,0,1,1,11.44,11.44,0.00,0.00,136,136,300.00,300.00,0,0,0,0,1,1
2024.01.29 18:29:00,BUY,2026.45,3621,3552,NONE,2,2,2.07,2.07,0.0,TP2,TP2,0,0,1,1,0,0,1,1,0,0,0,0,1,1,3.08,3.08,0.00,0.00,39,39,300.00,300.00,0,0,0,0,1,1
2024.01.30 05:45:00,SELL,2032.87,3622,3553,NONE,3,3,2.16,2.16,0.0,EMA->TP3,EMA->TP3,0,0,1,1,0,0,0,0,1,1,0,0,1,1,10.67,10.67,0.00,0.00,62,62,300.00,300.00,0,0,0,0,1,1
2024.01.30 18:08:01,BUY,2033.35,3623,3554,NONE,1,1,2.29,2.29,0.0,EMA->TP1,EMA->TP1,0,0,1,1,1,1,0,0,1,1,0,0,1,1,2.24,2.24,0.00,0.00,75,75,300.00,300.00,0,0,0,0,1,1
2024.01.31 08:00:00,BUY,2036.84,3624,3555,NONE,1,1,2.2,2.2,0.0,EMA->TP1,EMA->TP1,0,0,1,1,1,1,0,0,1,1,0,0,1,1,1.54,1.54,0.00,0.00,25,25,300.00,300.00,0,0,0,0,1,1
2024.02.02 16:28:00,BUY,2035.01,3625,3556,NONE,1,1,3.05,3.05,0.0,EMA->TP1,EMA->TP1,0,0,1,1,1,1,0,0,1,1,0,0,1,1,3.58,3.58,0.00,0.00,131,131,300.00,300.00,0,0,0,0,1,1
2024.02.05 00:40:00,BUY,2034.72,3626,3557,NONE,1,1,3.03,3.03,0.0,EMA->TP1,EMA->TP1,0,0,1,1,1,1,0,0,1,1,0,0,1,1,2.46,2.46,0.00,0.00,62,62,300.00,300.00,0,0,0,0,1,1
2024.02.05 03:05:00,BUY,2033.96,3627,3558,ALLOW,4,4,3.17,3.17,0.0,EMA->NET_BASKET_BE,EMA->NET_BASKET_BE,0,0,0,0,0,0,0,0,1,1,0,0,1,1,87.67,87.67,0.02,0.02,703,703,300.00,300.00,1,1,0,0,1,1
2024.02.05 15:56:00,BUY,2017.05,3628,3559,NONE,1,1,4.13,4.13,0.0,EMA->TP1,EMA->TP1,0,0,1,1,1,1,0,0,1,1,0,0,1,1,1.45,1.45,0.00,0.00,34,34,300.00,300.00,0,0,0,0,1,1
2024.02.05 20:23:02,BUY,2024.45,3629,3560,NONE,1,1,2.02,2.02,0.0,EMA->TP1,EMA->TP1,0,0,1,1,1,1,0,0,1,1,0,0,1,1,2.41,2.41,0.00,0.00,257,257,300.00,300.00,0,0,0,0,1,1
2024.02.06 15:29:00,SELL,2035.42,3630,3561,NONE,2,2,6.28,6.28,0.0,EMA->TP2,EMA->TP2,0,0,1,1,0,0,1,1,1,1,0,0,1,1,22.91,22.91,0.00,0.00,1427,1427,300.00,300.00,0,0,0,0,1,1
2024.02.07 16:06:00,BUY,2039.71,3631,3562,NONE,3,3,6.33,6.33,0.0,EMA->TP3,EMA->TP3,0,0,1,1,0,0,0,0,1,1,0,0,1,1,36.61,36.61,0.01,0.01,1072,1072,300.00,300.00,0,0,0,0,1,1
2024.02.08 10:13:00,SELL,2035.36,3632,3563,NONE,2,2,2.03,2.03,0.0,TP2,TP2,0,0,1,1,0,0,1,1,0,0,0,0,1,1,6.31,6.31,0.00,0.00,43,43,300.00,300.00,0,0,0,0,1,1
2024.02.08 19:45:00,BUY,2032.17,3633,3564,NONE,1,1,2.26,2.26,0.0,EMA->TP1,EMA->TP1,0,0,1,1,1,1,0,0,1,1,0,0,1,1,1.13,1.13,0.00,0.00,195,195,300.00,300.00,0,0,0,0,1,1
2024.02.09 06:12:00,BUY,2033.21,3634,3565,NONE,3,3,2.0,2.0,0.0,EMA->TP1->TP3,EMA->TP1->TP3,0,0,1,1,1,1,0,0,1,1,0,0,1,1,9.33,9.33,0.00,0.00,129,129,300.00,300.00,0,0,0,0,1,1
2024.02.09 11:07:00,SELL,2032.20,3635,3566,NONE,2,2,2.27,2.27,0.0,EMA->TP2,EMA->TP2,0,0,1,1,0,0,1,1,1,1,0,0,1,1,2.43,2.43,0.00,0.00,43,43,300.00,300.00,0,0,0,0,1,1
2024.02.09 12:03:00,BUY,2031.95,3636,3567,NONE,3,3,6.21,6.21,0.0,TP3,TP3,0,0,1,1,0,0,0,0,0,0,0,0,1,1,24.31,24.31,0.00,0.00,131,131,300.00,300.00,0,0,0,0,1,1
2024.02.09 14:52:00,BUY,2024.68,3637,3568,NONE,2,2,5.8,5.8,0.0,EMA->TP2,EMA->TP2,0,0,1,1,0,0,1,1,1,1,0,0,1,1,10.32,10.32,0.00,0.00,169,169,300.00,300.00,0,0,0,0,1,1
2024.02.12 03:28:00,BUY,2022.46,3638,3569,NONE,1,1,2.03,2.03,0.0,EMA->TP1,EMA->TP1,0,0,1,1,1,1,0,0,1,1,0,0,1,1,1.42,1.42,0.00,0.00,186,186,300.00,300.00,0,0,0,0,1,1
2024.02.13 14:07:00,BUY,2003.07,3639,3570,NONE,3,3,2.24,2.24,0.0,EMA->TP3,EMA->TP3,0,0,1,1,0,0,0,0,1,1,0,0,1,1,78.24,78.24,0.02,0.02,2795,2795,300.00,300.00,0,0,0,0,1,1
2024.02.15 15:07:00,BUY,2004.49,3640,3571,NONE,2,2,7.32,7.32,0.0,EMA->TP2,EMA->TP2,0,0,1,1,0,0,1,1,1,1,0,0,1,1,12.02,12.02,0.00,0.00,167,167,300.00,300.00,0,0,0,0,1,1
2024.02.15 18:39:21,BUY,2003.96,3641,3572,NONE,1,1,2.03,2.03,0.0,EMA->TP1,EMA->TP1,0,0,1,1,1,1,0,0,1,1,0,0,1,1,0.95,0.95,0.00,0.00,28,28,300.00,300.00,0,0,0,0,1,1
2024.02.16 08:13:04,SELL,2005.13,3642,3573,NONE,2,2,2.02,2.02,0.0,EMA->TP2,EMA->TP2,0,0,1,1,0,0,1,1,1,1,0,0,1,1,3.21,3.21,0.00,0.00,93,93,300.00,300.00,0,0,0,0,1,1
2024.02.16 10:51:00,SELL,2006.87,3643,3574,NONE,1,1,2.62,2.62,0.0,EMA->TP1,EMA->TP1,0,0,1,1,1,1,0,0,1,1,0,0,1,1,1.91,1.91,0.00,0.00,159,159,300.00,300.00,0,0,0,0,1,1
2024.02.16 19:52:03,BUY,2012.76,3644,3575,NONE,1,1,2.43,2.43,0.0,EMA->TP1,EMA->TP1,0,0,1,1,1,1,0,0,1,1,0,0,1,1,1.75,1.75,0.00,0.00,3068,3068,300.00,300.00,0,0,0,0,1,1
2024.02.19 01:19:01,SELL,2019.78,3645,3576,NONE,1,1,2.42,2.42,0.0,TP1,TP1,0,0,1,1,1,1,0,0,0,0,0,0,1,1,1.46,1.46,0.00,0.00,21,21,300.00,300.00,0,0,0,0,1,1
2024.02.19 02:19:00,SELL,2019.84,3646,3577,NONE,2,2,2.07,2.07,0.0,TP2,TP2,0,0,1,1,0,0,1,1,0,0,0,0,1,1,7.05,7.05,0.00,0.00,98,98,300.00,300.00,0,0,0,0,1,1
2024.02.19 07:05:00,SELL,2021.16,3647,3578,NONE,2,2,2.04,2.04,0.0,TP2,TP2,0,0,1,1,0,0,1,1,0,0,0,0,1,1,3.3,3.3,0.00,0.00,27,27,300.00,300.00,0,0,0,0,1,1
2024.02.19 13:18:00,SELL,2018.06,3648,3579,NONE,1,1,2.02,2.02,0.0,EMA->TP1,EMA->TP1,0,0,1,1,1,1,0,0,1,1,0,0,1,1,1.78,1.78,0.00,0.00,146,146,300.00,300.00,0,0,0,0,1,1
2024.02.19 18:22:00,SELL,2017.98,3649,3580,NONE,2,2,2.27,2.27,0.0,TP1->EMA->TP2,TP1->EMA->TP2,0,0,1,1,1,1,1,1,1,1,0,0,1,1,3.95,3.95,0.00,0.00,288,288,300.00,300.00,0,0,0,0,1,1
2024.02.19 23:58:00,BUY,2016.42,3650,3581,NONE,2,2,2.02,2.02,0.0,TP2->EMA->TP2,TP2->EMA->TP2,0,0,1,1,0,0,1,1,1,1,0,0,1,1,5.07,5.07,0.00,0.00,82,82,300.00,300.00,0,0,0,0,1,1
2024.02.20 04:14:12,SELL,2018.44,3651,3582,NONE,2,2,2.08,2.08,0.0,TP2->EMA->TP2,TP2->EMA->TP2,0,0,1,1,0,0,1,1,1,1,0,0,1,1,3.42,3.42,0.00,0.00,80,80,300.00,300.00,0,0,0,0,1,1
2024.02.20 08:04:02,SELL,2021.05,3652,3583,NONE,3,3,9.14,9.14,0.0,EMA->TP3,EMA->TP3,0,0,1,1,0,0,0,0,1,1,0,0,1,1,27.54,27.54,0.01,0.01,710,710,300.00,300.00,0,0,0,0,1,1
2024.02.20 20:12:00,BUY,2024.57,3653,3584,NONE,1,1,2.0,2.0,0.0,EMA->TP1,EMA->TP1,0,0,1,1,1,1,0,0,1,1,0,0,1,1,2.5,2.5,0.00,0.00,353,353,300.00,300.00,0,0,0,0,1,1
2024.02.21 09:17:00,BUY,2026.83,3654,3585,NONE,1,1,2.16,2.16,0.0,EMA->TP1,EMA->TP1,0,0,1,1,1,1,0,0,1,1,0,0,1,1,0.9,0.9,0.00,0.00,79,79,300.00,300.00,0,0,0,0,1,1
2024.02.22 13:12:03,BUY,2028.42,3655,3586,NONE,3,3,9.57,9.57,0.0,EMA->TP3,EMA->TP3,0,0,1,1,0,0,0,0,1,1,0,0,1,1,30.12,30.12,0.01,0.01,606,606,300.00,300.00,0,0,0,0,1,1
2024.02.23 08:08:00,SELL,2021.61,3656,3587,NONE,1,1,2.01,2.01,0.0,EMA->TP1,EMA->TP1,0,0,1,1,1,1,0,0,1,1,0,0,1,1,1.55,1.55,0.00,0.00,33,33,300.00,300.00,0,0,0,0,1,1
2024.02.23 17:56:00,BUY,2037.61,3657,3588,NONE,1,1,3.06,3.06,0.0,EMA->TP1,EMA->TP1,0,0,1,1,1,1,0,0,1,1,0,0,1,1,1.95,1.95,0.00,0.00,54,54,300.00,300.00,0,0,0,0,1,1
2024.02.26 01:04:01,BUY,2031.26,3658,3589,NONE,1,1,3.16,3.16,0.0,EMA->TP1,EMA->TP1,0,0,1,1,1,1,0,0,1,1,0,0,1,1,3.42,3.42,0.00,0.00,368,368,300.00,300.00,0,0,0,0,1,1
2024.02.26 11:09:00,BUY,2031.99,3659,3590,NONE,1,1,2.33,2.33,0.0,EMA->TP1,EMA->TP1,0,0,1,1,1,1,0,0,1,1,0,0,1,1,2.42,2.42,0.00,0.00,147,147,300.00,300.00,0,0,0,0,1,1
2024.02.27 02:30:03,BUY,2033.18,3660,3591,NONE,1,1,2.0,2.0,0.0,EMA->TP1,EMA->TP1,0,0,1,1,1,1,0,0,1,1,0,0,1,1,2.24,2.24,0.00,0.00,293,293,300.00,300.00,0,0,0,0,1,1
2024.02.27 10:41:00,BUY,2035.70,3661,3592,NONE,1,1,2.41,2.41,0.0,EMA->TP1,EMA->TP1,0,0,1,1,1,1,0,0,1,1,0,0,1,1,1.71,1.71,0.00,0.00,66,66,300.00,300.00,0,0,0,0,1,1
2024.02.27 19:07:00,BUY,2032.43,3662,3593,NONE,3,3,2.17,2.17,0.0,EMA->TP3,EMA->TP3,0,0,1,1,0,0,0,0,1,1,0,0,1,1,11.89,11.89,0.00,0.00,370,370,300.00,300.00,0,0,0,0,1,1
2024.02.28 13:07:00,BUY,2030.17,3663,3594,NONE,1,1,2.37,2.37,0.0,EMA->TP1,EMA->TP1,0,0,1,1,1,1,0,0,1,1,0,0,1,1,0.44,0.44,0.00,0.00,9,9,300.00,300.00,0,0,0,0,1,1
2024.02.28 14:47:00,BUY,2034.14,3664,3595,NONE,2,2,3.8,3.8,0.0,EMA->TP2,EMA->TP2,0,0,1,1,0,0,1,1,1,1,0,0,1,1,9.12,9.12,0.00,0.00,45,45,300.00,300.00,0,0,0,0,1,1
2024.02.28 17:16:01,SELL,2034.46,3665,3596,NONE,1,1,2.03,2.03,0.0,EMA->TP1,EMA->TP1,0,0,1,1,1,1,0,0,1,1,0,0,1,1,2.57,2.57,0.00,0.00,88,88,300.00,300.00,0,0,0,0,1,1
2024.02.29 04:20:03,BUY,2036.24,3666,3597,NONE,3,3,2.02,2.02,0.0,EMA->TP3,EMA->TP3,0,0,1,1,0,0,0,0,1,1,0,0,1,1,5.92,5.92,0.00,0.00,85,85,300.00,300.00,0,0,0,0,1,1
2024.02.29 09:54:00,BUY,2034.83,3667,3598,NONE,3,3,5.57,5.57,0.0,EMA->TP3,EMA->TP3,0,0,1,1,0,0,0,0,1,1,0,0,1,1,22.19,22.19,0.00,0.00,207,207,300.00,300.00,0,0,0,0,1,1
2024.02.29 16:11:00,BUY,2047.31,3668,3599,NONE,2,2,2.23,2.23,0.0,EMA->TP2,EMA->TP2,0,0,1,1,0,0,1,1,1,1,0,0,1,1,13.4,13.4,0.00,0.00,849,849,300.00,300.00,0,0,0,0,1,1
2024.03.01 13:19:00,BUY,2052.36,3669,3600,NONE,1,1,3.85,3.85,0.0,EMA->TP1,EMA->TP1,0,0,1,1,1,1,0,0,1,1,0,0,1,1,3.9,3.9,0.00,0.00,62,62,300.00,300.00,0,0,0,0,1,1
2024.03.04 00:14:00,BUY,2082.72,3670,3601,NONE,3,3,2.4,2.4,0.0,EMA->TP1->TP3,EMA->TP1->TP3,0,0,1,1,1,1,0,0,1,1,0,0,1,1,11.58,11.58,0.00,0.00,118,118,300.00,300.00,0,0,0,0,1,1
2024.03.04 03:22:01,BUY,2081.03,3671,3602,NONE,1,1,2.04,2.04,0.0,EMA->TP1,EMA->TP1,0,0,1,1,1,1,0,0,1,1,0,0,1,1,2.02,2.02,0.00,0.00,211,211,300.00,300.00,0,0,0,0,1,1
2024.03.04 09:24:02,BUY,2084.26,3672,3603,NONE,2,2,2.29,2.29,0.0,EMA->TP2,EMA->TP2,0,0,1,1,0,0,1,1,1,1,0,0,1,1,6.66,6.66,0.00,0.00,230,230,300.00,300.00,0,0,0,0,1,1
2024.03.04 19:09:00,BUY,2114.49,3673,3604,NONE,1,1,2.12,2.12,0.0,EMA->TP1,EMA->TP1,0,0,1,1,1,1,0,0,1,1,0,0,1,1,1.28,1.28,0.00,0.00,42,42,300.00,300.00,0,0,0,0,1,1
2024.03.05 06:25:00,BUY,2117.30,3674,3605,NONE,2,2,2.23,2.23,0.0,EMA->TP2,EMA->TP2,0,0,1,1,0,0,1,1,1,1,0,0,1,1,3.62,3.62,0.00,0.00,30,30,300.00,300.00,0,0,0,0,1,1
2024.03.05 10:54:00,BUY,2124.22,3675,3606,NONE,1,1,2.01,2.01,0.0,EMA->TP1,EMA->TP1,0,0,1,1,1,1,0,0,1,1,0,0,1,1,1.66,1.66,0.00,0.00,17,17,300.00,300.00,0,0,0,0,1,1
2024.03.08 01:57:01,BUY,2158.53,3676,3607,NONE,2,2,2.19,2.19,0.0,TP2,TP2,0,0,1,1,0,0,1,1,0,0,0,0,1,1,4.11,4.11,0.00,0.00,21,21,300.00,300.00,0,0,0,0,1,1
2024.03.08 13:22:00,BUY,2166.95,3677,3608,NONE,2,2,2.74,2.74,0.0,EMA->TP2,EMA->TP2,0,0,1,1,0,0,1,1,1,1,0,0,1,1,29.17,29.17,0.01,0.01,8,8,300.00,300.00,0,0,0,0,1,1
2024.03.11 01:31:04,BUY,2181.45,3678,3609,NONE,2,2,3.45,3.45,0.0,EMA->TP2,EMA->TP2,0,0,1,1,0,0,1,1,1,1,0,0,1,1,10.28,10.28,0.00,0.00,169,169,300.00,300.00,0,0,0,0,1,1
2024.03.12 02:24:01,BUY,2180.34,3679,3610,NONE,3,3,3.61,3.61,0.0,EMA->TP3,EMA->TP3,0,0,1,1,0,0,0,0,1,1,0,0,1,1,27.42,27.42,0.01,0.01,397,397,300.00,300.00,0,0,0,0,1,1
2024.03.13 16:33:00,SELL,2172.49,3680,3611,NONE,2,2,3.55,3.55,0.0,EMA->TP2,EMA->TP2,0,0,1,1,0,0,1,1,1,1,0,0,1,1,18.0,18.0,0.00,0.00,188,188,300.00,300.00,0,0,0,0,1,1
2024.03.13 19:59:00,BUY,2172.69,3681,3612,NONE,1,1,2.0,2.0,0.0,EMA->TP1,EMA->TP1,0,0,1,1,1,1,0,0,1,1,0,0,1,1,0.9,0.9,0.00,0.00,32,32,300.00,300.00,0,0,0,0,1,1
2024.03.14 04:36:12,BUY,2171.38,3682,3613,NONE,3,3,2.05,2.05,0.0,TP2->EMA->TP3,TP2->EMA->TP3,0,0,1,1,0,0,1,1,1,1,0,0,1,1,18.24,18.24,0.00,0.00,297,297,300.00,300.00,0,0,0,0,1,1
2024.03.14 11:30:00,BUY,2169.57,3683,3614,ALLOW,4,4,2.11,2.11,0.0,EMA->NET_BASKET_BE,EMA->NET_BASKET_BE,0,0,0,0,0,0,0,0,1,1,0,0,1,1,48.2,48.2,0.01,0.01,130,130,300.00,300.00,1,1,0,0,1,1
2024.03.14 22:07:05,BUY,2162.49,3684,3615,NONE,2,2,2.02,2.02,0.0,EMA->TP2,EMA->TP2,0,0,1,1,0,0,1,1,1,1,0,0,1,1,6.11,6.11,0.00,0.00,173,173,300.00,300.00,0,0,0,0,1,1
2024.03.15 04:06:08,SELL,2164.30,3685,3616,NONE,3,3,2.31,2.31,0.0,EMA->TP3,EMA->TP3,0,0,1,1,0,0,0,0,1,1,0,0,1,1,21.92,21.92,0.00,0.00,239,239,300.00,300.00,0,0,0,0,1,1
2024.03.15 14:08:00,SELL,2159.55,3686,3617,NONE,2,2,6.06,6.06,0.0,EMA->TP2,EMA->TP2,0,0,1,1,0,0,1,1,1,1,0,0,1,1,6.48,6.48,0.00,0.00,22,22,300.00,300.00,0,0,0,0,1,1
2024.03.18 00:03:00,SELL,2156.13,3687,3618,NONE,1,1,2.01,2.01,0.0,EMA->TP1,EMA->TP1,0,0,1,1,1,1,0,0,1,1,0,0,1,1,2.52,2.52,0.00,0.00,64,64,300.00,300.00,0,0,0,0,1,1
2024.03.18 01:59:00,SELL,2152.16,3688,3619,NONE,1,1,2.01,2.01,0.0,EMA->TP1,EMA->TP1,0,0,1,1,1,1,0,0,1,1,0,0,1,1,2.08,2.08,0.00,0.00,45,45,300.00,300.00,0,0,0,0,1,1
2024.03.18 12:43:00,SELL,2161.89,3689,3620,NONE,1,1,3.69,3.69,0.0,EMA->TP1,EMA->TP1,0,0,1,1,1,1,0,0,1,1,0,0,1,1,2.78,2.78,0.00,0.00,32,32,300.00,300.00,0,0,0,0,1,1
2024.03.18 14:47:00,SELL,2159.32,3690,3621,NONE,1,1,2.47,2.47,0.0,EMA->TP1,EMA->TP1,0,0,1,1,1,1,0,0,1,1,0,0,1,1,4.28,4.28,0.00,0.00,75,75,300.00,300.00,0,0,0,0,1,1
2024.03.19 00:07:00,SELL,2161.95,3691,3622,NONE,1,1,2.0,2.0,0.0,EMA->TP1,EMA->TP1,0,0,1,1,1,1,0,0,1,1,0,0,1,1,2.07,2.07,0.00,0.00,85,85,300.00,300.00,0,0,0,0,1,1
2024.03.19 03:38:02,SELL,2160.86,3692,3623,NONE,1,1,3.22,3.22,0.0,EMA->TP1,EMA->TP1,0,0,1,1,1,1,0,0,1,1,0,0,1,1,2.31,2.31,0.00,0.00,132,132,300.00,300.00,0,0,0,0,1,1
2024.03.19 11:12:01,SELL,2154.41,3693,3624,NONE,2,2,2.06,2.06,0.0,EMA->TP2,EMA->TP2,0,0,1,1,0,0,1,1,1,1,0,0,1,1,5.97,5.97,0.00,0.00,69,69,300.00,300.00,0,0,0,0,1,1
2024.03.19 13:07:00,SELL,2157.47,3694,3625,NONE,1,1,3.96,3.96,0.0,EMA->TP1,EMA->TP1,0,0,1,1,1,1,0,0,1,1,0,0,1,1,2.3,2.3,0.00,0.00,30,30,300.00,300.00,0,0,0,0,1,1
2024.03.20 05:47:01,SELL,2157.82,3695,3626,NONE,2,2,2.11,2.11,0.0,EMA->TP1->TP2,EMA->TP1->TP2,0,0,1,1,1,1,1,1,1,1,0,0,1,1,5.17,5.17,0.00,0.00,119,119,300.00,300.00,0,0,0,0,1,1
2024.03.20 15:19:00,SELL,2157.38,3696,3627,NONE,1,1,2.2,2.2,0.0,EMA->TP1,EMA->TP1,0,0,1,1,1,1,0,0,1,1,0,0,1,1,1.42,1.42,0.00,0.00,21,21,300.00,300.00,0,0,0,0,1,1
2024.03.21 19:41:02,BUY,2182.05,3697,3628,NONE,1,1,2.06,2.06,0.0,EMA->TP1,EMA->TP1,0,0,1,1,1,1,0,0,1,1,0,0,1,1,2.02,2.02,0.00,0.00,293,293,300.00,300.00,0,0,0,0,1,1
2024.03.22 09:59:00,BUY,2166.72,3698,3629,NONE,1,1,3.02,3.02,0.0,EMA->TP1,EMA->TP1,0,0,1,1,1,1,0,0,1,1,0,0,1,1,3.48,3.48,0.00,0.00,132,132,300.00,300.00,0,0,0,0,1,1
2024.03.22 12:30:00,SELL,2172.66,3699,3630,NONE,2,2,6.92,6.92,0.0,TP2,TP2,0,0,1,1,0,0,1,1,0,0,0,0,1,1,13.06,13.06,0.00,0.00,107,107,300.00,300.00,0,0,0,0,1,1
2024.03.22 16:38:00,BUY,2165.59,3700,3631,NONE,3,3,8.66,8.66,0.0,TP3,TP3,0,0,1,1,0,0,0,0,0,0,0,0,1,1,25.31,25.31,0.01,0.01,99,99,300.00,300.00,0,0,0,0,1,1
2024.03.22 19:55:00,SELL,2163.59,3701,3632,NONE,2,2,3.17,3.17,0.0,EMA->TP2,EMA->TP2,0,0,1,1,0,0,1,1,1,1,0,0,1,1,13.53,13.53,0.00,0.00,3153,3153,300.00,300.00,0,0,0,0,1,1
2024.03.25 05:24:02,BUY,2169.15,3702,3633,NONE,2,2,2.0,2.0,0.0,TP2,TP2,0,0,1,1,0,0,1,1,0,0,0,0,1,1,2.35,2.35,0.00,0.00,8,8,300.00,300.00,0,0,0,0,1,1
2024.03.25 05:33:00,BUY,2170.02,3703,3634,NONE,2,2,4.58,4.58,0.0,EMA->TP2,EMA->TP2,0,0,1,1,0,0,1,1,1,1,0,0,1,1,15.6,15.6,0.00,0.00,274,274,300.00,300.00,0,0,0,0,1,1
2024.03.25 13:33:00,BUY,2176.32,3704,3635,NONE,2,2,6.59,6.59,0.0,EMA->TP2,EMA->TP2,0,0,1,1,0,0,1,1,1,1,0,0,1,1,22.03,22.03,0.00,0.00,1127,1127,300.00,300.00,0,0,0,0,1,1
2024.03.26 13:03:00,BUY,2189.41,3705,3636,NONE,3,3,15.45,15.45,0.0,EMA->TP3,EMA->TP3,0,0,1,1,0,0,0,0,1,1,0,0,1,1,46.53,46.53,0.01,0.01,1154,1154,300.00,300.00,0,0,0,0,1,1
2024.03.27 08:52:00,BUY,2177.94,3706,3637,NONE,1,1,3.85,3.85,0.0,EMA->TP1,EMA->TP1,0,0,1,1,1,1,0,0,1,1,0,0,1,1,2.23,2.23,0.00,0.00,46,46,300.00,300.00,0,0,0,0,1,1
2024.03.28 09:12:01,BUY,2193.64,3707,3638,NONE,1,1,2.47,2.47,0.0,EMA->TP1,EMA->TP1,0,0,1,1,1,1,0,0,1,1,0,0,1,1,0.77,0.77,0.00,0.00,14,14,300.00,300.00,0,0,0,0,1,1
2024.03.28 17:32:00,BUY,2219.47,3708,3639,NONE,1,1,5.6,5.6,0.0,EMA->TP1,EMA->TP1,0,0,1,1,1,1,0,0,1,1,0,0,1,1,4.47,4.47,0.00,0.00,195,195,300.00,300.00,0,0,0,0,1,1
2024.04.01 12:26:00,BUY,2246.66,3709,3640,NONE,1,1,5.63,5.63,0.0,EMA->TP1,EMA->TP1,0,0,1,1,1,1,0,0,1,1,0,0,1,1,1.52,1.52,0.00,0.00,19,19,300.00,300.00,0,0,0,0,1,1
2024.04.03 07:23:00,BUY,2275.61,3710,3641,NONE,2,2,5.01,5.01,0.0,TP2,TP2,0,0,1,1,0,0,1,1,0,0,0,0,1,1,18.21,18.21,0.00,0.00,85,85,300.00,300.00,0,0,0,0,1,1
2024.04.03 10:19:00,BUY,2271.68,3711,3642,NONE,2,2,4.83,4.83,0.0,EMA->TP2,EMA->TP2,0,0,1,1,0,0,1,1,1,1,0,0,1,1,15.01,15.01,0.00,0.00,131,131,300.00,300.00,0,0,0,0,1,1
2024.04.04 02:30:00,BUY,2301.05,3712,3643,ALLOW,4,4,2.74,2.74,0.0,EMA->NET_BASKET_BE,EMA->NET_BASKET_BE,0,0,0,0,0,0,0,0,1,1,0,0,1,1,114.85,114.85,0.02,0.02,692,692,300.00,300.00,1,1,0,0,1,1
2024.04.05 08:48:00,BUY,2287.07,3713,3644,NONE,1,1,4.28,4.28,0.0,EMA->TP1,EMA->TP1,0,0,1,1,1,1,0,0,1,1,0,0,1,1,2.13,2.13,0.00,0.00,54,54,300.00,300.00,0,0,0,0,1,1
2024.04.08 06:17:00,BUY,2333.36,3714,3645,NONE,1,1,5.13,5.13,0.0,EMA->TP1,EMA->TP1,0,0,1,1,1,1,0,0,1,1,0,0,1,1,1.39,1.39,0.00,0.00,14,14,300.00,300.00,0,0,0,0,1,1
2024.04.09 10:48:00,BUY,2357.82,3715,3646,NONE,2,2,4.41,4.41,0.0,EMA->TP2,EMA->TP2,0,0,1,1,0,0,1,1,1,1,0,0,1,1,19.03,19.03,0.00,0.00,91,91,300.00,300.00,0,0,0,0,1,1
2024.04.11 08:01:00,BUY,2337.20,3716,3647,NONE,2,2,8.75,8.75,0.0,EMA->TP2,EMA->TP2,0,0,1,1,0,0,1,1,1,1,0,0,1,1,23.96,23.96,0.00,0.00,137,137,300.00,300.00,0,0,0,0,1,1
2024.04.11 11:05:00,SELL,2337.93,3717,3648,NONE,1,1,3.32,3.32,0.0,EMA->TP1,EMA->TP1,0,0,1,1,1,1,0,0,1,1,0,0,1,1,3.99,3.99,0.00,0.00,70,70,300.00,300.00,0,0,0,0,1,1
2024.04.11 13:11:00,BUY,2340.59,3718,3649,NONE,2,2,12.28,12.28,0.0,EMA->TP2,EMA->TP2,0,0,1,1,0,0,1,1,1,1,0,0,1,1,15.8,15.8,0.00,0.00,100,100,300.00,300.00,0,0,0,0,1,1
2024.04.11 14:52:00,BUY,2338.80,3719,3650,NONE,1,1,6.76,6.76,0.0,EMA->TP1,EMA->TP1,0,0,1,1,1,1,0,0,1,1,0,0,1,1,4.38,4.38,0.00,0.00,70,70,300.00,300.00,0,0,0,0,1,1
2024.04.12 03:17:01,BUY,2389.81,3720,3651,NONE,2,2,6.78,6.78,0.0,EMA->TP2,EMA->TP2,0,0,1,1,0,0,1,1,1,1,0,0,1,1,12.27,12.27,0.00,0.00,140,140,300.00,300.00,0,0,0,0,1,1
2024.04.12 11:37:00,BUY,2392.24,3721,3652,NONE,1,1,5.81,5.81,0.0,EMA->TP1,EMA->TP1,0,0,1,1,1,1,0,0,1,1,0,0,1,1,5.33,5.33,0.00,0.00,83,83,300.00,300.00,0,0,0,0,1,1
2024.04.12 19:07:00,BUY,2337.23,3722,3653,NONE,1,1,14.42,14.42,0.0,TP1->EMA->TP1,TP1->EMA->TP1,0,0,1,1,1,1,0,0,1,1,0,0,1,1,6.16,6.16,0.00,0.00,3053,3053,300.00,300.00,0,0,0,0,1,1
2024.04.15 16:40:00,BUY,2349.53,3723,3654,NONE,1,1,7.21,7.21,0.0,EMA->TP1,EMA->TP1,0,0,1,1,1,1,0,0,1,1,0,0,1,1,1.73,1.73,0.00,0.00,2,2,300.00,300.00,0,0,0,0,1,1
2024.04.15 16:57:00,SELL,2357.66,3724,3655,VETO,4,3,2.32,16.24,13.92,NET_BASKET_BE,EMA->TP3,0,0,0,1,0,0,0,0,0,1,0,0,1,1,162.69,151.97,0.03,0.03,817,897,300.00,300.00,1,0,0,0,1,1
2024.04.16 14:34:00,BUY,2369.53,3725,3656,NONE,1,1,8.78,8.78,0.0,EMA->TP1,EMA->TP1,0,0,1,1,1,1,0,0,1,1,0,0,1,1,4.14,4.14,0.00,0.00,18,18,300.00,300.00,0,0,0,0,1,1
2024.04.17 12:27:00,BUY,2385.41,3726,3657,NONE,1,1,8.99,8.99,0.0,EMA->TP1,EMA->TP1,0,0,1,1,1,1,0,0,1,1,0,0,1,1,7.16,7.16,0.00,0.00,78,78,300.00,300.00,0,0,0,0,1,1
2024.04.17 16:26:00,BUY,2382.57,3727,3658,NONE,3,3,20.91,20.91,0.0,TP3,TP3,0,0,1,1,0,0,0,0,0,0,0,0,1,1,61.95,61.95,0.01,0.01,67,67,300.00,300.00,0,0,0,0,1,1
2024.04.18 03:46:03,SELL,2374.30,3728,3659,NONE,2,2,3.35,3.35,0.0,EMA->TP2,EMA->TP2,0,0,1,1,0,0,1,1,1,1,0,0,1,1,15.77,15.77,0.00,0.00,234,234,300.00,300.00,0,0,0,0,1,1
2024.04.18 08:34:00,SELL,2379.20,3729,3660,NONE,2,2,3.12,3.12,0.0,EMA->TP2,EMA->TP2,0,0,1,1,0,0,1,1,1,1,0,0,1,1,11.42,11.42,0.00,0.00,161,161,300.00,300.00,0,0,0,0,1,1
2024.04.18 18:19:02,BUY,2381.39,3730,3661,NONE,2,2,6.32,6.32,0.0,EMA->TP2,EMA->TP2,0,0,1,1,0,0,1,1,1,1,0,0,1,1,8.72,8.72,0.00,0.00,309,309,300.00,300.00,0,0,0,0,1,1
2024.04.19 00:26:00,BUY,2374.74,3731,3662,NONE,1,1,2.86,2.86,0.0,TP1,TP1,0,0,1,1,1,1,0,0,0,0,0,0,1,1,1.12,1.12,0.00,0.00,20,20,300.00,300.00,0,0,0,0,1,1
2024.04.19 05:16:00,BUY,2383.49,3732,3663,NONE,1,1,6.57,6.57,0.0,EMA->TP1,EMA->TP1,0,0,1,1,1,1,0,0,1,1,0,0,1,1,6.16,6.16,0.00,0.00,103,103,300.00,300.00,0,0,0,0,1,1
2024.04.19 09:29:02,BUY,2383.99,3733,3664,NONE,2,2,4.64,4.64,0.0,TP2,TP2,0,0,1,1,0,0,1,1,0,0,0,0,1,1,6.63,6.63,0.00,0.00,16,16,300.00,300.00,0,0,0,0,1,1
2024.04.22 14:56:00,SELL,2340.82,3734,3665,NONE,1,1,4.71,4.71,0.0,EMA->TP1,EMA->TP1,0,0,1,1,1,1,0,0,1,1,0,0,1,1,3.1,3.1,0.00,0.00,14,14,300.00,300.00,0,0,0,0,1,1
2024.04.23 00:03:01,SELL,2333.05,3735,3666,NONE,1,1,2.45,2.45,0.0,EMA->TP1,EMA->TP1,0,0,1,1,1,1,0,0,1,1,0,0,1,1,1.86,1.86,0.00,0.00,28,28,300.00,300.00,0,0,0,0,1,1
2024.04.23 07:44:00,SELL,2309.76,3736,3667,NONE,1,1,4.01,4.01,0.0,EMA->TP1,EMA->TP1,0,0,1,1,1,1,0,0,1,1,0,0,1,1,3.98,3.98,0.00,0.00,48,48,300.00,300.00,0,0,0,0,1,1
2024.04.23 11:17:00,BUY,2301.05,3737,3668,NONE,1,1,3.57,3.57,0.0,EMA->TP1,EMA->TP1,0,0,1,1,1,1,0,0,1,1,0,0,1,1,2.5,2.5,0.00,0.00,47,47,300.00,300.00,0,0,0,0,1,1
2024.04.23 19:13:00,BUY,2324.41,3738,3669,NONE,2,2,3.83,3.83,0.0,EMA->TP2,EMA->TP2,0,0,1,1,0,0,1,1,1,1,0,0,1,1,7.65,7.65,0.00,0.00,257,257,300.00,300.00,0,0,0,0,1,1
2024.04.24 02:08:00,BUY,2319.63,3739,3670,NONE,1,1,5.5,5.5,0.0,EMA->TP1,EMA->TP1,0,0,1,1,1,1,0,0,1,1,0,0,1,1,4.11,4.11,0.00,0.00,72,72,300.00,300.00,0,0,0,0,1,1
2024.04.24 06:45:00,BUY,2326.37,3740,3671,NONE,3,3,10.7,10.7,0.0,EMA->TP3,EMA->TP3,0,0,1,1,0,0,0,0,1,1,0,0,1,1,53.58,53.58,0.01,0.01,355,355,300.00,300.00,0,0,0,0,1,1
2024.04.24 16:06:00,BUY,2323.84,3741,3672,NONE,1,1,5.61,5.61,0.0,EMA->TP1,EMA->TP1,0,0,1,1,1,1,0,0,1,1,0,0,1,1,3.23,3.23,0.00,0.00,75,75,300.00,300.00,0,0,0,0,1,1
2024.04.25 12:36:00,BUY,2327.99,3742,3673,NONE,1,1,15.16,15.16,0.0,EMA->TP1,EMA->TP1,0,0,1,1,1,1,0,0,1,1,0,0,1,1,17.73,17.73,0.00,0.00,119,119,300.00,300.00,0,0,0,0,1,1
2024.04.25 17:16:00,BUY,2329.86,3743,3674,NONE,1,1,5.31,5.31,0.0,EMA->TP1,EMA->TP1,0,0,1,1,1,1,0,0,1,1,0,0,1,1,4.4,4.4,0.00,0.00,129,129,300.00,300.00,0,0,0,0,1,1
2024.04.26 03:29:00,BUY,2333.61,3744,3675,NONE,1,1,3.04,3.04,0.0,EMA->TP1,EMA->TP1,0,0,1,1,1,1,0,0,1,1,0,0,1,1,1.37,1.37,0.00,0.00,60,60,300.00,300.00,0,0,0,0,1,1
2024.04.26 10:36:00,BUY,2347.77,3745,3676,NONE,2,2,5.67,5.67,0.0,EMA->TP2,EMA->TP2,0,0,1,1,0,0,1,1,1,1,0,0,1,1,11.67,11.67,0.00,0.00,114,114,300.00,300.00,0,0,0,0,1,1
2024.04.29 20:51:02,SELL,2336.41,3746,3677,NONE,1,1,2.0,2.0,0.0,EMA->TP1,EMA->TP1,0,0,1,1,1,1,0,0,1,1,0,0,1,1,2.01,2.01,0.00,0.00,129,129,300.00,300.00,0,0,0,0,1,1
2024.05.01 04:25:03,BUY,2282.26,3747,3678,NONE,1,1,2.0,2.0,0.0,TP1,TP1,0,0,1,1,1,1,0,0,0,0,0,0,1,1,0.47,0.47,0.00,0.00,5,5,300.00,300.00,0,0,0,0,1,1
2024.05.02 10:40:00,BUY,2297.62,3748,3679,NONE,1,1,3.62,3.62,0.0,TP1,TP1,0,0,1,1,1,1,0,0,0,0,0,0,1,1,1.84,1.84,0.00,0.00,26,26,300.00,300.00,0,0,0,0,1,1
2024.05.02 11:57:00,BUY,2299.05,3749,3680,NONE,1,1,3.18,3.18,0.0,EMA->TP1,EMA->TP1,0,0,1,1,1,1,0,0,1,1,0,0,1,1,2.24,2.24,0.00,0.00,18,18,300.00,300.00,0,0,0,0,1,1
2024.05.03 12:00:00,BUY,2298.53,3750,3681,NONE,2,2,18.15,18.15,0.0,EMA->TP1->TP2,EMA->TP1->TP2,0,0,1,1,1,1,1,1,1,1,0,0,1,1,7.31,7.31,0.00,0.00,30,30,300.00,300.00,0,0,0,0,1,1
2024.05.06 05:03:00,BUY,2309.78,3751,3682,NONE,1,1,2.84,2.84,0.0,EMA->TP1,EMA->TP1,0,0,1,1,1,1,0,0,1,1,0,0,1,1,0.71,0.71,0.00,0.00,6,6,300.00,300.00,0,0,0,0,1,1
2024.05.06 06:05:00,SELL,2312.47,3752,3683,NONE,3,3,8.59,8.59,0.0,TP3,TP3,0,0,1,1,0,0,0,0,0,0,0,0,1,1,35.02,35.02,0.01,0.01,193,193,300.00,300.00,0,0,0,0,1,1
2024.05.06 14:47:00,BUY,2323.01,3753,3684,NONE,2,2,15.34,15.34,0.0,EMA->TP2,EMA->TP2,0,0,1,1,0,0,1,1,1,1,0,0,1,1,25.94,25.94,0.01,0.01,1346,1346,300.00,300.00,0,0,0,0,1,1
2024.05.07 16:06:00,BUY,2313.97,3754,3685,NONE,1,1,3.26,3.26,0.0,EMA->TP1,EMA->TP1,0,0,1,1,1,1,0,0,1,1,0,0,1,1,5.04,5.04,0.00,0.00,99,99,300.00,300.00,0,0,0,0,1,1
2024.05.07 20:12:03,SELL,2314.87,3755,3686,NONE,2,2,2.15,2.15,0.0,EMA->TP1->TP2,EMA->TP1->TP2,0,0,1,1,1,1,1,1,1,1,0,0,1,1,7.35,7.35,0.00,0.00,168,168,300.00,300.00,0,0,0,0,1,1
2024.05.08 06:18:00,BUY,2318.36,3756,3687,NONE,3,3,9.77,9.77,0.0,EMA->TP3,EMA->TP3,0,0,1,1,0,0,0,0,1,1,0,0,1,1,57.39,57.39,0.01,0.01,240,240,300.00,300.00,0,0,0,0,1,1
2024.05.08 14:45:00,SELL,2315.49,3757,3688,NONE,2,2,4.93,4.93,0.0,EMA->TP2,EMA->TP2,0,0,1,1,0,0,1,1,1,1,0,0,1,1,13.38,13.38,0.00,0.00,114,114,300.00,300.00,0,0,0,0,1,1
2024.05.08 20:53:02,SELL,2308.34,3758,3689,NONE,2,2,2.07,2.07,0.0,EMA->TP2,EMA->TP2,0,0,1,1,0,0,1,1,1,1,0,0,1,1,5.97,5.97,0.00,0.00,140,140,300.00,300.00,0,0,0,0,1,1
2024.05.09 00:57:00,SELL,2309.01,3759,3690,NONE,2,2,2.0,2.0,0.0,EMA->TP2,EMA->TP2,0,0,1,1,0,0,1,1,1,1,0,0,1,1,6.39,6.39,0.00,0.00,59,59,300.00,300.00,0,0,0,0,1,1
2024.05.09 06:08:02,BUY,2316.53,3760,3691,NONE,2,2,5.77,5.77,0.0,EMA->TP2,EMA->TP2,0,0,1,1,0,0,1,1,1,1,0,0,1,1,22.56,22.56,0.00,0.00,342,342,300.00,300.00,0,0,0,0,1,1
2024.05.09 14:52:00,BUY,2331.64,3761,3692,NONE,1,1,6.27,6.27,0.0,EMA->TP1,EMA->TP1,0,0,1,1,1,1,0,0,1,1,0,0,1,1,9.45,9.45,0.00,0.00,282,282,300.00,300.00,0,0,0,0,1,1
2024.05.09 23:09:01,SELL,2346.95,3762,3693,NONE,2,2,2.49,2.49,0.0,TP2,TP2,0,0,1,1,0,0,1,1,0,0,0,0,1,1,3.13,3.13,0.00,0.00,34,34,300.00,300.00,0,0,0,0,1,1
2024.05.13 05:34:00,BUY,2352.99,3763,3694,NONE,3,3,13.4,13.4,0.0,EMA->TP3,EMA->TP3,0,0,1,1,0,0,0,0,1,1,0,0,1,1,50.25,50.25,0.01,0.01,402,402,300.00,300.00,0,0,0,0,1,1
2024.05.14 03:52:05,SELL,2343.07,3764,3695,NONE,2,2,2.11,2.11,0.0,TP2,TP2,0,0,1,1,0,0,1,1,0,0,0,0,1,1,3.72,3.72,0.00,0.00,38,38,300.00,300.00,0,0,0,0,1,1
2024.05.14 19:12:00,BUY,2357.46,3765,3696,NONE,2,2,2.67,2.67,0.0,EMA->TP2,EMA->TP2,0,0,1,1,0,0,1,1,1,1,0,0,1,1,4.22,4.22,0.00,0.00,20,20,300.00,300.00,0,0,0,0,1,1
2024.05.15 00:33:00,BUY,2357.03,3766,3697,NONE,1,1,2.54,2.54,0.0,EMA->TP1,EMA->TP1,0,0,1,1,1,1,0,0,1,1,0,0,1,1,2.48,2.48,0.00,0.00,190,190,300.00,300.00,0,0,0,0,1,1
2024.05.16 02:11:00,BUY,2389.28,3767,3698,NONE,3,3,16.9,16.9,0.0,EMA->TP3,EMA->TP3,0,0,1,1,0,0,0,0,1,1,0,0,1,1,67.62,67.62,0.01,0.01,871,871,300.00,300.00,0,0,0,0,1,1
2024.05.16 19:43:05,BUY,2379.57,3768,3699,NONE,2,2,3.47,3.47,0.0,EMA->TP2,EMA->TP2,0,0,1,1,0,0,1,1,1,1,0,0,1,1,6.82,6.82,0.00,0.00,193,193,300.00,300.00,0,0,0,0,1,1
2024.05.17 10:05:00,BUY,2383.59,3769,3700,NONE,1,1,2.73,2.73,0.0,EMA->TP1,EMA->TP1,0,0,1,1,1,1,0,0,1,1,0,0,1,1,1.62,1.62,0.00,0.00,43,43,300.00,300.00,0,0,0,0,1,1
2024.05.17 20:30:00,BUY,2416.16,3770,3701,NONE,1,1,2.92,2.92,0.0,EMA->TP1,EMA->TP1,0,0,1,1,1,1,0,0,1,1,0,0,1,1,0.7,0.7,0.00,0.00,2,2,300.00,300.00,0,0,0,0,1,1
2024.05.20 12:29:00,BUY,2417.97,3771,3702,NONE,2,2,10.92,10.92,0.0,TP2,TP2,0,0,1,1,0,0,1,1,0,0,0,0,1,1,21.87,21.87,0.00,0.00,34,34,300.00,300.00,0,0,0,0,1,1
2024.05.20 19:31:00,BUY,2430.39,3772,3703,NONE,2,2,5.82,5.82,0.0,EMA->TP2,EMA->TP2,0,0,1,1,0,0,1,1,1,1,0,0,1,1,15.66,15.66,0.00,0.00,157,157,300.00,300.00,0,0,0,0,1,1
2024.05.21 02:34:00,BUY,2420.27,3773,3704,NONE,2,2,18.03,18.03,0.0,EMA->TP2,EMA->TP2,0,0,1,1,0,0,1,1,1,1,0,0,1,1,28.26,28.26,0.01,0.01,300,300,300.00,300.00,0,0,0,0,1,1
2024.05.22 09:42:00,BUY,2415.59,3774,3705,NONE,1,1,2.5,2.5,0.0,EMA->TP1,EMA->TP1,0,0,1,1,1,1,0,0,1,1,0,0,1,1,1.54,1.54,0.00,0.00,20,20,300.00,300.00,0,0,0,0,1,1
2024.05.22 11:01:00,BUY,2415.24,3775,3706,NONE,3,3,6.6,6.6,0.0,TP3,TP3,0,0,1,1,0,0,0,0,0,0,0,0,1,1,43.63,43.63,0.01,0.01,82,82,300.00,300.00,0,0,0,0,1,1
2024.05.22 14:56:00,SELL,2388.77,3776,3707,NONE,1,1,8.05,8.05,0.0,EMA->TP1,EMA->TP1,0,0,1,1,1,1,0,0,1,1,0,0,1,1,8.5,8.5,0.00,0.00,206,206,300.00,300.00,0,0,0,0,1,1
2024.05.22 19:39:00,SELL,2378.05,3777,3708,NONE,2,2,2.04,2.04,0.0,EMA->TP2,EMA->TP2,0,0,1,1,0,0,1,1,1,1,0,0,1,1,14.44,14.44,0.00,0.00,332,332,300.00,300.00,0,0,0,0,1,1
2024.05.23 16:38:00,BUY,2345.05,3778,3709,NONE,3,3,13.23,13.23,0.0,EMA->TP3,EMA->TP3,0,0,1,1,0,0,0,0,1,1,0,0,1,1,67.68,67.68,0.01,0.01,794,794,300.00,300.00,0,0,0,0,1,1
2024.05.24 06:39:00,BUY,2337.09,3779,3710,NONE,1,1,5.46,5.46,0.0,EMA->TP1,EMA->TP1,0,0,1,1,1,1,0,0,1,1,0,0,1,1,4.52,4.52,0.00,0.00,153,153,300.00,300.00,0,0,0,0,1,1
2024.05.24 10:05:02,BUY,2338.16,3780,3711,NONE,1,1,2.42,2.42,0.0,EMA->TP1,EMA->TP1,0,0,1,1,1,1,0,0,1,1,0,0,1,1,1.21,1.21,0.00,0.00,11,11,300.00,300.00,0,0,0,0,1,1
2024.05.24 16:06:00,BUY,2334.49,3781,3712,NONE,1,1,4.14,4.14,0.0,EMA->TP1,EMA->TP1,0,0,1,1,1,1,0,0,1,1,0,0,1,1,5.26,5.26,0.00,0.00,3272,3272,300.00,300.00,0,0,0,0,1,1
2024.05.27 00:15:01,BUY,2336.57,3782,3713,NONE,1,1,2.58,2.58,0.0,EMA->TP1,EMA->TP1,0,0,1,1,1,1,0,0,1,1,0,0,1,1,2.72,2.72,0.00,0.00,59,59,300.00,300.00,0,0,0,0,1,1
2024.05.28 03:59:00,BUY,2351.33,3783,3714,NONE,1,1,2.03,2.03,0.0,EMA->TP1,EMA->TP1,0,0,1,1,1,1,0,0,1,1,0,0,1,1,1.42,1.42,0.00,0.00,68,68,300.00,300.00,0,0,0,0,1,1
2024.05.28 13:03:00,BUY,2354.95,3784,3715,NONE,1,1,6.79,6.79,0.0,EMA->TP1,EMA->TP1,0,0,1,1,1,1,0,0,1,1,0,0,1,1,3.23,3.23,0.00,0.00,16,16,300.00,300.00,0,0,0,0,1,1
2024.05.28 15:55:00,SELL,2360.63,3785,3716,NONE,1,1,4.17,4.17,0.0,EMA->TP1,EMA->TP1,0,0,1,1,1,1,0,0,1,1,0,0,1,1,3.01,3.01,0.00,0.00,49,49,300.00,300.00,0,0,0,0,1,1
2024.05.28 22:54:06,BUY,2358.61,3786,3717,NONE,1,1,2.13,2.13,0.0,EMA->TP1,EMA->TP1,0,0,1,1,1,1,0,0,1,1,0,0,1,1,1.2,1.2,0.00,0.00,44,44,300.00,300.00,0,0,0,0,1,1
2024.05.29 00:48:00,BUY,2358.26,3787,3718,NONE,2,2,2.74,2.74,0.0,TP2,TP2,0,0,1,1,0,0,1,1,0,0,0,0,1,1,3.05,3.05,0.00,0.00,12,12,300.00,300.00,0,0,0,0,1,1
2024.05.29 01:03:00,BUY,2359.05,3788,3719,ALLOW,4,4,2.09,2.09,0.0,EMA->NET_BASKET_BE,EMA->NET_BASKET_BE,0,0,0,0,0,0,0,0,1,1,0,0,1,1,221.7,221.7,0.04,0.04,2133,2133,300.00,300.00,1,1,0,0,1,1
2024.06.03 06:31:00,BUY,2316.41,3789,3720,NONE,1,1,3.67,3.67,0.0,TP1,TP1,0,0,1,1,1,1,0,0,0,0,0,0,1,1,2.2,2.2,0.00,0.00,25,25,300.00,300.00,0,0,0,0,1,1
2024.06.03 11:57:01,BUY,2330.86,3790,3721,NONE,2,2,5.35,5.35,0.0,EMA->TP2,EMA->TP2,0,0,1,1,0,0,1,1,1,1,0,0,1,1,9.11,9.11,0.00,0.00,28,28,300.00,300.00,0,0,0,0,1,1
2024.06.03 22:10:06,SELL,2350.18,3791,3722,NONE,2,2,2.08,2.08,0.0,TP2->EMA->TP2,TP2->EMA->TP2,0,0,1,1,0,0,1,1,1,1,0,0,1,1,6.42,6.42,0.00,0.00,167,167,300.00,300.00,0,0,0,0,1,1
2024.06.04 04:52:00,SELL,2348.41,3792,3723,NONE,2,2,2.05,2.05,0.0,TP2,TP2,0,0,1,1,0,0,1,1,0,0,0,0,1,1,4.69,4.69,0.00,0.00,45,45,300.00,300.00,0,0,0,0,1,1
2024.06.04 11:56:00,BUY,2327.76,3793,3724,NONE,1,1,3.82,3.82,0.0,EMA->TP1,EMA->TP1,0,0,1,1,1,1,0,0,1,1,0,0,1,1,2.61,2.61,0.00,0.00,27,27,300.00,300.00,0,0,0,0,1,1
2024.06.04 20:46:00,BUY,2326.76,3794,3725,NONE,1,1,2.01,2.01,0.0,EMA->TP1,EMA->TP1,0,0,1,1,1,1,0,0,1,1,0,0,1,1,1.41,1.41,0.00,0.00,191,191,300.00,300.00,0,0,0,0,1,1
2024.06.05 07:35:00,BUY,2330.69,3795,3726,NONE,1,1,4.21,4.21,0.0,EMA->TP1,EMA->TP1,0,0,1,1,1,1,0,0,1,1,0,0,1,1,2.19,2.19,0.00,0.00,69,69,300.00,300.00,0,0,0,0,1,1
2024.06.05 22:39:03,SELL,2355.23,3796,3727,NONE,2,2,2.75,2.75,0.0,TP2->EMA->TP2,TP2->EMA->TP2,0,0,1,1,0,0,1,1,1,1,0,0,1,1,4.9,4.9,0.00,0.00,67,67,300.00,300.00,0,0,0,0,1,1
2024.06.06 14:04:00,BUY,2363.39,3797,3728,NONE,1,1,7.68,7.68,0.0,EMA->TP1,EMA->TP1,0,0,1,1,1,1,0,0,1,1,0,0,1,1,6.34,6.34,0.00,0.00,71,71,300.00,300.00,0,0,0,0,1,1
2024.06.06 17:19:11,BUY,2372.14,3798,3729,NONE,1,1,3.67,3.67,0.0,EMA->TP1,EMA->TP1,0,0,1,1,1,1,0,0,1,1,0,0,1,1,4.98,4.98,0.00,0.00,215,215,300.00,300.00,0,0,0,0,1,1
2024.06.07 01:52:00,BUY,2371.14,3799,3730,NONE,1,1,2.17,2.17,0.0,TP1,TP1,0,0,1,1,1,1,0,0,0,0,0,0,1,1,2.72,2.72,0.00,0.00,47,47,300.00,300.00,0,0,0,0,1,1
2024.06.07 09:43:00,BUY,2341.13,3800,3731,NONE,3,3,5.15,5.15,0.0,TP3,TP3,0,0,1,1,0,0,0,0,0,0,0,0,1,1,42.3,42.3,0.01,0.01,133,133,300.00,300.00,0,0,0,0,1,1
2024.06.12 22:08:00,SELL,2323.72,3801,3732,NONE,1,1,2.0,2.0,0.0,EMA->TP1,EMA->TP1,0,0,1,1,1,1,0,0,1,1,0,0,1,1,0.78,0.78,0.00,0.00,59,59,300.00,300.00,0,0,0,0,1,1
2024.06.13 01:30:00,BUY,2311.93,3802,3733,NONE,1,1,5.76,5.76,0.0,EMA->TP1,EMA->TP1,0,0,1,1,1,1,0,0,1,1,0,0,1,1,7.31,7.31,0.00,0.00,375,375,300.00,300.00,0,0,0,0,1,1
2024.06.13 10:37:00,SELL,2318.82,3803,3734,NONE,1,1,2.0,2.0,0.0,TP1->EMA->TP1,TP1->EMA->TP1,0,0,1,1,1,1,0,0,1,1,0,0,1,1,1.37,1.37,0.00,0.00,22,22,300.00,300.00,0,0,0,0,1,1
2024.06.13 14:16:00,BUY,2308.03,3804,3735,NONE,1,1,7.91,7.91,0.0,EMA->TP1,EMA->TP1,0,0,1,1,1,1,0,0,1,1,0,0,1,1,4.31,4.31,0.00,0.00,45,45,300.00,300.00,0,0,0,0,1,1
2024.06.13 17:55:00,BUY,2302.28,3805,3736,NONE,1,1,3.1,3.1,0.0,EMA->TP1,EMA->TP1,0,0,1,1,1,1,0,0,1,1,0,0,1,1,4.16,4.16,0.00,0.00,435,435,300.00,300.00,0,0,0,0,1,1
2024.06.14 02:42:00,BUY,2305.98,3806,3737,NONE,1,1,2.24,2.24,0.0,EMA->TP1,EMA->TP1,0,0,1,1,1,1,0,0,1,1,0,0,1,1,2.42,2.42,0.00,0.00,33,33,300.00,300.00,0,0,0,0,1,1
2024.06.14 14:06:00,BUY,2331.32,3807,3738,NONE,3,3,17.27,17.27,0.0,EMA->TP3,EMA->TP3,0,0,1,1,0,0,0,0,1,1,0,0,1,1,64.98,64.98,0.01,0.01,4915,4915,300.00,300.00,0,0,0,0,1,1
2024.06.18 01:14:00,BUY,2323.16,3808,3739,NONE,2,2,4.32,4.32,0.0,EMA->TP2,EMA->TP2,0,0,1,1,0,0,1,1,1,1,0,0,1,1,6.2,6.2,0.00,0.00,18,18,300.00,300.00,0,0,0,0,1,1
2024.06.18 02:35:00,BUY,2323.28,3809,3740,NONE,1,1,2.15,2.15,0.0,EMA->TP1,EMA->TP1,0,0,1,1,1,1,0,0,1,1,0,0,1,1,0.84,0.84,0.00,0.00,12,12,300.00,300.00,0,0,0,0,1,1
2024.06.18 05:16:00,BUY,2320.78,3810,3741,NONE,1,1,2.35,2.35,0.0,EMA->TP1,EMA->TP1,0,0,1,1,1,1,0,0,1,1,0,0,1,1,1.47,1.47,0.00,0.00,19,19,300.00,300.00,0,0,0,0,1,1
2024.06.18 06:40:00,SELL,2319.68,3811,3742,NONE,1,1,2.75,2.75,0.0,EMA->TP1,EMA->TP1,0,0,1,1,1,1,0,0,1,1,0,0,1,1,1.71,1.71,0.00,0.00,62,62,300.00,300.00,0,0,0,0,1,1
2024.06.18 09:23:00,SELL,2313.39,3812,3743,NONE,1,1,2.2,2.2,0.0,EMA->TP1,EMA->TP1,0,0,1,1,1,1,0,0,1,1,0,0,1,1,1.47,1.47,0.00,0.00,57,57,300.00,300.00,0,0,0,0,1,1
2024.06.19 01:59:00,SELL,2329.74,3813,3744,NONE,1,1,2.28,2.28,0.0,EMA->TP1,EMA->TP1,0,0,1,1,1,1,0,0,1,1,0,0,1,1,2.91,2.91,0.00,0.00,183,183,300.00,300.00,0,0,0,0,1,1
2024.06.19 08:19:00,SELL,2333.95,3814,3745,NONE,1,1,3.01,3.01,0.0,EMA->TP1,EMA->TP1,0,0,1,1,1,1,0,0,1,1,0,0,1,1,1.13,1.13,0.00,0.00,47,47,300.00,300.00,0,0,0,0,1,1
2024.06.20 07:36:00,SELL,2343.80,3815,3746,NONE,1,1,2.63,2.63,0.0,EMA->TP1,EMA->TP1,0,0,1,1,1,1,0,0,1,1,0,0,1,1,1.24,1.24,0.00,0.00,9,9,300.00,300.00,0,0,0,0,1,1
2024.06.20 08:59:00,SELL,2333.08,3816,3747,NONE,3,3,6.49,6.49,0.0,EMA->TP3,EMA->TP3,0,0,1,1,0,0,0,0,1,1,0,0,1,1,36.44,36.44,0.01,0.01,221,221,300.00,300.00,0,0,0,0,1,1
2024.06.21 01:14:00,BUY,2362.51,3817,3748,NONE,2,2,4.74,4.74,0.0,EMA->TP2,EMA->TP2,0,0,1,1,0,0,1,1,1,1,0,0,1,1,10.36,10.36,0.00,0.00,165,165,300.00,300.00,0,0,0,0,1,1
2024.06.21 04:28:09,BUY,2361.69,3818,3749,NONE,1,1,2.02,2.02,0.0,EMA->TP1,EMA->TP1,0,0,1,1,1,1,0,0,1,1,0,0,1,1,1.24,1.24,0.00,0.00,70,70,300.00,300.00,0,0,0,0,1,1
2024.06.21 06:54:00,BUY,2359.38,3819,3750,NONE,2,2,4.04,4.04,0.0,TP2,TP2,0,0,1,1,0,0,1,1,0,0,0,0,1,1,7.72,7.72,0.00,0.00,40,40,300.00,300.00,0,0,0,0,1,1
2024.06.21 16:51:00,BUY,2326.01,3820,3751,NONE,3,3,9.48,9.48,0.0,TP3,TP3,0,0,1,1,0,0,0,0,0,0,0,0,1,1,27.99,27.99,0.01,0.01,111,111,300.00,300.00,0,0,0,0,1,1
2024.06.24 05:01:00,BUY,2325.20,3821,3752,NONE,2,2,2.03,2.03,0.0,EMA->TP1->TP2,EMA->TP1->TP2,0,0,1,1,1,1,1,1,1,1,0,0,1,1,4.64,4.64,0.00,0.00,54,54,300.00,300.00,0,0,0,0,1,1
2024.06.24 06:01:00,SELL,2324.06,3822,3753,NONE,3,3,5.72,5.72,0.0,EMA->TP3,EMA->TP3,0,0,1,1,0,0,0,0,1,1,0,0,1,1,28.46,28.46,0.01,0.01,186,186,300.00,300.00,0,0,0,0,1,1
2024.06.24 11:54:00,SELL,2326.63,3823,3754,NONE,1,1,2.1,2.1,0.0,EMA->TP1,EMA->TP1,0,0,1,1,1,1,0,0,1,1,0,0,1,1,0.76,0.76,0.00,0.00,7,7,300.00,300.00,0,0,0,0,1,1
2024.06.24 18:18:00,SELL,2332.47,3824,3755,NONE,1,1,2.82,2.82,0.0,EMA->TP1,EMA->TP1,0,0,1,1,1,1,0,0,1,1,0,0,1,1,3.85,3.85,0.00,0.00,357,357,300.00,300.00,0,0,0,0,1,1
2024.06.25 01:55:00,BUY,2324.32,3825,3756,NONE,1,1,3.95,3.95,0.0,EMA->TP1,EMA->TP1,0,0,1,1,1,1,0,0,1,1,0,0,1,1,2.57,2.57,0.00,0.00,74,74,300.00,300.00,0,0,0,0,1,1
2024.06.25 06:41:00,SELL,2325.18,3826,3757,NONE,2,2,2.05,2.05,0.0,EMA->TP2,EMA->TP2,0,0,1,1,0,0,1,1,1,1,0,0,1,1,8.22,8.22,0.00,0.00,56,56,300.00,300.00,0,0,0,0,1,1
2024.06.26 01:07:00,BUY,2318.68,3827,3758,NONE,2,2,5.16,5.16,0.0,EMA->TP2,EMA->TP2,0,0,1,1,0,0,1,1,1,1,0,0,1,1,19.6,19.6,0.00,0.00,71,71,300.00,300.00,0,0,0,0,1,1
2024.06.26 03:12:01,BUY,2319.81,3828,3759,NONE,3,3,12.51,12.51,0.0,EMA->TP3,EMA->TP3,0,0,1,1,0,0,0,0,1,1,0,0,1,1,54.33,54.33,0.01,0.01,532,532,300.00,300.00,0,0,0,0,1,1
2024.06.26 15:50:00,BUY,2300.78,3829,3760,NONE,1,1,2.59,2.59,0.0,EMA->TP1,EMA->TP1,0,0,1,1,1,1,0,0,1,1,0,0,1,1,8.64,8.64,0.00,0.00,1012,1012,300.00,300.00,0,0,0,0,1,1
2024.06.27 17:30:00,SELL,2325.41,3830,3761,NONE,1,1,4.91,4.91,0.0,EMA->TP1,EMA->TP1,0,0,1,1,1,1,0,0,1,1,0,0,1,1,6.28,6.28,0.00,0.00,456,456,300.00,300.00,0,0,0,0,1,1
2024.06.28 03:55:00,BUY,2321.59,3831,3762,NONE,2,2,2.08,2.08,0.0,TP2,TP2,0,0,1,1,0,0,1,1,0,0,0,0,1,1,3.26,3.26,0.00,0.00,60,60,300.00,300.00,0,0,0,0,1,1
2024.07.01 00:23:00,BUY,2324.01,3832,3763,NONE,1,1,3.28,3.28,0.0,EMA->TP1,EMA->TP1,0,0,1,1,1,1,0,0,1,1,0,0,1,1,2.09,2.09,0.00,0.00,64,64,300.00,300.00,0,0,0,0,1,1
2024.07.01 13:28:00,BUY,2326.80,3833,3764,NONE,1,1,4.27,4.27,0.0,EMA->TP1,EMA->TP1,0,0,1,1,1,1,0,0,1,1,0,0,1,1,2.78,2.78,0.00,0.00,9,9,300.00,300.00,0,0,0,0,1,1
2024.07.01 14:45:00,BUY,2322.84,3834,3765,NONE,1,1,8.62,8.62,0.0,EMA->TP1,EMA->TP1,0,0,1,1,1,1,0,0,1,1,0,0,1,1,4.12,4.12,0.00,0.00,100,100,300.00,300.00,0,0,0,0,1,1
2024.07.01 18:30:00,BUY,2327.56,3835,3766,NONE,1,1,2.01,2.01,0.0,EMA->TP1,EMA->TP1,0,0,1,1,1,1,0,0,1,1,0,0,1,1,0.84,0.84,0.00,0.00,19,19,300.00,300.00,0,0,0,0,1,1
2024.07.02 00:01:00,BUY,2333.56,3836,3767,NONE,2,2,2.83,2.83,0.0,EMA->TP2,EMA->TP2,0,0,1,1,0,0,1,1,1,1,0,0,1,1,3.87,3.87,0.00,0.00,95,95,300.00,300.00,0,0,0,0,1,1
2024.07.02 02:42:01,BUY,2332.22,3837,3768,NONE,3,3,5.51,5.51,0.0,EMA->TP3,EMA->TP3,0,0,1,1,0,0,0,0,1,1,0,0,1,1,25.35,25.35,0.01,0.01,179,179,300.00,300.00,0,0,0,0,1,1
2024.07.02 22:02:05,BUY,2330.61,3838,3769,NONE,2,2,3.29,3.29,0.0,EMA->TP2,EMA->TP2,0,0,1,1,0,0,1,1,1,1,0,0,1,1,8.62,8.62,0.00,0.00,339,339,300.00,300.00,0,0,0,0,1,1
2024.07.03 13:10:00,BUY,2351.66,3839,3770,NONE,1,1,8.35,8.35,0.0,EMA->TP1,EMA->TP1,0,0,1,1,1,1,0,0,1,1,0,0,1,1,4.05,4.05,0.00,0.00,50,50,300.00,300.00,0,0,0,0,1,1
2024.07.04 05:34:00,BUY,2356.64,3840,3771,NONE,2,2,3.28,3.28,0.0,TP2,TP2,0,0,1,1,0,0,1,1,0,0,0,0,1,1,15.51,15.51,0.00,0.00,78,78,300.00,300.00,0,0,0,0,1,1
2024.07.04 12:38:00,BUY,2357.86,3841,3772,NONE,1,1,2.0,2.0,0.0,EMA->TP1,EMA->TP1,0,0,1,1,1,1,0,0,1,1,0,0,1,1,1.41,1.41,0.00,0.00,80,80,300.00,300.00,0,0,0,0,1,1
2024.07.04 17:37:00,BUY,2357.55,3842,3773,NONE,3,3,2.33,2.33,0.0,TP2->EMA->TP3,TP2->EMA->TP3,0,0,1,1,0,0,1,1,1,1,0,0,1,1,14.85,14.85,0.00,0.00,313,313,300.00,300.00,0,0,0,0,1,1
2024.07.08 07:04:00,BUY,2378.32,3843,3774,NONE,3,3,8.9,8.9,0.0,EMA->TP3,EMA->TP3,0,0,1,1,0,0,0,0,1,1,0,0,1,1,32.28,32.28,0.01,0.01,248,248,300.00,300.00,0,0,0,0,1,1
2024.07.08 16:09:00,BUY,2354.43,3844,3775,NONE,1,1,7.2,7.2,0.0,EMA->TP1,EMA->TP1,0,0,1,1,1,1,0,0,1,1,0,0,1,1,4.9,4.9,0.00,0.00,471,471,300.00,300.00,0,0,0,0,1,1
2024.07.09 00:21:06,SELL,2362.36,3845,3776,NONE,2,2,2.12,2.12,0.0,TP2,TP2,0,0,1,1,0,0,1,1,0,0,0,0,1,1,6.47,6.47,0.00,0.00,61,61,300.00,300.00,0,0,0,0,1,1
2024.07.09 06:49:01,BUY,2363.78,3846,3777,NONE,3,3,3.74,3.74,0.0,TP3,TP3,0,0,1,1,0,0,0,0,0,0,0,0,1,1,18.33,18.33,0.00,0.00,87,87,300.00,300.00,0,0,0,0,1,1
2024.07.10 05:24:00,SELL,2368.46,3847,3778,NONE,2,2,2.01,2.01,0.0,EMA->TP2,EMA->TP2,0,0,1,1,0,0,1,1,1,1,0,0,1,1,4.88,4.88,0.00,0.00,26,26,300.00,300.00,0,0,0,0,1,1
2024.07.10 06:20:00,BUY,2368.07,3848,3779,NONE,1,1,2.04,2.04,0.0,EMA->TP1,EMA->TP1,0,0,1,1,1,1,0,0,1,1,0,0,1,1,0.39,0.39,0.00,0.00,6,6,300.00,300.00,0,0,0,0,1,1
2024.07.11 00:07:00,BUY,2372.71,3849,3780,NONE,1,1,2.02,2.02,0.0,EMA->TP1,EMA->TP1,0,0,1,1,1,1,0,0,1,1,0,0,1,1,1.51,1.51,0.00,0.00,59,59,300.00,300.00,0,0,0,0,1,1
2024.07.12 04:42:00,BUY,2409.47,3850,3781,NONE,2,2,2.05,2.05,0.0,EMA->TP2,EMA->TP2,0,0,1,1,0,0,1,1,1,1,0,0,1,1,9.9,9.9,0.00,0.00,64,64,300.00,300.00,0,0,0,0,1,1
2024.07.12 10:52:00,BUY,2401.48,3851,3782,NONE,2,2,2.06,2.06,0.0,EMA->TP2,EMA->TP2,0,0,1,1,0,0,1,1,1,1,0,0,1,1,11.72,11.72,0.00,0.00,98,98,300.00,300.00,0,0,0,0,1,1
2024.07.14 22:43:00,BUY,2408.28,3852,3783,NONE,1,1,3.56,3.56,0.0,EMA->TP1,EMA->TP1,0,0,1,1,1,1,0,0,1,1,0,0,1,1,3.92,3.92,0.00,0.00,311,311,300.00,300.00,0,0,0,0,1,1
2024.07.15 19:12:00,BUY,2421.35,3853,3784,NONE,1,1,2.07,2.07,0.0,EMA->TP1,EMA->TP1,0,0,1,1,1,1,0,0,1,1,0,0,1,1,3.81,3.81,0.00,0.00,358,358,300.00,300.00,0,0,0,0,1,1
2024.07.16 06:18:00,BUY,2430.47,3854,3785,NONE,1,1,3.11,3.11,0.0,EMA->TP1,EMA->TP1,0,0,1,1,1,1,0,0,1,1,0,0,1,1,1.86,1.86,0.00,0.00,25,25,300.00,300.00,0,0,0,0,1,1
2024.07.17 00:26:00,BUY,2467.39,3855,3786,NONE,1,1,2.25,2.25,0.0,EMA->TP1,EMA->TP1,0,0,1,1,1,1,0,0,1,1,0,0,1,1,1.13,1.13,0.00,0.00,14,14,300.00,300.00,0,0,0,0,1,1
2024.07.17 07:14:00,BUY,2466.01,3856,3787,NONE,1,1,4.78,4.78,0.0,EMA->TP1,EMA->TP1,0,0,1,1,1,1,0,0,1,1,0,0,1,1,3.19,3.19,0.00,0.00,30,30,300.00,300.00,0,0,0,0,1,1
2024.07.17 09:42:00,BUY,2472.53,3857,3788,NONE,2,2,5.73,5.73,0.0,EMA->TP2,EMA->TP2,0,0,1,1,0,0,1,1,1,1,0,0,1,1,13.68,13.68,0.00,0.00,118,118,300.00,300.00,0,0,0,0,1,1
2024.07.18 00:38:00,BUY,2458.59,3858,3789,NONE,1,1,2.38,2.38,0.0,EMA->TP1,EMA->TP1,0,0,1,1,1,1,0,0,1,1,0,0,1,1,2.67,2.67,0.00,0.00,34,34,300.00,300.00,0,0,0,0,1,1
2024.07.18 18:57:00,BUY,2451.84,3859,3790,ALLOW,5,5,-303.93,-303.93,0.0,SL$,SL$,1,1,0,0,0,0,0,0,0,0,1,1,0,0,298.84,298.84,0.06,0.06,391,391,300.00,300.00,0,0,0,0,1,1
2024.07.19 03:55:00,SELL,2428.89,3860,3791,NONE,1,1,2.03,2.03,0.0,EMA->TP1,EMA->TP1,0,0,1,1,1,1,0,0,1,1,0,0,1,1,0.93,0.93,0.00,0.00,27,27,300.00,300.00,0,0,0,0,1,1
2024.07.19 11:14:00,BUY,2412.05,3861,3792,ALLOW,4,4,3.87,3.87,0.0,NET_BASKET_BE,NET_BASKET_BE,0,0,0,0,0,0,0,0,0,0,0,0,1,1,101.8,101.8,0.02,0.02,148,148,300.00,300.00,1,1,0,0,1,1
2024.07.19 16:36:00,BUY,2402.97,3862,3793,NONE,2,2,4.17,4.17,0.0,EMA->TP2,EMA->TP2,0,0,1,1,0,0,1,1,1,1,0,0,1,1,15.42,15.42,0.00,0.00,3204,3204,300.00,300.00,0,0,0,0,1,1
2024.07.21 23:01:00,SELL,2410.58,3863,3794,NONE,1,1,2.36,2.36,0.0,TP1,TP1,0,0,1,1,1,1,0,0,0,0,0,0,1,1,2.76,2.76,0.00,0.00,75,75,300.00,300.00,0,0,0,0,1,1
2024.07.22 01:36:00,SELL,2410.45,3864,3795,NONE,1,1,4.05,4.05,0.0,EMA->TP1,EMA->TP1,0,0,1,1,1,1,0,0,1,1,0,0,1,1,1.87,1.87,0.00,0.00,24,24,300.00,300.00,0,0,0,0,1,1
2024.07.22 03:39:00,SELL,2407.78,3865,3796,NONE,1,1,2.38,2.38,0.0,EMA->TP1,EMA->TP1,0,0,1,1,1,1,0,0,1,1,0,0,1,1,1.36,1.36,0.00,0.00,26,26,300.00,300.00,0,0,0,0,1,1
2024.07.22 09:02:00,BUY,2402.53,3866,3797,NONE,1,1,4.5,4.5,0.0,EMA->TP1,EMA->TP1,0,0,1,1,1,1,0,0,1,1,0,0,1,1,3.16,3.16,0.00,0.00,94,94,300.00,300.00,0,0,0,0,1,1
2024.07.22 11:31:01,BUY,2404.43,3867,3798,VETO,4,3,3.33,8.45,5.12,EMA->NET_BASKET_BE,EMA->TP3,0,0,0,1,0,0,0,0,1,1,0,0,1,1,101.78,97.74,0.02,0.02,324,806,300.00,300.00,1,0,0,0,1,1
2024.07.23 02:37:00,SELL,2401.32,3870,3799,NONE,1,1,3.28,3.28,0.0,EMA->TP1,EMA->TP1,0,0,1,1,1,1,0,0,1,1,0,0,1,1,0.94,0.94,0.00,0.00,14,14,300.00,300.00,0,0,0,0,1,1
2024.07.23 06:36:00,BUY,2390.34,3871,3800,NONE,1,1,4.68,4.68,0.0,EMA->TP1,EMA->TP1,0,0,1,1,1,1,0,0,1,1,0,0,1,1,4.32,4.32,0.00,0.00,44,44,300.00,300.00,0,0,0,0,1,1
2024.07.23 18:19:01,SELL,2403.91,3872,3801,ALLOW,4,4,2.29,2.29,0.0,EMA->NET_BASKET_BE,EMA->NET_BASKET_BE,0,0,0,0,0,0,0,0,1,1,0,0,1,1,94.27,94.27,0.02,0.02,1145,1145,300.00,300.00,1,1,0,0,1,1
2024.07.24 23:37:00,SELL,2400.26,3873,3802,NONE,1,1,2.09,2.09,0.0,EMA->TP1,EMA->TP1,0,0,1,1,1,1,0,0,1,1,0,0,1,1,0.75,0.75,0.00,0.00,25,25,300.00,300.00,0,0,0,0,1,1
2024.07.25 22:55:00,BUY,2363.88,3874,3803,NONE,2,2,2.2,2.2,0.0,EMA->TP2,EMA->TP2,0,0,1,1,0,0,1,1,1,1,0,0,1,1,3.92,3.92,0.00,0.00,51,51,300.00,300.00,0,0,0,0,1,1
2024.07.26 05:20:00,BUY,2369.60,3875,3804,NONE,1,1,2.66,2.66,0.0,EMA->TP1,EMA->TP1,0,0,1,1,1,1,0,0,1,1,0,0,1,1,0.58,0.58,0.00,0.00,10,10,300.00,300.00,0,0,0,0,1,1
2024.07.29 01:04:00,SELL,2398.89,3876,3805,NONE,1,1,11.14,11.14,0.0,EMA->TP1,EMA->TP1,0,0,1,1,1,1,0,0,1,1,0,0,1,1,7.49,7.49,0.00,0.00,444,444,300.00,300.00,0,0,0,0,1,1
2024.07.29 16:45:00,SELL,2376.50,3877,3806,NONE,2,2,5.45,5.45,0.0,EMA->TP2,EMA->TP2,0,0,1,1,0,0,1,1,1,1,0,0,1,1,12.72,12.72,0.00,0.00,79,79,300.00,300.00,0,0,0,0,1,1
2024.07.30 22:21:01,BUY,2409.72,3878,3807,NONE,3,3,4.17,4.17,0.0,EMA->TP2->TP3,EMA->TP2->TP3,0,0,1,1,0,0,1,1,1,1,0,0,1,1,19.39,19.39,0.00,0.00,184,184,300.00,300.00,0,0,0,0,1,1
2024.07.31 09:12:00,SELL,2421.13,3879,3808,NONE,1,1,2.9,2.9,0.0,EMA->TP1,EMA->TP1,0,0,1,1,1,1,0,0,1,1,0,0,1,1,1.38,1.38,0.00,0.00,26,26,300.00,300.00,0,0,0,0,1,1
2024.07.31 10:46:00,BUY,2419.16,3880,3809,NONE,1,1,3.75,3.75,0.0,EMA->TP1,EMA->TP1,0,0,1,1,1,1,0,0,1,1,0,0,1,1,2.24,2.24,0.00,0.00,53,53,300.00,300.00,0,0,0,0,1,1
2024.07.31 14:43:00,SELL,2422.84,3881,3810,NONE,2,2,5.94,5.94,0.0,EMA->TP2,EMA->TP2,0,0,1,1,0,0,1,1,1,1,0,0,1,1,10.87,10.87,0.00,0.00,197,197,300.00,300.00,0,0,0,0,1,1
2024.07.31 18:20:00,BUY,2422.93,3882,3811,NONE,1,1,4.75,4.75,0.0,EMA->TP1,EMA->TP1,0,0,1,1,1,1,0,0,1,1,0,0,1,1,1.64,1.64,0.00,0.00,14,14,300.00,300.00,0,0,0,0,1,1
2024.08.02 15:01:00,BUY,2434.72,3883,3812,NONE,2,2,29.23,29.23,0.0,TP2,TP2,0,0,1,1,0,0,1,1,0,0,0,0,1,1,33.04,33.04,0.01,0.01,58,58,300.00,300.00,0,0,0,0,1,1
2024.08.04 23:53:01,BUY,2440.74,3884,3813,VETO,4,3,2.95,11.68,8.73,EMA->NET_BASKET_BE,EMA->TP3,0,0,0,1,0,0,0,0,1,1,0,0,1,1,143.42,121.64,0.03,0.02,37,86,300.00,300.00,1,0,0,0,1,1
2024.08.05 05:21:00,BUY,2447.72,3885,3814,ALLOW,4,4,2.11,2.11,0.0,EMA->NET_BASKET_BE,EMA->NET_BASKET_BE,0,0,0,0,0,0,0,0,1,1,0,0,1,1,119.73,119.73,0.02,0.02,118,118,300.00,300.00,1,1,0,0,1,1
2024.08.05 07:20:00,BUY,2434.64,3886,3815,NONE,1,1,7.45,7.45,0.0,EMA->TP1,EMA->TP1,0,0,1,1,1,1,0,0,1,1,0,0,1,1,1.64,1.64,0.00,0.00,8,8,300.00,300.00,0,0,0,0,1,1
2024.08.06 05:13:00,SELL,2409.24,3887,3816,NONE,2,2,2.08,2.08,0.0,EMA->TP2,EMA->TP2,0,0,1,1,0,0,1,1,1,1,0,0,1,1,4.78,4.78,0.00,0.00,8,8,300.00,300.00,0,0,0,0,1,1
2024.08.06 07:39:00,SELL,2405.11,3888,3817,NONE,2,2,5.66,5.66,0.0,EMA->TP2,EMA->TP2,0,0,1,1,0,0,1,1,1,1,0,0,1,1,25.78,25.78,0.01,0.01,281,281,300.00,300.00,0,0,0,0,1,1
2024.08.06 15:05:00,BUY,2390.97,3889,3818,NONE,1,1,12.05,12.05,0.0,EMA->TP1,EMA->TP1,0,0,1,1,1,1,0,0,1,1,0,0,1,1,17.73,17.73,0.00,0.00,1260,1260,300.00,300.00,0,0,0,0,1,1
2024.08.07 13:55:00,BUY,2399.28,3890,3819,NONE,2,2,8.6,8.6,0.0,EMA->TP2,EMA->TP2,0,0,1,1,0,0,1,1,1,1,0,0,1,1,42.32,42.32,0.01,0.01,990,990,300.00,300.00,0,0,0,0,1,1
2024.08.08 16:16:00,SELL,2419.70,3891,3820,NONE,2,2,4.3,4.3,0.0,TP2,TP2,0,0,1,1,0,0,1,1,0,0,0,0,1,1,5.79,5.79,0.00,0.00,19,19,300.00,300.00,0,0,0,0,1,1
2024.08.09 10:57:00,SELL,2429.68,3892,3821,NONE,1,1,3.95,3.95,0.0,EMA->TP1,EMA->TP1,0,0,1,1,1,1,0,0,1,1,0,0,1,1,3.23,3.23,0.00,0.00,58,58,300.00,300.00,0,0,0,0,1,1
2024.08.09 11:58:00,BUY,2427.08,3893,3822,NONE,1,1,4.68,4.68,0.0,EMA->TP1,EMA->TP1,0,0,1,1,1,1,0,0,1,1,0,0,1,1,4.54,4.54,0.00,0.00,91,91,300.00,300.00,0,0,0,0,1,1
2024.08.12 08:38:00,BUY,2440.84,3894,3823,NONE,1,1,2.53,2.53,0.0,EMA->TP1,EMA->TP1,0,0,1,1,1,1,0,0,1,1,0,0,1,1,1.16,1.16,0.00,0.00,12,12,300.00,300.00,0,0,0,0,1,1
2024.08.13 03:13:00,BUY,2463.66,3895,3824,NONE,2,2,5.22,5.22,0.0,EMA->TP2,EMA->TP2,0,0,1,1,0,0,1,1,1,1,0,0,1,1,10.31,10.31,0.00,0.00,161,161,300.00,300.00,0,0,0,0,1,1
2024.08.14 10:02:02,BUY,2473.78,3896,3825,NONE,2,2,4.33,4.33,0.0,EMA->TP2,EMA->TP2,0,0,1,1,0,0,1,1,1,1,0,0,1,1,4.75,4.75,0.00,0.00,44,44,300.00,300.00,0,0,0,0,1,1
2024.08.15 04:42:00,BUY,2454.47,3897,3826,NONE,3,3,3.33,3.33,0.0,EMA->TP3,EMA->TP3,0,0,1,1,0,0,0,0,1,1,0,0,1,1,11.76,11.76,0.00,0.00,64,64,300.00,300.00,0,0,0,0,1,1
2024.08.15 18:39:00,SELL,2457.05,3898,3827,NONE,2,2,2.06,2.06,0.0,TP2,TP2,0,0,1,1,0,0,1,1,0,0,0,0,1,1,10.08,10.08,0.00,0.00,58,58,300.00,300.00,0,0,0,0,1,1
2024.08.15 19:59:00,BUY,2455.24,3899,3828,NONE,1,1,2.45,2.45,0.0,EMA->TP1,EMA->TP1,0,0,1,1,1,1,0,0,1,1,0,0,1,1,3.21,3.21,0.00,0.00,253,253,300.00,300.00,0,0,0,0,1,1
2024.08.16 02:37:00,BUY,2455.67,3900,3829,NONE,2,2,5.25,5.25,0.0,EMA->TP2,EMA->TP2,0,0,1,1,0,0,1,1,1,1,0,0,1,1,8.91,8.91,0.00,0.00,179,179,300.00,300.00,0,0,0,0,1,1
2024.08.16 07:40:00,BUY,2452.94,3901,3830,NONE,1,1,4.09,4.09,0.0,EMA->TP1,EMA->TP1,0,0,1,1,1,1,0,0,1,1,0,0,1,1,0.88,0.88,0.00,0.00,7,7,300.00,300.00,0,0,0,0,1,1
2024.08.16 12:25:00,BUY,2472.39,3902,3831,NONE,1,1,4.08,4.08,0.0,EMA->TP1,EMA->TP1,0,0,1,1,1,1,0,0,1,1,0,0,1,1,1.08,1.08,0.00,0.00,9,9,300.00,300.00,0,0,0,0,1,1
2024.08.18 23:36:00,BUY,2504.22,3903,3832,NONE,1,1,2.0,2.0,0.0,EMA->TP1,EMA->TP1,0,0,1,1,1,1,0,0,1,1,0,0,1,1,0.57,0.57,0.00,0.00,16,16,300.00,300.00,0,0,0,0,1,1
2024.08.19 01:30:00,BUY,2498.43,3904,3833,NONE,1,1,6.59,6.59,0.0,EMA->TP1,EMA->TP1,0,0,1,1,1,1,0,0,1,1,0,0,1,1,5.74,5.74,0.00,0.00,93,93,300.00,300.00,0,0,0,0,1,1
2024.08.19 04:58:01,BUY,2500.38,3905,3834,NONE,1,1,3.98,3.98,0.0,EMA->TP1,EMA->TP1,0,0,1,1,1,1,0,0,1,1,0,0,1,1,2.61,2.61,0.00,0.00,72,72,300.00,300.00,0,0,0,0,1,1
2024.08.19 11:13:00,BUY,2490.69,3906,3835,NONE,1,1,4.67,4.67,0.0,EMA->TP1,EMA->TP1,0,0,1,1,1,1,0,0,1,1,0,0,1,1,5.71,5.71,0.00,0.00,64,64,300.00,300.00,0,0,0,0,1,1
2024.08.19 17:16:00,BUY,2504.22,3907,3836,NONE,2,2,3.22,3.22,0.0,EMA->TP2,EMA->TP2,0,0,1,1,0,0,1,1,1,1,0,0,1,1,7.44,7.44,0.00,0.00,29,29,300.00,300.00,0,0,0,0,1,1
2024.08.19 23:58:10,BUY,2503.91,3908,3837,NONE,1,1,2.12,2.12,0.0,EMA->TP1,EMA->TP1,0,0,1,1,1,1,0,0,1,1,0,0,1,1,1.37,1.37,0.00,0.00,41,41,300.00,300.00,0,0,0,0,1,1
2024.08.21 03:23:00,BUY,2514.74,3909,3838,NONE,1,1,3.32,3.32,0.0,EMA->TP1,EMA->TP1,0,0,1,1,1,1,0,0,1,1,0,0,1,1,1.76,1.76,0.00,0.00,28,28,300.00,300.00,0,0,0,0,1,1
2024.08.22 08:25:00,BUY,2504.17,3910,3839,NONE,1,1,3.39,3.39,0.0,EMA->TP1,EMA->TP1,0,0,1,1,1,1,0,0,1,1,0,0,1,1,3.55,3.55,0.00,0.00,76,76,300.00,300.00,0,0,0,0,1,1
2024.08.22 17:58:00,BUY,2482.55,3911,3840,NONE,2,2,3.76,3.76,0.0,EMA->TP2,EMA->TP2,0,0,1,1,0,0,1,1,1,1,0,0,1,1,9.29,9.29,0.00,0.00,103,103,300.00,300.00,0,0,0,0,1,1
2024.08.23 00:28:00,SELL,2487.59,3912,3841,NONE,3,3,2.18,2.18,0.0,TP3,TP3,0,0,1,1,0,0,0,0,0,0,0,0,1,1,13.78,13.78,0.00,0.00,16,16,300.00,300.00,0,0,0,0,1,1
2024.08.23 08:29:00,SELL,2496.34,3913,3842,NONE,3,3,2.69,2.69,0.0,TP3,TP3,0,0,1,1,0,0,0,0,0,0,0,0,1,1,16.24,16.24,0.00,0.00,85,85,300.00,300.00,0,0,0,0,1,1
2024.08.23 14:18:00,SELL,2510.28,3914,3843,NONE,2,2,20.25,20.25,0.0,EMA->TP2,EMA->TP2,0,0,1,1,0,0,1,1,1,1,0,0,1,1,30.7,30.7,0.01,0.01,4303,4303,300.00,300.00,0,0,0,0,1,1
2024.08.26 15:25:00,BUY,2512.64,3915,3844,NONE,1,1,3.67,3.67,0.0,TP1,TP1,0,0,1,1,1,1,0,0,0,0,0,0,1,1,1.96,1.96,0.00,0.00,26,26,300.00,300.00,0,0,0,0,1,1
2024.08.27 09:41:00,BUY,2510.86,3916,3845,NONE,2,2,4.88,4.88,0.0,EMA->TP2,EMA->TP2,0,0,1,1,0,0,1,1,1,1,0,0,1,1,10.14,10.14,0.00,0.00,67,67,300.00,300.00,0,0,0,0,1,1
2024.08.28 04:58:00,BUY,2511.66,3917,3846,NONE,3,3,7.55,7.55,0.0,TP3,TP3,0,0,1,1,0,0,0,0,0,0,0,0,1,1,23.17,23.17,0.00,0.00,80,80,300.00,300.00,0,0,0,0,1,1
2024.08.28 10:35:01,BUY,2507.26,3918,3847,ALLOW,4,4,2.14,2.14,0.0,NET_BASKET_BE,NET_BASKET_BE,0,0,0,0,0,0,0,0,0,0,0,0,1,1,69.78,69.78,0.01,0.01,141,141,300.00,300.00,1,1,0,0,1,1
2024.08.28 22:19:00,BUY,2506.38,3919,3848,NONE,1,1,2.0,2.0,0.0,EMA->TP1,EMA->TP1,0,0,1,1,1,1,0,0,1,1,0,0,1,1,4.46,4.46,0.00,0.00,117,117,300.00,300.00,0,0,0,0,1,1
2024.08.29 03:43:01,SELL,2515.39,3920,3849,NONE,2,2,2.15,2.15,0.0,TP2,TP2,0,0,1,1,0,0,1,1,0,0,0,0,1,1,6.89,6.89,0.00,0.00,80,80,300.00,300.00,0,0,0,0,1,1
2024.08.29 18:36:01,BUY,2525.78,3921,3850,NONE,3,3,7.07,7.07,0.0,EMA->TP3,EMA->TP3,0,0,1,1,0,0,0,0,1,1,0,0,1,1,56.6,56.6,0.01,0.01,712,712,300.00,300.00,0,0,0,0,1,1
2024.09.02 05:11:00,SELL,2496.09,3922,3851,NONE,2,2,2.03,2.03,0.0,EMA->TP2,EMA->TP2,0,0,1,1,0,0,1,1,1,1,0,0,1,1,3.52,3.52,0.00,0.00,15,15,300.00,300.00,0,0,0,0,1,1
2024.09.02 10:06:00,BUY,2499.55,3923,3852,NONE,1,1,2.2,2.2,0.0,EMA->TP1,EMA->TP1,0,0,1,1,1,1,0,0,1,1,0,0,1,1,1.33,1.33,0.00,0.00,17,17,300.00,300.00,0,0,0,0,1,1
2024.09.03 00:54:00,BUY,2496.20,3924,3853,NONE,2,2,3.61,3.61,0.0,EMA->TP2,EMA->TP2,0,0,1,1,0,0,1,1,1,1,0,0,1,1,15.11,15.11,0.00,0.00,109,109,300.00,300.00,0,0,0,0,1,1
2024.09.03 03:28:00,BUY,2495.78,3925,3854,NONE,2,2,2.97,2.97,0.0,EMA->TP2,EMA->TP2,0,0,1,1,0,0,1,1,1,1,0,0,1,1,4.44,4.44,0.00,0.00,53,53,300.00,300.00,0,0,0,0,1,1
2024.09.03 15:08:00,BUY,2479.70,3926,3855,NONE,1,1,5.93,5.93,0.0,EMA->TP1,EMA->TP1,0,0,1,1,1,1,0,0,1,1,0,0,1,1,3.14,3.14,0.00,0.00,39,39,300.00,300.00,0,0,0,0,1,1
2024.09.03 16:41:00,BUY,2486.76,3927,3856,NONE,1,1,3.23,3.23,0.0,EMA->TP1,EMA->TP1,0,0,1,1,1,1,0,0,1,1,0,0,1,1,2.96,2.96,0.00,0.00,41,41,300.00,300.00,0,0,0,0,1,1
2024.09.03 19:35:03,SELL,2492.74,3928,3857,NONE,2,2,3.24,3.24,0.0,EMA->TP2,EMA->TP2,0,0,1,1,0,0,1,1,1,1,0,0,1,1,9.75,9.75,0.00,0.00,621,621,300.00,300.00,0,0,0,0,1,1
2024.09.05 22:50:04,BUY,2516.45,3929,3858,NONE,3,3,2.07,2.07,0.0,EMA->TP1->TP3,EMA->TP1->TP3,0,0,1,1,1,1,0,0,1,1,0,0,1,1,12.02,12.02,0.00,0.00,175,175,300.00,300.00,0,0,0,0,1,1
2024.09.06 06:17:00,BUY,2519.91,3930,3859,NONE,2,2,2.19,2.19,0.0,EMA->TP2,EMA->TP2,0,0,1,1,0,0,1,1,1,1,0,0,1,1,8.39,8.39,0.00,0.00,28,28,300.00,300.00,0,0,0,0,1,1
2024.09.06 11:54:00,BUY,2516.32,3931,3860,NONE,2,2,5.76,5.76,0.0,TP2,TP2,0,0,1,1,0,0,1,1,0,0,0,0,1,1,4.93,4.93,0.00,0.00,27,27,300.00,300.00,0,0,0,0,1,1
2024.09.09 06:05:00,BUY,2489.72,3932,3861,NONE,1,1,6.31,6.31,0.0,EMA->TP1,EMA->TP1,0,0,1,1,1,1,0,0,1,1,0,0,1,1,5.4,5.4,0.00,0.00,88,88,300.00,300.00,0,0,0,0,1,1
2024.09.09 09:37:03,SELL,2495.49,3933,3862,NONE,2,2,2.01,2.01,0.0,TP2,TP2,0,0,1,1,0,0,1,1,0,0,0,0,1,1,3.42,3.42,0.00,0.00,6,6,300.00,300.00,0,0,0,0,1,1
2024.09.09 11:40:00,SELL,2497.07,3934,3863,NONE,3,3,5.2,5.2,0.0,TP3,TP3,0,0,1,1,0,0,0,0,0,0,0,0,1,1,23.84,23.84,0.00,0.00,104,104,300.00,300.00,0,0,0,0,1,1
2024.09.09 14:07:00,BUY,2499.75,3935,3864,NONE,2,2,8.0,8.0,0.0,EMA->TP2,EMA->TP2,0,0,1,1,0,0,1,1,1,1,0,0,1,1,13.2,13.2,0.00,0.00,108,108,300.00,300.00,0,0,0,0,1,1
2024.09.09 16:12:00,SELL,2500.16,3936,3865,NONE,2,2,4.25,4.25,0.0,EMA->TP2,EMA->TP2,0,0,1,1,0,0,1,1,1,1,0,0,1,1,15.85,15.85,0.00,0.00,101,101,300.00,300.00,0,0,0,0,1,1
2024.09.10 01:40:00,BUY,2504.95,3937,3866,NONE,2,2,3.35,3.35,0.0,EMA->TP2,EMA->TP2,0,0,1,1,0,0,1,1,1,1,0,0,1,1,10.85,10.85,0.00,0.00,250,250,300.00,300.00,0,0,0,0,1,1
2024.09.10 06:20:00,SELL,2505.49,3938,3867,NONE,1,1,2.23,2.23,0.0,EMA->TP1,EMA->TP1,0,0,1,1,1,1,0,0,1,1,0,0,1,1,2.42,2.42,0.00,0.00,44,44,300.00,300.00,0,0,0,0,1,1
2024.09.11 17:29:00,BUY,2513.84,3939,3868,NONE,1,1,2.36,2.36,0.0,EMA->TP1,EMA->TP1,0,0,1,1,1,1,0,0,1,1,0,0,1,1,3.04,3.04,0.00,0.00,43,43,300.00,300.00,0,0,0,0,1,1
2024.09.11 18:41:01,BUY,2512.99,3940,3869,NONE,1,1,2.04,2.04,0.0,EMA->TP1,EMA->TP1,0,0,1,1,1,1,0,0,1,1,0,0,1,1,5.0,5.0,0.00,0.00,600,600,300.00,300.00,0,0,0,0,1,1
2024.09.13 06:23:00,BUY,2565.55,3941,3870,NONE,1,1,4.59,4.59,0.0,EMA->TP1,EMA->TP1,0,0,1,1,1,1,0,0,1,1,0,0,1,1,5.06,5.06,0.00,0.00,84,84,300.00,300.00,0,0,0,0,1,1
2024.09.13 20:22:01,BUY,2581.28,3942,3871,NONE,3,3,2.48,2.48,0.0,TP3,TP3,0,0,1,1,0,0,0,0,0,0,0,0,1,1,13.28,13.28,0.00,0.00,3031,3031,300.00,300.00,0,0,0,0,1,1
2024.09.16 07:24:00,BUY,2581.76,3943,3872,NONE,1,1,5.99,5.99,0.0,EMA->TP1,EMA->TP1,0,0,1,1,1,1,0,0,1,1,0,0,1,1,3.48,3.48,0.00,0.00,67,67,300.00,300.00,0,0,0,0,1,1
2024.09.16 10:56:00,BUY,2578.20,3944,3873,NONE,1,1,7.38,7.38,0.0,EMA->TP1,EMA->TP1,0,0,1,1,1,1,0,0,1,1,0,0,1,1,4.76,4.76,0.00,0.00,141,141,300.00,300.00,0,0,0,0,1,1
2024.09.16 13:46:00,BUY,2583.85,3945,3874,NONE,2,2,10.99,10.99,0.0,EMA->TP2,EMA->TP2,0,0,1,1,0,0,1,1,1,1,0,0,1,1,14.36,14.36,0.00,0.00,177,177,300.00,300.00,0,0,0,0,1,1
2024.09.16 17:39:03,BUY,2581.03,3946,3875,NONE,1,1,2.23,2.23,0.0,EMA->TP1,EMA->TP1,0,0,1,1,1,1,0,0,1,1,0,0,1,1,3.21,3.21,0.00,0.00,173,173,300.00,300.00,0,0,0,0,1,1
2024.09.17 04:01:00,BUY,2578.07,3947,3876,NONE,2,2,2.62,2.62,0.0,TP2,TP2,0,0,1,1,0,0,1,1,0,0,0,0,1,1,7.14,7.14,0.00,0.00,51,51,300.00,300.00,0,0,0,0,1,1
2024.09.18 07:24:00,SELL,2569.72,3948,3877,NONE,3,3,5.31,5.31,0.0,EMA->TP3,EMA->TP3,0,0,1,1,0,0,0,0,1,1,0,0,1,1,41.13,41.13,0.01,0.01,376,376,300.00,300.00,0,0,0,0,1,1
2024.09.18 19:26:00,BUY,2563.07,3949,3878,NONE,1,1,17.24,17.24,0.0,EMA->TP1,EMA->TP1,0,0,1,1,1,1,0,0,1,1,0,0,1,1,19.85,19.85,0.00,0.00,742,742,300.00,300.00,0,0,0,0,1,1
2024.09.19 10:14:00,BUY,2590.89,3950,3879,NONE,2,2,6.81,6.81,0.0,EMA->TP2,EMA->TP2,0,0,1,1,0,0,1,1,1,1,0,0,1,1,15.09,15.09,0.00,0.00,108,108,300.00,300.00,0,0,0,0,1,1
2024.09.20 09:59:00,BUY,2606.80,3951,3880,NONE,1,1,8.77,8.77,0.0,EMA->TP1,EMA->TP1,0,0,1,1,1,1,0,0,1,1,0,0,1,1,4.91,4.91,0.00,0.00,123,123,300.00,300.00,0,0,0,0,1,1
2024.09.20 20:34:00,BUY,2620.34,3952,3881,NONE,2,2,2.86,2.86,0.0,EMA->TP2,EMA->TP2,0,0,1,1,0,0,1,1,1,1,0,0,1,1,11.54,11.54,0.00,0.00,3161,3161,300.00,300.00,0,0,0,0,1,1
2024.09.23 06:30:00,BUY,2628.66,3953,3882,NONE,3,3,12.11,12.11,0.0,EMA->TP3,EMA->TP3,0,0,1,1,0,0,0,0,1,1,0,0,1,1,48.45,48.45,0.01,0.01,281,281,300.00,300.00,0,0,0,0,1,1
2024.09.24 17:45:00,BUY,2651.62,3954,3883,NONE,1,1,4.16,4.16,0.0,EMA->TP1,EMA->TP1,0,0,1,1,1,1,0,0,1,1,0,0,1,1,1.97,1.97,0.00,0.00,37,37,300.00,300.00,0,0,0,0,1,1
2024.09.25 16:41:00,BUY,2654.57,3955,3884,NONE,2,2,5.31,5.31,0.0,TP2,TP2,0,0,1,1,0,0,1,1,0,0,0,0,1,1,7.47,7.47,0.00,0.00,15,15,300.00,300.00,0,0,0,0,1,1
2024.09.26 12:43:00,BUY,2672.97,3956,3885,NONE,2,2,18.44,18.44,0.0,EMA->TP2,EMA->TP2,0,0,1,1,0,0,1,1,1,1,0,0,1,1,43.89,43.89,0.01,0.01,168,168,300.00,300.00,0,0,0,0,1,1
2024.09.27 10:50:00,BUY,2664.74,3957,3886,NONE,1,1,3.09,3.09,0.0,EMA->TP1,EMA->TP1,0,0,1,1,1,1,0,0,1,1,0,0,1,1,1.04,1.04,0.00,0.00,33,33,300.00,300.00,0,0,0,0,1,1
2024.09.30 00:08:00,SELL,2664.57,3958,3887,NONE,1,1,3.76,3.76,0.0,EMA->TP1,EMA->TP1,0,0,1,1,1,1,0,0,1,1,0,0,1,1,3.34,3.34,0.00,0.00,65,65,300.00,300.00,0,0,0,0,1,1
2024.09.30 05:58:00,SELL,2657.86,3959,3888,NONE,2,2,2.23,2.23,0.0,EMA->TP2,EMA->TP2,0,0,1,1,0,0,1,1,1,1,0,0,1,1,6.32,6.32,0.00,0.00,92,92,300.00,300.00,0,0,0,0,1,1
2024.09.30 12:53:00,BUY,2636.90,3960,3889,NONE,1,1,4.72,4.72,0.0,EMA->TP1,EMA->TP1,0,0,1,1,1,1,0,0,1,1,0,0,1,1,1.49,1.49,0.00,0.00,10,10,300.00,300.00,0,0,0,0,1,1
2024.09.30 14:22:00,BUY,2632.78,3961,3890,NONE,1,1,7.57,7.57,0.0,EMA->TP1,EMA->TP1,0,0,1,1,1,1,0,0,1,1,0,0,1,1,5.92,5.92,0.00,0.00,161,161,300.00,300.00,0,0,0,0,1,1
2024.09.30 17:58:00,SELL,2637.39,3962,3891,NONE,1,1,4.5,4.5,0.0,EMA->TP1,EMA->TP1,0,0,1,1,1,1,0,0,1,1,0,0,1,1,1.25,1.25,0.00,0.00,9,9,300.00,300.00,0,0,0,0,1,1
2024.10.01 03:19:00,BUY,2636.13,3963,3892,NONE,2,2,2.44,2.44,0.0,TP2,TP2,0,0,1,1,0,0,1,1,0,0,0,0,1,1,2.95,2.95,0.00,0.00,25,25,300.00,300.00,0,0,0,0,1,1
2024.10.02 11:09:00,BUY,2649.31,3964,3893,NONE,2,2,5.29,5.29,0.0,EMA->TP2,EMA->TP2,0,0,1,1,0,0,1,1,1,1,0,0,1,1,12.89,12.89,0.00,0.00,83,83,300.00,300.00,0,0,0,0,1,1
2024.10.02 15:18:00,BUY,2646.47,3965,3894,NONE,1,1,9.18,9.18,0.0,EMA->TP1,EMA->TP1,0,0,1,1,1,1,0,0,1,1,0,0,1,1,5.06,5.06,0.00,0.00,213,213,300.00,300.00,0,0,0,0,1,1
2024.10.03 02:20:01,BUY,2656.43,3966,3895,NONE,2,2,2.0,2.0,0.0,EMA->TP1->TP2,EMA->TP1->TP2,0,0,1,1,1,1,1,1,1,1,0,0,1,1,8.84,8.84,0.00,0.00,82,82,300.00,300.00,0,0,0,0,1,1
2024.10.03 05:42:00,BUY,2653.78,3967,3896,NONE,1,1,3.01,3.01,0.0,EMA->TP1,EMA->TP1,0,0,1,1,1,1,0,0,1,1,0,0,1,1,3.09,3.09,0.00,0.00,62,62,300.00,300.00,0,0,0,0,1,1
2024.10.03 11:31:00,BUY,2645.76,3968,3897,NONE,1,1,4.18,4.18,0.0,EMA->TP1,EMA->TP1,0,0,1,1,1,1,0,0,1,1,0,0,1,1,2.88,2.88,0.00,0.00,53,53,300.00,300.00,0,0,0,0,1,1
2024.10.03 17:23:00,SELL,2659.34,3969,3898,NONE,2,2,11.05,11.05,0.0,EMA->TP2,EMA->TP2,0,0,1,1,0,0,1,1,1,1,0,0,1,1,14.85,14.85,0.00,0.00,815,815,300.00,300.00,0,0,0,0,1,1
2024.10.04 10:02:05,BUY,2657.82,3970,3899,NONE,1,1,2.47,2.47,0.0,EMA->TP1,EMA->TP1,0,0,1,1,1,1,0,0,1,1,0,0,1,1,1.76,1.76,0.00,0.00,38,38,300.00,300.00,0,0,0,0,1,1
2024.10.07 03:36:00,BUY,2646.49,3971,3900,NONE,2,2,3.12,3.12,0.0,TP2,TP2,0,0,1,1,0,0,1,1,0,0,0,0,1,1,4.46,4.46,0.00,0.00,14,14,300.00,300.00,0,0,0,0,1,1
2024.10.07 05:33:00,BUY,2644.05,3972,3901,NONE,2,2,2.4,2.4,0.0,TP2,TP2,0,0,1,1,0,0,1,1,0,0,0,0,1,1,9.96,9.96,0.00,0.00,77,77,300.00,300.00,0,0,0,0,1,1
2024.10.07 09:12:00,BUY,2652.36,3973,3902,NONE,1,1,2.99,2.99,0.0,EMA->TP1,EMA->TP1,0,0,1,1,1,1,0,0,1,1,0,0,1,1,1.98,1.98,0.00,0.00,40,40,300.00,300.00,0,0,0,0,1,1
2024.10.07 10:29:00,SELL,2657.61,3974,3903,NONE,1,1,2.06,2.06,0.0,TP1,TP1,0,0,1,1,1,1,0,0,0,0,0,0,1,1,1.32,1.32,0.00,0.00,30,30,300.00,300.00,0,0,0,0,1,1
2024.10.07 19:33:01,SELL,2642.70,3975,3904,NONE,3,3,3.23,3.23,0.0,EMA->TP3,EMA->TP3,0,0,1,1,0,0,0,0,1,1,0,0,1,1,21.41,21.41,0.00,0.00,183,183,300.00,300.00,0,0,0,0,1,1
2024.10.08 00:37:00,BUY,2643.38,3976,3905,NONE,2,2,2.8,2.8,0.0,EMA->TP2,EMA->TP2,0,0,1,1,0,0,1,1,1,1,0,0,1,1,14.56,14.56,0.00,0.00,73,73,300.00,300.00,0,0,0,0,1,1
2024.10.08 03:48:00,SELL,2643.89,3977,3906,NONE,1,1,4.72,4.72,0.0,EMA->TP1,EMA->TP1,0,0,1,1,1,1,0,0,1,1,0,0,1,1,5.08,5.08,0.00,0.00,167,167,300.00,300.00,0,0,0,0,1,1
2024.10.08 06:57:00,BUY,2636.82,3978,3907,NONE,2,2,5.18,5.18,0.0,TP2,TP2,0,0,1,1,0,0,1,1,0,0,0,0,1,1,10.42,10.42,0.00,0.00,13,13,300.00,300.00,0,0,0,0,1,1
2024.10.08 11:15:00,SELL,2646.20,3979,3908,NONE,2,2,7.21,7.21,0.0,TP2,TP2,0,0,1,1,0,0,1,1,0,0,0,0,1,1,12.78,12.78,0.00,0.00,75,75,300.00,300.00,0,0,0,0,1,1
2024.10.08 13:39:00,BUY,2640.38,3980,3909,NONE,3,3,16.17,16.17,0.0,EMA->TP3,EMA->TP3,0,0,1,1,0,0,0,0,1,1,0,0,1,1,156.64,156.64,0.03,0.03,3218,3218,300.00,300.00,0,0,0,0,1,1
2024.10.11 06:08:01,BUY,2644.63,3981,3910,NONE,3,3,6.24,6.24,0.0,EMA->TP2->TP3,EMA->TP2->TP3,0,0,1,1,0,0,1,1,1,1,0,0,1,1,19.19,19.19,0.00,0.00,78,78,300.00,300.00,0,0,0,0,1,1
2024.10.11 18:43:00,BUY,2657.03,3982,3911,NONE,2,2,2.56,2.56,0.0,EMA->TP2,EMA->TP2,0,0,1,1,0,0,1,1,1,1,0,0,1,1,5.83,5.83,0.00,0.00,120,120,300.00,300.00,0,0,0,0,1,1
2024.10.14 00:42:01,SELL,2647.24,3983,3912,NONE,1,1,2.01,2.01,0.0,EMA->TP1,EMA->TP1,0,0,1,1,1,1,0,0,1,1,0,0,1,1,1.82,1.82,0.00,0.00,18,18,300.00,300.00,0,0,0,0,1,1
2024.10.14 19:04:00,BUY,2650.76,3984,3913,NONE,2,2,11.61,11.61,0.0,EMA->TP2,EMA->TP2,0,0,1,1,0,0,1,1,1,1,0,0,1,1,25.47,25.47,0.01,0.01,717,717,300.00,300.00,0,0,0,0,1,1
2024.10.15 11:11:01,BUY,2653.16,3985,3914,NONE,2,2,2.39,2.39,0.0,EMA->TP2,EMA->TP2,0,0,1,1,0,0,1,1,1,1,0,0,1,1,4.45,4.45,0.00,0.00,20,20,300.00,300.00,0,0,0,0,1,1
2024.10.16 20:57:00,BUY,2673.97,3986,3915,NONE,1,1,2.05,2.05,0.0,EMA->TP1,EMA->TP1,0,0,1,1,1,1,0,0,1,1,0,0,1,1,3.04,3.04,0.00,0.00,243,243,300.00,300.00,0,0,0,0,1,1
2024.10.17 16:22:00,BUY,2689.75,3987,3916,NONE,2,2,5.75,5.75,0.0,TP2,TP2,0,0,1,1,0,0,1,1,0,0,0,0,1,1,9.94,9.94,0.00,0.00,20,20,300.00,300.00,0,0,0,0,1,1
2024.10.18 08:03:00,BUY,2704.36,3988,3917,NONE,1,1,4.15,4.15,0.0,EMA->TP1,EMA->TP1,0,0,1,1,1,1,0,0,1,1,0,0,1,1,3.23,3.23,0.00,0.00,69,69,300.00,300.00,0,0,0,0,1,1
2024.10.21 01:37:00,BUY,2728.32,3989,3918,NONE,1,1,5.62,5.62,0.0,EMA->TP1,EMA->TP1,0,0,1,1,1,1,0,0,1,1,0,0,1,1,9.21,9.21,0.00,0.00,456,456,300.00,300.00,0,0,0,0,1,1
2024.10.21 16:31:00,BUY,2720.38,3990,3919,NONE,1,1,4.17,4.17,0.0,TP1,TP1,0,0,1,1,1,1,0,0,0,0,0,0,1,1,2.6,2.6,0.00,0.00,30,30,300.00,300.00,0,0,0,0,1,1
2024.10.21 17:21:00,BUY,2725.36,3991,3920,NONE,3,3,8.61,8.61,0.0,EMA->TP3,EMA->TP3,0,0,1,1,0,0,0,0,1,1,0,0,1,1,36.73,36.73,0.01,0.01,365,365,300.00,300.00,0,0,0,0,1,1
2024.10.22 12:10:00,BUY,2733.90,3992,3921,NONE,1,1,4.94,4.94,0.0,EMA->TP1,EMA->TP1,0,0,1,1,1,1,0,0,1,1,0,0,1,1,4.15,4.15,0.00,0.00,59,59,300.00,300.00,0,0,0,0,1,1
2024.10.23 12:32:00,BUY,2745.01,3993,3922,ALLOW,4,4,2.71,2.71,0.0,NET_BASKET_BE,NET_BASKET_BE,0,0,0,0,0,0,0,0,0,0,0,0,1,1,183.0,183.0,0.04,0.04,1045,1045,300.00,300.00,1,1,0,0,1,1
2024.10.24 12:40:00,BUY,2739.66,3994,3923,NONE,3,3,13.26,13.26,0.0,EMA->TP3,EMA->TP3,0,0,1,1,0,0,0,0,1,1,0,0,1,1,62.09,62.09,0.01,0.01,250,250,300.00,300.00,0,0,0,0,1,1
2024.10.24 22:31:00,BUY,2735.46,3995,3924,NONE,3,3,2.58,2.58,0.0,EMA->TP3,EMA->TP3,0,0,1,1,0,0,0,0,1,1,0,0,1,1,18.9,18.9,0.00,0.00,163,163,300.00,300.00,0,0,0,0,1,1
2024.10.25 01:15:00,BUY,2734.84,3996,3925,NONE,3,3,9.18,9.18,0.0,EMA->TP3,EMA->TP3,0,0,1,1,0,0,0,0,1,1,0,0,1,1,33.43,33.43,0.01,0.01,332,332,300.00,300.00,0,0,0,0,1,1
2024.10.25 07:02:00,SELL,2731.00,3997,3926,NONE,1,1,3.63,3.63,0.0,EMA->TP1,EMA->TP1,0,0,1,1,1,1,0,0,1,1,0,0,1,1,1.81,1.81,0.00,0.00,37,37,300.00,300.00,0,0,0,0,1,1
2024.10.25 09:19:00,SELL,2719.01,3998,3927,VETO,5,3,24.53,-300.17,-324.7,EMA->NET_BASKET_BE,EMA->SL$,0,1,0,0,0,0,0,0,1,1,1,0,1,0,204.14,305.87,0.04,0.06,3641,6344,300.00,300.00,1,0,0,0,1,1
2024.10.29 19:35:00,BUY,2772.10,4003,3928,NONE,1,1,2.22,2.22,0.0,EMA->TP1,EMA->TP1,0,0,1,1,1,1,0,0,1,1,0,0,1,1,1.33,1.33,0.00,0.00,81,81,300.00,300.00,0,0,0,0,1,1
2024.10.30 19:46:00,BUY,2785.66,4004,3929,NONE,1,1,2.02,2.02,0.0,EMA->TP1,EMA->TP1,0,0,1,1,1,1,0,0,1,1,0,0,1,1,5.57,5.57,0.00,0.00,319,319,300.00,300.00,0,0,0,0,1,1
2024.10.31 11:40:02,BUY,2778.97,4005,3930,NONE,2,2,4.8,4.8,0.0,EMA->TP2,EMA->TP2,0,0,1,1,0,0,1,1,1,1,0,0,1,1,8.3,8.3,0.00,0.00,53,53,300.00,300.00,0,0,0,0,1,1
2024.10.31 15:09:00,BUY,2735.76,4006,3931,NONE,1,1,10.72,10.72,0.0,EMA->TP1,EMA->TP1,0,0,1,1,1,1,0,0,1,1,0,0,1,1,5.63,5.63,0.00,0.00,206,206,300.00,300.00,0,0,0,0,1,1
2024.11.01 01:02:00,BUY,2746.22,4007,3932,NONE,1,1,4.16,4.16,0.0,EMA->TP1,EMA->TP1,0,0,1,1,1,1,0,0,1,1,0,0,1,1,2.72,2.72,0.00,0.00,61,61,300.00,300.00,0,0,0,0,1,1
2024.11.01 09:18:00,SELL,2753.14,4008,3933,NONE,1,1,2.96,2.96,0.0,EMA->TP1,EMA->TP1,0,0,1,1,1,1,0,0,1,1,0,0,1,1,1.39,1.39,0.00,0.00,18,18,300.00,300.00,0,0,0,0,1,1
2024.11.01 13:19:00,SELL,2759.07,4009,3934,NONE,1,1,7.24,7.24,0.0,EMA->TP1,EMA->TP1,0,0,1,1,1,1,0,0,1,1,0,0,1,1,7.34,7.34,0.00,0.00,63,63,300.00,300.00,0,0,0,0,1,1
2024.11.01 18:23:00,BUY,2735.16,4010,3935,NONE,1,1,2.85,2.85,0.0,EMA->TP1,EMA->TP1,0,0,1,1,1,1,0,0,1,1,0,0,1,1,5.37,5.37,0.00,0.00,3157,3157,300.00,300.00,0,0,0,0,1,1
2024.11.03 23:53:00,SELL,2739.13,4011,3936,NONE,2,2,2.07,2.07,0.0,EMA->TP1->TP2,EMA->TP1->TP2,0,0,1,1,1,1,1,1,1,1,0,0,1,1,5.56,5.56,0.00,0.00,69,69,300.00,300.00,0,0,0,0,1,1
2024.11.04 21:31:00,BUY,2736.70,4012,3937,NONE,3,3,2.29,2.29,0.0,EMA->TP2->TP3,EMA->TP2->TP3,0,0,1,1,0,0,1,1,1,1,0,0,1,1,14.96,14.96,0.00,0.00,257,257,300.00,300.00,0,0,0,0,1,1
2024.11.05 03:59:00,SELL,2735.05,4013,3938,NONE,1,1,2.45,2.45,0.0,EMA->TP1,EMA->TP1,0,0,1,1,1,1,0,0,1,1,0,0,1,1,4.16,4.16,0.00,0.00,119,119,300.00,300.00,0,0,0,0,1,1
2024.11.05 05:59:00,SELL,2732.24,4014,3939,NONE,3,3,4.0,4.0,0.0,EMA->TP3,EMA->TP3,0,0,1,1,0,0,0,0,1,1,0,0,1,1,33.64,33.64,0.01,0.01,118,118,300.00,300.00,0,0,0,0,1,1
2024.11.05 09:05:00,SELL,2742.30,4015,3940,NONE,1,1,3.86,3.86,0.0,EMA->TP1,EMA->TP1,0,0,1,1,1,1,0,0,1,1,0,0,1,1,3.3,3.3,0.00,0.00,64,64,300.00,300.00,0,0,0,0,1,1
2024.11.05 12:10:02,SELL,2741.59,4016,3941,NONE,1,1,3.4,3.4,0.0,EMA->TP1,EMA->TP1,0,0,1,1,1,1,0,0,1,1,0,0,1,1,1.39,1.39,0.00,0.00,44,44,300.00,300.00,0,0,0,0,1,1
2024.11.05 14:04:00,SELL,2744.43,4017,3942,NONE,1,1,8.22,8.22,0.0,EMA->TP1,EMA->TP1,0,0,1,1,1,1,0,0,1,1,0,0,1,1,6.79,6.79,0.00,0.00,72,72,300.00,300.00,0,0,0,0,1,1
2024.11.05 20:49:00,BUY,2741.47,4018,3943,NONE,1,1,3.06,3.06,0.0,EMA->TP1,EMA->TP1,0,0,1,1,1,1,0,0,1,1,0,0,1,1,0.95,0.95,0.00,0.00,38,38,300.00,300.00,0,0,0,0,1,1
2024.11.06 01:49:00,SELL,2744.91,4019,3944,NONE,1,1,7.43,7.43,0.0,EMA->TP1,EMA->TP1,0,0,1,1,1,1,0,0,1,1,0,0,1,1,5.91,5.91,0.00,0.00,65,65,300.00,300.00,0,0,0,0,1,1
2024.11.07 06:45:02,BUY,2656.22,4020,3945,NONE,1,1,3.18,3.18,0.0,EMA->TP1,EMA->TP1,0,0,1,1,1,1,0,0,1,1,0,0,1,1,2.41,2.41,0.00,0.00,24,24,300.00,300.00,0,0,0,0,1,1
2024.11.07 16:32:00,BUY,2693.13,4021,3946,NONE,1,1,5.67,5.67,0.0,EMA->TP1,EMA->TP1,0,0,1,1,1,1,0,0,1,1,0,0,1,1,4.05,4.05,0.00,0.00,48,48,300.00,300.00,0,0,0,0,1,1
2024.11.08 03:47:00,BUY,2695.45,4022,3947,NONE,2,2,2.53,2.53,0.0,TP2,TP2,0,0,1,1,0,0,1,1,0,0,0,0,1,1,3.84,3.84,0.00,0.00,45,45,300.00,300.00,0,0,0,0,1,1
2024.11.08 15:21:00,BUY,2687.51,4023,3948,VETO,4,3,-301.31,-300.25,1.06,EMA->SL$,EMA->SL$,1,1,0,0,0,0,0,0,1,1,0,0,0,0,307.53,307.38,0.06,0.06,4240,4271,300.00,300.00,0,0,0,0,1,1
2024.11.13 13:31:00,BUY,2618.51,4024,3949,NONE,3,3,-300.3,-300.3,0.0,EMA->SL$,EMA->SL$,1,1,0,0,0,0,0,0,1,1,0,0,0,0,298.39,298.39,0.06,0.06,1204,1204,300.00,300.00,0,0,0,0,1,1
2024.11.15 12:25:00,BUY,2567.47,4025,3950,NONE,1,1,3.62,3.62,0.0,EMA->TP1,EMA->TP1,0,0,1,1,1,1,0,0,1,1,0,0,1,1,2.75,2.75,0.00,0.00,42,42,300.00,300.00,0,0,0,0,1,1
2024.11.15 15:49:00,BUY,2568.43,4026,3951,NONE,2,2,10.67,10.67,0.0,EMA->TP2,EMA->TP2,0,0,1,1,0,0,1,1,1,1,0,0,1,1,17.59,17.59,0.00,0.00,182,182,300.00,300.00,0,0,0,0,1,1
2024.11.15 20:15:01,BUY,2562.51,4027,3952,NONE,2,2,2.84,2.84,0.0,TP2,TP2,0,0,1,1,0,0,1,1,0,0,0,0,1,1,4.72,4.72,0.00,0.00,25,25,300.00,300.00,0,0,0,0,1,1
2024.11.18 10:36:00,BUY,2592.01,4028,3953,NONE,1,1,5.11,5.11,0.0,EMA->TP1,EMA->TP1,0,0,1,1,1,1,0,0,1,1,0,0,1,1,5.09,5.09,0.00,0.00,148,148,300.00,300.00,0,0,0,0,1,1
2024.11.18 16:46:00,BUY,2610.91,4029,3954,NONE,1,1,3.38,3.38,0.0,EMA->TP1,EMA->TP1,0,0,1,1,1,1,0,0,1,1,0,0,1,1,5.12,5.12,0.00,0.00,494,494,300.00,300.00,0,0,0,0,1,1
2024.11.19 21:22:01,BUY,2632.11,4030,3955,NONE,1,1,3.09,3.09,0.0,EMA->TP1,EMA->TP1,0,0,1,1,1,1,0,0,1,1,0,0,1,1,1.94,1.94,0.00,0.00,154,154,300.00,300.00,0,0,0,0,1,1
2024.11.20 07:12:00,BUY,2628.53,4031,3956,NONE,3,3,9.09,9.09,0.0,TP3,TP3,0,0,1,1,0,0,0,0,0,0,0,0,1,1,30.45,30.45,0.01,0.01,112,112,300.00,300.00,0,0,0,0,1,1
2024.11.20 20:39:00,BUY,2648.89,4032,3957,NONE,1,1,2.97,2.97,0.0,EMA->TP1,EMA->TP1,0,0,1,1,1,1,0,0,1,1,0,0,1,1,2.38,2.38,0.00,0.00,180,180,300.00,300.00,0,0,0,0,1,1
2024.11.21 06:07:00,SELL,2656.86,4033,3958,ALLOW,4,4,2.42,2.42,0.0,EMA->NET_BASKET_BE,EMA->NET_BASKET_BE,0,0,0,0,0,0,0,0,1,1,0,0,1,1,78.31,78.31,0.02,0.02,364,364,300.00,300.00,1,1,0,0,1,1
2024.11.21 23:23:08,BUY,2669.45,4034,3959,NONE,1,1,2.02,2.02,0.0,EMA->TP1,EMA->TP1,0,0,1,1,1,1,0,0,1,1,0,0,1,1,1.83,1.83,0.00,0.00,54,54,300.00,300.00,0,0,0,0,1,1
2024.11.22 03:51:00,BUY,2685.59,4035,3960,NONE,1,1,6.69,6.69,0.0,EMA->TP1,EMA->TP1,0,0,1,1,1,1,0,0,1,1,0,0,1,1,4.13,4.13,0.00,0.00,59,59,300.00,300.00,0,0,0,0,1,1
2024.11.22 11:44:00,BUY,2701.93,4036,3961,NONE,2,2,10.92,10.92,0.0,EMA->TP2,EMA->TP2,0,0,1,1,0,0,1,1,1,1,0,0,1,1,40.97,40.97,0.01,0.01,230,230,300.00,300.00,0,0,0,0,1,1
2024.11.25 05:58:00,BUY,2662.97,4037,3962,NONE,1,1,11.9,11.9,0.0,EMA->TP1,EMA->TP1,0,0,1,1,1,1,0,0,1,1,0,0,1,1,8.74,8.74,0.00,0.00,199,199,300.00,300.00,0,0,0,0,1,1
2024.11.25 10:32:00,BUY,2670.97,4038,3963,NONE,1,1,4.75,4.75,0.0,EMA->TP1,EMA->TP1,0,0,1,1,1,1,0,0,1,1,0,0,1,1,1.67,1.67,0.00,0.00,23,23,300.00,300.00,0,0,0,0,1,1
2024.11.25 15:25:00,BUY,2633.55,4039,3964,NONE,3,3,20.61,20.61,0.0,EMA->TP3,EMA->TP3,0,0,1,1,0,0,0,0,1,1,0,0,1,1,99.63,99.63,0.02,0.02,576,576,300.00,300.00,0,0,0,0,1,1
2024.11.26 10:26:00,SELL,2628.36,4040,3965,NONE,2,2,5.27,5.27,0.0,TP2,TP2,0,0,1,1,0,0,1,1,0,0,0,0,1,1,6.83,6.83,0.00,0.00,21,21,300.00,300.00,0,0,0,0,1,1
2024.11.26 11:38:00,SELL,2631.09,4041,3966,NONE,2,2,7.55,7.55,0.0,TP2,TP2,0,0,1,1,0,0,1,1,0,0,0,0,1,1,23.15,23.15,0.00,0.00,112,112,300.00,300.00,0,0,0,0,1,1
2024.11.27 01:09:00,SELL,2627.97,4042,3967,NONE,2,2,4.13,4.13,0.0,EMA->TP2,EMA->TP2,0,0,1,1,0,0,1,1,1,1,0,0,1,1,8.78,8.78,0.00,0.00,37,37,300.00,300.00,0,0,0,0,1,1
2024.11.27 17:42:00,BUY,2639.72,4043,3968,NONE,3,3,6.31,6.31,0.0,EMA->TP3,EMA->TP3,0,0,1,1,0,0,0,0,1,1,0,0,1,1,86.84,86.84,0.02,0.02,764,764,300.00,300.00,0,0,0,0,1,1
2024.11.29 03:00:00,BUY,2657.74,4044,3969,NONE,1,1,4.0,4.0,0.0,EMA->TP1,EMA->TP1,0,0,1,1,1,1,0,0,1,1,0,0,1,1,3.79,3.79,0.00,0.00,100,100,300.00,300.00,0,0,0,0,1,1
2024.11.29 18:25:00,BUY,2659.81,4045,3970,ALLOW,5,5,-300.56,-300.56,0.0,EMA->SL$,EMA->SL$,1,1,0,0,0,0,0,0,1,1,1,1,0,0,299.36,299.36,0.06,0.06,3298,3298,300.00,300.00,0,0,0,0,1,1
2024.12.02 06:27:00,BUY,2624.51,4046,3971,NONE,1,1,3.67,3.67,0.0,EMA->TP1,EMA->TP1,0,0,1,1,1,1,0,0,1,1,0,0,1,1,2.59,2.59,0.00,0.00,42,42,300.00,300.00,0,0,0,0,1,1
2024.12.02 15:06:00,BUY,2647.41,4047,3972,NONE,2,2,13.79,13.79,0.0,EMA->TP2,EMA->TP2,0,0,1,1,0,0,1,1,1,1,0,0,1,1,33.48,33.48,0.01,0.01,906,906,300.00,300.00,0,0,0,0,1,1
2024.12.03 08:27:00,BUY,2641.28,4048,3973,NONE,1,1,4.4,4.4,0.0,EMA->TP1,EMA->TP1,0,0,1,1,1,1,0,0,1,1,0,0,1,1,3.05,3.05,0.00,0.00,33,33,300.00,300.00,0,0,0,0,1,1
2024.12.03 09:44:00,BUY,2647.47,4049,3974,NONE,2,2,7.89,7.89,0.0,EMA->TP2,EMA->TP2,0,0,1,1,0,0,1,1,1,1,0,0,1,1,19.01,19.01,0.00,0.00,225,225,300.00,300.00,0,0,0,0,1,1
2024.12.04 07:39:00,BUY,2643.97,4050,3975,NONE,2,2,7.55,7.55,0.0,EMA->TP2,EMA->TP2,0,0,1,1,0,0,1,1,1,1,0,0,1,1,12.4,12.4,0.00,0.00,192,192,300.00,300.00,0,0,0,0,1,1
2024.12.04 16:57:00,BUY,2650.03,4051,3976,NONE,1,1,3.95,3.95,0.0,EMA->TP1,EMA->TP1,0,0,1,1,1,1,0,0,1,1,0,0,1,1,6.2,6.2,0.00,0.00,138,138,300.00,300.00,0,0,0,0,1,1
2024.12.05 06:54:00,BUY,2648.41,4052,3977,NONE,2,2,4.19,4.19,0.0,TP2,TP2,0,0,1,1,0,0,1,1,0,0,0,0,1,1,4.03,4.03,0.00,0.00,23,23,300.00,300.00,0,0,0,0,1,1
2024.12.05 15:17:00,BUY,2637.53,4053,3978,NONE,3,3,18.76,18.76,0.0,EMA->TP3,EMA->TP3,0,0,1,1,0,0,0,0,1,1,0,0,1,1,93.84,93.84,0.02,0.02,723,723,300.00,300.00,0,0,0,0,1,1
2024.12.06 09:39:03,BUY,2642.38,4054,3979,NONE,2,2,6.08,6.08,0.0,EMA->TP2,EMA->TP2,0,0,1,1,0,0,1,1,1,1,0,0,1,1,24.13,24.13,0.00,0.00,231,231,300.00,300.00,0,0,0,0,1,1
2024.12.06 13:39:00,BUY,2642.55,4055,3980,NONE,2,2,21.35,21.35,0.0,EMA->TP2,EMA->TP2,0,0,1,1,0,0,1,1,1,1,0,0,1,1,27.92,27.92,0.01,0.01,93,93,300.00,300.00,0,0,0,0,1,1
2024.12.06 18:54:00,BUY,2636.97,4056,3981,NONE,3,3,64.66,64.66,0.0,EMA->TP1->TP2->TP3,EMA->TP1->TP2->TP3,0,0,1,1,1,1,1,1,1,1,0,0,1,1,21.86,21.86,0.00,0.00,3126,3126,300.00,300.00,0,0,0,0,1,1
2024.12.09 03:30:00,BUY,2642.03,4057,3982,NONE,2,2,6.57,6.57,0.0,EMA->TP2,EMA->TP2,0,0,1,1,0,0,1,1,1,1,0,0,1,1,14.79,14.79,0.00,0.00,159,159,300.00,300.00,0,0,0,0,1,1
2024.12.09 15:51:00,BUY,2670.16,4058,3983,NONE,2,2,7.04,7.04,0.0,EMA->TP2,EMA->TP2,0,0,1,1,0,0,1,1,1,1,0,0,1,1,30.08,30.08,0.01,0.01,614,614,300.00,300.00,0,0,0,0,1,1
2024.12.10 16:03:00,BUY,2687.79,4059,3984,NONE,1,1,9.57,9.57,0.0,EMA->TP1,EMA->TP1,0,0,1,1,1,1,0,0,1,1,0,0,1,1,5.91,5.91,0.00,0.00,465,465,300.00,300.00,0,0,0,0,1,1
2024.12.11 19:05:00,BUY,2715.40,4060,3985,NONE,1,1,4.67,4.67,0.0,EMA->TP1,EMA->TP1,0,0,1,1,1,1,0,0,1,1,0,0,1,1,4.12,4.12,0.00,0.00,288,288,300.00,300.00,0,0,0,0,1,1
2024.12.12 13:08:00,BUY,2707.78,4061,3986,NONE,2,2,7.91,7.91,0.0,TP2,TP2,0,0,1,1,0,0,1,1,0,0,0,0,1,1,9.46,9.46,0.00,0.00,12,12,300.00,300.00,0,0,0,0,1,1
2024.12.12 21:04:00,BUY,2680.41,4062,3987,NONE,1,1,2.07,2.07,0.0,TP1,TP1,0,0,1,1,1,1,0,0,0,0,0,0,1,1,0.69,0.69,0.00,0.00,18,18,300.00,300.00,0,0,0,0,1,1
2024.12.13 09:25:00,BUY,2672.66,4063,3988,NONE,2,2,5.86,5.86,0.0,EMA->TP2,EMA->TP2,0,0,1,1,0,0,1,1,1,1,0,0,1,1,23.56,23.56,0.00,0.00,198,198,300.00,300.00,0,0,0,0,1,1
2024.12.13 20:28:00,BUY,2651.97,4064,3989,NONE,2,2,3.85,3.85,0.0,EMA->TP2,EMA->TP2,0,0,1,1,0,0,1,1,1,1,0,0,1,1,12.48,12.48,0.00,0.00,3073,3073,300.00,300.00,0,0,0,0,1,1
2024.12.16 09:03:00,BUY,2659.49,4065,3990,NONE,1,1,4.53,4.53,0.0,EMA->TP1,EMA->TP1,0,0,1,1,1,1,0,0,1,1,0,0,1,1,4.3,4.3,0.00,0.00,184,184,300.00,300.00,0,0,0,0,1,1
2024.12.16 13:51:00,BUY,2661.43,4066,3991,NONE,3,3,12.96,12.96,0.0,EMA->TP3,EMA->TP3,0,0,1,1,0,0,0,0,1,1,0,0,1,1,44.39,44.39,0.01,0.01,1057,1057,300.00,300.00,0,0,0,0,1,1
2024.12.17 12:45:00,SELL,2643.11,4067,3992,NONE,1,1,3.95,3.95,0.0,EMA->TP1,EMA->TP1,0,0,1,1,1,1,0,0,1,1,0,0,1,1,4.93,4.93,0.00,0.00,51,51,300.00,300.00,0,0,0,0,1,1
2024.12.18 13:11:00,BUY,2643.32,4068,3993,ALLOW,5,5,-301.1,-301.1,0.0,EMA->SL$,EMA->SL$,1,1,0,0,0,0,0,0,1,1,1,1,0,0,302.67,302.67,0.06,0.06,429,429,300.00,300.00,0,0,0,0,1,1
2024.12.20 09:07:00,BUY,2605.69,4069,3994,NONE,2,2,5.05,5.05,0.0,EMA->TP2,EMA->TP2,0,0,1,1,0,0,1,1,1,1,0,0,1,1,11.79,11.79,0.00,0.00,196,196,300.00,300.00,0,0,0,0,1,1
2024.12.20 20:29:00,BUY,2627.11,4070,3995,NONE,3,3,2.13,2.13,0.0,EMA->TP3,EMA->TP3,0,0,1,1,0,0,0,0,1,1,0,0,1,1,29.88,29.88,0.01,0.01,3093,3093,300.00,300.00,0,0,0,0,1,1
2024.12.23 05:14:00,SELL,2625.57,4071,3996,NONE,2,2,2.1,2.1,0.0,TP2,TP2,0,0,1,1,0,0,1,1,0,0,0,0,1,1,8.28,8.28,0.00,0.00,51,51,300.00,300.00,0,0,0,0,1,1
2024.12.23 08:46:00,SELL,2630.64,4072,3997,NONE,1,1,2.7,2.7,0.0,EMA->TP1,EMA->TP1,0,0,1,1,1,1,0,0,1,1,0,0,1,1,1.82,1.82,0.00,0.00,40,40,300.00,300.00,0,0,0,0,1,1
2024.12.24 15:03:01,BUY,2611.94,4073,3998,NONE,1,1,3.83,3.83,0.0,EMA->TP1,EMA->TP1,0,0,1,1,1,1,0,0,1,1,0,0,1,1,3.19,3.19,0.00,0.00,84,84,300.00,300.00,0,0,0,0,1,1
2024.12.24 17:16:00,BUY,2617.05,4074,3999,NONE,1,1,2.03,2.03,0.0,EMA->TP1,EMA->TP1,0,0,1,1,1,1,0,0,1,1,0,0,1,1,5.7,5.7,0.00,0.00,1880,1880,300.00,300.00,0,0,0,0,1,1
2024.12.26 05:25:03,BUY,2627.74,4075,4000,NONE,2,2,4.08,4.08,0.0,EMA->TP2,EMA->TP2,0,0,1,1,0,0,1,1,1,1,0,0,1,1,9.11,9.11,0.00,0.00,162,162,300.00,300.00,0,0,0,0,1,1
2024.12.26 08:25:01,SELL,2626.94,4076,4001,NONE,2,2,2.86,2.86,0.0,EMA->TP2,EMA->TP2,0,0,1,1,0,0,1,1,1,1,0,0,1,1,9.06,9.06,0.00,0.00,296,296,300.00,300.00,0,0,0,0,1,1
2024.12.26 14:06:00,BUY,2624.50,4077,4002,NONE,1,1,4.66,4.66,0.0,EMA->TP1,EMA->TP1,0,0,1,1,1,1,0,0,1,1,0,0,1,1,2.85,2.85,0.00,0.00,51,51,300.00,300.00,0,0,0,0,1,1
2024.12.27 05:09:00,SELL,2633.03,4078,4003,NONE,3,3,2.06,2.06,0.0,EMA->TP3,EMA->TP3,0,0,1,1,0,0,0,0,1,1,0,0,1,1,19.53,19.53,0.00,0.00,159,159,300.00,300.00,0,0,0,0,1,1
2024.12.27 09:19:00,BUY,2626.93,4079,4004,NONE,1,1,3.71,3.71,0.0,EMA->TP1,EMA->TP1,0,0,1,1,1,1,0,0,1,1,0,0,1,1,4.64,4.64,0.00,0.00,180,180,300.00,300.00,0,0,0,0,1,1
2024.12.27 12:24:00,SELL,2630.13,4080,4005,NONE,1,1,2.34,2.34,0.0,EMA->TP1,EMA->TP1,0,0,1,1,1,1,0,0,1,1,0,0,1,1,2.52,2.52,0.00,0.00,23,23,300.00,300.00,0,0,0,0,1,1
2024.12.27 13:41:00,BUY,2621.02,4081,4006,NONE,2,2,8.07,8.07,0.0,EMA->TP2,EMA->TP2,0,0,1,1,0,0,1,1,1,1,0,0,1,1,22.5,22.5,0.00,0.00,368,368,300.00,300.00,0,0,0,0,1,1
2024.12.27 20:34:00,BUY,2613.99,4082,4007,NONE,1,1,3.1,3.1,0.0,EMA->TP1,EMA->TP1,0,0,1,1,1,1,0,0,1,1,0,0,1,1,2.58,2.58,0.00,0.00,66,66,300.00,300.00,0,0,0,0,1,1
2024.12.30 18:42:00,BUY,2605.21,4083,4008,NONE,1,1,3.1,3.1,0.0,EMA->TP1,EMA->TP1,0,0,1,1,1,1,0,0,1,1,0,0,1,1,3.16,3.16,0.00,0.00,95,95,300.00,300.00,0,0,0,0,1,1
2025.01.02 00:27:02,SELL,2625.61,4084,4009,NONE,2,2,2.06,2.06,0.0,TP2,TP2,0,0,1,1,0,0,1,1,0,0,0,0,1,1,5.89,5.89,0.00,0.00,32,32,300.00,300.00,0,0,0,0,1,1
2025.01.02 01:15:00,SELL,2629.26,4085,4010,ALLOW,5,5,2.56,2.56,0.0,EMA->NET_BASKET_BE,EMA->NET_BASKET_BE,0,0,0,0,0,0,0,0,1,1,1,1,1,1,251.65,251.65,0.05,0.05,2168,2168,300.00,300.00,1,1,0,0,1,1
2025.01.03 16:32:00,BUY,2642.74,4086,4011,NONE,2,2,3.8,3.8,0.0,EMA->TP2,EMA->TP2,0,0,1,1,0,0,1,1,1,1,0,0,1,1,11.11,11.11,0.00,0.00,3292,3292,300.00,300.00,0,0,0,0,1,1
2025.01.06 11:48:00,SELL,2646.91,4087,4012,NONE,1,1,22.24,22.24,0.0,TP1->EMA->TP1,TP1->EMA->TP1,0,0,1,1,1,1,0,0,1,1,0,0,1,1,5.9,5.9,0.00,0.00,132,132,300.00,300.00,0,0,0,0,1,1
2025.01.06 16:41:00,SELL,2638.62,4088,4013,NONE,1,1,4.12,4.12,0.0,EMA->TP1,EMA->TP1,0,0,1,1,1,1,0,0,1,1,0,0,1,1,3.31,3.31,0.00,0.00,89,89,300.00,300.00,0,0,0,0,1,1
2025.01.06 21:31:01,SELL,2636.39,4089,4014,NONE,2,2,2.08,2.08,0.0,EMA->TP2->TP1->TP2,EMA->TP2->TP1->TP2,0,0,1,1,1,1,1,1,1,1,0,0,1,1,2.62,2.62,0.00,0.00,119,119,300.00,300.00,0,0,0,0,1,1
2025.01.07 02:19:00,BUY,2638.95,4090,4015,NONE,1,1,2.34,2.34,0.0,EMA->TP1,EMA->TP1,0,0,1,1,1,1,0,0,1,1,0,0,1,1,3.27,3.27,0.00,0.00,183,183,300.00,300.00,0,0,0,0,1,1
2025.01.07 07:28:03,BUY,2640.80,4091,4016,NONE,2,2,2.11,2.11,0.0,TP2,TP2,0,0,1,1,0,0,1,1,0,0,0,0,1,1,6.44,6.44,0.00,0.00,32,32,300.00,300.00,0,0,0,0,1,1
2025.01.07 08:36:00,SELL,2643.80,4092,4017,NONE,1,1,2.85,2.85,0.0,EMA->TP1,EMA->TP1,0,0,1,1,1,1,0,0,1,1,0,0,1,1,1.23,1.23,0.00,0.00,18,18,300.00,300.00,0,0,0,0,1,1
2025.01.07 14:12:00,BUY,2661.80,4093,4018,NONE,3,3,17.78,17.78,0.0,EMA->TP3,EMA->TP3,0,0,1,1,0,0,0,0,1,1,0,0,1,1,58.62,58.62,0.01,0.01,154,154,300.00,300.00,0,0,0,0,1,1
2025.01.07 18:47:00,BUY,2649.24,4094,4019,NONE,2,2,4.38,4.38,0.0,EMA->TP2,EMA->TP2,0,0,1,1,0,0,1,1,1,1,0,0,1,1,8.14,8.14,0.00,0.00,636,636,300.00,300.00,0,0,0,0,1,1
2025.01.08 11:37:00,BUY,2649.69,4095,4020,NONE,1,1,5.5,5.5,0.0,EMA->TP1,EMA->TP1,0,0,1,1,1,1,0,0,1,1,0,0,1,1,5.37,5.37,0.00,0.00,84,84,300.00,300.00,0,0,0,0,1,1
2025.01.09 09:14:00,BUY,2664.01,4096,4021,NONE,1,1,4.85,4.85,0.0,EMA->TP1,EMA->TP1,0,0,1,1,1,1,0,0,1,1,0,0,1,1,3.48,3.48,0.00,0.00,116,116,300.00,300.00,0,0,0,0,1,1
2025.01.10 18:40:00,BUY,2688.41,4097,4022,NONE,2,2,4.81,4.81,0.0,TP2,TP2,0,0,1,1,0,0,1,1,0,0,0,0,1,1,10.82,10.82,0.00,0.00,89,89,300.00,300.00,0,0,0,0,1,1
2025.01.12 23:00:01,BUY,2691.74,4098,4023,NONE,2,2,2.39,2.39,0.0,EMA->TP2,EMA->TP2,0,0,1,1,0,0,1,1,1,1,0,0,1,1,10.86,10.86,0.00,0.00,61,61,300.00,300.00,0,0,0,0,1,1
2025.01.13 02:43:01,BUY,2689.08,4099,4024,NONE,2,2,5.69,5.69,0.0,EMA->TP2,EMA->TP2,0,0,1,1,0,0,1,1,1,1,0,0,1,1,11.67,11.67,0.00,0.00,200,200,300.00,300.00,0,0,0,0,1,1
2025.01.13 13:48:00,BUY,2666.72,4100,4025,NONE,1,1,7.41,7.41,0.0,EMA->TP1,EMA->TP1,0,0,1,1,1,1,0,0,1,1,0,0,1,1,6.85,6.85,0.00,0.00,66,66,300.00,300.00,0,0,0,0,1,1
2025.01.13 17:58:00,BUY,2660.94,4101,4026,NONE,2,2,4.53,4.53,0.0,TP2,TP2,0,0,1,1,0,0,1,1,0,0,0,0,1,1,8.13,8.13,0.00,0.00,102,102,300.00,300.00,0,0,0,0,1,1
2025.01.13 23:42:02,SELL,2666.88,4102,4027,NONE,2,2,2.06,2.06,0.0,TP2,TP2,0,0,1,1,0,0,1,1,0,0,0,0,1,1,6.44,6.44,0.00,0.00,19,19,300.00,300.00,0,0,0,0,1,1
2025.01.14 01:13:00,SELL,2671.16,4103,4028,NONE,2,2,2.26,2.26,0.0,EMA->TP2,EMA->TP2,0,0,1,1,0,0,1,1,1,1,0,0,1,1,10.27,10.27,0.00,0.00,235,235,300.00,300.00,0,0,0,0,1,1
2025.01.14 05:09:02,SELL,2671.85,4104,4029,NONE,1,1,4.86,4.86,0.0,EMA->TP1,EMA->TP1,0,0,1,1,1,1,0,0,1,1,0,0,1,1,7.24,7.24,0.00,0.00,270,270,300.00,300.00,0,0,0,0,1,1
2025.01.14 18:26:00,BUY,2669.16,4105,4030,NONE,1,1,3.91,3.91,0.0,EMA->TP1,EMA->TP1,0,0,1,1,1,1,0,0,1,1,0,0,1,1,1.19,1.19,0.00,0.00,47,47,300.00,300.00,0,0,0,0,1,1
2025.01.15 14:25:00,BUY,2690.45,4106,4031,NONE,2,2,11.72,11.72,0.0,EMA->TP2,EMA->TP2,0,0,1,1,0,0,1,1,1,1,0,0,1,1,26.17,26.17,0.01,0.01,146,146,300.00,300.00,0,0,0,0,1,1
2025.01.16 05:34:00,BUY,2695.22,4107,4032,NONE,2,2,4.65,4.65,0.0,TP2->EMA->TP2,TP2->EMA->TP2,0,0,1,1,0,0,1,1,1,1,0,0,1,1,10.43,10.43,0.00,0.00,81,81,300.00,300.00,0,0,0,0,1,1
2025.01.16 18:33:00,BUY,2718.68,4108,4033,NONE,3,3,8.18,8.18,0.0,EMA->TP3,EMA->TP3,0,0,1,1,0,0,0,0,1,1,0,0,1,1,65.65,65.65,0.01,0.01,1231,1231,300.00,300.00,0,0,0,0,1,1
2025.01.17 17:31:00,BUY,2712.28,4109,4034,ALLOW,4,4,2.69,2.69,0.0,EMA->NET_BASKET_BE,EMA->NET_BASKET_BE,0,0,0,0,0,0,0,0,1,1,0,0,1,1,119.78,119.78,0.02,0.02,3481,3481,300.00,300.00,1,1,0,0,1,1
2025.01.21 11:28:00,BUY,2719.42,4110,4035,NONE,1,1,5.12,5.12,0.0,EMA->TP1,EMA->TP1,0,0,1,1,1,1,0,0,1,1,0,0,1,1,2.77,2.77,0.00,0.00,51,51,300.00,300.00,0,0,0,0,1,1
2025.01.21 15:41:00,BUY,2736.76,4111,4036,NONE,1,1,4.88,4.88,0.0,EMA->TP1,EMA->TP1,0,0,1,1,1,1,0,0,1,1,0,0,1,1,2.81,2.81,0.00,0.00,37,37,300.00,300.00,0,0,0,0,1,1
2025.01.21 18:04:00,BUY,2741.72,4112,4037,NONE,1,1,3.82,3.82,0.0,EMA->TP1,EMA->TP1,0,0,1,1,1,1,0,0,1,1,0,0,1,1,2.1,2.1,0.00,0.00,37,37,300.00,300.00,0,0,0,0,1,1
2025.01.21 19:07:00,BUY,2744.50,4113,4038,NONE,2,2,2.92,2.92,0.0,EMA->TP2,EMA->TP2,0,0,1,1,0,0,1,1,1,1,0,0,1,1,10.84,10.84,0.00,0.00,160,160,300.00,300.00,0,0,0,0,1,1
2025.01.22 03:24:00,BUY,2749.18,4114,4039,NONE,1,1,2.61,2.61,0.0,EMA->TP1,EMA->TP1,0,0,1,1,1,1,0,0,1,1,0,0,1,1,2.46,2.46,0.00,0.00,66,66,300.00,300.00,0,0,0,0,1,1
2025.01.22 10:59:00,BUY,2760.22,4115,4040,NONE,3,3,6.89,6.89,0.0,EMA->TP3,EMA->TP3,0,0,1,1,0,0,0,0,1,1,0,0,1,1,23.99,23.99,0.00,0.00,103,103,300.00,300.00,0,0,0,0,1,1
2025.01.22 14:41:00,BUY,2753.68,4116,4041,NONE,2,2,7.9,7.9,0.0,EMA->TP2,EMA->TP2,0,0,1,1,0,0,1,1,1,1,0,0,1,1,33.48,33.48,0.01,0.01,1220,1220,300.00,300.00,0,0,0,0,1,1
2025.01.23 12:36:00,BUY,2746.01,4117,4042,NONE,2,2,7.38,7.38,0.0,EMA->TP2,EMA->TP2,0,0,1,1,0,0,1,1,1,1,0,0,1,1,25.92,25.92,0.01,0.01,102,102,300.00,300.00,0,0,0,0,1,1
2025.01.24 09:51:00,BUY,2772.99,4118,4043,NONE,1,1,4.69,4.69,0.0,EMA->TP1,EMA->TP1,0,0,1,1,1,1,0,0,1,1,0,0,1,1,2.98,2.98,0.00,0.00,100,100,300.00,300.00,0,0,0,0,1,1
2025.01.24 14:38:00,BUY,2776.86,4119,4044,NONE,1,1,6.67,6.67,0.0,EMA->TP1,EMA->TP1,0,0,1,1,1,1,0,0,1,1,0,0,1,1,6.04,6.04,0.00,0.00,40,40,300.00,300.00,0,0,0,0,1,1
2025.01.27 21:36:00,SELL,2742.24,4120,4045,NONE,2,2,2.16,2.16,0.0,EMA->TP1->TP2,EMA->TP1->TP2,0,0,1,1,1,1,1,1,1,1,0,0,1,1,7.25,7.25,0.00,0.00,114,114,300.00,300.00,0,0,0,0,1,1
2025.01.28 05:32:00,BUY,2743.24,4121,4046,NONE,2,2,3.56,3.56,0.0,EMA->TP2,EMA->TP2,0,0,1,1,0,0,1,1,1,1,0,0,1,1,8.01,8.01,0.00,0.00,113,113,300.00,300.00,0,0,0,0,1,1
2025.01.28 09:15:01,SELL,2742.68,4122,4047,ALLOW,4,4,2.69,2.69,0.0,EMA->NET_BASKET_BE,EMA->NET_BASKET_BE,0,0,0,0,0,0,0,0,1,1,0,0,1,1,127.68,127.68,0.03,0.03,1683,1683,300.00,300.00,1,1,0,0,1,1
2025.01.29 16:37:01,BUY,2753.47,4123,4048,NONE,2,2,5.91,5.91,0.0,TP2,TP2,0,0,1,1,0,0,1,1,0,0,0,0,1,1,7.53,7.53,0.00,0.00,24,24,300.00,300.00,0,0,0,0,1,1
2025.01.29 19:33:00,BUY,2751.10,4124,4049,NONE,1,1,8.79,8.79,0.0,EMA->TP1,EMA->TP1,0,0,1,1,1,1,0,0,1,1,0,0,1,1,6.97,6.97,0.00,0.00,223,223,300.00,300.00,0,0,0,0,1,1
2025.01.30 14:20:00,BUY,2784.14,4125,4050,NONE,1,1,6.21,6.21,0.0,EMA->TP1,EMA->TP1,0,0,1,1,1,1,0,0,1,1,0,0,1,1,8.14,8.14,0.00,0.00,65,65,300.00,300.00,0,0,0,0,1,1
2025.01.31 05:39:00,BUY,2795.93,4126,4051,NONE,1,1,4.38,4.38,0.0,EMA->TP1,EMA->TP1,0,0,1,1,1,1,0,0,1,1,0,0,1,1,4.25,4.25,0.00,0.00,112,112,300.00,300.00,0,0,0,0,1,1
2025.01.31 08:38:00,BUY,2794.43,4127,4052,NONE,1,1,3.73,3.73,0.0,EMA->TP1,EMA->TP1,0,0,1,1,1,1,0,0,1,1,0,0,1,1,5.42,5.42,0.00,0.00,189,189,300.00,300.00,0,0,0,0,1,1
2025.02.02 23:41:00,BUY,2794.47,4128,4053,NONE,2,2,29.93,29.93,0.0,EMA->TP2,EMA->TP2,0,0,1,1,0,0,1,1,1,1,0,0,1,1,28.53,28.53,0.01,0.01,510,510,300.00,300.00,0,0,0,0,1,1
2025.02.04 02:47:00,BUY,2818.99,4129,4054,NONE,1,1,4.87,4.87,0.0,EMA->TP1,EMA->TP1,0,0,1,1,1,1,0,0,1,1,0,0,1,1,1.71,1.71,0.00,0.00,21,21,300.00,300.00,0,0,0,0,1,1
2025.02.04 10:40:00,BUY,2814.22,4130,4055,NONE,1,1,4.41,4.41,0.0,EMA->TP1,EMA->TP1,0,0,1,1,1,1,0,0,1,1,0,0,1,1,2.62,2.62,0.00,0.00,96,96,300.00,300.00,0,0,0,0,1,1
2025.02.05 05:21:00,BUY,2855.28,4131,4056,NONE,1,1,2.96,2.96,0.0,EMA->TP1,EMA->TP1,0,0,1,1,1,1,0,0,1,1,0,0,1,1,1.42,1.42,0.00,0.00,20,20,300.00,300.00,0,0,0,0,1,1
2025.02.05 23:47:00,BUY,2870.00,4132,4057,NONE,2,2,5.32,5.32,0.0,EMA->TP2,EMA->TP2,0,0,1,1,0,0,1,1,1,1,0,0,1,1,12.77,12.77,0.00,0.00,113,113,300.00,300.00,0,0,0,0,1,1
2025.02.07 19:05:00,BUY,2862.13,4133,4058,NONE,2,2,2.25,2.25,0.0,EMA->TP2,EMA->TP2,0,0,1,1,0,0,1,1,1,1,0,0,1,1,20.76,20.76,0.00,0.00,3117,3117,300.00,300.00,0,0,0,0,1,1
2025.02.11 09:49:00,BUY,2905.18,4134,4059,VETO,4,3,2.38,10.04,7.66,NET_BASKET_BE,EMA->TP3,0,0,0,1,0,0,0,0,0,1,0,0,1,1,119.99,106.47,0.02,0.02,228,258,300.00,300.00,1,0,0,0,1,1
2025.02.11 16:55:00,BUY,2905.03,4135,4060,NONE,3,3,13.51,13.51,0.0,EMA->TP3,EMA->TP3,0,0,1,1,0,0,0,0,1,1,0,0,1,1,114.16,114.16,0.02,0.02,1434,1434,300.00,300.00,0,0,0,0,1,1
2025.02.12 19:02:01,BUY,2901.95,4136,4061,NONE,2,2,5.2,5.2,0.0,EMA->TP2,EMA->TP2,0,0,1,1,0,0,1,1,1,1,0,0,1,1,18.65,18.65,0.00,0.00,129,129,300.00,300.00,0,0,0,0,1,1
2025.02.13 11:59:00,BUY,2917.39,4137,4062,NONE,2,2,5.78,5.78,0.0,EMA->TP2,EMA->TP2,0,0,1,1,0,0,1,1,1,1,0,0,1,1,9.79,9.79,0.00,0.00,72,72,300.00,300.00,0,0,0,0,1,1
2025.02.13 17:02:00,BUY,2914.68,4138,4063,NONE,1,1,3.27,3.27,0.0,EMA->TP1,EMA->TP1,0,0,1,1,1,1,0,0,1,1,0,0,1,1,2.62,2.62,0.00,0.00,45,45,300.00,300.00,0,0,0,0,1,1
2025.02.14 17:59:00,BUY,2887.30,4139,4064,NONE,2,2,8.51,8.51,0.0,EMA->TP2,EMA->TP2,0,0,1,1,0,0,1,1,1,1,0,0,1,1,19.56,19.56,0.00,0.00,3182,3182,300.00,300.00,0,0,0,0,1,1
2025.02.17 04:54:03,BUY,2900.36,4140,4065,NONE,1,1,3.69,3.69,0.0,EMA->TP1,EMA->TP1,0,0,1,1,1,1,0,0,1,1,0,0,1,1,1.93,1.93,0.00,0.00,33,33,300.00,300.00,0,0,0,0,1,1
2025.02.18 00:51:00,SELL,2898.57,4141,4066,NONE,1,1,2.19,2.19,0.0,EMA->TP1,EMA->TP1,0,0,1,1,1,1,0,0,1,1,0,0,1,1,1.67,1.67,0.00,0.00,19,19,300.00,300.00,0,0,0,0,1,1
2025.02.18 06:49:00,BUY,2912.49,4142,4067,NONE,2,2,4.65,4.65,0.0,EMA->TP2,EMA->TP2,0,0,1,1,0,0,1,1,1,1,0,0,1,1,11.1,11.1,0.00,0.00,83,83,300.00,300.00,0,0,0,0,1,1
2025.02.18 18:30:00,BUY,2930.41,4143,4068,NONE,1,1,5.32,5.32,0.0,EMA->TP1,EMA->TP1,0,0,1,1,1,1,0,0,1,1,0,0,1,1,1.88,1.88,0.00,0.00,76,76,300.00,300.00,0,0,0,0,1,1
2025.02.19 01:04:00,BUY,2931.30,4144,4069,NONE,1,1,6.45,6.45,0.0,EMA->TP1,EMA->TP1,0,0,1,1,1,1,0,0,1,1,0,0,1,1,2.78,2.78,0.00,0.00,44,44,300.00,300.00,0,0,0,0,1,1
2025.02.19 07:04:00,BUY,2932.18,4145,4070,NONE,1,1,4.89,4.89,0.0,EMA->TP1,EMA->TP1,0,0,1,1,1,1,0,0,1,1,0,0,1,1,3.57,3.57,0.00,0.00,70,70,300.00,300.00,0,0,0,0,1,1
2025.02.20 14:10:00,BUY,2928.78,4146,4071,NONE,1,1,8.62,8.62,0.0,TP1,TP1,0,0,1,1,1,1,0,0,0,0,0,0,1,1,6.4,6.4,0.00,0.00,28,28,300.00,300.00,0,0,0,0,1,1
2025.02.21 12:47:00,SELL,2933.74,4147,4072,NONE,1,1,3.24,3.24,0.0,EMA->TP1,EMA->TP1,0,0,1,1,1,1,0,0,1,1,0,0,1,1,1.18,1.18,0.00,0.00,6,6,300.00,300.00,0,0,0,0,1,1
2025.02.21 15:29:00,BUY,2925.76,4148,4073,NONE,1,1,10.7,10.7,0.0,EMA->TP1,EMA->TP1,0,0,1,1,1,1,0,0,1,1,0,0,1,1,4.56,4.56,0.00,0.00,65,65,300.00,300.00,0,0,0,0,1,1
2025.02.21 20:02:00,BUY,2934.30,4149,4074,NONE,1,1,5.03,5.03,0.0,EMA->TP1,EMA->TP1,0,0,1,1,1,1,0,0,1,1,0,0,1,1,5.28,5.28,0.00,0.00,3068,3068,300.00,300.00,0,0,0,0,1,1
2025.02.24 14:43:00,BUY,2941.75,4150,4075,NONE,2,2,20.12,20.12,0.0,EMA->TP2,EMA->TP2,0,0,1,1,0,0,1,1,1,1,0,0,1,1,38.4,38.4,0.01,0.01,1400,1400,300.00,300.00,0,0,0,0,1,1
2025.02.25 14:40:00,SELL,2942.43,4151,4076,NONE,1,1,6.06,6.06,0.0,EMA->TP1,EMA->TP1,0,0,1,1,1,1,0,0,1,1,0,0,1,1,2.7,2.7,0.00,0.00,8,8,300.00,300.00,0,0,0,0,1,1
2025.02.25 20:31:00,SELL,2912.03,4152,4077,NONE,3,3,6.99,6.99,0.0,EMA->TP3,EMA->TP3,0,0,1,1,0,0,0,0,1,1,0,0,1,1,76.15,76.15,0.02,0.02,326,326,300.00,300.00,0,0,0,0,1,1
2025.02.26 12:11:00,SELL,2914.28,4153,4078,NONE,1,1,2.88,2.88,0.0,EMA->TP1,EMA->TP1,0,0,1,1,1,1,0,0,1,1,0,0,1,1,1.17,1.17,0.00,0.00,17,17,300.00,300.00,0,0,0,0,1,1
2025.02.26 15:22:00,SELL,2906.39,4154,4079,NONE,2,2,6.31,6.31,0.0,TP2,TP2,0,0,1,1,0,0,1,1,0,0,0,0,1,1,7.94,7.94,0.00,0.00,13,13,300.00,300.00,0,0,0,0,1,1
2025.02.27 12:11:00,BUY,2885.24,4155,4080,NONE,1,1,5.55,5.55,0.0,EMA->TP1,EMA->TP1,0,0,1,1,1,1,0,0,1,1,0,0,1,1,4.51,4.51,0.00,0.00,70,70,300.00,300.00,0,0,0,0,1,1
2025.02.27 14:28:00,SELL,2889.16,4156,4081,NONE,1,1,9.46,9.46,0.0,EMA->TP1,EMA->TP1,0,0,1,1,1,1,0,0,1,1,0,0,1,1,3.72,3.72,0.00,0.00,18,18,300.00,300.00,0,0,0,0,1,1
2025.02.28 00:16:00,BUY,2876.39,4157,4082,NONE,1,1,2.0,2.0,0.0,EMA->TP1,EMA->TP1,0,0,1,1,1,1,0,0,1,1,0,0,1,1,1.09,1.09,0.00,0.00,11,11,300.00,300.00,0,0,0,0,1,1
2025.02.28 01:03:00,BUY,2879.14,4158,4083,ALLOW,5,5,2.44,2.44,0.0,EMA->NET_BASKET_BE,EMA->NET_BASKET_BE,0,0,0,0,0,0,0,0,1,1,1,1,1,1,298.27,298.27,0.06,0.06,902,902,300.00,300.00,1,1,0,0,1,1
2025.02.28 17:59:00,BUY,2845.68,4159,4084,NONE,2,2,4.33,4.33,0.0,TP2,TP2,0,0,1,1,0,0,1,1,0,0,0,0,1,1,10.14,10.14,0.00,0.00,18,18,300.00,300.00,0,0,0,0,1,1
2025.03.03 13:31:00,BUY,2872.01,4160,4085,NONE,1,1,7.67,7.67,0.0,EMA->TP1,EMA->TP1,0,0,1,1,1,1,0,0,1,1,0,0,1,1,3.82,3.82,0.00,0.00,64,64,300.00,300.00,0,0,0,0,1,1
2025.03.03 23:19:00,SELL,2891.63,4161,4086,NONE,1,1,2.59,2.59,0.0,EMA->TP1,EMA->TP1,0,0,1,1,1,1,0,0,1,1,0,0,1,1,3.41,3.41,0.00,0.00,107,107,300.00,300.00,0,0,0,0,1,1
2025.03.04 04:38:01,SELL,2889.22,4162,4087,NONE,2,2,2.19,2.19,0.0,EMA->TP2,EMA->TP2,0,0,1,1,0,0,1,1,1,1,0,0,1,1,11.73,11.73,0.00,0.00,69,69,300.00,300.00,0,0,0,0,1,1
2025.03.05 09:39:00,BUY,2916.35,4163,4088,NONE,2,2,8.63,8.63,0.0,EMA->TP2,EMA->TP2,0,0,1,1,0,0,1,1,1,1,0,0,1,1,14.17,14.17,0.00,0.00,121,121,300.00,300.00,0,0,0,0,1,1
2025.03.05 17:26:00,BUY,2918.59,4164,4089,NONE,2,2,6.03,6.03,0.0,TP2,TP2,0,0,1,1,0,0,1,1,0,0,0,0,1,1,7.89,7.89,0.00,0.00,35,35,300.00,300.00,0,0,0,0,1,1
2025.03.05 19:45:00,SELL,2918.18,4165,4090,NONE,2,2,2.44,2.44,0.0,EMA->TP2,EMA->TP2,0,0,1,1,0,0,1,1,1,1,0,0,1,1,10.32,10.32,0.00,0.00,90,90,300.00,300.00,0,0,0,0,1,1
2025.03.05 21:22:02,BUY,2919.09,4166,4091,NONE,2,2,2.08,2.08,0.0,EMA->TP2,EMA->TP2,0,0,1,1,0,0,1,1,1,1,0,0,1,1,13.44,13.44,0.00,0.00,253,253,300.00,300.00,0,0,0,0,1,1
2025.03.06 02:40:00,BUY,2923.78,4167,4092,NONE,3,3,5.16,5.16,0.0,EMA->TP3,EMA->TP3,0,0,1,1,0,0,0,0,1,1,0,0,1,1,38.08,38.08,0.01,0.01,201,201,300.00,300.00,0,0,0,0,1,1
2025.03.06 09:33:00,BUY,2900.86,4168,4093,NONE,3,3,10.34,10.34,0.0,TP3,TP3,0,0,1,1,0,0,0,0,0,0,0,0,1,1,28.82,28.82,0.01,0.01,44,44,300.00,300.00,0,0,0,0,1,1
2025.03.07 21:49:12,BUY,2912.20,4169,4094,NONE,2,2,2.29,2.29,0.0,EMA->TP2,EMA->TP2,0,0,1,1,0,0,1,1,1,1,0,0,1,1,9.25,9.25,0.00,0.00,2896,2896,300.00,300.00,0,0,0,0,1,1
2025.03.09 22:57:01,BUY,2912.99,4170,4095,NONE,1,1,2.81,2.81,0.0,EMA->TP1,EMA->TP1,0,0,1,1,1,1,0,0,1,1,0,0,1,1,1.99,1.99,0.00,0.00,24,24,300.00,300.00,0,0,0,0,1,1
2025.03.10 09:52:00,SELL,2914.32,4171,4096,NONE,1,1,3.55,3.55,0.0,TP1,TP1,0,0,1,1,1,1,0,0,0,0,0,0,1,1,1.29,1.29,0.00,0.00,8,8,300.00,300.00,0,0,0,0,1,1
2025.03.10 12:57:00,BUY,2906.41,4172,4097,NONE,2,2,7.78,7.78,0.0,EMA->TP2,EMA->TP2,0,0,1,1,0,0,1,1,1,1,0,0,1,1,18.14,18.14,0.00,0.00,73,73,300.00,300.00,0,0,0,0,1,1
2025.03.10 16:00:00,BUY,2904.89,4173,4098,ALLOW,4,4,2.3,2.3,0.0,EMA->NET_BASKET_BE,EMA->NET_BASKET_BE,0,0,0,0,0,0,0,0,1,1,0,0,1,1,121.91,121.91,0.02,0.02,611,611,300.00,300.00,1,1,0,0,1,1
2025.03.11 06:26:00,BUY,2897.24,4174,4099,NONE,1,1,5.42,5.42,0.0,EMA->TP1,EMA->TP1,0,0,1,1,1,1,0,0,1,1,0,0,1,1,3.52,3.52,0.00,0.00,42,42,300.00,300.00,0,0,0,0,1,1
2025.03.12 06:51:00,BUY,2914.24,4175,4100,NONE,1,1,5.62,5.62,0.0,EMA->TP1,EMA->TP1,0,0,1,1,1,1,0,0,1,1,0,0,1,1,6.34,6.34,0.00,0.00,112,112,300.00,300.00,0,0,0,0,1,1
2025.03.13 07:28:00,BUY,2936.11,4176,4101,NONE,1,1,3.59,3.59,0.0,EMA->TP1,EMA->TP1,0,0,1,1,1,1,0,0,1,1,0,0,1,1,3.35,3.35,0.00,0.00,44,44,300.00,300.00,0,0,0,0,1,1
2025.03.13 17:21:00,BUY,2980.45,4177,4102,NONE,1,1,5.99,5.99,0.0,EMA->TP1,EMA->TP1,0,0,1,1,1,1,0,0,1,1,0,0,1,1,4.99,4.99,0.00,0.00,203,203,300.00,300.00,0,0,0,0,1,1
2025.03.17 02:44:00,BUY,2988.70,4178,4103,NONE,2,2,3.98,3.98,0.0,EMA->TP2,EMA->TP2,0,0,1,1,0,0,1,1,1,1,0,0,1,1,17.58,17.58,0.00,0.00,218,218,300.00,300.00,0,0,0,0,1,1
2025.03.18 20:27:03,BUY,3034.70,4179,4104,NONE,3,3,2.43,2.43,0.0,EMA->TP2->TP3,EMA->TP2->TP3,0,0,1,1,0,0,1,1,1,1,0,0,1,1,18.51,18.51,0.00,0.00,241,241,300.00,300.00,0,0,0,0,1,1
2025.03.19 00:29:01,BUY,3033.96,4180,4105,NONE,2,2,3.74,3.74,0.0,EMA->TP2,EMA->TP2,0,0,1,1,0,0,1,1,1,1,0,0,1,1,15.84,15.84,0.00,0.00,136,136,300.00,300.00,0,0,0,0,1,1
2025.03.19 06:35:00,BUY,3036.88,4181,4106,NONE,1,1,5.35,5.35,0.0,EMA->TP1,EMA->TP1,0,0,1,1,1,1,0,0,1,1,0,0,1,1,2.17,2.17,0.00,0.00,16,16,300.00,300.00,0,0,0,0,1,1
2025.03.19 18:03:00,BUY,3037.16,4182,4107,NONE,1,1,17.46,17.46,0.0,EMA->TP1,EMA->TP1,0,0,1,1,1,1,0,0,1,1,0,0,1,1,11.02,11.02,0.00,0.00,437,437,300.00,300.00,0,0,0,0,1,1
2025.03.20 03:02:00,BUY,3047.57,4183,4108,NONE,1,1,4.87,4.87,0.0,EMA->TP1,EMA->TP1,0,0,1,1,1,1,0,0,1,1,0,0,1,1,2.43,2.43,0.00,0.00,84,84,300.00,300.00,0,0,0,0,1,1
2025.03.20 13:31:00,BUY,3031.51,4184,4109,NONE,1,1,5.25,5.25,0.0,EMA->TP1,EMA->TP1,0,0,1,1,1,1,0,0,1,1,0,0,1,1,2.51,2.51,0.00,0.00,7,7,300.00,300.00,0,0,0,0,1,1
2025.03.20 15:40:00,BUY,3039.72,4185,4110,NONE,2,2,4.56,4.56,0.0,EMA->TP2,EMA->TP2,0,0,1,1,0,0,1,1,1,1,0,0,1,1,15.28,15.28,0.00,0.00,84,84,300.00,300.00,0,0,0,0,1,1
2025.03.20 20:03:00,BUY,3045.82,4186,4111,ALLOW,5,5,5.78,5.78,0.0,EMA->NET_BASKET_BE,EMA->NET_BASKET_BE,0,0,0,0,0,0,0,0,1,1,1,1,1,1,157.98,157.98,0.03,0.03,607,607,300.00,300.00,1,1,0,0,1,1
2025.03.21 12:36:00,BUY,3035.01,4187,4112,VETO,5,3,-312.11,4.66,316.77,EMA->SL$,EMA->TP3,1,0,0,1,0,0,0,0,1,1,1,0,0,1,299.73,188.46,0.06,0.04,93,4191,300.00,300.00,0,0,0,0,1,1
2025.03.24 10:51:03,BUY,3029.14,4193,4113,NONE,3,3,5.56,5.56,0.0,EMA->TP3,EMA->TP3,0,0,1,1,0,0,0,0,1,1,0,0,1,1,21.68,21.68,0.00,0.00,139,139,300.00,300.00,0,0,0,0,1,1
2025.03.25 00:36:05,SELL,3011.32,4194,4114,NONE,2,2,2.06,2.06,0.0,TP2->EMA->TP2,TP2->EMA->TP2,0,0,1,1,0,0,1,1,1,1,0,0,1,1,8.88,8.88,0.00,0.00,44,44,300.00,300.00,0,0,0,0,1,1
2025.03.25 08:59:01,SELL,3020.36,4195,4115,NONE,2,2,3.0,3.0,0.0,TP2,TP2,0,0,1,1,0,0,1,1,0,0,0,0,1,1,10.69,10.69,0.00,0.00,91,91,300.00,300.00,0,0,0,0,1,1
2025.03.25 15:34:00,BUY,3024.05,4196,4116,NONE,1,1,10.58,10.58,0.0,EMA->TP1,EMA->TP1,0,0,1,1,1,1,0,0,1,1,0,0,1,1,19.82,19.82,0.00,0.00,2213,2213,300.00,300.00,0,0,0,0,1,1
2025.03.27 08:49:00,BUY,3035.84,4197,4117,NONE,1,1,4.14,4.14,0.0,EMA->TP1,EMA->TP1,0,0,1,1,1,1,0,0,1,1,0,0,1,1,3.8,3.8,0.00,0.00,67,67,300.00,300.00,0,0,0,0,1,1
2025.03.27 12:47:00,BUY,3051.30,4198,4118,NONE,3,3,15.15,15.15,0.0,EMA->TP3,EMA->TP3,0,0,1,1,0,0,0,0,1,1,0,0,1,1,57.33,57.33,0.01,0.01,78,78,300.00,300.00,0,0,0,0,1,1
2025.03.27 16:54:00,BUY,3050.61,4199,4119,NONE,1,1,6.33,6.33,0.0,EMA->TP1,EMA->TP1,0,0,1,1,1,1,0,0,1,1,0,0,1,1,4.57,4.57,0.00,0.00,109,109,300.00,300.00,0,0,0,0,1,1
2025.03.28 08:36:00,BUY,3070.74,4200,4120,NONE,1,1,4.45,4.45,0.0,EMA->TP1,EMA->TP1,0,0,1,1,1,1,0,0,1,1,0,0,1,1,4.41,4.41,0.00,0.00,66,66,300.00,300.00,0,0,0,0,1,1
2025.03.31 16:23:01,BUY,3115.16,4201,4121,NONE,1,1,6.88,6.88,0.0,EMA->TP1,EMA->TP1,0,0,1,1,1,1,0,0,1,1,0,0,1,1,4.86,4.86,0.00,0.00,119,119,300.00,300.00,0,0,0,0,1,1
2025.04.01 22:06:00,BUY,3115.22,4202,4122,NONE,2,2,5.24,5.24,0.0,EMA->TP2,EMA->TP2,0,0,1,1,0,0,1,1,1,1,0,0,1,1,15.92,15.92,0.00,0.00,104,104,300.00,300.00,0,0,0,0,1,1
2025.04.02 05:03:01,BUY,3117.61,4203,4123,NONE,2,2,7.11,7.11,0.0,TP2,TP2,0,0,1,1,0,0,1,1,0,0,0,0,1,1,23.07,23.07,0.00,0.00,36,36,300.00,300.00,0,0,0,0,1,1
2025.04.02 17:43:00,BUY,3122.90,4204,4124,NONE,3,3,12.81,12.81,0.0,EMA->TP2->TP3,EMA->TP2->TP3,0,0,1,1,0,0,1,1,1,1,0,0,1,1,68.58,68.58,0.01,0.01,151,151,300.00,300.00,0,0,0,0,1,1
2025.04.03 05:36:00,BUY,3131.26,4205,4125,NONE,2,2,17.19,17.19,0.0,TP2,TP2,0,0,1,1,0,0,1,1,0,0,0,0,1,1,24.86,24.86,0.00,0.00,72,72,300.00,300.00,0,0,0,0,1,1
2025.04.03 09:19:00,BUY,3129.87,4206,4126,VETO,4,3,-301.44,-301.05,0.39,EMA->SL$,EMA->SL$,1,1,0,0,0,0,0,0,1,1,0,0,0,0,299.74,299.85,0.06,0.06,188,196,300.00,300.00,0,0,0,0,1,1
2025.04.03 17:20:00,BUY,3103.86,4207,4127,NONE,1,1,10.52,10.52,0.0,EMA->TP1,EMA->TP1,0,0,1,1,1,1,0,0,1,1,0,0,1,1,11.63,11.63,0.00,0.00,204,204,300.00,300.00,0,0,0,0,1,1
2025.04.04 04:18:00,SELL,3098.15,4208,4128,NONE,2,2,9.2,9.2,0.0,EMA->TP2,EMA->TP2,0,0,1,1,0,0,1,1,1,1,0,0,1,1,24.86,24.86,0.00,0.00,163,163,300.00,300.00,0,0,0,0,1,1
2025.04.08 13:55:00,BUY,3010.30,4209,4129,NONE,3,3,44.14,44.14,0.0,EMA->TP3,EMA->TP3,0,0,1,1,0,0,0,0,1,1,0,0,1,1,134.1,134.1,0.03,0.03,697,697,300.00,300.00,0,0,0,0,1,1
2025.04.09 05:45:00,BUY,3016.24,4210,4130,NONE,1,1,10.09,10.09,0.0,EMA->TP1,EMA->TP1,0,0,1,1,1,1,0,0,1,1,0,0,1,1,7.83,7.83,0.00,0.00,35,35,300.00,300.00,0,0,0,0,1,1
2025.04.09 10:25:00,BUY,3040.55,4211,4131,NONE,1,1,7.84,7.84,0.0,EMA->TP1,EMA->TP1,0,0,1,1,1,1,0,0,1,1,0,0,1,1,9.82,9.82,0.00,0.00,50,50,300.00,300.00,0,0,0,0,1,1
2025.04.09 23:45:00,SELL,3085.01,4212,4132,NONE,2,2,5.52,5.52,0.0,EMA->TP2,EMA->TP2,0,0,1,1,0,0,1,1,1,1,0,0,1,1,42.7,42.7,0.01,0.01,89,89,300.00,300.00,0,0,0,0,1,1
2025.04.10 05:11:00,SELL,3129.51,4213,4133,NONE,1,1,6.7,6.7,0.0,TP1,TP1,0,0,1,1,1,1,0,0,0,0,0,0,1,1,2.62,2.62,0.00,0.00,24,24,300.00,300.00,0,0,0,0,1,1
2025.04.10 07:22:00,BUY,3120.07,4214,4134,NONE,2,2,11.19,11.19,0.0,EMA->TP2,EMA->TP2,0,0,1,1,0,0,1,1,1,1,0,0,1,1,39.4,39.4,0.01,0.01,173,173,300.00,300.00,0,0,0,0,1,1
2025.04.10 17:12:00,BUY,3156.14,4215,4135,NONE,1,1,9.74,9.74,0.0,EMA->TP1,EMA->TP1,0,0,1,1,1,1,0,0,1,1,0,0,1,1,7.84,7.84,0.00,0.00,74,74,300.00,300.00,0,0,0,0,1,1
2025.04.11 11:55:00,BUY,3216.20,4216,4136,NONE,1,1,11.72,11.72,0.0,EMA->TP1,EMA->TP1,0,0,1,1,1,1,0,0,1,1,0,0,1,1,6.7,6.7,0.00,0.00,35,35,300.00,300.00,0,0,0,0,1,1
2025.04.11 16:47:00,BUY,3233.13,4217,4137,NONE,2,2,13.59,13.59,0.0,EMA->TP2,EMA->TP2,0,0,1,1,0,0,1,1,1,1,0,0,1,1,24.02,24.02,0.00,0.00,47,47,300.00,300.00,0,0,0,0,1,1
2025.04.14 05:07:00,BUY,3226.49,4218,4138,NONE,1,1,8.48,8.48,0.0,EMA->TP1,EMA->TP1,0,0,1,1,1,1,0,0,1,1,0,0,1,1,6.26,6.26,0.00,0.00,51,51,300.00,300.00,0,0,0,0,1,1
2025.04.15 00:56:00,BUY,3212.91,4219,4139,NONE,1,1,4.29,4.29,0.0,EMA->TP1,EMA->TP1,0,0,1,1,1,1,0,0,1,1,0,0,1,1,3.25,3.25,0.00,0.00,16,16,300.00,300.00,0,0,0,0,1,1
2025.04.15 05:51:00,BUY,3224.93,4220,4140,NONE,2,2,13.82,13.82,0.0,EMA->TP2,EMA->TP2,0,0,1,1,0,0,1,1,1,1,0,0,1,1,21.39,21.39,0.00,0.00,432,432,300.00,300.00,0,0,0,0,1,1
2025.04.15 16:29:00,BUY,3222.70,4221,4141,NONE,1,1,5.55,5.55,0.0,EMA->TP1,EMA->TP1,0,0,1,1,1,1,0,0,1,1,0,0,1,1,3.37,3.37,0.00,0.00,72,72,300.00,300.00,0,0,0,0,1,1
2025.04.16 11:31:00,BUY,3299.43,4222,4142,NONE,1,1,13.67,13.67,0.0,EMA->TP1,EMA->TP1,0,0,1,1,1,1,0,0,1,1,0,0,1,1,4.81,4.81,0.00,0.00,27,27,300.00,300.00,0,0,0,0,1,1
2025.04.16 13:28:00,BUY,3305.51,4223,4143,NONE,1,1,14.1,14.1,0.0,EMA->TP1,EMA->TP1,0,0,1,1,1,1,0,0,1,1,0,0,1,1,14.22,14.22,0.00,0.00,133,133,300.00,300.00,0,0,0,0,1,1
2025.04.17 02:50:01,BUY,3333.14,4224,4144,NONE,1,1,11.97,11.97,0.0,EMA->TP1,EMA->TP1,0,0,1,1,1,1,0,0,1,1,0,0,1,1,6.91,6.91,0.00,0.00,134,134,300.00,300.00,0,0,0,0,1,1
2025.04.17 11:56:01,BUY,3324.78,4225,4145,NONE,1,1,6.55,6.55,0.0,EMA->TP1,EMA->TP1,0,0,1,1,1,1,0,0,1,1,0,0,1,1,1.03,1.03,0.00,0.00,8,8,300.00,300.00,0,0,0,0,1,1
2025.04.22 06:41:00,BUY,3482.57,4226,4146,NONE,2,2,24.84,24.84,0.0,EMA->TP2,EMA->TP2,0,0,1,1,0,0,1,1,1,1,0,0,1,1,41.67,41.67,0.01,0.01,60,60,300.00,300.00,0,0,0,0,1,1
2025.04.22 10:35:00,BUY,3460.95,4227,4147,NONE,3,3,39.85,39.85,0.0,EMA->TP3,EMA->TP3,0,0,1,1,0,0,0,0,1,1,0,0,1,1,115.05,115.05,0.02,0.02,168,168,300.00,300.00,0,0,0,0,1,1
2025.04.23 08:49:00,SELL,3317.13,4228,4148,NONE,3,3,18.09,18.09,0.0,EMA->TP3,EMA->TP3,0,0,1,1,0,0,0,0,1,1,0,0,1,1,73.53,73.53,0.01,0.01,62,62,300.00,300.00,0,0,0,0,1,1
2025.04.23 19:31:00,SELL,3294.22,4229,4149,NONE,1,1,5.46,5.46,0.0,EMA->TP1,EMA->TP1,0,0,1,1,1,1,0,0,1,1,0,0,1,1,6.4,6.4,0.00,0.00,60,60,300.00,300.00,0,0,0,0,1,1
2025.04.24 01:33:00,SELL,3358.39,4230,4150,NONE,1,1,10.61,10.61,0.0,TP1,TP1,0,0,1,1,1,1,0,0,0,0,0,0,1,1,14.86,14.86,0.00,0.00,63,63,300.00,300.00,0,0,0,0,1,1
2025.04.24 16:42:00,BUY,3327.51,4231,4151,NONE,1,1,11.86,11.86,0.0,EMA->TP1,EMA->TP1,0,0,1,1,1,1,0,0,1,1,0,0,1,1,5.89,5.89,0.00,0.00,104,104,300.00,300.00,0,0,0,0,1,1
2025.04.24 18:59:00,BUY,3335.61,4232,4152,NONE,1,1,3.97,3.97,0.0,EMA->TP1,EMA->TP1,0,0,1,1,1,1,0,0,1,1,0,0,1,1,2.46,2.46,0.00,0.00,37,37,300.00,300.00,0,0,0,0,1,1
2025.04.24 20:53:02,SELL,3346.88,4233,4153,NONE,3,3,12.58,12.58,0.0,TP2->TP3,TP2->TP3,0,0,1,1,0,0,1,1,0,0,0,0,1,1,99.14,99.14,0.02,0.02,150,150,300.00,300.00,0,0,0,0,1,1
2025.04.24 23:41:00,BUY,3353.11,4234,4154,VETO,4,3,-302.33,-301.53,0.8,EMA->SL$,EMA->SL$,1,1,0,0,0,0,0,0,1,1,0,0,0,0,306.66,308.62,0.06,0.06,800,800,300.00,300.00,0,0,0,0,1,1
2025.04.25 13:59:00,SELL,3280.88,4235,4155,NONE,3,3,32.52,32.52,0.0,EMA->TP3,EMA->TP3,0,0,1,1,0,0,0,0,1,1,0,0,1,1,224.66,224.66,0.05,0.05,3565,3565,300.00,300.00,0,0,0,0,1,1
2025.04.28 04:51:02,SELL,3295.24,4236,4156,NONE,2,2,3.15,3.15,0.0,TP2,TP2,0,0,1,1,0,0,1,1,0,0,0,0,1,1,7.95,7.95,0.00,0.00,21,21,300.00,300.00,0,0,0,0,1,1
2025.04.28 11:08:00,SELL,3290.18,4237,4157,NONE,3,3,34.59,34.59,0.0,EMA->TP3,EMA->TP3,0,0,1,1,0,0,0,0,1,1,0,0,1,1,264.44,264.44,0.05,0.05,1512,1512,300.00,300.00,0,0,0,0,1,1
2025.04.29 16:58:00,SELL,3328.22,4238,4158,NONE,1,1,5.33,5.33,0.0,TP1,TP1,0,0,1,1,1,1,0,0,0,0,0,0,1,1,2.91,2.91,0.00,0.00,23,23,300.00,300.00,0,0,0,0,1,1
2025.04.29 22:08:00,BUY,3322.14,4239,4159,NONE,2,2,15.62,15.62,0.0,EMA->TP2,EMA->TP2,0,0,1,1,0,0,1,1,1,1,0,0,1,1,26.5,26.5,0.01,0.01,197,197,300.00,300.00,0,0,0,0,1,1
2025.04.30 02:46:00,BUY,3310.53,4240,4160,NONE,2,2,11.42,11.42,0.0,EMA->TP2,EMA->TP2,0,0,1,1,0,0,1,1,1,1,0,0,1,1,15.27,15.27,0.00,0.00,139,139,300.00,300.00,0,0,0,0,1,1
2025.04.30 09:00:00,BUY,3284.86,4241,4161,NONE,2,2,6.76,6.76,0.0,TP2,TP2,0,0,1,1,0,0,1,1,0,0,0,0,1,1,12.84,12.84,0.00,0.00,31,31,300.00,300.00,0,0,0,0,1,1
2025.04.30 17:46:01,SELL,3309.05,4242,4162,NONE,1,1,3.89,3.89,0.0,EMA->TP1,EMA->TP1,0,0,1,1,1,1,0,0,1,1,0,0,1,1,2.84,2.84,0.00,0.00,15,15,300.00,300.00,0,0,0,0,1,1
2025.05.01 01:41:00,SELL,3246.64,4243,4163,NONE,1,1,9.14,9.14,0.0,EMA->TP1,EMA->TP1,0,0,1,1,1,1,0,0,1,1,0,0,1,1,2.88,2.88,0.00,0.00,8,8,300.00,300.00,0,0,0,0,1,1
2025.05.01 02:30:00,SELL,3246.16,4244,4164,NONE,1,1,12.64,12.64,0.0,EMA->TP1,EMA->TP1,0,0,1,1,1,1,0,0,1,1,0,0,1,1,4.81,4.81,0.00,0.00,43,43,300.00,300.00,0,0,0,0,1,1
2025.05.02 15:55:00,BUY,3236.32,4245,4165,NONE,1,1,14.15,14.15,0.0,EMA->TP1,EMA->TP1,0,0,1,1,1,1,0,0,1,1,0,0,1,1,15.62,15.62,0.00,0.00,3351,3351,300.00,300.00,0,0,0,0,1,1
2025.05.05 15:33:01,BUY,3312.88,4246,4166,NONE,2,2,9.79,9.79,0.0,EMA->TP2,EMA->TP2,0,0,1,1,0,0,1,1,1,1,0,0,1,1,13.78,13.78,0.00,0.00,62,62,300.00,300.00,0,0,0,0,1,1
2025.05.05 18:42:00,SELL,3318.97,4247,4167,NONE,3,3,3.81,3.81,0.0,EMA->TP3,EMA->TP3,0,0,1,1,0,0,0,0,1,1,0,0,1,1,79.82,79.82,0.02,0.02,339,339,300.00,300.00,0,0,0,0,1,1
2025.05.06 05:48:00,BUY,3358.47,4248,4168,NONE,1,1,13.75,13.75,0.0,EMA->TP1,EMA->TP1,0,0,1,1,1,1,0,0,1,1,0,0,1,1,7.03,7.03,0.00,0.00,95,95,300.00,300.00,0,0,0,0,1,1
2025.05.07 04:51:00,BUY,3383.61,4249,4169,NONE,1,1,8.16,8.16,0.0,EMA->TP1,EMA->TP1,0,0,1,1,1,1,0,0,1,1,0,0,1,1,6.67,6.67,0.00,0.00,70,70,300.00,300.00,0,0,0,0,1,1
2025.05.08 05:28:00,BUY,3374.39,4250,4170,NONE,3,3,34.28,34.28,0.0,EMA->TP3,EMA->TP3,0,0,1,1,0,0,0,0,1,1,0,0,1,1,213.64,213.64,0.04,0.04,462,462,300.00,300.00,0,0,0,0,1,1
2025.05.09 06:15:00,SELL,3319.55,4251,4171,NONE,2,2,14.04,14.04,0.0,EMA->TP2,EMA->TP2,0,0,1,1,0,0,1,1,1,1,0,0,1,1,23.79,23.79,0.00,0.00,112,112,300.00,300.00,0,0,0,0,1,1
2025.05.09 12:23:00,SELL,3332.09,4252,4172,NONE,1,1,10.14,10.14,0.0,EMA->TP1,EMA->TP1,0,0,1,1,1,1,0,0,1,1,0,0,1,1,11.71,11.71,0.00,0.00,107,107,300.00,300.00,0,0,0,0,1,1
2025.05.09 16:47:00,BUY,3340.57,4253,4173,NONE,3,3,-356.56,-356.56,0.0,EMA->SL$,EMA->SL$,1,1,0,0,0,0,0,0,1,1,0,0,0,0,41.41,41.41,0.01,0.01,3193,3193,300.00,300.00,0,0,0,0,1,1
2025.05.12 04:46:00,BUY,3279.05,4254,4174,NONE,2,2,7.99,7.99,0.0,EMA->TP2,EMA->TP2,0,0,1,1,0,0,1,1,1,1,0,0,1,1,26.55,26.55,0.01,0.01,74,74,300.00,300.00,0,0,0,0,1,1
2025.05.12 17:12:00,BUY,3222.91,4255,4175,NONE,1,1,6.78,6.78,0.0,EMA->TP1,EMA->TP1,0,0,1,1,1,1,0,0,1,1,0,0,1,1,7.26,7.26,0.00,0.00,103,103,300.00,300.00,0,0,0,0,1,1
2025.05.13 07:43:02,BUY,3257.11,4256,4176,NONE,2,2,8.22,8.22,0.0,EMA->TP2,EMA->TP2,0,0,1,1,0,0,1,1,1,1,0,0,1,1,14.15,14.15,0.00,0.00,75,75,300.00,300.00,0,0,0,0,1,1
2025.05.13 15:14:00,BUY,3246.01,4257,4177,NONE,1,1,8.26,8.26,0.0,EMA->TP1,EMA->TP1,0,0,1,1,1,1,0,0,1,1,0,0,1,1,3.28,3.28,0.00,0.00,39,39,300.00,300.00,0,0,0,0,1,1
2025.05.14 00:23:00,BUY,3244.61,4258,4178,NONE,2,2,7.89,7.89,0.0,TP2,TP2,0,0,1,1,0,0,1,1,0,0,0,0,1,1,12.96,12.96,0.00,0.00,43,43,300.00,300.00,0,0,0,0,1,1
2025.05.14 01:07:00,BUY,3245.47,4259,4179,NONE,2,2,18.17,18.17,0.0,EMA->TP2,EMA->TP2,0,0,1,1,0,0,1,1,1,1,0,0,1,1,52.25,52.25,0.01,0.01,421,421,300.00,300.00,0,0,0,0,1,1
2025.05.14 10:39:00,BUY,3233.11,4260,4180,ALLOW,4,4,-301.84,-301.84,0.0,EMA->SL$,EMA->SL$,1,1,0,0,0,0,0,0,1,1,0,0,0,0,303.3,303.3,0.06,0.06,143,143,300.00,300.00,0,0,0,0,1,1
2025.05.15 06:09:00,BUY,3130.59,4261,4181,NONE,1,1,12.26,12.26,0.0,EMA->TP1,EMA->TP1,0,0,1,1,1,1,0,0,1,1,0,0,1,1,9.8,9.8,0.00,0.00,23,23,300.00,300.00,0,0,0,0,1,1
2025.05.15 10:06:00,BUY,3170.61,4262,4182,NONE,1,1,11.39,11.39,0.0,EMA->TP1,EMA->TP1,0,0,1,1,1,1,0,0,1,1,0,0,1,1,7.8,7.8,0.00,0.00,119,119,300.00,300.00,0,0,0,0,1,1
2025.05.16 01:35:00,BUY,3227.72,4263,4183,NONE,2,2,23.95,23.95,0.0,EMA->TP2,EMA->TP2,0,0,1,1,0,0,1,1,1,1,0,0,1,1,32.55,32.55,0.01,0.01,272,272,300.00,300.00,0,0,0,0,1,1
2025.05.16 08:49:00,SELL,3206.16,4264,4184,NONE,2,2,6.02,6.02,0.0,EMA->TP2,EMA->TP2,0,0,1,1,0,0,1,1,1,1,0,0,1,1,12.6,12.6,0.00,0.00,72,72,300.00,300.00,0,0,0,0,1,1
2025.05.19 12:37:07,BUY,3241.14,4265,4185,NONE,2,2,12.69,12.69,0.0,EMA->TP2,EMA->TP2,0,0,1,1,0,0,1,1,1,1,0,0,1,1,25.82,25.82,0.01,0.01,37,37,300.00,300.00,0,0,0,0,1,1
2025.05.19 20:41:00,BUY,3230.80,4266,4186,NONE,3,3,11.11,11.11,0.0,EMA->TP3,EMA->TP3,0,0,1,1,0,0,0,0,1,1,0,0,1,1,61.08,61.08,0.01,0.01,261,261,300.00,300.00,0,0,0,0,1,1
2025.05.20 03:05:01,BUY,3208.41,4267,4187,NONE,1,1,11.16,11.16,0.0,EMA->TP1,EMA->TP1,0,0,1,1,1,1,0,0,1,1,0,0,1,1,7.16,7.16,0.00,0.00,122,122,300.00,300.00,0,0,0,0,1,1
2025.05.20 20:07:00,SELL,3294.30,4268,4188,NONE,1,1,3.08,3.08,0.0,TP1,TP1,0,0,1,1,1,1,0,0,0,0,0,0,1,1,1.81,1.81,0.00,0.00,18,18,300.00,300.00,0,0,0,0,1,1
2025.05.20 20:43:00,BUY,3290.91,4269,4189,NONE,1,1,4.0,4.0,0.0,EMA->TP1,EMA->TP1,0,0,1,1,1,1,0,0,1,1,0,0,1,1,1.64,1.64,0.00,0.00,83,83,300.00,300.00,0,0,0,0,1,1
2025.05.20 23:14:00,BUY,3292.86,4270,4190,NONE,1,1,7.85,7.85,0.0,EMA->TP1,EMA->TP1,0,0,1,1,1,1,0,0,1,1,0,0,1,1,4.99,4.99,0.00,0.00,81,81,300.00,300.00,0,0,0,0,1,1
2025.05.21 01:09:00,BUY,3307.55,4271,4191,NONE,2,2,31.07,31.07,0.0,EMA->TP2,EMA->TP2,0,0,1,1,0,0,1,1,1,1,0,0,1,1,30.12,30.12,0.01,0.01,93,93,300.00,300.00,0,0,0,0,1,1
2025.05.21 10:36:00,SELL,3316.41,4272,4192,NONE,1,1,5.61,5.61,0.0,EMA->TP1,EMA->TP1,0,0,1,1,1,1,0,0,1,1,0,0,1,1,2.16,2.16,0.00,0.00,9,9,300.00,300.00,0,0,0,0,1,1
2025.05.21 11:17:00,BUY,3310.84,4273,4193,NONE,3,3,16.8,16.8,0.0,EMA->TP3,EMA->TP3,0,0,1,1,0,0,0,0,1,1,0,0,1,1,73.22,73.22,0.01,0.01,104,104,300.00,300.00,0,0,0,0,1,1
2025.05.21 13:38:00,SELL,3301.72,4274,4194,NONE,2,2,17.58,17.58,0.0,EMA->TP2,EMA->TP2,0,0,1,1,0,0,1,1,1,1,0,0,1,1,21.97,21.97,0.00,0.00,177,177,300.00,300.00,0,0,0,0,1,1
2025.05.21 20:09:00,BUY,3318.24,4275,4195,NONE,2,2,5.16,5.16,0.0,EMA->TP2,EMA->TP2,0,0,1,1,0,0,1,1,1,1,0,0,1,1,9.39,9.39,0.00,0.00,19,19,300.00,300.00,0,0,0,0,1,1
2025.05.22 05:23:00,BUY,3338.32,4276,4196,NONE,3,3,12.05,12.05,0.0,EMA->TP3,EMA->TP3,0,0,1,1,0,0,0,0,1,1,0,0,1,1,31.62,31.62,0.01,0.01,37,37,300.00,300.00,0,0,0,0,1,1
2025.05.23 17:21:00,BUY,3360.70,4277,4197,NONE,3,3,25.46,25.46,0.0,EMA->TP3,EMA->TP3,0,0,1,1,0,0,0,0,1,1,0,0,1,1,94.7,94.7,0.02,0.02,3405,3405,300.00,300.00,0,0,0,0,1,1
2025.05.26 03:14:00,BUY,3348.20,4278,4198,NONE,3,3,13.2,13.2,0.0,EMA->TP3,EMA->TP3,0,0,1,1,0,0,0,0,1,1,0,0,1,1,104.75,104.75,0.02,0.02,808,808,300.00,300.00,0,0,0,0,1,1
2025.05.26 17:36:06,BUY,3342.05,4279,4199,NONE,1,1,2.69,2.69,0.0,EMA->TP1,EMA->TP1,0,0,1,1,1,1,0,0,1,1,0,0,1,1,1.93,1.93,0.00,0.00,265,265,300.00,300.00,0,0,0,0,1,1
2025.05.27 22:51:00,SELL,3304.65,4280,4200,NONE,1,1,4.68,4.68,0.0,EMA->TP1,EMA->TP1,0,0,1,1,1,1,0,0,1,1,0,0,1,1,2.94,2.94,0.00,0.00,15,15,300.00,300.00,0,0,0,0,1,1
2025.05.27 23:09:00,BUY,3306.10,4281,4201,NONE,1,1,15.46,15.46,0.0,EMA->TP1,EMA->TP1,0,0,1,1,1,1,0,0,1,1,0,0,1,1,24.12,24.12,0.00,0.00,524,524,300.00,300.00,0,0,0,0,1,1
2025.05.28 15:56:01,BUY,3296.05,4282,4202,NONE,2,2,7.98,7.98,0.0,TP2,TP2,0,0,1,1,0,0,1,1,0,0,0,0,1,1,14.99,14.99,0.00,0.00,77,77,300.00,300.00,0,0,0,0,1,1
2025.05.29 10:33:00,SELL,3296.86,4283,4203,NONE,3,3,15.35,15.35,0.0,EMA->TP3,EMA->TP3,0,0,1,1,0,0,0,0,1,1,0,0,1,1,93.63,93.63,0.02,0.02,249,249,300.00,300.00,0,0,0,0,1,1
2025.05.29 18:05:00,SELL,3322.80,4284,4204,NONE,1,1,5.99,5.99,0.0,EMA->TP1,EMA->TP1,0,0,1,1,1,1,0,0,1,1,0,0,1,1,4.03,4.03,0.00,0.00,93,93,300.00,300.00,0,0,0,0,1,1
2025.05.30 01:25:01,SELL,3317.55,4285,4205,NONE,1,1,11.54,11.54,0.0,EMA->TP1,EMA->TP1,0,0,1,1,1,1,0,0,1,1,0,0,1,1,5.22,5.22,0.00,0.00,45,45,300.00,300.00,0,0,0,0,1,1
2025.05.30 02:35:00,BUY,3302.55,4286,4206,NONE,2,2,10.33,10.33,0.0,TP2,TP2,0,0,1,1,0,0,1,1,0,0,0,0,1,1,10.57,10.57,0.00,0.00,33,33,300.00,300.00,0,0,0,0,1,1
2025.06.02 23:00:00,BUY,3390.64,4287,4207,ALLOW,5,5,7.13,7.13,0.0,EMA->TP2->NET_BASKET_BE,EMA->TP2->NET_BASKET_BE,0,0,0,0,0,0,1,1,1,1,1,1,1,1,188.56,188.56,0.04,0.04,195,195,300.00,300.00,1,1,0,0,1,1
2025.06.03 03:03:00,BUY,3369.45,4288,4208,NONE,3,3,30.21,30.21,0.0,EMA->TP3,EMA->TP3,0,0,1,1,0,0,0,0,1,1,0,0,1,1,134.64,134.64,0.03,0.03,1158,1158,300.00,300.00,0,0,0,0,1,1
2025.06.04 02:52:00,BUY,3365.95,4289,4209,NONE,3,3,10.85,10.85,0.0,EMA->TP3,EMA->TP3,0,0,1,1,0,0,0,0,1,1,0,0,1,1,72.02,72.02,0.01,0.01,255,255,300.00,300.00,0,0,0,0,1,1
2025.06.04 18:55:01,BUY,3376.03,4290,4210,NONE,2,2,2.8,2.8,0.0,EMA->TP2,EMA->TP2,0,0,1,1,0,0,1,1,1,1,0,0,1,1,15.28,15.28,0.00,0.00,216,216,300.00,300.00,0,0,0,0,1,1
2025.06.06 01:04:00,BUY,3359.99,4291,4211,NONE,1,1,11.06,11.06,0.0,EMA->TP1,EMA->TP1,0,0,1,1,1,1,0,0,1,1,0,0,1,1,9.17,9.17,0.00,0.00,172,172,300.00,300.00,0,0,0,0,1,1
2025.06.06 05:56:00,BUY,3365.10,4292,4212,NONE,2,2,11.31,11.31,0.0,EMA->TP2,EMA->TP2,0,0,1,1,0,0,1,1,1,1,0,0,1,1,28.59,28.59,0.01,0.01,151,151,300.00,300.00,0,0,0,0,1,1
2025.06.06 14:28:00,BUY,3322.68,4293,4213,NONE,2,2,24.15,24.15,0.0,EMA->TP2,EMA->TP2,0,0,1,1,0,0,1,1,1,1,0,0,1,1,69.66,69.66,0.01,0.01,3836,3836,300.00,300.00,0,0,0,0,1,1
2025.06.09 10:28:00,BUY,3317.91,4294,4214,NONE,2,2,5.36,5.36,0.0,TP2,TP2,0,0,1,1,0,0,1,1,0,0,0,0,1,1,11.04,11.04,0.00,0.00,38,38,300.00,300.00,0,0,0,0,1,1
2025.06.09 11:25:00,SELL,3317.38,4295,4215,NONE,2,2,3.58,3.58,0.0,EMA->TP2,EMA->TP2,0,0,1,1,0,0,1,1,1,1,0,0,1,1,6.02,6.02,0.00,0.00,26,26,300.00,300.00,0,0,0,0,1,1
2025.06.09 17:38:00,BUY,3335.24,4296,4216,ALLOW,4,4,2.15,2.15,0.0,EMA->NET_BASKET_BE,EMA->NET_BASKET_BE,0,0,0,0,0,0,0,0,1,1,0,0,1,1,197.96,197.96,0.04,0.04,756,756,300.00,300.00,1,1,0,0,1,1
2025.06.10 06:41:00,SELL,3327.43,4297,4217,NONE,2,2,13.75,13.75,0.0,EMA->TP2,EMA->TP2,0,0,1,1,0,0,1,1,1,1,0,0,1,1,29.23,29.23,0.01,0.01,333,333,300.00,300.00,0,0,0,0,1,1
2025.06.10 19:02:00,BUY,3324.28,4298,4218,NONE,1,1,6.53,6.53,0.0,EMA->TP1,EMA->TP1,0,0,1,1,1,1,0,0,1,1,0,0,1,1,2.33,2.33,0.00,0.00,22,22,300.00,300.00,0,0,0,0,1,1
2025.06.11 05:40:00,SELL,3340.41,4299,4219,NONE,1,1,5.91,5.91,0.0,EMA->TP1,EMA->TP1,0,0,1,1,1,1,0,0,1,1,0,0,1,1,4.6,4.6,0.00,0.00,47,47,300.00,300.00,0,0,0,0,1,1
2025.06.11 08:47:00,SELL,3345.18,4300,4220,NONE,1,1,3.35,3.35,0.0,EMA->TP1,EMA->TP1,0,0,1,1,1,1,0,0,1,1,0,0,1,1,1.47,1.47,0.00,0.00,17,17,300.00,300.00,0,0,0,0,1,1
2025.06.11 12:13:00,BUY,3333.70,4301,4221,NONE,1,1,8.89,8.89,0.0,EMA->TP1,EMA->TP1,0,0,1,1,1,1,0,0,1,1,0,0,1,1,2.6,2.6,0.00,0.00,13,13,300.00,300.00,0,0,0,0,1,1
2025.06.11 15:08:00,BUY,3339.35,4302,4222,NONE,3,3,17.07,17.07,0.0,EMA->TP3,EMA->TP3,0,0,1,1,0,0,0,0,1,1,0,0,1,1,66.56,66.56,0.01,0.01,176,176,300.00,300.00,0,0,0,0,1,1
2025.06.11 22:16:00,SELL,3360.34,4303,4223,NONE,2,2,6.94,6.94,0.0,TP2,TP2,0,0,1,1,0,0,1,1,0,0,0,0,1,1,29.55,29.55,0.01,0.01,97,97,300.00,300.00,0,0,0,0,1,1
2025.06.12 11:33:00,BUY,3383.30,4304,4224,NONE,2,2,9.51,9.51,0.0,EMA->TP2,EMA->TP2,0,0,1,1,0,0,1,1,1,1,0,0,1,1,18.33,18.33,0.00,0.00,35,35,300.00,300.00,0,0,0,0,1,1
2025.06.16 01:03:00,BUY,3437.47,4305,4225,VETO,4,3,-300.32,-303.85,-3.53,EMA->SL$,EMA->SL$,1,1,0,0,0,0,0,0,1,1,0,0,0,0,307.57,307.19,0.06,0.06,2252,2254,300.00,300.00,0,0,0,0,1,1
2025.06.17 16:55:00,SELL,3382.66,4306,4226,NONE,2,2,11.36,11.36,0.0,EMA->TP2,EMA->TP2,0,0,1,1,0,0,1,1,1,1,0,0,1,1,25.49,25.49,0.01,0.01,436,436,300.00,300.00,0,0,0,0,1,1
2025.06.18 03:22:01,SELL,3383.63,4307,4227,ALLOW,4,4,2.79,2.79,0.0,NET_BASKET_BE,NET_BASKET_BE,0,0,0,0,0,0,0,0,0,0,0,0,1,1,81.84,81.84,0.02,0.02,128,128,300.00,300.00,1,1,0,0,1,1
2025.06.18 13:59:00,BUY,3393.76,4308,4228,NONE,3,3,15.77,15.77,0.0,EMA->TP3,EMA->TP3,0,0,1,1,0,0,0,0,1,1,0,0,1,1,68.88,68.88,0.01,0.01,33,33,300.00,300.00,0,0,0,0,1,1
2025.06.19 00:28:00,SELL,3377.80,4309,4229,NONE,2,2,4.91,4.91,0.0,TP2,TP2,0,0,1,1,0,0,1,1,0,0,0,0,1,1,8.89,8.89,0.00,0.00,27,27,300.00,300.00,0,0,0,0,1,1
2025.06.19 01:50:00,BUY,3380.72,4310,4230,ALLOW,4,4,4.24,4.24,0.0,EMA->NET_BASKET_BE,EMA->NET_BASKET_BE,0,0,0,0,0,0,0,0,1,1,0,0,1,1,171.58,171.58,0.03,0.03,349,349,300.00,300.00,1,1,0,0,1,1
2025.06.20 14:50:00,BUY,3368.41,4311,4231,NONE,1,1,21.83,21.83,0.0,EMA->TP1,EMA->TP1,0,0,1,1,1,1,0,0,1,1,0,0,1,1,8.69,8.69,0.00,0.00,3310,3310,300.00,300.00,0,0,0,0,1,1
2025.06.23 02:31:00,SELL,3362.22,4312,4232,NONE,1,1,4.71,4.71,0.0,EMA->TP1,EMA->TP1,0,0,1,1,1,1,0,0,1,1,0,0,1,1,6.02,6.02,0.00,0.00,132,132,300.00,300.00,0,0,0,0,1,1
2025.06.23 10:04:00,SELL,3365.26,4313,4233,NONE,2,2,10.12,10.12,0.0,EMA->TP2,EMA->TP2,0,0,1,1,0,0,1,1,1,1,0,0,1,1,37.34,37.34,0.01,0.01,132,132,300.00,300.00,0,0,0,0,1,1
2025.06.23 15:12:00,SELL,3385.05,4314,4234,NONE,2,2,6.85,6.85,0.0,TP2,TP2,0,0,1,1,0,0,1,1,0,0,0,0,1,1,14.03,14.03,0.00,0.00,89,89,300.00,300.00,0,0,0,0,1,1
2025.06.23 20:09:01,BUY,3376.47,4315,4235,ALLOW,5,5,-302.65,-302.65,0.0,SL$,SL$,1,1,0,0,0,0,0,0,0,0,1,1,0,0,299.65,299.65,0.06,0.06,232,232,300.00,300.00,0,0,0,0,1,1
2025.06.24 01:51:00,BUY,3344.28,4316,4236,NONE,1,1,6.41,6.41,0.0,TP1,TP1,0,0,1,1,1,1,0,0,0,0,0,0,1,1,1.5,1.5,0.00,0.00,14,14,300.00,300.00,0,0,0,0,1,1
2025.06.24 08:34:00,BUY,3328.18,4317,4237,NONE,2,2,9.98,9.98,0.0,EMA->TP2,EMA->TP2,0,0,1,1,0,0,1,1,1,1,0,0,1,1,19.15,19.15,0.00,0.00,127,127,300.00,300.00,0,0,0,0,1,1
2025.06.24 20:06:00,BUY,3323.55,4318,4238,NONE,2,2,2.53,2.53,0.0,EMA->TP2,EMA->TP2,0,0,1,1,0,0,1,1,1,1,0,0,1,1,6.73,6.73,0.00,0.00,184,184,300.00,300.00,0,0,0,0,1,1
2025.06.25 04:20:01,BUY,3328.20,4319,4239,NONE,2,2,3.02,3.02,0.0,EMA->TP2,EMA->TP2,0,0,1,1,0,0,1,1,1,1,0,0,1,1,4.6,4.6,0.00,0.00,29,29,300.00,300.00,0,0,0,0,1,1
2025.06.25 08:39:00,BUY,3329.90,4320,4240,NONE,2,2,4.43,4.43,0.0,EMA->TP2,EMA->TP2,0,0,1,1,0,0,1,1,1,1,0,0,1,1,19.89,19.89,0.00,0.00,97,97,300.00,300.00,0,0,0,0,1,1
2025.06.25 12:08:00,BUY,3325.07,4321,4241,NONE,2,2,14.19,14.19,0.0,EMA->TP2,EMA->TP2,0,0,1,1,0,0,1,1,1,1,0,0,1,1,25.48,25.48,0.01,0.01,162,162,300.00,300.00,0,0,0,0,1,1
2025.06.26 13:15:00,BUY,3319.97,4322,4242,NONE,2,2,12.39,12.39,0.0,TP2,TP2,0,0,1,1,0,0,1,1,0,0,0,0,1,1,19.83,19.83,0.00,0.00,28,28,300.00,300.00,0,0,0,0,1,1
2025.06.27 00:01:00,BUY,3319.84,4323,4243,NONE,2,2,8.9,8.9,0.0,TP2,TP2,0,0,1,1,0,0,1,1,0,0,0,0,1,1,8.35,8.35,0.00,0.00,58,58,300.00,300.00,0,0,0,0,1,1
2025.06.27 19:46:00,BUY,3272.09,4324,4244,NONE,1,1,4.81,4.81,0.0,EMA->TP1,EMA->TP1,0,0,1,1,1,1,0,0,1,1,0,0,1,1,3.98,3.98,0.00,0.00,3014,3014,300.00,300.00,0,0,0,0,1,1
2025.06.30 03:47:00,BUY,3280.91,4325,4245,NONE,1,1,4.4,4.4,0.0,EMA->TP1,EMA->TP1,0,0,1,1,1,1,0,0,1,1,0,0,1,1,4.29,4.29,0.00,0.00,64,64,300.00,300.00,0,0,0,0,1,1
2025.06.30 10:32:03,BUY,3287.16,4326,4246,NONE,2,2,7.08,7.08,0.0,EMA->TP2,EMA->TP2,0,0,1,1,0,0,1,1,1,1,0,0,1,1,28.5,28.5,0.01,0.01,112,112,300.00,300.00,0,0,0,0,1,1
2025.06.30 13:30:00,BUY,3283.26,4327,4247,NONE,1,1,6.81,6.81,0.0,EMA->TP1,EMA->TP1,0,0,1,1,1,1,0,0,1,1,0,0,1,1,9.57,9.57,0.00,0.00,93,93,300.00,300.00,0,0,0,0,1,1
2025.07.01 22:43:00,SELL,3341.85,4328,4248,NONE,1,1,4.4,4.4,0.0,EMA->TP1,EMA->TP1,0,0,1,1,1,1,0,0,1,1,0,0,1,1,1.77,1.77,0.00,0.00,21,21,300.00,300.00,0,0,0,0,1,1
2025.07.02 09:46:00,SELL,3338.93,4329,4249,NONE,3,3,2.04,2.04,0.0,TP3,TP3,0,0,1,1,0,0,0,0,0,0,0,0,1,1,35.22,35.22,0.01,0.01,119,119,300.00,300.00,0,0,0,0,1,1
2025.07.02 12:18:00,BUY,3348.98,4330,4250,NONE,2,2,25.38,25.38,0.0,EMA->TP2,EMA->TP2,0,0,1,1,0,0,1,1,1,1,0,0,1,1,148.27,148.27,0.03,0.03,7799,7799,300.00,300.00,0,0,0,0,1,1
2025.07.08 05:39:00,SELL,3334.57,4331,4251,NONE,2,2,3.81,3.81,0.0,EMA->TP2,EMA->TP2,0,0,1,1,0,0,1,1,1,1,0,0,1,1,11.93,11.93,0.00,0.00,105,105,300.00,300.00,0,0,0,0,1,1
2025.07.08 23:47:00,BUY,3299.60,4332,4252,NONE,1,1,5.31,5.31,0.0,EMA->TP1,EMA->TP1,0,0,1,1,1,1,0,0,1,1,0,0,1,1,2.75,2.75,0.00,0.00,15,15,300.00,300.00,0,0,0,0,1,1
2025.07.10 09:07:00,SELL,3329.32,4333,4253,NONE,1,1,3.33,3.33,0.0,TP1,TP1,0,0,1,1,1,1,0,0,0,0,0,0,1,1,2.45,2.45,0.00,0.00,27,27,300.00,300.00,0,0,0,0,1,1
2025.07.10 11:05:00,SELL,3326.70,4334,4254,NONE,1,1,8.36,8.36,0.0,EMA->TP1,EMA->TP1,0,0,1,1,1,1,0,0,1,1,0,0,1,1,3.89,3.89,0.00,0.00,61,61,300.00,300.00,0,0,0,0,1,1
2025.07.10 12:09:00,BUY,3319.59,4335,4255,NONE,1,1,4.74,4.74,0.0,EMA->TP1,EMA->TP1,0,0,1,1,1,1,0,0,1,1,0,0,1,1,3.81,3.81,0.00,0.00,44,44,300.00,300.00,0,0,0,0,1,1
2025.07.10 19:28:00,SELL,3324.20,4336,4256,NONE,3,3,2.69,2.69,0.0,EMA->TP3,EMA->TP3,0,0,1,1,0,0,0,0,1,1,0,0,1,1,44.81,44.81,0.01,0.01,332,332,300.00,300.00,0,0,0,0,1,1
2025.07.11 09:26:00,SELL,3333.93,4337,4257,ALLOW,5,5,2.96,2.96,0.0,EMA->NET_BASKET_BE,EMA->NET_BASKET_BE,0,0,0,0,0,0,0,0,1,1,1,1,1,1,276.3,276.3,0.06,0.06,465,465,300.00,300.00,1,1,0,0,1,1
2025.07.14 14:48:00,BUY,3343.20,4338,4258,NONE,1,1,6.5,6.5,0.0,EMA->TP1,EMA->TP1,0,0,1,1,1,1,0,0,1,1,0,0,1,1,6.55,6.55,0.00,0.00,154,154,300.00,300.00,0,0,0,0,1,1
2025.07.15 11:41:00,BUY,3358.24,4339,4259,NONE,2,2,4.52,4.52,0.0,TP2,TP2,0,0,1,1,0,0,1,1,0,0,0,0,1,1,7.14,7.14,0.00,0.00,7,7,300.00,300.00,0,0,0,0,1,1
2025.07.15 13:44:00,BUY,3339.26,4340,4260,NONE,1,1,9.59,9.59,0.0,TP1,TP1,0,0,1,1,1,1,0,0,0,0,0,0,1,1,5.5,5.5,0.00,0.00,41,41,300.00,300.00,0,0,0,0,1,1
2025.07.16 01:10:00,BUY,3330.78,4341,4261,NONE,2,2,6.51,6.51,0.0,EMA->TP2,EMA->TP2,0,0,1,1,0,0,1,1,1,1,0,0,1,1,12.85,12.85,0.00,0.00,116,116,300.00,300.00,0,0,0,0,1,1
2025.07.16 06:28:00,SELL,3340.39,4342,4262,NONE,1,1,4.31,4.31,0.0,EMA->TP1,EMA->TP1,0,0,1,1,1,1,0,0,1,1,0,0,1,1,7.04,7.04,0.00,0.00,270,270,300.00,300.00,0,0,0,0,1,1
2025.07.16 11:59:00,SELL,3338.80,4343,4263,NONE,1,1,3.03,3.03,0.0,EMA->TP1,EMA->TP1,0,0,1,1,1,1,0,0,1,1,0,0,1,1,3.64,3.64,0.00,0.00,17,17,300.00,300.00,0,0,0,0,1,1
2025.07.16 15:59:00,BUY,3347.10,4344,4264,NONE,1,1,51.94,51.94,0.0,EMA->TP1,EMA->TP1,0,0,1,1,1,1,0,0,1,1,0,0,1,1,48.94,48.94,0.01,0.01,7122,7122,300.00,300.00,0,0,0,0,1,1
2025.07.22 04:46:03,BUY,3390.24,4345,4265,NONE,2,2,2.54,2.54,0.0,TP2,TP2,0,0,1,1,0,0,1,1,0,0,0,0,1,1,3.76,3.76,0.00,0.00,10,10,300.00,300.00,0,0,0,0,1,1
2025.07.22 06:05:00,BUY,3387.14,4346,4266,NONE,1,1,5.45,5.45,0.0,EMA->TP1,EMA->TP1,0,0,1,1,1,1,0,0,1,1,0,0,1,1,5.99,5.99,0.00,0.00,361,361,300.00,300.00,0,0,0,0,1,1
2025.07.22 15:55:00,BUY,3426.11,4347,4267,NONE,1,1,7.09,7.09,0.0,EMA->TP1,EMA->TP1,0,0,1,1,1,1,0,0,1,1,0,0,1,1,4.04,4.04,0.00,0.00,69,69,300.00,300.00,0,0,0,0,1,1
2025.07.23 04:23:00,BUY,3423.49,4348,4268,NONE,3,3,2.53,2.53,0.0,TP3,TP3,0,0,1,1,0,0,0,0,0,0,0,0,1,1,28.1,28.1,0.01,0.01,97,97,300.00,300.00,0,0,0,0,1,1
2025.07.23 07:35:00,BUY,3426.57,4349,4269,NONE,2,2,6.48,6.48,0.0,EMA->TP2,EMA->TP2,0,0,1,1,0,0,1,1,1,1,0,0,1,1,12.0,12.0,0.00,0.00,43,43,300.00,300.00,0,0,0,0,1,1
2025.07.23 10:27:00,BUY,3424.07,4350,4270,NONE,1,1,4.22,4.22,0.0,EMA->TP1,EMA->TP1,0,0,1,1,1,1,0,0,1,1,0,0,1,1,4.06,4.06,0.00,0.00,74,74,300.00,300.00,0,0,0,0,1,1
2025.07.23 19:01:00,BUY,3395.38,4351,4271,NONE,3,3,4.36,4.36,0.0,EMA->TP3,EMA->TP3,0,0,1,1,0,0,0,0,1,1,0,0,1,1,39.63,39.63,0.01,0.01,374,374,300.00,300.00,0,0,0,0,1,1
2025.07.24 04:29:01,BUY,3384.09,4352,4272,ALLOW,4,4,2.44,2.44,0.0,NET_BASKET_BE,NET_BASKET_BE,0,0,0,0,0,0,0,0,0,0,0,0,1,1,199.89,199.89,0.04,0.04,560,560,300.00,300.00,1,1,0,0,1,1
2025.07.24 18:16:00,BUY,3368.60,4353,4273,NONE,1,1,2.18,2.18,0.0,EMA->TP1,EMA->TP1,0,0,1,1,1,1,0,0,1,1,0,0,1,1,1.23,1.23,0.00,0.00,14,14,300.00,300.00,0,0,0,0,1,1
2025.07.24 20:07:00,BUY,3371.20,4354,4274,NONE,2,2,3.26,3.26,0.0,EMA->TP2,EMA->TP2,0,0,1,1,0,0,1,1,1,1,0,0,1,1,14.4,14.4,0.00,0.00,181,181,300.00,300.00,0,0,0,0,1,1
2025.07.28 10:23:04,SELL,3336.38,4355,4275,NONE,1,1,5.27,5.27,0.0,EMA->TP1,EMA->TP1,0,0,1,1,1,1,0,0,1,1,0,0,1,1,4.11,4.11,0.00,0.00,122,122,300.00,300.00,0,0,0,0,1,1
2025.07.29 03:29:00,BUY,3315.70,4356,4276,NONE,2,2,4.59,4.59,0.0,EMA->TP2,EMA->TP2,0,0,1,1,0,0,1,1,1,1,0,0,1,1,18.25,18.25,0.00,0.00,78,78,300.00,300.00,0,0,0,0,1,1
2025.07.29 19:06:07,BUY,3326.45,4357,4277,NONE,2,2,3.15,3.15,0.0,EMA->TP2,EMA->TP2,0,0,1,1,0,0,1,1,1,1,0,0,1,1,9.68,9.68,0.00,0.00,80,80,300.00,300.00,0,0,0,0,1,1
2025.07.30 06:06:00,BUY,3325.59,4358,4278,NONE,1,1,5.18,5.18,0.0,EMA->TP1,EMA->TP1,0,0,1,1,1,1,0,0,1,1,0,0,1,1,3.29,3.29,0.00,0.00,61,61,300.00,300.00,0,0,0,0,1,1
2025.07.30 14:37:00,BUY,3304.64,4359,4279,NONE,2,2,10.14,10.14,0.0,EMA->TP2,EMA->TP2,0,0,1,1,0,0,1,1,1,1,0,0,1,1,36.62,36.62,0.01,0.01,203,203,300.00,300.00,0,0,0,0,1,1
2025.07.31 16:25:00,BUY,3292.30,4360,4280,NONE,2,2,10.73,10.73,0.0,EMA->TP2,EMA->TP2,0,0,1,1,0,0,1,1,1,1,0,0,1,1,24.18,24.18,0.00,0.00,631,631,300.00,300.00,0,0,0,0,1,1
2025.08.01 14:45:00,BUY,3345.13,4361,4281,NONE,1,1,8.67,8.67,0.0,EMA->TP1,EMA->TP1,0,0,1,1,1,1,0,0,1,1,0,0,1,1,10.75,10.75,0.00,0.00,285,285,300.00,300.00,0,0,0,0,1,1
2025.08.04 04:18:03,SELL,3360.72,4362,4282,NONE,1,1,2.16,2.16,0.0,TP1,TP1,0,0,1,1,1,1,0,0,0,0,0,0,1,1,2.53,2.53,0.00,0.00,64,64,300.00,300.00,0,0,0,0,1,1
2025.08.04 13:36:00,SELL,3374.11,4363,4283,NONE,2,2,9.58,9.58,0.0,TP2,TP2,0,0,1,1,0,0,1,1,0,0,0,0,1,1,19.37,19.37,0.00,0.00,44,44,300.00,300.00,0,0,0,0,1,1
2025.08.04 16:55:00,BUY,3372.20,4364,4284,NONE,1,1,3.35,3.35,0.0,EMA->TP1,EMA->TP1,0,0,1,1,1,1,0,0,1,1,0,0,1,1,2.62,2.62,0.00,0.00,85,85,300.00,300.00,0,0,0,0,1,1
2025.08.04 23:38:00,SELL,3378.05,4365,4285,NONE,2,2,2.08,2.08,0.0,EMA->TP2,EMA->TP2,0,0,1,1,0,0,1,1,1,1,0,0,1,1,12.1,12.1,0.00,0.00,107,107,300.00,300.00,0,0,0,0,1,1
2025.08.05 09:18:00,BUY,3366.09,4366,4286,ALLOW,4,4,2.08,2.08,0.0,NET_BASKET_BE,NET_BASKET_BE,0,0,0,0,0,0,0,0,0,0,0,0,1,1,79.26,79.26,0.02,0.02,186,186,300.00,300.00,1,1,0,0,1,1
2025.08.06 08:24:01,BUY,3367.72,4367,4287,NONE,2,2,5.46,5.46,0.0,EMA->TP2,EMA->TP2,0,0,1,1,0,0,1,1,1,1,0,0,1,1,22.29,22.29,0.00,0.00,269,269,300.00,300.00,0,0,0,0,1,1
2025.08.06 20:51:01,BUY,3369.05,4368,4288,NONE,1,1,2.85,2.85,0.0,EMA->TP1,EMA->TP1,0,0,1,1,1,1,0,0,1,1,0,0,1,1,1.48,1.48,0.00,0.00,70,70,300.00,300.00,0,0,0,0,1,1
2025.08.06 22:29:00,BUY,3372.20,4369,4289,NONE,2,2,4.65,4.65,0.0,EMA->TP2,EMA->TP2,0,0,1,1,0,0,1,1,1,1,0,0,1,1,14.83,14.83,0.00,0.00,111,111,300.00,300.00,0,0,0,0,1,1
2025.08.07 18:40:00,BUY,3390.53,4370,4290,NONE,1,1,4.59,4.59,0.0,EMA->TP1,EMA->TP1,0,0,1,1,1,1,0,0,1,1,0,0,1,1,3.84,3.84,0.00,0.00,51,51,300.00,300.00,0,0,0,0,1,1
2025.08.08 01:24:00,BUY,3384.11,4371,4291,NONE,1,1,9.8,9.8,0.0,EMA->TP1,EMA->TP1,0,0,1,1,1,1,0,0,1,1,0,0,1,1,7.63,7.63,0.00,0.00,134,134,300.00,300.00,0,0,0,0,1,1
2025.08.08 07:33:00,BUY,3398.91,4372,4292,NONE,2,2,13.5,13.5,0.0,EMA->TP2,EMA->TP2,0,0,1,1,0,0,1,1,1,1,0,0,1,1,42.69,42.69,0.01,0.01,297,297,300.00,300.00,0,0,0,0,1,1
2025.08.11 15:16:00,BUY,3346.86,4373,4293,NONE,2,2,2.23,2.23,0.0,EMA->TP2,EMA->TP2,0,0,1,1,0,0,1,1,1,1,0,0,1,1,13.18,13.18,0.00,0.00,136,136,300.00,300.00,0,0,0,0,1,1
2025.08.11 20:22:00,BUY,3351.30,4374,4294,NONE,3,3,6.79,6.79,0.0,EMA->TP3,EMA->TP3,0,0,1,1,0,0,0,0,1,1,0,0,1,1,37.23,37.23,0.01,0.01,175,175,300.00,300.00,0,0,0,0,1,1
2025.08.12 00:56:00,SELL,3354.20,4375,4295,NONE,1,1,3.66,3.66,0.0,EMA->TP1,EMA->TP1,0,0,1,1,1,1,0,0,1,1,0,0,1,1,4.67,4.67,0.00,0.00,29,29,300.00,300.00,0,0,0,0,1,1
2025.08.12 02:23:00,BUY,3351.60,4376,4296,NONE,1,1,2.0,2.0,0.0,EMA->TP1,EMA->TP1,0,0,1,1,1,1,0,0,1,1,0,0,1,1,2.32,2.32,0.00,0.00,9,9,300.00,300.00,0,0,0,0,1,1
2025.08.12 10:30:00,SELL,3349.20,4377,4297,NONE,1,1,3.23,3.23,0.0,EMA->TP1,EMA->TP1,0,0,1,1,1,1,0,0,1,1,0,0,1,1,2.15,2.15,0.00,0.00,14,14,300.00,300.00,0,0,0,0,1,1
2025.08.12 12:04:01,SELL,3346.32,4378,4298,NONE,1,1,5.41,5.41,0.0,EMA->TP1,EMA->TP1,0,0,1,1,1,1,0,0,1,1,0,0,1,1,2.01,2.01,0.00,0.00,16,16,300.00,300.00,0,0,0,0,1,1
2025.08.12 12:36:00,SELL,3348.01,4379,4299,NONE,2,2,28.94,28.94,0.0,EMA->TP2,EMA->TP2,0,0,1,1,0,0,1,1,1,1,0,0,1,1,45.55,45.55,0.01,0.01,1766,1766,300.00,300.00,0,0,0,0,1,1
2025.08.13 20:40:00,BUY,3356.55,4380,4300,NONE,1,1,2.31,2.31,0.0,EMA->TP1,EMA->TP1,0,0,1,1,1,1,0,0,1,1,0,0,1,1,1.39,1.39,0.00,0.00,81,81,300.00,300.00,0,0,0,0,1,1
2025.08.14 08:06:00,BUY,3346.95,4381,4301,NONE,1,1,9.78,9.78,0.0,EMA->TP1,EMA->TP1,0,0,1,1,1,1,0,0,1,1,0,0,1,1,5.99,5.99,0.00,0.00,70,70,300.00,300.00,0,0,0,0,1,1
2025.08.15 13:45:00,BUY,3336.68,4382,4302,NONE,1,1,6.87,6.87,0.0,EMA->TP1,EMA->TP1,0,0,1,1,1,1,0,0,1,1,0,0,1,1,4.21,4.21,0.00,0.00,76,76,300.00,300.00,0,0,0,0,1,1
2025.08.18 00:01:00,BUY,3328.97,4383,4303,NONE,1,1,5.28,5.28,0.0,EMA->TP1,EMA->TP1,0,0,1,1,1,1,0,0,1,1,0,0,1,1,2.34,2.34,0.00,0.00,12,12,300.00,300.00,0,0,0,0,1,1
2025.08.18 23:40:00,BUY,3332.68,4384,4304,NONE,3,3,2.16,2.16,0.0,TP3,TP3,0,0,1,1,0,0,0,0,0,0,0,0,1,1,28.57,28.57,0.01,0.01,26,26,300.00,300.00,0,0,0,0,1,1
2025.08.19 01:13:00,BUY,3332.74,4385,4305,NONE,1,1,7.05,7.05,0.0,EMA->TP1,EMA->TP1,0,0,1,1,1,1,0,0,1,1,0,0,1,1,6.19,6.19,0.00,0.00,114,114,300.00,300.00,0,0,0,0,1,1
2025.08.20 08:33:00,BUY,3322.78,4386,4306,NONE,1,1,3.46,3.46,0.0,EMA->TP1,EMA->TP1,0,0,1,1,1,1,0,0,1,1,0,0,1,1,2.11,2.11,0.00,0.00,35,35,300.00,300.00,0,0,0,0,1,1
2025.08.20 19:30:00,SELL,3348.35,4387,4307,NONE,2,2,2.19,2.19,0.0,TP2->EMA->TP2,TP2->EMA->TP2,0,0,1,1,0,0,1,1,1,1,0,0,1,1,10.16,10.16,0.00,0.00,216,216,300.00,300.00,0,0,0,0,1,1
2025.08.20 23:23:02,BUY,3348.43,4388,4308,ALLOW,5,5,3.03,3.03,0.0,EMA->TP3->NET_BASKET_BE,EMA->TP3->NET_BASKET_BE,0,0,0,0,0,0,0,0,1,1,1,1,1,1,226.86,226.86,0.05,0.05,764,764,300.00,300.00,1,1,0,0,1,1
2025.08.21 16:23:00,BUY,3341.95,4389,4309,NONE,2,2,2.98,2.98,0.0,EMA->TP2,EMA->TP2,0,0,1,1,0,0,1,1,1,1,0,0,1,1,9.51,9.51,0.00,0.00,43,43,300.00,300.00,0,0,0,0,1,1
2025.08.22 01:28:00,BUY,3338.05,4390,4310,NONE,3,3,6.24,6.24,0.0,EMA->TP3,EMA->TP3,0,0,1,1,0,0,0,0,1,1,0,0,1,1,49.87,49.87,0.01,0.01,352,352,300.00,300.00,0,0,0,0,1,1
2025.08.22 12:08:00,BUY,3328.93,4391,4311,NONE,2,2,5.36,5.36,0.0,EMA->TP2,EMA->TP2,0,0,1,1,0,0,1,1,1,1,0,0,1,1,17.25,17.25,0.00,0.00,69,69,300.00,300.00,0,0,0,0,1,1
2025.08.25 01:57:01,BUY,3362.91,4392,4312,NONE,1,1,3.74,3.74,0.0,EMA->TP1,EMA->TP1,0,0,1,1,1,1,0,0,1,1,0,0,1,1,3.44,3.44,0.00,0.00,81,81,300.00,300.00,0,0,0,0,1,1
2025.08.25 07:11:00,SELL,3368.68,4393,4313,NONE,1,1,2.83,2.83,0.0,EMA->TP1,EMA->TP1,0,0,1,1,1,1,0,0,1,1,0,0,1,1,3.06,3.06,0.00,0.00,53,53,300.00,300.00,0,0,0,0,1,1
2025.08.25 19:31:00,BUY,3369.39,4394,4314,VETO,5,3,2.31,2.21,-0.1,NET_BASKET_BE,EMA->TP3,0,0,0,1,0,0,0,0,0,1,1,0,1,1,136.59,94.21,0.03,0.02,279,282,300.00,300.00,1,0,0,0,1,1
2025.08.27 05:03:00,BUY,3376.55,4395,4315,NONE,1,1,4.43,4.43,0.0,EMA->TP1,EMA->TP1,0,0,1,1,1,1,0,0,1,1,0,0,1,1,3.07,3.07,0.00,0.00,75,75,300.00,300.00,0,0,0,0,1,1
2025.08.28 13:04:00,BUY,3399.97,4396,4316,NONE,1,1,7.71,7.71,0.0,EMA->TP1,EMA->TP1,0,0,1,1,1,1,0,0,1,1,0,0,1,1,6.38,6.38,0.00,0.00,42,42,300.00,300.00,0,0,0,0,1,1
2025.08.28 20:31:00,BUY,3417.74,4397,4317,ALLOW,5,5,2.14,2.14,0.0,EMA->TP2->NET_BASKET_BE,EMA->TP2->NET_BASKET_BE,0,0,0,0,0,0,1,1,1,1,1,1,1,1,82.82,82.82,0.02,0.02,683,683,300.00,300.00,1,1,0,0,1,1
2025.08.29 09:06:02,BUY,3410.34,4398,4318,NONE,2,2,4.98,4.98,0.0,EMA->TP2,EMA->TP2,0,0,1,1,0,0,1,1,1,1,0,0,1,1,13.47,13.47,0.00,0.00,163,163,300.00,300.00,0,0,0,0,1,1
2025.09.01 01:30:00,BUY,3439.28,4399,4319,NONE,1,1,6.51,6.51,0.0,EMA->TP1,EMA->TP1,0,0,1,1,1,1,0,0,1,1,0,0,1,1,2.8,2.8,0.00,0.00,13,13,300.00,300.00,0,0,0,0,1,1
2025.09.01 18:15:00,BUY,3476.93,4400,4320,NONE,2,2,2.16,2.16,0.0,EMA->TP2,EMA->TP2,0,0,1,1,0,0,1,1,1,1,0,0,1,1,8.46,8.46,0.00,0.00,230,230,300.00,300.00,0,0,0,0,1,1
2025.09.02 04:29:01,BUY,3494.78,4401,4321,ALLOW,4,4,2.49,2.49,0.0,EMA->TP2->NET_BASKET_BE,EMA->TP2->NET_BASKET_BE,0,0,0,0,0,0,1,1,1,1,0,0,1,1,152.84,152.84,0.03,0.03,389,389,300.00,300.00,1,1,0,0,1,1
2025.09.03 03:19:00,BUY,3531.97,4402,4322,NONE,1,1,8.38,8.38,0.0,EMA->TP1,EMA->TP1,0,0,1,1,1,1,0,0,1,1,0,0,1,1,11.56,11.56,0.00,0.00,307,307,300.00,300.00,0,0,0,0,1,1
2025.09.03 09:44:00,BUY,3537.70,4403,4323,NONE,2,2,7.24,7.24,0.0,EMA->TP2,EMA->TP2,0,0,1,1,0,0,1,1,1,1,0,0,1,1,7.99,7.99,0.00,0.00,45,45,300.00,300.00,0,0,0,0,1,1
2025.09.03 12:23:00,BUY,3546.74,4404,4324,NONE,1,1,10.66,10.66,0.0,EMA->TP1,EMA->TP1,0,0,1,1,1,1,0,0,1,1,0,0,1,1,4.55,4.55,0.00,0.00,55,55,300.00,300.00,0,0,0,0,1,1
2025.09.03 13:56:00,BUY,3554.53,4405,4325,NONE,1,1,9.5,9.5,0.0,EMA->TP1,EMA->TP1,0,0,1,1,1,1,0,0,1,1,0,0,1,1,6.99,6.99,0.00,0.00,28,28,300.00,300.00,0,0,0,0,1,1
2025.09.08 23:21:02,BUY,3630.45,4406,4326,NONE,1,1,3.97,3.97,0.0,EMA->TP1,EMA->TP1,0,0,1,1,1,1,0,0,1,1,0,0,1,1,1.99,1.99,0.00,0.00,30,30,300.00,300.00,0,0,0,0,1,1
2025.09.09 10:53:00,BUY,3651.94,4407,4327,NONE,2,2,8.67,8.67,0.0,EMA->TP2,EMA->TP2,0,0,1,1,0,0,1,1,1,1,0,0,1,1,17.07,17.07,0.00,0.00,131,131,300.00,300.00,0,0,0,0,1,1
2025.09.09 20:49:00,BUY,3629.34,4408,4328,NONE,2,2,15.44,15.44,0.0,TP2,TP2,0,0,1,1,0,0,1,1,0,0,0,0,1,1,14.79,14.79,0.00,0.00,78,78,300.00,300.00,0,0,0,0,1,1
2025.09.10 12:04:00,BUY,3649.99,4409,4329,NONE,1,1,4.96,4.96,0.0,EMA->TP1,EMA->TP1,0,0,1,1,1,1,0,0,1,1,0,0,1,1,3.09,3.09,0.00,0.00,26,26,300.00,300.00,0,0,0,0,1,1
2025.09.10 19:13:00,BUY,3644.64,4410,4330,NONE,3,3,5.77,5.77,0.0,TP3,TP3,0,0,1,1,0,0,0,0,0,0,0,0,1,1,34.25,34.25,0.01,0.01,42,42,300.00,300.00,0,0,0,0,1,1
2025.09.11 08:50:00,BUY,3628.13,4411,4331,NONE,3,3,12.76,12.76,0.0,EMA->TP3,EMA->TP3,0,0,1,1,0,0,0,0,1,1,0,0,1,1,42.03,42.03,0.01,0.01,90,90,300.00,300.00,0,0,0,0,1,1
2025.09.11 11:18:00,BUY,3621.38,4412,4332,NONE,2,2,4.92,4.92,0.0,TP2,TP2,0,0,1,1,0,0,1,1,0,0,0,0,1,1,11.83,11.83,0.00,0.00,62,62,300.00,300.00,0,0,0,0,1,1
2025.09.11 19:55:00,SELL,3635.88,4413,4333,NONE,1,1,2.15,2.15,0.0,EMA->TP1,EMA->TP1,0,0,1,1,1,1,0,0,1,1,0,0,1,1,2.06,2.06,0.00,0.00,48,48,300.00,300.00,0,0,0,0,1,1
2025.09.12 01:17:00,SELL,3640.28,4414,4334,NONE,2,2,10.88,10.88,0.0,EMA->TP2,EMA->TP2,0,0,1,1,0,0,1,1,1,1,0,0,1,1,34.13,34.13,0.01,0.01,452,452,300.00,300.00,0,0,0,0,1,1
2025.09.12 09:17:00,BUY,3642.05,4415,4335,NONE,1,1,7.65,7.65,0.0,EMA->TP1,EMA->TP1,0,0,1,1,1,1,0,0,1,1,0,0,1,1,4.5,4.5,0.00,0.00,61,61,300.00,300.00,0,0,0,0,1,1
2025.09.12 11:48:01,BUY,3649.05,4416,4336,NONE,3,3,10.24,10.24,0.0,EMA->TP3,EMA->TP3,0,0,1,1,0,0,0,0,1,1,0,0,1,1,32.41,32.41,0.01,0.01,64,64,300.00,300.00,0,0,0,0,1,1
2025.09.12 12:53:00,BUY,3644.34,4417,4337,NONE,1,1,8.63,8.63,0.0,EMA->TP1,EMA->TP1,0,0,1,1,1,1,0,0,1,1,0,0,1,1,6.02,6.02,0.00,0.00,68,68,300.00,300.00,0,0,0,0,1,1
2025.09.15 11:07:00,BUY,3640.84,4418,4338,NONE,1,1,4.64,4.64,0.0,EMA->TP1,EMA->TP1,0,0,1,1,1,1,0,0,1,1,0,0,1,1,1.6,1.6,0.00,0.00,18,18,300.00,300.00,0,0,0,0,1,1
2025.09.16 11:01:00,BUY,3694.43,4419,4339,NONE,1,1,4.58,4.58,0.0,EMA->TP1,EMA->TP1,0,0,1,1,1,1,0,0,1,1,0,0,1,1,4.26,4.26,0.00,0.00,50,50,300.00,300.00,0,0,0,0,1,1
2025.09.16 18:06:00,BUY,3687.47,4420,4340,NONE,1,1,2.38,2.38,0.0,EMA->TP1,EMA->TP1,0,0,1,1,1,1,0,0,1,1,0,0,1,1,1.51,1.51,0.00,0.00,44,44,300.00,300.00,0,0,0,0,1,1
2025.09.17 07:35:00,BUY,3670.59,4421,4341,NONE,2,2,9.6,9.6,0.0,TP2,TP2,0,0,1,1,0,0,1,1,0,0,0,0,1,1,16.56,16.56,0.00,0.00,102,102,300.00,300.00,0,0,0,0,1,1
2025.09.18 01:41:00,BUY,3658.59,4422,4342,NONE,2,2,14.38,14.38,0.0,EMA->TP2,EMA->TP2,0,0,1,1,0,0,1,1,1,1,0,0,1,1,63.36,63.36,0.01,0.01,361,361,300.00,300.00,0,0,0,0,1,1
2025.09.18 09:15:00,SELL,3667.24,4423,4343,NONE,1,1,5.02,5.02,0.0,EMA->TP1,EMA->TP1,0,0,1,1,1,1,0,0,1,1,0,0,1,1,8.05,8.05,0.00,0.00,225,225,300.00,300.00,0,0,0,0,1,1
2025.09.18 15:42:00,SELL,3639.99,4424,4344,NONE,2,2,2.43,2.43,0.0,EMA->TP2,EMA->TP2,0,0,1,1,0,0,1,1,1,1,0,0,1,1,18.25,18.25,0.00,0.00,139,139,300.00,300.00,0,0,0,0,1,1
2025.09.19 00:44:00,BUY,3638.78,4425,4345,NONE,1,1,4.81,4.81,0.0,EMA->TP1,EMA->TP1,0,0,1,1,1,1,0,0,1,1,0,0,1,1,1.68,1.68,0.00,0.00,20,20,300.00,300.00,0,0,0,0,1,1
2025.09.19 05:44:00,BUY,3655.43,4426,4346,NONE,2,2,10.27,10.27,0.0,EMA->TP2,EMA->TP2,0,0,1,1,0,0,1,1,1,1,0,0,1,1,24.56,24.56,0.00,0.00,124,124,300.00,300.00,0,0,0,0,1,1
2025.09.22 00:11:00,BUY,3688.30,4427,4347,NONE,1,1,5.17,5.17,0.0,EMA->TP1,EMA->TP1,0,0,1,1,1,1,0,0,1,1,0,0,1,1,6.6,6.6,0.00,0.00,59,59,300.00,300.00,0,0,0,0,1,1
2025.09.22 08:04:00,BUY,3716.16,4428,4348,NONE,1,1,6.91,6.91,0.0,EMA->TP1,EMA->TP1,0,0,1,1,1,1,0,0,1,1,0,0,1,1,3.66,3.66,0.00,0.00,74,74,300.00,300.00,0,0,0,0,1,1
2025.09.22 09:46:00,BUY,3722.43,4429,4349,NONE,1,1,4.55,4.55,0.0,EMA->TP1,EMA->TP1,0,0,1,1,1,1,0,0,1,1,0,0,1,1,3.99,3.99,0.00,0.00,37,37,300.00,300.00,0,0,0,0,1,1
2025.09.22 22:57:03,BUY,3739.93,4430,4350,NONE,1,1,6.01,6.01,0.0,EMA->TP1,EMA->TP1,0,0,1,1,1,1,0,0,1,1,0,0,1,1,1.68,1.68,0.00,0.00,24,24,300.00,300.00,0,0,0,0,1,1
2025.09.23 20:54:00,BUY,3764.09,4431,4351,NONE,1,1,5.26,5.26,0.0,EMA->TP1,EMA->TP1,0,0,1,1,1,1,0,0,1,1,0,0,1,1,5.79,5.79,0.00,0.00,136,136,300.00,300.00,0,0,0,0,1,1
2025.09.24 08:46:00,BUY,3771.03,4432,4352,NONE,2,2,6.43,6.43,0.0,EMA->TP2,EMA->TP2,0,0,1,1,0,0,1,1,1,1,0,0,1,1,27.63,27.63,0.01,0.01,195,195,300.00,300.00,0,0,0,0,1,1
2025.09.24 18:29:00,BUY,3729.65,4433,4353,NONE,3,3,11.75,11.75,0.0,TP3,TP3,0,0,1,1,0,0,0,0,0,0,0,0,1,1,32.35,32.35,0.01,0.01,71,71,300.00,300.00,0,0,0,0,1,1
2025.09.25 04:22:00,BUY,3734.13,4434,4354,NONE,1,1,5.26,5.26,0.0,EMA->TP1,EMA->TP1,0,0,1,1,1,1,0,0,1,1,0,0,1,1,1.83,1.83,0.00,0.00,13,13,300.00,300.00,0,0,0,0,1,1
2025.09.25 17:09:00,BUY,3734.73,4435,4355,NONE,1,1,6.29,6.29,0.0,EMA->TP1,EMA->TP1,0,0,1,1,1,1,0,0,1,1,0,0,1,1,0.78,0.78,0.00,0.00,6,6,300.00,300.00,0,0,0,0,1,1
2025.09.26 03:52:00,SELL,3744.78,4436,4356,NONE,2,2,2.14,2.14,0.0,TP2,TP2,0,0,1,1,0,0,1,1,0,0,0,0,1,1,4.46,4.46,0.00,0.00,30,30,300.00,300.00,0,0,0,0,1,1
2025.10.02 08:14:00,BUY,3867.80,4437,4357,NONE,1,1,6.09,6.09,0.0,EMA->TP1,EMA->TP1,0,0,1,1,1,1,0,0,1,1,0,0,1,1,2.68,2.68,0.00,0.00,29,29,300.00,300.00,0,0,0,0,1,1
2025.10.02 14:59:00,BUY,3839.30,4438,4358,NONE,2,2,26.98,26.98,0.0,TP2,TP2,0,0,1,1,0,0,1,1,0,0,0,0,1,1,30.01,30.01,0.01,0.01,71,71,300.00,300.00,0,0,0,0,1,1
2025.10.02 20:59:00,BUY,3856.82,4439,4359,NONE,2,2,4.67,4.67,0.0,EMA->TP2,EMA->TP2,0,0,1,1,0,0,1,1,1,1,0,0,1,1,10.37,10.37,0.00,0.00,98,98,300.00,300.00,0,0,0,0,1,1
2025.10.03 01:05:00,BUY,3859.61,4440,4360,NONE,2,2,7.58,7.58,0.0,EMA->TP2,EMA->TP2,0,0,1,1,0,0,1,1,1,1,0,0,1,1,32.37,32.37,0.01,0.01,46,46,300.00,300.00,0,0,0,0,1,1
2025.10.03 02:56:00,BUY,3850.99,4441,4361,NONE,2,2,9.19,9.19,0.0,EMA->TP2,EMA->TP2,0,0,1,1,0,0,1,1,1,1,0,0,1,1,26.99,26.99,0.01,0.01,138,138,300.00,300.00,0,0,0,0,1,1
2025.10.07 01:15:00,BUY,3962.20,4442,4362,NONE,2,2,23.58,23.58,0.0,EMA->TP2,EMA->TP2,0,0,1,1,0,0,1,1,1,1,0,0,1,1,47.32,47.32,0.01,0.01,482,482,300.00,300.00,0,0,0,0,1,1
2025.10.09 11:29:00,BUY,4036.47,4443,4363,NONE,1,1,6.91,6.91,0.0,EMA->TP1,EMA->TP1,0,0,1,1,1,1,0,0,1,1,0,0,1,1,1.84,1.84,0.00,0.00,15,15,300.00,300.00,0,0,0,0,1,1
2025.10.09 12:26:00,BUY,4041.55,4444,4364,NONE,1,1,9.32,9.32,0.0,EMA->TP1,EMA->TP1,0,0,1,1,1,1,0,0,1,1,0,0,1,1,5.9,5.9,0.00,0.00,30,30,300.00,300.00,0,0,0,0,1,1
2025.10.10 00:34:00,SELL,3988.59,4445,4365,NONE,1,1,7.45,7.45,0.0,EMA->TP1,EMA->TP1,0,0,1,1,1,1,0,0,1,1,0,0,1,1,6.16,6.16,0.00,0.00,43,43,300.00,300.00,0,0,0,0,1,1
2025.10.10 13:45:00,SELL,3992.91,4446,4366,NONE,1,1,14.15,14.15,0.0,EMA->TP1,EMA->TP1,0,0,1,1,1,1,0,0,1,1,0,0,1,1,7.41,7.41,0.00,0.00,11,11,300.00,300.00,0,0,0,0,1,1
2025.10.10 20:48:00,SELL,4010.49,4447,4367,NONE,2,2,3.41,3.41,0.0,TP2,TP2,0,0,1,1,0,0,1,1,0,0,0,0,1,1,18.6,18.6,0.00,0.00,8,8,300.00,300.00,0,0,0,0,1,1
2025.10.14 11:21:00,BUY,4132.97,4448,4368,NONE,3,3,24.85,24.85,0.0,EMA->TP3,EMA->TP3,0,0,1,1,0,0,0,0,1,1,0,0,1,1,139.64,139.64,0.03,0.03,140,140,300.00,300.00,0,0,0,0,1,1
2025.10.15 12:35:00,BUY,4186.81,4449,4369,NONE,1,1,17.87,17.87,0.0,EMA->TP1,EMA->TP1,0,0,1,1,1,1,0,0,1,1,0,0,1,1,23.61,23.61,0.00,0.00,388,388,300.00,300.00,0,0,0,0,1,1
2025.10.16 08:00:00,BUY,4230.98,4450,4370,NONE,1,1,10.57,10.57,0.0,EMA->TP1,EMA->TP1,0,0,1,1,1,1,0,0,1,1,0,0,1,1,14.12,14.12,0.00,0.00,118,118,300.00,300.00,0,0,0,0,1,1
2025.10.17 00:40:00,BUY,4360.99,4451,4371,NONE,2,2,23.36,23.36,0.0,EMA->TP2,EMA->TP2,0,0,1,1,0,0,1,1,1,1,0,0,1,1,31.94,31.94,0.01,0.01,30,30,300.00,300.00,0,0,0,0,1,1
2025.10.17 09:33:00,BUY,4338.52,4452,4372,NONE,2,2,21.6,21.6,0.0,EMA->TP2,EMA->TP2,0,0,1,1,0,0,1,1,1,1,0,0,1,1,34.7,34.7,0.01,0.01,76,76,300.00,300.00,0,0,0,0,1,1
2025.10.17 11:47:00,BUY,4312.40,4453,4373,NONE,2,2,40.7,40.7,0.0,TP2,TP2,0,0,1,1,0,0,1,1,0,0,0,0,1,1,33.96,33.96,0.01,0.01,25,25,300.00,300.00,0,0,0,0,1,1
2025.10.17 14:26:00,BUY,4232.00,4454,4374,NONE,2,2,65.27,65.27,0.0,TP2,TP2,0,0,1,1,0,0,1,1,0,0,0,0,1,1,86.74,86.74,0.02,0.02,196,196,300.00,300.00,0,0,0,0,1,1
2025.10.20 09:31:00,BUY,4254.24,4455,4375,NONE,1,1,6.76,6.76,0.0,EMA->TP1,EMA->TP1,0,0,1,1,1,1,0,0,1,1,0,0,1,1,2.56,2.56,0.00,0.00,16,16,300.00,300.00,0,0,0,0,1,1
2025.10.20 23:56:00,BUY,4361.90,4456,4376,NONE,3,3,-301.81,-301.81,0.0,EMA->SL$,EMA->SL$,1,1,0,0,0,0,0,0,1,1,0,0,0,0,334.36,334.36,0.07,0.07,486,486,300.00,300.00,0,0,0,0,1,1
2025.10.21 10:02:00,BUY,4265.95,4457,4377,NONE,2,2,12.92,12.92,0.0,TP2,TP2,0,0,1,1,0,0,1,1,0,0,0,0,1,1,33.0,33.0,0.01,0.01,23,23,300.00,300.00,0,0,0,0,1,1
2025.10.22 03:01:00,SELL,4111.69,4458,4378,NONE,2,2,17.95,17.95,0.0,TP2->EMA->TP2,TP2->EMA->TP2,0,0,1,1,0,0,1,1,1,1,0,0,1,1,72.62,72.62,0.01,0.01,70,70,300.00,300.00,0,0,0,0,1,1
2025.10.22 05:24:00,SELL,4143.07,4459,4379,NONE,1,1,10.68,10.68,0.0,TP1,TP1,0,0,1,1,1,1,0,0,0,0,0,0,1,1,13.41,13.41,0.00,0.00,34,34,300.00,300.00,0,0,0,0,1,1
2025.10.22 12:52:00,SELL,4034.82,4460,4380,NONE,2,2,59.89,59.89,0.0,EMA->TP2,EMA->TP2,0,0,1,1,0,0,1,1,1,1,0,0,1,1,62.48,62.48,0.01,0.01,100,100,300.00,300.00,0,0,0,0,1,1
2025.10.22 15:02:00,BUY,4024.70,4461,4381,NONE,1,1,28.59,28.59,0.0,EMA->TP1,EMA->TP1,0,0,1,1,1,1,0,0,1,1,0,0,1,1,24.07,24.07,0.00,0.00,90,90,300.00,300.00,0,0,0,0,1,1
2025.10.22 18:26:00,SELL,4075.53,4462,4382,NONE,3,3,35.11,35.11,0.0,TP3,TP3,0,0,1,1,0,0,0,0,0,0,0,0,1,1,124.67,124.67,0.02,0.03,246,246,300.00,300.00,0,0,0,0,1,1
2025.10.22 23:53:00,BUY,4091.47,4463,4383,NONE,2,2,28.98,28.98,0.0,EMA->TP2,EMA->TP2,0,0,1,1,0,0,1,1,1,1,0,0,1,1,44.3,44.3,0.01,0.01,90,90,300.00,300.00,0,0,0,0,1,1
2025.10.23 04:15:00,BUY,4091.91,4464,4384,NONE,2,2,12.08,12.08,0.0,EMA->TP2,EMA->TP2,0,0,1,1,0,0,1,1,1,1,0,0,1,1,21.86,21.86,0.00,0.00,35,35,300.00,300.00,0,0,0,0,1,1
2025.10.23 06:18:00,SELL,4128.49,4465,4385,NONE,1,1,20.81,20.81,0.0,EMA->TP1,EMA->TP1,0,0,1,1,1,1,0,0,1,1,0,0,1,1,10.93,10.93,0.00,0.00,77,77,300.00,300.00,0,0,0,0,1,1
2025.10.23 08:25:00,SELL,4113.51,4466,4386,NONE,3,3,38.61,38.61,0.0,EMA->TP3,EMA->TP3,0,0,1,1,0,0,0,0,1,1,0,0,1,1,124.08,124.08,0.02,0.02,499,499,300.00,300.00,0,0,0,0,1,1
2025.10.23 17:17:00,SELL,4135.85,4467,4387,NONE,1,1,10.01,10.01,0.0,EMA->TP1,EMA->TP1,0,0,1,1,1,1,0,0,1,1,0,0,1,1,2.67,2.67,0.00,0.00,8,8,300.00,300.00,0,0,0,0,1,1
2025.10.23 20:26:00,BUY,4111.56,4468,4388,NONE,1,1,12.58,12.58,0.0,TP1,TP1,0,0,1,1,1,1,0,0,0,0,0,0,1,1,4.32,4.32,0.00,0.00,30,30,300.00,300.00,0,0,0,0,1,1
2025.10.24 01:19:00,SELL,4139.68,4469,4389,NONE,1,1,11.9,11.9,0.0,TP1->EMA->TP1,TP1->EMA->TP1,0,0,1,1,1,1,0,0,1,1,0,0,1,1,6.77,6.77,0.00,0.00,17,17,300.00,300.00,0,0,0,0,1,1
2025.10.24 02:10:00,BUY,4116.05,4470,4390,NONE,3,3,47.48,47.48,0.0,EMA->TP3,EMA->TP3,0,0,1,1,0,0,0,0,1,1,0,0,1,1,297.7,297.7,0.06,0.06,656,656,300.00,300.00,0,0,0,0,1,1
2025.10.24 15:46:00,SELL,4121.27,4471,4391,NONE,2,2,15.82,15.82,0.0,TP2,TP2,0,0,1,1,0,0,1,1,0,0,0,0,1,1,29.37,29.37,0.01,0.01,55,55,300.00,300.00,0,0,0,0,1,1
2025.10.24 18:10:00,BUY,4107.58,4472,4392,NONE,2,2,16.31,16.31,0.0,EMA->TP2,EMA->TP2,0,0,1,1,0,0,1,1,1,1,0,0,1,1,21.67,21.67,0.00,0.00,149,149,300.00,300.00,0,0,0,0,1,1
2025.10.27 20:00:00,BUY,3990.70,4473,4393,NONE,2,2,17.26,17.26,0.0,EMA->TP2,EMA->TP2,0,0,1,1,0,0,1,1,1,1,0,0,1,1,23.43,23.43,0.00,0.00,122,122,300.00,300.00,0,0,0,0,1,1
2025.10.28 05:48:00,BUY,3964.57,4474,4394,ALLOW,4,4,-301.17,-301.17,0.0,SL$,SL$,1,1,0,0,0,0,0,0,0,0,0,0,0,0,303.48,303.48,0.06,0.06,190,190,300.00,300.00,0,0,0,0,1,1
2025.10.29 11:57:00,BUY,4019.03,4475,4395,NONE,1,1,10.82,10.82,0.0,EMA->TP1,EMA->TP1,0,0,1,1,1,1,0,0,1,1,0,0,1,1,5.9,5.9,0.00,0.00,18,18,300.00,300.00,0,0,0,0,1,1
2025.10.29 15:07:00,BUY,4009.61,4476,4396,NONE,2,2,27.1,27.1,0.0,EMA->TP2,EMA->TP2,0,0,1,1,0,0,1,1,1,1,0,0,1,1,60.19,60.19,0.01,0.01,175,175,300.00,300.00,0,0,0,0,1,1
2025.10.30 05:35:00,BUY,3955.39,4477,4397,NONE,1,1,23.38,23.38,0.0,EMA->TP1,EMA->TP1,0,0,1,1,1,1,0,0,1,1,0,0,1,1,21.38,21.38,0.00,0.00,205,205,300.00,300.00,0,0,0,0,1,1
2025.10.30 19:21:00,SELL,4023.76,4478,4398,NONE,1,1,6.28,6.28,0.0,TP1,TP1,0,0,1,1,1,1,0,0,0,0,0,0,1,1,8.29,8.29,0.00,0.00,71,71,300.00,300.00,0,0,0,0,1,1
2025.10.31 02:47:00,BUY,4011.99,4479,4399,NONE,2,2,29.01,29.01,0.0,EMA->TP2,EMA->TP2,0,0,1,1,0,0,1,1,1,1,0,0,1,1,43.98,43.98,0.01,0.01,125,125,300.00,300.00,0,0,0,0,1,1
2025.10.31 12:51:00,SELL,4030.43,4480,4400,NONE,1,1,16.19,16.19,0.0,EMA->TP1,EMA->TP1,0,0,1,1,1,1,0,0,1,1,0,0,1,1,15.43,15.43,0.00,0.00,52,52,300.00,300.00,0,0,0,0,1,1
2025.10.31 13:56:00,BUY,4015.64,4481,4401,NONE,3,3,48.72,48.72,0.0,EMA->TP3,EMA->TP3,0,0,1,1,0,0,0,0,1,1,0,0,1,1,174.34,174.34,0.03,0.03,3571,3571,300.00,300.00,0,0,0,0,1,1
2025.11.03 01:35:00,SELL,3999.59,4482,4402,NONE,2,2,12.99,12.99,0.0,EMA->TP2,EMA->TP2,0,0,1,1,0,0,1,1,1,1,0,0,1,1,37.09,37.09,0.01,0.01,208,208,300.00,300.00,0,0,0,0,1,1
2025.11.03 07:01:00,SELL,4016.93,4483,4403,NONE,2,2,10.37,10.37,0.0,TP2,TP2,0,0,1,1,0,0,1,1,0,0,0,0,1,1,22.0,22.0,0.00,0.00,80,80,300.00,300.00,0,0,0,0,1,1
2025.11.03 16:01:00,BUY,4009.39,4484,4404,NONE,3,3,54.22,54.22,0.0,EMA->TP3,EMA->TP3,0,0,1,1,0,0,0,0,1,1,0,0,1,1,308.79,308.79,0.06,0.06,2926,2926,300.00,300.00,0,0,0,0,1,1
2025.11.06 10:42:00,BUY,4007.14,4485,4405,NONE,1,1,6.47,6.47,0.0,EMA->TP1,EMA->TP1,0,0,1,1,1,1,0,0,1,1,0,0,1,1,3.53,3.53,0.00,0.00,54,54,300.00,300.00,0,0,0,0,1,1
2025.11.06 13:06:00,BUY,4010.28,4486,4406,NONE,3,3,34.7,34.7,0.0,EMA->TP3,EMA->TP3,0,0,1,1,0,0,0,0,1,1,0,0,1,1,152.28,152.28,0.03,0.03,722,722,300.00,300.00,0,0,0,0,1,1
2025.11.07 01:49:00,SELL,4000.41,4487,4407,NONE,1,1,4.2,4.2,0.0,TP1,TP1,0,0,1,1,1,1,0,0,0,0,0,0,1,1,3.88,3.88,0.00,0.00,30,30,300.00,300.00,0,0,0,0,1,1
2025.11.07 02:37:00,BUY,3996.48,4488,4408,NONE,2,2,12.78,12.78,0.0,EMA->TP2,EMA->TP2,0,0,1,1,0,0,1,1,1,1,0,0,1,1,18.39,18.39,0.00,0.00,103,103,300.00,300.00,0,0,0,0,1,1
2025.11.07 08:16:06,SELL,4008.41,4489,4409,NONE,1,1,6.76,6.76,0.0,EMA->TP1,EMA->TP1,0,0,1,1,1,1,0,0,1,1,0,0,1,1,10.51,10.51,0.00,0.00,180,180,300.00,300.00,0,0,0,0,1,1
2025.11.10 05:47:01,SELL,4062.24,4490,4410,ALLOW,4,4,3.94,3.94,0.0,EMA->NET_BASKET_BE,EMA->NET_BASKET_BE,0,0,0,0,0,0,0,0,1,1,0,0,1,1,226.5,226.5,0.05,0.05,506,506,300.00,300.00,1,1,0,0,1,1
2025.11.10 14:23:00,BUY,4086.49,4491,4411,NONE,2,2,15.3,15.3,0.0,TP2,TP2,0,0,1,1,0,0,1,1,0,0,0,0,1,1,18.67,18.67,0.00,0.00,23,23,300.00,300.00,0,0,0,0,1,1
2025.11.11 23:01:00,BUY,4131.10,4492,4412,NONE,1,1,9.2,9.2,0.0,EMA->TP1,EMA->TP1,0,0,1,1,1,1,0,0,1,1,0,0,1,1,2.99,2.99,0.00,0.00,36,36,300.00,300.00,0,0,0,0,1,1
2025.11.12 01:42:00,BUY,4130.31,4493,4413,NONE,3,3,27.73,27.73,0.0,EMA->TP3,EMA->TP3,0,0,1,1,0,0,0,0,1,1,0,0,1,1,106.92,106.92,0.02,0.02,323,323,300.00,300.00,0,0,0,0,1,1
2025.11.12 20:11:00,BUY,4196.98,4494,4414,NONE,2,2,19.12,19.12,0.0,EMA->TP2,EMA->TP2,0,0,1,1,0,0,1,1,1,1,0,0,1,1,37.23,37.23,0.01,0.01,351,351,300.00,300.00,0,0,0,0,1,1
2025.11.14 01:38:00,BUY,4180.52,4495,4415,NONE,1,1,14.62,14.62,0.0,EMA->TP1,EMA->TP1,0,0,1,1,1,1,0,0,1,1,0,0,1,1,5.47,5.47,0.00,0.00,37,37,300.00,300.00,0,0,0,0,1,1
2025.11.14 07:05:00,BUY,4176.74,4496,4416,NONE,3,3,-305.21,-305.21,0.0,EMA->SL$,EMA->SL$,1,1,0,0,0,0,0,0,1,1,0,0,0,0,307.14,307.14,0.06,0.06,366,366,300.00,300.00,0,0,0,0,1,1
2025.11.14 13:38:00,BUY,4058.95,4497,4417,NONE,1,1,39.14,39.14,0.0,EMA->TP1,EMA->TP1,0,0,1,1,1,1,0,0,1,1,0,0,1,1,30.87,30.87,0.01,0.01,162,162,300.00,300.00,0,0,0,0,1,1
2025.11.17 03:58:01,SELL,4082.16,4498,4418,NONE,1,1,9.39,9.39,0.0,EMA->TP1,EMA->TP1,0,0,1,1,1,1,0,0,1,1,0,0,1,1,6.39,6.39,0.00,0.00,76,76,300.00,300.00,0,0,0,0,1,1
2025.11.18 01:24:00,SELL,4039.09,4499,4419,NONE,1,1,16.53,16.53,0.0,EMA->TP1,EMA->TP1,0,0,1,1,1,1,0,0,1,1,0,0,1,1,5.29,5.29,0.00,0.00,36,36,300.00,300.00,0,0,0,0,1,1
2025.11.18 07:41:00,BUY,4013.32,4500,4420,NONE,1,1,22.36,22.36,0.0,EMA->TP1,EMA->TP1,0,0,1,1,1,1,0,0,1,1,0,0,1,1,7.07,7.07,0.00,0.00,53,53,300.00,300.00,0,0,0,0,1,1
2025.11.18 14:01:00,SELL,4063.63,4501,4421,NONE,2,2,16.28,16.28,0.0,TP2,TP2,0,0,1,1,0,0,1,1,0,0,0,0,1,1,36.66,36.66,0.01,0.01,51,51,300.00,300.00,0,0,0,0,1,1
2025.11.18 16:35:00,SELL,4060.16,4502,4422,NONE,2,2,16.8,16.8,0.0,EMA->TP2,EMA->TP2,0,0,1,1,0,0,1,1,1,1,0,0,1,1,57.9,57.9,0.01,0.01,512,512,300.00,300.00,0,0,0,0,1,1
2025.11.20 00:13:00,SELL,4104.40,4503,4423,NONE,1,1,11.42,11.42,0.0,EMA->TP1,EMA->TP1,0,0,1,1,1,1,0,0,1,1,0,0,1,1,8.77,8.77,0.00,0.00,68,68,300.00,300.00,0,0,0,0,1,1
2025.11.20 05:18:03,BUY,4072.91,4504,4424,NONE,2,2,17.52,17.52,0.0,EMA->TP2,EMA->TP2,0,0,1,1,0,0,1,1,1,1,0,0,1,1,26.08,26.08,0.01,0.01,82,82,300.00,300.00,0,0,0,0,1,1
2025.11.20 09:15:00,SELL,4068.57,4505,4425,NONE,1,1,12.33,12.33,0.0,EMA->TP1,EMA->TP1,0,0,1,1,1,1,0,0,1,1,0,0,1,1,5.65,5.65,0.00,0.00,16,16,300.00,300.00,0,0,0,0,1,1
2025.11.20 16:49:00,BUY,4065.99,4506,4426,NONE,2,2,36.32,36.32,0.0,EMA->TP2,EMA->TP2,0,0,1,1,0,0,1,1,1,1,0,0,1,1,52.76,52.76,0.01,0.01,791,791,300.00,300.00,0,0,0,0,1,1
2025.11.24 03:28:00,BUY,4048.41,4507,4427,NONE,1,1,6.94,6.94,0.0,EMA->TP1,EMA->TP1,0,0,1,1,1,1,0,0,1,1,0,0,1,1,1.66,1.66,0.00,0.00,9,9,300.00,300.00,0,0,0,0,1,1
2025.11.24 10:43:00,BUY,4070.24,4508,4428,NONE,1,1,7.64,7.64,0.0,EMA->TP1,EMA->TP1,0,0,1,1,1,1,0,0,1,1,0,0,1,1,8.67,8.67,0.00,0.00,119,119,300.00,300.00,0,0,0,0,1,1
2025.11.24 14:33:00,BUY,4078.57,4509,4429,NONE,1,1,18.77,18.77,0.0,EMA->TP1,EMA->TP1,0,0,1,1,1,1,0,0,1,1,0,0,1,1,10.49,10.49,0.00,0.00,121,121,300.00,300.00,0,0,0,0,1,1
2025.11.25 11:00:00,BUY,4131.66,4510,4430,NONE,2,2,13.69,13.69,0.0,EMA->TP2,EMA->TP2,0,0,1,1,0,0,1,1,1,1,0,0,1,1,35.95,35.95,0.01,0.01,120,120,300.00,300.00,0,0,0,0,1,1
2025.11.26 13:59:00,BUY,4152.69,4511,4431,NONE,2,2,16.78,16.78,0.0,TP2,TP2,0,0,1,1,0,0,1,1,0,0,0,0,1,1,24.03,24.03,0.00,0.00,33,33,300.00,300.00,0,0,0,0,1,1
2025.11.27 03:07:00,BUY,4147.59,4512,4432,NONE,1,1,7.72,7.72,0.0,EMA->TP1,EMA->TP1,0,0,1,1,1,1,0,0,1,1,0,0,1,1,10.11,10.11,0.00,0.00,194,194,300.00,300.00,0,0,0,0,1,1
2025.12.01 02:43:00,BUY,4240.77,4513,4433,NONE,2,2,20.36,20.36,0.0,EMA->TP2,EMA->TP2,0,0,1,1,0,0,1,1,1,1,0,0,1,1,54.8,54.8,0.01,0.01,244,244,300.00,300.00,0,0,0,0,1,1
2025.12.03 19:55:00,SELL,4207.81,4514,4434,NONE,2,2,4.16,4.16,0.0,EMA->TP2,EMA->TP2,0,0,1,1,0,0,1,1,1,1,0,0,1,1,7.8,7.8,0.00,0.00,29,29,300.00,300.00,0,0,0,0,1,1
2025.12.04 04:09:00,SELL,4194.13,4515,4435,NONE,1,1,5.14,5.14,0.0,EMA->TP1,EMA->TP1,0,0,1,1,1,1,0,0,1,1,0,0,1,1,9.44,9.44,0.00,0.00,88,88,300.00,300.00,0,0,0,0,1,1
2025.12.04 14:26:00,SELL,4207.47,4516,4436,NONE,1,1,9.56,9.56,0.0,EMA->TP1,EMA->TP1,0,0,1,1,1,1,0,0,1,1,0,0,1,1,8.37,8.37,0.00,0.00,16,16,300.00,300.00,0,0,0,0,1,1
2025.12.04 17:20:02,BUY,4213.36,4517,4437,NONE,2,2,9.94,9.94,0.0,EMA->TP2,EMA->TP2,0,0,1,1,0,0,1,1,1,1,0,0,1,1,48.39,48.39,0.01,0.01,649,649,300.00,300.00,0,0,0,0,1,1
2025.12.05 16:51:00,BUY,4214.28,4518,4438,NONE,2,2,22.15,22.15,0.0,EMA->TP2,EMA->TP2,0,0,1,1,0,0,1,1,1,1,0,0,1,1,43.14,43.14,0.01,0.01,3485,3485,300.00,300.00,0,0,0,0,1,1
2025.12.08 12:03:00,BUY,4211.86,4519,4439,NONE,2,2,11.56,11.56,0.0,EMA->TP2,EMA->TP2,0,0,1,1,0,0,1,1,1,1,0,0,1,1,31.72,31.72,0.01,0.01,133,133,300.00,300.00,0,0,0,0,1,1
2025.12.08 15:35:00,SELL,4188.97,4520,4440,NONE,1,1,11.11,11.11,0.0,EMA->TP1,EMA->TP1,0,0,1,1,1,1,0,0,1,1,0,0,1,1,21.85,21.85,0.00,0.00,874,874,300.00,300.00,0,0,0,0,1,1
2025.12.09 14:57:00,SELL,4204.65,4521,4441,NONE,1,1,12.14,12.14,0.0,EMA->TP1,EMA->TP1,0,0,1,1,1,1,0,0,1,1,0,0,1,1,4.49,4.49,0.00,0.00,13,13,300.00,300.00,0,0,0,0,1,1
2025.12.09 16:08:00,SELL,4213.77,4522,4442,NONE,1,1,14.62,14.62,0.0,EMA->TP1,EMA->TP1,0,0,1,1,1,1,0,0,1,1,0,0,1,1,17.57,17.57,0.00,0.00,997,997,300.00,300.00,0,0,0,0,1,1
2025.12.10 10:08:00,BUY,4194.06,4523,4443,NONE,1,1,7.95,7.95,0.0,EMA->TP1,EMA->TP1,0,0,1,1,1,1,0,0,1,1,0,0,1,1,8.78,8.78,0.00,0.00,128,128,300.00,300.00,0,0,0,0,1,1
2025.12.10 13:45:00,BUY,4202.90,4524,4444,NONE,2,2,14.54,14.54,0.0,EMA->TP2,EMA->TP2,0,0,1,1,0,0,1,1,1,1,0,0,1,1,20.07,20.07,0.00,0.00,66,66,300.00,300.00,0,0,0,0,1,1
2025.12.10 14:52:00,BUY,4201.81,4525,4445,NONE,2,2,12.09,12.09,0.0,EMA->TP2,EMA->TP2,0,0,1,1,0,0,1,1,1,1,0,0,1,1,13.85,13.85,0.00,0.00,12,12,300.00,300.00,0,0,0,0,1,1
2025.12.10 16:17:00,SELL,4193.35,4526,4446,NONE,2,2,7.34,7.34,0.0,EMA->TP2,EMA->TP2,0,0,1,1,0,0,1,1,1,1,0,0,1,1,24.42,24.42,0.00,0.00,128,128,300.00,300.00,0,0,0,0,1,1
2025.12.10 19:14:00,SELL,4211.36,4527,4447,NONE,1,1,20.41,20.41,0.0,EMA->TP1,EMA->TP1,0,0,1,1,1,1,0,0,1,1,0,0,1,1,22.42,22.42,0.00,0.00,26,26,300.00,300.00,0,0,0,0,1,1
2025.12.11 01:02:00,BUY,4242.64,4528,4448,NONE,2,2,26.91,26.91,0.0,EMA->TP2,EMA->TP2,0,0,1,1,0,0,1,1,1,1,0,0,1,1,86.46,86.46,0.02,0.02,815,815,300.00,300.00,0,0,0,0,1,1
2025.12.12 01:10:00,BUY,4269.85,4529,4449,NONE,1,1,11.06,11.06,0.0,EMA->TP1,EMA->TP1,0,0,1,1,1,1,0,0,1,1,0,0,1,1,11.78,11.78,0.00,0.00,318,318,300.00,300.00,0,0,0,0,1,1
2025.12.12 16:26:00,BUY,4286.10,4530,4450,NONE,2,2,37.41,37.41,0.0,TP2,TP2,0,0,1,1,0,0,1,1,0,0,0,0,1,1,46.75,46.75,0.01,0.01,34,34,300.00,300.00,0,0,0,0,1,1
2025.12.15 05:17:00,BUY,4327.48,4531,4451,NONE,1,1,6.17,6.17,0.0,EMA->TP1,EMA->TP1,0,0,1,1,1,1,0,0,1,1,0,0,1,1,2.43,2.43,0.00,0.00,14,14,300.00,300.00,0,0,0,0,1,1
2025.12.15 14:19:00,BUY,4331.02,4532,4452,NONE,2,2,13.91,13.91,0.0,TP2,TP2,0,0,1,1,0,0,1,1,0,0,0,0,1,1,22.38,22.38,0.00,0.00,16,16,300.00,300.00,0,0,0,0,1,1
2025.12.16 07:21:00,BUY,4285.72,4533,4453,NONE,2,2,9.3,9.3,0.0,EMA->TP2,EMA->TP2,0,0,1,1,0,0,1,1,1,1,0,0,1,1,22.37,22.37,0.00,0.00,84,84,300.00,300.00,0,0,0,0,1,1
2025.12.16 13:03:00,SELL,4291.68,4534,4454,NONE,3,3,22.3,22.3,0.0,EMA->TP3,EMA->TP3,0,0,1,1,0,0,0,0,1,1,0,0,1,1,179.57,179.57,0.04,0.04,209,209,300.00,300.00,0,0,0,0,1,1
2025.12.16 19:46:00,BUY,4311.56,4535,4455,NONE,2,2,10.89,10.89,0.0,EMA->TP2,EMA->TP2,0,0,1,1,0,0,1,1,1,1,0,0,1,1,20.34,20.34,0.00,0.00,258,258,300.00,300.00,0,0,0,0,1,1
2025.12.19 14:14:00,BUY,4328.84,4536,4456,NONE,1,1,12.87,12.87,0.0,EMA->TP1,EMA->TP1,0,0,1,1,1,1,0,0,1,1,0,0,1,1,18.19,18.19,0.00,0.00,52,52,300.00,300.00,0,0,0,0,1,1
2025.12.22 20:40:00,BUY,4435.55,4537,4457,NONE,1,1,5.94,5.94,0.0,EMA->TP1,EMA->TP1,0,0,1,1,1,1,0,0,1,1,0,0,1,1,2.29,2.29,0.00,0.00,24,24,300.00,300.00,0,0,0,0,1,1
2025.12.24 01:05:00,BUY,4514.31,4538,4458,NONE,3,3,75.09,75.09,0.0,EMA->TP3,EMA->TP3,0,0,1,1,0,0,0,0,1,1,0,0,1,1,167.8,167.8,0.03,0.03,964,964,300.00,300.00,0,0,0,0,1,1
2025.12.26 11:40:00,BUY,4509.41,4539,4459,NONE,1,1,10.16,10.16,0.0,EMA->TP1,EMA->TP1,0,0,1,1,1,1,0,0,1,1,0,0,1,1,11.7,11.7,0.00,0.00,110,110,300.00,300.00,0,0,0,0,1,1
2025.12.29 11:17:00,BUY,4460.60,4540,4460,NONE,1,1,6.86,6.86,0.0,TP1,TP1,0,0,1,1,1,1,0,0,0,0,0,0,1,1,1.36,1.36,0.00,0.00,4,4,300.00,300.00,0,0,0,0,1,1
2025.12.30 00:23:00,SELL,4344.02,4541,4461,NONE,1,1,10.52,10.52,0.0,EMA->TP1,EMA->TP1,0,0,1,1,1,1,0,0,1,1,0,0,1,1,7.28,7.28,0.00,0.00,37,37,300.00,300.00,0,0,0,0,1,1
2025.12.30 05:11:00,BUY,4361.52,4542,4462,NONE,1,1,9.54,9.54,0.0,EMA->TP1,EMA->TP1,0,0,1,1,1,1,0,0,1,1,0,0,1,1,3.25,3.25,0.00,0.00,12,12,300.00,300.00,0,0,0,0,1,1
2025.12.30 11:25:01,SELL,4386.35,4543,4463,NONE,3,3,16.39,16.39,0.0,TP3,TP3,0,0,1,1,0,0,0,0,0,0,0,0,1,1,54.49,54.49,0.01,0.01,114,114,300.00,300.00,0,0,0,0,1,1
2025.12.30 16:16:00,BUY,4360.80,4544,4464,NONE,1,1,16.01,16.01,0.0,EMA->TP1,EMA->TP1,0,0,1,1,1,1,0,0,1,1,0,0,1,1,9.19,9.19,0.00,0.00,42,42,300.00,300.00,0,0,0,0,1,1
2025.12.30 17:51:00,BUY,4367.33,4545,4465,NONE,1,1,9.93,9.93,0.0,EMA->TP1,EMA->TP1,0,0,1,1,1,1,0,0,1,1,0,0,1,1,1.92,1.92,0.00,0.00,14,14,300.00,300.00,0,0,0,0,1,1
2026.01.02 01:18:00,BUY,4348.94,4546,4466,NONE,1,1,13.54,13.54,0.0,EMA->TP1,EMA->TP1,0,0,1,1,1,1,0,0,1,1,0,0,1,1,9.56,9.56,0.00,0.00,101,101,300.00,300.00,0,0,0,0,1,1
2026.01.02 11:44:00,BUY,4395.44,4547,4467,NONE,2,2,8.96,8.96,0.0,EMA->TP2,EMA->TP2,0,0,1,1,0,0,1,1,1,1,0,0,1,1,24.22,24.22,0.00,0.00,76,76,300.00,300.00,0,0,0,0,1,1
2026.01.05 08:13:00,BUY,4424.97,4548,4468,NONE,1,1,10.88,10.88,0.0,EMA->TP1,EMA->TP1,0,0,1,1,1,1,0,0,1,1,0,0,1,1,7.88,7.88,0.00,0.00,90,90,300.00,300.00,0,0,0,0,1,1
2026.01.07 00:22:00,BUY,4492.98,4549,4469,NONE,2,2,10.35,10.35,0.0,EMA->TP2,EMA->TP2,0,0,1,1,0,0,1,1,1,1,0,0,1,1,20.09,20.09,0.00,0.00,37,37,300.00,300.00,0,0,0,0,1,1
2026.01.07 04:35:00,BUY,4467.89,4550,4470,NONE,3,3,27.9,27.9,0.0,TP3,TP3,0,0,1,1,0,0,0,0,0,0,0,0,1,1,67.41,67.41,0.01,0.01,181,181,300.00,300.00,0,0,0,0,1,1
2026.01.07 11:19:00,BUY,4463.69,4551,4471,ALLOW,4,4,3.07,3.07,0.0,EMA->NET_BASKET_BE,EMA->NET_BASKET_BE,0,0,0,0,0,0,0,0,1,1,0,0,1,1,184.12,184.12,0.04,0.04,128,128,300.00,300.00,1,1,0,0,1,1
2026.01.07 18:11:00,BUY,4452.65,4552,4472,NONE,3,3,36.05,36.05,0.0,EMA->TP3,EMA->TP3,0,0,1,1,0,0,0,0,1,1,0,0,1,1,113.33,113.33,0.02,0.02,777,777,300.00,300.00,0,0,0,0,1,1
2026.01.08 10:14:03,BUY,4430.19,4553,4473,NONE,2,2,9.32,9.32,0.0,EMA->TP2,EMA->TP2,0,0,1,1,0,0,1,1,1,1,0,0,1,1,11.25,11.25,0.00,0.00,18,18,300.00,300.00,0,0,0,0,1,1
2026.01.08 18:02:00,SELL,4461.36,4554,4474,NONE,1,1,7.57,7.57,0.0,TP1->EMA->TP1,TP1->EMA->TP1,0,0,1,1,1,1,0,0,1,1,0,0,1,1,1.89,1.89,0.00,0.00,8,8,300.00,300.00,0,0,0,0,1,1
2026.01.08 19:20:00,BUY,4449.06,4555,4475,NONE,1,1,6.92,6.92,0.0,EMA->TP1,EMA->TP1,0,0,1,1,1,1,0,0,1,1,0,0,1,1,3.43,3.43,0.00,0.00,43,43,300.00,300.00,0,0,0,0,1,1
2026.01.08 23:26:00,BUY,4477.19,4556,4476,ALLOW,4,4,3.83,3.83,0.0,EMA->NET_BASKET_BE,EMA->NET_BASKET_BE,0,0,0,0,0,0,0,0,1,1,0,0,1,1,113.2,113.2,0.02,0.02,139,139,300.00,300.00,1,1,0,0,1,1
2026.01.09 08:56:01,BUY,4468.64,4557,4477,NONE,1,1,9.21,9.21,0.0,EMA->TP1,EMA->TP1,0,0,1,1,1,1,0,0,1,1,0,0,1,1,10.65,10.65,0.00,0.00,184,184,300.00,300.00,0,0,0,0,1,1
2026.01.09 13:33:00,BUY,4483.31,4558,4478,NONE,1,1,46.67,46.67,0.0,EMA->TP1,EMA->TP1,0,0,1,1,1,1,0,0,1,1,0,0,1,1,35.28,35.28,0.01,0.01,3461,3461,300.00,300.00,0,0,0,0,1,1
2026.01.12 12:22:00,BUY,4582.26,4559,4479,NONE,1,1,8.0,8.0,0.0,EMA->TP1,EMA->TP1,0,0,1,1,1,1,0,0,1,1,0,0,1,1,4.11,4.11,0.00,0.00,37,37,300.00,300.00,0,0,0,0,1,1
2026.01.14 08:14:00,BUY,4627.86,4560,4480,NONE,2,2,21.24,21.24,0.0,EMA->TP2,EMA->TP2,0,0,1,1,0,0,1,1,1,1,0,0,1,1,71.54,71.54,0.01,0.01,428,428,300.00,300.00,0,0,0,0,1,1
2026.01.14 20:10:00,BUY,4637.44,4561,4481,NONE,3,3,-301.05,-301.05,0.0,EMA->SL$,EMA->SL$,1,1,0,0,0,0,0,0,1,1,0,0,0,0,312.02,312.02,0.06,0.06,2603,2603,300.00,300.00,0,0,0,0,1,1
2026.01.16 20:00:00,SELL,4590.28,4562,4482,NONE,2,2,5.46,5.46,0.0,TP2,TP2,0,0,1,1,0,0,1,1,0,0,0,0,1,1,8.31,8.31,0.00,0.00,13,13,300.00,300.00,0,0,0,0,1,1
2026.01.16 20:14:00,SELL,4591.76,4563,4483,NONE,1,1,5.35,5.35,0.0,EMA->TP1,EMA->TP1,0,0,1,1,1,1,0,0,1,1,0,0,1,1,2.19,2.19,0.00,0.00,16,16,300.00,300.00,0,0,0,0,1,1
2026.01.19 00:46:00,SELL,4676.65,4564,4484,NONE,1,1,14.16,14.16,0.0,TP1,TP1,0,0,1,1,1,1,0,0,0,0,0,0,1,1,9.44,9.44,0.00,0.00,30,30,300.00,300.00,0,0,0,0,1,1
2026.01.19 08:01:00,BUY,4666.86,4565,4485,NONE,1,1,11.36,11.36,0.0,EMA->TP1,EMA->TP1,0,0,1,1,1,1,0,0,1,1,0,0,1,1,14.23,14.23,0.00,0.00,593,593,300.00,300.00,0,0,0,0,1,1
2026.01.19 23:01:00,BUY,4676.24,4566,4486,NONE,1,1,17.4,17.4,0.0,EMA->TP1,EMA->TP1,0,0,1,1,1,1,0,0,1,1,0,0,1,1,17.65,17.65,0.00,0.00,355,355,300.00,300.00,0,0,0,0,1,1
2026.01.20 08:39:00,BUY,4720.06,4567,4487,NONE,1,1,12.14,12.14,0.0,EMA->TP1,EMA->TP1,0,0,1,1,1,1,0,0,1,1,0,0,1,1,10.45,10.45,0.00,0.00,50,50,300.00,300.00,0,0,0,0,1,1
2026.01.21 17:07:00,BUY,4828.60,4568,4488,NONE,2,2,35.55,35.55,0.0,TP2,TP2,0,0,1,1,0,0,1,1,0,0,0,0,1,1,36.6,36.6,0.01,0.01,50,50,300.00,300.00,0,0,0,0,1,1
2026.01.22 17:23:00,BUY,4891.44,4569,4489,NONE,1,1,19.33,19.33,0.0,EMA->TP1,EMA->TP1,0,0,1,1,1,1,0,0,1,1,0,0,1,1,5.86,5.86,0.00,0.00,40,40,300.00,300.00,0,0,0,0,1,1
2026.01.23 00:46:01,BUY,4951.77,4570,4490,NONE,1,1,13.36,13.36,0.0,EMA->TP1,EMA->TP1,0,0,1,1,1,1,0,0,1,1,0,0,1,1,3.51,3.51,0.00,0.00,13,13,300.00,300.00,0,0,0,0,1,1
2026.01.26 12:47:00,BUY,5084.88,4571,4491,NONE,2,2,21.5,21.5,0.0,TP2,TP2,0,0,1,1,0,0,1,1,0,0,0,0,1,1,28.67,28.67,0.01,0.01,28,28,300.00,300.00,0,0,0,0,1,1
2026.01.26 16:42:00,BUY,5080.77,4572,4492,NONE,2,2,58.58,58.58,0.0,EMA->TP2,EMA->TP2,0,0,1,1,0,0,1,1,1,1,0,0,1,1,218.85,218.85,0.04,0.04,513,513,300.00,300.00,0,0,0,0,1,1
2026.01.27 03:19:00,BUY,5069.59,4573,4493,NONE,1,1,20.86,20.86,0.0,EMA->TP1,EMA->TP1,0,0,1,1,1,1,0,0,1,1,0,0,1,1,21.98,21.98,0.00,0.00,207,207,300.00,300.00,0,0,0,0,1,1
2026.01.27 10:51:00,BUY,5084.54,4574,4494,NONE,2,2,16.0,16.0,0.0,EMA->TP2,EMA->TP2,0,0,1,1,0,0,1,1,1,1,0,0,1,1,38.08,38.08,0.01,0.01,99,99,300.00,300.00,0,0,0,0,1,1
2026.01.29 19:18:00,BUY,5325.69,4575,4495,NONE,1,1,67.95,67.95,0.0,EMA->TP1,EMA->TP1,0,0,1,1,1,1,0,0,1,1,0,0,1,1,49.83,49.83,0.01,0.01,93,93,300.00,300.00,0,0,0,0,1,1
2026.01.30 00:54:00,BUY,5413.85,4576,4496,NONE,3,3,-310.09,-310.09,0.0,EMA->SL$,EMA->SL$,1,1,0,0,0,0,0,0,1,1,0,0,0,0,289.69,289.69,0.06,0.06,20,20,300.00,300.00,0,0,0,0,1,1
2026.01.30 06:21:00,BUY,5182.49,4577,4497,NONE,2,2,85.85,85.85,0.0,TP2,TP2,0,0,1,1,0,0,1,1,0,0,0,0,1,1,78.31,78.31,0.02,0.02,47,47,300.00,300.00,0,0,0,0,1,1
2026.01.30 11:27:00,SELL,5116.66,4578,4498,NONE,1,1,28.36,28.36,0.0,EMA->TP1,EMA->TP1,0,0,1,1,1,1,0,0,1,1,0,0,1,1,56.37,56.37,0.01,0.01,79,79,300.00,300.00,0,0,0,0,1,1
2026.02.02 08:57:00,SELL,4630.22,4579,4499,NONE,2,2,-300.01,-300.01,0.0,EMA->SL$,EMA->SL$,1,1,0,0,0,0,0,0,1,1,0,0,0,0,333.63,333.63,0.07,0.07,159,159,300.00,300.00,0,0,0,0,1,1
2026.02.02 17:33:00,BUY,4676.27,4580,4500,NONE,2,2,75.07,75.07,0.0,EMA->TP2,EMA->TP2,0,0,1,1,0,0,1,1,1,1,0,0,1,1,90.96,90.96,0.02,0.02,63,63,300.00,300.00,0,0,0,0,1,1
2026.02.03 01:56:00,BUY,4835.38,4581,4501,NONE,2,2,67.06,67.06,0.0,EMA->TP2,EMA->TP2,0,0,1,1,0,0,1,1,1,1,0,0,1,1,194.08,194.08,0.04,0.04,207,207,300.00,300.00,0,0,0,0,1,1
2026.02.03 10:29:00,BUY,4919.99,4582,4502,NONE,3,3,38.49,38.49,0.0,EMA->TP3,EMA->TP3,0,0,1,1,0,0,0,0,1,1,0,0,1,1,94.57,94.57,0.02,0.02,60,60,300.00,300.00,0,0,0,0,1,1
2026.02.04 01:03:00,SELL,5005.94,4583,4503,NONE,2,2,103.14,103.14,0.0,EMA->TP2,EMA->TP2,0,0,1,1,0,0,1,1,1,1,0,0,1,1,121.62,121.62,0.02,0.02,614,614,300.00,300.00,0,0,0,0,1,1
2026.02.05 01:29:00,BUY,4957.79,4584,4504,NONE,2,2,-309.33,-309.33,0.0,EMA->SL$,EMA->SL$,1,1,0,0,0,0,0,0,1,1,0,0,0,0,361.8,361.8,0.07,0.07,82,82,300.00,300.00,0,0,0,0,1,1
2026.02.06 09:21:00,BUY,4850.77,4585,4505,NONE,1,1,14.88,14.88,0.0,EMA->TP1,EMA->TP1,0,0,1,1,1,1,0,0,1,1,0,0,1,1,3.64,3.64,0.00,0.00,3,3,300.00,300.00,0,0,0,0,1,1
2026.02.09 02:37:00,SELL,5000.06,4586,4506,NONE,2,2,9.91,9.91,0.0,EMA->TP2,EMA->TP2,0,0,1,1,0,0,1,1,1,1,0,0,1,1,115.67,115.67,0.02,0.02,285,285,300.00,300.00,0,0,0,0,1,1
2026.02.09 09:50:00,BUY,5012.98,4587,4507,NONE,2,2,23.92,23.92,0.0,TP2,TP2,0,0,1,1,0,0,1,1,0,0,0,0,1,1,20.83,20.83,0.00,0.00,15,15,300.00,300.00,0,0,0,0,1,1
2026.02.10 03:22:00,BUY,5024.23,4588,4508,NONE,1,1,18.89,18.89,0.0,EMA->TP1,EMA->TP1,0,0,1,1,1,1,0,0,1,1,0,0,1,1,24.02,24.02,0.00,0.00,165,165,300.00,300.00,0,0,0,0,1,1
2026.02.10 07:03:00,BUY,5026.26,4589,4509,NONE,1,1,20.97,20.97,0.0,EMA->TP1,EMA->TP1,0,0,1,1,1,1,0,0,1,1,0,0,1,1,14.84,14.84,0.00,0.00,98,98,300.00,300.00,0,0,0,0,1,1
2026.02.10 18:32:02,BUY,5011.94,4590,4510,NONE,1,1,26.06,26.06,0.0,EMA->TP1,EMA->TP1,0,0,1,1,1,1,0,0,1,1,0,0,1,1,10.7,10.7,0.00,0.00,136,136,300.00,300.00,0,0,0,0,1,1
2026.02.11 05:10:00,BUY,5047.51,4591,4511,NONE,1,1,6.41,6.41,0.0,EMA->TP1,EMA->TP1,0,0,1,1,1,1,0,0,1,1,0,0,1,1,4.33,4.33,0.00,0.00,20,20,300.00,300.00,0,0,0,0,1,1
2026.02.12 10:36:01,BUY,5066.51,4592,4512,NONE,2,2,15.2,15.2,0.0,EMA->TP2,EMA->TP2,0,0,1,1,0,0,1,1,1,1,0,0,1,1,35.33,35.33,0.01,0.01,157,157,300.00,300.00,0,0,0,0,1,1
2026.02.12 16:32:00,BUY,4929.42,4593,4513,NONE,1,1,100.73,100.73,0.0,EMA->TP1,EMA->TP1,0,0,1,1,1,1,0,0,1,1,0,0,1,1,96.07,96.07,0.02,0.02,1436,1436,300.00,300.00,0,0,0,0,1,1
2026.02.13 18:09:00,BUY,5022.26,4594,4514,NONE,1,1,9.99,9.99,0.0,EMA->TP1,EMA->TP1,0,0,1,1,1,1,0,0,1,1,0,0,1,1,10.47,10.47,0.00,0.00,45,45,300.00,300.00,0,0,0,0,1,1
2026.02.16 03:12:01,BUY,4995.40,4595,4515,NONE,2,2,25.89,25.89,0.0,TP2,TP2,0,0,1,1,0,0,1,1,0,0,0,0,1,1,52.81,52.81,0.01,0.01,40,40,300.00,300.00,0,0,0,0,1,1
2026.02.16 03:53:00,BUY,4992.72,4596,4516,NONE,3,3,-305.54,-305.54,0.0,EMA->SL$,EMA->SL$,1,1,0,0,0,0,0,0,1,1,0,0,0,0,320.69,320.69,0.06,0.06,1538,1538,300.00,300.00,0,0,0,0,1,1
2026.02.17 08:09:00,SELL,4921.27,4597,4517,NONE,2,2,22.6,22.6,0.0,EMA->TP2,EMA->TP2,0,0,1,1,0,0,1,1,1,1,0,0,1,1,30.34,30.34,0.01,0.01,141,141,300.00,300.00,0,0,0,0,1,1
2026.02.18 06:20:00,BUY,4928.19,4598,4518,NONE,1,1,9.05,9.05,0.0,EMA->TP1,EMA->TP1,0,0,1,1,1,1,0,0,1,1,0,0,1,1,5.99,5.99,0.00,0.00,46,46,300.00,300.00,0,0,0,0,1,1
2026.02.18 08:12:00,BUY,4931.55,4599,4519,NONE,3,3,20.8,20.8,0.0,EMA->TP3,EMA->TP3,0,0,1,1,0,0,0,0,1,1,0,0,1,1,83.35,83.35,0.02,0.02,235,235,300.00,300.00,0,0,0,0,1,1
2026.02.18 19:28:00,SELL,4975.16,4600,4520,NONE,2,2,44.51,44.51,0.0,EMA->TP2,EMA->TP2,0,0,1,1,0,0,1,1,1,1,0,0,1,1,95.58,95.58,0.02,0.02,949,949,300.00,300.00,0,0,0,0,1,1
2026.02.19 14:37:00,BUY,4979.95,4601,4521,NONE,1,1,36.52,36.52,0.0,EMA->TP1,EMA->TP1,0,0,1,1,1,1,0,0,1,1,0,0,1,1,14.19,14.19,0.00,0.00,53,53,300.00,300.00,0,0,0,0,1,1
2026.02.19 16:23:00,BUY,5004.80,4602,4522,NONE,2,2,27.21,27.21,0.0,EMA->TP2,EMA->TP2,0,0,1,1,0,0,1,1,1,1,0,0,1,1,56.44,56.44,0.01,0.01,263,263,300.00,300.00,0,0,0,0,1,1
2026.02.20 01:16:06,SELL,5011.48,4603,4523,NONE,1,1,8.41,8.41,0.0,TP1,TP1,0,0,1,1,1,1,0,0,0,0,0,0,1,1,3.46,3.46,0.00,0.00,8,8,300.00,300.00,0,0,0,0,1,1
2026.02.20 09:01:00,SELL,5028.23,4604,4524,NONE,2,2,11.19,11.19,0.0,TP2,TP2,0,0,1,1,0,0,1,1,0,0,0,0,1,1,26.64,26.64,0.01,0.01,55,55,300.00,300.00,0,0,0,0,1,1
2026.02.20 11:32:00,BUY,5029.90,4605,4525,NONE,2,2,14.99,14.99,0.0,EMA->TP2,EMA->TP2,0,0,1,1,0,0,1,1,1,1,0,0,1,1,52.74,52.74,0.01,0.01,92,92,300.00,300.00,0,0,0,0,1,1
2026.02.24 03:15:00,BUY,5189.48,4606,4526,NONE,3,3,25.95,25.95,0.0,EMA->TP3,EMA->TP3,0,0,1,1,0,0,0,0,1,1,0,0,1,1,85.07,85.07,0.02,0.02,159,159,300.00,300.00,0,0,0,0,1,1
2026.02.25 18:33:00,BUY,5207.73,4607,4527,ALLOW,5,5,3.97,3.97,0.0,EMA->NET_BASKET_BE,EMA->NET_BASKET_BE,0,0,0,0,0,0,0,0,1,1,1,1,1,1,125.18,125.18,0.03,0.03,39,39,300.00,300.00,1,1,0,0,1,1
2026.02.25 20:25:00,BUY,5189.70,4608,4528,NONE,3,3,50.28,50.28,0.0,TP3,TP3,0,0,1,1,0,0,0,0,0,0,0,0,1,1,130.01,130.01,0.03,0.03,158,158,300.00,300.00,0,0,0,0,1,1
2026.03.02 03:19:00,BUY,5355.26,4609,4529,NONE,1,1,16.14,16.14,0.0,EMA->TP1,EMA->TP1,0,0,1,1,1,1,0,0,1,1,0,0,1,1,26.36,26.36,0.01,0.01,167,167,300.00,300.00,0,0,0,0,1,1
2026.03.02 09:14:00,BUY,5398.55,4610,4530,NONE,3,3,-309.28,-309.28,0.0,EMA->SL$,EMA->SL$,1,1,0,0,0,0,0,0,1,1,0,0,0,0,311.99,311.99,0.06,0.06,312,312,300.00,300.00,0,0,0,0,1,1
2026.03.02 23:03:00,BUY,5340.30,4611,4531,NONE,1,1,31.55,31.55,0.0,EMA->TP1,EMA->TP1,0,0,1,1,1,1,0,0,1,1,0,0,1,1,17.77,17.77,0.00,0.00,136,136,300.00,300.00,0,0,0,0,1,1
2026.03.03 09:08:00,BUY,5294.78,4612,4532,NONE,2,2,65.15,65.15,0.0,TP2,TP2,0,0,1,1,0,0,1,1,0,0,0,0,1,1,128.22,128.22,0.03,0.03,56,56,300.00,300.00,0,0,0,0,1,1
2026.03.03 11:02:00,BUY,5257.65,4613,4533,NONE,2,2,-307.44,-307.44,0.0,SL$,SL$,1,1,0,0,0,0,0,0,0,0,0,0,0,0,294.22,294.22,0.06,0.06,27,27,300.00,300.00,0,0,0,0,1,1
2026.03.04 05:55:00,SELL,5157.59,4614,4534,NONE,1,1,23.68,23.68,0.0,EMA->TP1,EMA->TP1,0,0,1,1,1,1,0,0,1,1,0,0,1,1,8.33,8.33,0.00,0.00,11,11,300.00,300.00,0,0,0,0,1,1
2026.03.04 07:47:00,BUY,5173.45,4615,4535,NONE,2,2,28.73,28.73,0.0,EMA->TP2,EMA->TP2,0,0,1,1,0,0,1,1,1,1,0,0,1,1,43.78,43.78,0.01,0.01,54,54,300.00,300.00,0,0,0,0,1,1
2026.03.04 14:28:00,BUY,5167.88,4616,4536,NONE,2,2,29.76,29.76,0.0,EMA->TP2,EMA->TP2,0,0,1,1,0,0,1,1,1,1,0,0,1,1,94.77,94.77,0.02,0.02,67,67,300.00,300.00,0,0,0,0,1,1
2026.03.04 23:13:02,SELL,5148.06,4617,4537,NONE,3,3,34.34,34.34,0.0,EMA->TP3,EMA->TP3,0,0,1,1,0,0,0,0,1,1,0,0,1,1,145.98,145.98,0.03,0.03,381,381,300.00,300.00,0,0,0,0,1,1
2026.03.05 09:13:00,SELL,5174.56,4618,4538,NONE,1,1,19.85,19.85,0.0,EMA->TP1,EMA->TP1,0,0,1,1,1,1,0,0,1,1,0,0,1,1,6.79,6.79,0.00,0.00,26,26,300.00,300.00,0,0,0,0,1,1
2026.03.05 11:45:00,BUY,5161.44,4619,4539,NONE,1,1,8.89,8.89,0.0,EMA->TP1,EMA->TP1,0,0,1,1,1,1,0,0,1,1,0,0,1,1,4.74,4.74,0.00,0.00,22,22,300.00,300.00,0,0,0,0,1,1
2026.03.05 14:39:00,SELL,5107.69,4620,4540,NONE,1,1,31.1,31.1,0.0,EMA->TP1,EMA->TP1,0,0,1,1,1,1,0,0,1,1,0,0,1,1,29.46,29.46,0.01,0.01,29,29,300.00,300.00,0,0,0,0,1,1
2026.03.05 18:26:00,SELL,5063.31,4621,4541,NONE,2,2,48.32,48.32,0.0,EMA->TP2,EMA->TP2,0,0,1,1,0,0,1,1,1,1,0,0,1,1,89.53,89.53,0.02,0.02,394,394,300.00,300.00,0,0,0,0,1,1
2026.03.06 04:56:00,SELL,5132.28,4622,4542,NONE,1,1,6.84,6.84,0.0,EMA->TP1,EMA->TP1,0,0,1,1,1,1,0,0,1,1,0,0,1,1,2.36,2.36,0.00,0.00,4,4,300.00,300.00,0,0,0,0,1,1
2026.03.06 07:32:00,SELL,5112.36,4623,4543,NONE,1,1,11.79,11.79,0.0,EMA->TP1,EMA->TP1,0,0,1,1,1,1,0,0,1,1,0,0,1,1,15.56,15.56,0.00,0.00,56,56,300.00,300.00,0,0,0,0,1,1
2026.03.06 09:46:00,BUY,5097.34,4624,4544,NONE,2,2,15.51,15.51,0.0,EMA->TP2,EMA->TP2,0,0,1,1,0,0,1,1,1,1,0,0,1,1,53.28,53.28,0.01,0.01,96,96,300.00,300.00,0,0,0,0,1,1
2026.03.09 05:04:00,BUY,5089.82,4625,4545,NONE,1,1,24.46,24.46,0.0,EMA->TP1,EMA->TP1,0,0,1,1,1,1,0,0,1,1,0,0,1,1,14.96,14.96,0.00,0.00,39,39,300.00,300.00,0,0,0,0,1,1
2026.03.09 10:54:00,BUY,5093.81,4626,4546,NONE,2,2,35.54,35.54,0.0,EMA->TP2,EMA->TP2,0,0,1,1,0,0,1,1,1,1,0,0,1,1,83.96,83.96,0.02,0.02,218,218,300.00,300.00,0,0,0,0,1,1
2026.03.10 00:37:00,BUY,5136.91,4627,4547,NONE,1,1,21.87,21.87,0.0,EMA->TP1,EMA->TP1,0,0,1,1,1,1,0,0,1,1,0,0,1,1,14.51,14.51,0.00,0.00,44,44,300.00,300.00,0,0,0,0,1,1
2026.03.10 11:51:00,BUY,5177.53,4628,4548,NONE,2,2,20.19,20.19,0.0,EMA->TP2,EMA->TP2,0,0,1,1,0,0,1,1,1,1,0,0,1,1,20.57,20.57,0.00,0.00,30,30,300.00,300.00,0,0,0,0,1,1
2026.03.11 10:07:00,BUY,5191.76,4629,4549,NONE,2,2,14.69,14.69,0.0,EMA->TP2,EMA->TP2,0,0,1,1,0,0,1,1,1,1,0,0,1,1,28.67,28.67,0.01,0.01,45,45,300.00,300.00,0,0,0,0,1,1
2026.03.11 11:32:00,BUY,5183.80,4630,4550,NONE,1,1,11.19,11.19,0.0,EMA->TP1,EMA->TP1,0,0,1,1,1,1,0,0,1,1,0,0,1,1,15.1,15.1,0.00,0.00,47,47,300.00,300.00,0,0,0,0,1,1
2026.03.11 15:44:00,BUY,5172.69,4631,4551,NONE,2,2,26.08,26.08,0.0,EMA->TP2,EMA->TP2,0,0,1,1,0,0,1,1,1,1,0,0,1,1,27.08,27.08,0.01,0.01,135,135,300.00,300.00,0,0,0,0,1,1
2026.03.11 20:24:01,BUY,5179.50,4632,4552,ALLOW,5,5,-302.47,-302.47,0.0,EMA->SL$,EMA->SL$,1,1,0,0,0,0,0,0,1,1,1,1,0,0,300.97,300.97,0.06,0.06,153,153,300.00,300.00,0,0,0,0,1,1
2026.03.11 23:01:00,BUY,5144.42,4633,4553,NONE,1,1,36.71,36.71,0.0,EMA->TP1,EMA->TP1,0,0,1,1,1,1,0,0,1,1,0,0,1,1,38.09,38.09,0.01,0.01,524,524,300.00,300.00,0,0,0,0,1,1
2026.03.13 03:33:00,BUY,5112.16,4634,4554,NONE,2,2,13.04,13.04,0.0,EMA->TP2,EMA->TP2,0,0,1,1,0,0,1,1,1,1,0,0,1,1,18.9,18.9,0.00,0.00,120,120,300.00,300.00,0,0,0,0,1,1
2026.03.16 05:03:00,BUY,5015.81,4635,4555,NONE,2,2,13.64,13.64,0.0,EMA->TP2,EMA->TP2,0,0,1,1,0,0,1,1,1,1,0,0,1,1,20.17,20.17,0.00,0.00,37,37,300.00,300.00,0,0,0,0,1,1
2026.03.16 05:41:00,BUY,5015.52,4636,4556,NONE,1,1,17.05,17.05,0.0,EMA->TP1,EMA->TP1,0,0,1,1,1,1,0,0,1,1,0,0,1,1,7.03,7.03,0.00,0.00,35,35,300.00,300.00,0,0,0,0,1,1
2026.03.16 17:54:00,BUY,4989.16,4637,4557,NONE,1,1,12.21,12.21,0.0,EMA->TP1,EMA->TP1,0,0,1,1,1,1,0,0,1,1,0,0,1,1,5.95,5.95,0.00,0.00,32,32,300.00,300.00,0,0,0,0,1,1
2026.03.18 04:16:05,BUY,4991.36,4638,4558,NONE,2,2,9.99,9.99,0.0,TP2,TP2,0,0,1,1,0,0,1,1,0,0,0,0,1,1,19.66,19.66,0.00,0.00,51,51,300.00,300.00,0,0,0,0,1,1
2026.03.19 03:41:01,BUY,4857.76,4639,4559,ALLOW,4,4,-307.23,-307.23,0.0,EMA->SL$,EMA->SL$,1,1,0,0,0,0,0,0,1,1,0,0,0,0,303.33,303.33,0.06,0.06,174,174,300.00,300.00,0,0,0,0,1,1
2026.03.19 12:33:00,BUY,4615.68,4640,4560,NONE,3,3,-306.32,-306.32,0.0,SL$,SL$,1,1,0,0,0,0,0,0,0,0,0,0,0,0,291.24,291.24,0.06,0.06,29,29,300.00,300.00,0,0,0,0,1,1
2026.03.19 22:55:00,BUY,4648.69,4641,4561,NONE,1,1,18.0,18.0,0.0,EMA->TP1,EMA->TP1,0,0,1,1,1,1,0,0,1,1,0,0,1,1,25.6,25.6,0.01,0.01,128,128,300.00,300.00,0,0,0,0,1,1
2026.03.20 09:08:00,BUY,4693.48,4642,4562,NONE,3,3,62.97,62.97,0.0,EMA->TP3,EMA->TP3,0,0,1,1,0,0,0,0,1,1,0,0,1,1,142.71,142.71,0.03,0.03,143,143,300.00,300.00,0,0,0,0,1,1
2026.03.20 20:52:00,BUY,4503.49,4643,4563,NONE,3,3,79.91,79.91,0.0,TP3,TP3,0,0,1,1,0,0,0,0,0,0,0,0,1,1,133.86,133.86,0.03,0.03,2953,2953,300.00,300.00,0,0,0,0,1,1
2026.03.23 07:25:00,BUY,4131.58,4644,4564,NONE,1,1,94.14,94.14,0.0,TP1,TP1,0,0,1,1,1,1,0,0,0,0,0,0,1,1,27.54,27.54,0.01,0.01,22,22,300.00,300.00,0,0,0,0,1,1
2026.03.24 13:48:00,BUY,4365.85,4645,4565,NONE,1,1,42.85,42.85,0.0,EMA->TP1,EMA->TP1,0,0,1,1,1,1,0,0,1,1,0,0,1,1,20.33,20.33,0.00,0.00,38,38,300.00,300.00,0,0,0,0,1,1
2026.03.24 16:09:00,BUY,4410.84,4646,4566,NONE,2,2,34.8,34.8,0.0,EMA->TP2,EMA->TP2,0,0,1,1,0,0,1,1,1,1,0,0,1,1,85.88,85.88,0.02,0.02,136,136,300.00,300.00,0,0,0,0,1,1
2026.03.26 09:23:00,BUY,4436.37,4647,4567,NONE,2,2,31.09,31.09,0.0,TP2,TP2,0,0,1,1,0,0,1,1,0,0,0,0,1,1,44.5,44.5,0.01,0.01,53,53,300.00,300.00,0,0,0,0,1,1
2026.03.26 16:35:00,BUY,4393.66,4648,4568,NONE,1,1,43.47,43.47,0.0,EMA->TP1,EMA->TP1,0,0,1,1,1,1,0,0,1,1,0,0,1,1,51.22,51.22,0.01,0.01,575,575,300.00,300.00,0,0,0,0,1,1
2026.03.30 10:19:01,BUY,4537.41,4649,4569,NONE,2,2,17.55,17.55,0.0,EMA->TP2,EMA->TP2,0,0,1,1,0,0,1,1,1,1,0,0,1,1,14.78,14.78,0.00,0.00,50,50,300.00,300.00,0,0,0,0,1,1
2026.03.30 18:01:00,BUY,4517.91,4650,4570,NONE,2,2,24.58,24.58,0.0,TP2,TP2,0,0,1,1,0,0,1,1,0,0,0,0,1,1,47.36,47.36,0.01,0.01,115,115,300.00,300.00,0,0,0,0,1,1
2026.03.30 20:42:01,BUY,4505.35,4651,4571,NONE,1,1,10.68,10.68,0.0,EMA->TP1,EMA->TP1,0,0,1,1,1,1,0,0,1,1,0,0,1,1,4.46,4.46,0.00,0.00,79,79,300.00,300.00,0,0,0,0,1,1
2026.03.30 23:47:00,SELL,4515.95,4652,4572,NONE,1,1,14.28,14.28,0.0,EMA->TP1,EMA->TP1,0,0,1,1,1,1,0,0,1,1,0,0,1,1,21.05,21.05,0.00,0.00,29,29,300.00,300.00,0,0,0,0,1,1
2026.03.31 00:17:00,SELL,4502.48,4653,4573,NONE,3,3,-306.29,-306.29,0.0,EMA->SL$,EMA->SL$,1,1,0,0,0,0,0,0,1,1,0,0,0,0,318.47,318.47,0.06,0.06,84,84,300.00,300.00,0,0,0,0,1,1
2026.03.31 09:45:00,BUY,4556.20,4654,4574,NONE,2,2,21.59,21.59,0.0,TP2,TP2,0,0,1,1,0,0,1,1,0,0,0,0,1,1,60.17,60.17,0.01,0.01,86,86,300.00,300.00,0,0,0,0,1,1
2026.03.31 15:56:00,SELL,4612.22,4655,4575,NONE,3,3,-304.71,-304.71,0.0,EMA->SL$,EMA->SL$,1,1,0,0,0,0,0,0,1,1,0,0,0,0,304.3,304.3,0.06,0.06,480,480,300.00,300.00,0,0,0,0,1,1
2026.04.01 02:45:02,BUY,4682.22,4656,4576,NONE,2,2,17.37,17.37,0.0,EMA->TP2,EMA->TP2,0,0,1,1,0,0,1,1,1,1,0,0,1,1,35.23,35.23,0.01,0.01,126,126,300.00,300.00,0,0,0,0,1,1
2026.04.01 09:37:00,BUY,4720.88,4657,4577,NONE,1,1,22.39,22.39,0.0,EMA->TP1,EMA->TP1,0,0,1,1,1,1,0,0,1,1,0,0,1,1,12.4,12.4,0.00,0.00,100,100,300.00,300.00,0,0,0,0,1,1
2026.04.01 20:45:00,BUY,4759.85,4658,4578,NONE,1,1,14.68,14.68,0.0,EMA->TP1,EMA->TP1,0,0,1,1,1,1,0,0,1,1,0,0,1,1,15.28,15.28,0.00,0.00,106,106,300.00,300.00,0,0,0,0,1,1
2026.04.02 00:48:00,BUY,4790.31,4659,4579,NONE,3,3,73.9,73.9,0.0,EMA->TP3,EMA->TP3,0,0,1,1,0,0,0,0,1,1,0,0,1,1,156.26,156.26,0.03,0.03,23,23,300.00,300.00,0,0,0,0,1,1
2026.04.02 02:15:00,BUY,4689.93,4660,4580,NONE,3,3,-302.19,-302.19,0.0,SL$,SL$,1,1,0,0,0,0,0,0,0,0,0,0,0,0,311.34,311.34,0.06,0.06,233,233,300.00,300.00,0,0,0,0,1,1
2026.04.02 13:27:00,BUY,4593.81,4661,4581,NONE,1,1,45.34,45.34,0.0,EMA->TP1,EMA->TP1,0,0,1,1,1,1,0,0,1,1,0,0,1,1,21.6,21.6,0.00,0.00,26,26,300.00,300.00,0,0,0,0,1,1
2026.04.02 15:12:00,BUY,4675.52,4662,4582,NONE,2,2,34.24,34.24,0.0,EMA->TP2,EMA->TP2,0,0,1,1,0,0,1,1,1,1,0,0,1,1,74.13,74.13,0.01,0.01,226,226,300.00,300.00,0,0,0,0,1,1
2026.04.06 05:23:00,SELL,4673.23,4663,4583,NONE,1,1,10.54,10.54,0.0,TP1,TP1,0,0,1,1,1,1,0,0,0,0,0,0,1,1,6.1,6.1,0.00,0.00,18,18,300.00,300.00,0,0,0,0,1,1
2026.04.06 15:20:00,BUY,4667.28,4664,4584,NONE,2,2,26.82,26.82,0.0,EMA->TP2,EMA->TP2,0,0,1,1,0,0,1,1,1,1,0,0,1,1,95.28,95.28,0.02,0.02,587,587,300.00,300.00,0,0,0,0,1,1
2026.04.07 02:55:00,SELL,4650.15,4665,4585,NONE,2,2,15.02,15.02,0.0,EMA->TP2,EMA->TP2,0,0,1,1,0,0,1,1,1,1,0,0,1,1,28.77,28.77,0.01,0.01,148,148,300.00,300.00,0,0,0,0,1,1
2026.04.07 06:19:00,SELL,4643.48,4666,4586,NONE,3,3,41.85,41.85,0.0,EMA->TP3,EMA->TP3,0,0,1,1,0,0,0,0,1,1,0,0,1,1,178.24,178.24,0.04,0.04,208,208,300.00,300.00,0,0,0,0,1,1
2026.04.07 09:48:00,SELL,4659.94,4667,4587,NONE,2,2,24.16,24.16,0.0,EMA->TP2,EMA->TP2,0,0,1,1,0,0,1,1,1,1,0,0,1,1,27.0,27.0,0.01,0.01,21,21,300.00,300.00,0,0,0,0,1,1
2026.04.07 12:02:00,SELL,4658.90,4668,4588,NONE,2,2,15.68,15.68,0.0,EMA->TP2,EMA->TP2,0,0,1,1,0,0,1,1,1,1,0,0,1,1,22.48,22.48,0.00,0.00,30,30,300.00,300.00,0,0,0,0,1,1
2026.04.07 23:43:00,BUY,4812.32,4669,4589,NONE,1,1,23.31,23.31,0.0,EMA->TP1,EMA->TP1,0,0,1,1,1,1,0,0,1,1,0,0,1,1,9.53,9.53,0.00,0.00,17,17,300.00,300.00,0,0,0,0,1,1
2026.04.08 00:50:00,BUY,4815.81,4670,4590,NONE,2,2,27.4,27.4,0.0,EMA->TP2,EMA->TP2,0,0,1,1,0,0,1,1,1,1,0,0,1,1,59.31,59.31,0.01,0.01,60,60,300.00,300.00,0,0,0,0,1,1
2026.04.08 07:46:00,BUY,4813.00,4671,4591,NONE,3,3,37.7,37.7,0.0,EMA->TP3,EMA->TP3,0,0,1,1,0,0,0,0,1,1,0,0,1,1,142.91,142.91,0.03,0.03,247,247,300.00,300.00,0,0,0,0,1,1
2026.04.09 04:37:00,BUY,4718.73,4672,4592,NONE,2,2,12.35,12.35,0.0,EMA->TP2,EMA->TP2,0,0,1,1,0,0,1,1,1,1,0,0,1,1,30.88,30.88,0.01,0.01,83,83,300.00,300.00,0,0,0,0,1,1
2026.04.09 18:17:00,BUY,4785.48,4673,4593,NONE,3,3,31.46,31.46,0.0,EMA->TP3,EMA->TP3,0,0,1,1,0,0,0,0,1,1,0,0,1,1,114.83,114.83,0.02,0.02,438,438,300.00,300.00,0,0,0,0,1,1
2026.04.13 03:45:02,SELL,4721.86,4674,4594,NONE,1,1,8.26,8.26,0.0,TP1,TP1,0,0,1,1,1,1,0,0,0,0,0,0,1,1,2.98,2.98,0.00,0.00,17,17,300.00,300.00,0,0,0,0,1,1
2026.04.13 13:58:00,BUY,4730.19,4675,4595,NONE,2,2,31.9,31.9,0.0,EMA->TP2,EMA->TP2,0,0,1,1,0,0,1,1,1,1,0,0,1,1,49.37,49.37,0.01,0.01,140,140,300.00,300.00,0,0,0,0,1,1
2026.04.13 16:43:00,SELL,4731.34,4676,4596,NONE,3,3,66.38,66.38,0.0,EMA->TP3,EMA->TP3,0,0,1,1,0,0,0,0,1,1,0,0,1,1,179.55,179.55,0.04,0.04,1076,1076,300.00,300.00,0,0,0,0,1,1
2026.04.15 00:30:00,BUY,4834.03,4677,4597,NONE,1,1,12.32,12.32,0.0,EMA->TP1,EMA->TP1,0,0,1,1,1,1,0,0,1,1,0,0,1,1,9.85,9.85,0.00,0.00,41,41,300.00,300.00,0,0,0,0,1,1
2026.04.15 01:51:00,BUY,4846.44,4678,4598,NONE,3,3,41.73,41.73,0.0,EMA->TP3,EMA->TP3,0,0,1,1,0,0,0,0,1,1,0,0,1,1,261.78,261.78,0.05,0.05,1369,1369,300.00,300.00,0,0,0,0,1,1
2026.04.16 05:47:00,BUY,4827.40,4679,4599,NONE,2,2,16.24,16.24,0.0,EMA->TP2,EMA->TP2,0,0,1,1,0,0,1,1,1,1,0,0,1,1,19.83,19.83,0.00,0.00,61,61,300.00,300.00,0,0,0,0,1,1
2026.04.16 22:36:02,BUY,4796.45,4680,4600,NONE,2,2,14.36,14.36,0.0,EMA->TP2,EMA->TP2,0,0,1,1,0,0,1,1,1,1,0,0,1,1,14.37,14.37,0.00,0.00,114,114,300.00,300.00,0,0,0,0,1,1
2026.04.17 05:50:00,BUY,4797.93,4681,4601,NONE,2,2,14.71,14.71,0.0,EMA->TP2,EMA->TP2,0,0,1,1,0,0,1,1,1,1,0,0,1,1,47.9,47.9,0.01,0.01,174,174,300.00,300.00,0,0,0,0,1,1
2026.04.17 10:15:00,BUY,4791.69,4682,4602,NONE,1,1,10.83,10.83,0.0,EMA->TP1,EMA->TP1,0,0,1,1,1,1,0,0,1,1,0,0,1,1,11.71,11.71,0.00,0.00,90,90,300.00,300.00,0,0,0,0,1,1
2026.04.19 23:27:00,BUY,4771.44,4683,4603,NONE,3,3,22.72,22.72,0.0,TP3,TP3,0,0,1,1,0,0,0,0,0,0,0,0,1,1,143.16,143.16,0.03,0.03,57,57,300.00,300.00,0,0,0,0,1,1
2026.04.20 02:59:00,BUY,4796.77,4684,4604,NONE,2,2,11.25,11.25,0.0,EMA->TP2,EMA->TP2,0,0,1,1,0,0,1,1,1,1,0,0,1,1,26.58,26.58,0.01,0.01,153,153,300.00,300.00,0,0,0,0,1,1
2026.04.20 07:39:00,BUY,4796.86,4685,4605,NONE,2,2,18.85,18.85,0.0,EMA->TP2,EMA->TP2,0,0,1,1,0,0,1,1,1,1,0,0,1,1,17.42,17.42,0.00,0.00,128,128,300.00,300.00,0,0,0,0,1,1
2026.04.21 00:00:00,BUY,4822.51,4686,4606,NONE,1,1,4.92,4.92,0.0,EMA->TP1,EMA->TP1,0,0,1,1,1,1,0,0,1,1,0,0,1,1,3.33,3.33,0.00,0.00,6,6,300.00,300.00,0,0,0,0,1,1
2026.04.21 02:54:00,BUY,4805.91,4687,4607,VETO,4,3,2.63,-305.13,-307.76,EMA->NET_BASKET_BE,EMA->SL$,0,1,0,0,0,0,0,0,1,1,0,0,1,0,135.26,304.26,0.03,0.06,196,710,300.00,300.00,1,0,0,0,1,1
2026.04.21 17:33:00,BUY,4705.63,4689,4608,NONE,2,2,24.39,24.39,0.0,EMA->TP2,EMA->TP2,0,0,1,1,0,0,1,1,1,1,0,0,1,1,95.5,95.5,0.02,0.02,163,163,300.00,300.00,0,0,0,0,1,1
2026.04.21 23:28:00,SELL,4730.82,4690,4609,ALLOW,4,4,2.32,2.32,0.0,EMA->NET_BASKET_BE,EMA->NET_BASKET_BE,0,0,0,0,0,0,0,0,1,1,0,0,1,1,211.63,211.63,0.04,0.04,634,634,300.00,300.00,1,1,0,0,1,1
2026.04.23 03:22:00,BUY,4703.60,4691,4610,NONE,1,1,12.89,12.89,0.0,EMA->TP1,EMA->TP1,0,0,1,1,1,1,0,0,1,1,0,0,1,1,18.03,18.03,0.00,0.00,159,159,300.00,300.00,0,0,0,0,1,1
2026.04.23 16:08:00,BUY,4719.52,4692,4611,NONE,1,1,12.96,12.96,0.0,EMA->TP1,EMA->TP1,0,0,1,1,1,1,0,0,1,1,0,0,1,1,4.52,4.52,0.00,0.00,35,35,300.00,300.00,0,0,0,0,1,1
2026.04.23 17:26:00,BUY,4711.10,4693,4612,NONE,2,2,34.84,34.84,0.0,TP2,TP2,0,0,1,1,0,0,1,1,0,0,0,0,1,1,105.69,105.69,0.02,0.02,27,27,300.00,300.00,0,0,0,0,1,1
2026.04.24 08:39:00,BUY,4689.06,4694,4613,NONE,2,2,11.19,11.19,0.0,EMA->TP2,EMA->TP2,0,0,1,1,0,0,1,1,1,1,0,0,1,1,22.18,22.18,0.00,0.00,63,63,300.00,300.00,0,0,0,0,1,1
2026.04.24 20:22:00,BUY,4707.47,4695,4614,ALLOW,4,4,4.04,4.04,0.0,TP3->NET_BASKET_BE,TP3->NET_BASKET_BE,0,0,0,0,0,0,0,0,0,0,0,0,1,1,204.18,204.18,0.04,0.04,3154,3154,300.00,300.00,1,1,0,0,1,1
2026.04.28 11:24:00,BUY,4603.69,4696,4615,NONE,3,3,51.13,51.13,0.0,TP3,TP3,0,0,1,1,0,0,0,0,0,0,0,0,1,1,130.2,130.2,0.03,0.03,52,52,300.00,300.00,0,0,0,0,1,1
2026.04.28 22:54:02,BUY,4595.52,4697,4616,NONE,2,2,7.36,7.36,0.0,EMA->TP2,EMA->TP2,0,0,1,1,0,0,1,1,1,1,0,0,1,1,16.59,16.59,0.00,0.00,64,64,300.00,300.00,0,0,0,0,1,1
2026.04.29 11:59:00,BUY,4562.57,4698,4617,ALLOW,4,4,7.53,7.53,0.0,EMA->NET_BASKET_BE,EMA->NET_BASKET_BE,0,0,0,0,0,0,0,0,1,1,0,0,1,1,315.56,315.56,0.06,0.06,154,154,300.00,300.00,1,1,0,0,1,1
2026.04.30 02:49:02,BUY,4563.14,4699,4618,NONE,2,2,14.2,14.2,0.0,EMA->TP2,EMA->TP2,0,0,1,1,0,0,1,1,1,1,0,0,1,1,54.5,54.5,0.01,0.01,164,164,300.00,300.00,0,0,0,0,1,1
2026.04.30 08:47:00,BUY,4617.48,4700,4619,NONE,1,1,8.98,8.98,0.0,EMA->TP1,EMA->TP1,0,0,1,1,1,1,0,0,1,1,0,0,1,1,5.52,5.52,0.00,0.00,42,42,300.00,300.00,0,0,0,0,1,1
2026.04.30 11:47:00,BUY,4631.85,4701,4620,NONE,1,1,12.01,12.01,0.0,EMA->TP1,EMA->TP1,0,0,1,1,1,1,0,0,1,1,0,0,1,1,13.34,13.34,0.00,0.00,76,76,300.00,300.00,0,0,0,0,1,1
2026.04.30 14:03:00,BUY,4621.06,4702,4621,NONE,3,3,62.12,62.12,0.0,EMA->TP3,EMA->TP3,0,0,1,1,0,0,0,0,1,1,0,0,1,1,176.47,176.47,0.04,0.04,1341,1341,300.00,300.00,0,0,0,0,1,1
2026.05.01 17:46:00,BUY,4629.59,4703,4622,NONE,2,2,25.52,25.52,0.0,EMA->TP2,EMA->TP2,0,0,1,1,0,0,1,1,1,1,0,0,1,1,62.16,62.16,0.01,0.01,3134,3134,300.00,300.00,0,0,0,0,1,1
2026.05.03 23:40:01,SELL,4614.56,4704,4623,NONE,1,1,9.7,9.7,0.0,EMA->TP1,EMA->TP1,0,0,1,1,1,1,0,0,1,1,0,0,1,1,5.52,5.52,0.00,0.00,22,22,300.00,300.00,0,0,0,0,1,1
2026.05.04 03:34:01,SELL,4608.40,4705,4624,NONE,1,1,10.32,10.32,0.0,EMA->TP1,EMA->TP1,0,0,1,1,1,1,0,0,1,1,0,0,1,1,18.64,18.64,0.00,0.00,113,113,300.00,300.00,0,0,0,0,1,1
2026.05.04 06:49:00,BUY,4588.18,4706,4625,VETO,4,3,-316.34,28.48,344.82,SL$,EMA->TP3,1,0,0,1,0,0,0,0,0,1,0,0,0,1,304.96,293.18,0.06,0.06,212,331,300.00,300.00,0,0,0,0,1,1
2026.05.05 03:35:00,BUY,4538.65,4708,4626,NONE,2,2,7.76,7.76,0.0,EMA->TP2,EMA->TP2,0,0,1,1,0,0,1,1,1,1,0,0,1,1,23.28,23.28,0.00,0.00,91,91,300.00,300.00,0,0,0,0,1,1
2026.05.05 22:36:00,BUY,4549.74,4709,4627,NONE,1,1,7.91,7.91,0.0,EMA->TP1,EMA->TP1,0,0,1,1,1,1,0,0,1,1,0,0,1,1,5.03,5.03,0.00,0.00,18,18,300.00,300.00,0,0,0,0,1,1
2026.05.06 03:23:00,SELL,4646.38,4710,4628,NONE,2,2,11.4,11.4,0.0,TP2,TP2,0,0,1,1,0,0,1,1,0,0,0,0,1,1,17.61,17.61,0.00,0.00,128,128,300.00,300.00,0,0,0,0,1,1
2026.05.06 12:22:00,BUY,4677.64,4711,4629,NONE,1,1,38.27,38.27,0.0,EMA->TP1,EMA->TP1,0,0,1,1,1,1,0,0,1,1,0,0,1,1,23.66,23.66,0.00,0.00,113,113,300.00,300.00,0,0,0,0,1,1
2026.05.06 23:18:00,BUY,4696.05,4712,4630,NONE,2,2,7.24,7.24,0.0,EMA->TP2,EMA->TP2,0,0,1,1,0,0,1,1,1,1,0,0,1,1,9.61,9.61,0.00,0.00,27,27,300.00,300.00,0,0,0,0,1,1
2026.05.07 01:04:00,BUY,4692.70,4713,4631,NONE,1,1,16.59,16.59,0.0,EMA->TP1,EMA->TP1,0,0,1,1,1,1,0,0,1,1,0,0,1,1,3.55,3.55,0.00,0.00,8,8,300.00,300.00,0,0,0,0,1,1
2026.05.07 12:55:00,SELL,4747.73,4714,4632,NONE,1,1,9.27,9.27,0.0,EMA->TP1,EMA->TP1,0,0,1,1,1,1,0,0,1,1,0,0,1,1,5.2,5.2,0.00,0.00,9,9,300.00,300.00,0,0,0,0,1,1
2026.05.08 04:11:00,BUY,4719.53,4715,4633,NONE,2,2,10.51,10.51,0.0,EMA->TP2,EMA->TP2,0,0,1,1,0,0,1,1,1,1,0,0,1,1,21.51,21.51,0.00,0.00,78,78,300.00,300.00,0,0,0,0,1,1
2026.05.08 15:35:00,BUY,4710.24,4716,4634,NONE,1,1,13.43,13.43,0.0,EMA->TP1,EMA->TP1,0,0,1,1,1,1,0,0,1,1,0,0,1,1,13.13,13.13,0.00,0.00,145,145,300.00,300.00,0,0,0,0,1,1
2026.05.08 19:40:00,BUY,4723.91,4717,4635,ALLOW,5,5,-306.59,-306.59,0.0,EMA->SL$,EMA->SL$,1,1,0,0,0,0,0,0,1,1,1,1,0,0,291.88,291.88,0.06,0.06,3020,3020,300.00,300.00,0,0,0,0,1,1
2026.05.11 13:29:00,SELL,4727.76,4718,4636,NONE,2,2,18.27,18.27,0.0,TP2,TP2,0,0,1,1,0,0,1,1,0,0,0,0,1,1,36.63,36.63,0.01,0.01,33,33,300.00,300.00,0,0,0,0,1,1
2026.05.11 16:32:00,BUY,4725.41,4719,4637,NONE,2,2,13.53,13.53,0.0,EMA->TP2,EMA->TP2,0,0,1,1,0,0,1,1,1,1,0,0,1,1,35.1,35.1,0.01,0.01,72,72,300.00,300.00,0,0,0,0,1,1
2026.05.12 04:00:00,BUY,4720.60,4720,4638,NONE,1,1,6.4,6.4,0.0,TP1,TP1,0,0,1,1,1,1,0,0,0,0,0,0,1,1,2.51,2.51,0.00,0.00,16,16,300.00,300.00,0,0,0,0,1,1
2026.05.12 05:03:01,BUY,4717.14,4721,4639,VETO,4,3,-311.63,-300.13,11.5,EMA->SL$,EMA->SL$,1,1,0,0,0,0,0,0,1,1,0,0,0,0,323.93,328.72,0.06,0.07,619,619,300.00,300.00,0,0,0,0,1,1
2026.05.12 17:30:00,SELL,4679.14,4722,4640,NONE,3,3,26.54,26.54,0.0,EMA->TP3,EMA->TP3,0,0,1,1,0,0,0,0,1,1,0,0,1,1,196.52,196.52,0.04,0.04,564,564,300.00,300.00,0,0,0,0,1,1
2026.05.13 06:47:00,SELL,4707.77,4723,4641,NONE,1,1,11.83,11.83,0.0,EMA->TP1,EMA->TP1,0,0,1,1,1,1,0,0,1,1,0,0,1,1,12.14,12.14,0.00,0.00,99,99,300.00,300.00,0,0,0,0,1,1
2026.05.13 10:51:00,BUY,4696.65,4724,4642,NONE,3,3,26.12,26.12,0.0,EMA->TP3,EMA->TP3,0,0,1,1,0,0,0,0,1,1,0,0,1,1,89.55,89.55,0.02,0.02,220,220,300.00,300.00,0,0,0,0,1,1
2026.05.13 17:01:00,BUY,4698.31,4725,4643,NONE,2,2,12.76,12.76,0.0,EMA->TP2,EMA->TP2,0,0,1,1,0,0,1,1,1,1,0,0,1,1,49.41,49.41,0.01,0.01,325,325,300.00,300.00,0,0,0,0,1,1
2026.05.14 09:07:00,BUY,4694.99,4726,4644,NONE,1,1,9.59,9.59,0.0,EMA->TP1,EMA->TP1,0,0,1,1,1,1,0,0,1,1,0,0,1,1,9.51,9.51,0.00,0.00,64,64,300.00,300.00,0,0,0,0,1,1
2026.05.14 13:03:00,SELL,4697.86,4727,4645,NONE,1,1,18.24,18.24,0.0,EMA->TP1,EMA->TP1,0,0,1,1,1,1,0,0,1,1,0,0,1,1,8.69,8.69,0.00,0.00,37,37,300.00,300.00,0,0,0,0,1,1
2026.05.14 23:01:00,SELL,4661.24,4728,4646,NONE,1,1,3.18,3.18,0.0,EMA->TP1,EMA->TP1,0,0,1,1,1,1,0,0,1,1,0,0,1,1,3.08,3.08,0.00,0.00,14,14,300.00,300.00,0,0,0,0,1,1
2026.05.15 15:31:00,BUY,4550.51,4729,4647,NONE,2,2,26.45,26.45,0.0,EMA->TP2,EMA->TP2,0,0,1,1,0,0,1,1,1,1,0,0,1,1,28.45,28.45,0.01,0.01,74,74,300.00,300.00,0,0,0,0,1,1
2026.05.17 23:49:00,BUY,4539.70,4730,4648,NONE,3,3,63.78,63.78,0.0,EMA->TP3,EMA->TP3,0,0,1,1,0,0,0,0,1,1,0,0,1,1,162.44,162.44,0.03,0.03,118,118,300.00,300.00,0,0,0,0,1,1
2026.05.18 05:10:00,BUY,4538.41,4731,4649,NONE,1,1,11.8,11.8,0.0,EMA->TP1,EMA->TP1,0,0,1,1,1,1,0,0,1,1,0,0,1,1,7.69,7.69,0.00,0.00,17,17,300.00,300.00,0,0,0,0,1,1
2026.05.18 14:51:00,BUY,4544.59,4732,4650,NONE,1,1,20.7,20.7,0.0,EMA->TP1,EMA->TP1,0,0,1,1,1,1,0,0,1,1,0,0,1,1,24.03,24.03,0.00,0.00,325,325,300.00,300.00,0,0,0,0,1,1
2026.05.19 04:18:00,BUY,4542.23,4733,4651,NONE,2,2,15.24,15.24,0.0,TP2,TP2,0,0,1,1,0,0,1,1,0,0,0,0,1,1,22.95,22.95,0.00,0.00,79,79,300.00,300.00,0,0,0,0,1,1
2026.05.21 13:42:00,BUY,4498.68,4734,4652,NONE,1,1,29.7,29.7,0.0,EMA->TP1,EMA->TP1,0,0,1,1,1,1,0,0,1,1,0,0,1,1,24.44,24.44,0.00,0.00,208,208,300.00,300.00,0,0,0,0,1,1
2026.05.21 20:04:00,SELL,4541.52,4735,4653,NONE,1,1,7.47,7.47,0.0,EMA->TP1,EMA->TP1,0,0,1,1,1,1,0,0,1,1,0,0,1,1,7.02,7.02,0.00,0.00,220,220,300.00,300.00,0,0,0,0,1,1
2026.05.22 01:13:00,BUY,4528.32,4736,4654,NONE,2,2,21.17,21.17,0.0,EMA->TP2,EMA->TP2,0,0,1,1,0,0,1,1,1,1,0,0,1,1,43.18,43.18,0.01,0.01,317,317,300.00,300.00,0,0,0,0,1,1
2026.05.22 10:16:00,SELL,4532.77,4737,4655,NONE,1,1,8.81,8.81,0.0,EMA->TP1,EMA->TP1,0,0,1,1,1,1,0,0,1,1,0,0,1,1,2.67,2.67,0.00,0.00,14,14,300.00,300.00,0,0,0,0,1,1
2026.05.22 11:33:00,BUY,4516.23,4738,4656,NONE,1,1,8.34,8.34,0.0,EMA->TP1,EMA->TP1,0,0,1,1,1,1,0,0,1,1,0,0,1,1,3.31,3.31,0.00,0.00,14,14,300.00,300.00,0,0,0,0,1,1
2026.05.22 20:49:00,BUY,4508.53,4739,4657,NONE,1,1,26.11,26.11,0.0,TP1->EMA->TP1,TP1->EMA->TP1,0,0,1,1,1,1,0,0,1,1,0,0,1,1,3.92,3.92,0.00,0.00,2951,2951,300.00,300.00,0,0,0,0,1,1
2026.05.25 04:09:00,SELL,4560.80,4740,4658,NONE,2,2,3.03,3.03,0.0,EMA->TP2,EMA->TP2,0,0,1,1,0,0,1,1,1,1,0,0,1,1,10.04,10.04,0.00,0.00,24,24,300.00,300.00,0,0,0,0,1,1
2026.05.25 05:01:00,SELL,4562.76,4741,4659,NONE,1,1,5.49,5.49,0.0,EMA->TP1,EMA->TP1,0,0,1,1,1,1,0,0,1,1,0,0,1,1,3.73,3.73,0.00,0.00,21,21,300.00,300.00,0,0,0,0,1,1
2026.05.25 05:23:00,SELL,4557.74,4742,4660,NONE,2,2,10.28,10.28,0.0,EMA->TP2,EMA->TP2,0,0,1,1,0,0,1,1,1,1,0,0,1,1,50.25,50.25,0.01,0.01,405,405,300.00,300.00,0,0,0,0,1,1
2026.05.26 04:48:00,BUY,4527.23,4743,4661,NONE,1,1,9.02,9.02,0.0,EMA->TP1,EMA->TP1,0,0,1,1,1,1,0,0,1,1,0,0,1,1,14.54,14.54,0.00,0.00,189,189,300.00,300.00,0,0,0,0,1,1
2026.05.27 02:22:00,BUY,4502.27,4744,4662,NONE,1,1,9.14,9.14,0.0,EMA->TP1,EMA->TP1,0,0,1,1,1,1,0,0,1,1,0,0,1,1,8.07,8.07,0.00,0.00,57,57,300.00,300.00,0,0,0,0,1,1
2026.05.27 05:50:00,BUY,4498.57,4745,4663,NONE,2,2,18.42,18.42,0.0,EMA->TP2,EMA->TP2,0,0,1,1,0,0,1,1,1,1,0,0,1,1,47.64,47.64,0.01,0.01,174,174,300.00,300.00,0,0,0,0,1,1
2026.05.27 11:01:00,BUY,4448.98,4746,4664,NONE,2,2,29.86,29.86,0.0,TP2,TP2,0,0,1,1,0,0,1,1,0,0,0,0,1,1,37.03,37.03,0.01,0.01,77,77,300.00,300.00,0,0,0,0,1,1
2026.05.28 17:32:00,BUY,4506.22,4747,4665,NONE,2,2,8.9,8.9,0.0,EMA->TP2,EMA->TP2,0,0,1,1,0,0,1,1,1,1,0,0,1,1,46.3,46.3,0.01,0.01,456,456,300.00,300.00,0,0,0,0,1,1
2026.05.29 01:09:00,BUY,4505.44,4748,4666,NONE,1,1,15.32,15.32,0.0,EMA->TP1,EMA->TP1,0,0,1,1,1,1,0,0,1,1,0,0,1,1,25.91,25.91,0.01,0.01,291,291,300.00,300.00,0,0,0,0,1,1
2026.05.29 13:44:00,SELL,4531.30,4749,4667,NONE,2,2,21.08,21.08,0.0,TP2,TP2,0,0,1,1,0,0,1,1,0,0,0,0,1,1,36.01,36.01,0.01,0.01,39,39,300.00,300.00,0,0,0,0,1,1
2026.05.29 14:24:00,SELL,4534.28,4750,4668,NONE,3,3,28.5,28.5,0.0,EMA->TP3,EMA->TP3,0,0,1,1,0,0,0,0,1,1,0,0,1,1,244.12,244.12,0.05,0.05,261,261,300.00,300.00,0,0,0,0,1,1
2026.05.31 23:23:00,SELL,4541.01,4751,4669,NONE,1,1,6.84,6.84,0.0,EMA->TP1,EMA->TP1,0,0,1,1,1,1,0,0,1,1,0,0,1,1,8.64,8.64,0.00,0.00,100,100,300.00,300.00,0,0,0,0,1,1
2026.06.01 02:20:00,SELL,4531.74,4752,4670,NONE,1,1,6.74,6.74,0.0,EMA->TP1,EMA->TP1,0,0,1,1,1,1,0,0,1,1,0,0,1,1,2.32,2.32,0.00,0.00,10,10,300.00,300.00,0,0,0,0,1,1
2026.06.01 04:42:00,BUY,4516.98,4753,4671,NONE,2,2,9.25,9.25,0.0,TP2,TP2,0,0,1,1,0,0,1,1,0,0,0,0,1,1,13.35,13.35,0.00,0.00,21,21,300.00,300.00,0,0,0,0,1,1
2026.06.01 05:16:00,SELL,4517.43,4754,4672,NONE,2,2,5.27,5.27,0.0,EMA->TP2,EMA->TP2,0,0,1,1,0,0,1,1,1,1,0,0,1,1,9.85,9.85,0.00,0.00,15,15,300.00,300.00,0,0,0,0,1,1
2026.06.02 15:05:00,SELL,4502.88,4755,4673,NONE,1,1,10.67,10.67,0.0,EMA->TP1,EMA->TP1,0,0,1,1,1,1,0,0,1,1,0,0,1,1,7.36,7.36,0.00,0.00,81,81,300.00,300.00,0,0,0,0,1,1
2026.06.02 16:42:00,BUY,4489.49,4756,4674,NONE,2,2,13.88,13.88,0.0,TP2,TP2,0,0,1,1,0,0,1,1,0,0,0,0,1,1,19.08,19.08,0.00,0.00,128,128,300.00,300.00,0,0,0,0,1,1
2026.06.02 20:02:00,SELL,4486.15,4757,4675,NONE,2,2,4.88,4.88,0.0,EMA->TP2,EMA->TP2,0,0,1,1,0,0,1,1,1,1,0,0,1,1,7.42,7.42,0.00,0.00,53,53,300.00,300.00,0,0,0,0,1,1
2026.06.03 16:30:00,BUY,4438.06,4758,4676,NONE,1,1,9.97,9.97,0.0,EMA->TP1,EMA->TP1,0,0,1,1,1,1,0,0,1,1,0,0,1,1,5.34,5.34,0.00,0.00,39,39,300.00,300.00,0,0,0,0,1,1
2026.06.03 17:24:00,BUY,4442.56,4759,4677,NONE,1,1,8.29,8.29,0.0,EMA->TP1,EMA->TP1,0,0,1,1,1,1,0,0,1,1,0,0,1,1,8.0,8.0,0.00,0.00,112,112,300.00,300.00,0,0,0,0,1,1
2026.06.04 20:30:00,BUY,4478.09,4760,4678,NONE,2,2,3.56,3.56,0.0,EMA->TP2,EMA->TP2,0,0,1,1,0,0,1,1,1,1,0,0,1,1,16.13,16.13,0.00,0.00,107,107,300.00,300.00,0,0,0,0,1,1
2026.06.05 02:04:00,BUY,4450.43,4761,4679,NONE,2,2,27.69,27.69,0.0,EMA->TP2,EMA->TP2,0,0,1,1,0,0,1,1,1,1,0,0,1,1,33.68,33.68,0.01,0.01,269,269,300.00,300.00,0,0,0,0,1,1
2026.06.05 11:27:01,BUY,4464.06,4762,4680,NONE,1,1,10.96,10.96,0.0,EMA->TP1,EMA->TP1,0,0,1,1,1,1,0,0,1,1,0,0,1,1,4.08,4.08,0.00,0.00,24,24,300.00,300.00,0,0,0,0,1,1
2026.06.05 19:21:00,BUY,4321.31,4763,4681,NONE,1,1,15.58,15.58,0.0,EMA->TP1,EMA->TP1,0,0,1,1,1,1,0,0,1,1,0,0,1,1,25.79,25.79,0.01,0.01,3136,3136,300.00,300.00,0,0,0,0,1,1
2026.06.08 13:20:00,BUY,4325.81,4764,4682,NONE,1,1,12.18,12.18,0.0,EMA->TP1,EMA->TP1,0,0,1,1,1,1,0,0,1,1,0,0,1,1,6.62,6.62,0.00,0.00,11,11,300.00,300.00,0,0,0,0,1,1
2026.06.08 19:22:00,BUY,4330.05,4765,4683,NONE,2,2,8.61,8.61,0.0,TP2,TP2,0,0,1,1,0,0,1,1,0,0,0,0,1,1,9.8,9.8,0.00,0.00,42,42,300.00,300.00,0,0,0,0,1,1
2026.06.08 20:05:00,BUY,4329.97,4766,4684,NONE,3,3,15.26,15.26,0.0,EMA->TP3,EMA->TP3,0,0,1,1,0,0,0,0,1,1,0,0,1,1,50.49,50.49,0.01,0.01,247,247,300.00,300.00,0,0,0,0,1,1
2026.06.09 12:33:00,BUY,4339.56,4767,4685,NONE,2,2,17.39,17.39,0.0,EMA->TP2,EMA->TP2,0,0,1,1,0,0,1,1,1,1,0,0,1,1,26.27,26.27,0.01,0.01,74,74,300.00,300.00,0,0,0,0,1,1
2026.06.10 07:08:00,BUY,4206.22,4768,4686,ALLOW,4,4,-300.29,-300.29,0.0,EMA->SL$,EMA->SL$,1,1,0,0,0,0,0,0,1,1,0,0,0,0,301.15,301.15,0.06,0.06,302,302,300.00,300.00,0,0,0,0,1,1
2026.06.11 09:13:00,BUY,4085.84,4769,4687,NONE,3,3,38.03,38.03,0.0,EMA->TP3,EMA->TP3,0,0,1,1,0,0,0,0,1,1,0,0,1,1,76.89,76.89,0.02,0.02,211,211,300.00,300.00,0,0,0,0,1,1
2026.06.12 00:58:00,BUY,4204.49,4770,4688,NONE,3,3,31.73,31.73,0.0,EMA->TP3,EMA->TP3,0,0,1,1,0,0,0,0,1,1,0,0,1,1,103.57,103.57,0.02,0.02,64,64,300.00,300.00,0,0,0,0,1,1
2026.06.12 05:07:04,BUY,4189.89,4771,4689,NONE,2,2,14.86,14.86,0.0,EMA->TP2,EMA->TP2,0,0,1,1,0,0,1,1,1,1,0,0,1,1,46.08,46.08,0.01,0.01,169,169,300.00,300.00,0,0,0,0,1,1
2026.06.12 09:23:00,SELL,4219.99,4772,4690,NONE,1,1,17.45,17.45,0.0,EMA->TP1,EMA->TP1,0,0,1,1,1,1,0,0,1,1,0,0,1,1,15.97,15.97,0.00,0.00,126,126,300.00,300.00,0,0,0,0,1,1
2026.06.14 22:39:00,BUY,4286.27,4773,4691,NONE,1,1,18.07,18.07,0.0,EMA->TP1,EMA->TP1,0,0,1,1,1,1,0,0,1,1,0,0,1,1,10.83,10.83,0.00,0.00,101,101,300.00,300.00,0,0,0,0,1,1
2026.06.15 00:30:00,SELL,4300.94,4774,4692,NONE,1,1,14.28,14.28,0.0,TP1,TP1,0,0,1,1,1,1,0,0,0,0,0,0,1,1,10.01,10.01,0.00,0.00,30,30,300.00,300.00,0,0,0,0,1,1
2026.06.15 05:33:00,SELL,4327.35,4775,4693,NONE,1,1,10.49,10.49,0.0,EMA->TP1,EMA->TP1,0,0,1,1,1,1,0,0,1,1,0,0,1,1,3.36,3.36,0.00,0.00,10,10,300.00,300.00,0,0,0,0,1,1
2026.06.15 05:59:00,BUY,4311.56,4776,4694,NONE,2,2,13.71,13.71,0.0,TP2,TP2,0,0,1,1,0,0,1,1,0,0,0,0,1,1,15.94,15.94,0.00,0.00,65,65,300.00,300.00,0,0,0,0,1,1
2026.06.15 17:58:00,BUY,4323.99,4777,4695,NONE,2,2,9.93,9.93,0.0,EMA->TP2,EMA->TP2,0,0,1,1,0,0,1,1,1,1,0,0,1,1,43.68,43.68,0.01,0.01,422,422,300.00,300.00,0,0,0,0,1,1
2026.06.16 04:36:00,BUY,4325.65,4778,4696,NONE,2,2,10.82,10.82,0.0,EMA->TP2,EMA->TP2,0,0,1,1,0,0,1,1,1,1,0,0,1,1,28.1,28.1,0.01,0.01,144,144,300.00,300.00,0,0,0,0,1,1
2026.06.16 08:48:00,SELL,4342.61,4779,4697,NONE,2,2,9.93,9.93,0.0,EMA->TP2,EMA->TP2,0,0,1,1,0,0,1,1,1,1,0,0,1,1,30.1,30.1,0.01,0.01,261,261,300.00,300.00,0,0,0,0,1,1
2026.06.16 16:21:00,SELL,4342.94,4780,4698,NONE,1,1,11.62,11.62,0.0,EMA->TP1,EMA->TP1,0,0,1,1,1,1,0,0,1,1,0,0,1,1,6.31,6.31,0.00,0.00,58,58,300.00,300.00,0,0,0,0,1,1
2026.06.16 23:49:00,BUY,4335.20,4781,4699,NONE,2,2,8.45,8.45,0.0,EMA->TP2,EMA->TP2,0,0,1,1,0,0,1,1,1,1,0,0,1,1,8.74,8.74,0.00,0.00,14,14,300.00,300.00,0,0,0,0,1,1
2026.06.17 12:21:00,BUY,4324.85,4782,4700,NONE,1,1,7.7,7.7,0.0,EMA->TP1,EMA->TP1,0,0,1,1,1,1,0,0,1,1,0,0,1,1,4.1,4.1,0.00,0.00,25,25,300.00,300.00,0,0,0,0,1,1
2026.06.17 13:55:00,SELL,4340.22,4783,4701,NONE,2,2,6.27,6.27,0.0,TP2,TP2,0,0,1,1,0,0,1,1,0,0,0,0,1,1,53.07,53.07,0.01,0.01,52,52,300.00,300.00,0,0,0,0,1,1
2026.06.17 23:30:00,SELL,4279.73,4784,4702,NONE,3,3,33.07,33.07,0.0,EMA->TP3,EMA->TP3,0,0,1,1,0,0,0,0,1,1,0,0,1,1,194.8,194.8,0.04,0.04,486,486,300.00,300.00,0,0,0,0,1,1
2026.06.18 18:13:00,SELL,4230.18,4785,4703,NONE,1,1,7.16,7.16,0.0,EMA->TP1,EMA->TP1,0,0,1,1,1,1,0,0,1,1,0,0,1,1,3.57,3.57,0.00,0.00,20,20,300.00,300.00,0,0,0,0,1,1
2026.06.19 00:24:00,BUY,4186.57,4786,4704,ALLOW,4,4,-300.39,-300.39,0.0,SL$,SL$,1,1,0,0,0,0,0,0,0,0,0,0,0,0,306.15,306.15,0.06,0.06,257,257,300.00,300.00,0,0,0,0,1,1
2026.06.19 14:27:00,BUY,4148.94,4787,4705,NONE,2,2,3.42,3.42,0.0,EMA->TP2,EMA->TP2,0,0,1,1,0,0,1,1,1,1,0,0,1,1,30.16,30.16,0.01,0.01,3333,3333,300.00,300.00,0,0,0,0,1,1
2026.06.21 23:57:00,BUY,4142.48,4788,4706,NONE,1,1,17.3,17.3,0.0,EMA->TP1,EMA->TP1,0,0,1,1,1,1,0,0,1,1,0,0,1,1,8.91,8.91,0.00,0.00,15,15,300.00,300.00,0,0,0,0,1,1
2026.06.22 03:54:00,BUY,4177.65,4789,4707,NONE,1,1,8.07,8.07,0.0,EMA->TP1,EMA->TP1,0,0,1,1,1,1,0,0,1,1,0,0,1,1,7.28,7.28,0.00,0.00,76,76,300.00,300.00,0,0,0,0,1,1
2026.06.22 11:56:00,BUY,4206.77,4790,4708,NONE,2,2,13.4,13.4,0.0,EMA->TP2,EMA->TP2,0,0,1,1,0,0,1,1,1,1,0,0,1,1,58.73,58.73,0.01,0.01,119,119,300.00,300.00,0,0,0,0,1,1
2026.06.23 06:00:00,BUY,4121.57,4791,4709,NONE,3,3,33.52,33.52,0.0,TP3,TP3,0,0,1,1,0,0,0,0,0,0,0,0,1,1,80.49,80.49,0.02,0.02,161,161,300.00,300.00,0,0,0,0,1,1
2026.06.23 11:51:00,BUY,4122.88,4792,4710,NONE,2,2,17.61,17.61,0.0,EMA->TP2,EMA->TP2,0,0,1,1,0,0,1,1,1,1,0,0,1,1,42.08,42.08,0.01,0.01,101,101,300.00,300.00,0,0,0,0,1,1
2026.06.23 20:26:00,BUY,4110.27,4793,4711,NONE,3,3,11.08,11.08,0.0,TP3,TP3,0,0,1,1,0,0,0,0,0,0,0,0,1,1,132.53,132.53,0.03,0.03,215,215,300.00,300.00,0,0,0,0,1,1
2026.06.24 04:23:00,BUY,4061.70,4794,4712,NONE,1,1,13.31,13.31,0.0,EMA->TP1,EMA->TP1,0,0,1,1,1,1,0,0,1,1,0,0,1,1,6.55,6.55,0.00,0.00,67,67,300.00,300.00,0,0,0,0,1,1
2026.06.24 23:10:00,BUY,3994.59,4795,4713,NONE,1,1,9.9,9.9,0.0,EMA->TP1,EMA->TP1,0,0,1,1,1,1,0,0,1,1,0,0,1,1,3.68,3.68,0.00,0.00,23,23,300.00,300.00,0,0,0,0,1,1
2026.06.25 11:00:00,BUY,3984.81,4796,4714,NONE,2,2,13.22,13.22,0.0,TP2,TP2,0,0,1,1,0,0,1,1,0,0,0,0,1,1,28.53,28.53,0.01,0.01,40,40,300.00,300.00,0,0,0,0,1,1
2026.06.25 11:41:00,BUY,3984.63,4797,4715,NONE,1,1,16.38,16.38,0.0,EMA->TP1,EMA->TP1,0,0,1,1,1,1,0,0,1,1,0,0,1,1,8.91,8.91,0.00,0.00,49,49,300.00,300.00,0,0,0,0,1,1
2026.06.25 22:28:00,BUY,4024.05,4798,4716,NONE,1,1,10.88,10.88,0.0,EMA->TP1,EMA->TP1,0,0,1,1,1,1,0,0,1,1,0,0,1,1,2.46,2.46,0.00,0.00,9,9,300.00,300.00,0,0,0,0,1,1
2026.06.26 08:08:00,BUY,4029.43,4799,4717,NONE,1,1,7.25,7.25,0.0,EMA->TP1,EMA->TP1,0,0,1,1,1,1,0,0,1,1,0,0,1,1,4.48,4.48,0.00,0.00,37,37,300.00,300.00,0,0,0,0,1,1
2026.06.26 11:56:00,BUY,4046.64,4800,4718,NONE,2,2,12.53,12.53,0.0,EMA->TP2,EMA->TP2,0,0,1,1,0,0,1,1,1,1,0,0,1,1,21.44,21.44,0.00,0.00,54,54,300.00,300.00,0,0,0,0,1,1
2026.06.26 15:52:00,SELL,4086.13,4801,4719,NONE,1,1,22.22,22.22,0.0,EMA->TP1,EMA->TP1,0,0,1,1,1,1,0,0,1,1,0,0,1,1,27.84,27.84,0.01,0.01,3264,3264,300.00,300.00,0,0,0,0,1,1
2026.06.29 00:22:00,SELL,4055.03,4802,4720,NONE,2,2,21.91,21.91,0.0,EMA->TP2,EMA->TP2,0,0,1,1,0,0,1,1,1,1,0,0,1,1,48.45,48.45,0.01,0.01,51,51,300.00,300.00,0,0,0,0,1,1
2026.06.29 01:14:00,SELL,4056.95,4803,4721,NONE,1,1,19.5,19.5,0.0,EMA->TP1,EMA->TP1,0,0,1,1,1,1,0,0,1,1,0,0,1,1,29.17,29.17,0.01,0.01,516,516,300.00,300.00,0,0,0,0,1,1
2026.06.30 19:19:00,BUY,4025.20,4804,4722,ALLOW,5,5,-302.07,-302.07,0.0,EMA->SL$,EMA->SL$,1,1,0,0,0,0,0,0,1,1,1,1,0,0,298.02,298.02,0.06,0.06,346,346,300.00,300.00,0,0,0,0,1,1
2026.07.01 14:56:00,BUY,4091.82,4805,4723,NONE,3,3,30.66,30.66,0.0,EMA->TP3,EMA->TP3,0,0,1,1,0,0,0,0,1,1,0,0,1,1,269.28,269.28,0.05,0.05,926,926,300.00,300.00,0,0,0,0,1,1
2026.07.02 10:20:00,BUY,4066.09,4806,4724,NONE,2,2,11.56,11.56,0.0,EMA->TP2,EMA->TP2,0,0,1,1,0,0,1,1,1,1,0,0,1,1,13.58,13.58,0.00,0.00,56,56,300.00,300.00,0,0,0,0,1,1
2026.07.03 05:10:00,SELL,4178.73,4807,4725,NONE,1,1,5.24,5.24,0.0,EMA->TP1,EMA->TP1,0,0,1,1,1,1,0,0,1,1,0,0,1,1,2.93,2.93,0.00,0.00,12,12,300.00,300.00,0,0,0,0,1,1
2026.07.03 08:09:00,SELL,4181.77,4808,4726,NONE,1,1,9.77,9.77,0.0,EMA->TP1,EMA->TP1,0,0,1,1,1,1,0,0,1,1,0,0,1,1,5.6,5.6,0.00,0.00,78,78,300.00,300.00,0,0,0,0,1,1
2026.07.03 10:30:00,SELL,4178.47,4809,4727,NONE,2,2,5.37,5.37,0.0,EMA->TP2,EMA->TP2,0,0,1,1,0,0,1,1,1,1,0,0,1,1,18.48,18.48,0.00,0.00,87,87,300.00,300.00,0,0,0,0,1,1
2026.07.06 01:51:00,SELL,4192.43,4810,4728,NONE,1,1,20.63,20.63,0.0,EMA->TP1,EMA->TP1,0,0,1,1,1,1,0,0,1,1,0,0,1,1,9.17,9.17,0.00,0.00,44,44,300.00,300.00,0,0,0,0,1,1
2026.07.06 02:39:00,BUY,4175.76,4811,4729,NONE,3,3,42.99,42.99,0.0,EMA->TP3,EMA->TP3,0,0,1,1,0,0,0,0,1,1,0,0,1,1,186.6,186.6,0.04,0.04,912,912,300.00,300.00,0,0,0,0,1,1
2026.07.07 00:21:00,BUY,4158.69,4812,4730,NONE,3,3,38.07,38.07,0.0,EMA->TP3,EMA->TP3,0,0,1,1,0,0,0,0,1,1,0,0,1,1,80.41,80.41,0.02,0.02,85,85,300.00,300.00,0,0,0,0,1,1
2026.07.07 14:17:00,BUY,4157.74,4813,4731,NONE,3,3,-308.21,-308.21,0.0,EMA->SL$,EMA->SL$,1,1,0,0,0,0,0,0,1,1,0,0,0,0,321.18,321.18,0.06,0.06,1095,1095,300.00,300.00,0,0,0,0,1,1
2026.07.08 10:39:00,SELL,4052.39,4814,4732,NONE,3,3,27.32,27.32,0.0,EMA->TP3,EMA->TP3,0,0,1,1,0,0,0,0,1,1,0,0,1,1,102.44,102.44,0.02,0.02,170,170,300.00,300.00,0,0,0,0,1,1
2026.07.08 22:33:00,BUY,4077.43,4815,4733,NONE,1,1,7.9,7.9,0.0,EMA->TP1,EMA->TP1,0,0,1,1,1,1,0,0,1,1,0,0,1,1,9.44,9.44,0.00,0.00,101,101,300.00,300.00,0,0,0,0,1,1
2026.07.09 23:37:02,BUY,4123.22,4816,4734,NONE,2,2,7.45,7.45,0.0,EMA->TP2,EMA->TP2,0,0,1,1,0,0,1,1,1,1,0,0,1,1,19.46,19.46,0.00,0.00,66,66,300.00,300.00,0,0,0,0,1,1
2026.07.10 01:22:00,SELL,4122.19,4817,4735,NONE,1,1,9.99,9.99,0.0,EMA->TP1,EMA->TP1,0,0,1,1,1,1,0,0,1,1,0,0,1,1,3.35,3.35,0.00,0.00,17,17,300.00,300.00,0,0,0,0,1,1
2026.07.10 05:16:00,BUY,4115.51,4818,4736,NONE,2,2,8.09,8.09,0.0,TP2,TP2,0,0,1,1,0,0,1,1,0,0,0,0,1,1,19.08,19.08,0.00,0.00,38,38,300.00,300.00,0,0,0,0,1,1
2026.07.10 10:54:00,BUY,4108.93,4819,4737,NONE,2,2,10.69,10.69,0.0,EMA->TP2,EMA->TP2,0,0,1,1,0,0,1,1,1,1,0,0,1,1,28.37,28.37,0.01,0.01,79,79,300.00,300.00,0,0,0,0,1,1
2026.07.10 16:05:00,SELL,4111.06,4820,4738,NONE,1,1,9.26,9.26,0.0,EMA->TP1,EMA->TP1,0,0,1,1,1,1,0,0,1,1,0,0,1,1,8.39,8.39,0.00,0.00,112,112,300.00,300.00,0,0,0,0,1,1
2026.07.10 19:26:00,SELL,4101.41,4821,4739,ALLOW,4,4,156.75,156.75,0.0,EMA->NET_BASKET_BE,EMA->NET_BASKET_BE,0,0,0,0,0,0,0,0,1,1,0,0,1,1,97.47,97.47,0.02,0.02,3034,3034,300.00,300.00,1,1,0,0,1,1
2026.07.14 10:38:00,BUY,4019.24,4822,4740,NONE,1,1,8.94,8.94,0.0,EMA->TP1,EMA->TP1,0,0,1,1,1,1,0,0,1,1,0,0,1,1,7.41,7.41,0.00,0.00,47,47,300.00,300.00,0,0,0,0,1,1
2026.07.14 14:08:00,BUY,4080.05,4823,4741,NONE,1,1,17.78,17.78,0.0,EMA->TP1,EMA->TP1,0,0,1,1,1,1,0,0,1,1,0,0,1,1,16.15,16.15,0.00,0.00,60,60,300.00,300.00,0,0,0,0,1,1
2026.07.15 00:12:00,BUY,4055.05,4824,4742,NONE,3,3,31.68,31.68,0.0,EMA->TP3,EMA->TP3,0,0,1,1,0,0,0,0,1,1,0,0,1,1,123.4,123.4,0.02,0.02,712,712,300.00,300.00,0,0,0,0,1,1
2026.07.15 19:38:00,BUY,4052.30,4825,4743,NONE,1,1,11.64,11.64,0.0,EMA->TP1,EMA->TP1,0,0,1,1,1,1,0,0,1,1,0,0,1,1,3.35,3.35,0.00,0.00,142,142,300.00,300.00,0,0,0,0,1,1
2026.07.16 00:40:00,SELL,4058.18,4826,4744,NONE,1,1,7.7,7.7,0.0,EMA->TP1,EMA->TP1,0,0,1,1,1,1,0,0,1,1,0,0,1,1,7.01,7.01,0.00,0.00,16,16,300.00,300.00,0,0,0,0,1,1
2026.07.16 09:36:00,BUY,4034.95,4827,4745,NONE,2,2,14.25,14.25,0.0,EMA->TP2,EMA->TP2,0,0,1,1,0,0,1,1,1,1,0,0,1,1,24.68,24.68,0.00,0.00,127,127,300.00,300.00,0,0,0,0,1,1
2026.07.16 23:36:00,BUY,3979.95,4828,4746,NONE,1,1,9.25,9.25,0.0,EMA->TP1,EMA->TP1,0,0,1,1,1,1,0,0,1,1,0,0,1,1,5.38,5.38,0.00,0.00,41,41,300.00,300.00,0,0,0,0,1,1
2026.07.17 05:12:00,BUY,3980.05,4829,4747,NONE,1,1,8.29,8.29,0.0,EMA->TP1,EMA->TP1,0,0,1,1,1,1,0,0,1,1,0,0,1,1,6.12,6.12,0.00,0.00,29,29,300.00,300.00,0,0,0,0,1,1
2026.07.20 14:53:00,SELL,4009.41,4830,4748,VETO,4,3,-301.07,-300.21,0.86,EMA->SL$,EMA->SL$,1,1,0,0,0,0,0,0,1,1,0,0,0,0,309.29,309.11,0.06,0.06,920,948,300.00,300.00,0,0,0,0,1,1
2026.07.21 09:29:00,SELL,4063.61,4831,4749,NONE,1,1,7.98,7.98,0.0,EMA->TP1,EMA->TP1,0,0,1,1,1,1,0,0,1,1,0,0,1,1,10.16,10.16,0.00,0.00,187,187,300.00,300.00,0,0,0,0,1,1
2026.07.21 14:21:00,SELL,4062.70,4832,4750,NONE,3,3,-300.14,-300.14,0.0,EMA->SL$,EMA->SL$,1,1,0,0,0,0,0,0,1,1,0,0,0,0,316.47,316.47,0.06,0.06,765,765,300.00,300.00,0,0,0,0,1,1
2026.07.22 09:16:00,SELL,4119.93,4833,4751,NONE,1,1,6.22,6.22,0.0,EMA->TP1,EMA->TP1,0,0,1,1,1,1,0,0,1,1,0,0,1,1,4.48,4.48,0.00,0.00,38,38,300.00,300.00,0,0,0,0,1,1
2026.07.23 12:40:00,BUY,4073.63,4834,4752,NONE,2,2,47.14,47.14,0.0,EMA->TP2,EMA->TP2,0,0,1,1,0,0,1,1,1,1,0,0,1,1,121.1,121.1,0.02,0.02,1520,1520,300.00,300.00,0,0,0,0,1,1
2026.07.24 14:50:00,BUY,4063.45,4835,4753,NONE,1,1,13.71,13.71,0.0,EMA->TP1,EMA->TP1,0,0,1,1,1,1,0,0,1,1,0,0,1,1,8.06,8.06,0.00,0.00,25,25,300.00,300.00,0,0,0,0,1,1
2026.07.24 16:55:00,BUY,4066.09,4836,4754,NONE,3,3,183.84,183.84,0.0,EMA->TP1->TP2->TP3,EMA->TP1->TP2->TP3,0,0,1,1,1,1,1,1,1,1,0,0,1,1,54.98,54.98,0.01,0.01,3185,3185,300.00,300.00,0,0,0,0,1,1
2026.07.27 20:41:00,BUY,4077.53,4837,4755,ALLOW,5,5,-301.28,-301.28,0.0,EMA->SL$,EMA->SL$,1,1,0,0,0,0,0,0,1,1,1,1,0,0,301.92,301.92,0.06,0.06,532,532,300.00,300.00,0,0,0,0,1,1
2026.07.28 06:46:00,SELL,4048.78,4838,4756,NONE,1,1,6.79,6.79,0.0,EMA->TP1,EMA->TP1,0,0,1,1,1,1,0,0,1,1,0,0,1,1,9.15,9.15,0.00,0.00,128,128,300.00,300.00,0,0,0,0,1,1
2026.07.28 13:35:00,BUY,4031.76,4839,4757,NONE,2,2,20.72,20.72,0.0,EMA->TP2,EMA->TP2,0,0,1,1,0,0,1,1,1,1,0,0,1,1,34.93,34.93,0.01,0.01,79,79,300.00,300.00,0,0,0,0,1,1
2026.07.28 15:04:00,SELL,4024.64,4840,4758,NONE,2,2,18.9,18.9,0.0,EMA->TP2,EMA->TP2,0,0,1,1,0,0,1,1,1,1,0,0,1,1,44.4,44.4,0.01,0.01,163,163,300.00,300.00,0,0,0,0,1,1
2026.07.30 01:58:00,SELL,4085.93,4841,4759,NONE,1,1,10.84,10.84,0.0,EMA->TP1,EMA->TP1,0,0,1,1,1,1,0,0,1,1,0,0,1,1,6.27,6.27,0.00,0.00,40,40,300.00,300.00,0,0,0,0,1,1
2026.07.30 04:06:00,SELL,4055.76,4842,4760,NONE,1,1,8.61,8.61,0.0,EMA->TP1,EMA->TP1,0,0,1,1,1,1,0,0,1,1,0,0,1,1,4.47,4.47,0.00,0.00,42,42,300.00,300.00,0,0,0,0,1,1
2026.07.30 18:16:00,SELL,4104.89,4843,4761,NONE,1,1,5.3,5.3,0.0,EMA->TP1,EMA->TP1,0,0,1,1,1,1,0,0,1,1,0,0,1,1,7.17,7.17,0.00,0.00,38,38,300.00,300.00,0,0,0,0,1,1
2026.07.31 06:05:00,BUY,4078.39,4844,4762,NONE,3,3,129.88,129.88,0.0,EMA->TP2->TP3,EMA->TP2->TP3,0,0,1,1,0,0,1,1,1,1,0,0,1,1,244.6,244.6,0.05,0.05,3835,3835,300.00,300.00,0,0,0,0,1,1
2026.08.03 23:20:10,BUY,4053.18,4845,4763,NONE,1,1,4.99,4.99,0.0,EMA->TP1,EMA->TP1,0,0,1,1,1,1,0,0,1,1,0,0,1,1,3.78,3.78,0.00,0.00,41,41,300.00,300.00,0,0,0,0,1,1
2026.08.04 14:18:00,SELL,4083.05,4846,4764,NONE,2,2,19.06,19.06,0.0,EMA->TP2,EMA->TP2,0,0,1,1,0,0,1,1,1,1,0,0,1,1,52.27,52.27,0.01,0.01,222,222,300.00,300.00,0,0,0,0,1,1
2026.08.05 03:46:00,BUY,4130.07,4847,4765,NONE,1,1,5.96,5.96,0.0,EMA->TP1,EMA->TP1,0,0,1,1,1,1,0,0,1,1,0,0,1,1,2.87,2.87,0.00,0.00,20,20,300.00,300.00,0,0,0,0,1,1
2026.08.05 20:58:00,BUY,4246.76,4848,4766,NONE,1,1,6.1,6.1,0.0,EMA->TP1,EMA->TP1,0,0,1,1,1,1,0,0,1,1,0,0,1,1,2.32,2.32,0.00,0.00,63,63,300.00,300.00,0,0,0,0,1,1
2026.08.06 05:36:00,BUY,4260.94,4849,4767,NONE,2,2,39.12,39.12,0.0,EMA->TP2,EMA->TP2,0,0,1,1,0,0,1,1,1,1,0,0,1,1,64.15,64.15,0.01,0.01,481,481,300.00,300.00,0,0,0,0,1,1
2026.08.07 13:09:00,BUY,4351.48,4850,4768,NONE,2,2,33.22,33.22,0.0,EMA->TP2,EMA->TP2,0,0,1,1,0,0,1,1,1,1,0,0,1,1,45.27,45.27,0.01,0.01,72,72,300.00,300.00,0,0,0,0,1,1
2026.08.07 15:07:00,BUY,4348.06,4851,4769,NONE,2,2,21.38,21.38,0.0,EMA->TP2,EMA->TP2,0,0,1,1,0,0,1,1,1,1,0,0,1,1,43.44,43.44,0.01,0.01,243,243,300.00,300.00,0,0,0,0,1,1
2026.08.10 09:02:00,BUY,4346.97,4852,4770,NONE,3,3,25.99,25.99,0.0,EMA->TP3,EMA->TP3,0,0,1,1,0,0,0,0,1,1,0,0,1,1,60.8,60.8,0.01,0.01,268,268,300.00,300.00,0,0,0,0,1,1
2026.08.11 05:59:00,BUY,4373.68,4853,4771,NONE,2,2,23.61,23.61,0.0,TP2,TP2,0,0,1,1,0,0,1,1,0,0,0,0,1,1,28.9,28.9,0.01,0.01,152,152,300.00,300.00,0,0,0,0,1,1
2026.08.13 02:05:00,BUY,4408.48,4854,4772,NONE,2,2,16.71,16.71,0.0,EMA->TP2,EMA->TP2,0,0,1,1,0,0,1,1,1,1,0,0,1,1,34.62,34.62,0.01,0.01,201,201,300.00,300.00,0,0,0,0,1,1
2026.08.13 08:14:00,BUY,4367.63,4855,4773,NONE,1,1,12.77,12.77,0.0,EMA->TP1,EMA->TP1,0,0,1,1,1,1,0,0,1,1,0,0,1,1,6.71,6.71,0.00,0.00,65,65,300.00,300.00,0,0,0,0,1,1
2026.08.13 11:57:00,BUY,4385.32,4856,4774,NONE,1,1,7.92,7.92,0.0,EMA->TP1,EMA->TP1,0,0,1,1,1,1,0,0,1,1,0,0,1,1,7.55,7.55,0.00,0.00,33,33,300.00,300.00,0,0,0,0,1,1
2026.08.13 13:40:00,BUY,4382.86,4857,4775,NONE,2,2,27.19,27.19,0.0,TP2,TP2,0,0,1,1,0,0,1,1,0,0,0,0,1,1,44.48,44.48,0.01,0.01,63,63,300.00,300.00,0,0,0,0,1,1
2026.08.13 15:37:00,BUY,4366.69,4858,4776,NONE,2,2,26.06,26.06,0.0,EMA->TP2,EMA->TP2,0,0,1,1,0,0,1,1,1,1,0,0,1,1,43.53,43.53,0.01,0.01,490,490,300.00,300.00,0,0,0,0,1,1
2026.08.14 00:55:00,BUY,4340.13,4859,4777,NONE,2,2,20.37,20.37,0.0,EMA->TP2,EMA->TP2,0,0,1,1,0,0,1,1,1,1,0,0,1,1,63.33,63.33,0.01,0.01,406,406,300.00,300.00,0,0,0,0,1,1
2026.08.17 09:43:00,BUY,4396.61,4860,4778,NONE,1,1,6.55,6.55,0.0,EMA->TP1,EMA->TP1,0,0,1,1,1,1,0,0,1,1,0,0,1,1,8.13,8.13,0.00,0.00,46,46,300.00,300.00,0,0,0,0,1,1
2026.08.17 12:13:00,BUY,4394.10,4861,4779,NONE,2,2,11.8,11.8,0.0,EMA->TP2,EMA->TP2,0,0,1,1,0,0,1,1,1,1,0,0,1,1,40.37,40.37,0.01,0.01,96,96,300.00,300.00,0,0,0,0,1,1
2026.08.17 20:39:00,BUY,4415.77,4862,4780,NONE,2,2,4.04,4.04,0.0,EMA->TP2,EMA->TP2,0,0,1,1,0,0,1,1,1,1,0,0,1,1,11.82,11.82,0.00,0.00,130,130,300.00,300.00,0,0,0,0,1,1
2026.08.18 04:11:00,BUY,4392.07,4863,4781,NONE,2,2,7.27,7.27,0.0,TP2,TP2,0,0,1,1,0,0,1,1,0,0,0,0,1,1,12.84,12.84,0.00,0.00,93,93,300.00,300.00,0,0,0,0,1,1
2026.08.18 13:04:00,BUY,4395.44,4864,4782,NONE,3,3,0.0,0.0,0.0,EOT_OPEN,EOT_OPEN,0,0,0,0,0,0,0,0,1,1,0,0,0,0,221.11,221.11,0.04,0.04,655,655,300.00,300.00,0,0,1,1,0,0
