sep=,
Group,Side,TF,Indicator,N,Mean,Median,Q25,Q75,Min,Max
ALL,ALL,M1,RSI,9605,43.545125,44.181928,30.289299,53.641891,3.924580,94.402145
ALL,ALL,M1,ADX,9605,32.225814,29.877954,22.904346,39.339352,9.852506,89.058620
ALL,ALL,M1,CCI,9605,-35.673074,-31.118992,-163.035357,94.336760,-466.666667,466.666667
ALL,ALL,M1,DI_PLUS,9605,17.632744,16.098343,10.973962,22.125624,0.632639,63.449951
ALL,ALL,M1,DI_MINUS,9605,23.630261,20.975922,15.215282,32.294925,0.844357,65.253018
ALL,ALL,M1,DI_GAP,9605,15.292395,12.390432,4.823000,24.641629,0.004206,60.382693
ALL,ALL,M1,ATR,9605,0.743102,0.417500,0.245000,0.785500,0.020750,20.077500
ALL,ALL,M1,ATR_PCT_PRICE,9605,0.034217,0.024915,0.015831,0.040363,0.001635,0.454561
ALL,ALL,M1,EMA200_DIST_POINTS,9605,361.129781,192.556138,86.702349,396.501040,0.019144,14063.641144
ALL,ALL,M1,EMA200_DIST_ATR,9605,-1.887160,-2.764457,-5.787905,2.248493,-53.209614,38.280843
ALL,ALL,M5,RSI,9605,44.042639,42.424045,32.854491,54.322764,5.435312,89.299286
ALL,ALL,M5,ADX,9605,33.007049,30.835302,23.728151,40.454990,8.736896,85.277864
ALL,ALL,M5,CCI,9605,-63.866453,-94.941010,-152.501357,37.721411,-466.666667,466.666667
ALL,ALL,M5,DI_PLUS,9605,15.204080,12.949052,8.940949,19.717110,0.838946,52.668924
ALL,ALL,M5,DI_MINUS,9605,22.986891,23.641566,15.440798,30.100106,0.887928,54.930700
ALL,ALL,M5,DI_GAP,9605,16.040756,15.717001,8.811650,22.492187,0.000576,50.541625
ALL,ALL,M5,ATR,9605,1.592809,0.968750,0.590000,1.685000,0.089500,40.461000
ALL,ALL,M5,ATR_PCT_PRICE,9605,0.072891,0.057122,0.038840,0.088151,0.006766,1.106264
ALL,ALL,M5,EMA200_DIST_POINTS,9605,658.597394,359.578747,159.903287,732.032902,0.077456,29877.625254
ALL,ALL,M5,EMA200_DIST_ATR,9605,-0.562336,-0.930986,-4.192798,3.045412,-54.339991,51.638209
ALL,ALL,M15,RSI,9601,46.320048,45.817707,36.619067,55.454691,7.383082,91.970111
ALL,ALL,M15,ADX,9601,30.324515,27.947805,22.009654,36.120226,9.519466,88.801384
ALL,ALL,M15,CCI,9601,-50.989138,-72.967089,-147.818343,48.568573,-466.666667,460.089673
ALL,ALL,M15,DI_PLUS,9601,15.995767,14.536240,10.239830,20.338319,0.523014,50.564303
ALL,ALL,M15,DI_MINUS,9601,21.642268,21.501857,15.040382,27.988152,1.117575,53.668770
ALL,ALL,M15,DI_GAP,9601,13.578441,12.562201,6.281373,19.565356,0.000067,47.698488
ALL,ALL,M15,ATR,9601,2.641683,1.627250,1.017250,2.827250,0.189750,72.907500
ALL,ALL,M15,ATR_PCT_PRICE,9601,0.121243,0.097362,0.067912,0.146374,0.014916,1.765338
ALL,ALL,M15,EMA200_DIST_POINTS,9601,1097.808594,629.332811,281.549218,1252.602124,0.003584,46096.915336
ALL,ALL,M15,EMA200_DIST_ATR,9601,0.029706,-0.199210,-3.858781,3.824171,-43.662902,50.689819
ALL,ALL,M30,RSI,9597,47.756132,47.422109,38.870293,56.450602,6.150629,90.201408
ALL,ALL,M30,ADX,9597,29.726515,27.228235,21.370840,35.916781,9.060608,88.928684
ALL,ALL,M30,CCI,9597,-35.673179,-43.182541,-128.409908,56.143073,-461.832537,466.666667
ALL,ALL,M30,DI_PLUS,9597,16.607947,15.607150,11.113716,21.193686,0.994415,48.531876
ALL,ALL,M30,DI_MINUS,9597,20.254960,19.881365,14.125667,25.827101,0.939926,50.810502
ALL,ALL,M30,DI_GAP,9597,11.988038,10.580885,5.125004,17.420031,0.004616,46.136577
ALL,ALL,M30,ATR,9597,3.726435,2.318000,1.462750,3.997750,0.337250,83.926750
ALL,ALL,M30,ATR_PCT_PRICE,9597,0.170974,0.139438,0.098448,0.206640,0.026588,2.032152
ALL,ALL,M30,EMA200_DIST_POINTS,9597,1498.415329,863.311662,382.655481,1695.935898,0.191241,59490.243776
ALL,ALL,M30,EMA200_DIST_ATR,9597,0.293752,0.307220,-3.345843,3.764966,-32.898006,39.846463
ALL,ALL,H1,RSI,9588,48.872658,48.576532,40.154946,57.829680,8.332642,88.217262
ALL,ALL,H1,ADX,9588,29.566801,27.455911,21.247475,35.452258,9.046572,86.962608
ALL,ALL,H1,CCI,9588,-20.194959,-21.527513,-104.622674,66.735799,-456.711993,370.926804
ALL,ALL,H1,DI_PLUS,9588,17.118657,16.222963,11.828849,21.519110,1.480411,48.366814
ALL,ALL,H1,DI_MINUS,9588,18.894220,18.277968,13.114984,24.039560,0.797203,50.758862
ALL,ALL,H1,DI_GAP,9588,11.103570,9.650120,4.454773,16.219382,0.002920,44.582425
ALL,ALL,H1,ATR,9588,5.322590,3.342500,2.135250,5.603125,0.486500,149.765000
ALL,ALL,H1,ATR_PCT_PRICE,9588,0.243412,0.200667,0.142783,0.292945,0.038584,3.234515
ALL,ALL,H1,EMA200_DIST_POINTS,9588,2045.976978,1185.787200,511.955260,2378.665509,0.117430,73020.813117
ALL,ALL,H1,EMA200_DIST_ATR,9588,0.502841,0.637460,-2.818433,3.918322,-29.594933,28.089176
ALL,ALL,H4,RSI,9515,50.286724,50.571054,42.105145,58.563641,10.416686,92.544762
ALL,ALL,H4,ADX,9515,29.985012,27.705482,21.516202,36.176877,8.408214,83.878545
ALL,ALL,H4,CCI,9515,-0.923417,1.226520,-82.674495,81.573393,-440.069959,366.579580
ALL,ALL,H4,DI_PLUS,9515,18.108258,17.398975,12.735211,22.794896,1.872096,56.664731
ALL,ALL,H4,DI_MINUS,9515,17.697245,17.115987,12.299633,22.415697,1.143058,50.113185
ALL,ALL,H4,DI_GAP,9515,10.727223,9.291681,4.311200,15.601611,0.003882,50.389069
ALL,ALL,H4,ATR,9515,10.334996,6.556250,4.340375,10.562500,0.958250,236.049000
ALL,ALL,H4,ATR_PCT_PRICE,9515,0.466784,0.397317,0.291225,0.549719,0.074491,5.034332
ALL,ALL,H4,EMA200_DIST_POINTS,9515,4260.843820,2486.156292,1105.209533,4988.600056,0.147989,83851.475473
ALL,ALL,H4,EMA200_DIST_ATR,9515,0.981735,0.922118,-2.671439,4.829287,-33.675090,23.536023
ALL,BUY,M1,RSI,7250,37.698414,36.885173,27.701323,48.051249,3.924580,90.967288
ALL,BUY,M1,ADX,7250,32.376695,29.934357,23.044839,39.491730,9.852506,89.058620
ALL,BUY,M1,CCI,7250,-65.057223,-69.592718,-181.554893,62.319217,-466.666667,466.471357
ALL,BUY,M1,DI_PLUS,7250,15.199351,14.321319,9.759844,19.604176,0.632639,55.825725
ALL,BUY,M1,DI_MINUS,7250,26.330303,24.577345,17.218555,34.914042,0.844357,65.253018
ALL,BUY,M1,DI_GAP,7250,15.608362,12.837102,4.987934,24.972970,0.005074,58.532849
ALL,BUY,M1,ATR,7250,0.766690,0.423250,0.246312,0.809437,0.020750,20.077500
ALL,BUY,M1,ATR_PCT_PRICE,7250,0.035088,0.025310,0.015937,0.041247,0.001635,0.424861
ALL,BUY,M1,EMA200_DIST_POINTS,7250,366.278291,188.738610,85.806123,396.464073,0.019144,14063.641144
ALL,BUY,M1,EMA200_DIST_ATR,7250,-3.977291,-4.142275,-6.673615,-1.327513,-53.209614,36.389538
ALL,BUY,M5,RSI,7250,38.203185,37.659868,30.392525,45.671094,5.435312,83.192331
ALL,BUY,M5,ADX,7250,32.929745,30.835481,23.727427,40.284635,8.736896,85.277864
ALL,BUY,M5,CCI,7250,-122.933302,-121.199907,-171.619045,-78.890151,-466.666667,437.513607
ALL,BUY,M5,DI_PLUS,7250,11.593367,10.927241,7.968646,14.529595,0.838946,41.478986
ALL,BUY,M5,DI_MINUS,7250,26.773639,26.639285,21.376443,32.028878,2.539130,54.930700
ALL,BUY,M5,DI_GAP,7250,16.115714,15.778585,8.811952,22.586607,0.000576,50.541625
ALL,BUY,M5,ATR,7250,1.625704,0.971750,0.590000,1.721750,0.095750,40.461000
ALL,BUY,M5,ATR_PCT_PRICE,7250,0.074050,0.057562,0.039078,0.089672,0.006766,0.838916
ALL,BUY,M5,EMA200_DIST_POINTS,7250,661.213736,357.815235,157.734803,729.671515,0.148117,29877.625254
ALL,BUY,M5,EMA200_DIST_ATR,7250,-1.436756,-1.879614,-4.769082,1.586333,-54.339991,51.638209
ALL,BUY,M15,RSI,7246,42.208358,42.186113,34.048238,50.108471,7.383082,83.351678
ALL,BUY,M15,ADX,7246,30.283045,27.952793,22.097640,35.985012,9.519466,88.801384
ALL,BUY,M15,CCI,7246,-101.116630,-113.986079,-166.027037,-32.578247,-466.666667,353.395771
ALL,BUY,M15,DI_PLUS,7246,13.143161,12.537534,9.185637,16.634063,0.523014,38.208274
ALL,BUY,M15,DI_MINUS,7246,24.553951,24.506974,19.185786,29.743868,1.117575,53.668770
ALL,BUY,M15,DI_GAP,7246,13.501915,12.469795,6.213748,19.538688,0.000067,47.698488
ALL,BUY,M15,ATR,7246,2.670549,1.622875,1.012750,2.884312,0.189750,72.907500
ALL,BUY,M15,ATR_PCT_PRICE,7246,0.122222,0.097547,0.067650,0.147220,0.014916,1.765338
ALL,BUY,M15,EMA200_DIST_POINTS,7246,1116.427402,638.650891,283.175886,1273.133469,0.003584,46096.915336
ALL,BUY,M15,EMA200_DIST_ATR,7246,-0.358781,-0.751673,-4.279415,3.228728,-43.662902,50.689819
ALL,BUY,M30,RSI,7242,44.802170,44.714847,36.659292,52.677699,6.150629,84.255953
ALL,BUY,M30,ADX,7242,29.815879,27.201311,21.388020,35.932024,9.060608,88.928684
ALL,BUY,M30,CCI,7242,-73.423622,-81.764785,-149.174254,11.871772,-461.832537,395.678942
ALL,BUY,M30,DI_PLUS,7242,14.566035,14.075255,10.113997,18.373759,0.994415,41.774133
ALL,BUY,M30,DI_MINUS,7242,22.295968,22.086969,16.715365,27.609418,0.939926,50.810502
ALL,BUY,M30,DI_GAP,7242,11.886268,10.542011,5.084702,17.187327,0.004616,46.136577
ALL,BUY,M30,ATR,7242,3.729941,2.306250,1.448813,4.029813,0.337250,83.926750
ALL,BUY,M30,ATR_PCT_PRICE,7242,0.171105,0.139268,0.098300,0.207085,0.026588,2.032152
ALL,BUY,M30,EMA200_DIST_POINTS,7242,1619.873096,960.758664,426.405294,1842.476273,0.191241,59490.243776
ALL,BUY,M30,EMA200_DIST_ATR,7242,0.040944,-0.116874,-4.020858,3.928153,-32.898006,39.846463
ALL,BUY,H1,RSI,7233,46.949573,46.681109,38.557875,55.208375,8.332642,88.217262
ALL,BUY,H1,ADX,7233,29.691678,27.525071,21.395495,35.366355,9.046572,86.962608
ALL,BUY,H1,CCI,7233,-44.722810,-48.260177,-123.449418,43.776536,-456.711993,370.926804
ALL,BUY,H1,DI_PLUS,7233,15.865386,15.151379,11.108057,19.830773,1.480411,44.711289
ALL,BUY,H1,DI_MINUS,7233,20.137660,19.716531,14.525019,25.317212,0.797203,50.758862
ALL,BUY,H1,DI_GAP,7233,11.015235,9.582805,4.373451,16.116633,0.002920,44.582425
ALL,BUY,H1,ATR,7233,5.310080,3.326000,2.122000,5.656500,0.486500,102.780750
ALL,BUY,H1,ATR_PCT_PRICE,7233,0.243109,0.200402,0.142339,0.293213,0.038584,2.719031
ALL,BUY,H1,EMA200_DIST_POINTS,7233,2332.685451,1423.353225,633.960748,2675.029937,0.117430,73020.813117
ALL,BUY,H1,EMA200_DIST_ATR,7233,0.303516,0.360315,-3.844397,4.483656,-29.594933,28.089176
ALL,BUY,H4,RSI,7182,49.502034,49.528517,40.556643,58.498921,10.416686,92.544762
ALL,BUY,H4,ADX,7182,30.803180,28.352724,21.779716,37.180709,8.408214,83.878545
ALL,BUY,H4,CCI,7182,-8.165310,-5.107841,-88.521321,73.304204,-440.069959,337.026131
ALL,BUY,H4,DI_PLUS,7182,17.829699,17.127504,12.453976,22.565438,1.872096,56.664731
ALL,BUY,H4,DI_MINUS,7182,17.944690,17.378268,12.403632,22.781554,1.143058,50.113185
ALL,BUY,H4,DI_GAP,7182,10.867605,9.287135,4.365705,15.794810,0.003882,50.389069
ALL,BUY,H4,ATR,7182,10.341887,6.580375,4.327938,10.647938,1.117000,233.702750
ALL,BUY,H4,ATR_PCT_PRICE,7182,0.467122,0.398829,0.292143,0.551302,0.086940,4.565576
ALL,BUY,H4,EMA200_DIST_POINTS,7182,4554.031303,2678.490717,1248.364965,5238.092520,0.692111,83851.475473
ALL,BUY,H4,EMA200_DIST_ATR,7182,0.890571,0.854933,-3.124004,5.094725,-33.675090,22.255066
ALL,SELL,M1,RSI,2355,61.544555,61.493557,52.346099,70.957869,18.402347,94.402145
ALL,SELL,M1,ADX,2355,31.761316,29.563655,22.498711,38.737651,10.384996,79.438587
ALL,SELL,M1,CCI,2355,54.787685,40.512290,-65.181555,170.450306,-377.184118,466.666667
ALL,SELL,M1,DI_PLUS,2355,25.124084,22.526175,16.602425,33.543943,1.002371,63.449951
ALL,SELL,M1,DI_MINUS,2355,15.318028,14.626812,9.988287,19.594768,1.547528,45.452125
ALL,SELL,M1,DI_GAP,2355,14.319673,10.768747,4.390750,23.383182,0.004206,60.382693
ALL,SELL,M1,ATR,2355,0.670484,0.408250,0.240125,0.729000,0.025500,15.577500
ALL,SELL,M1,ATR_PCT_PRICE,2355,0.031537,0.023802,0.015566,0.037900,0.001999,0.454561
ALL,SELL,M1,EMA200_DIST_POINTS,2355,345.279804,204.896033,89.298100,396.158038,0.050371,7994.606958
ALL,SELL,M1,EMA200_DIST_ATR,2355,4.547425,4.661501,1.831343,7.323248,-27.443550,38.280843
ALL,SELL,M5,RSI,2355,62.019727,62.622243,55.060273,69.102901,28.467317,89.299286
ALL,SELL,M5,ADX,2355,33.245033,30.830875,23.738509,40.882986,10.546171,84.626677
ALL,SELL,M5,CCI,2355,117.974164,115.564168,80.556848,162.014158,-253.711926,466.666667
ALL,SELL,M5,DI_PLUS,2355,26.319863,26.042616,21.193727,31.386765,4.184314,52.668924
ALL,SELL,M5,DI_MINUS,2355,11.329177,10.531075,7.670151,14.187546,0.887928,39.365465
ALL,SELL,M5,DI_GAP,2355,15.809993,15.535766,8.807824,22.132342,0.000858,49.014700
ALL,SELL,M5,ATR,2355,1.491539,0.957500,0.590000,1.594125,0.089500,29.692000
ALL,SELL,M5,ATR_PCT_PRICE,2355,0.069326,0.055847,0.038170,0.085162,0.006941,1.106264
ALL,SELL,M5,EMA200_DIST_POINTS,2355,650.542839,365.543807,166.341122,738.208949,0.077456,12473.519245
ALL,SELL,M5,EMA200_DIST_ATR,2355,2.129616,2.587851,-0.954028,5.558996,-35.014538,29.288051
ALL,SELL,M15,RSI,2355,58.971132,59.073204,51.360617,66.873133,20.458539,91.970111
ALL,SELL,M15,ADX,2355,30.452114,27.906010,21.771959,36.524986,10.006772,81.746089
ALL,SELL,M15,CCI,2355,103.246024,114.794722,48.943707,161.858106,-187.254219,460.089673
ALL,SELL,M15,DI_PLUS,2355,24.772831,24.493146,19.499391,29.750731,3.007170,50.564303
ALL,SELL,M15,DI_MINUS,2355,12.683436,12.179086,8.856674,15.998473,1.436306,35.095005
ALL,SELL,M15,DI_GAP,2355,13.813901,12.890503,6.564858,19.685541,0.010687,46.502785
ALL,SELL,M15,ATR,2355,2.552866,1.640750,1.032125,2.704625,0.204500,46.659000
ALL,SELL,M15,ATR_PCT_PRICE,2355,0.118234,0.097014,0.068979,0.143932,0.016017,1.363695
ALL,SELL,M15,EMA200_DIST_POINTS,2355,1040.521170,597.117967,277.338879,1171.814451,0.141780,37114.917457
ALL,SELL,M15,EMA200_DIST_ATR,2355,1.225026,1.443409,-2.138997,4.792169,-30.514051,32.032510
ALL,SELL,M30,RSI,2355,56.840034,56.899704,48.809032,65.163369,15.823347,90.201408
ALL,SELL,M30,ADX,2355,29.451709,27.328441,21.308142,35.883028,10.723586,77.244896
ALL,SELL,M30,CCI,2355,80.415444,91.367021,4.710188,148.358530,-263.984359,466.666667
ALL,SELL,M30,DI_PLUS,2355,22.887151,22.617642,17.431925,28.180368,1.527606,48.531876
ALL,SELL,M30,DI_MINUS,2355,13.978535,13.335967,9.834022,17.685078,1.785601,38.856283
ALL,SELL,M30,DI_GAP,2355,12.300996,10.803940,5.190714,18.119767,0.013876,43.980848
ALL,SELL,M30,ATR,2355,3.715653,2.337000,1.515375,3.838750,0.367000,80.369250
ALL,SELL,M30,ATR_PCT_PRICE,2355,0.170572,0.139662,0.099101,0.205105,0.028744,1.735756
ALL,SELL,M30,EMA200_DIST_POINTS,2355,1124.913355,620.689246,270.044757,1268.753341,0.578001,44750.927222
ALL,SELL,M30,EMA200_DIST_ATR,2355,1.071175,1.124966,-1.323081,3.482396,-20.984006,22.493132
ALL,SELL,H1,RSI,2355,54.779100,55.141665,46.282764,63.386817,14.317837,85.704768
ALL,SELL,H1,ADX,2355,29.183260,27.274993,20.824453,35.714328,10.034772,73.767288
ALL,SELL,H1,CCI,2355,55.138353,64.158680,-29.183138,131.511243,-317.081384,340.230503
ALL,SELL,H1,DI_PLUS,2355,20.967874,20.507141,14.871249,26.458282,1.835689,48.366814
ALL,SELL,H1,DI_MINUS,2355,15.075197,14.359723,10.373527,19.114944,2.720608,45.493573
ALL,SELL,H1,DI_GAP,2355,11.374877,9.795850,4.667429,16.796465,0.015439,42.267830
ALL,SELL,H1,ATR,2355,5.361012,3.390000,2.181125,5.427375,0.693250,149.765000
ALL,SELL,H1,ATR_PCT_PRICE,2355,0.244344,0.201281,0.144225,0.292649,0.053215,3.234515
ALL,SELL,H1,EMA200_DIST_POINTS,2355,1165.398472,675.944141,297.176406,1358.661415,0.542915,39321.504565
ALL,SELL,H1,EMA200_DIST_ATR,2355,1.115036,1.048759,-0.772848,2.876819,-17.188036,14.778435
ALL,SELL,H4,RSI,2333,52.702344,52.535929,46.853732,58.690834,17.785616,85.496997
ALL,SELL,H4,ADX,2333,27.466333,26.158105,20.647872,33.008973,10.900567,74.847449
ALL,SELL,H4,CCI,2333,21.370314,29.311733,-66.405253,104.153415,-334.656554,366.579580
ALL,SELL,H4,DI_PLUS,2333,18.965785,18.206091,13.682353,23.746981,2.181577,48.385709
ALL,SELL,H4,DI_MINUS,2333,16.935499,16.189649,12.065029,21.124424,3.497262,45.023627
ALL,SELL,H4,DI_GAP,2333,10.295065,9.338471,4.138828,14.933479,0.006167,42.927261
ALL,SELL,H4,ATR,2333,10.313785,6.506000,4.368000,10.375000,0.958250,236.049000
ALL,SELL,H4,ATR_PCT_PRICE,2333,0.465746,0.393535,0.287972,0.540963,0.074491,5.034332
ALL,SELL,H4,EMA200_DIST_POINTS,2333,3358.283808,1935.594733,785.667628,4064.459790,0.147989,43298.482266
ALL,SELL,H4,EMA200_DIST_ATR,2333,1.262379,1.077430,-1.633359,4.136423,-17.769717,23.536023
SETUP_STOP,ALL,M1,RSI,383,35.919782,30.300000,23.121557,46.983713,4.751411,94.402145
SETUP_STOP,ALL,M1,ADX,383,37.092555,33.697616,25.671674,47.991208,14.096593,89.058620
SETUP_STOP,ALL,M1,CCI,383,-105.560056,-155.175086,-213.037682,21.842030,-466.666667,466.666667
SETUP_STOP,ALL,M1,DI_PLUS,383,14.870090,11.774160,7.692334,19.528907,0.894981,54.038483
SETUP_STOP,ALL,M1,DI_MINUS,383,29.352170,31.977614,18.093811,38.176391,4.025350,58.632991
SETUP_STOP,ALL,M1,DI_GAP,383,22.238146,23.845249,12.272755,31.077932,0.179042,57.285740
SETUP_STOP,ALL,M1,ATR,383,1.906974,1.115000,0.448125,2.237000,0.077000,19.901500
SETUP_STOP,ALL,M1,ATR_PCT_PRICE,383,0.065654,0.047755,0.027150,0.085222,0.005816,0.416671
SETUP_STOP,ALL,M1,EMA200_DIST_POINTS,383,1017.462907,489.510508,190.640963,1163.114923,3.367892,12329.541680
SETUP_STOP,ALL,M1,EMA200_DIST_ATR,383,-3.621554,-4.610319,-6.878805,-1.078742,-18.004947,12.725981
SETUP_STOP,ALL,M5,RSI,383,36.927803,33.056427,24.020094,46.343020,8.049822,88.218530
SETUP_STOP,ALL,M5,ADX,383,35.638875,33.590787,25.876457,44.135835,10.757575,77.573579
SETUP_STOP,ALL,M5,CCI,383,-118.535894,-149.670807,-207.829835,-82.512686,-438.706121,466.666667
SETUP_STOP,ALL,M5,DI_PLUS,383,12.890517,10.224188,7.212482,15.498110,1.210981,47.996007
SETUP_STOP,ALL,M5,DI_MINUS,383,27.630714,28.778045,20.930918,34.505627,3.288107,53.992585
SETUP_STOP,ALL,M5,DI_GAP,383,20.375387,20.763168,12.680108,27.571861,0.045010,49.809634
SETUP_STOP,ALL,M5,ATR,383,3.709526,1.996500,0.920500,4.409125,0.137750,30.328250
SETUP_STOP,ALL,M5,ATR_PCT_PRICE,383,0.125848,0.100164,0.054127,0.157648,0.012022,0.733809
SETUP_STOP,ALL,M5,EMA200_DIST_POINTS,383,1608.389155,768.715612,284.650173,1762.329568,0.150749,24035.769164
SETUP_STOP,ALL,M5,EMA200_DIST_ATR,383,-2.116667,-3.042559,-5.110818,0.264215,-16.976156,23.130177
SETUP_STOP,ALL,M15,RSI,383,39.435790,35.931094,26.980079,48.781258,7.383082,91.499408
SETUP_STOP,ALL,M15,ADX,383,32.424896,30.027949,23.067195,38.989556,12.993218,75.727303
SETUP_STOP,ALL,M15,CCI,383,-101.001585,-141.226335,-198.625787,-13.800613,-444.832311,460.089673
SETUP_STOP,ALL,M15,DI_PLUS,383,14.050174,11.790192,8.284558,18.050458,1.792282,43.832227
SETUP_STOP,ALL,M15,DI_MINUS,383,25.367266,26.314937,19.464209,32.236928,1.436306,46.035746
SETUP_STOP,ALL,M15,DI_GAP,383,17.345221,16.998897,9.087749,23.860791,0.011596,40.437981
SETUP_STOP,ALL,M15,ATR,383,5.595768,2.861750,1.377625,7.039125,0.410000,46.938000
SETUP_STOP,ALL,M15,ATR_PCT_PRICE,383,0.188925,0.140033,0.089255,0.248571,0.025814,1.036911
SETUP_STOP,ALL,M15,EMA200_DIST_POINTS,383,2311.385628,953.791110,423.359705,2256.691218,3.074140,37114.917457
SETUP_STOP,ALL,M15,EMA200_DIST_ATR,383,-1.257895,-1.997742,-4.633066,1.478729,-14.596478,22.714642
SETUP_STOP,ALL,M30,RSI,383,41.540591,39.970807,30.469436,50.425939,7.388724,86.370149
SETUP_STOP,ALL,M30,ADX,383,32.294917,29.021304,22.572697,38.724067,11.828949,75.143723
SETUP_STOP,ALL,M30,CCI,383,-90.079263,-125.377245,-188.621565,4.753418,-401.030960,405.107159
SETUP_STOP,ALL,M30,DI_PLUS,383,14.144590,12.772692,8.178813,18.389236,1.231115,44.898264
SETUP_STOP,ALL,M30,DI_MINUS,383,24.141006,25.040951,18.234820,30.986605,2.795562,43.250407
SETUP_STOP,ALL,M30,DI_GAP,383,15.870075,15.311659,7.674512,22.564516,0.051849,40.472092
SETUP_STOP,ALL,M30,ATR,383,7.373619,3.811250,1.882500,8.811250,0.705000,80.369250
SETUP_STOP,ALL,M30,ATR_PCT_PRICE,383,0.248535,0.181977,0.120732,0.305984,0.046815,1.735756
SETUP_STOP,ALL,M30,EMA200_DIST_POINTS,383,3019.413286,1332.997088,561.313670,2860.110214,6.193672,44750.927222
SETUP_STOP,ALL,M30,EMA200_DIST_ATR,383,-0.829631,-1.168254,-4.814766,2.540844,-19.280914,24.473387
SETUP_STOP,ALL,H1,RSI,383,43.335580,42.909062,33.371258,51.315319,8.332642,78.643192
SETUP_STOP,ALL,H1,ADX,383,30.650506,28.757424,22.119627,36.625586,9.981282,77.345545
SETUP_STOP,ALL,H1,CCI,383,-79.726329,-104.217933,-174.879069,15.050623,-384.317687,294.023134
SETUP_STOP,ALL,H1,DI_PLUS,383,14.733226,13.051071,9.888076,18.120434,2.256454,44.671722
SETUP_STOP,ALL,H1,DI_MINUS,383,22.837398,23.492347,15.843618,28.768998,4.789705,44.602461
SETUP_STOP,ALL,H1,DI_GAP,383,14.261588,13.544983,6.468366,20.833004,0.002920,41.716917
SETUP_STOP,ALL,H1,ATR,383,9.992967,4.987500,2.705500,11.454125,0.847750,149.765000
SETUP_STOP,ALL,H1,ATR_PCT_PRICE,383,0.333701,0.259377,0.178447,0.378535,0.068104,3.234515
SETUP_STOP,ALL,H1,EMA200_DIST_POINTS,383,3983.519873,1745.191374,831.561169,3981.832344,0.284519,48792.421407
SETUP_STOP,ALL,H1,EMA200_DIST_ATR,383,-0.554392,0.043662,-4.898950,3.516985,-15.527422,13.198103
SETUP_STOP,ALL,H4,RSI,378,46.453352,46.764682,36.597372,55.793161,10.416686,83.987652
SETUP_STOP,ALL,H4,ADX,378,29.281830,27.350433,21.315274,35.478789,10.946815,64.826878
SETUP_STOP,ALL,H4,CCI,378,-38.354346,-36.235238,-131.763173,40.774754,-340.041631,306.199274
SETUP_STOP,ALL,H4,DI_PLUS,378,16.164730,15.212600,11.366998,20.698636,1.872096,33.386573
SETUP_STOP,ALL,H4,DI_MINUS,378,20.238758,19.068833,13.874592,25.876160,4.164351,50.113185
SETUP_STOP,ALL,H4,DI_GAP,378,11.416711,9.432407,4.944648,16.935815,0.050035,42.513753
SETUP_STOP,ALL,H4,ATR,378,19.558448,9.026625,4.792250,24.616875,1.958750,236.049000
SETUP_STOP,ALL,H4,ATR_PCT_PRICE,378,0.621336,0.469037,0.303253,0.730867,0.136208,5.034332
SETUP_STOP,ALL,H4,EMA200_DIST_POINTS,378,7557.763725,3630.139482,1410.555266,9131.047590,9.541926,73598.699004
SETUP_STOP,ALL,H4,EMA200_DIST_ATR,378,0.277668,0.369227,-3.410036,4.197454,-13.458563,19.108330
SETUP_STOP,BUY,M1,RSI,328,30.359274,27.644959,21.662206,35.769775,4.751411,80.813131
SETUP_STOP,BUY,M1,ADX,328,36.800388,33.357371,25.280086,47.550379,14.096593,89.058620
SETUP_STOP,BUY,M1,CCI,328,-146.535965,-169.004303,-224.550403,-107.538994,-466.666667,281.504760
SETUP_STOP,BUY,M1,DI_PLUS,328,12.114237,11.110010,6.805449,16.395523,0.894981,37.376396
SETUP_STOP,BUY,M1,DI_MINUS,328,32.253488,33.289281,25.715547,39.283989,6.387880,58.632991
SETUP_STOP,BUY,M1,DI_GAP,328,22.253774,23.783724,12.582961,31.304185,0.204886,57.285740
SETUP_STOP,BUY,M1,ATR,328,1.909158,1.106500,0.459375,2.226875,0.077000,19.901500
SETUP_STOP,BUY,M1,ATR_PCT_PRICE,328,0.065435,0.047577,0.027602,0.085777,0.005816,0.416671
SETUP_STOP,BUY,M1,EMA200_DIST_POINTS,328,1020.321508,499.941577,188.532276,1162.734876,3.367892,12329.541680
SETUP_STOP,BUY,M1,EMA200_DIST_ATR,328,-5.162422,-5.095712,-7.197186,-3.276515,-18.004947,10.596389
SETUP_STOP,BUY,M5,RSI,328,31.593338,30.100786,23.058457,37.936781,8.049822,70.975830
SETUP_STOP,BUY,M5,ADX,328,36.013358,34.044944,25.980523,44.906909,10.757575,77.573579
SETUP_STOP,BUY,M5,CCI,328,-166.908304,-161.411541,-220.896795,-119.654160,-438.706121,398.437288
SETUP_STOP,BUY,M5,DI_PLUS,328,10.066410,9.465682,6.745214,12.409639,1.210981,29.649484
SETUP_STOP,BUY,M5,DI_MINUS,328,30.294761,30.399792,25.284857,35.704317,11.700342,53.992585
SETUP_STOP,BUY,M5,DI_GAP,328,20.649356,21.391678,12.657037,28.059349,0.045010,49.809634
SETUP_STOP,BUY,M5,ATR,328,3.698821,2.004750,0.937500,4.430000,0.137750,30.328250
SETUP_STOP,BUY,M5,ATR_PCT_PRICE,328,0.125919,0.099963,0.054565,0.163853,0.012022,0.733809
SETUP_STOP,BUY,M5,EMA200_DIST_POINTS,328,1603.140311,767.850346,284.867329,1757.340826,0.150749,24035.769164
SETUP_STOP,BUY,M5,EMA200_DIST_ATR,328,-3.098808,-3.580122,-5.511185,-1.223051,-16.976156,23.130177
SETUP_STOP,BUY,M15,RSI,328,34.841478,33.356185,25.812270,43.349981,7.383082,69.830945
SETUP_STOP,BUY,M15,ADX,328,32.181185,30.219286,23.216430,38.928522,12.993218,72.820933
SETUP_STOP,BUY,M15,CCI,328,-146.637059,-158.719825,-209.293742,-88.115059,-444.832311,274.163053
SETUP_STOP,BUY,M15,DI_PLUS,328,11.588301,10.782587,7.813596,14.955576,1.792282,29.603000
SETUP_STOP,BUY,M15,DI_MINUS,328,27.782073,28.039123,21.700152,33.226566,7.979970,46.035746
SETUP_STOP,BUY,M15,DI_GAP,328,17.253572,17.212476,8.962865,24.016936,0.011596,38.615627
SETUP_STOP,BUY,M15,ATR,328,5.495266,3.071625,1.361125,6.867500,0.410000,46.938000
SETUP_STOP,BUY,M15,ATR_PCT_PRICE,328,0.187325,0.140129,0.089367,0.246072,0.025814,1.036911
SETUP_STOP,BUY,M15,EMA200_DIST_POINTS,328,2190.306000,969.282011,427.989128,2268.521953,3.074140,34559.455093
SETUP_STOP,BUY,M15,EMA200_DIST_ATR,328,-1.942712,-2.396713,-4.896787,0.061019,-14.596478,22.714642
SETUP_STOP,BUY,M30,RSI,328,37.790334,36.625658,28.602998,45.565431,7.388724,71.998063
SETUP_STOP,BUY,M30,ADX,328,32.218181,28.736336,22.600890,38.448067,11.828949,75.143723
SETUP_STOP,BUY,M30,CCI,328,-128.728262,-145.140986,-193.769662,-61.255733,-401.030960,249.749215
SETUP_STOP,BUY,M30,DI_PLUS,328,12.082136,11.575867,7.535091,15.232379,1.231115,32.749528
SETUP_STOP,BUY,M30,DI_MINUS,328,26.274946,26.804069,20.646563,32.047415,6.279110,43.250407
SETUP_STOP,BUY,M30,DI_GAP,328,15.944988,15.478593,7.980537,22.724380,0.051849,40.472092
SETUP_STOP,BUY,M30,ATR,328,7.095139,4.075750,1.857500,8.565750,0.705000,57.485500
SETUP_STOP,BUY,M30,ATR_PCT_PRICE,328,0.243420,0.183218,0.121955,0.304800,0.046815,1.269917
SETUP_STOP,BUY,M30,EMA200_DIST_POINTS,328,2961.511581,1406.997157,619.675296,2929.134333,6.193672,41833.681021
SETUP_STOP,BUY,M30,EMA200_DIST_ATR,328,-1.383845,-1.626423,-5.148721,1.668757,-19.280914,24.473387
SETUP_STOP,BUY,H1,RSI,328,40.444716,39.656294,31.290765,48.533873,8.332642,75.398346
SETUP_STOP,BUY,H1,ADX,328,30.752007,28.456995,22.356419,36.618456,9.981282,77.345545
SETUP_STOP,BUY,H1,CCI,328,-109.886734,-123.168892,-189.115357,-36.653570,-384.317687,174.139057
SETUP_STOP,BUY,H1,DI_PLUS,328,13.131035,12.206646,9.312528,16.767787,2.256454,34.735422
SETUP_STOP,BUY,H1,DI_MINUS,328,24.434270,24.656549,18.308560,30.056273,5.689182,44.602461
SETUP_STOP,BUY,H1,DI_GAP,328,14.312191,13.588636,6.042934,21.017359,0.002920,41.716917
SETUP_STOP,BUY,H1,ATR,328,9.495439,5.276500,2.717375,11.387812,1.140000,78.166500
SETUP_STOP,BUY,H1,ATR_PCT_PRICE,328,0.325131,0.259623,0.184421,0.376542,0.068104,1.499974
SETUP_STOP,BUY,H1,EMA200_DIST_POINTS,328,4154.009337,1881.835776,958.672595,4239.384982,0.284519,48792.421407
SETUP_STOP,BUY,H1,EMA200_DIST_ATR,328,-1.007843,-0.552876,-5.397956,3.290025,-15.527422,13.198103
SETUP_STOP,BUY,H4,RSI,323,44.700717,44.520525,34.629400,53.104152,10.416686,83.987652
SETUP_STOP,BUY,H4,ADX,323,30.174091,28.413798,22.399285,37.213314,10.946815,64.826878
SETUP_STOP,BUY,H4,CCI,323,-58.264965,-57.215369,-141.189928,17.109270,-340.041631,175.854033
SETUP_STOP,BUY,H4,DI_PLUS,323,15.328018,14.810096,11.040667,19.717583,1.872096,30.619837
SETUP_STOP,BUY,H4,DI_MINUS,323,21.064139,19.955904,14.844111,26.352834,4.164351,50.113185
SETUP_STOP,BUY,H4,DI_GAP,323,11.560229,9.389105,4.883341,17.026852,0.050035,42.513753
SETUP_STOP,BUY,H4,ATR,323,18.987240,9.511250,4.676500,25.286750,1.958750,233.702750
SETUP_STOP,BUY,H4,ATR_PCT_PRICE,323,0.608977,0.469475,0.303310,0.734202,0.136208,4.380050
SETUP_STOP,BUY,H4,EMA200_DIST_POINTS,323,7934.190965,3767.839812,1591.844279,9576.473854,49.869615,73598.699004
SETUP_STOP,BUY,H4,EMA200_DIST_ATR,323,0.266381,0.443919,-3.954456,4.278563,-13.458563,19.108330
SETUP_STOP,SELL,M1,RSI,55,69.080630,71.411668,62.764664,77.917884,31.225869,94.402145
SETUP_STOP,SELL,M1,ADX,55,38.834929,37.019992,28.630097,48.232742,14.489365,72.220979
SETUP_STOP,SELL,M1,CCI,55,138.805368,157.756779,102.398848,211.944937,-196.451589,466.666667
SETUP_STOP,SELL,M1,DI_PLUS,55,31.304994,32.326696,22.877107,38.539260,6.913792,54.038483
SETUP_STOP,SELL,M1,DI_MINUS,55,12.049768,8.929101,6.611761,15.149434,4.025350,32.984448
SETUP_STOP,SELL,M1,DI_GAP,55,22.144945,24.052899,12.168130,30.675238,0.179042,49.283239
SETUP_STOP,SELL,M1,ATR,55,1.893950,1.130750,0.387000,2.341250,0.125000,15.577500
SETUP_STOP,SELL,M1,ATR_PCT_PRICE,55,0.066956,0.052844,0.023641,0.084012,0.009913,0.332229
SETUP_STOP,SELL,M1,EMA200_DIST_POINTS,55,1000.415246,448.997026,193.621916,1178.405588,9.043365,7994.606958
SETUP_STOP,SELL,M1,EMA200_DIST_ATR,55,5.567618,5.491807,3.933438,7.677764,-1.339591,12.725981
SETUP_STOP,SELL,M5,RSI,55,68.740615,68.051263,62.081745,75.880688,43.457285,88.218530
SETUP_STOP,SELL,M5,ADX,55,33.405595,30.434461,24.640762,40.218407,17.598168,65.154404
SETUP_STOP,SELL,M5,CCI,55,169.939569,147.492254,116.471732,219.815979,-82.054365,466.666667
SETUP_STOP,SELL,M5,DI_PLUS,55,29.732465,30.206538,23.494478,34.297423,15.502530,47.996007
SETUP_STOP,SELL,M5,DI_MINUS,55,11.743305,10.384817,8.320109,14.489999,3.288107,30.382731
SETUP_STOP,SELL,M5,DI_GAP,55,18.741531,18.220756,13.438787,25.639195,2.296083,44.122956
SETUP_STOP,SELL,M5,ATR,55,3.773368,1.875250,0.761250,4.275000,0.372250,29.692000
SETUP_STOP,SELL,M5,ATR_PCT_PRICE,55,0.125427,0.102618,0.051326,0.149984,0.029521,0.633256
SETUP_STOP,SELL,M5,EMA200_DIST_POINTS,55,1639.691357,800.203414,308.573935,1802.235288,7.747451,12473.519245
SETUP_STOP,SELL,M5,EMA200_DIST_ATR,55,3.740466,4.107510,1.508599,6.551971,-6.434800,11.464061
SETUP_STOP,SELL,M15,RSI,55,66.834601,65.783124,58.840547,76.424922,43.559265,91.499408
SETUP_STOP,SELL,M15,ADX,55,33.878306,29.574907,22.526907,39.063316,13.916957,75.727303
SETUP_STOP,SELL,M15,CCI,55,171.151785,153.870284,110.878919,209.168435,-48.789366,460.089673
SETUP_STOP,SELL,M15,DI_PLUS,55,28.731892,29.282950,21.855799,34.360374,18.860700,43.832227
SETUP_STOP,SELL,M15,DI_MINUS,55,10.966232,9.249300,6.679258,14.186443,1.436306,25.924517
SETUP_STOP,SELL,M15,DI_GAP,55,17.891779,16.709609,9.990312,23.054535,0.335569,40.437981
SETUP_STOP,SELL,M15,ATR,55,6.195123,2.672500,1.469250,7.346250,0.533000,46.659000
SETUP_STOP,SELL,M15,ATR_PCT_PRICE,55,0.198467,0.136611,0.088090,0.256984,0.043361,1.001951
SETUP_STOP,SELL,M15,EMA200_DIST_POINTS,55,3033.460499,917.245247,367.744082,2152.126609,9.533028,37114.917457
SETUP_STOP,SELL,M15,EMA200_DIST_ATR,55,2.826107,3.516008,0.118998,4.873253,-8.000198,14.047338
SETUP_STOP,SELL,M30,RSI,55,63.905762,65.720186,55.029921,72.160492,39.468362,86.370149
SETUP_STOP,SELL,M30,ADX,55,32.752542,30.180661,21.942874,41.059638,17.305264,57.750998
SETUP_STOP,SELL,M30,CCI,55,140.409317,147.760830,76.197018,209.136105,-77.168348,405.107159
SETUP_STOP,SELL,M30,DI_PLUS,55,26.444313,25.350370,20.829858,31.044439,13.545231,44.898264
SETUP_STOP,SELL,M30,DI_MINUS,55,11.414961,10.162884,6.720582,15.563339,2.795562,25.617559
SETUP_STOP,SELL,M30,DI_GAP,55,15.423321,14.540236,5.712837,21.096754,0.169843,40.386357
SETUP_STOP,SELL,M30,ATR,55,9.034373,3.285750,2.032625,8.812500,0.770250,80.369250
SETUP_STOP,SELL,M30,ATR_PCT_PRICE,55,0.279038,0.181178,0.117168,0.313331,0.061083,1.735756
SETUP_STOP,SELL,M30,EMA200_DIST_POINTS,55,3364.718000,1019.862100,299.075734,2028.920345,19.767402,44750.927222
SETUP_STOP,SELL,M30,EMA200_DIST_ATR,55,2.475501,2.578315,0.092688,4.671102,-5.568165,10.859356
SETUP_STOP,SELL,H1,RSI,55,60.575647,63.440189,50.610802,70.171159,35.119503,78.643192
SETUP_STOP,SELL,H1,ADX,55,30.045191,30.427369,20.292900,36.655281,11.507599,59.261321
SETUP_STOP,SELL,H1,CCI,55,100.139358,104.563270,23.943537,167.468107,-124.632926,294.023134
SETUP_STOP,SELL,H1,DI_PLUS,55,24.288105,23.714192,18.264433,29.496401,12.342509,44.671722
SETUP_STOP,SELL,H1,DI_MINUS,55,13.314231,11.954926,8.275993,15.792693,4.789705,29.544040
SETUP_STOP,SELL,H1,DI_GAP,55,13.959814,12.632605,6.488227,19.459811,0.347356,38.692147
SETUP_STOP,SELL,H1,ATR,55,12.960045,4.062750,2.755625,11.140000,0.847750,149.765000
SETUP_STOP,SELL,H1,ATR_PCT_PRICE,55,0.384807,0.221338,0.174925,0.395604,0.068966,3.234515
SETUP_STOP,SELL,H1,EMA200_DIST_POINTS,55,2966.782702,1334.502253,528.894301,2349.320329,2.948363,39321.504565
SETUP_STOP,SELL,H1,EMA200_DIST_ATR,55,2.149824,2.016353,0.253687,3.866633,-3.239496,10.041838
SETUP_STOP,SELL,H4,RSI,55,56.746101,57.701826,49.955077,63.370122,30.195648,73.881777
SETUP_STOP,SELL,H4,ADX,55,24.041824,22.784286,19.941133,26.951505,11.638425,43.664520
SETUP_STOP,SELL,H4,CCI,55,78.575287,93.599409,-1.125374,165.484359,-109.269852,306.199274
SETUP_STOP,SELL,H4,DI_PLUS,55,21.078511,21.732072,15.774877,25.474623,6.922448,33.386573
SETUP_STOP,SELL,H4,DI_MINUS,55,15.391522,14.229077,12.148359,18.355715,7.803300,29.660587
SETUP_STOP,SELL,H4,DI_GAP,55,10.573867,10.630237,5.566244,14.730787,0.154239,25.125514
SETUP_STOP,SELL,H4,ATR,55,22.913000,8.076250,5.125875,20.037500,2.507500,236.049000
SETUP_STOP,SELL,H4,ATR_PCT_PRICE,55,0.693917,0.462444,0.298685,0.679049,0.187611,5.034332
SETUP_STOP,SELL,H4,EMA200_DIST_POINTS,55,5347.109208,1992.866164,797.766351,6168.513470,9.541926,31673.842405
SETUP_STOP,SELL,H4,EMA200_DIST_ATR,55,0.343949,0.162733,-2.399437,3.298503,-7.809917,6.682655
SETUP_STEP5,ALL,M1,RSI,955,37.127031,31.069292,23.318782,49.466015,3.924580,94.402145
SETUP_STEP5,ALL,M1,ADX,955,35.490905,33.366444,24.631823,44.188220,12.870886,89.058620
SETUP_STEP5,ALL,M1,CCI,955,-99.389848,-146.221050,-211.560948,28.475957,-466.666667,466.666667
SETUP_STEP5,ALL,M1,DI_PLUS,955,16.574997,13.496258,8.788782,22.156553,0.894981,54.038483
SETUP_STEP5,ALL,M1,DI_MINUS,955,28.418280,30.483420,17.687763,37.922503,2.013599,62.229412
SETUP_STEP5,ALL,M1,DI_GAP,955,21.371081,21.855782,11.204836,30.485721,0.014190,57.285740
SETUP_STEP5,ALL,M1,ATR,955,0.675388,0.413000,0.218375,0.788000,0.020750,9.276500
SETUP_STEP5,ALL,M1,ATR_PCT_PRICE,955,0.040130,0.027604,0.015094,0.048022,0.001635,0.297738
SETUP_STEP5,ALL,M1,EMA200_DIST_POINTS,955,364.357212,238.307453,108.154756,473.303040,0.263437,4039.365374
SETUP_STEP5,ALL,M1,EMA200_DIST_ATR,955,-3.125480,-4.253939,-6.929020,0.011605,-39.612825,36.389538
SETUP_STEP5,ALL,M5,RSI,955,38.560537,34.229339,24.959668,48.864783,5.435312,88.218530
SETUP_STEP5,ALL,M5,ADX,955,34.827686,32.252675,24.838460,43.001585,10.757575,85.277864
SETUP_STEP5,ALL,M5,CCI,955,-108.228041,-138.615305,-198.989931,-50.472619,-466.666667,466.666667
SETUP_STEP5,ALL,M5,DI_PLUS,955,14.390000,11.840381,8.062415,17.816258,0.838946,48.912637
SETUP_STEP5,ALL,M5,DI_MINUS,955,26.414450,27.674585,18.654484,33.722905,1.315748,54.900458
SETUP_STEP5,ALL,M5,DI_GAP,955,19.361002,19.423739,11.331795,26.461339,0.045010,49.809634
SETUP_STEP5,ALL,M5,ATR,955,1.213247,0.834250,0.513125,1.480250,0.095750,14.948500
SETUP_STEP5,ALL,M5,ATR_PCT_PRICE,955,0.071592,0.055762,0.036096,0.089889,0.007531,0.333793
SETUP_STEP5,ALL,M5,EMA200_DIST_POINTS,955,554.727892,381.170621,185.696273,733.489152,0.150749,4903.227192
SETUP_STEP5,ALL,M5,EMA200_DIST_ATR,955,-1.635741,-2.967914,-5.247570,1.982286,-54.339991,37.479527
SETUP_STEP5,ALL,M15,RSI,955,41.647776,39.629117,28.704295,51.980936,7.383082,91.499408
SETUP_STEP5,ALL,M15,ADX,955,32.361468,30.039830,22.969012,39.390387,11.759089,88.801384
SETUP_STEP5,ALL,M15,CCI,955,-91.939182,-128.054741,-191.831351,12.901267,-466.666667,460.089673
SETUP_STEP5,ALL,M15,DI_PLUS,955,14.797014,12.554367,8.559298,18.572103,0.523014,43.832227
SETUP_STEP5,ALL,M15,DI_MINUS,955,24.836497,25.803098,18.200503,31.774958,1.436306,51.241027
SETUP_STEP5,ALL,M15,DI_GAP,955,17.206368,17.247117,9.361603,23.576987,0.011596,45.498701
SETUP_STEP5,ALL,M15,ATR,955,1.851667,1.348500,0.878250,2.308625,0.189750,20.449500
SETUP_STEP5,ALL,M15,ATR_PCT_PRICE,955,0.109352,0.090308,0.061109,0.135164,0.014924,0.489255
SETUP_STEP5,ALL,M15,EMA200_DIST_POINTS,955,789.793088,567.441423,261.666028,1045.834242,0.524450,5659.246303
SETUP_STEP5,ALL,M15,EMA200_DIST_ATR,955,-0.661496,-1.462492,-4.589119,3.121424,-38.023502,40.189904
SETUP_STEP5,ALL,M30,RSI,955,43.766208,42.091818,32.501435,53.156151,7.449881,87.465701
SETUP_STEP5,ALL,M30,ADX,955,31.290015,28.817677,22.597549,38.023089,12.163930,75.143723
SETUP_STEP5,ALL,M30,CCI,955,-73.473241,-106.704881,-175.054347,32.629188,-418.162144,405.107159
SETUP_STEP5,ALL,M30,DI_PLUS,955,15.145547,13.058470,8.866765,18.947590,1.231115,44.898264
SETUP_STEP5,ALL,M30,DI_MINUS,955,23.149067,23.700742,15.347080,30.041043,3.676158,48.088925
SETUP_STEP5,ALL,M30,DI_GAP,955,15.613479,14.890986,8.172311,22.064325,0.021521,46.136577
SETUP_STEP5,ALL,M30,ATR,955,2.454941,1.829250,1.198875,3.058500,0.387500,17.059250
SETUP_STEP5,ALL,M30,ATR_PCT_PRICE,955,0.145254,0.122872,0.088021,0.176417,0.030476,0.617032
SETUP_STEP5,ALL,M30,EMA200_DIST_POINTS,955,1041.263282,773.985156,346.429766,1392.541423,0.191241,7881.191139
SETUP_STEP5,ALL,M30,EMA200_DIST_ATR,955,-0.197465,-0.170646,-4.223354,3.699384,-29.588464,35.986301
SETUP_STEP5,ALL,H1,RSI,955,45.525876,44.357503,35.375523,55.253111,9.831009,85.495291
SETUP_STEP5,ALL,H1,ADX,955,29.431827,27.163614,20.917875,35.005023,9.981282,77.345545
SETUP_STEP5,ALL,H1,CCI,955,-55.952590,-64.383719,-163.677517,46.636101,-445.370594,317.319185
SETUP_STEP5,ALL,H1,DI_PLUS,955,15.752031,14.387798,10.279231,19.542512,1.531874,44.671722
SETUP_STEP5,ALL,H1,DI_MINUS,955,21.564138,21.324945,14.943466,27.666733,2.518291,49.293520
SETUP_STEP5,ALL,H1,DI_GAP,955,13.516897,12.267480,5.948359,19.683025,0.002920,44.582425
SETUP_STEP5,ALL,H1,ATR,955,3.346937,2.458000,1.819375,4.049875,0.742250,21.098500
SETUP_STEP5,ALL,H1,ATR_PCT_PRICE,955,0.196071,0.173634,0.126868,0.243387,0.058144,0.903201
SETUP_STEP5,ALL,H1,EMA200_DIST_POINTS,955,1459.214375,1077.783409,506.342651,1927.508928,0.284519,12790.775561
SETUP_STEP5,ALL,H1,EMA200_DIST_ATR,955,0.009952,0.547827,-4.343219,3.992558,-23.678946,23.255218
SETUP_STEP5,ALL,H4,RSI,950,48.364020,48.943499,39.595713,57.483339,14.551019,83.987652
SETUP_STEP5,ALL,H4,ADX,950,28.310984,26.384986,20.708086,33.686758,10.144961,80.594683
SETUP_STEP5,ALL,H4,CCI,950,-25.134412,-25.826437,-106.347234,64.254347,-340.041631,306.199274
SETUP_STEP5,ALL,H4,DI_PLUS,950,17.129765,16.152455,11.749023,21.528613,1.872096,47.355132
SETUP_STEP5,ALL,H4,DI_MINUS,950,19.199668,18.700119,13.839926,24.420679,1.143058,45.019434
SETUP_STEP5,ALL,H4,DI_GAP,950,10.865929,9.450593,4.682327,15.361647,0.023216,42.180368
SETUP_STEP5,ALL,H4,ATR,950,6.626639,5.003375,3.538312,7.391188,1.117000,39.943250
SETUP_STEP5,ALL,H4,ATR_PCT_PRICE,950,0.381457,0.340507,0.259495,0.463758,0.086940,1.654800
SETUP_STEP5,ALL,H4,EMA200_DIST_POINTS,950,2949.596317,2107.768757,1015.962592,3644.101472,2.463217,30341.996938
SETUP_STEP5,ALL,H4,EMA200_DIST_ATR,950,0.407131,0.314267,-3.445022,4.709986,-20.693074,19.755280
SETUP_STEP5,BUY,M1,RSI,780,29.856038,28.269755,21.679446,36.149219,3.924580,71.606204
SETUP_STEP5,BUY,M1,ADX,780,35.289488,32.975630,24.364112,44.135993,13.346745,89.058620
SETUP_STEP5,BUY,M1,CCI,780,-154.746944,-167.107435,-230.122642,-106.658564,-466.666667,268.283002
SETUP_STEP5,BUY,M1,DI_PLUS,780,13.262238,11.487861,7.970118,17.642625,0.894981,38.939672
SETUP_STEP5,BUY,M1,DI_MINUS,780,32.083218,32.667961,24.916356,39.387515,4.498793,62.229412
SETUP_STEP5,BUY,M1,DI_GAP,780,21.472886,21.943196,11.371314,30.498253,0.014190,57.285740
SETUP_STEP5,BUY,M1,ATR,780,0.685546,0.403750,0.211688,0.776188,0.020750,9.276500
SETUP_STEP5,BUY,M1,ATR_PCT_PRICE,780,0.040169,0.026905,0.014682,0.047619,0.001635,0.297738
SETUP_STEP5,BUY,M1,EMA200_DIST_POINTS,780,364.225264,227.311150,107.759446,462.155068,0.263437,4039.365374
SETUP_STEP5,BUY,M1,EMA200_DIST_ATR,780,-5.099737,-5.062731,-7.558140,-3.205789,-39.612825,36.389538
SETUP_STEP5,BUY,M5,RSI,780,31.975079,30.573529,23.405029,39.435224,5.435312,72.223045
SETUP_STEP5,BUY,M5,ADX,780,34.770532,31.872574,24.577111,43.539250,10.757575,85.277864
SETUP_STEP5,BUY,M5,CCI,780,-169.201771,-157.549177,-217.768444,-108.709727,-466.666667,122.818863
SETUP_STEP5,BUY,M5,DI_PLUS,780,10.950031,10.285825,7.212915,14.036435,0.838946,31.337087
SETUP_STEP5,BUY,M5,DI_MINUS,780,29.880187,29.911607,24.705519,35.214670,2.539130,54.900458
SETUP_STEP5,BUY,M5,DI_GAP,780,19.374829,19.478186,11.177260,26.611876,0.045010,49.809634
SETUP_STEP5,BUY,M5,ATR,780,1.219172,0.812875,0.498000,1.423187,0.095750,14.948500
SETUP_STEP5,BUY,M5,ATR_PCT_PRICE,780,0.071226,0.054227,0.035182,0.088404,0.007531,0.333793
SETUP_STEP5,BUY,M5,EMA200_DIST_POINTS,780,545.868599,366.460868,178.600569,701.864737,0.150749,4903.227192
SETUP_STEP5,BUY,M5,EMA200_DIST_ATR,780,-2.803659,-3.665051,-5.607377,-0.712998,-54.339991,37.479527
SETUP_STEP5,BUY,M15,RSI,780,36.335416,35.406973,26.972104,45.635970,7.383082,75.547829
SETUP_STEP5,BUY,M15,ADX,780,32.318671,29.915584,22.975363,39.919037,11.759089,88.801384
SETUP_STEP5,BUY,M15,CCI,780,-145.165702,-150.860284,-208.083576,-85.552104,-466.666667,127.014375
SETUP_STEP5,BUY,M15,DI_PLUS,780,11.660869,11.054542,8.094304,14.946329,0.523014,38.208274
SETUP_STEP5,BUY,M15,DI_MINUS,780,27.700002,28.213809,21.935768,33.103740,5.883334,51.241027
SETUP_STEP5,BUY,M15,DI_GAP,780,17.056694,17.267581,9.216203,23.561407,0.011596,45.498701
SETUP_STEP5,BUY,M15,ATR,780,1.841174,1.299875,0.840750,2.245937,0.189750,20.449500
SETUP_STEP5,BUY,M15,ATR_PCT_PRICE,780,0.107793,0.088094,0.060066,0.130618,0.014924,0.489255
SETUP_STEP5,BUY,M15,EMA200_DIST_POINTS,780,775.453868,559.475367,251.199356,1031.119072,0.534496,5659.246303
SETUP_STEP5,BUY,M15,EMA200_DIST_ATR,780,-1.353056,-2.207455,-4.931725,1.499319,-38.023502,40.189904
SETUP_STEP5,BUY,M30,RSI,780,39.461980,39.124097,30.570128,47.474344,7.449881,79.025323
SETUP_STEP5,BUY,M30,ADX,780,31.162926,28.344451,22.393024,38.170603,12.163930,75.143723
SETUP_STEP5,BUY,M30,CCI,780,-120.141308,-133.506564,-189.339096,-45.445247,-418.162144,168.039473
SETUP_STEP5,BUY,M30,DI_PLUS,780,12.368578,11.700830,8.163783,15.522576,1.231115,31.146039
SETUP_STEP5,BUY,M30,DI_MINUS,780,25.618797,26.061362,20.019619,30.984963,3.676158,48.088925
SETUP_STEP5,BUY,M30,DI_GAP,780,15.309992,14.468645,7.990329,21.899667,0.021521,46.136577
SETUP_STEP5,BUY,M30,ATR,780,2.430041,1.758875,1.187500,2.926625,0.387500,17.059250
SETUP_STEP5,BUY,M30,ATR_PCT_PRICE,780,0.142817,0.119176,0.087375,0.171605,0.030476,0.617032
SETUP_STEP5,BUY,M30,EMA200_DIST_POINTS,780,1076.050237,796.420422,367.391008,1466.276241,0.191241,7881.191139
SETUP_STEP5,BUY,M30,EMA200_DIST_ATR,780,-0.757810,-1.281508,-4.947719,2.998754,-29.588464,35.986301
SETUP_STEP5,BUY,H1,RSI,780,42.226735,42.118407,33.735884,50.176392,9.831009,81.790584
SETUP_STEP5,BUY,H1,ADX,780,29.294730,26.912294,20.719315,34.340848,9.981282,77.345545
SETUP_STEP5,BUY,H1,CCI,780,-93.073210,-99.928191,-176.963988,-3.888315,-445.370594,216.336091
SETUP_STEP5,BUY,H1,DI_PLUS,780,13.643919,12.974774,9.333861,17.065736,1.531874,36.844256
SETUP_STEP5,BUY,H1,DI_MINUS,780,23.456524,23.476688,17.437709,29.155926,2.518291,49.293520
SETUP_STEP5,BUY,H1,DI_GAP,780,13.324847,11.859620,5.835784,19.472433,0.002920,44.582425
SETUP_STEP5,BUY,H1,ATR,780,3.336427,2.383500,1.815812,3.924000,0.745000,21.098500
SETUP_STEP5,BUY,H1,ATR_PCT_PRICE,780,0.193943,0.167763,0.126084,0.236654,0.058593,0.903201
SETUP_STEP5,BUY,H1,EMA200_DIST_POINTS,780,1566.577174,1179.229887,551.904071,2027.207681,0.284519,12790.775561
SETUP_STEP5,BUY,H1,EMA200_DIST_ATR,780,-0.479765,-0.218070,-5.202164,4.118300,-23.678946,23.255218
SETUP_STEP5,BUY,H4,RSI,775,46.452519,46.782380,37.590951,55.341554,14.551019,83.987652
SETUP_STEP5,BUY,H4,ADX,775,28.632152,26.645996,20.496963,34.018574,10.144961,80.594683
SETUP_STEP5,BUY,H4,CCI,775,-44.093884,-43.769901,-120.399060,38.884585,-340.041631,222.666824
SETUP_STEP5,BUY,H4,DI_PLUS,775,15.833880,15.116293,11.077849,19.882512,1.872096,47.355132
SETUP_STEP5,BUY,H4,DI_MINUS,775,19.998735,19.746899,14.490229,25.370921,1.143058,45.019434
SETUP_STEP5,BUY,H4,DI_GAP,775,10.772438,9.187012,4.616277,15.107258,0.023216,42.180368
SETUP_STEP5,BUY,H4,ATR,775,6.723708,4.931500,3.558250,7.359250,1.117000,39.943250
SETUP_STEP5,BUY,H4,ATR_PCT_PRICE,775,0.382483,0.340858,0.259307,0.467262,0.086940,1.130654
SETUP_STEP5,BUY,H4,EMA200_DIST_POINTS,775,3175.238274,2282.492306,1169.032845,3865.935236,9.237062,30341.996938
SETUP_STEP5,BUY,H4,EMA200_DIST_ATR,775,0.215827,-0.101152,-3.993808,4.866489,-20.693074,19.755280
SETUP_STEP5,SELL,M1,RSI,175,69.534885,71.462484,64.161539,77.821392,35.751737,94.402145
SETUP_STEP5,SELL,M1,ADX,175,36.388645,33.950450,26.872275,45.243356,12.870886,75.433823
SETUP_STEP5,SELL,M1,CCI,175,147.344638,156.767031,96.793235,225.587970,-252.128135,466.666667
SETUP_STEP5,SELL,M1,DI_PLUS,175,31.340438,32.225217,23.659498,38.764551,5.350737,54.038483
SETUP_STEP5,SELL,M1,DI_MINUS,175,12.083125,10.955829,7.742917,15.488902,2.013599,42.583860
SETUP_STEP5,SELL,M1,DI_GAP,175,20.917319,21.749641,10.991417,30.272919,0.179042,49.283239
SETUP_STEP5,SELL,M1,ATR,175,0.630116,0.463250,0.273500,0.814875,0.025500,3.358000
SETUP_STEP5,SELL,M1,ATR_PCT_PRICE,175,0.039958,0.029329,0.018750,0.053793,0.001999,0.228806
SETUP_STEP5,SELL,M1,EMA200_DIST_POINTS,175,364.945326,291.189403,114.949089,490.381309,0.431370,1615.886948
SETUP_STEP5,SELL,M1,EMA200_DIST_ATR,175,5.674064,5.801897,3.997778,7.743398,-10.512581,30.665325
SETUP_STEP5,SELL,M5,RSI,175,67.912865,68.656147,61.669561,75.109110,33.118672,88.218530
SETUP_STEP5,SELL,M5,ADX,175,35.082432,33.143956,25.819115,42.027034,14.189386,80.561619
SETUP_STEP5,SELL,M5,CCI,175,163.540584,153.631393,116.396254,205.590806,-82.054365,466.666667
SETUP_STEP5,SELL,M5,DI_PLUS,175,29.722435,30.708803,24.413042,34.697808,7.485954,48.912637
SETUP_STEP5,SELL,M5,DI_MINUS,175,10.967167,10.153596,7.359805,13.894411,1.315748,26.266219
SETUP_STEP5,SELL,M5,DI_GAP,175,19.299374,18.904526,12.636078,25.878716,0.765171,44.122956
SETUP_STEP5,SELL,M5,ATR,175,1.186836,0.956500,0.576125,1.617875,0.138750,3.840500
SETUP_STEP5,SELL,M5,ATR_PCT_PRICE,175,0.073224,0.063299,0.040316,0.095691,0.009803,0.250848
SETUP_STEP5,SELL,M5,EMA200_DIST_POINTS,175,594.215029,470.486862,224.151372,915.076349,1.114470,2613.042543
SETUP_STEP5,SELL,M5,EMA200_DIST_ATR,175,3.569835,4.493460,1.181343,6.811773,-17.195649,16.691498
SETUP_STEP5,SELL,M15,RSI,175,65.325723,65.746628,57.881680,73.154561,31.124987,91.499408
SETUP_STEP5,SELL,M15,ADX,175,32.552221,30.708567,22.989780,38.694878,13.916957,75.727303
SETUP_STEP5,SELL,M15,CCI,175,145.299022,147.978264,112.648566,183.939083,-116.882609,460.089673
SETUP_STEP5,SELL,M15,DI_PLUS,175,28.775263,28.532754,23.893296,34.545933,6.067801,43.832227
SETUP_STEP5,SELL,M15,DI_MINUS,175,12.073446,11.057198,7.634900,15.716345,1.436306,30.136036
SETUP_STEP5,SELL,M15,DI_GAP,175,17.873487,17.162648,10.369322,24.012396,0.638537,40.437981
SETUP_STEP5,SELL,M15,ATR,175,1.898436,1.624250,0.908375,2.675000,0.308250,5.966000
SETUP_STEP5,SELL,M15,ATR_PCT_PRICE,175,0.116298,0.105153,0.069343,0.146729,0.024162,0.353617
SETUP_STEP5,SELL,M15,EMA200_DIST_POINTS,175,853.705041,621.324418,290.838101,1177.674722,0.524450,4072.835694
SETUP_STEP5,SELL,M15,EMA200_DIST_ATR,175,2.420888,3.672360,0.500671,5.594589,-14.724953,14.047338
SETUP_STEP5,SELL,M30,RSI,175,62.950768,64.549333,54.230149,71.677753,32.143334,87.465701
SETUP_STEP5,SELL,M30,ADX,175,31.856466,30.658584,23.742531,37.462869,15.119877,60.802339
SETUP_STEP5,SELL,M30,CCI,175,134.532998,146.221658,77.932656,199.079497,-188.796948,405.107159
SETUP_STEP5,SELL,M30,DI_PLUS,175,27.522893,27.691497,22.220507,33.109486,7.798287,44.898264
SETUP_STEP5,SELL,M30,DI_MINUS,175,12.141126,11.059484,8.410313,14.835379,3.698793,35.563255
SETUP_STEP5,SELL,M30,DI_GAP,175,16.966159,16.050479,9.296588,23.887607,0.028962,40.386357
SETUP_STEP5,SELL,M30,ATR,175,2.565924,2.138000,1.261000,3.552625,0.479500,7.702750
SETUP_STEP5,SELL,M30,ATR_PCT_PRICE,175,0.156115,0.149742,0.093027,0.203771,0.037592,0.407561
SETUP_STEP5,SELL,M30,EMA200_DIST_POINTS,175,886.212852,605.651798,286.295306,1182.948338,10.695811,4173.916144
SETUP_STEP5,SELL,M30,EMA200_DIST_ATR,175,2.300073,2.913398,0.790533,4.650424,-8.437694,10.939563
SETUP_STEP5,SELL,H1,RSI,175,60.230618,61.834394,51.555437,70.201509,31.243521,85.495291
SETUP_STEP5,SELL,H1,ADX,175,30.042886,28.582477,21.976807,37.345775,10.570789,61.090882
SETUP_STEP5,SELL,H1,CCI,175,109.499315,116.092042,41.178182,181.228608,-180.203740,317.319185
SETUP_STEP5,SELL,H1,DI_PLUS,175,25.148187,25.570390,19.061373,30.505416,9.016724,44.671722
SETUP_STEP5,SELL,H1,DI_MINUS,175,13.129507,12.236086,8.538579,16.641526,2.998773,32.181818
SETUP_STEP5,SELL,H1,DI_GAP,175,14.372893,14.057156,6.554564,20.547621,0.195719,38.692147
SETUP_STEP5,SELL,H1,ATR,175,3.393781,2.955000,1.829625,4.230625,0.742250,10.663500
SETUP_STEP5,SELL,H1,ATR_PCT_PRICE,175,0.205556,0.197629,0.134210,0.270516,0.058144,0.468066
SETUP_STEP5,SELL,H1,EMA200_DIST_POINTS,175,980.683042,706.177259,307.932231,1408.807816,0.937531,3754.481779
SETUP_STEP5,SELL,H1,EMA200_DIST_ATR,175,2.192689,2.078423,0.335675,3.790349,-4.680940,10.538579
SETUP_STEP5,SELL,H4,RSI,175,56.829239,56.983316,51.550850,63.722582,34.851886,75.595315
SETUP_STEP5,SELL,H4,ADX,175,26.888673,25.712338,21.773932,31.027069,15.234594,53.242314
SETUP_STEP5,SELL,H4,CCI,175,58.828964,82.188375,-29.450658,143.589407,-224.612356,306.199274
SETUP_STEP5,SELL,H4,DI_PLUS,175,22.868681,23.119278,17.543493,28.803950,8.504158,44.302336
SETUP_STEP5,SELL,H4,DI_MINUS,175,15.660940,15.091691,12.109947,19.115998,3.505896,27.713846
SETUP_STEP5,SELL,H4,DI_GAP,175,11.279961,11.240688,5.554865,16.257999,0.086901,36.780760
SETUP_STEP5,SELL,H4,ATR,175,6.196759,5.231500,3.501625,7.510125,1.236750,31.070000
SETUP_STEP5,SELL,H4,ATR_PCT_PRICE,175,0.376915,0.332095,0.260157,0.431265,0.096960,1.654800
SETUP_STEP5,SELL,H4,EMA200_DIST_POINTS,175,1950.324794,1329.478664,642.334179,2738.106218,2.463217,10015.404699
SETUP_STEP5,SELL,H4,EMA200_DIST_ATR,175,1.254337,0.860359,-1.491797,3.644858,-11.324412,13.404444
SETUP_SUCCESS,ALL,M1,RSI,9219,43.864434,44.517294,30.715589,53.768753,3.924580,93.282378
SETUP_SUCCESS,ALL,M1,ADX,9219,32.024631,29.730202,22.827214,39.063608,9.852506,87.364404
SETUP_SUCCESS,ALL,M1,CCI,9219,-32.755928,-27.044696,-160.312654,96.400632,-466.666667,466.666667
SETUP_SUCCESS,ALL,M1,DI_PLUS,9219,17.747882,16.200382,11.111968,22.223896,0.632639,63.449951
SETUP_SUCCESS,ALL,M1,DI_MINUS,9219,23.390611,20.685052,15.128595,31.873698,0.844357,65.253018
SETUP_SUCCESS,ALL,M1,DI_GAP,9219,15.002972,11.872862,4.699572,24.216879,0.004206,60.382693
SETUP_SUCCESS,ALL,M1,ATR,9219,0.693753,0.409250,0.242500,0.757125,0.020750,20.077500
SETUP_SUCCESS,ALL,M1,ATR_PCT_PRICE,9219,0.032894,0.024344,0.015687,0.039114,0.001635,0.454561
SETUP_SUCCESS,ALL,M1,EMA200_DIST_POINTS,9219,333.535950,187.019193,84.497395,377.032844,0.019144,14063.641144
SETUP_SUCCESS,ALL,M1,EMA200_DIST_ATR,9219,-1.814667,-2.648224,-5.709478,2.361499,-53.209614,38.280843
SETUP_SUCCESS,ALL,M5,RSI,9219,44.340333,42.815555,33.247395,54.513690,5.435312,89.299286
SETUP_SUCCESS,ALL,M5,ADX,9219,32.900439,30.774097,23.669480,40.283972,8.736896,85.277864
SETUP_SUCCESS,ALL,M5,CCI,9219,-61.574055,-93.250170,-149.959847,40.274763,-466.666667,465.413016
SETUP_SUCCESS,ALL,M5,DI_PLUS,9219,15.301478,13.083634,9.041442,19.851669,0.838946,52.668924
SETUP_SUCCESS,ALL,M5,DI_MINUS,9219,22.794023,23.469468,15.226284,29.890851,0.887928,54.930700
SETUP_SUCCESS,ALL,M5,DI_GAP,9219,15.861742,15.534960,8.666035,22.296967,0.000576,50.541625
SETUP_SUCCESS,ALL,M5,ATR,9219,1.502886,0.952500,0.585375,1.621875,0.089500,40.461000
SETUP_SUCCESS,ALL,M5,ATR_PCT_PRICE,9219,0.070658,0.056231,0.038439,0.085994,0.006766,1.106264
SETUP_SUCCESS,ALL,M5,EMA200_DIST_POINTS,9219,618.595756,350.983698,157.287439,708.708477,0.077456,29877.625254
SETUP_SUCCESS,ALL,M5,EMA200_DIST_ATR,9219,-0.497000,-0.846338,-4.149188,3.084960,-54.339991,51.638209
SETUP_SUCCESS,ALL,M15,RSI,9215,46.609385,46.105637,37.118832,55.620603,8.188341,91.970111
SETUP_SUCCESS,ALL,M15,ADX,9215,30.240167,27.864727,21.960545,35.987690,9.519466,88.801384
SETUP_SUCCESS,ALL,M15,CCI,9215,-48.876062,-70.170355,-145.099404,49.908502,-466.666667,449.643531
SETUP_SUCCESS,ALL,M15,DI_PLUS,9215,16.078601,14.628079,10.366429,20.392485,0.523014,50.564303
SETUP_SUCCESS,ALL,M15,DI_MINUS,9215,21.487473,21.332063,14.884413,27.801067,1.117575,53.668770
SETUP_SUCCESS,ALL,M15,DI_GAP,9215,13.422521,12.334466,6.200236,19.348503,0.000067,47.698488
SETUP_SUCCESS,ALL,M15,ATR,9215,2.516373,1.603500,1.009375,2.742625,0.189750,72.907500
SETUP_SUCCESS,ALL,M15,ATR_PCT_PRICE,9215,0.118392,0.096100,0.067411,0.144148,0.014916,1.765338
SETUP_SUCCESS,ALL,M15,EMA200_DIST_POINTS,9215,1046.960849,619.075230,278.181835,1223.432194,0.003584,46096.915336
SETUP_SUCCESS,ALL,M15,EMA200_DIST_ATR,9215,0.084023,-0.093573,-3.818328,3.882192,-43.662902,50.689819
SETUP_SUCCESS,ALL,M30,RSI,9211,48.018585,47.689533,39.286960,56.594359,6.150629,90.201408
SETUP_SUCCESS,ALL,M30,ADX,9211,29.620606,27.122350,21.327679,35.798443,9.060608,88.928684
SETUP_SUCCESS,ALL,M30,CCI,9211,-33.370901,-39.605380,-125.530006,57.471647,-461.832537,466.666667
SETUP_SUCCESS,ALL,M30,DI_PLUS,9211,16.713230,15.732569,11.215497,21.275042,0.994415,48.531876
SETUP_SUCCESS,ALL,M30,DI_MINUS,9211,20.093145,19.720861,14.033216,25.572447,0.939926,50.810502
SETUP_SUCCESS,ALL,M30,DI_GAP,9211,11.826252,10.453808,5.050035,17.155673,0.004616,46.136577
SETUP_SUCCESS,ALL,M30,ATR,9211,3.571822,2.283250,1.455125,3.890500,0.337250,83.926750
SETUP_SUCCESS,ALL,M30,ATR_PCT_PRICE,9211,0.167710,0.137758,0.098006,0.203362,0.026588,2.032152
SETUP_SUCCESS,ALL,M30,EMA200_DIST_POINTS,9211,1434.981076,846.381436,376.651271,1653.704869,0.191241,59490.243776
SETUP_SUCCESS,ALL,M30,EMA200_DIST_ATR,9211,0.340853,0.347872,-3.273680,3.815864,-32.898006,39.846463
SETUP_SUCCESS,ALL,H1,RSI,9202,49.107362,48.765379,40.524243,57.970727,9.298734,88.217262
SETUP_SUCCESS,ALL,H1,ADX,9202,29.522370,27.406993,21.230243,35.353963,9.046572,86.962608
SETUP_SUCCESS,ALL,H1,CCI,9202,-17.681588,-18.104071,-101.231797,68.205632,-456.711993,370.926804
SETUP_SUCCESS,ALL,H1,DI_PLUS,9202,17.220395,16.301441,11.956378,21.629000,1.480411,48.366814
SETUP_SUCCESS,ALL,H1,DI_MINUS,9202,18.728934,18.137398,12.992450,23.790112,0.797203,50.758862
SETUP_SUCCESS,ALL,H1,DI_GAP,9202,10.971551,9.502617,4.398514,16.052911,0.005207,44.582425
SETUP_SUCCESS,ALL,H1,ATR,9202,5.125240,3.303750,2.122000,5.476062,0.486500,120.751750
SETUP_SUCCESS,ALL,H1,ATR_PCT_PRICE,9202,0.239626,0.199273,0.141855,0.289589,0.038584,2.719031
SETUP_SUCCESS,ALL,H1,EMA200_DIST_POINTS,9202,1964.951630,1164.810772,503.134402,2335.118400,0.117430,73020.813117
SETUP_SUCCESS,ALL,H1,EMA200_DIST_ATR,9202,0.546132,0.656926,-2.759335,3.929711,-29.594933,28.089176
SETUP_SUCCESS,ALL,H4,RSI,9134,50.446363,50.695266,42.294671,58.653103,11.203518,92.544762
SETUP_SUCCESS,ALL,H4,ADX,9134,30.012599,27.722926,21.521425,36.190574,8.408214,83.878545
SETUP_SUCCESS,ALL,H4,CCI,9134,0.653417,2.675025,-80.892295,82.610508,-440.069959,366.579580
SETUP_SUCCESS,ALL,H4,DI_PLUS,9134,18.190995,17.468960,12.787079,22.867901,1.899371,56.664731
SETUP_SUCCESS,ALL,H4,DI_MINUS,9134,17.593219,17.039783,12.223911,22.303858,1.143058,47.668859
SETUP_SUCCESS,ALL,H4,DI_GAP,9134,10.700314,9.278108,4.290835,15.587794,0.003882,50.389069
SETUP_SUCCESS,ALL,H4,ATR,9134,9.948056,6.513125,4.323250,10.347000,0.958250,217.057750
SETUP_SUCCESS,ALL,H4,ATR_PCT_PRICE,9134,0.460344,0.395411,0.290591,0.543125,0.074491,4.565576
SETUP_SUCCESS,ALL,H4,EMA200_DIST_POINTS,9134,4121.032265,2458.286803,1095.314421,4851.542239,0.147989,83851.475473
SETUP_SUCCESS,ALL,H4,EMA200_DIST_ATR,9134,1.009316,0.939857,-2.637570,4.862569,-33.675090,23.536023
SETUP_SUCCESS,BUY,M1,RSI,6919,38.047150,37.607886,28.114696,48.230277,3.924580,90.967288
SETUP_SUCCESS,BUY,M1,ADX,6919,32.168390,29.799425,22.953774,39.275203,9.852506,87.364404
SETUP_SUCCESS,BUY,M1,CCI,6919,-61.189132,-54.155621,-178.470537,65.244035,-466.666667,466.471357
SETUP_SUCCESS,BUY,M1,DI_PLUS,6919,15.345033,14.525454,9.902414,19.713021,0.632639,55.825725
SETUP_SUCCESS,BUY,M1,DI_MINUS,6919,26.048103,24.097606,17.088505,34.635646,0.844357,65.253018
SETUP_SUCCESS,BUY,M1,DI_GAP,6919,15.292317,12.377794,4.841325,24.610048,0.005074,58.532849
SETUP_SUCCESS,BUY,M1,ATR,6919,0.711214,0.411250,0.243625,0.770000,0.020750,20.077500
SETUP_SUCCESS,BUY,M1,ATR_PCT_PRICE,6919,0.033626,0.024746,0.015766,0.039769,0.001635,0.424861
SETUP_SUCCESS,BUY,M1,EMA200_DIST_POINTS,6919,334.839835,183.516917,83.514185,373.447745,0.019144,14063.641144
SETUP_SUCCESS,BUY,M1,EMA200_DIST_ATR,6919,-3.921432,-4.082924,-6.601519,-1.259958,-53.209614,36.389538
SETUP_SUCCESS,BUY,M5,RSI,6919,38.516809,38.073477,30.800618,45.919839,5.435312,83.192331
SETUP_SUCCESS,BUY,M5,ADX,6919,32.787165,30.745682,23.648741,40.034180,8.736896,85.277864
SETUP_SUCCESS,BUY,M5,CCI,6919,-120.846032,-119.055653,-167.996341,-77.613168,-466.666667,437.513607
SETUP_SUCCESS,BUY,M5,DI_PLUS,6919,11.665896,11.017906,8.030656,14.600712,0.838946,41.478986
SETUP_SUCCESS,BUY,M5,DI_MINUS,6919,26.608435,26.498304,21.267119,31.864415,2.539130,54.930700
SETUP_SUCCESS,BUY,M5,DI_GAP,6919,15.902248,15.560124,8.621374,22.336107,0.000576,50.541625
SETUP_SUCCESS,BUY,M5,ATR,6919,1.524797,0.950500,0.584125,1.647750,0.095750,40.461000
SETUP_SUCCESS,BUY,M5,ATR_PCT_PRICE,6919,0.071547,0.056513,0.038664,0.086759,0.006766,0.838916
SETUP_SUCCESS,BUY,M5,EMA200_DIST_POINTS,6919,615.838837,347.661355,153.870569,703.521127,0.148117,29877.625254
SETUP_SUCCESS,BUY,M5,EMA200_DIST_ATR,6919,-1.357329,-1.749333,-4.721041,1.694237,-54.339991,51.638209
SETUP_SUCCESS,BUY,M15,RSI,6915,42.560284,42.460260,34.488929,50.302874,8.188341,83.351678
SETUP_SUCCESS,BUY,M15,ADX,6915,30.196922,27.851343,22.039280,35.848814,9.519466,88.801384
SETUP_SUCCESS,BUY,M15,CCI,6915,-98.933326,-112.137598,-162.953568,-30.747075,-466.666667,353.395771
SETUP_SUCCESS,BUY,M15,DI_PLUS,6915,13.218300,12.618266,9.264204,16.712572,0.523014,38.208274
SETUP_SUCCESS,BUY,M15,DI_MINUS,6915,24.402128,24.392362,19.032103,29.580596,1.117575,53.668770
SETUP_SUCCESS,BUY,M15,DI_GAP,6915,13.324779,12.264190,6.115558,19.312385,0.000067,47.698488
SETUP_SUCCESS,BUY,M15,ATR,6915,2.533205,1.594750,1.002500,2.771125,0.189750,72.907500
SETUP_SUCCESS,BUY,M15,ATR_PCT_PRICE,6915,0.119083,0.095957,0.066993,0.144604,0.014916,1.765338
SETUP_SUCCESS,BUY,M15,EMA200_DIST_POINTS,6915,1064.954041,630.333992,278.961882,1244.922490,0.003584,46096.915336
SETUP_SUCCESS,BUY,M15,EMA200_DIST_ATR,6915,-0.282752,-0.642386,-4.219317,3.334025,-43.662902,50.689819
SETUP_SUCCESS,BUY,M30,RSI,6911,45.139014,45.051002,37.109233,52.989003,6.150629,84.255953
SETUP_SUCCESS,BUY,M30,ADX,6911,29.703084,27.104241,21.353696,35.782421,9.060608,88.928684
SETUP_SUCCESS,BUY,M30,CCI,6911,-70.761862,-79.392736,-146.136920,13.687309,-461.832537,395.678942
SETUP_SUCCESS,BUY,M30,DI_PLUS,6911,14.686840,14.206244,10.265628,18.494618,0.994415,41.774133
SETUP_SUCCESS,BUY,M30,DI_MINUS,6911,22.107702,21.860979,16.573498,27.359574,0.939926,50.810502
SETUP_SUCCESS,BUY,M30,DI_GAP,6911,11.693105,10.377731,4.989105,16.849031,0.004616,46.136577
SETUP_SUCCESS,BUY,M30,ATR,6911,3.566283,2.266000,1.440750,3.906000,0.337250,83.926750
SETUP_SUCCESS,BUY,M30,ATR_PCT_PRICE,6911,0.167620,0.137511,0.097719,0.203362,0.026588,2.032152
SETUP_SUCCESS,BUY,M30,EMA200_DIST_POINTS,6911,1555.997574,945.178369,420.824258,1806.644132,0.191241,59490.243776
SETUP_SUCCESS,BUY,M30,EMA200_DIST_ATR,6911,0.108976,-0.024475,-3.938806,4.056672,-32.898006,39.846463
SETUP_SUCCESS,BUY,H1,RSI,6902,47.263522,46.942669,39.020530,55.406443,9.298734,88.217262
SETUP_SUCCESS,BUY,H1,ADX,6902,29.642243,27.446986,21.353265,35.318066,9.046572,86.962608
SETUP_SUCCESS,BUY,H1,CCI,6902,-41.589268,-44.380662,-119.379169,45.535199,-456.711993,370.926804
SETUP_SUCCESS,BUY,H1,DI_PLUS,6902,15.998055,15.349652,11.244719,19.967900,1.480411,44.711289
SETUP_SUCCESS,BUY,H1,DI_MINUS,6902,19.932460,19.518126,14.341837,25.047849,0.797203,50.758862
SETUP_SUCCESS,BUY,H1,DI_GAP,6902,10.857747,9.417101,4.293806,15.896048,0.005207,44.582425
SETUP_SUCCESS,BUY,H1,ATR,6902,5.107227,3.260750,2.105562,5.514000,0.486500,102.780750
SETUP_SUCCESS,BUY,H1,ATR_PCT_PRICE,6902,0.239173,0.198594,0.141186,0.289529,0.038584,2.719031
SETUP_SUCCESS,BUY,H1,EMA200_DIST_POINTS,6902,2245.746819,1401.376205,624.348507,2629.400001,0.117430,73020.813117
SETUP_SUCCESS,BUY,H1,EMA200_DIST_ATR,6902,0.364799,0.410090,-3.773555,4.514752,-29.594933,28.089176
SETUP_SUCCESS,BUY,H4,RSI,6856,49.729223,49.756299,40.763758,58.691508,11.203518,92.544762
SETUP_SUCCESS,BUY,H4,ADX,6856,30.831158,28.344582,21.760864,37.180709,8.408214,83.878545
SETUP_SUCCESS,BUY,H4,CCI,6856,-5.771148,-1.903216,-86.534766,75.153432,-440.069959,337.026131
SETUP_SUCCESS,BUY,H4,DI_PLUS,6856,17.950509,17.234316,12.523783,22.640974,1.899371,56.664731
SETUP_SUCCESS,BUY,H4,DI_MINUS,6856,17.799369,17.232810,12.309193,22.658398,1.143058,47.668859
SETUP_SUCCESS,BUY,H4,DI_GAP,6856,10.837201,9.274817,4.352224,15.790038,0.003882,50.389069
SETUP_SUCCESS,BUY,H4,ATR,6856,9.927610,6.527375,4.311500,10.355125,1.117000,211.240750
SETUP_SUCCESS,BUY,H4,ATR_PCT_PRICE,6856,0.460380,0.396372,0.291781,0.544608,0.086940,4.565576
SETUP_SUCCESS,BUY,H4,EMA200_DIST_POINTS,6856,4390.420593,2641.694437,1235.770206,5135.441417,0.692111,83851.475473
SETUP_SUCCESS,BUY,H4,EMA200_DIST_ATR,6856,0.917865,0.867770,-3.107603,5.126576,-33.675090,22.255066
SETUP_SUCCESS,SELL,M1,RSI,2300,61.364345,61.182888,52.274959,70.775035,18.402347,93.282378
SETUP_SUCCESS,SELL,M1,ADX,2300,31.592165,29.357641,22.451754,38.584509,10.384996,79.438587
SETUP_SUCCESS,SELL,M1,CCI,2300,52.778566,37.987497,-66.128469,168.850582,-377.184118,466.666667
SETUP_SUCCESS,SELL,M1,DI_PLUS,2300,24.976280,22.351838,16.547036,33.096434,1.002371,63.449951
SETUP_SUCCESS,SELL,M1,DI_MINUS,2300,15.396182,14.730087,10.142319,19.668366,1.547528,45.452125
SETUP_SUCCESS,SELL,M1,DI_GAP,2300,14.132547,10.459480,4.264506,23.109190,0.004206,60.382693
SETUP_SUCCESS,SELL,M1,ATR,2300,0.641227,0.403875,0.238000,0.707687,0.025500,14.790000
SETUP_SUCCESS,SELL,M1,ATR_PCT_PRICE,2300,0.030690,0.023584,0.015480,0.037189,0.001999,0.454561
SETUP_SUCCESS,SELL,M1,EMA200_DIST_POINTS,2300,329.613521,202.252032,88.536604,387.464389,0.050371,4766.511029
SETUP_SUCCESS,SELL,M1,EMA200_DIST_ATR,2300,4.523030,4.611722,1.771756,7.321805,-27.443550,38.280843
SETUP_SUCCESS,SELL,M5,RSI,2300,61.859011,62.433137,54.947810,68.957794,28.467317,89.299286
SETUP_SUCCESS,SELL,M5,ADX,2300,33.241194,30.834162,23.713942,40.906590,10.546171,84.626677
SETUP_SUCCESS,SELL,M5,CCI,2300,116.731513,114.494060,80.198809,161.283117,-253.711926,465.413016
SETUP_SUCCESS,SELL,M5,DI_PLUS,2300,26.238257,25.969787,21.088574,31.210572,4.184314,52.668924
SETUP_SUCCESS,SELL,M5,DI_MINUS,2300,11.319274,10.537165,7.654311,14.170334,0.887928,39.365465
SETUP_SUCCESS,SELL,M5,DI_GAP,2300,15.739891,15.414746,8.778857,22.102692,0.000858,49.014700
SETUP_SUCCESS,SELL,M5,ATR,2300,1.436973,0.955125,0.587875,1.558000,0.089500,21.420000
SETUP_SUCCESS,SELL,M5,ATR_PCT_PRICE,2300,0.067984,0.055525,0.037946,0.083968,0.006941,1.106264
SETUP_SUCCESS,SELL,M5,EMA200_DIST_POINTS,2300,626.889287,360.100951,164.784775,728.176347,0.077456,10892.960251
SETUP_SUCCESS,SELL,M5,EMA200_DIST_ATR,2300,2.091096,2.550799,-0.986020,5.532270,-35.014538,29.288051
SETUP_SUCCESS,SELL,M15,RSI,2300,58.783093,58.892516,51.317953,66.714227,20.458539,91.970111
SETUP_SUCCESS,SELL,M15,ADX,2300,30.370183,27.899851,21.739596,36.393387,10.006772,81.746089
SETUP_SUCCESS,SELL,M15,CCI,2300,101.622190,114.124047,47.523910,161.423166,-187.254219,449.643531
SETUP_SUCCESS,SELL,M15,DI_PLUS,2300,24.678158,24.447664,19.427389,29.703341,3.007170,50.564303
SETUP_SUCCESS,SELL,M15,DI_MINUS,2300,12.724499,12.214152,8.914222,16.031533,1.578328,35.095005
SETUP_SUCCESS,SELL,M15,DI_GAP,2300,13.716387,12.807806,6.483846,19.540239,0.010687,46.502785
SETUP_SUCCESS,SELL,M15,ATR,2300,2.465768,1.629250,1.026500,2.656812,0.204500,35.399500
SETUP_SUCCESS,SELL,M15,ATR_PCT_PRICE,2300,0.116315,0.096279,0.068575,0.141401,0.016017,1.363695
SETUP_SUCCESS,SELL,M15,EMA200_DIST_POINTS,2300,992.863926,590.678746,275.124338,1156.046976,0.141780,16669.440202
SETUP_SUCCESS,SELL,M15,EMA200_DIST_ATR,2300,1.186740,1.412414,-2.198935,4.787832,-30.514051,32.032510
SETUP_SUCCESS,SELL,M30,RSI,2300,56.671071,56.681102,48.785049,64.814879,15.823347,90.201408
SETUP_SUCCESS,SELL,M30,ADX,2300,29.372776,27.257533,21.304250,35.852985,10.723586,77.244896
SETUP_SUCCESS,SELL,M30,CCI,2300,78.980808,89.846960,3.240681,147.469828,-263.984359,466.666667
SETUP_SUCCESS,SELL,M30,DI_PLUS,2300,22.802089,22.582959,17.396653,28.016535,1.527606,48.531876
SETUP_SUCCESS,SELL,M30,DI_MINUS,2300,14.039838,13.366230,9.921499,17.701728,1.785601,38.856283
SETUP_SUCCESS,SELL,M30,DI_GAP,2300,12.226331,10.718302,5.187259,17.943519,0.013876,43.980848
SETUP_SUCCESS,SELL,M30,ATR,2300,3.588466,2.323375,1.507625,3.779625,0.367000,77.860000
SETUP_SUCCESS,SELL,M30,ATR_PCT_PRICE,2300,0.167978,0.138619,0.098993,0.203507,0.028744,1.668030
SETUP_SUCCESS,SELL,M30,EMA200_DIST_POINTS,2300,1071.352809,617.124647,269.625193,1255.080885,0.578001,16847.400403
SETUP_SUCCESS,SELL,M30,EMA200_DIST_ATR,2300,1.037593,1.097709,-1.388078,3.449311,-20.984006,22.493132
SETUP_SUCCESS,SELL,H1,RSI,2300,54.640487,54.948353,46.155491,63.207882,14.317837,85.704768
SETUP_SUCCESS,SELL,H1,ADX,2300,29.162648,27.174713,20.825780,35.691926,10.034772,73.767288
SETUP_SUCCESS,SELL,H1,CCI,2300,54.062242,63.072700,-29.564039,130.712496,-317.081384,340.230503
SETUP_SUCCESS,SELL,H1,DI_PLUS,2300,20.888477,20.466421,14.777659,26.379400,1.835689,48.366814
SETUP_SUCCESS,SELL,H1,DI_MINUS,2300,15.117307,14.395998,10.422398,19.146341,2.720608,45.493573
SETUP_SUCCESS,SELL,H1,DI_GAP,2300,11.313064,9.750084,4.632318,16.690082,0.015439,42.267830
SETUP_SUCCESS,SELL,H1,ATR,2300,5.179296,3.382750,2.173438,5.390250,0.693250,120.751750
SETUP_SUCCESS,SELL,H1,ATR_PCT_PRICE,2300,0.240985,0.200772,0.144019,0.289842,0.053215,2.359970
SETUP_SUCCESS,SELL,H1,EMA200_DIST_POINTS,2300,1122.321893,670.790920,293.104873,1341.915310,0.542915,12958.084118
SETUP_SUCCESS,SELL,H1,EMA200_DIST_ATR,2300,1.090291,1.026177,-0.784654,2.842899,-17.188036,14.778435
SETUP_SUCCESS,SELL,H4,RSI,2278,52.604712,52.475885,46.717308,58.565149,17.785616,85.496997
SETUP_SUCCESS,SELL,H4,ADX,2278,27.549015,26.267982,20.728405,33.142054,10.900567,74.847449
SETUP_SUCCESS,SELL,H4,CCI,2278,19.989158,27.549681,-66.548524,102.675184,-334.656554,366.579580
SETUP_SUCCESS,SELL,H4,DI_PLUS,2278,18.914775,18.178899,13.603569,23.684132,2.181577,48.385709
SETUP_SUCCESS,SELL,H4,DI_MINUS,2278,16.972777,16.264032,12.065733,21.190444,3.497262,45.023627
SETUP_SUCCESS,SELL,H4,DI_GAP,2278,10.288333,9.310179,4.129677,14.928899,0.006167,42.927261
SETUP_SUCCESS,SELL,H4,ATR,2278,10.009590,6.495625,4.360000,10.325812,0.958250,217.057750
SETUP_SUCCESS,SELL,H4,ATR_PCT_PRICE,2278,0.460237,0.392633,0.287972,0.538612,0.074491,4.242172
SETUP_SUCCESS,SELL,H4,EMA200_DIST_POINTS,2278,3310.265635,1933.064446,785.772289,4018.060885,0.147989,43298.482266
SETUP_SUCCESS,SELL,H4,EMA200_DIST_ATR,2278,1.284554,1.099857,-1.608363,4.147901,-17.769717,23.536023
SETUP_LOSS,ALL,M1,RSI,386,35.918928,30.219870,23.151830,46.994858,4.751411,94.402145
SETUP_LOSS,ALL,M1,ADX,386,37.030754,33.668310,25.669555,47.882772,14.096593,89.058620
SETUP_LOSS,ALL,M1,CCI,386,-105.344490,-155.039872,-212.495047,22.117129,-466.666667,466.666667
SETUP_LOSS,ALL,M1,DI_PLUS,386,14.882862,11.806869,7.718244,19.626312,0.894981,54.038483
SETUP_LOSS,ALL,M1,DI_MINUS,386,29.353904,31.988286,18.089681,38.198228,4.025350,58.632991
SETUP_LOSS,ALL,M1,DI_GAP,386,22.204820,23.833342,12.267662,31.037181,0.179042,57.285740
SETUP_LOSS,ALL,M1,ATR,386,1.921712,1.117250,0.448938,2.275062,0.077000,19.901500
SETUP_LOSS,ALL,M1,ATR_PCT_PRICE,386,0.065820,0.048179,0.027316,0.085383,0.005816,0.416671
SETUP_LOSS,ALL,M1,EMA200_DIST_POINTS,386,1020.164842,489.886674,189.702316,1173.787406,3.367892,12329.541680
SETUP_LOSS,ALL,M1,EMA200_DIST_ATR,386,-3.618537,-4.596682,-6.857232,-1.070690,-18.004947,12.725981
SETUP_LOSS,ALL,M5,RSI,386,36.932691,33.093821,24.064577,46.349688,8.049822,88.218530
SETUP_LOSS,ALL,M5,ADX,386,35.553260,33.529881,25.857620,43.930147,10.757575,77.573579
SETUP_LOSS,ALL,M5,CCI,386,-118.616764,-149.846839,-207.127811,-82.283525,-438.706121,466.666667
SETUP_LOSS,ALL,M5,DI_PLUS,386,12.877881,10.281554,7.206722,15.500320,1.210981,47.996007
SETUP_LOSS,ALL,M5,DI_MINUS,386,27.593260,28.770009,20.823367,34.487256,3.288107,53.992585
SETUP_LOSS,ALL,M5,DI_GAP,386,20.316221,20.621950,12.671222,27.552374,0.045010,49.809634
SETUP_LOSS,ALL,M5,ATR,386,3.740456,2.004750,0.928500,4.455313,0.137750,30.328250
SETUP_LOSS,ALL,M5,ATR_PCT_PRICE,386,0.126239,0.100616,0.054327,0.161727,0.012022,0.733809
SETUP_LOSS,ALL,M5,EMA200_DIST_POINTS,386,1613.973310,770.006423,288.261738,1773.919863,0.150749,24035.769164
SETUP_LOSS,ALL,M5,EMA200_DIST_ATR,386,-2.122776,-3.039657,-5.137672,0.162062,-16.976156,23.130177
SETUP_LOSS,ALL,M15,RSI,386,39.412698,35.887257,26.979708,48.868432,7.383082,91.499408
SETUP_LOSS,ALL,M15,ADX,386,32.338171,30.011635,22.993493,38.866902,10.659035,75.727303
SETUP_LOSS,ALL,M15,CCI,386,-101.434726,-141.239142,-198.817640,-13.668468,-444.832311,460.089673
SETUP_LOSS,ALL,M15,DI_PLUS,386,14.018274,11.708665,8.277255,17.904921,1.792282,43.832227
SETUP_LOSS,ALL,M15,DI_MINUS,386,25.337713,26.312792,19.419259,32.215829,1.436306,46.035746
SETUP_LOSS,ALL,M15,DI_GAP,386,17.300717,16.986731,9.049879,23.723368,0.011596,40.437981
SETUP_LOSS,ALL,M15,ATR,386,5.633210,2.937000,1.390187,7.213375,0.410000,46.938000
SETUP_LOSS,ALL,M15,ATR_PCT_PRICE,386,0.189309,0.140653,0.089529,0.248864,0.025814,1.036911
SETUP_LOSS,ALL,M15,EMA200_DIST_POINTS,386,2311.699716,956.785375,423.274528,2261.482914,3.074140,37114.917457
SETUP_LOSS,ALL,M15,EMA200_DIST_ATR,386,-1.266994,-1.993173,-4.640753,1.443742,-14.596478,22.714642
SETUP_LOSS,ALL,M30,RSI,386,41.493288,39.862737,30.454346,50.357044,7.388724,86.370149
SETUP_LOSS,ALL,M30,ADX,386,32.253808,28.933566,22.563612,38.729349,11.828949,75.143723
SETUP_LOSS,ALL,M30,CCI,386,-90.611719,-124.985383,-188.624351,3.552100,-401.030960,405.107159
SETUP_LOSS,ALL,M30,DI_PLUS,386,14.095622,12.726772,8.138831,18.289705,1.231115,44.898264
SETUP_LOSS,ALL,M30,DI_MINUS,386,24.116297,25.038705,18.219076,30.959560,2.795562,43.250407
SETUP_LOSS,ALL,M30,DI_GAP,386,15.848684,15.344817,7.642131,22.525447,0.051849,40.472092
SETUP_LOSS,ALL,M30,ATR,386,7.415909,3.897000,1.893687,8.874375,0.705000,80.369250
SETUP_LOSS,ALL,M30,ATR_PCT_PRICE,386,0.248883,0.183218,0.120915,0.306936,0.046815,1.735756
SETUP_LOSS,ALL,M30,EMA200_DIST_POINTS,386,3012.127506,1337.912176,562.633317,2863.020025,6.193672,44750.927222
SETUP_LOSS,ALL,M30,EMA200_DIST_ATR,386,-0.830218,-1.159413,-4.781273,2.487221,-19.280914,24.473387
SETUP_LOSS,ALL,H1,RSI,386,43.277453,42.896043,33.306370,51.269261,8.332642,78.643192
SETUP_LOSS,ALL,H1,ADX,386,30.625991,28.618336,22.108856,36.632716,9.981282,77.345545
SETUP_LOSS,ALL,H1,CCI,386,-80.112156,-104.291127,-175.790855,13.898653,-384.317687,294.023134
SETUP_LOSS,ALL,H1,DI_PLUS,386,14.693281,13.051071,9.872758,18.120434,2.256454,44.671722
SETUP_LOSS,ALL,H1,DI_MINUS,386,22.834544,23.423413,15.818156,28.802585,4.789705,44.602461
SETUP_LOSS,ALL,H1,DI_GAP,386,14.250824,13.475440,6.468366,20.879299,0.002920,41.716917
SETUP_LOSS,ALL,H1,ATR,386,10.027277,5.027500,2.741375,11.637188,0.847750,149.765000
SETUP_LOSS,ALL,H1,ATR_PCT_PRICE,386,0.333671,0.259623,0.180025,0.379102,0.068104,3.234515
SETUP_LOSS,ALL,H1,EMA200_DIST_POINTS,386,3977.570904,1757.353806,830.746463,3986.041850,0.284519,48792.421407
SETUP_LOSS,ALL,H1,EMA200_DIST_ATR,386,-0.529196,0.072407,-4.872325,3.523220,-15.527422,13.198103
SETUP_LOSS,ALL,H4,RSI,381,46.459561,46.782380,36.772573,55.784267,10.416686,83.987652
SETUP_LOSS,ALL,H4,ADX,381,29.323664,27.376919,21.315274,35.394521,10.946815,64.826878
SETUP_LOSS,ALL,H4,CCI,381,-38.726040,-36.337043,-131.801966,40.702936,-340.041631,306.199274
SETUP_LOSS,ALL,H4,DI_PLUS,381,16.124739,15.212600,11.342019,20.698636,1.872096,33.386573
SETUP_LOSS,ALL,H4,DI_MINUS,381,20.191150,19.017863,13.869217,25.847915,4.164351,50.113185
SETUP_LOSS,ALL,H4,DI_GAP,381,11.372314,9.427287,4.841036,16.882513,0.050035,42.513753
SETUP_LOSS,ALL,H4,ATR,381,19.611413,9.197500,4.806500,24.811500,1.958750,236.049000
SETUP_LOSS,ALL,H4,ATR_PCT_PRICE,381,0.621184,0.469475,0.303426,0.728182,0.136208,5.034332
SETUP_LOSS,ALL,H4,EMA200_DIST_POINTS,381,7612.651546,3662.639952,1427.780507,9390.197150,9.541926,73598.699004
SETUP_LOSS,ALL,H4,EMA200_DIST_ATR,381,0.320522,0.443919,-3.380901,4.199094,-13.458563,19.108330
SETUP_LOSS,BUY,M1,RSI,331,30.408675,27.665065,21.747132,35.849432,4.751411,80.813131
SETUP_LOSS,BUY,M1,ADX,331,36.730967,33.281590,25.272319,47.417120,14.096593,89.058620
SETUP_LOSS,BUY,M1,CCI,331,-145.913197,-168.964211,-224.130406,-106.499811,-466.666667,281.504760
SETUP_LOSS,BUY,M1,DI_PLUS,331,12.154109,11.131532,6.851086,16.411975,0.894981,37.376396
SETUP_LOSS,BUY,M1,DI_MINUS,331,32.229214,33.319600,25.636817,39.293804,6.387880,58.632991
SETUP_LOSS,BUY,M1,DI_GAP,331,22.214769,23.746014,12.482955,31.149550,0.204886,57.285740
SETUP_LOSS,BUY,M1,ATR,331,1.926326,1.116750,0.462500,2.250750,0.077000,19.901500
SETUP_LOSS,BUY,M1,ATR_PCT_PRICE,331,0.065631,0.048047,0.027712,0.086011,0.005816,0.416671
SETUP_LOSS,BUY,M1,EMA200_DIST_POINTS,331,1023.446497,501.436420,188.300884,1170.483277,3.367892,12329.541680
SETUP_LOSS,BUY,M1,EMA200_DIST_ATR,331,-5.144938,-5.094550,-7.182190,-3.270139,-18.004947,10.596389
SETUP_LOSS,BUY,M5,RSI,331,31.647387,30.132446,23.103072,38.071263,8.049822,70.975830
SETUP_LOSS,BUY,M5,ADX,331,35.910123,33.678285,25.958393,44.674781,10.757575,77.573579
SETUP_LOSS,BUY,M5,CCI,331,-166.564190,-161.229357,-219.893563,-119.509603,-438.706121,398.437288
SETUP_LOSS,BUY,M5,DI_PLUS,331,10.077270,9.465682,6.734765,12.410345,1.210981,29.649484
SETUP_LOSS,BUY,M5,DI_MINUS,331,30.226939,30.169807,25.145967,35.656321,11.700342,53.992585
SETUP_LOSS,BUY,M5,DI_GAP,331,20.577877,21.318139,12.651739,27.956064,0.045010,49.809634
SETUP_LOSS,BUY,M5,ATR,331,3.734987,2.055000,0.955500,4.468125,0.137750,30.328250
SETUP_LOSS,BUY,M5,ATR_PCT_PRICE,331,0.126373,0.100500,0.054949,0.165582,0.012022,0.733809
SETUP_LOSS,BUY,M5,EMA200_DIST_POINTS,331,1609.699919,768.715612,291.382600,1773.382259,0.150749,24035.769164
SETUP_LOSS,BUY,M5,EMA200_DIST_ATR,331,-3.097031,-3.578443,-5.513884,-1.196749,-16.976156,23.130177
SETUP_LOSS,BUY,M15,RSI,331,34.856188,33.304955,25.916122,43.353399,7.383082,69.830945
SETUP_LOSS,BUY,M15,ADX,331,32.082258,30.027949,23.067195,38.866316,10.659035,72.820933
SETUP_LOSS,BUY,M15,CCI,331,-146.728557,-160.350925,-209.420466,-87.593796,-444.832311,274.163053
SETUP_LOSS,BUY,M15,DI_PLUS,331,11.573413,10.782587,7.786797,14.953947,1.792282,29.603000
SETUP_LOSS,BUY,M15,DI_MINUS,331,27.725723,27.982260,21.682289,33.127916,7.979970,46.035746
SETUP_LOSS,BUY,M15,DI_GAP,331,17.202504,17.143311,8.913721,23.860791,0.011596,38.615627
SETUP_LOSS,BUY,M15,ATR,331,5.539841,3.156000,1.375000,7.116625,0.410000,46.938000
SETUP_LOSS,BUY,M15,ATR_PCT_PRICE,331,0.187787,0.141082,0.089579,0.246710,0.025814,1.036911
SETUP_LOSS,BUY,M15,EMA200_DIST_POINTS,331,2191.769677,978.784382,426.502772,2271.640610,3.074140,34559.455093
SETUP_LOSS,BUY,M15,EMA200_DIST_ATR,331,-1.947117,-2.391497,-4.900741,0.045854,-14.596478,22.714642
SETUP_LOSS,BUY,M30,RSI,331,37.769161,36.600868,28.591062,45.594735,7.388724,71.998063
SETUP_LOSS,BUY,M30,ADX,331,32.170937,28.654995,22.597549,38.533221,11.828949,75.143723
SETUP_LOSS,BUY,M30,CCI,331,-128.998901,-144.997896,-194.000283,-61.211421,-401.030960,249.749215
SETUP_LOSS,BUY,M30,DI_PLUS,331,12.043725,11.535170,7.517857,15.144141,1.231115,32.749528
SETUP_LOSS,BUY,M30,DI_MINUS,331,26.226791,26.715005,20.645942,32.014109,6.279110,43.250407
SETUP_LOSS,BUY,M30,DI_GAP,331,15.919363,15.541945,7.970623,22.633178,0.051849,40.472092
SETUP_LOSS,BUY,M30,ATR,331,7.146980,4.175750,1.866750,8.940000,0.705000,57.485500
SETUP_LOSS,BUY,M30,ATR_PCT_PRICE,331,0.243873,0.184565,0.122398,0.305830,0.046815,1.269917
SETUP_LOSS,BUY,M30,EMA200_DIST_POINTS,331,2953.539962,1404.437959,627.442462,2948.092562,6.193672,41833.681021
SETUP_LOSS,BUY,M30,EMA200_DIST_ATR,331,-1.379507,-1.599194,-5.118510,1.651282,-19.280914,24.473387
SETUP_LOSS,BUY,H1,RSI,331,40.403131,39.638484,31.271299,48.443329,8.332642,75.398346
SETUP_LOSS,BUY,H1,ADX,331,30.722499,28.434740,22.220216,36.625586,9.981282,77.345545
SETUP_LOSS,BUY,H1,CCI,331,-110.063314,-123.936777,-189.163910,-38.947039,-384.317687,174.139057
SETUP_LOSS,BUY,H1,DI_PLUS,331,13.098975,12.194838,9.291194,16.733179,2.256454,34.735422
SETUP_LOSS,BUY,H1,DI_MINUS,331,24.416469,24.648823,18.298328,30.058336,5.689182,44.602461
SETUP_LOSS,BUY,H1,DI_GAP,331,14.299179,13.555288,6.035521,21.070143,0.002920,41.716917
SETUP_LOSS,BUY,H1,ATR,331,9.539959,5.298000,2.743750,11.620375,1.140000,78.166500
SETUP_LOSS,BUY,H1,ATR_PCT_PRICE,331,0.325174,0.259869,0.184554,0.376577,0.068104,1.499974
SETUP_LOSS,BUY,H1,EMA200_DIST_POINTS,331,4145.526648,1888.327762,945.863948,4253.626394,0.284519,48792.421407
SETUP_LOSS,BUY,H1,EMA200_DIST_ATR,331,-0.974351,-0.508372,-5.379425,3.290483,-15.527422,13.198103
SETUP_LOSS,BUY,H4,RSI,326,44.724102,44.594039,34.778981,53.121231,10.416686,83.987652
SETUP_LOSS,BUY,H4,ADX,326,30.214772,28.595532,22.478261,37.087718,10.946815,64.826878
SETUP_LOSS,BUY,H4,CCI,326,-58.516141,-57.531852,-141.191524,16.521905,-340.041631,175.854033
SETUP_LOSS,BUY,H4,DI_PLUS,326,15.288980,14.736402,11.022077,19.700087,1.872096,30.619837
SETUP_LOSS,BUY,H4,DI_MINUS,326,21.000903,19.851276,14.825904,26.325995,4.164351,50.113185
SETUP_LOSS,BUY,H4,DI_GAP,326,11.507022,9.389105,4.767737,16.966201,0.050035,42.513753
SETUP_LOSS,BUY,H4,ATR,326,19.054397,9.598375,4.676875,25.675375,1.958750,233.702750
SETUP_LOSS,BUY,H4,ATR_PCT_PRICE,326,0.608913,0.475019,0.303797,0.732177,0.136208,4.380050
SETUP_LOSS,BUY,H4,EMA200_DIST_POINTS,326,7994.874947,3826.360076,1611.161013,9628.544205,49.869615,73598.699004
SETUP_LOSS,BUY,H4,EMA200_DIST_ATR,326,0.316570,0.477198,-3.851314,4.346225,-13.458563,19.108330
SETUP_LOSS,SELL,M1,RSI,55,69.080630,71.411668,62.764664,77.917884,31.225869,94.402145
SETUP_LOSS,SELL,M1,ADX,55,38.834929,37.019992,28.630097,48.232742,14.489365,72.220979
SETUP_LOSS,SELL,M1,CCI,55,138.805368,157.756779,102.398848,211.944937,-196.451589,466.666667
SETUP_LOSS,SELL,M1,DI_PLUS,55,31.304994,32.326696,22.877107,38.539260,6.913792,54.038483
SETUP_LOSS,SELL,M1,DI_MINUS,55,12.049768,8.929101,6.611761,15.149434,4.025350,32.984448
SETUP_LOSS,SELL,M1,DI_GAP,55,22.144945,24.052899,12.168130,30.675238,0.179042,49.283239
SETUP_LOSS,SELL,M1,ATR,55,1.893950,1.130750,0.387000,2.341250,0.125000,15.577500
SETUP_LOSS,SELL,M1,ATR_PCT_PRICE,55,0.066956,0.052844,0.023641,0.084012,0.009913,0.332229
SETUP_LOSS,SELL,M1,EMA200_DIST_POINTS,55,1000.415246,448.997026,193.621916,1178.405588,9.043365,7994.606958
SETUP_LOSS,SELL,M1,EMA200_DIST_ATR,55,5.567618,5.491807,3.933438,7.677764,-1.339591,12.725981
SETUP_LOSS,SELL,M5,RSI,55,68.740615,68.051263,62.081745,75.880688,43.457285,88.218530
SETUP_LOSS,SELL,M5,ADX,55,33.405595,30.434461,24.640762,40.218407,17.598168,65.154404
SETUP_LOSS,SELL,M5,CCI,55,169.939569,147.492254,116.471732,219.815979,-82.054365,466.666667
SETUP_LOSS,SELL,M5,DI_PLUS,55,29.732465,30.206538,23.494478,34.297423,15.502530,47.996007
SETUP_LOSS,SELL,M5,DI_MINUS,55,11.743305,10.384817,8.320109,14.489999,3.288107,30.382731
SETUP_LOSS,SELL,M5,DI_GAP,55,18.741531,18.220756,13.438787,25.639195,2.296083,44.122956
SETUP_LOSS,SELL,M5,ATR,55,3.773368,1.875250,0.761250,4.275000,0.372250,29.692000
SETUP_LOSS,SELL,M5,ATR_PCT_PRICE,55,0.125427,0.102618,0.051326,0.149984,0.029521,0.633256
SETUP_LOSS,SELL,M5,EMA200_DIST_POINTS,55,1639.691357,800.203414,308.573935,1802.235288,7.747451,12473.519245
SETUP_LOSS,SELL,M5,EMA200_DIST_ATR,55,3.740466,4.107510,1.508599,6.551971,-6.434800,11.464061
SETUP_LOSS,SELL,M15,RSI,55,66.834601,65.783124,58.840547,76.424922,43.559265,91.499408
SETUP_LOSS,SELL,M15,ADX,55,33.878306,29.574907,22.526907,39.063316,13.916957,75.727303
SETUP_LOSS,SELL,M15,CCI,55,171.151785,153.870284,110.878919,209.168435,-48.789366,460.089673
SETUP_LOSS,SELL,M15,DI_PLUS,55,28.731892,29.282950,21.855799,34.360374,18.860700,43.832227
SETUP_LOSS,SELL,M15,DI_MINUS,55,10.966232,9.249300,6.679258,14.186443,1.436306,25.924517
SETUP_LOSS,SELL,M15,DI_GAP,55,17.891779,16.709609,9.990312,23.054535,0.335569,40.437981
SETUP_LOSS,SELL,M15,ATR,55,6.195123,2.672500,1.469250,7.346250,0.533000,46.659000
SETUP_LOSS,SELL,M15,ATR_PCT_PRICE,55,0.198467,0.136611,0.088090,0.256984,0.043361,1.001951
SETUP_LOSS,SELL,M15,EMA200_DIST_POINTS,55,3033.460499,917.245247,367.744082,2152.126609,9.533028,37114.917457
SETUP_LOSS,SELL,M15,EMA200_DIST_ATR,55,2.826107,3.516008,0.118998,4.873253,-8.000198,14.047338
SETUP_LOSS,SELL,M30,RSI,55,63.905762,65.720186,55.029921,72.160492,39.468362,86.370149
SETUP_LOSS,SELL,M30,ADX,55,32.752542,30.180661,21.942874,41.059638,17.305264,57.750998
SETUP_LOSS,SELL,M30,CCI,55,140.409317,147.760830,76.197018,209.136105,-77.168348,405.107159
SETUP_LOSS,SELL,M30,DI_PLUS,55,26.444313,25.350370,20.829858,31.044439,13.545231,44.898264
SETUP_LOSS,SELL,M30,DI_MINUS,55,11.414961,10.162884,6.720582,15.563339,2.795562,25.617559
SETUP_LOSS,SELL,M30,DI_GAP,55,15.423321,14.540236,5.712837,21.096754,0.169843,40.386357
SETUP_LOSS,SELL,M30,ATR,55,9.034373,3.285750,2.032625,8.812500,0.770250,80.369250
SETUP_LOSS,SELL,M30,ATR_PCT_PRICE,55,0.279038,0.181178,0.117168,0.313331,0.061083,1.735756
SETUP_LOSS,SELL,M30,EMA200_DIST_POINTS,55,3364.718000,1019.862100,299.075734,2028.920345,19.767402,44750.927222
SETUP_LOSS,SELL,M30,EMA200_DIST_ATR,55,2.475501,2.578315,0.092688,4.671102,-5.568165,10.859356
SETUP_LOSS,SELL,H1,RSI,55,60.575647,63.440189,50.610802,70.171159,35.119503,78.643192
SETUP_LOSS,SELL,H1,ADX,55,30.045191,30.427369,20.292900,36.655281,11.507599,59.261321
SETUP_LOSS,SELL,H1,CCI,55,100.139358,104.563270,23.943537,167.468107,-124.632926,294.023134
SETUP_LOSS,SELL,H1,DI_PLUS,55,24.288105,23.714192,18.264433,29.496401,12.342509,44.671722
SETUP_LOSS,SELL,H1,DI_MINUS,55,13.314231,11.954926,8.275993,15.792693,4.789705,29.544040
SETUP_LOSS,SELL,H1,DI_GAP,55,13.959814,12.632605,6.488227,19.459811,0.347356,38.692147
SETUP_LOSS,SELL,H1,ATR,55,12.960045,4.062750,2.755625,11.140000,0.847750,149.765000
SETUP_LOSS,SELL,H1,ATR_PCT_PRICE,55,0.384807,0.221338,0.174925,0.395604,0.068966,3.234515
SETUP_LOSS,SELL,H1,EMA200_DIST_POINTS,55,2966.782702,1334.502253,528.894301,2349.320329,2.948363,39321.504565
SETUP_LOSS,SELL,H1,EMA200_DIST_ATR,55,2.149824,2.016353,0.253687,3.866633,-3.239496,10.041838
SETUP_LOSS,SELL,H4,RSI,55,56.746101,57.701826,49.955077,63.370122,30.195648,73.881777
SETUP_LOSS,SELL,H4,ADX,55,24.041824,22.784286,19.941133,26.951505,11.638425,43.664520
SETUP_LOSS,SELL,H4,CCI,55,78.575287,93.599409,-1.125374,165.484359,-109.269852,306.199274
SETUP_LOSS,SELL,H4,DI_PLUS,55,21.078511,21.732072,15.774877,25.474623,6.922448,33.386573
SETUP_LOSS,SELL,H4,DI_MINUS,55,15.391522,14.229077,12.148359,18.355715,7.803300,29.660587
SETUP_LOSS,SELL,H4,DI_GAP,55,10.573867,10.630237,5.566244,14.730787,0.154239,25.125514
SETUP_LOSS,SELL,H4,ATR,55,22.913000,8.076250,5.125875,20.037500,2.507500,236.049000
SETUP_LOSS,SELL,H4,ATR_PCT_PRICE,55,0.693917,0.462444,0.298685,0.679049,0.187611,5.034332
SETUP_LOSS,SELL,H4,EMA200_DIST_POINTS,55,5347.109208,1992.866164,797.766351,6168.513470,9.541926,31673.842405
SETUP_LOSS,SELL,H4,EMA200_DIST_ATR,55,0.343949,0.162733,-2.399437,3.298503,-7.809917,6.682655
SETUP_DEEPSTOP,ALL,M1,RSI,332,35.397226,29.821073,23.175021,45.933284,4.751411,94.402145
SETUP_DEEPSTOP,ALL,M1,ADX,332,36.847811,33.573158,25.749392,47.251863,14.096593,89.058620
SETUP_DEEPSTOP,ALL,M1,CCI,332,-113.432772,-157.354172,-218.018861,-1.471916,-466.666667,466.666667
SETUP_DEEPSTOP,ALL,M1,DI_PLUS,332,14.931237,11.750639,7.846458,19.737438,0.894981,54.038483
SETUP_DEEPSTOP,ALL,M1,DI_MINUS,332,29.879971,32.316063,19.508639,38.568724,4.348080,58.632991
SETUP_DEEPSTOP,ALL,M1,DI_GAP,332,22.448658,23.783724,13.166086,31.129978,0.179042,57.285740
SETUP_DEEPSTOP,ALL,M1,ATR,332,1.252990,0.778875,0.388125,1.661875,0.077000,9.276500
SETUP_DEEPSTOP,ALL,M1,ATR_PCT_PRICE,332,0.054235,0.040908,0.022293,0.071918,0.005816,0.228806
SETUP_DEEPSTOP,ALL,M1,EMA200_DIST_POINTS,332,691.397479,418.247885,173.348867,915.665311,3.367892,4039.365374
SETUP_DEEPSTOP,ALL,M1,EMA200_DIST_ATR,332,-3.803384,-4.721079,-6.989797,-1.239329,-18.004947,12.309720
SETUP_DEEPSTOP,ALL,M5,RSI,332,36.701589,32.645952,23.947916,45.314471,8.975414,88.218530
SETUP_DEEPSTOP,ALL,M5,ADX,332,35.549077,33.607486,25.741671,44.343334,10.757575,71.480658
SETUP_DEEPSTOP,ALL,M5,CCI,332,-123.627639,-150.361991,-212.193247,-88.408884,-438.706121,466.666667
SETUP_DEEPSTOP,ALL,M5,DI_PLUS,332,12.793574,10.142186,7.177203,15.362339,2.182179,47.996007
SETUP_DEEPSTOP,ALL,M5,DI_MINUS,332,27.797914,28.770009,21.509447,34.536407,3.288107,53.992585
SETUP_DEEPSTOP,ALL,M5,DI_GAP,332,20.531302,21.288444,12.772607,27.540966,0.045010,49.809634
SETUP_DEEPSTOP,ALL,M5,ATR,332,2.424422,1.602625,0.785438,3.334563,0.137750,14.948500
SETUP_DEEPSTOP,ALL,M5,ATR_PCT_PRICE,332,0.102757,0.082764,0.051200,0.141289,0.012022,0.362993
SETUP_DEEPSTOP,ALL,M5,EMA200_DIST_POINTS,332,1103.590198,629.270774,236.625124,1427.807433,0.150749,7948.558093
SETUP_DEEPSTOP,ALL,M5,EMA200_DIST_ATR,332,-2.277917,-3.227275,-5.341431,0.001538,-16.976156,23.130177
SETUP_DEEPSTOP,ALL,M15,RSI,332,39.198516,35.752868,26.970988,48.492646,7.383082,91.499408
SETUP_DEEPSTOP,ALL,M15,ADX,332,32.165743,29.850793,22.949245,38.672701,12.993218,75.727303
SETUP_DEEPSTOP,ALL,M15,CCI,332,-102.554146,-142.237736,-198.433934,-17.147041,-444.832311,460.089673
SETUP_DEEPSTOP,ALL,M15,DI_PLUS,332,14.016469,11.590655,8.291860,17.368094,1.792282,43.832227
SETUP_DEEPSTOP,ALL,M15,DI_MINUS,332,25.439225,26.336502,19.776206,32.159522,1.436306,46.035746
SETUP_DEEPSTOP,ALL,M15,DI_GAP,332,17.302634,17.295426,9.634498,23.682436,0.011596,40.437981
SETUP_DEEPSTOP,ALL,M15,ATR,332,3.658461,2.416000,1.266250,4.926875,0.410000,20.449500
SETUP_DEEPSTOP,ALL,M15,ATR_PCT_PRICE,332,0.155006,0.124999,0.083220,0.211084,0.025814,0.552895
SETUP_DEEPSTOP,ALL,M15,EMA200_DIST_POINTS,332,1590.981925,825.308737,392.115890,1843.099464,3.074140,13057.563368
SETUP_DEEPSTOP,ALL,M15,EMA200_DIST_ATR,332,-1.430376,-2.095135,-4.791850,1.264274,-14.596478,22.714642
SETUP_DEEPSTOP,ALL,M30,RSI,332,41.238833,39.103582,30.256509,49.781857,7.449881,86.370149
SETUP_DEEPSTOP,ALL,M30,ADX,332,32.463261,28.831752,22.600890,39.048767,12.163930,75.143723
SETUP_DEEPSTOP,ALL,M30,CCI,332,-94.148767,-128.684622,-188.885640,-14.512693,-401.030960,405.107159
SETUP_DEEPSTOP,ALL,M30,DI_PLUS,332,14.059046,12.642806,7.897295,17.741504,1.231115,44.898264
SETUP_DEEPSTOP,ALL,M30,DI_MINUS,332,24.261409,25.576347,18.616254,30.977037,2.795562,43.250407
SETUP_DEEPSTOP,ALL,M30,DI_GAP,332,16.119122,15.421567,8.163758,22.807721,0.051849,40.472092
SETUP_DEEPSTOP,ALL,M30,ATR,332,4.778629,3.310750,1.614812,6.517500,0.705000,21.980000
SETUP_DEEPSTOP,ALL,M30,ATR_PCT_PRICE,332,0.203798,0.166731,0.113760,0.269508,0.046815,0.949523
SETUP_DEEPSTOP,ALL,M30,EMA200_DIST_POINTS,332,2085.704420,1174.560332,491.644347,2289.407506,6.193672,17774.751057
SETUP_DEEPSTOP,ALL,M30,EMA200_DIST_ATR,332,-1.055930,-1.438115,-5.030868,2.297390,-19.280914,24.473387
SETUP_DEEPSTOP,ALL,H1,RSI,332,43.002783,42.234693,32.863828,50.980789,10.177282,78.643192
SETUP_DEEPSTOP,ALL,H1,ADX,332,30.720341,29.123892,20.986218,36.855715,9.981282,77.345545
SETUP_DEEPSTOP,ALL,H1,CCI,332,-84.319735,-106.785463,-181.112146,8.919535,-384.317687,294.023134
SETUP_DEEPSTOP,ALL,H1,DI_PLUS,332,14.418230,12.502118,9.617363,18.054920,2.256454,44.671722
SETUP_DEEPSTOP,ALL,H1,DI_MINUS,332,23.063485,23.744698,16.291057,28.962896,4.789705,44.602461
SETUP_DEEPSTOP,ALL,H1,DI_GAP,332,14.546951,13.963470,6.498157,21.394886,0.002920,41.716917
SETUP_DEEPSTOP,ALL,H1,ATR,332,6.440800,4.252625,2.419500,8.689812,0.847750,29.864250
SETUP_DEEPSTOP,ALL,H1,ATR_PCT_PRICE,332,0.272841,0.228525,0.171793,0.338348,0.068104,1.432816
SETUP_DEEPSTOP,ALL,H1,EMA200_DIST_POINTS,332,2853.511769,1568.348180,740.632986,3208.909780,0.284519,24007.365099
SETUP_DEEPSTOP,ALL,H1,EMA200_DIST_ATR,332,-0.767814,-0.329751,-5.094755,3.427937,-15.527422,13.198103
SETUP_DEEPSTOP,ALL,H4,RSI,327,45.880197,45.387021,35.937694,54.473926,14.727013,83.987652
SETUP_DEEPSTOP,ALL,H4,ADX,327,28.757397,27.130528,21.396670,32.816439,10.946815,64.826878
SETUP_DEEPSTOP,ALL,H4,CCI,327,-42.968761,-43.894425,-134.409374,34.493858,-340.041631,306.199274
SETUP_DEEPSTOP,ALL,H4,DI_PLUS,327,15.569789,15.033918,11.330215,19.682591,1.872096,33.386573
SETUP_DEEPSTOP,ALL,H4,DI_MINUS,327,20.494254,19.729909,14.348197,26.139501,4.164351,45.019434
SETUP_DEEPSTOP,ALL,H4,DI_GAP,327,11.441232,9.509195,5.041034,16.987332,0.050035,35.965130
SETUP_DEEPSTOP,ALL,H4,ATR,327,12.217760,7.050750,4.501250,15.382250,1.958750,59.552500
SETUP_DEEPSTOP,ALL,H4,ATR_PCT_PRICE,327,0.493242,0.430308,0.288246,0.604404,0.136208,1.757073
SETUP_DEEPSTOP,ALL,H4,EMA200_DIST_POINTS,327,5238.059035,2868.418156,1262.184388,6347.770604,9.541926,38114.066803
SETUP_DEEPSTOP,ALL,H4,EMA200_DIST_ATR,327,0.168542,0.304410,-3.468636,4.197316,-13.458563,19.108330
SETUP_DEEPSTOP,BUY,M1,RSI,288,30.009778,27.644959,21.903510,35.295259,4.751411,79.377531
SETUP_DEEPSTOP,BUY,M1,ADX,288,36.495709,33.160480,25.468760,45.842803,14.096593,89.058620
SETUP_DEEPSTOP,BUY,M1,CCI,288,-154.581295,-172.179267,-226.876323,-114.895508,-466.666667,268.283002
SETUP_DEEPSTOP,BUY,M1,DI_PLUS,288,12.269874,11.142141,7.118091,16.525404,0.894981,37.376396
SETUP_DEEPSTOP,BUY,M1,DI_MINUS,288,32.650970,33.335972,26.734069,39.388711,6.387880,58.632991
SETUP_DEEPSTOP,BUY,M1,DI_GAP,288,22.467658,23.783724,13.578746,31.129978,0.204886,57.285740
SETUP_DEEPSTOP,BUY,M1,ATR,288,1.294426,0.844375,0.413125,1.750250,0.077000,9.276500
SETUP_DEEPSTOP,BUY,M1,ATR_PCT_PRICE,288,0.054382,0.042427,0.024818,0.074883,0.005816,0.227663
SETUP_DEEPSTOP,BUY,M1,EMA200_DIST_POINTS,288,715.863543,425.898230,173.348867,929.279287,3.367892,4039.365374
SETUP_DEEPSTOP,BUY,M1,EMA200_DIST_ATR,288,-5.245684,-5.260421,-7.353289,-3.225332,-18.004947,10.596389
SETUP_DEEPSTOP,BUY,M5,RSI,288,31.624818,30.100786,23.058457,38.362829,8.975414,66.520496
SETUP_DEEPSTOP,BUY,M5,ADX,288,35.659283,33.607486,25.652348,44.481097,10.757575,71.480658
SETUP_DEEPSTOP,BUY,M5,CCI,288,-169.678760,-160.238617,-224.358198,-120.352128,-438.706121,398.437288
SETUP_DEEPSTOP,BUY,M5,DI_PLUS,288,10.102782,9.448534,6.699081,12.544636,2.182179,29.649484
SETUP_DEEPSTOP,BUY,M5,DI_MINUS,288,30.316573,30.481896,25.284857,35.704317,11.700342,53.992585
SETUP_DEEPSTOP,BUY,M5,DI_GAP,288,20.675662,21.430986,12.657037,28.059349,0.045010,49.809634
SETUP_DEEPSTOP,BUY,M5,ATR,288,2.521262,1.668750,0.847875,3.658312,0.137750,14.948500
SETUP_DEEPSTOP,BUY,M5,ATR_PCT_PRICE,288,0.104334,0.084760,0.051704,0.142371,0.012022,0.362993
SETUP_DEEPSTOP,BUY,M5,EMA200_DIST_POINTS,288,1150.014789,640.546677,236.625124,1555.299224,0.150749,7948.558093
SETUP_DEEPSTOP,BUY,M5,EMA200_DIST_ATR,288,-3.203295,-3.651991,-5.639878,-1.280795,-16.976156,23.130177
SETUP_DEEPSTOP,BUY,M15,RSI,288,34.773597,33.117398,26.028375,43.281622,7.383082,69.830945
SETUP_DEEPSTOP,BUY,M15,ADX,288,31.708152,29.750487,22.949245,38.298520,12.993218,72.820933
SETUP_DEEPSTOP,BUY,M15,CCI,288,-146.092762,-158.719825,-208.403242,-86.500070,-444.832311,172.626505
SETUP_DEEPSTOP,BUY,M15,DI_PLUS,288,11.633206,10.974280,7.720740,14.968855,1.792282,29.603000
SETUP_DEEPSTOP,BUY,M15,DI_MINUS,288,27.695710,27.901929,21.620699,32.895432,7.979970,46.035746
SETUP_DEEPSTOP,BUY,M15,DI_GAP,288,17.029733,17.295426,8.962865,23.630792,0.011596,38.615627
SETUP_DEEPSTOP,BUY,M15,ATR,288,3.806655,2.479250,1.266250,5.178250,0.410000,20.449500
SETUP_DEEPSTOP,BUY,M15,ATR_PCT_PRICE,288,0.157763,0.126773,0.083152,0.218202,0.025814,0.552895
SETUP_DEEPSTOP,BUY,M15,EMA200_DIST_POINTS,288,1690.344674,844.850390,413.747307,1996.159561,3.074140,13057.563368
SETUP_DEEPSTOP,BUY,M15,EMA200_DIST_ATR,288,-2.082348,-2.754858,-5.097400,-0.116482,-14.596478,22.714642
SETUP_DEEPSTOP,BUY,M30,RSI,288,37.663765,36.233402,28.732312,45.385834,7.449881,71.998063
SETUP_DEEPSTOP,BUY,M30,ADX,288,32.156221,28.432610,22.581781,38.718786,12.163930,75.143723
SETUP_DEEPSTOP,BUY,M30,CCI,288,-131.415092,-145.140986,-194.573946,-63.854248,-401.030960,150.847609
SETUP_DEEPSTOP,BUY,M30,DI_PLUS,288,11.994872,11.553083,7.412659,14.796291,1.231115,32.749528
SETUP_DEEPSTOP,BUY,M30,DI_MINUS,288,26.335441,26.896791,20.746306,32.047415,6.279110,43.250407
SETUP_DEEPSTOP,BUY,M30,DI_GAP,288,15.965291,15.662319,8.220322,22.493486,0.051849,40.472092
SETUP_DEEPSTOP,BUY,M30,ATR,288,4.975214,3.400875,1.594875,6.906375,0.705000,21.980000
SETUP_DEEPSTOP,BUY,M30,ATR_PCT_PRICE,288,0.207778,0.166731,0.114910,0.277534,0.046815,0.949523
SETUP_DEEPSTOP,BUY,M30,EMA200_DIST_POINTS,288,2265.566934,1243.456484,551.500924,2456.123092,6.193672,17774.751057
SETUP_DEEPSTOP,BUY,M30,EMA200_DIST_ATR,288,-1.605737,-2.067699,-5.472081,1.289182,-19.280914,24.473387
SETUP_DEEPSTOP,BUY,H1,RSI,288,40.263159,39.554391,31.165398,48.346661,10.177282,75.398346
SETUP_DEEPSTOP,BUY,H1,ADX,288,30.824218,28.817574,21.979710,36.772138,9.981282,77.345545
SETUP_DEEPSTOP,BUY,H1,CCI,288,-113.780261,-124.472617,-190.819246,-42.039159,-384.317687,156.314833
SETUP_DEEPSTOP,BUY,H1,DI_PLUS,288,12.761952,11.820413,9.063745,15.994161,2.256454,34.735422
SETUP_DEEPSTOP,BUY,H1,DI_MINUS,288,24.651785,24.784008,18.635396,30.084041,5.689182,44.602461
SETUP_DEEPSTOP,BUY,H1,DI_GAP,288,14.480382,13.963470,6.453434,21.394886,0.002920,41.716917
SETUP_DEEPSTOP,BUY,H1,ATR,288,6.715682,4.610500,2.431625,9.510625,1.140000,29.864250
SETUP_DEEPSTOP,BUY,H1,ATR_PCT_PRICE,288,0.279608,0.235477,0.173693,0.343534,0.068104,1.432816
SETUP_DEEPSTOP,BUY,H1,EMA200_DIST_POINTS,288,3119.271433,1728.056613,863.221207,3746.826595,0.284519,24007.365099
SETUP_DEEPSTOP,BUY,H1,EMA200_DIST_ATR,288,-1.281698,-0.927788,-5.611208,2.841857,-15.527422,13.198103
SETUP_DEEPSTOP,BUY,H4,RSI,283,44.116931,43.444752,34.296939,52.487514,14.727013,83.987652
SETUP_DEEPSTOP,BUY,H4,ADX,283,29.440718,28.131631,22.204802,34.295182,10.946815,64.826878
SETUP_DEEPSTOP,BUY,H4,CCI,283,-61.784232,-62.874687,-142.279922,9.082701,-340.041631,175.854033
SETUP_DEEPSTOP,BUY,H4,DI_PLUS,283,14.626468,13.989018,10.543457,17.931057,1.872096,30.619837
SETUP_DEEPSTOP,BUY,H4,DI_MINUS,283,21.320290,20.409216,15.443032,26.956541,4.164351,45.019434
SETUP_DEEPSTOP,BUY,H4,DI_GAP,283,11.588005,9.437528,4.963650,17.272260,0.050035,35.965130
SETUP_DEEPSTOP,BUY,H4,ATR,283,12.830760,7.512250,4.495250,17.167250,1.958750,59.552500
SETUP_DEEPSTOP,BUY,H4,ATR_PCT_PRICE,283,0.504350,0.435102,0.292911,0.613886,0.136208,1.757073
SETUP_DEEPSTOP,BUY,H4,EMA200_DIST_POINTS,283,5591.456056,3081.353487,1416.297013,6563.391219,49.869615,38114.066803
SETUP_DEEPSTOP,BUY,H4,EMA200_DIST_ATR,283,0.013019,0.094639,-4.410447,4.198343,-13.458563,19.108330
SETUP_DEEPSTOP,SELL,M1,RSI,44,70.660519,70.565151,64.809095,79.240256,35.751737,94.402145
SETUP_DEEPSTOP,SELL,M1,ADX,44,39.152481,37.060741,28.781713,48.459880,16.628030,72.220979
SETUP_DEEPSTOP,SELL,M1,CCI,44,155.903017,163.391517,122.953971,211.636642,-196.451589,466.666667
SETUP_DEEPSTOP,SELL,M1,DI_PLUS,44,32.351070,32.319760,23.713584,39.582009,11.822082,54.038483
SETUP_DEEPSTOP,SELL,M1,DI_MINUS,44,11.742529,9.232889,6.388697,14.374046,4.348080,32.254969
SETUP_DEEPSTOP,SELL,M1,DI_GAP,44,22.324295,22.979614,12.215349,31.239563,0.179042,49.283239
SETUP_DEEPSTOP,SELL,M1,ATR,44,0.981773,0.645250,0.360063,1.339812,0.125000,3.358000
SETUP_DEEPSTOP,SELL,M1,ATR_PCT_PRICE,44,0.053272,0.038262,0.021297,0.066190,0.009913,0.228806
SETUP_DEEPSTOP,SELL,M1,EMA200_DIST_POINTS,44,531.255974,310.031454,174.752675,729.460739,9.043365,2181.921122
SETUP_DEEPSTOP,SELL,M1,EMA200_DIST_ATR,44,5.637128,5.534097,4.011562,7.940151,-0.978453,12.309720
SETUP_DEEPSTOP,SELL,M5,RSI,44,69.931365,70.108181,63.858650,77.305919,45.958235,88.218530
SETUP_DEEPSTOP,SELL,M5,ADX,44,34.827730,33.636645,26.254251,41.587091,17.598168,65.154404
SETUP_DEEPSTOP,SELL,M5,CCI,44,177.797881,149.273528,121.949503,223.924777,-82.054365,466.666667
SETUP_DEEPSTOP,SELL,M5,DI_PLUS,44,30.406026,30.375076,24.627943,34.212216,18.218599,47.996007
SETUP_DEEPSTOP,SELL,M5,DI_MINUS,44,11.312148,9.838572,7.666924,14.466085,3.288107,26.266219
SETUP_DEEPSTOP,SELL,M5,DI_GAP,44,19.586403,19.467413,15.032432,25.960811,2.296083,44.122956
SETUP_DEEPSTOP,SELL,M5,ATR,44,1.790562,1.161750,0.683000,2.512375,0.372250,5.740000
SETUP_DEEPSTOP,SELL,M5,ATR_PCT_PRICE,44,0.092430,0.070099,0.044987,0.131433,0.029521,0.250848
SETUP_DEEPSTOP,SELL,M5,EMA200_DIST_POINTS,44,799.720146,610.440850,235.785751,1041.915874,7.747451,4185.209198
SETUP_DEEPSTOP,SELL,M5,EMA200_DIST_ATR,44,3.779101,4.127912,2.076030,6.381271,-6.434800,11.464061
SETUP_DEEPSTOP,SELL,M15,RSI,44,68.161622,68.307269,60.568867,78.164178,43.935358,91.499408
SETUP_DEEPSTOP,SELL,M15,ADX,44,35.160887,30.845058,23.206084,45.141968,13.916957,75.727303
SETUP_DEEPSTOP,SELL,M15,CCI,44,182.425885,158.799027,118.807375,219.662890,-26.870856,460.089673
SETUP_DEEPSTOP,SELL,M15,DI_PLUS,44,29.616006,29.355283,24.299260,34.610358,20.873604,43.832227
SETUP_DEEPSTOP,SELL,M15,DI_MINUS,44,10.669504,8.828659,6.325880,13.467994,1.436306,25.924517
SETUP_DEEPSTOP,SELL,M15,DI_GAP,44,19.088898,17.178018,12.199118,27.258242,0.638537,40.437981
SETUP_DEEPSTOP,SELL,M15,ATR,44,2.688466,2.005250,1.268750,3.438250,0.533000,8.190000
SETUP_DEEPSTOP,SELL,M15,ATR_PCT_PRICE,44,0.136963,0.118911,0.083251,0.186868,0.043361,0.301723
SETUP_DEEPSTOP,SELL,M15,EMA200_DIST_POINTS,44,940.607567,764.994802,312.019051,1167.621884,9.533028,4996.819282
SETUP_DEEPSTOP,SELL,M15,EMA200_DIST_ATR,44,2.837074,3.506517,-0.043054,4.775559,-6.415513,14.047338
SETUP_DEEPSTOP,SELL,M30,RSI,44,64.639280,66.145676,55.387321,76.147733,39.468362,86.370149
SETUP_DEEPSTOP,SELL,M30,ADX,44,34.472974,32.568169,26.345500,43.401976,17.305264,57.750998
SETUP_DEEPSTOP,SELL,M30,CCI,44,149.776268,151.139231,90.248324,210.590433,-77.168348,405.107159
SETUP_DEEPSTOP,SELL,M30,DI_PLUS,44,27.570003,27.226667,21.436232,32.348522,13.545231,44.898264
SETUP_DEEPSTOP,SELL,M30,DI_MINUS,44,10.685930,9.500155,6.318764,13.813960,2.795562,25.617559
SETUP_DEEPSTOP,SELL,M30,DI_GAP,44,17.126012,15.323146,7.983491,25.047075,0.169843,40.386357
SETUP_DEEPSTOP,SELL,M30,ATR,44,3.491886,2.755375,1.705500,3.820000,0.770250,11.125000
SETUP_DEEPSTOP,SELL,M30,ATR_PCT_PRICE,44,0.177747,0.168955,0.107611,0.239609,0.061083,0.394359
SETUP_DEEPSTOP,SELL,M30,EMA200_DIST_POINTS,44,908.422511,806.202849,272.079487,1287.441440,19.767402,4287.009519
SETUP_DEEPSTOP,SELL,M30,EMA200_DIST_ATR,44,2.542809,2.469132,0.106800,4.665622,-3.151107,10.859356
SETUP_DEEPSTOP,SELL,H1,RSI,44,60.934868,62.701892,51.127916,70.449451,35.307294,78.643192
SETUP_DEEPSTOP,SELL,H1,ADX,44,30.040420,30.599604,18.954212,37.094210,11.507599,50.584382
SETUP_DEEPSTOP,SELL,H1,CCI,44,108.512798,109.690436,31.724752,183.763111,-124.632926,294.023134
SETUP_DEEPSTOP,SELL,H1,DI_PLUS,44,25.259324,24.538151,18.535037,30.664798,12.744938,44.671722
SETUP_DEEPSTOP,SELL,H1,DI_MINUS,44,12.667338,10.733879,8.113018,15.662425,4.789705,26.703822
SETUP_DEEPSTOP,SELL,H1,DI_GAP,44,14.982678,14.386054,6.498157,21.598152,0.347356,38.692147
SETUP_DEEPSTOP,SELL,H1,ATR,44,4.641568,3.493125,2.300375,5.074813,0.847750,16.762500
SETUP_DEEPSTOP,SELL,H1,ATR_PCT_PRICE,44,0.228548,0.204369,0.166080,0.295604,0.068966,0.437716
SETUP_DEEPSTOP,SELL,H1,EMA200_DIST_POINTS,44,1113.993968,869.676411,426.091762,1520.162196,2.948363,3494.465980
SETUP_DEEPSTOP,SELL,H1,EMA200_DIST_ATR,44,2.595791,2.457175,0.789164,4.264299,-2.089992,10.041838
SETUP_DEEPSTOP,SELL,H4,RSI,44,57.221204,55.896868,49.966817,63.753139,42.075791,73.881777
SETUP_DEEPSTOP,SELL,H4,ADX,44,24.362398,23.529550,20.619960,27.396162,16.134624,38.776908
SETUP_DEEPSTOP,SELL,H4,CCI,44,78.048926,84.397115,-7.873493,177.561824,-107.312400,306.199274
SETUP_DEEPSTOP,SELL,H4,DI_PLUS,44,21.637062,21.542407,15.882348,26.445934,8.743333,33.386573
SETUP_DEEPSTOP,SELL,H4,DI_MINUS,44,15.181341,14.433523,12.530914,18.424299,7.803300,26.393410
SETUP_DEEPSTOP,SELL,H4,DI_GAP,44,10.497215,10.551567,5.566244,14.159067,0.154239,25.125514
SETUP_DEEPSTOP,SELL,H4,ATR,44,8.275057,6.006250,4.890062,9.399062,2.507500,31.107500
SETUP_DEEPSTOP,SELL,H4,ATR_PCT_PRICE,44,0.421797,0.409449,0.279324,0.540690,0.187611,0.779975
SETUP_DEEPSTOP,SELL,H4,EMA200_DIST_POINTS,44,2965.073649,1298.893883,727.412034,4034.896725,9.541926,15525.565375
SETUP_DEEPSTOP,SELL,H4,EMA200_DIST_ATR,44,1.168842,1.452886,-0.717425,3.529809,-7.809917,6.682655
