sep=,
Group,Side,TF,Indicator,N,Mean,Median,Q25,Q75,Min,Max
ALL,ALL,M1,RSI,9570,43.677501,44.215471,30.453665,53.653216,3.982160,92.787753
ALL,ALL,M1,ADX,9570,32.171380,29.818148,22.879679,39.292919,9.852506,89.058620
ALL,ALL,M1,CCI,9570,-33.828945,-30.309035,-160.891120,94.352215,-466.666667,466.666667
ALL,ALL,M1,DI_PLUS,9570,17.640451,16.103972,10.994079,22.122649,0.632639,63.449951
ALL,ALL,M1,DI_MINUS,9570,23.503227,20.858805,15.197515,32.057085,0.844357,65.253018
ALL,ALL,M1,DI_GAP,9570,15.160661,12.245035,4.780560,24.430628,0.004206,60.382693
ALL,ALL,M1,ATR,9570,0.724060,0.416250,0.245000,0.770437,0.020750,20.077500
ALL,ALL,M1,ATR_PCT_PRICE,9570,0.033259,0.024833,0.015839,0.040070,0.001635,0.454561
ALL,ALL,M1,EMA200_DIST_POINTS,9570,357.541218,192.542279,86.729875,394.233249,0.019144,14063.641144
ALL,ALL,M1,EMA200_DIST_ATR,9570,-1.930546,-2.754608,-5.875840,2.267358,-53.209614,38.280843
ALL,ALL,M5,RSI,9570,44.116361,42.447184,32.911716,54.393273,5.435312,89.299286
ALL,ALL,M5,ADX,9570,33.032469,30.845227,23.741642,40.488766,8.736896,85.277864
ALL,ALL,M5,CCI,9570,-62.626695,-94.595173,-151.372613,38.089098,-466.666667,466.666667
ALL,ALL,M5,DI_PLUS,9570,15.217313,12.974465,8.939258,19.747021,0.838946,52.668924
ALL,ALL,M5,DI_MINUS,9570,22.932115,23.629126,15.426846,30.034365,0.887928,54.930700
ALL,ALL,M5,DI_GAP,9570,15.997342,15.708357,8.813101,22.453623,0.000576,50.541625
ALL,ALL,M5,ATR,9570,1.585476,0.967500,0.590000,1.676438,0.089500,40.461000
ALL,ALL,M5,ATR_PCT_PRICE,9570,0.072725,0.057073,0.038809,0.087852,0.006766,1.106264
ALL,ALL,M5,EMA200_DIST_POINTS,9570,655.403769,359.011265,159.774014,731.404295,0.077456,29877.625254
ALL,ALL,M5,EMA200_DIST_ATR,9570,-0.548272,-0.912009,-4.176859,3.050791,-54.339991,51.638209
ALL,ALL,M15,RSI,9566,46.376872,45.874976,36.703698,55.510038,7.383082,91.970111
ALL,ALL,M15,ADX,9566,30.342581,27.963133,22.006235,36.127476,9.519466,88.802332
ALL,ALL,M15,CCI,9566,-50.247870,-72.798354,-147.173958,48.975727,-466.666667,459.771916
ALL,ALL,M15,DI_PLUS,9566,16.014008,14.550780,10.254393,20.364580,0.523014,50.564303
ALL,ALL,M15,DI_MINUS,9566,21.604577,21.481512,15.017587,27.947197,1.117575,53.668770
ALL,ALL,M15,DI_GAP,9566,13.562170,12.560103,6.270022,19.539229,0.000067,47.698488
ALL,ALL,M15,ATR,9566,2.635973,1.626625,1.017375,2.823438,0.189750,72.907500
ALL,ALL,M15,ATR_PCT_PRICE,9566,0.121211,0.097183,0.067880,0.146243,0.014916,1.765338
ALL,ALL,M15,EMA200_DIST_POINTS,9566,1096.266371,629.534612,281.703017,1252.569184,0.003584,46096.915336
ALL,ALL,M15,EMA200_DIST_ATR,9566,0.042162,-0.177079,-3.863521,3.834137,-43.662902,50.689819
ALL,ALL,M30,RSI,9562,47.810600,47.492671,38.934034,56.510249,6.150629,90.201408
ALL,ALL,M30,ADX,9562,29.720368,27.213981,21.371704,35.915041,9.060608,88.928684
ALL,ALL,M30,CCI,9562,-35.118344,-42.435057,-127.927160,56.566267,-465.912683,466.666667
ALL,ALL,M30,DI_PLUS,9562,16.632757,15.643859,11.137349,21.236148,0.994415,48.531876
ALL,ALL,M30,DI_MINUS,9562,20.223999,19.854965,14.113438,25.777199,0.939926,50.810502
ALL,ALL,M30,DI_GAP,9562,11.973363,10.569315,5.121872,17.408073,0.004616,46.249483
ALL,ALL,M30,ATR,9562,3.722515,2.316500,1.462813,4.001500,0.337250,83.926750
ALL,ALL,M30,ATR_PCT_PRICE,9562,0.170978,0.139381,0.098378,0.206691,0.026588,2.032152
ALL,ALL,M30,EMA200_DIST_POINTS,9562,1497.846463,863.775596,382.784839,1698.769120,0.191241,59490.243776
ALL,ALL,M30,EMA200_DIST_ATR,9562,0.298717,0.312335,-3.327619,3.778165,-32.898006,39.846463
ALL,ALL,H1,RSI,9553,48.915180,48.633244,40.254143,57.850607,8.332642,88.217262
ALL,ALL,H1,ADX,9553,29.574159,27.455802,21.219558,35.471361,9.046572,86.962608
ALL,ALL,H1,CCI,9553,-19.813791,-20.841976,-104.264957,67.314350,-456.711993,370.926804
ALL,ALL,H1,DI_PLUS,9553,17.139568,16.234009,11.845218,21.550200,1.480411,48.366814
ALL,ALL,H1,DI_MINUS,9553,18.862373,18.251362,13.083465,23.994767,0.797203,50.758862
ALL,ALL,H1,DI_GAP,9553,11.090145,9.629322,4.454773,16.208359,0.002920,44.582425
ALL,ALL,H1,ATR,9553,5.322598,3.343250,2.135750,5.602750,0.486500,149.765000
ALL,ALL,H1,ATR_PCT_PRICE,9553,0.243628,0.200787,0.142772,0.294123,0.038584,3.234515
ALL,ALL,H1,EMA200_DIST_POINTS,9553,2044.848449,1188.883870,512.210861,2380.852357,0.117430,73020.813117
ALL,ALL,H1,EMA200_DIST_ATR,9553,0.499788,0.633757,-2.820424,3.917955,-29.594933,28.089176
ALL,ALL,H4,RSI,9480,50.302705,50.592644,42.124636,58.578060,10.416686,92.544762
ALL,ALL,H4,ADX,9480,30.009964,27.711986,21.523602,36.191083,8.408214,83.878545
ALL,ALL,H4,CCI,9480,-0.580206,1.849760,-82.096895,81.951830,-440.069959,366.579580
ALL,ALL,H4,DI_PLUS,9480,18.117963,17.410093,12.737138,22.811975,1.872096,56.664731
ALL,ALL,H4,DI_MINUS,9480,17.681470,17.096685,12.274282,22.408450,1.143058,50.113185
ALL,ALL,H4,DI_GAP,9480,10.743936,9.314951,4.316246,15.609305,0.003882,50.389069
ALL,ALL,H4,ATR,9480,10.334165,6.561000,4.339625,10.558750,0.958250,236.049000
ALL,ALL,H4,ATR_PCT_PRICE,9480,0.467055,0.397280,0.291116,0.549789,0.074491,5.034332
ALL,ALL,H4,EMA200_DIST_POINTS,9480,4255.719325,2481.249640,1104.566734,4988.319308,0.147989,83851.475473
ALL,ALL,H4,EMA200_DIST_ATR,9480,0.967516,0.901212,-2.678751,4.806827,-33.675090,23.536023
ALL,BUY,M1,RSI,7218,37.867130,36.990898,27.883945,48.062385,3.982160,89.823996
ALL,BUY,M1,ADX,7218,32.293603,29.878099,23.007129,39.437783,9.852506,89.058620
ALL,BUY,M1,CCI,7218,-62.435036,-63.154082,-178.305985,62.730665,-466.666667,466.471357
ALL,BUY,M1,DI_PLUS,7218,15.213090,14.340652,9.781511,19.613091,0.632639,55.825725
ALL,BUY,M1,DI_MINUS,7218,26.177631,24.455201,17.195664,34.648121,0.844357,65.253018
ALL,BUY,M1,DI_GAP,7218,15.437844,12.649254,4.942446,24.737635,0.005074,58.532849
ALL,BUY,M1,ATR,7218,0.742909,0.419875,0.245750,0.786375,0.020750,20.077500
ALL,BUY,M1,ATR_PCT_PRICE,7218,0.033968,0.025170,0.015934,0.040732,0.001635,0.424861
ALL,BUY,M1,EMA200_DIST_POINTS,7218,361.017291,188.409041,85.715142,392.764331,0.019144,14063.641144
ALL,BUY,M1,EMA200_DIST_ATR,7218,-4.055108,-4.164784,-6.774767,-1.321477,-53.209614,36.389538
ALL,BUY,M5,RSI,7218,38.278992,37.695341,30.511217,45.671094,5.435312,80.839422
ALL,BUY,M5,ADX,7218,32.945285,30.832145,23.741642,40.299148,8.736896,85.277864
ALL,BUY,M5,CCI,7218,-121.371544,-120.525335,-169.525414,-78.532674,-466.666667,437.513607
ALL,BUY,M5,DI_PLUS,7218,11.599425,10.936948,7.970356,14.537421,0.838946,38.671574
ALL,BUY,M5,DI_MINUS,7218,26.717003,26.623812,21.379234,31.922062,2.539130,54.930700
ALL,BUY,M5,DI_GAP,7218,16.054137,15.767120,8.810778,22.520057,0.000576,50.541625
ALL,BUY,M5,ATR,7218,1.614021,0.968625,0.588750,1.707312,0.095750,40.461000
ALL,BUY,M5,ATR_PCT_PRICE,7218,0.073812,0.057507,0.039013,0.088942,0.006766,0.838916
ALL,BUY,M5,EMA200_DIST_POINTS,7218,656.458772,356.736276,157.300188,727.002995,0.148117,29877.625254
ALL,BUY,M5,EMA200_DIST_ATR,7218,-1.425383,-1.856606,-4.762459,1.618046,-54.339991,51.638209
ALL,BUY,M15,RSI,7214,42.262455,42.216809,34.099467,50.138750,7.383082,83.351678
ALL,BUY,M15,ADX,7214,30.301569,27.986770,22.101637,36.005876,9.519466,88.802332
ALL,BUY,M15,CCI,7214,-100.321330,-113.512092,-165.198636,-32.142220,-466.666667,371.378305
ALL,BUY,M15,DI_PLUS,7214,13.152076,12.549186,9.172416,16.658074,0.523014,38.208274
ALL,BUY,M15,DI_MINUS,7214,24.520310,24.481701,19.175333,29.702202,1.117575,53.668770
ALL,BUY,M15,DI_GAP,7214,13.471233,12.466475,6.204578,19.492960,0.000067,47.698488
ALL,BUY,M15,ATR,7214,2.658897,1.620000,1.012063,2.874250,0.189750,72.907500
ALL,BUY,M15,ATR_PCT_PRICE,7214,0.122105,0.097239,0.067588,0.147059,0.014916,1.765338
ALL,BUY,M15,EMA200_DIST_POINTS,7214,1113.892621,638.587923,283.345007,1272.639548,0.003584,46096.915336
ALL,BUY,M15,EMA200_DIST_ATR,7214,-0.346876,-0.739482,-4.279415,3.242887,-43.662902,50.689819
ALL,BUY,M30,RSI,7210,44.854501,44.747932,36.750783,52.736671,6.150629,84.255953
ALL,BUY,M30,ADX,7210,29.803025,27.167970,21.385948,35.916456,9.060608,88.928684
ALL,BUY,M30,CCI,7210,-72.859452,-81.526293,-148.732944,11.988967,-465.912683,395.678942
ALL,BUY,M30,DI_PLUS,7210,14.582633,14.081910,10.114319,18.390999,0.994415,41.774133
ALL,BUY,M30,DI_MINUS,7210,22.267548,22.052070,16.715365,27.573384,0.939926,50.810502
ALL,BUY,M30,DI_GAP,7210,11.859967,10.524471,5.082831,17.156553,0.004616,46.249483
ALL,BUY,M30,ATR,7210,3.718522,2.300875,1.447125,4.030687,0.337250,83.926750
ALL,BUY,M30,ATR_PCT_PRICE,7210,0.171023,0.139121,0.098186,0.207080,0.026588,2.032152
ALL,BUY,M30,EMA200_DIST_POINTS,7210,1618.355332,961.135237,425.262644,1842.782880,0.191241,59490.243776
ALL,BUY,M30,EMA200_DIST_ATR,7210,0.043271,-0.115876,-4.030924,3.945145,-32.898006,39.846463
ALL,BUY,H1,RSI,7201,46.992710,46.722607,38.641457,55.231151,8.332642,88.217262
ALL,BUY,H1,ADX,7201,29.694335,27.518629,21.350458,35.407825,9.046572,86.962608
ALL,BUY,H1,CCI,7201,-44.367010,-47.495337,-122.949216,44.094183,-456.711993,370.926804
ALL,BUY,H1,DI_PLUS,7201,15.881526,15.175504,11.129347,19.840349,1.480411,44.711289
ALL,BUY,H1,DI_MINUS,7201,20.105352,19.680308,14.502328,25.255825,0.797203,50.758862
ALL,BUY,H1,DI_GAP,7201,10.995643,9.548992,4.373339,16.077258,0.002920,44.582425
ALL,BUY,H1,ATR,7201,5.301105,3.321750,2.120000,5.651500,0.486500,102.780750
ALL,BUY,H1,ATR_PCT_PRICE,7201,0.243258,0.200522,0.142165,0.293971,0.038584,2.719031
ALL,BUY,H1,EMA200_DIST_POINTS,7201,2330.201502,1425.421391,635.101546,2665.440686,0.117430,73020.813117
ALL,BUY,H1,EMA200_DIST_ATR,7201,0.298123,0.360315,-3.855493,4.479927,-29.594933,28.089176
ALL,BUY,H4,RSI,7150,49.511816,49.530781,40.569685,58.537085,10.416686,92.544762
ALL,BUY,H4,ADX,7150,30.833800,28.355310,21.795197,37.211358,8.408214,83.878545
ALL,BUY,H4,CCI,7150,-7.771114,-4.489295,-88.173831,73.516863,-440.069959,337.026131
ALL,BUY,H4,DI_PLUS,7150,17.833584,17.140753,12.453976,22.569475,1.872096,56.664731
ALL,BUY,H4,DI_MINUS,7150,17.933255,17.376987,12.382835,22.776406,1.143058,50.113185
ALL,BUY,H4,DI_GAP,7150,10.883113,9.295200,4.373006,15.798280,0.003882,50.389069
ALL,BUY,H4,ATR,7150,10.320115,6.576875,4.323250,10.622875,1.117000,233.702750
ALL,BUY,H4,ATR_PCT_PRICE,7150,0.467184,0.398470,0.292074,0.550897,0.086940,4.565576
ALL,BUY,H4,EMA200_DIST_POINTS,7150,4540.328310,2671.642956,1246.548270,5214.083612,0.692111,83851.475473
ALL,BUY,H4,EMA200_DIST_ATR,7150,0.873688,0.829983,-3.129634,5.079068,-33.675090,22.255066
ALL,SELL,M1,RSI,2352,61.508819,61.551186,52.346148,70.905377,18.402347,92.787753
ALL,SELL,M1,ADX,2352,31.796292,29.561807,22.507751,38.819517,10.384996,81.488910
ALL,SELL,M1,CCI,2352,53.959647,40.625400,-64.963263,168.850582,-377.184118,466.666667
ALL,SELL,M1,DI_PLUS,2352,25.089726,22.515701,16.599469,33.209013,1.002371,63.449951
ALL,SELL,M1,DI_MINUS,2352,15.295809,14.595300,9.961260,19.569170,1.310778,45.452125
ALL,SELL,M1,DI_GAP,2352,14.310021,10.772962,4.387218,23.375905,0.004206,60.382693
ALL,SELL,M1,ATR,2352,0.666214,0.409750,0.241500,0.728875,0.025500,15.577500
ALL,SELL,M1,ATR_PCT_PRICE,2352,0.031083,0.023820,0.015611,0.037951,0.001999,0.454561
ALL,SELL,M1,EMA200_DIST_POINTS,2352,346.873575,207.087412,89.688438,399.606313,0.050371,7994.606958
ALL,SELL,M1,EMA200_DIST_ATR,2352,4.589475,4.716357,1.840244,7.362483,-27.443550,38.280843
ALL,SELL,M5,RSI,2352,62.030535,62.629460,55.070523,69.108283,28.467317,89.299286
ALL,SELL,M5,ADX,2352,33.300026,30.894645,23.743688,40.950793,10.546171,84.626677
ALL,SELL,M5,CCI,2352,117.654054,115.381420,80.596015,161.996203,-253.711926,466.666667
ALL,SELL,M5,DI_PLUS,2352,26.320166,26.056439,21.197519,31.388298,4.184314,52.668924
ALL,SELL,M5,DI_MINUS,2352,11.316755,10.519206,7.654311,14.166894,0.887928,39.365465
ALL,SELL,M5,DI_GAP,2352,15.823047,15.564947,8.832372,22.144035,0.000858,49.014700
ALL,SELL,M5,ATR,2352,1.497876,0.961875,0.592375,1.602250,0.089500,29.692000
ALL,SELL,M5,ATR_PCT_PRICE,2352,0.069389,0.055980,0.038179,0.085181,0.006941,1.106264
ALL,SELL,M5,EMA200_DIST_POINTS,2352,652.166093,365.873084,166.432755,751.160202,0.077456,12473.519245
ALL,SELL,M5,EMA200_DIST_ATR,2352,2.143474,2.584811,-0.939763,5.556537,-35.014538,29.288051
ALL,SELL,M15,RSI,2352,58.996517,59.104882,51.391925,66.929877,20.458539,91.970111
ALL,SELL,M15,ADX,2352,30.468370,27.899851,21.751330,36.519853,10.006772,81.746089
ALL,SELL,M15,CCI,2352,103.336287,115.073924,49.450638,161.990829,-187.254219,459.771916
ALL,SELL,M15,DI_PLUS,2352,24.792059,24.501884,19.502865,29.824506,3.007170,50.564303
ALL,SELL,M15,DI_MINUS,2352,12.661509,12.169024,8.824656,15.969639,1.436306,35.095005
ALL,SELL,M15,DI_GAP,2352,13.841089,12.903811,6.573804,19.747856,0.010687,46.502785
ALL,SELL,M15,ATR,2352,2.565660,1.647500,1.038812,2.713312,0.204500,46.659000
ALL,SELL,M15,ATR_PCT_PRICE,2352,0.118469,0.097106,0.069002,0.144061,0.016017,1.363695
ALL,SELL,M15,EMA200_DIST_POINTS,2352,1042.203544,598.312654,277.883493,1172.573899,0.141780,37114.917457
ALL,SELL,M15,EMA200_DIST_ATR,2352,1.235410,1.447915,-2.122548,4.793770,-30.514051,32.032510
ALL,SELL,M30,RSI,2352,56.872451,56.915953,48.834962,65.169920,15.823347,90.201408
ALL,SELL,M30,ADX,2352,29.466985,27.329925,21.324045,35.909762,10.723586,77.244896
ALL,SELL,M30,CCI,2352,80.576122,91.769379,5.139879,148.476796,-263.984359,466.666667
ALL,SELL,M30,DI_PLUS,2352,22.917361,22.627422,17.441686,28.221123,1.527606,48.531876
ALL,SELL,M30,DI_MINUS,2352,13.959547,13.301200,9.835545,17.664163,1.785601,38.856283
ALL,SELL,M30,DI_GAP,2352,12.320973,10.812252,5.191558,18.110829,0.013876,43.980848
ALL,SELL,M30,ATR,2352,3.734757,2.345500,1.518812,3.888750,0.367000,80.369250
ALL,SELL,M30,ATR_PCT_PRICE,2352,0.170838,0.139855,0.099116,0.205305,0.028744,1.735756
ALL,SELL,M30,EMA200_DIST_POINTS,2352,1128.429394,626.501559,272.518761,1273.350845,0.578001,44750.927222
ALL,SELL,M30,EMA200_DIST_ATR,2352,1.081781,1.146083,-1.312228,3.489253,-20.984006,22.493132
ALL,SELL,H1,RSI,2352,54.801108,55.124262,46.345848,63.396214,14.317837,85.704768
ALL,SELL,H1,ADX,2352,29.206222,27.300400,20.819457,35.802685,10.034772,73.767288
ALL,SELL,H1,CCI,2352,55.359564,64.281230,-29.059009,131.647279,-317.081384,340.230503
ALL,SELL,H1,DI_PLUS,2352,20.991250,20.514774,14.885128,26.487914,1.835689,48.366814
ALL,SELL,H1,DI_MINUS,2352,15.056804,14.350196,10.357575,19.091671,2.720608,45.493573
ALL,SELL,H1,DI_GAP,2352,11.379477,9.796606,4.671552,16.808576,0.015439,42.267830
ALL,SELL,H1,ATR,2352,5.388402,3.410250,2.190125,5.436000,0.693250,149.765000
ALL,SELL,H1,ATR_PCT_PRICE,2352,0.244759,0.201585,0.144290,0.294191,0.053215,3.234515
ALL,SELL,H1,EMA200_DIST_POINTS,2352,1171.197370,679.865437,297.701120,1367.455630,0.542915,39321.504565
ALL,SELL,H1,EMA200_DIST_ATR,2352,1.117216,1.035781,-0.773165,2.879227,-17.188036,14.778435
ALL,SELL,H4,RSI,2330,52.729684,52.567576,46.899085,58.741936,17.785616,85.496997
ALL,SELL,H4,ADX,2330,27.481884,26.157663,20.647872,33.036354,10.900567,74.847449
ALL,SELL,H4,CCI,2330,21.486312,29.367600,-66.179987,104.175063,-334.656554,366.579580
ALL,SELL,H4,DI_PLUS,2330,18.990630,18.225890,13.683860,23.850516,2.181577,48.385709
ALL,SELL,H4,DI_MINUS,2330,16.908823,16.125624,12.045727,21.087565,3.497262,45.023627
ALL,SELL,H4,DI_GAP,2330,10.316845,9.371480,4.139349,14.947377,0.006167,42.927261
ALL,SELL,H4,ATR,2330,10.377281,6.526875,4.372563,10.420750,0.958250,236.049000
ALL,SELL,H4,ATR_PCT_PRICE,2330,0.466658,0.394073,0.288188,0.542970,0.074491,5.034332
ALL,SELL,H4,EMA200_DIST_POINTS,2330,3382.348405,1933.064446,784.829315,4108.869042,0.147989,43298.482266
ALL,SELL,H4,EMA200_DIST_ATR,2330,1.255443,1.068979,-1.635764,4.125690,-17.769717,23.536023
SETUP_STOP,ALL,M1,RSI,394,36.574883,31.148498,24.391300,47.068890,3.982160,92.787753
SETUP_STOP,ALL,M1,ADX,394,36.610903,33.399365,25.191262,47.491197,10.362796,89.058620
SETUP_STOP,ALL,M1,CCI,394,-98.933790,-142.920064,-205.562899,23.396582,-466.666667,466.666667
SETUP_STOP,ALL,M1,DI_PLUS,394,15.048515,12.036999,7.756989,20.252455,0.894981,54.038483
SETUP_STOP,ALL,M1,DI_MINUS,394,28.315406,30.928200,17.683189,36.451038,2.518726,58.632991
SETUP_STOP,ALL,M1,DI_GAP,394,21.145391,21.877820,11.083378,29.926141,0.179042,57.285740
SETUP_STOP,ALL,M1,ATR,394,1.681562,0.885000,0.410375,1.895812,0.077000,19.901500
SETUP_STOP,ALL,M1,ATR_PCT_PRICE,394,0.059925,0.045881,0.026855,0.067261,0.005816,0.416671
SETUP_STOP,ALL,M1,EMA200_DIST_POINTS,394,931.205885,452.052392,182.521481,1069.161915,3.367892,12329.541680
SETUP_STOP,ALL,M1,EMA200_DIST_ATR,394,-3.867606,-4.726978,-7.146177,-1.070690,-46.378751,16.358918
SETUP_STOP,ALL,M5,RSI,394,37.250055,33.248881,25.112136,46.349688,8.049822,87.703854
SETUP_STOP,ALL,M5,ADX,394,35.351013,32.924049,25.176766,43.004803,10.757575,77.573579
SETUP_STOP,ALL,M5,CCI,394,-113.654323,-147.910640,-199.311233,-81.892130,-466.666667,466.666667
SETUP_STOP,ALL,M5,DI_PLUS,394,13.142277,10.611369,7.760911,15.871113,1.210981,47.996007
SETUP_STOP,ALL,M5,DI_MINUS,394,27.207142,27.967540,20.683153,33.703489,3.288107,53.992585
SETUP_STOP,ALL,M5,DI_GAP,394,19.673312,19.709818,12.339155,26.232452,0.045010,49.147503
SETUP_STOP,ALL,M5,ATR,394,3.491306,1.869250,0.872125,4.148500,0.137750,30.328250
SETUP_STOP,ALL,M5,ATR_PCT_PRICE,394,0.124847,0.096477,0.053583,0.155413,0.012022,0.733809
SETUP_STOP,ALL,M5,EMA200_DIST_POINTS,394,1499.113426,727.688112,261.843728,1647.757176,1.072766,24035.769164
SETUP_STOP,ALL,M5,EMA200_DIST_ATR,394,-2.095599,-2.879762,-5.042033,0.374173,-16.976156,23.130177
SETUP_STOP,ALL,M15,RSI,394,39.621969,36.428240,27.588872,49.212983,7.383082,91.499408
SETUP_STOP,ALL,M15,ADX,394,32.468030,30.463917,22.885181,39.112198,12.993218,75.727303
SETUP_STOP,ALL,M15,CCI,394,-99.418642,-134.584884,-195.258505,-14.138141,-466.666667,459.771916
SETUP_STOP,ALL,M15,DI_PLUS,394,14.200474,12.022537,8.384055,18.282655,1.792282,43.832227
SETUP_STOP,ALL,M15,DI_MINUS,394,25.258674,26.076206,19.419259,32.115483,1.436306,46.035746
SETUP_STOP,ALL,M15,DI_GAP,394,17.026890,16.728023,8.712462,23.559590,0.011596,40.437981
SETUP_STOP,ALL,M15,ATR,394,5.287064,2.675000,1.323500,6.248938,0.410000,46.938000
SETUP_STOP,ALL,M15,ATR_PCT_PRICE,394,0.187150,0.138604,0.086983,0.252104,0.025814,1.036911
SETUP_STOP,ALL,M15,EMA200_DIST_POINTS,394,2173.934673,866.196158,403.182476,2087.802451,3.074140,37114.917457
SETUP_STOP,ALL,M15,EMA200_DIST_ATR,394,-1.155882,-1.751198,-4.562041,1.523878,-14.596478,22.714642
SETUP_STOP,ALL,M30,RSI,394,41.665784,40.116311,30.724858,50.732727,7.388724,86.370149
SETUP_STOP,ALL,M30,ADX,394,32.074798,29.100830,22.685513,38.618376,11.828949,77.016038
SETUP_STOP,ALL,M30,CCI,394,-88.748744,-121.725855,-178.128160,4.930296,-417.103217,403.943540
SETUP_STOP,ALL,M30,DI_PLUS,394,14.251692,12.677814,8.382855,18.668778,1.231115,44.898264
SETUP_STOP,ALL,M30,DI_MINUS,394,24.076368,24.568348,18.275374,30.959560,2.795562,43.815857
SETUP_STOP,ALL,M30,DI_GAP,394,15.676185,15.081530,7.584915,22.183543,0.051849,40.569308
SETUP_STOP,ALL,M30,ATR,394,7.016520,3.638625,1.751000,7.841062,0.647250,80.369250
SETUP_STOP,ALL,M30,ATR_PCT_PRICE,394,0.246914,0.179067,0.119672,0.308523,0.046815,1.735756
SETUP_STOP,ALL,M30,EMA200_DIST_POINTS,394,2839.625291,1248.008112,502.501089,2465.610125,6.193672,44750.927222
SETUP_STOP,ALL,M30,EMA200_DIST_ATR,394,-0.648712,-0.937091,-4.553543,2.612595,-19.280914,24.473387
SETUP_STOP,ALL,H1,RSI,394,43.516279,43.195181,34.016324,51.334935,8.332642,78.643192
SETUP_STOP,ALL,H1,ADX,394,30.733315,29.069078,22.566649,36.510060,9.981282,77.345545
SETUP_STOP,ALL,H1,CCI,394,-77.741821,-97.901509,-171.327006,17.278418,-384.317687,294.023134
SETUP_STOP,ALL,H1,DI_PLUS,394,14.811051,13.095057,9.857440,18.348762,2.246696,44.671722
SETUP_STOP,ALL,H1,DI_MINUS,394,22.753736,23.241304,15.911562,28.691822,4.789705,45.011101
SETUP_STOP,ALL,H1,DI_GAP,394,14.107196,13.286511,6.177186,20.691422,0.002920,41.716917
SETUP_STOP,ALL,H1,ATR,394,9.547963,4.668000,2.579188,10.504375,0.847750,149.765000
SETUP_STOP,ALL,H1,ATR_PCT_PRICE,394,0.332633,0.259338,0.176674,0.376612,0.068104,3.234515
SETUP_STOP,ALL,H1,EMA200_DIST_POINTS,394,3736.739411,1632.074926,780.798867,3604.841542,0.284519,48792.421407
SETUP_STOP,ALL,H1,EMA200_DIST_ATR,394,-0.284121,0.226415,-4.704069,3.671196,-15.527422,14.533773
SETUP_STOP,ALL,H4,RSI,389,46.825627,47.002865,36.965153,56.403883,10.416686,83.987652
SETUP_STOP,ALL,H4,ADX,389,29.104715,27.258592,21.208059,34.309403,10.946815,64.826878
SETUP_STOP,ALL,H4,CCI,389,-37.303870,-36.272148,-129.495889,42.724141,-340.041631,306.199274
SETUP_STOP,ALL,H4,DI_PLUS,389,16.316716,15.567614,11.376096,20.760060,1.872096,33.386573
SETUP_STOP,ALL,H4,DI_MINUS,389,20.256607,19.017863,13.890715,25.756532,4.164351,50.113185
SETUP_STOP,ALL,H4,DI_GAP,389,11.323352,9.389105,4.841036,16.683569,0.050035,42.513753
SETUP_STOP,ALL,H4,ATR,389,18.473463,7.831500,4.676500,20.610000,1.958750,236.049000
SETUP_STOP,ALL,H4,ATR_PCT_PRICE,389,0.611990,0.461458,0.298687,0.728182,0.136208,5.034332
SETUP_STOP,ALL,H4,EMA200_DIST_POINTS,389,7220.503657,3367.030756,1394.315671,7938.739950,9.541926,73598.699004
SETUP_STOP,ALL,H4,EMA200_DIST_ATR,389,0.600177,0.953781,-3.029287,4.503746,-13.458563,19.108330
SETUP_STOP,BUY,M1,RSI,339,31.409486,28.710570,23.194735,36.490453,3.982160,81.759937
SETUP_STOP,BUY,M1,ADX,339,36.308378,33.188612,25.026471,46.786412,10.362796,89.058620
SETUP_STOP,BUY,M1,CCI,339,-134.147562,-158.844722,-217.345561,-59.723904,-466.666667,281.504760
SETUP_STOP,BUY,M1,DI_PLUS,339,12.533867,11.201164,7.086610,17.262697,0.894981,40.673696
SETUP_STOP,BUY,M1,DI_MINUS,339,30.910840,31.999605,23.066228,37.676842,2.518726,58.632991
SETUP_STOP,BUY,M1,DI_GAP,339,21.024473,21.723693,11.091224,29.584451,0.204886,57.285740
SETUP_STOP,BUY,M1,ATR,339,1.663580,0.888500,0.424500,1.871750,0.077000,19.901500
SETUP_STOP,BUY,M1,ATR_PCT_PRICE,339,0.060040,0.045873,0.026978,0.067174,0.005816,0.416671
SETUP_STOP,BUY,M1,EMA200_DIST_POINTS,339,920.545295,460.230985,179.284486,1051.788048,3.367892,12329.541680
SETUP_STOP,BUY,M1,EMA200_DIST_ATR,339,-5.494116,-5.235873,-7.764091,-3.219006,-46.378751,10.596389
SETUP_STOP,BUY,M5,RSI,339,32.140095,30.675068,23.596810,38.643352,8.049822,70.975830
SETUP_STOP,BUY,M5,ADX,339,35.645186,33.182739,25.240916,44.135835,10.757575,77.573579
SETUP_STOP,BUY,M5,CCI,339,-159.466903,-158.122842,-208.772749,-115.378488,-466.666667,398.437288
SETUP_STOP,BUY,M5,DI_PLUS,339,10.459564,9.681935,7.150839,13.310956,1.210981,35.892966
SETUP_STOP,BUY,M5,DI_MINUS,339,29.722853,29.860964,24.906416,34.482336,10.501279,53.992585
SETUP_STOP,BUY,M5,DI_GAP,339,19.826595,20.006484,12.137185,26.468596,0.045010,49.147503
SETUP_STOP,BUY,M5,ATR,339,3.441884,1.818250,0.875750,4.074375,0.137750,30.328250
SETUP_STOP,BUY,M5,ATR_PCT_PRICE,339,0.124481,0.093006,0.053854,0.156140,0.012022,0.733809
SETUP_STOP,BUY,M5,EMA200_DIST_POINTS,339,1476.452133,717.444594,258.204318,1611.870993,1.072766,24035.769164
SETUP_STOP,BUY,M5,EMA200_DIST_ATR,339,-3.037788,-3.494693,-5.522389,-1.135738,-16.976156,23.130177
SETUP_STOP,BUY,M15,RSI,339,35.206075,33.696450,26.287102,43.362385,7.383082,69.830945
SETUP_STOP,BUY,M15,ADX,339,32.238557,30.517210,22.948901,39.112007,12.993218,72.820933
SETUP_STOP,BUY,M15,CCI,339,-143.439427,-153.361609,-205.478215,-85.542149,-466.666667,274.163053
SETUP_STOP,BUY,M15,DI_PLUS,339,11.838003,11.063038,8.034346,15.113999,1.792282,29.603000
SETUP_STOP,BUY,M15,DI_MINUS,339,27.577507,27.821598,21.762448,32.786194,7.979970,46.035746
SETUP_STOP,BUY,M15,DI_GAP,339,16.881702,16.828316,8.614230,23.586162,0.011596,38.615627
SETUP_STOP,BUY,M15,ATR,339,5.135161,2.678750,1.304875,6.061125,0.410000,46.938000
SETUP_STOP,BUY,M15,ATR_PCT_PRICE,339,0.184974,0.139394,0.087007,0.250158,0.025814,1.036911
SETUP_STOP,BUY,M15,EMA200_DIST_POINTS,339,2034.573240,867.868558,410.038226,2061.138796,3.074140,34559.455093
SETUP_STOP,BUY,M15,EMA200_DIST_ATR,339,-1.797507,-2.274230,-4.831756,0.259791,-14.596478,22.714642
SETUP_STOP,BUY,M30,RSI,339,38.058148,36.970146,28.693186,45.871175,7.388724,71.998063
SETUP_STOP,BUY,M30,ADX,339,31.963994,28.840463,22.817562,38.242867,11.828949,77.016038
SETUP_STOP,BUY,M30,CCI,339,-126.031637,-139.526792,-190.783664,-58.225868,-417.103217,249.749215
SETUP_STOP,BUY,M30,DI_PLUS,339,12.268657,11.580737,7.783358,15.346195,1.231115,32.749528
SETUP_STOP,BUY,M30,DI_MINUS,339,26.130579,26.265279,20.637047,31.991884,6.143437,43.815857
SETUP_STOP,BUY,M30,DI_GAP,339,15.712330,15.175816,7.899021,22.202831,0.051849,40.569308
SETUP_STOP,BUY,M30,ATR,339,6.684561,3.697500,1.681625,7.830875,0.647250,57.485500
SETUP_STOP,BUY,M30,ATR_PCT_PRICE,339,0.241362,0.178072,0.120210,0.308311,0.046815,1.269917
SETUP_STOP,BUY,M30,EMA200_DIST_POINTS,339,2754.522918,1305.465877,563.416827,2560.114682,6.193672,41833.681021
SETUP_STOP,BUY,M30,EMA200_DIST_ATR,339,-1.151439,-1.435589,-4.928143,2.032477,-19.280914,24.473387
SETUP_STOP,BUY,H1,RSI,339,40.750257,40.034731,31.297184,49.136723,8.332642,75.398346
SETUP_STOP,BUY,H1,ADX,339,30.844435,28.971416,22.611730,36.503792,9.981282,77.345545
SETUP_STOP,BUY,H1,CCI,339,-106.707186,-120.827011,-183.926748,-34.989899,-384.317687,174.139057
SETUP_STOP,BUY,H1,DI_PLUS,339,13.271076,12.232671,9.333861,16.881477,2.246696,34.735422
SETUP_STOP,BUY,H1,DI_MINUS,339,24.285219,24.412524,18.449241,29.834593,5.634266,45.011101
SETUP_STOP,BUY,H1,DI_GAP,339,14.128708,13.401251,5.992143,20.833004,0.002920,41.716917
SETUP_STOP,BUY,H1,ATR,339,8.989802,4.831500,2.513750,10.245000,0.947000,78.166500
SETUP_STOP,BUY,H1,ATR_PCT_PRICE,339,0.323828,0.259377,0.177657,0.376469,0.068104,1.499974
SETUP_STOP,BUY,H1,EMA200_DIST_POINTS,339,3861.748300,1731.732298,859.980522,3899.811610,0.284519,48792.421407
SETUP_STOP,BUY,H1,EMA200_DIST_ATR,339,-0.674862,-0.241533,-5.072513,3.492801,-15.527422,14.533773
SETUP_STOP,BUY,H4,RSI,334,45.194001,45.063913,35.012950,54.047743,10.416686,83.987652
SETUP_STOP,BUY,H4,ADX,334,29.937461,28.149549,21.655765,36.231379,10.946815,64.826878
SETUP_STOP,BUY,H4,CCI,334,-56.428042,-47.768467,-138.988757,20.167798,-340.041631,175.854033
SETUP_STOP,BUY,H4,DI_PLUS,334,15.527783,15.062153,11.077849,20.157105,1.872096,30.619837
SETUP_STOP,BUY,H4,DI_MINUS,334,21.057744,19.957484,14.835008,26.276391,4.164351,50.113185
SETUP_STOP,BUY,H4,DI_GAP,334,11.441964,9.240896,4.767737,16.832777,0.050035,42.513753
SETUP_STOP,BUY,H4,ATR,334,17.737754,7.814250,4.610687,20.563750,1.958750,233.702750
SETUP_STOP,BUY,H4,ATR_PCT_PRICE,334,0.598155,0.456877,0.299340,0.728869,0.136208,4.380050
SETUP_STOP,BUY,H4,EMA200_DIST_POINTS,334,7529.087757,3640.285802,1558.870611,8187.339866,49.869615,73598.699004
SETUP_STOP,BUY,H4,EMA200_DIST_ATR,334,0.645104,1.198594,-3.305558,4.766339,-13.458563,19.108330
SETUP_STOP,SELL,M1,RSI,55,68.412513,70.379443,62.764664,77.193238,31.225869,92.787753
SETUP_STOP,SELL,M1,ADX,55,38.475556,36.502431,28.157590,48.232742,14.489365,72.220979
SETUP_STOP,SELL,M1,CCI,55,118.111096,142.160092,67.731117,206.278126,-196.451589,466.666667
SETUP_STOP,SELL,M1,DI_PLUS,55,30.547890,32.312824,21.054183,38.539260,6.913792,54.038483
SETUP_STOP,SELL,M1,DI_MINUS,55,12.318094,9.158348,6.611761,15.560063,4.025350,32.984448
SETUP_STOP,SELL,M1,DI_GAP,55,21.890687,23.921164,11.516144,30.675238,0.179042,49.283239
SETUP_STOP,SELL,M1,ATR,55,1.792395,0.737500,0.387000,2.201250,0.125000,15.577500
SETUP_STOP,SELL,M1,ATR_PCT_PRICE,55,0.059219,0.048868,0.023641,0.070098,0.009913,0.332229
SETUP_STOP,SELL,M1,EMA200_DIST_POINTS,55,996.913881,448.997026,193.621916,1178.405588,9.043365,7994.606958
SETUP_STOP,SELL,M1,EMA200_DIST_ATR,55,6.157606,5.879298,4.114523,8.286813,-1.339591,16.358918
SETUP_STOP,SELL,M5,RSI,55,68.745995,68.051263,62.081745,75.880688,43.457285,87.703854
SETUP_STOP,SELL,M5,ADX,55,33.537838,30.434461,24.640762,40.602703,17.598168,65.154404
SETUP_STOP,SELL,M5,CCI,55,168.717756,147.492254,116.471732,209.646918,-82.054365,466.666667
SETUP_STOP,SELL,M5,DI_PLUS,55,29.677541,30.206538,23.494478,34.063026,15.502530,47.996007
SETUP_STOP,SELL,M5,DI_MINUS,55,11.701216,10.384817,8.019972,14.489999,3.288107,30.382731
SETUP_STOP,SELL,M5,DI_GAP,55,18.728528,18.220756,13.438787,25.281581,2.296083,44.122956
SETUP_STOP,SELL,M5,ATR,55,3.795927,1.875250,0.761250,4.275000,0.372250,29.692000
SETUP_STOP,SELL,M5,ATR_PCT_PRICE,55,0.127105,0.102618,0.051326,0.151089,0.029521,0.633256
SETUP_STOP,SELL,M5,EMA200_DIST_POINTS,55,1638.789398,800.203414,308.573935,1801.393745,7.747451,12473.519245
SETUP_STOP,SELL,M5,EMA200_DIST_ATR,55,3.711710,4.107510,1.508599,6.551971,-6.434800,11.464061
SETUP_STOP,SELL,M15,RSI,55,66.839938,65.783124,58.840547,76.854484,43.559265,91.499408
SETUP_STOP,SELL,M15,ADX,55,33.882417,29.574907,22.590323,39.063316,13.916957,75.727303
SETUP_STOP,SELL,M15,CCI,55,171.909469,153.870284,110.878919,209.168435,-48.789366,459.771916
SETUP_STOP,SELL,M15,DI_PLUS,55,28.761891,29.282950,21.855799,34.426102,18.860700,43.832227
SETUP_STOP,SELL,M15,DI_MINUS,55,10.966232,9.249300,6.679258,14.186443,1.436306,25.924517
SETUP_STOP,SELL,M15,DI_GAP,55,17.921778,16.709609,9.990312,23.374566,0.335569,40.437981
SETUP_STOP,SELL,M15,ATR,55,6.223341,2.672500,1.469250,7.346250,0.533000,46.659000
SETUP_STOP,SELL,M15,ATR_PCT_PRICE,55,0.200563,0.136611,0.088090,0.261951,0.043361,1.001951
SETUP_STOP,SELL,M15,EMA200_DIST_POINTS,55,3032.907871,856.852212,367.744082,2152.126609,9.533028,37114.917457
SETUP_STOP,SELL,M15,EMA200_DIST_ATR,55,2.798863,3.497026,0.118998,4.873253,-8.000198,14.047338
SETUP_STOP,SELL,M30,RSI,55,63.901943,65.720186,55.029921,72.160492,39.468362,86.370149
SETUP_STOP,SELL,M30,ADX,55,32.757753,30.180661,21.942874,41.059638,17.305264,57.750998
SETUP_STOP,SELL,M30,CCI,55,141.049455,147.760830,76.197018,209.136105,-77.168348,403.943540
SETUP_STOP,SELL,M30,DI_PLUS,55,26.474396,25.350370,20.829858,31.080187,13.545231,44.898264
SETUP_STOP,SELL,M30,DI_MINUS,55,11.414961,10.162884,6.720582,15.563339,2.795562,25.617559
SETUP_STOP,SELL,M30,DI_GAP,55,15.453403,14.540236,5.712837,21.408022,0.169843,40.386357
SETUP_STOP,SELL,M30,ATR,55,9.062591,3.375000,2.032625,8.812500,0.770250,80.369250
SETUP_STOP,SELL,M30,ATR_PCT_PRICE,55,0.281133,0.181178,0.117168,0.314768,0.061083,1.735756
SETUP_STOP,SELL,M30,EMA200_DIST_POINTS,55,3364.165372,981.900581,299.075734,2028.920345,19.767402,44750.927222
SETUP_STOP,SELL,M30,EMA200_DIST_ATR,55,2.449919,2.455298,0.092688,4.671102,-5.568165,10.859356
SETUP_STOP,SELL,H1,RSI,55,60.565035,63.440189,50.610802,69.787884,35.119503,78.643192
SETUP_STOP,SELL,H1,ADX,55,30.048417,30.427369,20.292900,36.655281,11.507599,59.261321
SETUP_STOP,SELL,H1,CCI,55,100.790157,104.563270,23.943537,167.468107,-124.632926,294.023134
SETUP_STOP,SELL,H1,DI_PLUS,55,24.302898,23.714192,18.264433,29.496401,12.342509,44.671722
SETUP_STOP,SELL,H1,DI_MINUS,55,13.314231,11.954926,8.275993,15.792693,4.789705,29.544040
SETUP_STOP,SELL,H1,DI_GAP,55,13.974607,12.632605,6.550099,19.459811,0.347356,38.692147
SETUP_STOP,SELL,H1,ATR,55,12.988264,4.226750,2.755625,11.140000,0.847750,149.765000
SETUP_STOP,SELL,H1,ATR_PCT_PRICE,55,0.386903,0.221338,0.174925,0.395604,0.068966,3.234515
SETUP_STOP,SELL,H1,EMA200_DIST_POINTS,55,2966.230074,1334.502253,528.894301,2349.320329,2.948363,39321.504565
SETUP_STOP,SELL,H1,EMA200_DIST_ATR,55,2.124266,2.016353,0.253687,3.866633,-3.239496,10.041838
SETUP_STOP,SELL,H4,RSI,55,56.734046,57.701826,49.955077,63.113888,30.195648,73.873566
SETUP_STOP,SELL,H4,ADX,55,24.047679,22.784286,19.941133,26.951505,11.638425,43.664520
SETUP_STOP,SELL,H4,CCI,55,78.832006,93.599409,-1.125374,169.066037,-109.269852,306.199274
SETUP_STOP,SELL,H4,DI_PLUS,55,21.107692,21.732072,15.774877,25.996036,6.922448,33.386573
SETUP_STOP,SELL,H4,DI_MINUS,55,15.391522,14.229077,12.148359,18.355715,7.803300,29.660587
SETUP_STOP,SELL,H4,DI_GAP,55,10.603048,10.630237,5.566244,14.730787,0.154239,25.163426
SETUP_STOP,SELL,H4,ATR,55,22.941218,8.076250,5.125875,20.037500,2.507500,236.049000
SETUP_STOP,SELL,H4,ATR_PCT_PRICE,55,0.696010,0.473659,0.298685,0.704019,0.187611,5.034332
SETUP_STOP,SELL,H4,EMA200_DIST_POINTS,55,5346.556581,1932.473129,797.766351,6168.513470,9.541926,31673.842405
SETUP_STOP,SELL,H4,EMA200_DIST_ATR,55,0.327352,0.162733,-2.399437,3.204765,-7.809917,6.682655
SETUP_STEP5,ALL,M1,RSI,970,37.433066,31.266705,24.153882,49.207603,3.982160,92.787753
SETUP_STEP5,ALL,M1,ADX,970,35.367894,33.315116,24.621738,44.181897,10.362796,89.058620
SETUP_STEP5,ALL,M1,CCI,970,-91.327998,-138.907277,-199.954011,24.669818,-466.666667,466.666667
SETUP_STEP5,ALL,M1,DI_PLUS,970,16.400734,13.396297,8.763192,21.499767,0.894981,54.038483
SETUP_STEP5,ALL,M1,DI_MINUS,970,28.010198,29.919399,17.669335,36.936413,1.310778,62.229412
SETUP_STEP5,ALL,M1,DI_GAP,970,20.943090,21.382588,11.032994,29.754326,0.014190,57.285740
SETUP_STEP5,ALL,M1,ATR,970,0.575705,0.405250,0.221250,0.738500,0.020750,3.828250
SETUP_STEP5,ALL,M1,ATR_PCT_PRICE,970,0.035379,0.027305,0.015153,0.046268,0.001635,0.262814
SETUP_STEP5,ALL,M1,EMA200_DIST_POINTS,970,348.210410,237.290571,108.598352,458.956562,0.263437,3658.451562
SETUP_STEP5,ALL,M1,EMA200_DIST_ATR,970,-3.442482,-4.455035,-7.344537,-0.104794,-46.378751,36.389538
SETUP_STEP5,ALL,M5,RSI,970,38.592650,34.194634,25.138625,48.680929,5.435312,87.703854
SETUP_STEP5,ALL,M5,ADX,970,34.880974,32.243164,24.936990,43.006508,10.757575,85.277864
SETUP_STEP5,ALL,M5,CCI,970,-103.680413,-137.782553,-195.639705,-53.953882,-466.666667,466.666667
SETUP_STEP5,ALL,M5,DI_PLUS,970,14.276462,11.842342,7.990630,17.391436,0.838946,49.058173
SETUP_STEP5,ALL,M5,DI_MINUS,970,26.299589,27.619704,18.820465,33.525925,1.315748,54.900458
SETUP_STEP5,ALL,M5,DI_GAP,970,19.248337,19.270715,11.495444,25.975633,0.045010,49.147503
SETUP_STEP5,ALL,M5,ATR,970,1.186914,0.831250,0.514000,1.446500,0.095750,12.158250
SETUP_STEP5,ALL,M5,ATR_PCT_PRICE,970,0.072292,0.055804,0.036174,0.088711,0.007531,0.439700
SETUP_STEP5,ALL,M5,EMA200_DIST_POINTS,970,541.663864,381.701871,185.903234,724.849442,0.150749,3733.212848
SETUP_STEP5,ALL,M5,EMA200_DIST_ATR,970,-1.621827,-2.816494,-5.282123,1.984920,-54.339991,37.479527
SETUP_STEP5,ALL,M15,RSI,970,41.563107,39.550028,28.535880,52.113734,7.383082,91.499408
SETUP_STEP5,ALL,M15,ADX,970,32.675617,30.490750,23.245741,39.791352,11.759089,88.802332
SETUP_STEP5,ALL,M15,CCI,970,-90.572534,-127.387829,-189.840694,8.647647,-466.666667,459.771916
SETUP_STEP5,ALL,M15,DI_PLUS,970,14.703757,12.390956,8.483132,18.141696,0.523014,43.832227
SETUP_STEP5,ALL,M15,DI_MINUS,970,24.885155,25.770817,18.337026,31.810286,1.436306,51.241027
SETUP_STEP5,ALL,M15,DI_GAP,970,17.255641,17.277772,9.363387,23.623978,0.011596,45.498701
SETUP_STEP5,ALL,M15,ATR,970,1.805539,1.338625,0.876875,2.295250,0.189750,12.753000
SETUP_STEP5,ALL,M15,ATR_PCT_PRICE,970,0.109865,0.090237,0.061245,0.134266,0.014924,0.489255
SETUP_STEP5,ALL,M15,EMA200_DIST_POINTS,970,789.941013,578.074900,273.017477,1049.458576,0.524450,5659.246303
SETUP_STEP5,ALL,M15,EMA200_DIST_ATR,970,-0.652052,-1.502144,-4.617847,3.179714,-38.023502,40.189904
SETUP_STEP5,ALL,M30,RSI,970,43.730086,42.074745,32.323193,53.189731,7.449881,87.465701
SETUP_STEP5,ALL,M30,ADX,970,31.605806,29.252969,22.816699,38.365078,12.163930,75.143723
SETUP_STEP5,ALL,M30,CCI,970,-73.887250,-109.034742,-173.177734,31.652526,-465.912683,403.943540
SETUP_STEP5,ALL,M30,DI_PLUS,970,15.054092,12.924744,8.754858,18.951741,1.231115,44.898264
SETUP_STEP5,ALL,M30,DI_MINUS,970,23.242525,23.786444,15.531549,30.157136,3.676158,48.201831
SETUP_STEP5,ALL,M30,DI_GAP,970,15.782376,15.091429,8.306890,22.140356,0.021521,46.249483
SETUP_STEP5,ALL,M30,ATR,970,2.409144,1.804375,1.208312,3.013625,0.387500,14.025000
SETUP_STEP5,ALL,M30,ATR_PCT_PRICE,970,0.145867,0.122831,0.088891,0.176288,0.030476,0.558757
SETUP_STEP5,ALL,M30,EMA200_DIST_POINTS,970,1034.237237,777.152588,345.017532,1390.679309,0.191241,7881.191139
SETUP_STEP5,ALL,M30,EMA200_DIST_ATR,970,-0.205912,-0.202966,-4.232223,3.720803,-29.588464,35.986301
SETUP_STEP5,ALL,H1,RSI,970,45.535366,44.368612,35.158149,55.441715,9.831009,85.495291
SETUP_STEP5,ALL,H1,ADX,970,29.585490,27.332961,20.937578,35.066086,9.981282,77.345545
SETUP_STEP5,ALL,H1,CCI,970,-55.865340,-67.705665,-163.328742,46.964626,-445.370594,317.319185
SETUP_STEP5,ALL,H1,DI_PLUS,970,15.728921,14.293558,10.218150,19.962897,1.531874,44.671722
SETUP_STEP5,ALL,H1,DI_MINUS,970,21.668103,21.452295,14.943466,27.871331,2.518291,49.293520
SETUP_STEP5,ALL,H1,DI_GAP,970,13.695244,12.621554,6.051916,19.845178,0.002920,44.582425
SETUP_STEP5,ALL,H1,ATR,970,3.276831,2.449625,1.810875,4.026187,0.742250,18.374250
SETUP_STEP5,ALL,H1,ATR_PCT_PRICE,970,0.196427,0.173374,0.126562,0.243300,0.058144,0.903201
SETUP_STEP5,ALL,H1,EMA200_DIST_POINTS,970,1434.323006,1073.023735,500.569440,1889.792518,0.284519,12790.775561
SETUP_STEP5,ALL,H1,EMA200_DIST_ATR,970,0.025346,0.545464,-4.345810,3.887150,-23.678946,23.255218
SETUP_STEP5,ALL,H4,RSI,965,48.321613,48.564739,39.153592,57.486064,14.551019,83.987652
SETUP_STEP5,ALL,H4,ADX,965,28.038947,26.344441,20.755004,33.578970,10.144961,67.184789
SETUP_STEP5,ALL,H4,CCI,965,-26.368094,-28.093659,-110.446006,65.912981,-340.041631,306.199274
SETUP_STEP5,ALL,H4,DI_PLUS,965,17.125785,16.125557,11.576578,21.542759,1.872096,47.355132
SETUP_STEP5,ALL,H4,DI_MINUS,965,19.404216,18.930723,14.012843,24.650128,3.505896,45.019434
SETUP_STEP5,ALL,H4,DI_GAP,965,11.002770,9.652439,4.836291,15.638857,0.023216,42.180368
SETUP_STEP5,ALL,H4,ATR,965,6.434669,4.957250,3.556250,7.116250,1.117000,39.943250
SETUP_STEP5,ALL,H4,ATR_PCT_PRICE,965,0.379120,0.337779,0.260116,0.462444,0.086940,1.654800
SETUP_STEP5,ALL,H4,EMA200_DIST_POINTS,965,2837.645169,2061.265210,965.684062,3499.775127,2.463217,30341.996938
SETUP_STEP5,ALL,H4,EMA200_DIST_ATR,965,0.430998,0.367197,-3.378658,4.670393,-20.693074,19.755280
SETUP_STEP5,BUY,M1,RSI,795,30.416042,28.490204,22.563017,36.094581,3.982160,71.606204
SETUP_STEP5,BUY,M1,ADX,795,35.144435,32.901536,24.316116,44.023551,10.362796,89.058620
SETUP_STEP5,BUY,M1,CCI,795,-142.203366,-160.854226,-217.696732,-91.097141,-466.666667,268.283002
SETUP_STEP5,BUY,M1,DI_PLUS,795,13.189927,11.469981,7.985253,17.644149,0.894981,38.939672
SETUP_STEP5,BUY,M1,DI_MINUS,795,31.504692,32.125720,24.341059,38.839783,4.498793,62.229412
SETUP_STEP5,BUY,M1,DI_GAP,795,20.984686,21.391819,11.091224,29.560872,0.014190,57.285740
SETUP_STEP5,BUY,M1,ATR,795,0.571903,0.397500,0.212000,0.719625,0.020750,3.828250
SETUP_STEP5,BUY,M1,ATR_PCT_PRICE,795,0.034994,0.026674,0.014777,0.046099,0.001635,0.262814
SETUP_STEP5,BUY,M1,EMA200_DIST_POINTS,795,344.710559,226.917076,108.154756,442.938019,0.263437,3658.451562
SETUP_STEP5,BUY,M1,EMA200_DIST_ATR,795,-5.499774,-5.508251,-8.169002,-3.251148,-46.378751,36.389538
SETUP_STEP5,BUY,M5,RSI,795,32.135812,30.668328,23.673039,39.381918,5.435312,72.223045
SETUP_STEP5,BUY,M5,ADX,795,34.826878,31.801358,24.582817,43.443020,10.757575,85.277864
SETUP_STEP5,BUY,M5,CCI,795,-162.522664,-154.710700,-208.600058,-108.632615,-466.666667,122.818863
SETUP_STEP5,BUY,M5,DI_PLUS,795,10.882054,10.219687,7.231116,13.918041,0.838946,31.337087
SETUP_STEP5,BUY,M5,DI_MINUS,795,29.679731,29.816685,24.629432,34.689271,2.539130,54.900458
SETUP_STEP5,BUY,M5,DI_GAP,795,19.237682,19.378854,11.221675,26.159595,0.045010,49.147503
SETUP_STEP5,BUY,M5,ATR,795,1.184935,0.812250,0.499125,1.401125,0.095750,12.158250
SETUP_STEP5,BUY,M5,ATR_PCT_PRICE,795,0.071940,0.054620,0.035327,0.086300,0.007531,0.439700
SETUP_STEP5,BUY,M5,EMA200_DIST_POINTS,795,530.057578,365.783228,179.246178,690.740556,0.150749,3733.212848
SETUP_STEP5,BUY,M5,EMA200_DIST_ATR,795,-2.761813,-3.592019,-5.668793,-0.606055,-54.339991,37.479527
SETUP_STEP5,BUY,M15,RSI,795,36.330488,35.206652,26.711553,45.577158,7.383082,75.547829
SETUP_STEP5,BUY,M15,ADX,795,32.702383,30.410623,23.526064,40.066134,11.759089,88.802332
SETUP_STEP5,BUY,M15,CCI,795,-142.562153,-150.153266,-204.617261,-86.448870,-466.666667,127.014375
SETUP_STEP5,BUY,M15,DI_PLUS,795,11.603131,11.002875,8.004487,14.939068,0.523014,38.208274
SETUP_STEP5,BUY,M15,DI_MINUS,795,27.705343,28.053370,22.012599,33.103740,5.883334,51.241027
SETUP_STEP5,BUY,M15,DI_GAP,795,17.116512,17.318500,9.261826,23.622785,0.011596,45.498701
SETUP_STEP5,BUY,M15,ATR,795,1.782798,1.294500,0.840750,2.211250,0.189750,12.753000
SETUP_STEP5,BUY,M15,ATR_PCT_PRICE,795,0.108280,0.088244,0.060060,0.130141,0.014924,0.489255
SETUP_STEP5,BUY,M15,EMA200_DIST_POINTS,795,775.829438,576.856411,264.050154,1031.921316,0.534496,5659.246303
SETUP_STEP5,BUY,M15,EMA200_DIST_ATR,795,-1.326491,-2.233020,-4.963749,1.623973,-38.023502,40.189904
SETUP_STEP5,BUY,M30,RSI,795,39.498013,38.915695,30.464588,47.658473,7.449881,79.025323
SETUP_STEP5,BUY,M30,ADX,795,31.550153,28.744247,22.623152,38.830575,12.163930,75.143723
SETUP_STEP5,BUY,M30,CCI,795,-119.824530,-133.419839,-187.623011,-46.981743,-465.912683,168.039473
SETUP_STEP5,BUY,M30,DI_PLUS,795,12.306055,11.572911,8.103284,15.522576,1.231115,31.146039
SETUP_STEP5,BUY,M30,DI_MINUS,795,25.686229,26.136061,20.308913,31.086376,3.676158,48.201831
SETUP_STEP5,BUY,M30,DI_GAP,795,15.518462,14.871143,8.180199,22.017331,0.021521,46.249483
SETUP_STEP5,BUY,M30,ATR,795,2.372341,1.747250,1.200500,2.880750,0.387500,14.025000
SETUP_STEP5,BUY,M30,ATR_PCT_PRICE,795,0.143442,0.119799,0.088606,0.171530,0.030476,0.558757
SETUP_STEP5,BUY,M30,EMA200_DIST_POINTS,795,1066.745753,797.734444,364.505403,1437.158174,0.191241,7881.191139
SETUP_STEP5,BUY,M30,EMA200_DIST_ATR,795,-0.755740,-1.309793,-4.928143,3.003079,-29.588464,35.986301
SETUP_STEP5,BUY,H1,RSI,795,42.300005,42.141100,33.607980,50.357203,9.831009,81.790584
SETUP_STEP5,BUY,H1,ADX,795,29.484352,27.294031,20.775026,34.745860,9.981282,77.345545
SETUP_STEP5,BUY,H1,CCI,795,-92.324153,-102.064097,-174.950513,-1.369344,-445.370594,216.336091
SETUP_STEP5,BUY,H1,DI_PLUS,795,13.652313,12.903173,9.298559,17.071190,1.531874,36.844256
SETUP_STEP5,BUY,H1,DI_MINUS,795,23.547668,23.659431,17.494016,29.447821,2.518291,49.293520
SETUP_STEP5,BUY,H1,DI_GAP,795,13.542892,12.227084,5.880081,19.774869,0.002920,44.582425
SETUP_STEP5,BUY,H1,ATR,795,3.248796,2.375250,1.805750,3.923000,0.745000,18.374250
SETUP_STEP5,BUY,H1,ATR_PCT_PRICE,795,0.194249,0.167866,0.125948,0.236983,0.058593,0.903201
SETUP_STEP5,BUY,H1,EMA200_DIST_POINTS,795,1534.105392,1150.474503,546.527358,1998.278386,0.284519,12790.775561
SETUP_STEP5,BUY,H1,EMA200_DIST_ATR,795,-0.449720,-0.216489,-5.135050,3.958278,-23.678946,23.255218
SETUP_STEP5,BUY,H4,RSI,790,46.437169,46.668513,37.419851,55.375777,14.551019,83.987652
SETUP_STEP5,BUY,H4,ADX,790,28.293230,26.491756,20.496963,33.935092,10.144961,67.184789
SETUP_STEP5,BUY,H4,CCI,790,-45.272320,-43.915123,-124.857221,41.913019,-340.041631,222.666824
SETUP_STEP5,BUY,H4,DI_PLUS,790,15.851058,15.052622,11.060161,19.885723,1.872096,47.355132
SETUP_STEP5,BUY,H4,DI_MINUS,790,20.233423,19.957484,14.778926,25.686513,4.484796,45.019434
SETUP_STEP5,BUY,H4,DI_GAP,790,10.938800,9.430250,4.792171,15.459119,0.023216,42.180368
SETUP_STEP5,BUY,H4,ATR,790,6.485065,4.900625,3.566750,7.004000,1.117000,39.943250
SETUP_STEP5,BUY,H4,ATR_PCT_PRICE,790,0.379439,0.338282,0.260187,0.465571,0.086940,1.130654
SETUP_STEP5,BUY,H4,EMA200_DIST_POINTS,790,3034.127534,2208.145245,1106.856537,3717.137515,5.823053,30341.996938
SETUP_STEP5,BUY,H4,EMA200_DIST_ATR,790,0.250140,0.123408,-3.884561,4.868949,-20.693074,19.755280
SETUP_STEP5,SELL,M1,RSI,175,69.310405,71.092683,64.161539,77.610566,35.751737,92.787753
SETUP_STEP5,SELL,M1,ADX,175,36.383040,33.920082,26.872275,45.243356,12.870886,81.488910
SETUP_STEP5,SELL,M1,CCI,175,139.791531,148.602965,84.294081,212.354142,-252.128135,466.666667
SETUP_STEP5,SELL,M1,DI_PLUS,175,30.986968,31.722655,23.108577,38.570997,5.350737,54.038483
SETUP_STEP5,SELL,M1,DI_MINUS,175,12.135214,10.955829,7.492668,15.746775,1.310778,42.583860
SETUP_STEP5,SELL,M1,DI_GAP,175,20.754129,21.291863,10.951480,30.272919,0.179042,49.283239
SETUP_STEP5,SELL,M1,ATR,175,0.592980,0.463250,0.273500,0.792500,0.025500,3.358000
SETUP_STEP5,SELL,M1,ATR_PCT_PRICE,175,0.037130,0.029329,0.018750,0.048902,0.001999,0.216139
SETUP_STEP5,SELL,M1,EMA200_DIST_POINTS,175,364.109734,291.189403,114.949089,490.381309,0.431370,1615.886948
SETUP_STEP5,SELL,M1,EMA200_DIST_ATR,175,5.903506,5.976416,4.061445,8.083649,-10.512581,30.665325
SETUP_STEP5,SELL,M5,RSI,175,67.925142,68.656147,61.669561,75.109110,33.118672,87.703854
SETUP_STEP5,SELL,M5,ADX,175,35.126722,33.143956,25.819115,42.092827,14.189386,80.561619
SETUP_STEP5,SELL,M5,CCI,175,163.631528,154.860510,116.396254,205.590806,-82.054365,466.666667
SETUP_STEP5,SELL,M5,DI_PLUS,175,29.696771,30.708803,24.326604,34.640407,7.485954,49.058173
SETUP_STEP5,SELL,M5,DI_MINUS,175,10.944086,10.153596,7.247329,13.894411,1.315748,26.266219
SETUP_STEP5,SELL,M5,DI_GAP,175,19.296737,18.904526,12.636078,25.835279,0.765171,44.122956
SETUP_STEP5,SELL,M5,ATR,175,1.195903,0.956500,0.576125,1.617875,0.138750,3.840500
SETUP_STEP5,SELL,M5,ATR_PCT_PRICE,175,0.073891,0.063299,0.040316,0.095691,0.009803,0.274730
SETUP_STEP5,SELL,M5,EMA200_DIST_POINTS,175,594.389561,470.486862,224.151372,935.707261,1.114470,2613.042543
SETUP_STEP5,SELL,M5,EMA200_DIST_ATR,175,3.556963,4.493460,1.181343,6.811773,-17.195649,16.691498
SETUP_STEP5,SELL,M15,RSI,175,65.334148,65.746628,57.881680,73.154561,31.124987,91.499408
SETUP_STEP5,SELL,M15,ADX,175,32.554021,30.708567,22.993495,38.694878,13.916957,75.727303
SETUP_STEP5,SELL,M15,CCI,175,145.608877,148.101063,112.648566,183.939083,-116.882609,459.771916
SETUP_STEP5,SELL,M15,DI_PLUS,175,28.789459,28.532754,23.893296,34.605463,6.067801,43.832227
SETUP_STEP5,SELL,M15,DI_MINUS,175,12.073446,11.057198,7.634900,15.716345,1.436306,30.136036
SETUP_STEP5,SELL,M15,DI_GAP,175,17.887684,17.162648,10.369322,24.085164,0.638537,40.437981
SETUP_STEP5,SELL,M15,ATR,175,1.908847,1.624250,0.908375,2.675000,0.308250,5.966000
SETUP_STEP5,SELL,M15,ATR_PCT_PRICE,175,0.117066,0.105153,0.069343,0.146729,0.024162,0.353617
SETUP_STEP5,SELL,M15,EMA200_DIST_POINTS,175,854.047881,621.324418,290.838101,1192.790830,0.524450,4072.835694
SETUP_STEP5,SELL,M15,EMA200_DIST_ATR,175,2.411828,3.542644,0.500671,5.594589,-14.724953,14.047338
SETUP_STEP5,SELL,M30,RSI,175,62.955786,64.549333,54.230149,71.677753,32.143334,87.465701
SETUP_STEP5,SELL,M30,ADX,175,31.858632,30.658584,23.742531,37.462869,15.119877,60.802339
SETUP_STEP5,SELL,M30,CCI,175,134.799250,146.221658,77.932656,201.082827,-188.796948,403.943540
SETUP_STEP5,SELL,M30,DI_PLUS,175,27.538032,27.691497,22.220507,33.109486,7.798287,44.898264
SETUP_STEP5,SELL,M30,DI_MINUS,175,12.141126,11.059484,8.410313,14.835379,3.698793,35.563255
SETUP_STEP5,SELL,M30,DI_GAP,175,16.981298,16.050479,9.296588,23.887607,0.028962,40.386357
SETUP_STEP5,SELL,M30,ATR,175,2.576336,2.138000,1.261000,3.586125,0.479500,7.800250
SETUP_STEP5,SELL,M30,ATR_PCT_PRICE,175,0.156882,0.149742,0.093027,0.203771,0.037592,0.407561
SETUP_STEP5,SELL,M30,EMA200_DIST_POINTS,175,886.555692,605.651798,286.295306,1182.948338,10.695811,4173.916144
SETUP_STEP5,SELL,M30,EMA200_DIST_ATR,175,2.291880,2.913398,0.790533,4.650424,-8.437694,10.939563
SETUP_STEP5,SELL,H1,RSI,175,60.233148,61.834394,51.555437,70.201509,31.243521,85.495291
SETUP_STEP5,SELL,H1,ADX,175,30.044946,28.582477,21.976807,37.345775,10.570789,61.090882
SETUP_STEP5,SELL,H1,CCI,175,109.761839,116.092042,41.178182,181.551242,-180.203740,317.319185
SETUP_STEP5,SELL,H1,DI_PLUS,175,25.162650,25.570390,19.061373,30.505416,9.016724,44.671722
SETUP_STEP5,SELL,H1,DI_MINUS,175,13.129507,12.236086,8.538579,16.641526,2.998773,32.181818
SETUP_STEP5,SELL,H1,DI_GAP,175,14.387357,14.057156,6.569546,20.547621,0.195719,38.692147
SETUP_STEP5,SELL,H1,ATR,175,3.404193,2.955000,1.829625,4.339625,0.742250,10.663500
SETUP_STEP5,SELL,H1,ATR_PCT_PRICE,175,0.206323,0.197629,0.134210,0.270516,0.058144,0.468066
SETUP_STEP5,SELL,H1,EMA200_DIST_POINTS,175,981.025882,706.177259,307.932231,1371.903768,0.937531,3754.481779
SETUP_STEP5,SELL,H1,EMA200_DIST_ATR,175,2.183504,2.078423,0.335675,3.790349,-4.680940,10.538579
SETUP_STEP5,SELL,H4,RSI,175,56.828529,56.983316,51.550850,63.474582,34.851886,75.595315
SETUP_STEP5,SELL,H4,ADX,175,26.891041,25.712338,21.773932,31.027069,15.234594,53.242314
SETUP_STEP5,SELL,H4,CCI,175,58.970985,82.188375,-29.450658,143.835781,-224.612356,306.199274
SETUP_STEP5,SELL,H4,DI_PLUS,175,22.880268,23.119278,17.543493,28.803950,8.504158,44.302336
SETUP_STEP5,SELL,H4,DI_MINUS,175,15.660940,15.091691,12.109947,19.115998,3.505896,27.713846
SETUP_STEP5,SELL,H4,DI_GAP,175,11.291548,11.240688,5.554865,16.539435,0.086901,36.780760
SETUP_STEP5,SELL,H4,ATR,175,6.207170,5.231500,3.501625,7.510125,1.236750,31.070000
SETUP_STEP5,SELL,H4,ATR_PCT_PRICE,175,0.377680,0.332095,0.260157,0.431265,0.096960,1.654800
SETUP_STEP5,SELL,H4,EMA200_DIST_POINTS,175,1950.667634,1329.478664,642.334179,2738.106218,2.463217,10015.404699
SETUP_STEP5,SELL,H4,EMA200_DIST_ATR,175,1.247441,0.860359,-1.491797,3.644858,-11.324412,13.404444
SETUP_SUCCESS,ALL,M1,RSI,9176,43.982474,44.540572,30.857482,53.784322,4.070324,91.703112
SETUP_SUCCESS,ALL,M1,ADX,9176,31.980755,29.687471,22.791398,38.999117,9.852506,87.364404
SETUP_SUCCESS,ALL,M1,CCI,9176,-31.033466,-26.394190,-158.566347,96.760272,-466.666667,466.666667
SETUP_SUCCESS,ALL,M1,DI_PLUS,9176,17.751744,16.200527,11.145598,22.211896,0.632639,63.449951
SETUP_SUCCESS,ALL,M1,DI_MINUS,9176,23.296601,20.630634,15.112013,31.677733,0.844357,65.253018
SETUP_SUCCESS,ALL,M1,DI_GAP,9176,14.903689,11.799793,4.662140,24.037293,0.004206,60.382693
SETUP_SUCCESS,ALL,M1,ATR,9176,0.682946,0.408000,0.242500,0.746750,0.020750,20.077500
SETUP_SUCCESS,ALL,M1,ATR_PCT_PRICE,9176,0.032114,0.024275,0.015690,0.038833,0.001635,0.454561
SETUP_SUCCESS,ALL,M1,EMA200_DIST_POINTS,9176,332.909147,187.027240,84.641904,375.651485,0.019144,14063.641144
SETUP_SUCCESS,ALL,M1,EMA200_DIST_ATR,9176,-1.847372,-2.642900,-5.794177,2.397287,-53.209614,38.280843
SETUP_SUCCESS,ALL,M5,RSI,9176,44.411188,42.842963,33.313566,54.553627,5.435312,89.299286
SETUP_SUCCESS,ALL,M5,ADX,9176,32.932915,30.786346,23.683706,40.327554,8.736896,85.277864
SETUP_SUCCESS,ALL,M5,CCI,9176,-60.435665,-93.001626,-149.073123,41.274854,-466.666667,465.413016
SETUP_SUCCESS,ALL,M5,DI_PLUS,9176,15.306411,13.082684,9.031929,19.857314,0.838946,52.668924
SETUP_SUCCESS,ALL,M5,DI_MINUS,9176,22.748553,23.443269,15.211625,29.844566,0.887928,54.930700
SETUP_SUCCESS,ALL,M5,DI_GAP,9176,15.839503,15.541404,8.673316,22.254464,0.000576,50.541625
SETUP_SUCCESS,ALL,M5,ATR,9176,1.503644,0.951875,0.585750,1.620000,0.089500,40.461000
SETUP_SUCCESS,ALL,M5,ATR_PCT_PRICE,9176,0.070487,0.056185,0.038413,0.085627,0.006766,1.106264
SETUP_SUCCESS,ALL,M5,EMA200_DIST_POINTS,9176,619.176479,351.302427,157.278921,708.557850,0.077456,29877.625254
SETUP_SUCCESS,ALL,M5,EMA200_DIST_ATR,9176,-0.481832,-0.825402,-4.121992,3.108562,-54.339991,51.638209
SETUP_SUCCESS,ALL,M15,RSI,9172,46.667041,46.159940,37.172390,55.680066,8.188341,91.970111
SETUP_SUCCESS,ALL,M15,ADX,9172,30.251278,27.870273,21.970541,35.996265,9.519466,88.802332
SETUP_SUCCESS,ALL,M15,CCI,9172,-48.135650,-69.763558,-144.660167,50.242161,-466.666667,449.643531
SETUP_SUCCESS,ALL,M15,DI_PLUS,9172,16.091911,14.644828,10.372132,20.444787,0.523014,50.564303
SETUP_SUCCESS,ALL,M15,DI_MINUS,9172,21.447609,21.310709,14.856372,27.740387,1.117575,53.668770
SETUP_SUCCESS,ALL,M15,DI_GAP,9172,13.413336,12.341326,6.194838,19.317527,0.000067,47.698488
SETUP_SUCCESS,ALL,M15,ATR,9172,2.522090,1.605000,1.010562,2.743125,0.189750,72.907500
SETUP_SUCCESS,ALL,M15,ATR_PCT_PRICE,9172,0.118378,0.096026,0.067397,0.144063,0.014916,1.765338
SETUP_SUCCESS,ALL,M15,EMA200_DIST_POINTS,9172,1049.973162,620.759634,278.849812,1227.767251,0.003584,46096.915336
SETUP_SUCCESS,ALL,M15,EMA200_DIST_ATR,9172,0.093626,-0.081657,-3.821278,3.894388,-43.662902,50.689819
SETUP_SUCCESS,ALL,M30,RSI,9168,48.074677,47.736928,39.334475,56.627349,6.150629,90.201408
SETUP_SUCCESS,ALL,M30,ADX,9168,29.619185,27.115071,21.327113,35.803642,9.060608,88.928684
SETUP_SUCCESS,ALL,M30,CCI,9168,-32.813547,-39.265313,-124.933374,57.780406,-465.912683,466.666667
SETUP_SUCCESS,ALL,M30,DI_PLUS,9168,16.735084,15.760992,11.222411,21.321901,0.994415,48.531876
SETUP_SUCCESS,ALL,M30,DI_MINUS,9168,20.058441,19.697541,13.996590,25.540471,0.939926,50.810502
SETUP_SUCCESS,ALL,M30,DI_GAP,9168,11.814232,10.442268,5.042404,17.147810,0.004616,46.249483
SETUP_SUCCESS,ALL,M30,ATR,9168,3.580953,2.286750,1.456750,3.899437,0.337250,83.926750
SETUP_SUCCESS,ALL,M30,ATR_PCT_PRICE,9168,0.167714,0.137759,0.097975,0.203478,0.026588,2.032152
SETUP_SUCCESS,ALL,M30,EMA200_DIST_POINTS,9168,1440.182757,849.277773,377.512996,1657.772374,0.191241,59490.243776
SETUP_SUCCESS,ALL,M30,EMA200_DIST_ATR,9168,0.339433,0.351789,-3.271117,3.818291,-32.898006,39.846463
SETUP_SUCCESS,ALL,H1,RSI,9159,49.147429,48.820458,40.589142,57.991198,9.298734,88.217262
SETUP_SUCCESS,ALL,H1,ADX,9159,29.524295,27.392854,21.191584,35.428894,9.046572,86.962608
SETUP_SUCCESS,ALL,H1,CCI,9159,-17.321855,-17.800122,-100.901548,68.409526,-456.711993,370.926804
SETUP_SUCCESS,ALL,H1,DI_PLUS,9159,17.239735,16.312818,11.977729,21.651412,1.480411,48.366814
SETUP_SUCCESS,ALL,H1,DI_MINUS,9159,18.694975,18.113619,12.975276,23.746629,0.797203,50.758862
SETUP_SUCCESS,ALL,H1,DI_GAP,9159,10.960358,9.463164,4.399503,16.030378,0.005207,44.582425
SETUP_SUCCESS,ALL,H1,ATR,9159,5.140832,3.310750,2.125000,5.493375,0.486500,120.751750
SETUP_SUCCESS,ALL,H1,ATR_PCT_PRICE,9159,0.239799,0.199523,0.141876,0.289806,0.038584,2.719031
SETUP_SUCCESS,ALL,H1,EMA200_DIST_POINTS,9159,1972.067028,1170.426734,504.519842,2344.181289,0.117430,73020.813117
SETUP_SUCCESS,ALL,H1,EMA200_DIST_ATR,9159,0.533510,0.650277,-2.773440,3.929638,-29.594933,28.089176
SETUP_SUCCESS,ALL,H4,RSI,9091,50.451488,50.708193,42.296918,58.678034,11.203518,92.544762
SETUP_SUCCESS,ALL,H4,ADX,9091,30.048699,27.731359,21.538131,36.255160,8.408214,83.878545
SETUP_SUCCESS,ALL,H4,CCI,9091,0.991184,3.227924,-80.522362,83.019983,-440.069959,366.579580
SETUP_SUCCESS,ALL,H4,DI_PLUS,9091,18.195038,17.468428,12.783781,22.879431,1.899371,56.664731
SETUP_SUCCESS,ALL,H4,DI_MINUS,9091,17.571281,16.996892,12.176728,22.283538,1.143058,47.668859
SETUP_SUCCESS,ALL,H4,DI_GAP,9091,10.719143,9.307883,4.300320,15.592215,0.003882,50.389069
SETUP_SUCCESS,ALL,H4,ATR,9091,9.985888,6.530500,4.323375,10.381375,0.958250,217.057750
SETUP_SUCCESS,ALL,H4,ATR_PCT_PRICE,9091,0.460853,0.395846,0.290602,0.543963,0.074491,4.565576
SETUP_SUCCESS,ALL,H4,EMA200_DIST_POINTS,9091,4128.857472,2457.070760,1094.654693,4877.276790,0.147989,83851.475473
SETUP_SUCCESS,ALL,H4,EMA200_DIST_ATR,9091,0.983234,0.900206,-2.653409,4.816887,-33.675090,23.536023
SETUP_SUCCESS,BUY,M1,RSI,6879,38.185365,37.705321,28.291834,48.230706,4.070324,89.823996
SETUP_SUCCESS,BUY,M1,ADX,6879,32.095753,29.767102,22.915261,39.160288,9.852506,87.364404
SETUP_SUCCESS,BUY,M1,CCI,6879,-58.901013,-53.065897,-175.781447,65.304789,-466.666667,466.471357
SETUP_SUCCESS,BUY,M1,DI_PLUS,6879,15.345123,14.526649,9.955293,19.687310,0.632639,55.825725
SETUP_SUCCESS,BUY,M1,DI_MINUS,6879,25.944376,23.969761,17.081619,34.448094,0.844357,65.253018
SETUP_SUCCESS,BUY,M1,DI_GAP,6879,15.162533,12.214374,4.801132,24.402036,0.005074,58.532849
SETUP_SUCCESS,BUY,M1,ATR,6879,0.697538,0.409000,0.243500,0.757500,0.020750,20.077500
SETUP_SUCCESS,BUY,M1,ATR_PCT_PRICE,6879,0.032683,0.024598,0.015763,0.039428,0.001635,0.424861
SETUP_SUCCESS,BUY,M1,EMA200_DIST_POINTS,6879,333.443516,183.078116,83.361246,371.349847,0.019144,14063.641144
SETUP_SUCCESS,BUY,M1,EMA200_DIST_ATR,6879,-3.984193,-4.110554,-6.726745,-1.249452,-53.209614,36.389538
SETUP_SUCCESS,BUY,M5,RSI,6879,38.581519,38.083848,30.850059,45.919839,5.435312,80.839422
SETUP_SUCCESS,BUY,M5,ADX,6879,32.812232,30.735440,23.679608,40.055359,8.736896,85.277864
SETUP_SUCCESS,BUY,M5,CCI,6879,-119.494188,-118.637014,-166.811034,-77.447411,-466.666667,437.513607
SETUP_SUCCESS,BUY,M5,DI_PLUS,6879,11.655598,11.010559,8.022058,14.591538,0.838946,38.671574
SETUP_SUCCESS,BUY,M5,DI_MINUS,6879,26.568874,26.486391,21.272580,31.765668,2.539130,54.930700
SETUP_SUCCESS,BUY,M5,DI_GAP,6879,15.868229,15.574178,8.632837,22.305925,0.000576,50.541625
SETUP_SUCCESS,BUY,M5,ATR,6879,1.523943,0.949000,0.583875,1.636625,0.095750,40.461000
SETUP_SUCCESS,BUY,M5,ATR_PCT_PRICE,6879,0.071315,0.056419,0.038570,0.086335,0.006766,0.838916
SETUP_SUCCESS,BUY,M5,EMA200_DIST_POINTS,6879,616.049156,347.521999,153.660307,700.829764,0.148117,29877.625254
SETUP_SUCCESS,BUY,M5,EMA200_DIST_ATR,6879,-1.345923,-1.743745,-4.691343,1.714709,-54.339991,51.638209
SETUP_SUCCESS,BUY,M15,RSI,6875,42.610399,42.480141,34.592812,50.333250,8.188341,83.351678
SETUP_SUCCESS,BUY,M15,ADX,6875,30.206058,27.868967,22.056194,35.880989,9.519466,88.802332
SETUP_SUCCESS,BUY,M15,CCI,6875,-98.195216,-112.018932,-162.415143,-30.274258,-466.666667,371.378305
SETUP_SUCCESS,BUY,M15,DI_PLUS,6875,13.216871,12.618266,9.256276,16.730024,0.523014,38.208274
SETUP_SUCCESS,BUY,M15,DI_MINUS,6875,24.369562,24.378724,19.016518,29.532576,1.117575,53.668770
SETUP_SUCCESS,BUY,M15,DI_GAP,6875,13.303066,12.264190,6.107429,19.265772,0.000067,47.698488
SETUP_SUCCESS,BUY,M15,ATR,6875,2.536794,1.594250,1.002750,2.767625,0.189750,72.907500
SETUP_SUCCESS,BUY,M15,ATR_PCT_PRICE,6875,0.119005,0.095782,0.066952,0.144485,0.014916,1.765338
SETUP_SUCCESS,BUY,M15,EMA200_DIST_POINTS,6875,1068.494697,631.411908,279.748299,1251.105692,0.003584,46096.915336
SETUP_SUCCESS,BUY,M15,EMA200_DIST_ATR,6875,-0.275347,-0.620995,-4.219317,3.346610,-43.662902,50.689819
SETUP_SUCCESS,BUY,M30,RSI,6871,45.189818,45.114421,37.176758,53.029285,6.150629,84.255953
SETUP_SUCCESS,BUY,M30,ADX,6871,29.696408,27.083036,21.342166,35.778156,9.060608,88.928684
SETUP_SUCCESS,BUY,M30,CCI,6871,-70.236053,-78.971202,-145.658252,13.807172,-465.912683,395.678942
SETUP_SUCCESS,BUY,M30,DI_PLUS,6871,14.696800,14.208456,10.264269,18.505244,0.994415,41.774133
SETUP_SUCCESS,BUY,M30,DI_MINUS,6871,22.076955,21.824338,16.553177,27.310967,0.939926,50.810502
SETUP_SUCCESS,BUY,M30,DI_GAP,6871,11.669900,10.348196,4.985291,16.840000,0.004616,46.249483
SETUP_SUCCESS,BUY,M30,ATR,6871,3.572184,2.266750,1.440750,3.926000,0.337250,83.926750
SETUP_SUCCESS,BUY,M30,ATR_PCT_PRICE,6871,0.167553,0.137441,0.097574,0.203406,0.026588,2.032152
SETUP_SUCCESS,BUY,M30,EMA200_DIST_POINTS,6871,1562.299327,948.786387,420.602675,1810.434302,0.191241,59490.243776
SETUP_SUCCESS,BUY,M30,EMA200_DIST_ATR,6871,0.102215,-0.027041,-3.963969,4.071527,-32.898006,39.846463
SETUP_SUCCESS,BUY,H1,RSI,6862,47.301103,47.014126,39.103042,55.447595,9.298734,88.217262
SETUP_SUCCESS,BUY,H1,ADX,6862,29.637517,27.433791,21.303537,35.345022,9.046572,86.962608
SETUP_SUCCESS,BUY,H1,CCI,6862,-41.287249,-44.086663,-118.960484,45.752243,-456.711993,370.926804
SETUP_SUCCESS,BUY,H1,DI_PLUS,6862,16.010489,15.358261,11.279481,19.967900,1.480411,44.711289
SETUP_SUCCESS,BUY,H1,DI_MINUS,6862,19.898856,19.487038,14.314034,24.990003,0.797203,50.758862
SETUP_SUCCESS,BUY,H1,DI_GAP,6862,10.840862,9.392595,4.292391,15.863886,0.005207,44.582425
SETUP_SUCCESS,BUY,H1,ATR,6862,5.118874,3.264500,2.107250,5.530938,0.486500,102.780750
SETUP_SUCCESS,BUY,H1,ATR_PCT_PRICE,6862,0.239278,0.198916,0.141186,0.289613,0.038584,2.719031
SETUP_SUCCESS,BUY,H1,EMA200_DIST_POINTS,6862,2254.539252,1411.148243,627.666162,2638.233335,0.117430,73020.813117
SETUP_SUCCESS,BUY,H1,EMA200_DIST_ATR,6862,0.346191,0.388782,-3.820332,4.513733,-29.594933,28.089176
SETUP_SUCCESS,BUY,H4,RSI,6816,49.723399,49.744402,40.764676,58.696409,11.203518,92.544762
SETUP_SUCCESS,BUY,H4,ADX,6816,30.877723,28.359622,21.795323,37.302217,8.408214,83.878545
SETUP_SUCCESS,BUY,H4,CCI,6816,-5.386810,-1.463714,-86.093045,75.603300,-440.069959,337.026131
SETUP_SUCCESS,BUY,H4,DI_PLUS,6816,17.946573,17.232486,12.518977,22.643312,1.899371,56.664731
SETUP_SUCCESS,BUY,H4,DI_MINUS,6816,17.780148,17.224668,12.272375,22.638619,1.143058,47.668859
SETUP_SUCCESS,BUY,H4,DI_GAP,6816,10.855728,9.295200,4.360513,15.790038,0.003882,50.389069
SETUP_SUCCESS,BUY,H4,ATR,6816,9.956633,6.541250,4.307875,10.389937,1.117000,211.240750
SETUP_SUCCESS,BUY,H4,ATR_PCT_PRICE,6816,0.460766,0.396372,0.291687,0.545319,0.086940,4.565576
SETUP_SUCCESS,BUY,H4,EMA200_DIST_POINTS,6816,4393.872082,2643.908252,1234.621975,5139.356794,0.692111,83851.475473
SETUP_SUCCESS,BUY,H4,EMA200_DIST_ATR,6816,0.884890,0.809429,-3.120169,5.083809,-33.675090,22.255066
SETUP_SUCCESS,SELL,M1,RSI,2297,61.343515,61.216361,52.275321,70.755891,18.402347,91.703112
SETUP_SUCCESS,SELL,M1,ADX,2297,31.636362,29.413397,22.456014,38.626412,10.384996,81.488910
SETUP_SUCCESS,SELL,M1,CCI,2297,52.423587,38.183235,-65.593753,167.886818,-377.184118,466.666667
SETUP_SUCCESS,SELL,M1,DI_PLUS,2297,24.959034,22.357352,16.546992,32.976364,1.002371,63.449951
SETUP_SUCCESS,SELL,M1,DI_MINUS,2297,15.367108,14.690197,10.108181,19.631771,1.310778,45.452125
SETUP_SUCCESS,SELL,M1,DI_GAP,2297,14.128507,10.477361,4.262622,23.125828,0.004206,60.382693
SETUP_SUCCESS,SELL,M1,ATR,2297,0.639249,0.405250,0.239250,0.710250,0.025500,14.790000
SETUP_SUCCESS,SELL,M1,ATR_PCT_PRICE,2297,0.030409,0.023600,0.015506,0.037183,0.001999,0.454561
SETUP_SUCCESS,SELL,M1,EMA200_DIST_POINTS,2297,331.308831,202.863699,88.780637,389.479652,0.050371,4766.511029
SETUP_SUCCESS,SELL,M1,EMA200_DIST_ATR,2297,4.551927,4.680120,1.800154,7.344349,-27.443550,38.280843
SETUP_SUCCESS,SELL,M5,RSI,2297,61.869738,62.453334,55.002024,68.959833,28.467317,89.299286
SETUP_SUCCESS,SELL,M5,ADX,2297,33.294332,30.899879,23.715034,40.984351,10.546171,84.626677
SETUP_SUCCESS,SELL,M5,CCI,2297,116.431370,114.349095,80.219611,161.359396,-253.711926,465.413016
SETUP_SUCCESS,SELL,M5,DI_PLUS,2297,26.239776,25.993300,21.089056,31.230046,4.184314,52.668924
SETUP_SUCCESS,SELL,M5,DI_MINUS,2297,11.307549,10.531075,7.639302,14.161121,0.887928,39.365465
SETUP_SUCCESS,SELL,M5,DI_GAP,2297,15.753477,15.446377,8.799022,22.103142,0.000858,49.014700
SETUP_SUCCESS,SELL,M5,ATR,2297,1.442851,0.956250,0.588500,1.565750,0.089500,21.420000
SETUP_SUCCESS,SELL,M5,ATR_PCT_PRICE,2297,0.068007,0.055590,0.037949,0.083993,0.006941,1.106264
SETUP_SUCCESS,SELL,M5,EMA200_DIST_POINTS,2297,628.542113,360.669051,165.231562,731.900401,0.077456,10892.960251
SETUP_SUCCESS,SELL,M5,EMA200_DIST_ATR,2297,2.105924,2.548670,-0.973260,5.532000,-35.014538,29.288051
SETUP_SUCCESS,SELL,M15,RSI,2297,58.808712,58.910954,51.332621,66.732486,20.458539,91.970111
SETUP_SUCCESS,SELL,M15,ADX,2297,30.386624,27.890511,21.730843,36.387120,10.006772,81.746089
SETUP_SUCCESS,SELL,M15,CCI,2297,101.694352,114.369577,48.004185,161.436528,-187.254219,449.643531
SETUP_SUCCESS,SELL,M15,DI_PLUS,2297,24.697004,24.456071,19.432818,29.720255,3.007170,50.564303
SETUP_SUCCESS,SELL,M15,DI_MINUS,2297,12.702102,12.199896,8.900945,15.999100,1.578328,35.095005
SETUP_SUCCESS,SELL,M15,DI_GAP,2297,13.743380,12.809645,6.516253,19.582581,0.010687,46.502785
SETUP_SUCCESS,SELL,M15,ATR,2297,2.478080,1.635500,1.029000,2.690000,0.204500,35.399500
SETUP_SUCCESS,SELL,M15,ATR_PCT_PRICE,2297,0.116503,0.096299,0.068593,0.141486,0.016017,1.363695
SETUP_SUCCESS,SELL,M15,EMA200_DIST_POINTS,2297,994.537571,591.817042,275.672855,1156.575265,0.141780,16669.440202
SETUP_SUCCESS,SELL,M15,EMA200_DIST_ATR,2297,1.197974,1.415238,-2.159137,4.791698,-30.514051,32.032510
SETUP_SUCCESS,SELL,M30,RSI,2297,56.704135,56.684883,48.800705,64.831468,15.823347,90.201408
SETUP_SUCCESS,SELL,M30,ADX,2297,29.388190,27.272501,21.320281,35.859103,10.723586,77.244896
SETUP_SUCCESS,SELL,M30,CCI,2297,79.128132,90.137810,3.322083,147.630665,-263.984359,466.666667
SETUP_SUCCESS,SELL,M30,DI_PLUS,2297,22.832190,22.598439,17.398438,28.072639,1.527606,48.531876
SETUP_SUCCESS,SELL,M30,DI_MINUS,2297,14.020475,13.348557,9.922296,17.693521,1.785601,38.856283
SETUP_SUCCESS,SELL,M30,DI_GAP,2297,12.245969,10.767202,5.189027,17.940742,0.013876,43.980848
SETUP_SUCCESS,SELL,M30,ATR,2297,3.607186,2.336250,1.515500,3.816750,0.367000,77.860000
SETUP_SUCCESS,SELL,M30,ATR_PCT_PRICE,2297,0.168197,0.139014,0.099025,0.204205,0.028744,1.668030
SETUP_SUCCESS,SELL,M30,EMA200_DIST_POINTS,2297,1074.896317,621.797194,271.214434,1258.580474,0.578001,16847.400403
SETUP_SUCCESS,SELL,M30,EMA200_DIST_ATR,2297,1.049022,1.108263,-1.347918,3.462289,-20.984006,22.493132
SETUP_SUCCESS,SELL,H1,RSI,2297,54.663095,54.928959,46.234232,63.211215,14.317837,85.704768
SETUP_SUCCESS,SELL,H1,ADX,2297,29.186057,27.197235,20.821797,35.784951,10.034772,73.767288
SETUP_SUCCESS,SELL,H1,CCI,2297,54.271761,63.183433,-29.283552,131.075049,-317.081384,340.230503
SETUP_SUCCESS,SELL,H1,DI_PLUS,2297,20.911955,20.466707,14.795050,26.432136,1.835689,48.366814
SETUP_SUCCESS,SELL,H1,DI_MINUS,2297,15.098529,14.380373,10.401680,19.125249,2.720608,45.493573
SETUP_SUCCESS,SELL,H1,DI_GAP,2297,11.317339,9.755964,4.632319,16.718169,0.015439,42.267830
SETUP_SUCCESS,SELL,H1,ATR,2297,5.206429,3.394750,2.181500,5.394750,0.693250,120.751750
SETUP_SUCCESS,SELL,H1,ATR_PCT_PRICE,2297,0.241356,0.200982,0.144093,0.291207,0.053215,2.359970
SETUP_SUCCESS,SELL,H1,EMA200_DIST_POINTS,2297,1128.216613,673.024387,295.003232,1351.292362,0.542915,12958.084118
SETUP_SUCCESS,SELL,H1,EMA200_DIST_ATR,2297,1.093103,1.020406,-0.786007,2.856454,-17.188036,14.778435
SETUP_SUCCESS,SELL,H4,RSI,2275,52.632875,52.515541,46.812562,58.572122,17.785616,85.496997
SETUP_SUCCESS,SELL,H4,ADX,2275,27.564909,26.251487,20.732265,33.153612,10.900567,74.847449
SETUP_SUCCESS,SELL,H4,CCI,2275,20.099932,27.677334,-66.446026,102.777688,-334.656554,366.579580
SETUP_SUCCESS,SELL,H4,DI_PLUS,2275,18.939448,18.182809,13.605819,23.754055,2.181577,48.385709
SETUP_SUCCESS,SELL,H4,DI_MINUS,2275,16.945505,16.208819,12.045727,21.176292,3.497262,45.023627
SETUP_SUCCESS,SELL,H4,DI_GAP,2275,10.309925,9.357738,4.137915,14.946733,0.006167,42.927261
SETUP_SUCCESS,SELL,H4,ATR,2275,10.073538,6.512250,4.363375,10.363750,0.958250,217.057750
SETUP_SUCCESS,SELL,H4,ATR_PCT_PRICE,2275,0.461113,0.393233,0.288065,0.539554,0.074491,4.242172
SETUP_SUCCESS,SELL,H4,EMA200_DIST_POINTS,2275,3334.862054,1933.137691,785.108753,4067.110440,0.147989,43298.482266
SETUP_SUCCESS,SELL,H4,EMA200_DIST_ATR,2275,1.277880,1.094193,-1.612201,4.139222,-17.769717,23.536023
SETUP_LOSS,ALL,M1,RSI,394,36.574883,31.148498,24.391300,47.068890,3.982160,92.787753
SETUP_LOSS,ALL,M1,ADX,394,36.610903,33.399365,25.191262,47.491197,10.362796,89.058620
SETUP_LOSS,ALL,M1,CCI,394,-98.933790,-142.920064,-205.562899,23.396582,-466.666667,466.666667
SETUP_LOSS,ALL,M1,DI_PLUS,394,15.048515,12.036999,7.756989,20.252455,0.894981,54.038483
SETUP_LOSS,ALL,M1,DI_MINUS,394,28.315406,30.928200,17.683189,36.451038,2.518726,58.632991
SETUP_LOSS,ALL,M1,DI_GAP,394,21.145391,21.877820,11.083378,29.926141,0.179042,57.285740
SETUP_LOSS,ALL,M1,ATR,394,1.681562,0.885000,0.410375,1.895812,0.077000,19.901500
SETUP_LOSS,ALL,M1,ATR_PCT_PRICE,394,0.059925,0.045881,0.026855,0.067261,0.005816,0.416671
SETUP_LOSS,ALL,M1,EMA200_DIST_POINTS,394,931.205885,452.052392,182.521481,1069.161915,3.367892,12329.541680
SETUP_LOSS,ALL,M1,EMA200_DIST_ATR,394,-3.867606,-4.726978,-7.146177,-1.070690,-46.378751,16.358918
SETUP_LOSS,ALL,M5,RSI,394,37.250055,33.248881,25.112136,46.349688,8.049822,87.703854
SETUP_LOSS,ALL,M5,ADX,394,35.351013,32.924049,25.176766,43.004803,10.757575,77.573579
SETUP_LOSS,ALL,M5,CCI,394,-113.654323,-147.910640,-199.311233,-81.892130,-466.666667,466.666667
SETUP_LOSS,ALL,M5,DI_PLUS,394,13.142277,10.611369,7.760911,15.871113,1.210981,47.996007
SETUP_LOSS,ALL,M5,DI_MINUS,394,27.207142,27.967540,20.683153,33.703489,3.288107,53.992585
SETUP_LOSS,ALL,M5,DI_GAP,394,19.673312,19.709818,12.339155,26.232452,0.045010,49.147503
SETUP_LOSS,ALL,M5,ATR,394,3.491306,1.869250,0.872125,4.148500,0.137750,30.328250
SETUP_LOSS,ALL,M5,ATR_PCT_PRICE,394,0.124847,0.096477,0.053583,0.155413,0.012022,0.733809
SETUP_LOSS,ALL,M5,EMA200_DIST_POINTS,394,1499.113426,727.688112,261.843728,1647.757176,1.072766,24035.769164
SETUP_LOSS,ALL,M5,EMA200_DIST_ATR,394,-2.095599,-2.879762,-5.042033,0.374173,-16.976156,23.130177
SETUP_LOSS,ALL,M15,RSI,394,39.621969,36.428240,27.588872,49.212983,7.383082,91.499408
SETUP_LOSS,ALL,M15,ADX,394,32.468030,30.463917,22.885181,39.112198,12.993218,75.727303
SETUP_LOSS,ALL,M15,CCI,394,-99.418642,-134.584884,-195.258505,-14.138141,-466.666667,459.771916
SETUP_LOSS,ALL,M15,DI_PLUS,394,14.200474,12.022537,8.384055,18.282655,1.792282,43.832227
SETUP_LOSS,ALL,M15,DI_MINUS,394,25.258674,26.076206,19.419259,32.115483,1.436306,46.035746
SETUP_LOSS,ALL,M15,DI_GAP,394,17.026890,16.728023,8.712462,23.559590,0.011596,40.437981
SETUP_LOSS,ALL,M15,ATR,394,5.287064,2.675000,1.323500,6.248938,0.410000,46.938000
SETUP_LOSS,ALL,M15,ATR_PCT_PRICE,394,0.187150,0.138604,0.086983,0.252104,0.025814,1.036911
SETUP_LOSS,ALL,M15,EMA200_DIST_POINTS,394,2173.934673,866.196158,403.182476,2087.802451,3.074140,37114.917457
SETUP_LOSS,ALL,M15,EMA200_DIST_ATR,394,-1.155882,-1.751198,-4.562041,1.523878,-14.596478,22.714642
SETUP_LOSS,ALL,M30,RSI,394,41.665784,40.116311,30.724858,50.732727,7.388724,86.370149
SETUP_LOSS,ALL,M30,ADX,394,32.074798,29.100830,22.685513,38.618376,11.828949,77.016038
SETUP_LOSS,ALL,M30,CCI,394,-88.748744,-121.725855,-178.128160,4.930296,-417.103217,403.943540
SETUP_LOSS,ALL,M30,DI_PLUS,394,14.251692,12.677814,8.382855,18.668778,1.231115,44.898264
SETUP_LOSS,ALL,M30,DI_MINUS,394,24.076368,24.568348,18.275374,30.959560,2.795562,43.815857
SETUP_LOSS,ALL,M30,DI_GAP,394,15.676185,15.081530,7.584915,22.183543,0.051849,40.569308
SETUP_LOSS,ALL,M30,ATR,394,7.016520,3.638625,1.751000,7.841062,0.647250,80.369250
SETUP_LOSS,ALL,M30,ATR_PCT_PRICE,394,0.246914,0.179067,0.119672,0.308523,0.046815,1.735756
SETUP_LOSS,ALL,M30,EMA200_DIST_POINTS,394,2839.625291,1248.008112,502.501089,2465.610125,6.193672,44750.927222
SETUP_LOSS,ALL,M30,EMA200_DIST_ATR,394,-0.648712,-0.937091,-4.553543,2.612595,-19.280914,24.473387
SETUP_LOSS,ALL,H1,RSI,394,43.516279,43.195181,34.016324,51.334935,8.332642,78.643192
SETUP_LOSS,ALL,H1,ADX,394,30.733315,29.069078,22.566649,36.510060,9.981282,77.345545
SETUP_LOSS,ALL,H1,CCI,394,-77.741821,-97.901509,-171.327006,17.278418,-384.317687,294.023134
SETUP_LOSS,ALL,H1,DI_PLUS,394,14.811051,13.095057,9.857440,18.348762,2.246696,44.671722
SETUP_LOSS,ALL,H1,DI_MINUS,394,22.753736,23.241304,15.911562,28.691822,4.789705,45.011101
SETUP_LOSS,ALL,H1,DI_GAP,394,14.107196,13.286511,6.177186,20.691422,0.002920,41.716917
SETUP_LOSS,ALL,H1,ATR,394,9.547963,4.668000,2.579188,10.504375,0.847750,149.765000
SETUP_LOSS,ALL,H1,ATR_PCT_PRICE,394,0.332633,0.259338,0.176674,0.376612,0.068104,3.234515
SETUP_LOSS,ALL,H1,EMA200_DIST_POINTS,394,3736.739411,1632.074926,780.798867,3604.841542,0.284519,48792.421407
SETUP_LOSS,ALL,H1,EMA200_DIST_ATR,394,-0.284121,0.226415,-4.704069,3.671196,-15.527422,14.533773
SETUP_LOSS,ALL,H4,RSI,389,46.825627,47.002865,36.965153,56.403883,10.416686,83.987652
SETUP_LOSS,ALL,H4,ADX,389,29.104715,27.258592,21.208059,34.309403,10.946815,64.826878
SETUP_LOSS,ALL,H4,CCI,389,-37.303870,-36.272148,-129.495889,42.724141,-340.041631,306.199274
SETUP_LOSS,ALL,H4,DI_PLUS,389,16.316716,15.567614,11.376096,20.760060,1.872096,33.386573
SETUP_LOSS,ALL,H4,DI_MINUS,389,20.256607,19.017863,13.890715,25.756532,4.164351,50.113185
SETUP_LOSS,ALL,H4,DI_GAP,389,11.323352,9.389105,4.841036,16.683569,0.050035,42.513753
SETUP_LOSS,ALL,H4,ATR,389,18.473463,7.831500,4.676500,20.610000,1.958750,236.049000
SETUP_LOSS,ALL,H4,ATR_PCT_PRICE,389,0.611990,0.461458,0.298687,0.728182,0.136208,5.034332
SETUP_LOSS,ALL,H4,EMA200_DIST_POINTS,389,7220.503657,3367.030756,1394.315671,7938.739950,9.541926,73598.699004
SETUP_LOSS,ALL,H4,EMA200_DIST_ATR,389,0.600177,0.953781,-3.029287,4.503746,-13.458563,19.108330
SETUP_LOSS,BUY,M1,RSI,339,31.409486,28.710570,23.194735,36.490453,3.982160,81.759937
SETUP_LOSS,BUY,M1,ADX,339,36.308378,33.188612,25.026471,46.786412,10.362796,89.058620
SETUP_LOSS,BUY,M1,CCI,339,-134.147562,-158.844722,-217.345561,-59.723904,-466.666667,281.504760
SETUP_LOSS,BUY,M1,DI_PLUS,339,12.533867,11.201164,7.086610,17.262697,0.894981,40.673696
SETUP_LOSS,BUY,M1,DI_MINUS,339,30.910840,31.999605,23.066228,37.676842,2.518726,58.632991
SETUP_LOSS,BUY,M1,DI_GAP,339,21.024473,21.723693,11.091224,29.584451,0.204886,57.285740
SETUP_LOSS,BUY,M1,ATR,339,1.663580,0.888500,0.424500,1.871750,0.077000,19.901500
SETUP_LOSS,BUY,M1,ATR_PCT_PRICE,339,0.060040,0.045873,0.026978,0.067174,0.005816,0.416671
SETUP_LOSS,BUY,M1,EMA200_DIST_POINTS,339,920.545295,460.230985,179.284486,1051.788048,3.367892,12329.541680
SETUP_LOSS,BUY,M1,EMA200_DIST_ATR,339,-5.494116,-5.235873,-7.764091,-3.219006,-46.378751,10.596389
SETUP_LOSS,BUY,M5,RSI,339,32.140095,30.675068,23.596810,38.643352,8.049822,70.975830
SETUP_LOSS,BUY,M5,ADX,339,35.645186,33.182739,25.240916,44.135835,10.757575,77.573579
SETUP_LOSS,BUY,M5,CCI,339,-159.466903,-158.122842,-208.772749,-115.378488,-466.666667,398.437288
SETUP_LOSS,BUY,M5,DI_PLUS,339,10.459564,9.681935,7.150839,13.310956,1.210981,35.892966
SETUP_LOSS,BUY,M5,DI_MINUS,339,29.722853,29.860964,24.906416,34.482336,10.501279,53.992585
SETUP_LOSS,BUY,M5,DI_GAP,339,19.826595,20.006484,12.137185,26.468596,0.045010,49.147503
SETUP_LOSS,BUY,M5,ATR,339,3.441884,1.818250,0.875750,4.074375,0.137750,30.328250
SETUP_LOSS,BUY,M5,ATR_PCT_PRICE,339,0.124481,0.093006,0.053854,0.156140,0.012022,0.733809
SETUP_LOSS,BUY,M5,EMA200_DIST_POINTS,339,1476.452133,717.444594,258.204318,1611.870993,1.072766,24035.769164
SETUP_LOSS,BUY,M5,EMA200_DIST_ATR,339,-3.037788,-3.494693,-5.522389,-1.135738,-16.976156,23.130177
SETUP_LOSS,BUY,M15,RSI,339,35.206075,33.696450,26.287102,43.362385,7.383082,69.830945
SETUP_LOSS,BUY,M15,ADX,339,32.238557,30.517210,22.948901,39.112007,12.993218,72.820933
SETUP_LOSS,BUY,M15,CCI,339,-143.439427,-153.361609,-205.478215,-85.542149,-466.666667,274.163053
SETUP_LOSS,BUY,M15,DI_PLUS,339,11.838003,11.063038,8.034346,15.113999,1.792282,29.603000
SETUP_LOSS,BUY,M15,DI_MINUS,339,27.577507,27.821598,21.762448,32.786194,7.979970,46.035746
SETUP_LOSS,BUY,M15,DI_GAP,339,16.881702,16.828316,8.614230,23.586162,0.011596,38.615627
SETUP_LOSS,BUY,M15,ATR,339,5.135161,2.678750,1.304875,6.061125,0.410000,46.938000
SETUP_LOSS,BUY,M15,ATR_PCT_PRICE,339,0.184974,0.139394,0.087007,0.250158,0.025814,1.036911
SETUP_LOSS,BUY,M15,EMA200_DIST_POINTS,339,2034.573240,867.868558,410.038226,2061.138796,3.074140,34559.455093
SETUP_LOSS,BUY,M15,EMA200_DIST_ATR,339,-1.797507,-2.274230,-4.831756,0.259791,-14.596478,22.714642
SETUP_LOSS,BUY,M30,RSI,339,38.058148,36.970146,28.693186,45.871175,7.388724,71.998063
SETUP_LOSS,BUY,M30,ADX,339,31.963994,28.840463,22.817562,38.242867,11.828949,77.016038
SETUP_LOSS,BUY,M30,CCI,339,-126.031637,-139.526792,-190.783664,-58.225868,-417.103217,249.749215
SETUP_LOSS,BUY,M30,DI_PLUS,339,12.268657,11.580737,7.783358,15.346195,1.231115,32.749528
SETUP_LOSS,BUY,M30,DI_MINUS,339,26.130579,26.265279,20.637047,31.991884,6.143437,43.815857
SETUP_LOSS,BUY,M30,DI_GAP,339,15.712330,15.175816,7.899021,22.202831,0.051849,40.569308
SETUP_LOSS,BUY,M30,ATR,339,6.684561,3.697500,1.681625,7.830875,0.647250,57.485500
SETUP_LOSS,BUY,M30,ATR_PCT_PRICE,339,0.241362,0.178072,0.120210,0.308311,0.046815,1.269917
SETUP_LOSS,BUY,M30,EMA200_DIST_POINTS,339,2754.522918,1305.465877,563.416827,2560.114682,6.193672,41833.681021
SETUP_LOSS,BUY,M30,EMA200_DIST_ATR,339,-1.151439,-1.435589,-4.928143,2.032477,-19.280914,24.473387
SETUP_LOSS,BUY,H1,RSI,339,40.750257,40.034731,31.297184,49.136723,8.332642,75.398346
SETUP_LOSS,BUY,H1,ADX,339,30.844435,28.971416,22.611730,36.503792,9.981282,77.345545
SETUP_LOSS,BUY,H1,CCI,339,-106.707186,-120.827011,-183.926748,-34.989899,-384.317687,174.139057
SETUP_LOSS,BUY,H1,DI_PLUS,339,13.271076,12.232671,9.333861,16.881477,2.246696,34.735422
SETUP_LOSS,BUY,H1,DI_MINUS,339,24.285219,24.412524,18.449241,29.834593,5.634266,45.011101
SETUP_LOSS,BUY,H1,DI_GAP,339,14.128708,13.401251,5.992143,20.833004,0.002920,41.716917
SETUP_LOSS,BUY,H1,ATR,339,8.989802,4.831500,2.513750,10.245000,0.947000,78.166500
SETUP_LOSS,BUY,H1,ATR_PCT_PRICE,339,0.323828,0.259377,0.177657,0.376469,0.068104,1.499974
SETUP_LOSS,BUY,H1,EMA200_DIST_POINTS,339,3861.748300,1731.732298,859.980522,3899.811610,0.284519,48792.421407
SETUP_LOSS,BUY,H1,EMA200_DIST_ATR,339,-0.674862,-0.241533,-5.072513,3.492801,-15.527422,14.533773
SETUP_LOSS,BUY,H4,RSI,334,45.194001,45.063913,35.012950,54.047743,10.416686,83.987652
SETUP_LOSS,BUY,H4,ADX,334,29.937461,28.149549,21.655765,36.231379,10.946815,64.826878
SETUP_LOSS,BUY,H4,CCI,334,-56.428042,-47.768467,-138.988757,20.167798,-340.041631,175.854033
SETUP_LOSS,BUY,H4,DI_PLUS,334,15.527783,15.062153,11.077849,20.157105,1.872096,30.619837
SETUP_LOSS,BUY,H4,DI_MINUS,334,21.057744,19.957484,14.835008,26.276391,4.164351,50.113185
SETUP_LOSS,BUY,H4,DI_GAP,334,11.441964,9.240896,4.767737,16.832777,0.050035,42.513753
SETUP_LOSS,BUY,H4,ATR,334,17.737754,7.814250,4.610687,20.563750,1.958750,233.702750
SETUP_LOSS,BUY,H4,ATR_PCT_PRICE,334,0.598155,0.456877,0.299340,0.728869,0.136208,4.380050
SETUP_LOSS,BUY,H4,EMA200_DIST_POINTS,334,7529.087757,3640.285802,1558.870611,8187.339866,49.869615,73598.699004
SETUP_LOSS,BUY,H4,EMA200_DIST_ATR,334,0.645104,1.198594,-3.305558,4.766339,-13.458563,19.108330
SETUP_LOSS,SELL,M1,RSI,55,68.412513,70.379443,62.764664,77.193238,31.225869,92.787753
SETUP_LOSS,SELL,M1,ADX,55,38.475556,36.502431,28.157590,48.232742,14.489365,72.220979
SETUP_LOSS,SELL,M1,CCI,55,118.111096,142.160092,67.731117,206.278126,-196.451589,466.666667
SETUP_LOSS,SELL,M1,DI_PLUS,55,30.547890,32.312824,21.054183,38.539260,6.913792,54.038483
SETUP_LOSS,SELL,M1,DI_MINUS,55,12.318094,9.158348,6.611761,15.560063,4.025350,32.984448
SETUP_LOSS,SELL,M1,DI_GAP,55,21.890687,23.921164,11.516144,30.675238,0.179042,49.283239
SETUP_LOSS,SELL,M1,ATR,55,1.792395,0.737500,0.387000,2.201250,0.125000,15.577500
SETUP_LOSS,SELL,M1,ATR_PCT_PRICE,55,0.059219,0.048868,0.023641,0.070098,0.009913,0.332229
SETUP_LOSS,SELL,M1,EMA200_DIST_POINTS,55,996.913881,448.997026,193.621916,1178.405588,9.043365,7994.606958
SETUP_LOSS,SELL,M1,EMA200_DIST_ATR,55,6.157606,5.879298,4.114523,8.286813,-1.339591,16.358918
SETUP_LOSS,SELL,M5,RSI,55,68.745995,68.051263,62.081745,75.880688,43.457285,87.703854
SETUP_LOSS,SELL,M5,ADX,55,33.537838,30.434461,24.640762,40.602703,17.598168,65.154404
SETUP_LOSS,SELL,M5,CCI,55,168.717756,147.492254,116.471732,209.646918,-82.054365,466.666667
SETUP_LOSS,SELL,M5,DI_PLUS,55,29.677541,30.206538,23.494478,34.063026,15.502530,47.996007
SETUP_LOSS,SELL,M5,DI_MINUS,55,11.701216,10.384817,8.019972,14.489999,3.288107,30.382731
SETUP_LOSS,SELL,M5,DI_GAP,55,18.728528,18.220756,13.438787,25.281581,2.296083,44.122956
SETUP_LOSS,SELL,M5,ATR,55,3.795927,1.875250,0.761250,4.275000,0.372250,29.692000
SETUP_LOSS,SELL,M5,ATR_PCT_PRICE,55,0.127105,0.102618,0.051326,0.151089,0.029521,0.633256
SETUP_LOSS,SELL,M5,EMA200_DIST_POINTS,55,1638.789398,800.203414,308.573935,1801.393745,7.747451,12473.519245
SETUP_LOSS,SELL,M5,EMA200_DIST_ATR,55,3.711710,4.107510,1.508599,6.551971,-6.434800,11.464061
SETUP_LOSS,SELL,M15,RSI,55,66.839938,65.783124,58.840547,76.854484,43.559265,91.499408
SETUP_LOSS,SELL,M15,ADX,55,33.882417,29.574907,22.590323,39.063316,13.916957,75.727303
SETUP_LOSS,SELL,M15,CCI,55,171.909469,153.870284,110.878919,209.168435,-48.789366,459.771916
SETUP_LOSS,SELL,M15,DI_PLUS,55,28.761891,29.282950,21.855799,34.426102,18.860700,43.832227
SETUP_LOSS,SELL,M15,DI_MINUS,55,10.966232,9.249300,6.679258,14.186443,1.436306,25.924517
SETUP_LOSS,SELL,M15,DI_GAP,55,17.921778,16.709609,9.990312,23.374566,0.335569,40.437981
SETUP_LOSS,SELL,M15,ATR,55,6.223341,2.672500,1.469250,7.346250,0.533000,46.659000
SETUP_LOSS,SELL,M15,ATR_PCT_PRICE,55,0.200563,0.136611,0.088090,0.261951,0.043361,1.001951
SETUP_LOSS,SELL,M15,EMA200_DIST_POINTS,55,3032.907871,856.852212,367.744082,2152.126609,9.533028,37114.917457
SETUP_LOSS,SELL,M15,EMA200_DIST_ATR,55,2.798863,3.497026,0.118998,4.873253,-8.000198,14.047338
SETUP_LOSS,SELL,M30,RSI,55,63.901943,65.720186,55.029921,72.160492,39.468362,86.370149
SETUP_LOSS,SELL,M30,ADX,55,32.757753,30.180661,21.942874,41.059638,17.305264,57.750998
SETUP_LOSS,SELL,M30,CCI,55,141.049455,147.760830,76.197018,209.136105,-77.168348,403.943540
SETUP_LOSS,SELL,M30,DI_PLUS,55,26.474396,25.350370,20.829858,31.080187,13.545231,44.898264
SETUP_LOSS,SELL,M30,DI_MINUS,55,11.414961,10.162884,6.720582,15.563339,2.795562,25.617559
SETUP_LOSS,SELL,M30,DI_GAP,55,15.453403,14.540236,5.712837,21.408022,0.169843,40.386357
SETUP_LOSS,SELL,M30,ATR,55,9.062591,3.375000,2.032625,8.812500,0.770250,80.369250
SETUP_LOSS,SELL,M30,ATR_PCT_PRICE,55,0.281133,0.181178,0.117168,0.314768,0.061083,1.735756
SETUP_LOSS,SELL,M30,EMA200_DIST_POINTS,55,3364.165372,981.900581,299.075734,2028.920345,19.767402,44750.927222
SETUP_LOSS,SELL,M30,EMA200_DIST_ATR,55,2.449919,2.455298,0.092688,4.671102,-5.568165,10.859356
SETUP_LOSS,SELL,H1,RSI,55,60.565035,63.440189,50.610802,69.787884,35.119503,78.643192
SETUP_LOSS,SELL,H1,ADX,55,30.048417,30.427369,20.292900,36.655281,11.507599,59.261321
SETUP_LOSS,SELL,H1,CCI,55,100.790157,104.563270,23.943537,167.468107,-124.632926,294.023134
SETUP_LOSS,SELL,H1,DI_PLUS,55,24.302898,23.714192,18.264433,29.496401,12.342509,44.671722
SETUP_LOSS,SELL,H1,DI_MINUS,55,13.314231,11.954926,8.275993,15.792693,4.789705,29.544040
SETUP_LOSS,SELL,H1,DI_GAP,55,13.974607,12.632605,6.550099,19.459811,0.347356,38.692147
SETUP_LOSS,SELL,H1,ATR,55,12.988264,4.226750,2.755625,11.140000,0.847750,149.765000
SETUP_LOSS,SELL,H1,ATR_PCT_PRICE,55,0.386903,0.221338,0.174925,0.395604,0.068966,3.234515
SETUP_LOSS,SELL,H1,EMA200_DIST_POINTS,55,2966.230074,1334.502253,528.894301,2349.320329,2.948363,39321.504565
SETUP_LOSS,SELL,H1,EMA200_DIST_ATR,55,2.124266,2.016353,0.253687,3.866633,-3.239496,10.041838
SETUP_LOSS,SELL,H4,RSI,55,56.734046,57.701826,49.955077,63.113888,30.195648,73.873566
SETUP_LOSS,SELL,H4,ADX,55,24.047679,22.784286,19.941133,26.951505,11.638425,43.664520
SETUP_LOSS,SELL,H4,CCI,55,78.832006,93.599409,-1.125374,169.066037,-109.269852,306.199274
SETUP_LOSS,SELL,H4,DI_PLUS,55,21.107692,21.732072,15.774877,25.996036,6.922448,33.386573
SETUP_LOSS,SELL,H4,DI_MINUS,55,15.391522,14.229077,12.148359,18.355715,7.803300,29.660587
SETUP_LOSS,SELL,H4,DI_GAP,55,10.603048,10.630237,5.566244,14.730787,0.154239,25.163426
SETUP_LOSS,SELL,H4,ATR,55,22.941218,8.076250,5.125875,20.037500,2.507500,236.049000
SETUP_LOSS,SELL,H4,ATR_PCT_PRICE,55,0.696010,0.473659,0.298685,0.704019,0.187611,5.034332
SETUP_LOSS,SELL,H4,EMA200_DIST_POINTS,55,5346.556581,1932.473129,797.766351,6168.513470,9.541926,31673.842405
SETUP_LOSS,SELL,H4,EMA200_DIST_ATR,55,0.327352,0.162733,-2.399437,3.204765,-7.809917,6.682655
SETUP_DEEPSTOP,ALL,M1,RSI,334,36.119311,31.019580,24.396182,46.431047,3.982160,92.787753
SETUP_DEEPSTOP,ALL,M1,ADX,334,36.096958,33.297695,25.191262,44.929170,10.362796,89.058620
SETUP_DEEPSTOP,ALL,M1,CCI,334,-106.024170,-146.792044,-212.488889,5.237085,-466.666667,466.666667
SETUP_DEEPSTOP,ALL,M1,DI_PLUS,334,15.146085,12.006478,8.013260,20.252455,0.894981,54.038483
SETUP_DEEPSTOP,ALL,M1,DI_MINUS,334,28.695844,31.322077,18.089681,36.681986,4.348080,58.632991
SETUP_DEEPSTOP,ALL,M1,DI_GAP,334,21.138823,21.071377,11.419323,29.926141,0.179042,57.285740
SETUP_DEEPSTOP,ALL,M1,ATR,334,0.978579,0.656375,0.351563,1.373250,0.077000,4.252500
SETUP_DEEPSTOP,ALL,M1,ATR_PCT_PRICE,334,0.047657,0.040261,0.021443,0.062644,0.005816,0.227663
SETUP_DEEPSTOP,ALL,M1,EMA200_DIST_POINTS,334,591.805118,357.763007,167.987127,761.431766,3.367892,3203.258719
SETUP_DEEPSTOP,ALL,M1,EMA200_DIST_ATR,334,-4.105853,-4.785423,-7.462916,-1.190826,-46.378751,16.358918
SETUP_DEEPSTOP,ALL,M5,RSI,334,37.008308,32.858561,24.378249,45.666172,8.177673,87.703854
SETUP_DEEPSTOP,ALL,M5,ADX,334,35.399867,33.160645,25.176766,43.284120,10.757575,71.831580
SETUP_DEEPSTOP,ALL,M5,CCI,334,-117.812691,-148.408508,-199.939086,-87.131290,-466.666667,466.666667
SETUP_DEEPSTOP,ALL,M5,DI_PLUS,334,13.025244,10.374899,7.563429,15.743746,2.138803,47.996007
SETUP_DEEPSTOP,ALL,M5,DI_MINUS,334,27.307352,27.958501,21.371423,33.617089,3.288107,53.992585
SETUP_DEEPSTOP,ALL,M5,DI_GAP,334,19.777970,19.743669,12.533437,26.130944,0.045010,49.147503
SETUP_DEEPSTOP,ALL,M5,ATR,334,2.138016,1.420125,0.744063,3.030875,0.137750,16.903250
SETUP_DEEPSTOP,ALL,M5,ATR_PCT_PRICE,334,0.101528,0.080887,0.050813,0.134776,0.012022,0.362993
SETUP_DEEPSTOP,ALL,M5,EMA200_DIST_POINTS,334,970.168565,559.416122,228.623193,1148.658343,1.072766,7828.605405
SETUP_DEEPSTOP,ALL,M5,EMA200_DIST_ATR,334,-2.196031,-2.980330,-5.174506,0.111439,-16.976156,23.130177
SETUP_DEEPSTOP,ALL,M15,RSI,334,39.381980,35.752868,27.175835,48.500089,7.383082,91.499408
SETUP_DEEPSTOP,ALL,M15,ADX,334,32.181128,29.667879,22.398250,38.847257,12.993218,75.727303
SETUP_DEEPSTOP,ALL,M15,CCI,334,-100.625574,-137.867370,-195.258505,-14.977295,-466.666667,459.771916
SETUP_DEEPSTOP,ALL,M15,DI_PLUS,334,14.190789,11.861908,8.324380,18.084583,1.792282,43.832227
SETUP_DEEPSTOP,ALL,M15,DI_MINUS,334,25.306481,26.154601,19.638387,32.022199,1.436306,46.035746
SETUP_DEEPSTOP,ALL,M15,DI_GAP,334,17.044833,16.967893,8.884256,23.545100,0.011596,40.437981
SETUP_DEEPSTOP,ALL,M15,ATR,334,3.231058,2.270375,1.172000,4.321250,0.410000,20.772500
SETUP_DEEPSTOP,ALL,M15,ATR_PCT_PRICE,334,0.152180,0.120138,0.081874,0.208912,0.025814,0.552895
SETUP_DEEPSTOP,ALL,M15,EMA200_DIST_POINTS,334,1391.193864,773.526172,351.464746,1660.659732,3.074140,12962.538835
SETUP_DEEPSTOP,ALL,M15,EMA200_DIST_ATR,334,-1.211037,-2.020683,-4.659990,1.488170,-14.596478,22.714642
SETUP_DEEPSTOP,ALL,M30,RSI,334,41.404010,39.344843,30.325726,50.104442,7.449881,86.370149
SETUP_DEEPSTOP,ALL,M30,ADX,334,32.333049,29.022920,22.685513,39.106100,12.163930,77.016038
SETUP_DEEPSTOP,ALL,M30,CCI,334,-93.358940,-127.754462,-184.937728,-14.917965,-417.103217,403.943540
SETUP_DEEPSTOP,ALL,M30,DI_PLUS,334,14.151497,12.453538,8.138831,18.093506,1.231115,44.898264
SETUP_DEEPSTOP,ALL,M30,DI_MINUS,334,24.246085,25.053198,18.646616,31.052590,2.795562,43.815857
SETUP_DEEPSTOP,ALL,M30,DI_GAP,334,16.074478,15.457622,8.191726,22.668498,0.051849,40.569308
SETUP_DEEPSTOP,ALL,M30,ATR,334,4.271693,2.927250,1.551063,5.502500,0.647250,19.858750
SETUP_DEEPSTOP,ALL,M30,ATR_PCT_PRICE,334,0.200557,0.158724,0.111758,0.273554,0.046815,0.949523
SETUP_DEEPSTOP,ALL,M30,EMA200_DIST_POINTS,334,1809.165414,1047.097517,464.276274,1961.996915,6.193672,17674.313792
SETUP_DEEPSTOP,ALL,M30,EMA200_DIST_ATR,334,-0.719524,-1.277107,-4.757468,2.491353,-14.277946,24.473387
SETUP_DEEPSTOP,ALL,H1,RSI,334,43.294005,42.962733,32.989338,51.091349,10.177282,78.643192
SETUP_DEEPSTOP,ALL,H1,ADX,334,30.996223,29.485200,22.108856,36.881858,9.981282,77.345545
SETUP_DEEPSTOP,ALL,H1,CCI,334,-82.273419,-104.781083,-178.127376,15.369227,-384.317687,294.023134
SETUP_DEEPSTOP,ALL,H1,DI_PLUS,334,14.442056,12.373168,9.596208,18.080866,2.246696,44.671722
SETUP_DEEPSTOP,ALL,H1,DI_MINUS,334,22.979360,23.731126,16.211668,29.041324,4.789705,45.011101
SETUP_DEEPSTOP,ALL,H1,DI_GAP,334,14.584508,13.963470,6.574289,21.425889,0.002920,41.716917
SETUP_DEEPSTOP,ALL,H1,ATR,334,5.760402,3.905125,2.315938,7.552438,0.847750,29.864250
SETUP_DEEPSTOP,ALL,H1,ATR_PCT_PRICE,334,0.268908,0.220133,0.166601,0.335933,0.068104,1.432816
SETUP_DEEPSTOP,ALL,H1,EMA200_DIST_POINTS,334,2461.968434,1469.211794,682.731156,2666.144292,0.284519,23844.911775
SETUP_DEEPSTOP,ALL,H1,EMA200_DIST_ATR,334,-0.383332,0.052110,-4.848851,3.671196,-15.527422,14.533773
SETUP_DEEPSTOP,ALL,H4,RSI,329,46.454422,46.087466,36.207380,55.515087,14.723181,83.987652
SETUP_DEEPSTOP,ALL,H4,ADX,329,28.453496,26.971462,21.200696,32.530157,10.946815,64.826878
SETUP_DEEPSTOP,ALL,H4,CCI,329,-40.642782,-39.839296,-133.638663,40.702936,-340.041631,306.199274
SETUP_DEEPSTOP,ALL,H4,DI_PLUS,329,15.740938,15.062153,11.335609,20.157105,1.872096,33.386573
SETUP_DEEPSTOP,ALL,H4,DI_MINUS,329,20.507570,19.784184,14.262871,26.069849,4.164351,45.019434
SETUP_DEEPSTOP,ALL,H4,DI_GAP,329,11.439587,9.396266,5.080414,16.970407,0.050035,35.965130
SETUP_DEEPSTOP,ALL,H4,ATR,329,10.551992,6.365000,4.434750,12.368000,1.958750,50.355000
SETUP_DEEPSTOP,ALL,H4,ATR_PCT_PRICE,329,0.475420,0.416076,0.284634,0.570330,0.136208,1.757073
SETUP_DEEPSTOP,ALL,H4,EMA200_DIST_POINTS,329,4848.877422,2838.242511,1206.136002,5776.480637,9.541926,37811.248287
SETUP_DEEPSTOP,ALL,H4,EMA200_DIST_ATR,329,0.584288,1.043284,-3.029287,4.589640,-13.458563,19.108330
SETUP_DEEPSTOP,BUY,M1,RSI,290,31.005287,28.599827,23.502991,36.030029,3.982160,79.377531
SETUP_DEEPSTOP,BUY,M1,ADX,290,35.701518,32.942563,24.939193,44.696444,10.362796,89.058620
SETUP_DEEPSTOP,BUY,M1,CCI,290,-141.840071,-161.022356,-223.428210,-79.717271,-466.666667,268.283002
SETUP_DEEPSTOP,BUY,M1,DI_PLUS,290,12.679262,11.265079,7.432570,17.286172,0.894981,37.376396
SETUP_DEEPSTOP,BUY,M1,DI_MINUS,290,31.217181,31.999282,24.090667,38.090546,6.387880,58.632991
SETUP_DEEPSTOP,BUY,M1,DI_GAP,290,21.007180,21.066847,11.419323,29.095552,0.204886,57.285740
SETUP_DEEPSTOP,BUY,M1,ATR,290,0.997355,0.700750,0.351563,1.415812,0.077000,4.252500
SETUP_DEEPSTOP,BUY,M1,ATR_PCT_PRICE,290,0.048273,0.040291,0.021486,0.062891,0.005816,0.227663
SETUP_DEEPSTOP,BUY,M1,EMA200_DIST_POINTS,290,601.655937,364.045100,167.987127,762.188172,3.367892,3203.258719
SETUP_DEEPSTOP,BUY,M1,EMA200_DIST_ATR,290,-5.695993,-5.527562,-8.003178,-3.202582,-46.378751,10.596389
SETUP_DEEPSTOP,BUY,M5,RSI,290,32.012065,30.587575,23.290297,38.408036,8.177673,66.520496
SETUP_DEEPSTOP,BUY,M5,ADX,290,35.461594,33.160645,24.872727,43.930147,10.757575,71.831580
SETUP_DEEPSTOP,BUY,M5,CCI,290,-162.432227,-157.800804,-210.619665,-116.663568,-466.666667,398.437288
SETUP_DEEPSTOP,BUY,M5,DI_PLUS,290,10.398577,9.470495,7.020994,13.380237,2.138803,29.649484
SETUP_DEEPSTOP,BUY,M5,DI_MINUS,290,29.742193,29.856565,25.049093,34.246924,11.700342,53.992585
SETUP_DEEPSTOP,BUY,M5,DI_GAP,290,19.809501,19.995387,12.339155,26.232452,0.045010,49.147503
SETUP_DEEPSTOP,BUY,M5,ATR,290,2.186454,1.469125,0.766625,3.060125,0.137750,16.903250
SETUP_DEEPSTOP,BUY,M5,ATR_PCT_PRICE,290,0.102590,0.081428,0.051061,0.134776,0.012022,0.362993
SETUP_DEEPSTOP,BUY,M5,EMA200_DIST_POINTS,290,996.200766,549.063055,228.623193,1221.205224,1.072766,7828.605405
SETUP_DEEPSTOP,BUY,M5,EMA200_DIST_ATR,290,-3.097149,-3.586909,-5.654268,-1.170447,-16.976156,23.130177
SETUP_DEEPSTOP,BUY,M15,RSI,290,35.014402,33.356185,26.265713,43.334031,7.383082,69.830945
SETUP_DEEPSTOP,BUY,M15,ADX,290,31.728247,29.521383,22.349836,38.540222,12.993218,72.820933
SETUP_DEEPSTOP,BUY,M15,CCI,290,-143.715012,-151.229468,-205.519766,-85.808464,-466.666667,172.626505
SETUP_DEEPSTOP,BUY,M15,DI_PLUS,290,11.844722,11.108194,8.086390,15.360908,1.792282,29.603000
SETUP_DEEPSTOP,BUY,M15,DI_MINUS,290,27.527264,27.916667,21.607940,32.465897,7.979970,46.035746
SETUP_DEEPSTOP,BUY,M15,DI_GAP,290,16.729010,16.967893,8.631044,23.283607,0.011596,38.615627
SETUP_DEEPSTOP,BUY,M15,ATR,290,3.308031,2.295500,1.168437,4.479500,0.410000,20.772500
SETUP_DEEPSTOP,BUY,M15,ATR_PCT_PRICE,290,0.154092,0.121423,0.081741,0.211161,0.025814,0.552895
SETUP_DEEPSTOP,BUY,M15,EMA200_DIST_POINTS,290,1459.663491,773.526172,365.746154,1701.493084,3.074140,12962.538835
SETUP_DEEPSTOP,BUY,M15,EMA200_DIST_ATR,290,-1.820067,-2.546413,-4.891458,0.161213,-14.596478,22.714642
SETUP_DEEPSTOP,BUY,M30,RSI,290,37.879384,36.489496,28.542696,45.913953,7.449881,71.998063
SETUP_DEEPSTOP,BUY,M30,ADX,290,32.007382,28.593288,22.613692,38.729349,12.163930,77.016038
SETUP_DEEPSTOP,BUY,M30,CCI,290,-130.369825,-143.538119,-192.687137,-61.167109,-417.103217,150.847609
SETUP_DEEPSTOP,BUY,M30,DI_PLUS,290,12.109880,11.535170,7.517857,14.966326,1.231115,32.749528
SETUP_DEEPSTOP,BUY,M30,DI_MINUS,290,26.303487,26.530315,20.795767,32.003230,6.143437,43.815857
SETUP_DEEPSTOP,BUY,M30,DI_GAP,290,15.909230,15.662319,8.265401,22.369195,0.051849,40.569308
SETUP_DEEPSTOP,BUY,M30,ATR,290,4.384657,2.936125,1.548500,5.597812,0.647250,19.858750
SETUP_DEEPSTOP,BUY,M30,ATR_PCT_PRICE,290,0.203621,0.157749,0.113352,0.277396,0.046815,0.949523
SETUP_DEEPSTOP,BUY,M30,EMA200_DIST_POINTS,290,1945.934663,1111.880843,493.037288,2121.260526,6.193672,17674.313792
SETUP_DEEPSTOP,BUY,M30,EMA200_DIST_ATR,290,-1.209647,-1.913360,-5.070802,1.852960,-14.277946,24.473387
SETUP_DEEPSTOP,BUY,H1,RSI,290,40.619473,39.774890,30.874391,48.471646,10.177282,75.398346
SETUP_DEEPSTOP,BUY,H1,ADX,290,31.140629,29.255611,22.425925,36.853998,9.981282,77.345545
SETUP_DEEPSTOP,BUY,H1,CCI,290,-111.343721,-124.161464,-187.215331,-41.182176,-384.317687,156.314833
SETUP_DEEPSTOP,BUY,H1,DI_PLUS,290,12.798009,11.764056,9.214737,16.027973,2.246696,34.735422
SETUP_DEEPSTOP,BUY,H1,DI_MINUS,290,24.543942,24.647378,18.713211,30.235983,5.634266,45.011101
SETUP_DEEPSTOP,BUY,H1,DI_GAP,290,14.521291,13.963470,6.788985,21.425889,0.002920,41.716917
SETUP_DEEPSTOP,BUY,H1,ATR,290,5.924804,3.956750,2.339250,7.795188,0.947000,29.864250
SETUP_DEEPSTOP,BUY,H1,ATR_PCT_PRICE,290,0.274634,0.231532,0.167467,0.337494,0.068104,1.432816
SETUP_DEEPSTOP,BUY,H1,EMA200_DIST_POINTS,290,2666.593506,1568.348180,779.898865,3031.998623,0.284519,23844.911775
SETUP_DEEPSTOP,BUY,H1,EMA200_DIST_ATR,290,-0.830489,-0.550164,-5.220155,3.423730,-15.527422,14.533773
SETUP_DEEPSTOP,BUY,H4,RSI,285,44.794508,44.299803,34.407282,53.138311,14.723181,83.987652
SETUP_DEEPSTOP,BUY,H4,ADX,285,29.083974,27.838076,21.315274,33.925486,10.946815,64.826878
SETUP_DEEPSTOP,BUY,H4,CCI,285,-59.016658,-60.834528,-140.214775,19.179047,-340.041631,175.854033
SETUP_DEEPSTOP,BUY,H4,DI_PLUS,285,14.825028,14.200700,10.586968,18.727452,1.872096,30.619837
SETUP_DEEPSTOP,BUY,H4,DI_MINUS,285,21.329865,20.439218,15.423803,26.878737,4.164351,45.019434
SETUP_DEEPSTOP,BUY,H4,DI_GAP,285,11.579444,9.389105,5.001654,17.163124,0.050035,35.965130
SETUP_DEEPSTOP,BUY,H4,ATR,285,10.898073,6.450750,4.356000,12.962500,1.958750,50.355000
SETUP_DEEPSTOP,BUY,H4,ATR_PCT_PRICE,285,0.483295,0.416076,0.286636,0.585013,0.136208,1.757073
SETUP_DEEPSTOP,BUY,H4,EMA200_DIST_POINTS,285,5139.816932,3008.213847,1394.315671,5931.351329,49.869615,37811.248287
SETUP_DEEPSTOP,BUY,H4,EMA200_DIST_ATR,285,0.497244,0.947609,-3.421073,4.812299,-13.458563,19.108330
SETUP_DEEPSTOP,SELL,M1,RSI,44,69.825374,70.049039,64.809095,78.544699,35.751737,92.787753
SETUP_DEEPSTOP,SELL,M1,ADX,44,38.703264,36.801961,28.217710,48.459880,16.628030,72.220979
SETUP_DEEPSTOP,SELL,M1,CCI,44,130.035177,143.501274,83.643173,206.026803,-196.451589,466.666667
SETUP_DEEPSTOP,SELL,M1,DI_PLUS,44,31.404690,32.115656,22.625097,39.582009,11.822082,54.038483
SETUP_DEEPSTOP,SELL,M1,DI_MINUS,44,12.077937,9.377866,6.388697,15.425597,4.348080,32.254969
SETUP_DEEPSTOP,SELL,M1,DI_GAP,44,22.006473,21.550661,11.794918,31.239563,0.179042,49.283239
SETUP_DEEPSTOP,SELL,M1,ATR,44,0.854830,0.623000,0.360063,1.147813,0.125000,3.358000
SETUP_DEEPSTOP,SELL,M1,ATR_PCT_PRICE,44,0.043601,0.038262,0.021297,0.058863,0.009913,0.182682
SETUP_DEEPSTOP,SELL,M1,EMA200_DIST_POINTS,44,526.879268,310.031454,174.752675,737.815433,9.043365,2181.921122
SETUP_DEEPSTOP,SELL,M1,EMA200_DIST_ATR,44,6.374614,5.945227,4.348053,8.446528,-0.978453,16.358918
SETUP_DEEPSTOP,SELL,M5,RSI,44,69.938090,70.108181,63.858650,77.305919,45.958235,87.703854
SETUP_DEEPSTOP,SELL,M5,ADX,44,34.993034,33.666948,26.253571,41.904676,17.598168,65.154404
SETUP_DEEPSTOP,SELL,M5,CCI,44,176.270615,150.285014,121.949503,207.486749,-82.054365,466.666667
SETUP_DEEPSTOP,SELL,M5,DI_PLUS,44,30.337371,30.375076,24.627943,34.031034,18.218599,47.996007
SETUP_DEEPSTOP,SELL,M5,DI_MINUS,44,11.259538,9.838572,7.572576,14.466085,3.288107,26.266219
SETUP_DEEPSTOP,SELL,M5,DI_GAP,44,19.570149,19.467413,15.032432,25.556849,2.296083,44.122956
SETUP_DEEPSTOP,SELL,M5,ATR,44,1.818761,1.161750,0.683000,2.803500,0.372250,5.740000
SETUP_DEEPSTOP,SELL,M5,ATR_PCT_PRICE,44,0.094529,0.070099,0.044987,0.131433,0.029521,0.274730
SETUP_DEEPSTOP,SELL,M5,EMA200_DIST_POINTS,44,798.592698,610.440850,235.785751,1022.274333,7.747451,4185.209198
SETUP_DEEPSTOP,SELL,M5,EMA200_DIST_ATR,44,3.743157,4.127912,2.076030,6.381271,-6.434800,11.464061
SETUP_DEEPSTOP,SELL,M15,RSI,44,68.168293,68.307269,60.568867,78.160746,43.935358,91.499408
SETUP_DEEPSTOP,SELL,M15,ADX,44,35.166026,30.845058,23.237793,45.141968,13.916957,75.727303
SETUP_DEEPSTOP,SELL,M15,CCI,44,183.372989,159.319421,118.807375,219.662890,-26.870856,459.771916
SETUP_DEEPSTOP,SELL,M15,DI_PLUS,44,29.653504,29.355283,24.299260,34.779950,20.873604,43.832227
SETUP_DEEPSTOP,SELL,M15,DI_MINUS,44,10.669504,8.828659,6.325880,13.467994,1.436306,25.924517
SETUP_DEEPSTOP,SELL,M15,DI_GAP,44,19.126397,17.178018,12.199118,27.732507,0.638537,40.437981
SETUP_DEEPSTOP,SELL,M15,ATR,44,2.723739,2.005250,1.268750,3.740750,0.533000,8.190000
SETUP_DEEPSTOP,SELL,M15,ATR_PCT_PRICE,44,0.139583,0.118911,0.083251,0.186868,0.043361,0.301723
SETUP_DEEPSTOP,SELL,M15,EMA200_DIST_POINTS,44,939.916782,764.994802,312.019051,1190.640541,9.533028,4996.819282
SETUP_DEEPSTOP,SELL,M15,EMA200_DIST_ATR,44,2.803019,3.429969,-0.043054,4.775559,-6.415513,14.047338
SETUP_DEEPSTOP,SELL,M30,RSI,44,64.634506,66.145676,55.387321,76.139265,39.468362,86.370149
SETUP_DEEPSTOP,SELL,M30,ADX,44,34.479488,32.568169,26.360222,43.401976,17.305264,57.750998
SETUP_DEEPSTOP,SELL,M30,CCI,44,150.576440,151.139231,90.248324,210.590433,-77.168348,403.943540
SETUP_DEEPSTOP,SELL,M30,DI_PLUS,44,27.607607,27.226667,21.436232,32.609580,13.545231,44.898264
SETUP_DEEPSTOP,SELL,M30,DI_MINUS,44,10.685930,9.500155,6.318764,13.813960,2.795562,25.617559
SETUP_DEEPSTOP,SELL,M30,DI_GAP,44,17.163615,15.323146,7.983491,25.047075,0.169843,40.386357
SETUP_DEEPSTOP,SELL,M30,ATR,44,3.527159,2.755375,1.705500,4.217500,0.770250,11.125000
SETUP_DEEPSTOP,SELL,M30,ATR_PCT_PRICE,44,0.180366,0.168955,0.107611,0.240043,0.061083,0.399354
SETUP_DEEPSTOP,SELL,M30,EMA200_DIST_POINTS,44,907.731726,806.202849,272.079487,1287.441440,19.767402,4287.009519
SETUP_DEEPSTOP,SELL,M30,EMA200_DIST_ATR,44,2.510832,2.373820,0.106800,4.665622,-3.151107,10.859356
SETUP_DEEPSTOP,SELL,H1,RSI,44,60.921603,62.701892,51.127916,70.449451,35.307294,78.643192
SETUP_DEEPSTOP,SELL,H1,ADX,44,30.044452,30.599604,18.954212,37.094210,11.507599,50.584382
SETUP_DEEPSTOP,SELL,H1,CCI,44,109.326298,109.690436,31.724752,189.999723,-124.632926,294.023134
SETUP_DEEPSTOP,SELL,H1,DI_PLUS,44,25.277815,24.538151,18.535037,30.664798,12.744938,44.671722
SETUP_DEEPSTOP,SELL,H1,DI_MINUS,44,12.667338,10.733879,8.113018,15.662425,4.789705,26.703822
SETUP_DEEPSTOP,SELL,H1,DI_GAP,44,15.001169,14.386054,6.551753,21.598152,0.347356,38.692147
SETUP_DEEPSTOP,SELL,H1,ATR,44,4.676841,3.493125,2.300375,5.074813,0.847750,16.762500
SETUP_DEEPSTOP,SELL,H1,ATR_PCT_PRICE,44,0.231168,0.204369,0.166080,0.320131,0.068966,0.437716
SETUP_DEEPSTOP,SELL,H1,EMA200_DIST_POINTS,44,1113.303184,869.676411,426.091762,1520.162196,2.948363,3494.465980
SETUP_DEEPSTOP,SELL,H1,EMA200_DIST_ATR,44,2.563843,2.457175,0.789164,4.019609,-2.089992,10.041838
SETUP_DEEPSTOP,SELL,H4,RSI,44,57.206136,55.896868,49.966817,63.161763,42.075791,73.873566
SETUP_DEEPSTOP,SELL,H4,ADX,44,24.369717,23.529550,20.619960,27.396162,16.134624,38.776908
SETUP_DEEPSTOP,SELL,H4,CCI,44,78.369824,84.397115,-7.873493,183.893209,-107.312400,306.199274
SETUP_DEEPSTOP,SELL,H4,DI_PLUS,44,21.673539,21.542407,15.882348,26.518228,8.743333,33.386573
SETUP_DEEPSTOP,SELL,H4,DI_MINUS,44,15.181341,14.433523,12.530914,18.424299,7.803300,26.393410
SETUP_DEEPSTOP,SELL,H4,DI_GAP,44,10.533692,10.551567,5.566244,14.159067,0.154239,25.163426
SETUP_DEEPSTOP,SELL,H4,ATR,44,8.310330,6.043750,4.890062,9.567062,2.507500,31.107500
SETUP_DEEPSTOP,SELL,H4,ATR_PCT_PRICE,44,0.424413,0.409449,0.279324,0.540690,0.187611,0.779975
SETUP_DEEPSTOP,SELL,H4,EMA200_DIST_POINTS,44,2964.382864,1298.893883,727.412034,4054.756897,9.541926,15525.565375
SETUP_DEEPSTOP,SELL,H4,EMA200_DIST_ATR,44,1.148095,1.443485,-0.717425,3.461934,-7.809917,6.682655
