Event;SetupID;StepFrom;StepTo;T_decision;DecisionServerTime;FeatureShift;BarOpenTime_Shift1;BarCloseTime_Shift1;ATR_Shift1;ATRPct_Shift1;ADX_Shift1;DIPlus_Shift1;DIMinus_Shift1;PriceRef_Shift1;strict_before_check;C2M2_Decision;LatchStatus;Direction;Mode;Rule;SourceCommit;SpecVersion;Build
C2M2_DECISION;4;3;4;2014.01.08 00:14:04;2014.01.08 00:14:04;1;2014.01.08 00:13:00;2014.01.08 00:14:00;0.39;0.031846;19.2933;24.0442;28.7849;1228.58;true;ALLOW;FIRST;BUY;2;M2;061a1bb47c5bc7768f66cc9dec291d5c5e8b7135;C2_M2_IMPLEMENTATION_REPAIR_SPEC_V1;C2M2_REPAIR_V1
C2M2_DECISION;31;3;4;2014.01.30 03:14:31;2014.01.30 03:14:31;1;2014.01.30 03:13:00;2014.01.30 03:14:00;0.14;0.011055;47.3247;5.2946;37.4174;1261.89;true;ALLOW;FIRST;BUY;2;M2;061a1bb47c5bc7768f66cc9dec291d5c5e8b7135;C2_M2_IMPLEMENTATION_REPAIR_SPEC_V1;C2M2_REPAIR_V1
C2M2_DECISION;50;3;4;2014.02.18 05:49:20;2014.02.18 05:49:20;1;2014.02.18 05:48:00;2014.02.18 05:49:00;0.31;0.023869;29.1349;12.9127;16.7090;1318.63;true;ALLOW;FIRST;BUY;2;M2;061a1bb47c5bc7768f66cc9dec291d5c5e8b7135;C2_M2_IMPLEMENTATION_REPAIR_SPEC_V1;C2M2_REPAIR_V1
C2M2_DECISION;62;3;4;2014.03.04 06:11:54;2014.03.04 06:11:54;1;2014.03.04 06:10:00;2014.03.04 06:11:00;1.14;0.084697;37.7858;8.3324;38.1243;1344.20;true;ALLOW;FIRST;BUY;2;M2;061a1bb47c5bc7768f66cc9dec291d5c5e8b7135;C2_M2_IMPLEMENTATION_REPAIR_SPEC_V1;C2M2_REPAIR_V1
C2M2_DECISION;64;3;4;2014.03.12 01:33:34;2014.03.12 01:33:34;1;2014.03.12 01:32:00;2014.03.12 01:33:00;0.74;0.054671;41.2742;24.3125;9.1230;1351.73;true;ALLOW;FIRST;SELL;2;M2;061a1bb47c5bc7768f66cc9dec291d5c5e8b7135;C2_M2_IMPLEMENTATION_REPAIR_SPEC_V1;C2M2_REPAIR_V1
C2M2_DECISION;74;3;4;2014.03.25 12:26:17;2014.03.25 12:26:17;1;2014.03.25 12:25:00;2014.03.25 12:26:00;0.41;0.031431;33.0701;13.7420;33.8624;1309.23;true;ALLOW;FIRST;BUY;2;M2;061a1bb47c5bc7768f66cc9dec291d5c5e8b7135;C2_M2_IMPLEMENTATION_REPAIR_SPEC_V1;C2M2_REPAIR_V1
C2M2_DECISION;104;3;4;2014.04.28 05:37:17;2014.04.28 05:37:17;1;2014.04.28 05:36:00;2014.04.28 05:37:00;0.36;0.027751;32.9902;18.9960;32.3355;1302.65;true;ALLOW;FIRST;BUY;2;M2;061a1bb47c5bc7768f66cc9dec291d5c5e8b7135;C2_M2_IMPLEMENTATION_REPAIR_SPEC_V1;C2M2_REPAIR_V1
C2M2_DECISION;120;3;4;2014.05.05 12:38:54;2014.05.05 12:38:54;1;2014.05.05 12:37:00;2014.05.05 12:38:00;0.25;0.019359;20.7098;22.7197;13.5821;1314.61;true;ALLOW;FIRST;SELL;2;M2;061a1bb47c5bc7768f66cc9dec291d5c5e8b7135;C2_M2_IMPLEMENTATION_REPAIR_SPEC_V1;C2M2_REPAIR_V1
C2M2_DECISION;135;3;4;2014.05.21 06:29:38;2014.05.21 06:29:38;1;2014.05.21 06:28:00;2014.05.21 06:29:00;0.17;0.013253;23.7241;11.8921;29.3805;1294.03;true;ALLOW;FIRST;BUY;2;M2;061a1bb47c5bc7768f66cc9dec291d5c5e8b7135;C2_M2_IMPLEMENTATION_REPAIR_SPEC_V1;C2M2_REPAIR_V1
C2M2_DECISION;138;3;4;2014.05.28 00:10:49;2014.05.28 00:10:49;1;2014.05.28 00:09:00;2014.05.28 00:10:00;0.17;0.013855;18.7329;13.2991;27.6244;1263.05;true;ALLOW;FIRST;BUY;2;M2;061a1bb47c5bc7768f66cc9dec291d5c5e8b7135;C2_M2_IMPLEMENTATION_REPAIR_SPEC_V1;C2M2_REPAIR_V1
C2M2_DECISION;139;3;4;2014.05.30 12:16:58;2014.05.30 12:16:58;1;2014.05.30 12:15:00;2014.05.30 12:16:00;0.79;0.062926;54.0736;3.7531;37.9085;1251.87;true;VETO;FIRST;BUY;2;M2;061a1bb47c5bc7768f66cc9dec291d5c5e8b7135;C2_M2_IMPLEMENTATION_REPAIR_SPEC_V1;C2M2_REPAIR_V1
C2M2_DECISION;155;3;4;2014.06.26 07:16:32;2014.06.26 07:16:32;1;2014.06.26 07:15:00;2014.06.26 07:16:00;0.38;0.028914;26.4062;12.7374;39.3557;1315.12;true;ALLOW;FIRST;BUY;2;M2;061a1bb47c5bc7768f66cc9dec291d5c5e8b7135;C2_M2_IMPLEMENTATION_REPAIR_SPEC_V1;C2M2_REPAIR_V1
C2M2_DECISION;163;3;4;2014.07.03 11:09:41;2014.07.03 11:09:41;1;2014.07.03 11:08:00;2014.07.03 11:09:00;0.23;0.017470;37.3374;8.9762;21.5077;1320.84;true;ALLOW;FIRST;BUY;2;M2;061a1bb47c5bc7768f66cc9dec291d5c5e8b7135;C2_M2_IMPLEMENTATION_REPAIR_SPEC_V1;C2M2_REPAIR_V1
C2M2_DECISION;165;3;4;2014.07.06 22:15:00;2014.07.06 22:15:00;1;2014.07.06 22:14:00;2014.07.06 22:15:00;0.05;0.003467;42.2029;4.9400;26.5163;1319.63;false;INVALID;FIRST;BUY;2;M2;061a1bb47c5bc7768f66cc9dec291d5c5e8b7135;C2_M2_IMPLEMENTATION_REPAIR_SPEC_V1;C2M2_REPAIR_V1
C2M2_DECISION;169;3;4;2014.07.09 11:47:23;2014.07.09 11:47:23;1;2014.07.09 11:46:00;2014.07.09 11:47:00;0.49;0.037175;65.7657;36.4545;2.7397;1326.16;true;ALLOW;FIRST;SELL;2;M2;061a1bb47c5bc7768f66cc9dec291d5c5e8b7135;C2_M2_IMPLEMENTATION_REPAIR_SPEC_V1;C2M2_REPAIR_V1
C2M2_DECISION;191;3;4;2014.08.08 01:01:17;2014.08.08 01:01:17;1;2014.08.08 01:00:00;2014.08.08 01:01:00;0.38;0.028794;27.6275;15.4118;27.8228;1310.17;true;ALLOW;FIRST;BUY;2;M2;061a1bb47c5bc7768f66cc9dec291d5c5e8b7135;C2_M2_IMPLEMENTATION_REPAIR_SPEC_V1;C2M2_REPAIR_V1
C2M2_DECISION;193;3;4;2014.08.08 12:30:57;2014.08.08 12:30:57;1;2014.08.08 12:29:00;2014.08.08 12:30:00;0.85;0.064901;30.2075;11.2402;23.6736;1311.22;true;ALLOW;FIRST;BUY;2;M2;061a1bb47c5bc7768f66cc9dec291d5c5e8b7135;C2_M2_IMPLEMENTATION_REPAIR_SPEC_V1;C2M2_REPAIR_V1
C2M2_DECISION;194;3;4;2014.08.11 00:09:38;2014.08.11 00:09:38;1;2014.08.11 00:08:00;2014.08.11 00:09:00;0.39;0.029931;55.8016;5.9693;23.8339;1308.85;true;ALLOW;FIRST;BUY;2;M2;061a1bb47c5bc7768f66cc9dec291d5c5e8b7135;C2_M2_IMPLEMENTATION_REPAIR_SPEC_V1;C2M2_REPAIR_V1
C2M2_DECISION;197;3;4;2014.08.15 12:24:49;2014.08.15 12:24:49;1;2014.08.15 12:23:00;2014.08.15 12:24:00;0.99;0.076105;46.9518;15.3283;25.9744;1304.12;true;ALLOW;FIRST;BUY;2;M2;061a1bb47c5bc7768f66cc9dec291d5c5e8b7135;C2_M2_IMPLEMENTATION_REPAIR_SPEC_V1;C2M2_REPAIR_V1
C2M2_DECISION;206;3;4;2014.08.21 04:38:33;2014.08.21 04:38:33;1;2014.08.21 04:37:00;2014.08.21 04:38:00;0.11;0.008839;22.0746;10.4179;16.1426;1286.91;true;ALLOW;FIRST;BUY;2;M2;061a1bb47c5bc7768f66cc9dec291d5c5e8b7135;C2_M2_IMPLEMENTATION_REPAIR_SPEC_V1;C2M2_REPAIR_V1
C2M2_DECISION;215;3;4;2014.09.01 07:56:55;2014.09.01 07:56:55;1;2014.09.01 07:55:00;2014.09.01 07:56:00;0.16;0.012294;41.8192;24.8042;9.2197;1289.23;true;ALLOW;FIRST;SELL;2;M2;061a1bb47c5bc7768f66cc9dec291d5c5e8b7135;C2_M2_IMPLEMENTATION_REPAIR_SPEC_V1;C2M2_REPAIR_V1
C2M2_DECISION;218;3;4;2014.09.02 14:15:31;2014.09.02 14:15:31;1;2014.09.02 14:14:00;2014.09.02 14:15:00;0.46;0.036648;57.2063;4.0404;27.4185;1266.08;true;ALLOW;FIRST;BUY;2;M2;061a1bb47c5bc7768f66cc9dec291d5c5e8b7135;C2_M2_IMPLEMENTATION_REPAIR_SPEC_V1;C2M2_REPAIR_V1
C2M2_DECISION;239;3;4;2014.09.19 01:05:27;2014.09.19 01:05:27;1;2014.09.19 01:04:00;2014.09.19 01:05:00;0.24;0.019431;32.9535;33.8729;24.9736;1223.55;true;ALLOW;FIRST;BUY;2;M2;061a1bb47c5bc7768f66cc9dec291d5c5e8b7135;C2_M2_IMPLEMENTATION_REPAIR_SPEC_V1;C2M2_REPAIR_V1
C2M2_DECISION;249;3;4;2014.09.30 10:46:41;2014.09.30 10:46:41;1;2014.09.30 10:45:00;2014.09.30 10:46:00;0.38;0.031089;43.6952;7.7451;39.7566;1208.64;true;ALLOW;FIRST;BUY;2;M2;061a1bb47c5bc7768f66cc9dec291d5c5e8b7135;C2_M2_IMPLEMENTATION_REPAIR_SPEC_V1;C2M2_REPAIR_V1
C2M2_DECISION;253;3;4;2014.10.03 06:51:13;2014.10.03 06:51:13;1;2014.10.03 06:50:00;2014.10.03 06:51:00;0.37;0.030405;29.9895;13.6816;49.8539;1209.49;true;ALLOW;FIRST;BUY;2;M2;061a1bb47c5bc7768f66cc9dec291d5c5e8b7135;C2_M2_IMPLEMENTATION_REPAIR_SPEC_V1;C2M2_REPAIR_V1
C2M2_DECISION;255;3;4;2014.10.05 22:13:57;2014.10.05 22:13:57;1;2014.10.05 22:12:00;2014.10.05 22:13:00;0.50;0.042562;64.0262;3.0400;31.9982;1185.92;true;ALLOW;FIRST;BUY;2;M2;061a1bb47c5bc7768f66cc9dec291d5c5e8b7135;C2_M2_IMPLEMENTATION_REPAIR_SPEC_V1;C2M2_REPAIR_V1
C2M2_DECISION;269;3;4;2014.10.14 22:21:11;2014.10.14 22:21:11;1;2014.10.14 22:20:00;2014.10.14 22:21:00;0.55;0.044806;41.5616;9.5264;57.5454;1229.74;true;ALLOW;FIRST;BUY;2;M2;061a1bb47c5bc7768f66cc9dec291d5c5e8b7135;C2_M2_IMPLEMENTATION_REPAIR_SPEC_V1;C2M2_REPAIR_V1
C2M2_DECISION;270;3;4;2014.10.16 00:15:50;2014.10.16 00:15:50;1;2014.10.16 00:14:00;2014.10.16 00:15:00;0.36;0.029389;37.0531;11.9474;37.8965;1238.57;true;ALLOW;FIRST;BUY;2;M2;061a1bb47c5bc7768f66cc9dec291d5c5e8b7135;C2_M2_IMPLEMENTATION_REPAIR_SPEC_V1;C2M2_REPAIR_V1
C2M2_DECISION;274;3;4;2014.10.22 08:03:06;2014.10.22 08:03:06;1;2014.10.22 08:02:00;2014.10.22 08:03:00;0.52;0.041373;47.5625;6.6300;36.2730;1247.20;true;ALLOW;FIRST;BUY;2;M2;061a1bb47c5bc7768f66cc9dec291d5c5e8b7135;C2_M2_IMPLEMENTATION_REPAIR_SPEC_V1;C2M2_REPAIR_V1
C2M2_DECISION;275;3;4;2014.10.23 09:58:32;2014.10.23 09:58:32;1;2014.10.23 09:57:00;2014.10.23 09:58:00;0.26;0.020639;29.4123;19.9460;23.7226;1239.14;true;ALLOW;FIRST;BUY;2;M2;061a1bb47c5bc7768f66cc9dec291d5c5e8b7135;C2_M2_IMPLEMENTATION_REPAIR_SPEC_V1;C2M2_REPAIR_V1
C2M2_DECISION;278;3;4;2014.10.31 02:01:54;2014.10.31 02:01:54;1;2014.10.31 02:00:00;2014.10.31 02:01:00;0.56;0.046839;41.9180;13.4752;38.2503;1199.32;true;ALLOW;FIRST;BUY;2;M2;061a1bb47c5bc7768f66cc9dec291d5c5e8b7135;C2_M2_IMPLEMENTATION_REPAIR_SPEC_V1;C2M2_REPAIR_V1
C2M2_DECISION;285;3;4;2014.11.05 03:20:14;2014.11.05 03:20:14;1;2014.11.05 03:19:00;2014.11.05 03:20:00;0.38;0.032665;66.0043;5.1725;46.9840;1164.10;true;ALLOW;FIRST;BUY;2;M2;061a1bb47c5bc7768f66cc9dec291d5c5e8b7135;C2_M2_IMPLEMENTATION_REPAIR_SPEC_V1;C2M2_REPAIR_V1
C2M2_DECISION;312;3;4;2014.11.28 01:10:23;2014.11.28 01:10:23;1;2014.11.28 01:09:00;2014.11.28 01:10:00;0.42;0.035650;45.1429;11.1283;33.6924;1185.14;true;ALLOW;FIRST;BUY;2;M2;061a1bb47c5bc7768f66cc9dec291d5c5e8b7135;C2_M2_IMPLEMENTATION_REPAIR_SPEC_V1;C2M2_REPAIR_V1
C2M2_DECISION;314;3;4;2014.12.02 00:14:45;2014.12.02 00:14:45;1;2014.12.02 00:13:00;2014.12.02 00:14:00;0.49;0.040824;40.8208;9.0723;39.1560;1205.19;true;ALLOW;FIRST;BUY;2;M2;061a1bb47c5bc7768f66cc9dec291d5c5e8b7135;C2_M2_IMPLEMENTATION_REPAIR_SPEC_V1;C2M2_REPAIR_V1
C2M2_DECISION;335;3;4;2014.12.22 17:15:22;2014.12.22 17:15:22;1;2014.12.22 17:14:00;2014.12.22 17:15:00;1.06;0.089435;35.9048;12.2428;37.8835;1179.91;true;ALLOW;FIRST;BUY;2;M2;061a1bb47c5bc7768f66cc9dec291d5c5e8b7135;C2_M2_IMPLEMENTATION_REPAIR_SPEC_V1;C2M2_REPAIR_V1
C2M2_DECISION;339;3;4;2015.01.02 12:29:43;2015.01.02 12:29:43;1;2015.01.02 12:28:00;2015.01.02 12:29:00;0.22;0.018623;20.3471;13.2147;24.8516;1182.65;true;ALLOW;FIRST;BUY;2;M2;061a1bb47c5bc7768f66cc9dec291d5c5e8b7135;C2_M2_IMPLEMENTATION_REPAIR_SPEC_V1;C2M2_REPAIR_V1
C2M2_DECISION;341;3;4;2015.01.06 16:44:51;2015.01.06 16:44:51;1;2015.01.06 16:43:00;2015.01.06 16:44:00;2.00;0.164530;44.4906;37.0712;9.9784;1216.80;true;ALLOW;FIRST;SELL;2;M2;061a1bb47c5bc7768f66cc9dec291d5c5e8b7135;C2_M2_IMPLEMENTATION_REPAIR_SPEC_V1;C2M2_REPAIR_V1
C2M2_DECISION;360;3;4;2015.01.27 06:52:31;2015.01.27 06:52:31;1;2015.01.27 06:51:00;2015.01.27 06:52:00;0.49;0.037919;37.9780;38.6731;6.3366;1281.67;true;ALLOW;FIRST;SELL;2;M2;061a1bb47c5bc7768f66cc9dec291d5c5e8b7135;C2_M2_IMPLEMENTATION_REPAIR_SPEC_V1;C2M2_REPAIR_V1
C2M2_DECISION;374;3;4;2015.02.09 21:57:24;2015.02.09 21:57:24;1;2015.02.09 21:56:00;2015.02.09 21:57:00;0.11;0.008717;45.6193;6.3419;53.1545;1238.89;true;ALLOW;FIRST;BUY;2;M2;061a1bb47c5bc7768f66cc9dec291d5c5e8b7135;C2_M2_IMPLEMENTATION_REPAIR_SPEC_V1;C2M2_REPAIR_V1
C2M2_DECISION;375;3;4;2015.02.10 08:39:48;2015.02.10 08:39:48;1;2015.02.10 08:38:00;2015.02.10 08:39:00;0.34;0.027416;38.9607;11.6628;22.9911;1241.98;true;ALLOW;FIRST;BUY;2;M2;061a1bb47c5bc7768f66cc9dec291d5c5e8b7135;C2_M2_IMPLEMENTATION_REPAIR_SPEC_V1;C2M2_REPAIR_V1
C2M2_DECISION;380;3;4;2015.02.17 03:00:56;2015.02.17 03:00:56;1;2015.02.17 02:59:00;2015.02.17 03:00:00;0.52;0.042542;48.3438;7.8090;48.7465;1228.80;true;ALLOW;FIRST;BUY;2;M2;061a1bb47c5bc7768f66cc9dec291d5c5e8b7135;C2_M2_IMPLEMENTATION_REPAIR_SPEC_V1;C2M2_REPAIR_V1
C2M2_DECISION;411;3;4;2015.03.18 05:39:33;2015.03.18 05:39:33;1;2015.03.18 05:38:00;2015.03.18 05:39:00;0.44;0.038246;43.2320;10.2921;40.5556;1149.14;true;ALLOW;FIRST;BUY;2;M2;061a1bb47c5bc7768f66cc9dec291d5c5e8b7135;C2_M2_IMPLEMENTATION_REPAIR_SPEC_V1;C2M2_REPAIR_V1
C2M2_DECISION;421;3;4;2015.03.23 01:17:04;2015.03.23 01:17:04;1;2015.03.23 01:16:00;2015.03.23 01:17:00;0.66;0.055522;57.4784;4.0937;44.3156;1182.87;true;VETO;FIRST;BUY;2;M2;061a1bb47c5bc7768f66cc9dec291d5c5e8b7135;C2_M2_IMPLEMENTATION_REPAIR_SPEC_V1;C2M2_REPAIR_V1
C2M2_DECISION;428;3;4;2015.03.30 07:02:45;2015.03.30 07:02:45;1;2015.03.30 07:01:00;2015.03.30 07:02:00;0.46;0.038982;51.1613;13.4870;29.5042;1191.58;true;ALLOW;FIRST;BUY;2;M2;061a1bb47c5bc7768f66cc9dec291d5c5e8b7135;C2_M2_IMPLEMENTATION_REPAIR_SPEC_V1;C2M2_REPAIR_V1
C2M2_DECISION;431;3;4;2015.04.06 12:06:29;2015.04.06 12:06:29;1;2015.04.06 12:05:00;2015.04.06 12:06:00;0.41;0.033969;67.9634;10.6350;35.6537;1216.54;true;ALLOW;FIRST;BUY;2;M2;061a1bb47c5bc7768f66cc9dec291d5c5e8b7135;C2_M2_IMPLEMENTATION_REPAIR_SPEC_V1;C2M2_REPAIR_V1
C2M2_DECISION;433;3;4;2015.04.07 08:25:55;2015.04.07 08:25:55;1;2015.04.07 08:24:00;2015.04.07 08:25:00;0.28;0.022921;33.6998;12.6167;25.3802;1210.67;true;ALLOW;FIRST;BUY;2;M2;061a1bb47c5bc7768f66cc9dec291d5c5e8b7135;C2_M2_IMPLEMENTATION_REPAIR_SPEC_V1;C2M2_REPAIR_V1
C2M2_DECISION;439;3;4;2015.04.13 03:04:20;2015.04.13 03:04:20;1;2015.04.13 03:03:00;2015.04.13 03:04:00;0.31;0.025969;24.6056;11.5339;37.0478;1205.28;true;ALLOW;FIRST;BUY;2;M2;061a1bb47c5bc7768f66cc9dec291d5c5e8b7135;C2_M2_IMPLEMENTATION_REPAIR_SPEC_V1;C2M2_REPAIR_V1
C2M2_DECISION;442;3;4;2015.04.14 06:17:33;2015.04.14 06:17:33;1;2015.04.14 06:16:00;2015.04.14 06:17:00;0.73;0.060720;25.0929;17.1276;27.7027;1194.83;true;ALLOW;FIRST;BUY;2;M2;061a1bb47c5bc7768f66cc9dec291d5c5e8b7135;C2_M2_IMPLEMENTATION_REPAIR_SPEC_V1;C2M2_REPAIR_V1
C2M2_DECISION;453;3;4;2015.04.23 01:34:39;2015.04.23 01:34:39;1;2015.04.23 01:33:00;2015.04.23 01:34:00;0.40;0.033908;42.8456;16.7052;29.6258;1184.84;true;ALLOW;FIRST;BUY;2;M2;061a1bb47c5bc7768f66cc9dec291d5c5e8b7135;C2_M2_IMPLEMENTATION_REPAIR_SPEC_V1;C2M2_REPAIR_V1
C2M2_DECISION;455;3;4;2015.04.24 13:55:16;2015.04.24 13:55:16;1;2015.04.24 13:54:00;2015.04.24 13:55:00;0.64;0.054249;44.6752;5.5732;29.8920;1186.66;true;ALLOW;FIRST;BUY;2;M2;061a1bb47c5bc7768f66cc9dec291d5c5e8b7135;C2_M2_IMPLEMENTATION_REPAIR_SPEC_V1;C2M2_REPAIR_V1
C2M2_DECISION;459;3;4;2015.04.29 18:01:39;2015.04.29 18:01:39;1;2015.04.29 18:00:00;2015.04.29 18:01:00;2.55;0.211530;29.8683;12.7173;36.6588;1203.85;true;ALLOW;FIRST;BUY;2;M2;061a1bb47c5bc7768f66cc9dec291d5c5e8b7135;C2_M2_IMPLEMENTATION_REPAIR_SPEC_V1;C2M2_REPAIR_V1
C2M2_DECISION;466;3;4;2015.05.06 03:20:00;2015.05.06 03:20:00;1;2015.05.06 03:19:00;2015.05.06 03:20:00;0.32;0.026725;51.5788;39.1510;3.9774;1196.46;false;INVALID;FIRST;SELL;2;M2;061a1bb47c5bc7768f66cc9dec291d5c5e8b7135;C2_M2_IMPLEMENTATION_REPAIR_SPEC_V1;C2M2_REPAIR_V1
C2M2_DECISION;469;3;4;2015.05.07 05:49:12;2015.05.07 05:49:12;1;2015.05.07 05:48:00;2015.05.07 05:49:00;0.27;0.022509;17.8424;28.7669;10.9199;1188.42;true;ALLOW;FIRST;SELL;2;M2;061a1bb47c5bc7768f66cc9dec291d5c5e8b7135;C2_M2_IMPLEMENTATION_REPAIR_SPEC_V1;C2M2_REPAIR_V1
C2M2_DECISION;471;3;4;2015.05.11 07:09:14;2015.05.11 07:09:14;1;2015.05.11 07:08:00;2015.05.11 07:09:00;0.43;0.036064;53.0004;5.9403;28.3724;1184.69;true;ALLOW;FIRST;BUY;2;M2;061a1bb47c5bc7768f66cc9dec291d5c5e8b7135;C2_M2_IMPLEMENTATION_REPAIR_SPEC_V1;C2M2_REPAIR_V1
C2M2_DECISION;472;3;4;2015.05.12 05:39:26;2015.05.12 05:39:26;1;2015.05.12 05:38:00;2015.05.12 05:39:00;0.22;0.018849;67.2622;8.4134;24.0906;1181.79;true;ALLOW;FIRST;BUY;2;M2;061a1bb47c5bc7768f66cc9dec291d5c5e8b7135;C2_M2_IMPLEMENTATION_REPAIR_SPEC_V1;C2M2_REPAIR_V1
C2M2_DECISION;487;3;4;2015.05.26 12:52:59;2015.05.26 12:52:59;1;2015.05.26 12:51:00;2015.05.26 12:52:00;0.63;0.053142;52.9754;4.1639;32.9456;1187.39;true;VETO;FIRST;BUY;2;M2;061a1bb47c5bc7768f66cc9dec291d5c5e8b7135;C2_M2_IMPLEMENTATION_REPAIR_SPEC_V1;C2M2_REPAIR_V1
C2M2_DECISION;488;3;4;2015.06.01 01:29:08;2015.06.01 01:29:08;1;2015.06.01 01:28:00;2015.06.01 01:29:00;0.19;0.016095;27.7330;11.9202;46.3711;1189.80;true;ALLOW;FIRST;BUY;2;M2;061a1bb47c5bc7768f66cc9dec291d5c5e8b7135;C2_M2_IMPLEMENTATION_REPAIR_SPEC_V1;C2M2_REPAIR_V1
C2M2_DECISION;493;3;4;2015.06.04 06:56:46;2015.06.04 06:56:46;1;2015.06.04 06:55:00;2015.06.04 06:56:00;0.30;0.025375;63.3514;4.3559;29.9641;1182.25;true;ALLOW;FIRST;BUY;2;M2;061a1bb47c5bc7768f66cc9dec291d5c5e8b7135;C2_M2_IMPLEMENTATION_REPAIR_SPEC_V1;C2M2_REPAIR_V1
C2M2_DECISION;504;3;4;2015.06.11 10:15:22;2015.06.11 10:15:22;1;2015.06.11 10:14:00;2015.06.11 10:15:00;0.46;0.039251;41.7125;7.6375;36.7526;1178.96;true;ALLOW;FIRST;BUY;2;M2;061a1bb47c5bc7768f66cc9dec291d5c5e8b7135;C2_M2_IMPLEMENTATION_REPAIR_SPEC_V1;C2M2_REPAIR_V1
C2M2_DECISION;507;3;4;2015.06.15 00:05:59;2015.06.15 00:05:59;1;2015.06.15 00:04:00;2015.06.15 00:05:00;0.15;0.012253;34.1156;12.0857;46.8171;1183.37;true;ALLOW;FIRST;BUY;2;M2;061a1bb47c5bc7768f66cc9dec291d5c5e8b7135;C2_M2_IMPLEMENTATION_REPAIR_SPEC_V1;C2M2_REPAIR_V1
C2M2_DECISION;510;3;4;2015.06.18 08:32:12;2015.06.18 08:32:12;1;2015.06.18 08:31:00;2015.06.18 08:32:00;0.40;0.033596;44.4875;37.5382;11.2021;1197.32;true;ALLOW;FIRST;SELL;2;M2;061a1bb47c5bc7768f66cc9dec291d5c5e8b7135;C2_M2_IMPLEMENTATION_REPAIR_SPEC_V1;C2M2_REPAIR_V1
C2M2_DECISION;517;3;4;2015.06.26 13:18:40;2015.06.26 13:18:40;1;2015.06.26 13:17:00;2015.06.26 13:18:00;0.76;0.065128;37.2226;9.3535;38.5424;1170.39;true;ALLOW;FIRST;BUY;2;M2;061a1bb47c5bc7768f66cc9dec291d5c5e8b7135;C2_M2_IMPLEMENTATION_REPAIR_SPEC_V1;C2M2_REPAIR_V1
C2M2_DECISION;531;3;4;2015.07.15 14:58:42;2015.07.15 14:58:42;1;2015.07.15 14:57:00;2015.07.15 14:58:00;0.53;0.046030;56.7785;6.3534;22.3477;1146.54;true;ALLOW;FIRST;BUY;2;M2;061a1bb47c5bc7768f66cc9dec291d5c5e8b7135;C2_M2_IMPLEMENTATION_REPAIR_SPEC_V1;C2M2_REPAIR_V1
C2M2_DECISION;542;3;4;2015.07.30 06:01:23;2015.07.30 06:01:23;1;2015.07.30 06:00:00;2015.07.30 06:01:00;0.68;0.062347;33.6872;9.3411;47.7723;1090.68;true;ALLOW;FIRST;BUY;2;M2;061a1bb47c5bc7768f66cc9dec291d5c5e8b7135;C2_M2_IMPLEMENTATION_REPAIR_SPEC_V1;C2M2_REPAIR_V1
C2M2_DECISION;543;3;4;2015.07.31 01:32:04;2015.07.31 01:32:04;1;2015.07.31 01:31:00;2015.07.31 01:32:00;0.45;0.041045;30.4621;16.8236;34.0753;1084.80;true;ALLOW;FIRST;BUY;2;M2;061a1bb47c5bc7768f66cc9dec291d5c5e8b7135;C2_M2_IMPLEMENTATION_REPAIR_SPEC_V1;C2M2_REPAIR_V1
C2M2_DECISION;545;3;4;2015.08.02 23:42:10;2015.08.02 23:42:10;1;2015.08.02 23:41:00;2015.08.02 23:42:00;0.11;0.010466;39.5067;14.0149;46.4940;1093.97;true;ALLOW;FIRST;BUY;2;M2;061a1bb47c5bc7768f66cc9dec291d5c5e8b7135;C2_M2_IMPLEMENTATION_REPAIR_SPEC_V1;C2M2_REPAIR_V1
C2M2_DECISION;548;3;4;2015.08.03 22:00:00;2015.08.03 22:00:00;1;2015.08.03 20:59:00;2015.08.03 21:00:00;0.15;0.013624;41.8637;25.2258;20.7888;1086.34;true;ALLOW;FIRST;BUY;2;M2;061a1bb47c5bc7768f66cc9dec291d5c5e8b7135;C2_M2_IMPLEMENTATION_REPAIR_SPEC_V1;C2M2_REPAIR_V1
C2M2_DECISION;576;3;4;2015.09.02 01:00:00;2015.09.02 01:00:00;1;2015.09.01 22:59:00;2015.09.01 23:00:00;0.05;0.004146;25.8208;15.1253;35.3595;1139.72;true;ALLOW;FIRST;BUY;2;M2;061a1bb47c5bc7768f66cc9dec291d5c5e8b7135;C2_M2_IMPLEMENTATION_REPAIR_SPEC_V1;C2M2_REPAIR_V1
C2M2_DECISION;580;3;4;2015.09.03 20:42:18;2015.09.03 20:42:18;1;2015.09.03 20:41:00;2015.09.03 20:42:00;0.11;0.009843;16.5052;22.4529;28.6331;1125.14;true;ALLOW;FIRST;BUY;2;M2;061a1bb47c5bc7768f66cc9dec291d5c5e8b7135;C2_M2_IMPLEMENTATION_REPAIR_SPEC_V1;C2M2_REPAIR_V1
C2M2_DECISION;582;3;4;2015.09.09 12:37:31;2015.09.09 12:37:31;1;2015.09.09 12:36:00;2015.09.09 12:37:00;0.70;0.062786;37.3046;8.1203;41.8410;1117.68;true;ALLOW;FIRST;BUY;2;M2;061a1bb47c5bc7768f66cc9dec291d5c5e8b7135;C2_M2_IMPLEMENTATION_REPAIR_SPEC_V1;C2M2_REPAIR_V1
C2M2_DECISION;585;3;4;2015.09.14 22:51:58;2015.09.14 22:51:58;1;2015.09.14 22:50:00;2015.09.14 22:51:00;0.18;0.016446;21.9899;16.0707;27.2707;1108.15;true;ALLOW;FIRST;BUY;2;M2;061a1bb47c5bc7768f66cc9dec291d5c5e8b7135;C2_M2_IMPLEMENTATION_REPAIR_SPEC_V1;C2M2_REPAIR_V1
C2M2_DECISION;597;3;4;2015.09.25 03:24:15;2015.09.25 03:24:15;1;2015.09.25 03:23:00;2015.09.25 03:24:00;0.31;0.026872;29.2670;11.1381;26.5852;1147.09;true;ALLOW;FIRST;BUY;2;M2;061a1bb47c5bc7768f66cc9dec291d5c5e8b7135;C2_M2_IMPLEMENTATION_REPAIR_SPEC_V1;C2M2_REPAIR_V1
C2M2_DECISION;598;3;4;2015.09.28 06:39:55;2015.09.28 06:39:55;1;2015.09.28 06:38:00;2015.09.28 06:39:00;0.29;0.025632;58.5760;10.1293;35.7808;1144.10;true;ALLOW;FIRST;BUY;2;M2;061a1bb47c5bc7768f66cc9dec291d5c5e8b7135;C2_M2_IMPLEMENTATION_REPAIR_SPEC_V1;C2M2_REPAIR_V1
C2M2_DECISION;602;3;4;2015.10.02 09:11:01;2015.10.02 09:11:01;1;2015.10.02 09:10:00;2015.10.02 09:11:00;0.19;0.017387;40.1891;6.4330;30.2202;1107.15;true;ALLOW;FIRST;BUY;2;M2;061a1bb47c5bc7768f66cc9dec291d5c5e8b7135;C2_M2_IMPLEMENTATION_REPAIR_SPEC_V1;C2M2_REPAIR_V1
C2M2_DECISION;608;3;4;2015.10.08 06:19:19;2015.10.08 06:19:19;1;2015.10.08 06:18:00;2015.10.08 06:19:00;0.37;0.031985;34.6243;8.4825;31.2043;1141.95;true;ALLOW;FIRST;BUY;2;M2;061a1bb47c5bc7768f66cc9dec291d5c5e8b7135;C2_M2_IMPLEMENTATION_REPAIR_SPEC_V1;C2M2_REPAIR_V1
C2M2_DECISION;617;3;4;2015.10.14 09:48:27;2015.10.14 09:48:27;1;2015.10.14 09:47:00;2015.10.14 09:48:00;0.48;0.041116;61.0317;9.7340;48.0175;1167.44;true;ALLOW;FIRST;BUY;2;M2;061a1bb47c5bc7768f66cc9dec291d5c5e8b7135;C2_M2_IMPLEMENTATION_REPAIR_SPEC_V1;C2M2_REPAIR_V1
C2M2_DECISION;623;3;4;2015.10.22 12:44:25;2015.10.22 12:44:25;1;2015.10.22 12:43:00;2015.10.22 12:44:00;0.67;0.057524;26.0958;11.4676;31.3486;1166.03;true;ALLOW;FIRST;BUY;2;M2;061a1bb47c5bc7768f66cc9dec291d5c5e8b7135;C2_M2_IMPLEMENTATION_REPAIR_SPEC_V1;C2M2_REPAIR_V1
C2M2_DECISION;624;3;4;2015.10.23 11:20:42;2015.10.23 11:20:42;1;2015.10.23 11:19:00;2015.10.23 11:20:00;1.31;0.111799;32.7721;36.3087;10.8201;1174.65;true;ALLOW;FIRST;SELL;2;M2;061a1bb47c5bc7768f66cc9dec291d5c5e8b7135;C2_M2_IMPLEMENTATION_REPAIR_SPEC_V1;C2M2_REPAIR_V1
C2M2_DECISION;652;3;4;2015.11.27 14:00:00;2015.11.27 14:00:00;1;2015.11.27 12:59:00;2015.11.27 13:00:00;0.25;0.023758;44.0984;33.4247;24.7194;1065.97;true;ALLOW;FIRST;BUY;2;M2;061a1bb47c5bc7768f66cc9dec291d5c5e8b7135;C2_M2_IMPLEMENTATION_REPAIR_SPEC_V1;C2M2_REPAIR_V1
C2M2_DECISION;653;3;4;2015.12.02 13:20:20;2015.12.02 13:20:20;1;2015.12.02 13:19:00;2015.12.02 13:20:00;0.55;0.051977;48.3913;11.2402;42.9481;1061.52;true;VETO;FIRST;BUY;2;M2;061a1bb47c5bc7768f66cc9dec291d5c5e8b7135;C2_M2_IMPLEMENTATION_REPAIR_SPEC_V1;C2M2_REPAIR_V1
C2M2_DECISION;659;3;4;2015.12.11 01:39:11;2015.12.11 01:39:11;1;2015.12.11 01:38:00;2015.12.11 01:39:00;0.45;0.042274;69.7380;2.0853;36.8942;1066.84;true;ALLOW;FIRST;BUY;2;M2;061a1bb47c5bc7768f66cc9dec291d5c5e8b7135;C2_M2_IMPLEMENTATION_REPAIR_SPEC_V1;C2M2_REPAIR_V1
C2M2_DECISION;681;3;4;2016.02.16 06:53:56;2016.02.16 06:53:56;1;2016.02.16 06:52:00;2016.02.16 06:53:00;0.70;0.058406;47.6744;35.9816;8.9256;1200.65;true;VETO;FIRST;SELL;2;M2;061a1bb47c5bc7768f66cc9dec291d5c5e8b7135;C2_M2_IMPLEMENTATION_REPAIR_SPEC_V1;C2M2_REPAIR_V1
C2M2_DECISION;686;3;4;2016.02.18 20:47:05;2016.02.18 20:47:05;1;2016.02.18 20:46:00;2016.02.18 20:47:00;0.86;0.069210;40.7789;44.9660;8.6762;1238.99;true;ALLOW;FIRST;SELL;2;M2;061a1bb47c5bc7768f66cc9dec291d5c5e8b7135;C2_M2_IMPLEMENTATION_REPAIR_SPEC_V1;C2M2_REPAIR_V1
C2M2_DECISION;702;3;4;2016.03.02 02:54:24;2016.03.02 02:54:24;1;2016.03.02 02:53:00;2016.03.02 02:54:00;0.29;0.023653;35.7153;9.1580;24.3478;1226.06;true;ALLOW;FIRST;BUY;2;M2;061a1bb47c5bc7768f66cc9dec291d5c5e8b7135;C2_M2_IMPLEMENTATION_REPAIR_SPEC_V1;C2M2_REPAIR_V1
C2M2_DECISION;713;3;4;2016.03.17 01:21:07;2016.03.17 01:21:07;1;2016.03.17 01:20:00;2016.03.17 01:21:00;0.62;0.049224;54.6586;5.9054;38.8953;1256.00;true;VETO;FIRST;BUY;2;M2;061a1bb47c5bc7768f66cc9dec291d5c5e8b7135;C2_M2_IMPLEMENTATION_REPAIR_SPEC_V1;C2M2_REPAIR_V1
C2M2_DECISION;719;3;4;2016.03.23 04:08:37;2016.03.23 04:08:37;1;2016.03.23 04:07:00;2016.03.23 04:08:00;0.86;0.069377;43.2958;9.8264;55.6121;1239.61;true;ALLOW;FIRST;BUY;2;M2;061a1bb47c5bc7768f66cc9dec291d5c5e8b7135;C2_M2_IMPLEMENTATION_REPAIR_SPEC_V1;C2M2_REPAIR_V1
C2M2_DECISION;720;3;4;2016.03.28 00:18:20;2016.03.28 00:18:20;1;2016.03.28 00:17:00;2016.03.28 00:18:00;0.42;0.034699;49.0730;5.6699;46.8047;1212.57;true;ALLOW;FIRST;BUY;2;M2;061a1bb47c5bc7768f66cc9dec291d5c5e8b7135;C2_M2_IMPLEMENTATION_REPAIR_SPEC_V1;C2M2_REPAIR_V1
C2M2_DECISION;733;3;4;2016.04.13 03:00:00;2016.04.13 03:00:00;1;2016.04.13 01:59:00;2016.04.13 02:00:00;0.17;0.013681;30.5212;17.6162;22.0947;1253.60;true;ALLOW;FIRST;BUY;2;M2;061a1bb47c5bc7768f66cc9dec291d5c5e8b7135;C2_M2_IMPLEMENTATION_REPAIR_SPEC_V1;C2M2_REPAIR_V1
C2M2_DECISION;739;3;4;2016.04.19 00:07:21;2016.04.19 00:07:21;1;2016.04.19 00:06:00;2016.04.19 00:07:00;0.54;0.043619;21.7250;13.7202;32.7119;1228.83;true;ALLOW;FIRST;BUY;2;M2;061a1bb47c5bc7768f66cc9dec291d5c5e8b7135;C2_M2_IMPLEMENTATION_REPAIR_SPEC_V1;C2M2_REPAIR_V1
C2M2_DECISION;758;3;4;2016.05.09 09:42:03;2016.05.09 09:42:03;1;2016.05.09 09:41:00;2016.05.09 09:42:00;0.33;0.025812;24.3664;7.3194;22.1893;1277.50;true;ALLOW;FIRST;BUY;2;M2;061a1bb47c5bc7768f66cc9dec291d5c5e8b7135;C2_M2_IMPLEMENTATION_REPAIR_SPEC_V1;C2M2_REPAIR_V1
C2M2_DECISION;764;3;4;2016.05.12 13:25:33;2016.05.12 13:25:33;1;2016.05.12 13:24:00;2016.05.12 13:25:00;0.51;0.039945;31.0567;22.6996;17.4673;1274.89;true;ALLOW;FIRST;SELL;2;M2;061a1bb47c5bc7768f66cc9dec291d5c5e8b7135;C2_M2_IMPLEMENTATION_REPAIR_SPEC_V1;C2M2_REPAIR_V1
C2M2_DECISION;770;3;4;2016.05.19 12:23:44;2016.05.19 12:23:44;1;2016.05.19 12:22:00;2016.05.19 12:23:00;0.90;0.072454;44.2141;7.5979;34.9534;1248.73;true;ALLOW;FIRST;BUY;2;M2;061a1bb47c5bc7768f66cc9dec291d5c5e8b7135;C2_M2_IMPLEMENTATION_REPAIR_SPEC_V1;C2M2_REPAIR_V1
C2M2_DECISION;780;3;4;2016.06.09 23:32:43;2016.06.09 23:32:43;1;2016.06.09 23:31:00;2016.06.09 23:32:00;0.11;0.008355;55.3221;6.2105;38.1052;1268.63;true;ALLOW;FIRST;BUY;2;M2;061a1bb47c5bc7768f66cc9dec291d5c5e8b7135;C2_M2_IMPLEMENTATION_REPAIR_SPEC_V1;C2M2_REPAIR_V1
C2M2_DECISION;788;3;4;2016.06.23 22:06:41;2016.06.23 22:06:41;1;2016.06.23 22:05:00;2016.06.23 22:06:00;1.31;0.104773;35.9964;12.8779;21.8856;1252.47;true;ALLOW;FIRST;BUY;2;M2;061a1bb47c5bc7768f66cc9dec291d5c5e8b7135;C2_M2_IMPLEMENTATION_REPAIR_SPEC_V1;C2M2_REPAIR_V1
C2M2_DECISION;801;3;4;2016.07.10 22:52:23;2016.07.10 22:52:23;1;2016.07.10 22:51:00;2016.07.10 22:52:00;0.70;0.051053;47.2925;37.0197;4.8767;1373.57;true;ALLOW;FIRST;SELL;2;M2;061a1bb47c5bc7768f66cc9dec291d5c5e8b7135;C2_M2_IMPLEMENTATION_REPAIR_SPEC_V1;C2M2_REPAIR_V1
C2M2_DECISION;803;3;4;2016.07.21 00:12:28;2016.07.21 00:12:28;1;2016.07.21 00:11:00;2016.07.21 00:12:00;0.64;0.048591;33.8611;13.0604;28.6024;1311.96;true;ALLOW;FIRST;BUY;2;M2;061a1bb47c5bc7768f66cc9dec291d5c5e8b7135;C2_M2_IMPLEMENTATION_REPAIR_SPEC_V1;C2M2_REPAIR_V1
C2M2_DECISION;826;3;4;2016.08.17 04:52:55;2016.08.17 04:52:55;1;2016.08.17 04:51:00;2016.08.17 04:52:00;0.29;0.021413;75.6304;5.4788;35.8010;1343.82;true;ALLOW;FIRST;BUY;2;M2;061a1bb47c5bc7768f66cc9dec291d5c5e8b7135;C2_M2_IMPLEMENTATION_REPAIR_SPEC_V1;C2M2_REPAIR_V1
C2M2_DECISION;836;3;4;2016.08.25 12:08:07;2016.08.25 12:08:07;1;2016.08.25 12:07:00;2016.08.25 12:08:00;0.40;0.030259;42.7471;9.6913;24.9243;1322.74;true;ALLOW;FIRST;BUY;2;M2;061a1bb47c5bc7768f66cc9dec291d5c5e8b7135;C2_M2_IMPLEMENTATION_REPAIR_SPEC_V1;C2M2_REPAIR_V1
C2M2_DECISION;843;3;4;2016.09.01 07:07:33;2016.09.01 07:07:33;1;2016.09.01 07:06:00;2016.09.01 07:07:00;0.29;0.022401;35.8561;11.6751;47.1224;1306.88;true;ALLOW;FIRST;BUY;2;M2;061a1bb47c5bc7768f66cc9dec291d5c5e8b7135;C2_M2_IMPLEMENTATION_REPAIR_SPEC_V1;C2M2_REPAIR_V1
C2M2_DECISION;853;3;4;2016.09.12 01:24:38;2016.09.12 01:24:38;1;2016.09.12 01:23:00;2016.09.12 01:24:00;0.73;0.055072;34.6495;14.4841;31.5915;1325.99;true;ALLOW;FIRST;BUY;2;M2;061a1bb47c5bc7768f66cc9dec291d5c5e8b7135;C2_M2_IMPLEMENTATION_REPAIR_SPEC_V1;C2M2_REPAIR_V1
C2M2_DECISION;865;3;4;2016.09.21 12:21:39;2016.09.21 12:21:39;1;2016.09.21 12:20:00;2016.09.21 12:21:00;0.43;0.032645;31.3736;26.3506;22.7470;1324.87;true;ALLOW;FIRST;SELL;2;M2;061a1bb47c5bc7768f66cc9dec291d5c5e8b7135;C2_M2_IMPLEMENTATION_REPAIR_SPEC_V1;C2M2_REPAIR_V1
C2M2_DECISION;869;3;4;2016.09.28 07:26:53;2016.09.28 07:26:53;1;2016.09.28 07:25:00;2016.09.28 07:26:00;0.21;0.016045;28.1208;11.2272;22.6725;1322.81;true;ALLOW;FIRST;BUY;2;M2;061a1bb47c5bc7768f66cc9dec291d5c5e8b7135;C2_M2_IMPLEMENTATION_REPAIR_SPEC_V1;C2M2_REPAIR_V1
C2M2_DECISION;872;3;4;2016.10.04 12:25:11;2016.10.04 12:25:11;1;2016.10.04 12:24:00;2016.10.04 12:25:00;1.77;0.136245;60.3196;6.2587;44.0864;1299.13;true;VETO;FIRST;BUY;2;M2;061a1bb47c5bc7768f66cc9dec291d5c5e8b7135;C2_M2_IMPLEMENTATION_REPAIR_SPEC_V1;C2M2_REPAIR_V1
C2M2_DECISION;884;3;4;2016.10.19 09:22:33;2016.10.19 09:22:33;1;2016.10.19 09:21:00;2016.10.19 09:22:00;0.19;0.014990;37.3363;29.5986;9.4558;1264.20;true;ALLOW;FIRST;SELL;2;M2;061a1bb47c5bc7768f66cc9dec291d5c5e8b7135;C2_M2_IMPLEMENTATION_REPAIR_SPEC_V1;C2M2_REPAIR_V1
C2M2_DECISION;885;3;4;2016.10.21 02:35:40;2016.10.21 02:35:40;1;2016.10.21 02:34:00;2016.10.21 02:35:00;0.18;0.014111;64.9058;7.7808;29.1157;1263.17;true;ALLOW;FIRST;BUY;2;M2;061a1bb47c5bc7768f66cc9dec291d5c5e8b7135;C2_M2_IMPLEMENTATION_REPAIR_SPEC_V1;C2M2_REPAIR_V1
C2M2_DECISION;924;3;4;2016.12.12 01:00:00;2016.12.12 01:00:00;1;2016.12.09 21:59:00;2016.12.09 22:00:00;0.60;0.051621;27.7384;30.9233;25.4362;1158.94;true;ALLOW;FIRST;BUY;2;M2;061a1bb47c5bc7768f66cc9dec291d5c5e8b7135;C2_M2_IMPLEMENTATION_REPAIR_SPEC_V1;C2M2_REPAIR_V1
C2M2_DECISION;928;3;4;2016.12.15 00:30:43;2016.12.15 00:30:43;1;2016.12.15 00:29:00;2016.12.15 00:30:00;0.74;0.065113;54.0171;6.8646;32.2940;1136.87;true;VETO;FIRST;BUY;2;M2;061a1bb47c5bc7768f66cc9dec291d5c5e8b7135;C2_M2_IMPLEMENTATION_REPAIR_SPEC_V1;C2M2_REPAIR_V1
C2M2_DECISION;931;3;4;2016.12.20 08:28:42;2016.12.20 08:28:42;1;2016.12.20 08:27:00;2016.12.20 08:28:00;0.40;0.035630;30.1532;8.8418;25.4057;1132.48;true;ALLOW;FIRST;BUY;2;M2;061a1bb47c5bc7768f66cc9dec291d5c5e8b7135;C2_M2_IMPLEMENTATION_REPAIR_SPEC_V1;C2M2_REPAIR_V1
C2M2_DECISION;937;3;4;2016.12.28 05:22:49;2016.12.28 05:22:49;1;2016.12.28 05:21:00;2016.12.28 05:22:00;0.13;0.011666;23.9558;31.6786;13.6106;1142.22;true;ALLOW;FIRST;SELL;2;M2;061a1bb47c5bc7768f66cc9dec291d5c5e8b7135;C2_M2_IMPLEMENTATION_REPAIR_SPEC_V1;C2M2_REPAIR_V1
C2M2_DECISION;952;3;4;2017.01.19 14:48:06;2017.01.19 14:48:06;1;2017.01.19 14:47:00;2017.01.19 14:48:00;0.72;0.060074;31.0150;9.7025;32.8051;1198.11;true;ALLOW;FIRST;BUY;2;M2;061a1bb47c5bc7768f66cc9dec291d5c5e8b7135;C2_M2_IMPLEMENTATION_REPAIR_SPEC_V1;C2M2_REPAIR_V1
C2M2_DECISION;955;3;4;2017.01.20 10:00:17;2017.01.20 10:00:17;1;2017.01.20 08:59:00;2017.01.20 09:00:00;0.35;0.029404;31.8938;10.2307;22.9296;1202.21;true;ALLOW;FIRST;BUY;2;M2;061a1bb47c5bc7768f66cc9dec291d5c5e8b7135;C2_M2_IMPLEMENTATION_REPAIR_SPEC_V1;C2M2_REPAIR_V1
C2M2_DECISION;958;3;4;2017.01.25 14:20:33;2017.01.25 14:20:33;1;2017.01.25 14:19:00;2017.01.25 14:20:00;0.76;0.063304;62.3582;2.9842;37.7898;1197.79;true;VETO;FIRST;BUY;2;M2;061a1bb47c5bc7768f66cc9dec291d5c5e8b7135;C2_M2_IMPLEMENTATION_REPAIR_SPEC_V1;C2M2_REPAIR_V1
C2M2_DECISION;968;3;4;2017.02.10 16:27:44;2017.02.10 16:27:44;1;2017.02.10 16:26:00;2017.02.10 16:27:00;0.61;0.049914;43.7564;24.2725;8.7333;1232.13;true;ALLOW;FIRST;SELL;2;M2;061a1bb47c5bc7768f66cc9dec291d5c5e8b7135;C2_M2_IMPLEMENTATION_REPAIR_SPEC_V1;C2M2_REPAIR_V1
C2M2_DECISION;970;3;4;2017.02.14 12:36:09;2017.02.14 12:36:09;1;2017.02.14 12:35:00;2017.02.14 12:36:00;0.26;0.020779;25.7665;31.0926;10.8416;1229.62;true;ALLOW;FIRST;SELL;2;M2;061a1bb47c5bc7768f66cc9dec291d5c5e8b7135;C2_M2_IMPLEMENTATION_REPAIR_SPEC_V1;C2M2_REPAIR_V1
C2M2_DECISION;977;3;4;2017.02.21 00:25:09;2017.02.21 00:25:09;1;2017.02.21 00:24:00;2017.02.21 00:25:00;0.23;0.018755;64.1038;5.2229;32.5304;1235.69;true;ALLOW;FIRST;BUY;2;M2;061a1bb47c5bc7768f66cc9dec291d5c5e8b7135;C2_M2_IMPLEMENTATION_REPAIR_SPEC_V1;C2M2_REPAIR_V1
C2M2_DECISION;982;3;4;2017.03.02 13:30:19;2017.03.02 13:30:19;1;2017.03.02 13:29:00;2017.03.02 13:30:00;0.39;0.031842;49.3570;11.4007;28.1508;1238.92;true;ALLOW;FIRST;BUY;2;M2;061a1bb47c5bc7768f66cc9dec291d5c5e8b7135;C2_M2_IMPLEMENTATION_REPAIR_SPEC_V1;C2M2_REPAIR_V1
C2M2_DECISION;989;3;4;2017.03.21 01:41:34;2017.03.21 01:41:34;1;2017.03.21 01:40:00;2017.03.21 01:41:00;0.59;0.047883;48.3536;7.4665;39.5279;1230.61;true;VETO;FIRST;BUY;2;M2;061a1bb47c5bc7768f66cc9dec291d5c5e8b7135;C2_M2_IMPLEMENTATION_REPAIR_SPEC_V1;C2M2_REPAIR_V1
C2M2_DECISION;1002;3;4;2017.04.05 16:49:30;2017.04.05 16:49:30;1;2017.04.05 16:48:00;2017.04.05 16:49:00;0.28;0.022490;38.9681;18.5655;27.1417;1246.11;true;ALLOW;FIRST;BUY;2;M2;061a1bb47c5bc7768f66cc9dec291d5c5e8b7135;C2_M2_IMPLEMENTATION_REPAIR_SPEC_V1;C2M2_REPAIR_V1
C2M2_DECISION;1004;3;4;2017.04.07 17:03:45;2017.04.07 17:03:45;1;2017.04.07 17:02:00;2017.04.07 17:03:00;1.08;0.085788;56.6382;6.6672;38.1432;1259.50;true;VETO;FIRST;BUY;2;M2;061a1bb47c5bc7768f66cc9dec291d5c5e8b7135;C2_M2_IMPLEMENTATION_REPAIR_SPEC_V1;C2M2_REPAIR_V1
C2M2_DECISION;1015;3;4;2017.04.25 08:05:40;2017.04.25 08:05:40;1;2017.04.25 08:04:00;2017.04.25 08:05:00;0.29;0.023228;24.4681;13.0060;42.1574;1270.00;true;ALLOW;FIRST;BUY;2;M2;061a1bb47c5bc7768f66cc9dec291d5c5e8b7135;C2_M2_IMPLEMENTATION_REPAIR_SPEC_V1;C2M2_REPAIR_V1
C2M2_DECISION;1016;3;4;2017.05.02 07:50:09;2017.05.02 07:50:09;1;2017.05.02 07:49:00;2017.05.02 07:50:00;0.51;0.040908;48.9046;4.8974;30.1459;1254.66;true;ALLOW;FIRST;BUY;2;M2;061a1bb47c5bc7768f66cc9dec291d5c5e8b7135;C2_M2_IMPLEMENTATION_REPAIR_SPEC_V1;C2M2_REPAIR_V1
C2M2_DECISION;1018;3;4;2017.05.04 13:00:00;2017.05.04 13:00:00;1;2017.05.04 11:59:00;2017.05.04 12:00:00;0.14;0.011302;14.8692;21.8557;17.1916;1234.35;true;ALLOW;FIRST;BUY;2;M2;061a1bb47c5bc7768f66cc9dec291d5c5e8b7135;C2_M2_IMPLEMENTATION_REPAIR_SPEC_V1;C2M2_REPAIR_V1
C2M2_DECISION;1025;3;4;2017.05.16 23:43:15;2017.05.16 23:43:15;1;2017.05.16 23:42:00;2017.05.16 23:43:00;0.55;0.044500;46.3297;34.1309;6.8243;1243.27;true;ALLOW;FIRST;SELL;2;M2;061a1bb47c5bc7768f66cc9dec291d5c5e8b7135;C2_M2_IMPLEMENTATION_REPAIR_SPEC_V1;C2M2_REPAIR_V1
C2M2_DECISION;1027;3;4;2017.05.17 19:54:02;2017.05.17 19:54:02;1;2017.05.17 19:53:00;2017.05.17 19:54:00;0.43;0.033828;29.9648;28.0896;21.3534;1260.05;true;ALLOW;FIRST;SELL;2;M2;061a1bb47c5bc7768f66cc9dec291d5c5e8b7135;C2_M2_IMPLEMENTATION_REPAIR_SPEC_V1;C2M2_REPAIR_V1
C2M2_DECISION;1035;3;4;2017.05.24 18:04:38;2017.05.24 18:04:38;1;2017.05.24 18:03:00;2017.05.24 18:04:00;1.44;0.114370;26.5698;29.7710;12.1413;1255.79;true;ALLOW;FIRST;SELL;2;M2;061a1bb47c5bc7768f66cc9dec291d5c5e8b7135;C2_M2_IMPLEMENTATION_REPAIR_SPEC_V1;C2M2_REPAIR_V1
C2M2_DECISION;1041;3;4;2017.06.01 13:08:35;2017.06.01 13:08:35;1;2017.06.01 13:07:00;2017.06.01 13:08:00;0.39;0.031119;28.7601;14.0485;33.3948;1262.91;true;ALLOW;FIRST;BUY;2;M2;061a1bb47c5bc7768f66cc9dec291d5c5e8b7135;C2_M2_IMPLEMENTATION_REPAIR_SPEC_V1;C2M2_REPAIR_V1
C2M2_DECISION;1042;3;4;2017.06.02 13:00:00;2017.06.02 13:00:00;1;2017.06.02 11:59:00;2017.06.02 12:00:00;0.13;0.010080;41.1937;18.6631;27.8964;1262.43;true;ALLOW;FIRST;SELL;2;M2;061a1bb47c5bc7768f66cc9dec291d5c5e8b7135;C2_M2_IMPLEMENTATION_REPAIR_SPEC_V1;C2M2_REPAIR_V1
C2M2_DECISION;1054;3;4;2017.06.19 19:44:28;2017.06.19 19:44:28;1;2017.06.19 19:43:00;2017.06.19 19:44:00;0.06;0.004943;44.6025;12.3218;28.2449;1244.22;true;ALLOW;FIRST;BUY;2;M2;061a1bb47c5bc7768f66cc9dec291d5c5e8b7135;C2_M2_IMPLEMENTATION_REPAIR_SPEC_V1;C2M2_REPAIR_V1
C2M2_DECISION;1055;3;4;2017.06.20 11:42:00;2017.06.20 11:42:00;1;2017.06.20 11:41:00;2017.06.20 11:42:00;0.38;0.030417;39.8334;10.7301;45.3401;1244.39;false;INVALID;FIRST;BUY;2;M2;061a1bb47c5bc7768f66cc9dec291d5c5e8b7135;C2_M2_IMPLEMENTATION_REPAIR_SPEC_V1;C2M2_REPAIR_V1
C2M2_DECISION;1058;3;4;2017.06.26 08:01:06;2017.06.26 08:01:06;1;2017.06.26 08:00:00;2017.06.26 08:01:00;0.21;0.016774;25.9519;15.5690;29.1469;1253.44;true;ALLOW;FIRST;BUY;2;M2;061a1bb47c5bc7768f66cc9dec291d5c5e8b7135;C2_M2_IMPLEMENTATION_REPAIR_SPEC_V1;C2M2_REPAIR_V1
C2M2_DECISION;1068;3;4;2017.07.06 08:33:10;2017.07.06 08:33:10;1;2017.07.06 08:32:00;2017.07.06 08:33:00;0.13;0.010743;15.0013;26.5624;28.1742;1224.05;true;ALLOW;FIRST;BUY;2;M2;061a1bb47c5bc7768f66cc9dec291d5c5e8b7135;C2_M2_IMPLEMENTATION_REPAIR_SPEC_V1;C2M2_REPAIR_V1
C2M2_DECISION;1074;3;4;2017.07.17 11:40:26;2017.07.17 11:40:26;1;2017.07.17 11:39:00;2017.07.17 11:40:00;0.30;0.024614;25.3107;43.6281;15.6232;1233.02;true;ALLOW;FIRST;SELL;2;M2;061a1bb47c5bc7768f66cc9dec291d5c5e8b7135;C2_M2_IMPLEMENTATION_REPAIR_SPEC_V1;C2M2_REPAIR_V1
C2M2_DECISION;1084;3;4;2017.08.03 11:37:04;2017.08.03 11:37:04;1;2017.08.03 11:36:00;2017.08.03 11:37:00;0.39;0.030942;48.2846;32.7198;16.1019;1265.28;true;ALLOW;FIRST;SELL;2;M2;061a1bb47c5bc7768f66cc9dec291d5c5e8b7135;C2_M2_IMPLEMENTATION_REPAIR_SPEC_V1;C2M2_REPAIR_V1
C2M2_DECISION;1087;3;4;2017.08.08 10:47:55;2017.08.08 10:47:55;1;2017.08.08 10:46:00;2017.08.08 10:47:00;0.17;0.013057;17.1547;28.8307;18.6039;1263.73;true;ALLOW;FIRST;SELL;2;M2;061a1bb47c5bc7768f66cc9dec291d5c5e8b7135;C2_M2_IMPLEMENTATION_REPAIR_SPEC_V1;C2M2_REPAIR_V1
C2M2_DECISION;1092;3;4;2017.08.14 11:09:41;2017.08.14 11:09:41;1;2017.08.14 11:08:00;2017.08.14 11:09:00;0.25;0.019499;38.1631;9.6603;35.9543;1279.58;true;ALLOW;FIRST;BUY;2;M2;061a1bb47c5bc7768f66cc9dec291d5c5e8b7135;C2_M2_IMPLEMENTATION_REPAIR_SPEC_V1;C2M2_REPAIR_V1
C2M2_DECISION;1093;3;4;2017.08.15 01:09:28;2017.08.15 01:09:28;1;2017.08.15 01:08:00;2017.08.15 01:09:00;0.32;0.025263;30.3342;16.0091;41.5155;1276.57;true;ALLOW;FIRST;BUY;2;M2;061a1bb47c5bc7768f66cc9dec291d5c5e8b7135;C2_M2_IMPLEMENTATION_REPAIR_SPEC_V1;C2M2_REPAIR_V1
C2M2_DECISION;1095;3;4;2017.08.16 06:23:40;2017.08.16 06:23:40;1;2017.08.16 06:22:00;2017.08.16 06:23:00;0.25;0.019893;63.8436;3.1438;37.5366;1271.81;true;ALLOW;FIRST;BUY;2;M2;061a1bb47c5bc7768f66cc9dec291d5c5e8b7135;C2_M2_IMPLEMENTATION_REPAIR_SPEC_V1;C2M2_REPAIR_V1
C2M2_DECISION;1106;3;4;2017.08.23 12:30:26;2017.08.23 12:30:26;1;2017.08.23 12:29:00;2017.08.23 12:30:00;0.39;0.029869;15.4838;26.0311;15.3757;1290.63;true;ALLOW;FIRST;SELL;2;M2;061a1bb47c5bc7768f66cc9dec291d5c5e8b7135;C2_M2_IMPLEMENTATION_REPAIR_SPEC_V1;C2M2_REPAIR_V1
C2M2_DECISION;1116;3;4;2017.08.31 01:43:03;2017.08.31 01:43:03;1;2017.08.31 01:42:00;2017.08.31 01:43:00;0.28;0.021511;55.7710;10.0218;37.6427;1305.17;true;ALLOW;FIRST;BUY;2;M2;061a1bb47c5bc7768f66cc9dec291d5c5e8b7135;C2_M2_IMPLEMENTATION_REPAIR_SPEC_V1;C2M2_REPAIR_V1
C2M2_DECISION;1119;3;4;2017.08.31 19:21:53;2017.08.31 19:21:53;1;2017.08.31 19:20:00;2017.08.31 19:21:00;0.44;0.033065;37.7114;30.7791;11.4718;1322.39;true;ALLOW;FIRST;SELL;2;M2;061a1bb47c5bc7768f66cc9dec291d5c5e8b7135;C2_M2_IMPLEMENTATION_REPAIR_SPEC_V1;C2M2_REPAIR_V1
C2M2_DECISION;1124;3;4;2017.09.10 22:00:01;2017.09.10 22:00:01;1;2017.09.08 20:58:00;2017.09.08 20:59:00;0.40;0.029958;13.8356;17.1185;21.2955;1346.06;true;ALLOW;FIRST;BUY;2;M2;061a1bb47c5bc7768f66cc9dec291d5c5e8b7135;C2_M2_IMPLEMENTATION_REPAIR_SPEC_V1;C2M2_REPAIR_V1
C2M2_DECISION;1138;3;4;2017.09.18 16:21:55;2017.09.18 16:21:55;1;2017.09.18 16:20:00;2017.09.18 16:21:00;0.26;0.020161;24.5104;10.1290;21.0803;1306.95;true;ALLOW;FIRST;BUY;2;M2;061a1bb47c5bc7768f66cc9dec291d5c5e8b7135;C2_M2_IMPLEMENTATION_REPAIR_SPEC_V1;C2M2_REPAIR_V1
C2M2_DECISION;1142;3;4;2017.09.21 07:08:01;2017.09.21 07:08:01;1;2017.09.21 07:07:00;2017.09.21 07:08:00;0.48;0.037069;43.8658;5.8502;20.6537;1293.54;true;ALLOW;FIRST;BUY;2;M2;061a1bb47c5bc7768f66cc9dec291d5c5e8b7135;C2_M2_IMPLEMENTATION_REPAIR_SPEC_V1;C2M2_REPAIR_V1
C2M2_DECISION;1190;3;4;2017.11.01 12:19:12;2017.11.01 12:19:12;1;2017.11.01 12:18:00;2017.11.01 12:19:00;0.93;0.073133;24.6744;15.7797;34.1430;1274.73;true;ALLOW;FIRST;BUY;2;M2;061a1bb47c5bc7768f66cc9dec291d5c5e8b7135;C2_M2_IMPLEMENTATION_REPAIR_SPEC_V1;C2M2_REPAIR_V1
C2M2_DECISION;1191;3;4;2017.11.02 22:30:16;2017.11.02 22:30:16;1;2017.11.02 22:29:00;2017.11.02 22:30:00;0.14;0.010823;30.4143;27.2424;10.7562;1277.34;true;ALLOW;FIRST;SELL;2;M2;061a1bb47c5bc7768f66cc9dec291d5c5e8b7135;C2_M2_IMPLEMENTATION_REPAIR_SPEC_V1;C2M2_REPAIR_V1
C2M2_DECISION;1195;3;4;2017.11.08 14:17:56;2017.11.08 14:17:56;1;2017.11.08 14:16:00;2017.11.08 14:17:00;0.35;0.027610;18.7292;36.7565;22.1264;1281.23;true;ALLOW;FIRST;SELL;2;M2;061a1bb47c5bc7768f66cc9dec291d5c5e8b7135;C2_M2_IMPLEMENTATION_REPAIR_SPEC_V1;C2M2_REPAIR_V1
C2M2_DECISION;1197;3;4;2017.11.13 05:39:21;2017.11.13 05:39:21;1;2017.11.13 05:38:00;2017.11.13 05:39:00;0.04;0.003467;32.3980;24.6152;14.0161;1276.50;true;ALLOW;FIRST;SELL;2;M2;061a1bb47c5bc7768f66cc9dec291d5c5e8b7135;C2_M2_IMPLEMENTATION_REPAIR_SPEC_V1;C2M2_REPAIR_V1
C2M2_DECISION;1207;3;4;2017.11.22 08:37:56;2017.11.22 08:37:56;1;2017.11.22 08:36:00;2017.11.22 08:37:00;0.28;0.021480;18.6273;29.0895;23.8233;1283.75;true;ALLOW;FIRST;SELL;2;M2;061a1bb47c5bc7768f66cc9dec291d5c5e8b7135;C2_M2_IMPLEMENTATION_REPAIR_SPEC_V1;C2M2_REPAIR_V1
C2M2_DECISION;1212;3;4;2017.11.30 17:03:49;2017.11.30 17:03:49;1;2017.11.30 17:02:00;2017.11.30 17:03:00;0.48;0.037681;60.5196;6.2310;39.2692;1273.84;true;ALLOW;FIRST;BUY;2;M2;061a1bb47c5bc7768f66cc9dec291d5c5e8b7135;C2_M2_IMPLEMENTATION_REPAIR_SPEC_V1;C2M2_REPAIR_V1
C2M2_DECISION;1216;3;4;2017.12.11 21:17:36;2017.12.11 21:17:36;1;2017.12.11 21:16:00;2017.12.11 21:17:00;0.09;0.007224;64.5699;2.8342;27.6916;1242.39;true;ALLOW;FIRST;BUY;2;M2;061a1bb47c5bc7768f66cc9dec291d5c5e8b7135;C2_M2_IMPLEMENTATION_REPAIR_SPEC_V1;C2M2_REPAIR_V1
C2M2_DECISION;1226;3;4;2017.12.18 14:26:35;2017.12.18 14:26:35;1;2017.12.18 14:25:00;2017.12.18 14:26:00;0.29;0.022670;32.2857;26.9059;9.2164;1259.40;true;ALLOW;FIRST;SELL;2;M2;061a1bb47c5bc7768f66cc9dec291d5c5e8b7135;C2_M2_IMPLEMENTATION_REPAIR_SPEC_V1;C2M2_REPAIR_V1
C2M2_DECISION;1249;3;4;2018.01.22 06:51:58;2018.01.22 06:51:58;1;2018.01.22 06:50:00;2018.01.22 06:51:00;0.23;0.017599;46.1382;6.8312;37.2911;1331.07;true;ALLOW;FIRST;BUY;2;M2;061a1bb47c5bc7768f66cc9dec291d5c5e8b7135;C2_M2_IMPLEMENTATION_REPAIR_SPEC_V1;C2M2_REPAIR_V1
C2M2_DECISION;1268;3;4;2018.02.13 05:33:20;2018.02.13 05:33:20;1;2018.02.13 05:32:00;2018.02.13 05:33:00;0.22;0.016700;16.4813;21.7988;15.5216;1326.32;true;ALLOW;FIRST;SELL;2;M2;061a1bb47c5bc7768f66cc9dec291d5c5e8b7135;C2_M2_IMPLEMENTATION_REPAIR_SPEC_V1;C2M2_REPAIR_V1
C2M2_DECISION;1274;3;4;2018.02.16 12:25:38;2018.02.16 12:25:38;1;2018.02.16 12:24:00;2018.02.16 12:25:00;0.63;0.046167;44.3714;7.4965;35.4347;1355.42;true;ALLOW;FIRST;BUY;2;M2;061a1bb47c5bc7768f66cc9dec291d5c5e8b7135;C2_M2_IMPLEMENTATION_REPAIR_SPEC_V1;C2M2_REPAIR_V1
C2M2_DECISION;1277;3;4;2018.02.19 04:10:25;2018.02.19 04:10:25;1;2018.02.19 04:09:00;2018.02.19 04:10:00;0.35;0.025831;36.7146;14.1068;33.4222;1348.21;true;ALLOW;FIRST;BUY;2;M2;061a1bb47c5bc7768f66cc9dec291d5c5e8b7135;C2_M2_IMPLEMENTATION_REPAIR_SPEC_V1;C2M2_REPAIR_V1
C2M2_DECISION;1290;3;4;2018.03.01 13:00:30;2018.03.01 13:00:30;1;2018.03.01 11:59:00;2018.03.01 12:00:00;0.15;0.011159;26.0235;23.6754;25.5699;1310.58;true;ALLOW;FIRST;BUY;2;M2;061a1bb47c5bc7768f66cc9dec291d5c5e8b7135;C2_M2_IMPLEMENTATION_REPAIR_SPEC_V1;C2M2_REPAIR_V1
C2M2_DECISION;1293;3;4;2018.03.05 15:10:41;2018.03.05 15:10:41;1;2018.03.05 15:09:00;2018.03.05 15:10:00;0.27;0.020353;52.9599;10.3367;20.6769;1320.47;true;ALLOW;FIRST;BUY;2;M2;061a1bb47c5bc7768f66cc9dec291d5c5e8b7135;C2_M2_IMPLEMENTATION_REPAIR_SPEC_V1;C2M2_REPAIR_V1
C2M2_DECISION;1313;3;4;2018.03.27 11:11:55;2018.03.27 11:11:55;1;2018.03.27 11:10:00;2018.03.27 11:11:00;0.34;0.025048;46.3310;7.5315;31.3683;1347.44;true;ALLOW;FIRST;BUY;2;M2;061a1bb47c5bc7768f66cc9dec291d5c5e8b7135;C2_M2_IMPLEMENTATION_REPAIR_SPEC_V1;C2M2_REPAIR_V1
C2M2_DECISION;1323;3;4;2018.04.05 13:24:52;2018.04.05 13:24:52;1;2018.04.05 13:23:00;2018.04.05 13:24:00;0.46;0.034369;43.8818;15.7047;26.2796;1323.88;true;ALLOW;FIRST;BUY;2;M2;061a1bb47c5bc7768f66cc9dec291d5c5e8b7135;C2_M2_IMPLEMENTATION_REPAIR_SPEC_V1;C2M2_REPAIR_V1
C2M2_DECISION;1343;3;4;2018.04.23 13:55:03;2018.04.23 13:55:03;1;2018.04.23 13:54:00;2018.04.23 13:55:00;0.51;0.038435;40.2223;7.8982;23.6963;1323.68;true;ALLOW;FIRST;BUY;2;M2;061a1bb47c5bc7768f66cc9dec291d5c5e8b7135;C2_M2_IMPLEMENTATION_REPAIR_SPEC_V1;C2M2_REPAIR_V1
C2M2_DECISION;1344;3;4;2018.04.25 12:00:06;2018.04.25 12:00:06;1;2018.04.25 11:59:00;2018.04.25 12:00:00;0.39;0.029492;41.8781;12.4617;27.0530;1320.68;true;ALLOW;FIRST;BUY;2;M2;061a1bb47c5bc7768f66cc9dec291d5c5e8b7135;C2_M2_IMPLEMENTATION_REPAIR_SPEC_V1;C2M2_REPAIR_V1
C2M2_DECISION;1349;3;4;2018.04.30 14:00:00;2018.04.30 14:00:00;1;2018.04.30 11:59:00;2018.04.30 12:00:00;0.25;0.019049;35.8808;24.3243;17.7207;1313.70;true;ALLOW;FIRST;BUY;2;M2;061a1bb47c5bc7768f66cc9dec291d5c5e8b7135;C2_M2_IMPLEMENTATION_REPAIR_SPEC_V1;C2M2_REPAIR_V1
C2M2_DECISION;1358;3;4;2018.05.08 13:32:15;2018.05.08 13:32:15;1;2018.05.08 13:31:00;2018.05.08 13:32:00;0.40;0.030679;26.9353;7.1683;27.8835;1308.72;true;ALLOW;FIRST;BUY;2;M2;061a1bb47c5bc7768f66cc9dec291d5c5e8b7135;C2_M2_IMPLEMENTATION_REPAIR_SPEC_V1;C2M2_REPAIR_V1
C2M2_DECISION;1366;3;4;2018.05.15 13:00:00;2018.05.15 13:00:00;1;2018.05.15 11:59:00;2018.05.15 12:00:00;0.25;0.018766;26.8279;17.8456;24.0481;1306.91;true;ALLOW;FIRST;BUY;2;M2;061a1bb47c5bc7768f66cc9dec291d5c5e8b7135;C2_M2_IMPLEMENTATION_REPAIR_SPEC_V1;C2M2_REPAIR_V1
C2M2_DECISION;1378;3;4;2018.05.29 13:03:06;2018.05.29 13:03:06;1;2018.05.29 13:02:00;2018.05.29 13:03:00;0.53;0.040489;27.0594;21.5271;23.1811;1297.27;true;ALLOW;FIRST;BUY;2;M2;061a1bb47c5bc7768f66cc9dec291d5c5e8b7135;C2_M2_IMPLEMENTATION_REPAIR_SPEC_V1;C2M2_REPAIR_V1
C2M2_DECISION;1401;3;4;2018.06.13 08:20:59;2018.06.13 08:20:59;1;2018.06.13 08:19:00;2018.06.13 08:20:00;0.19;0.014610;18.3240;21.1101;25.0525;1293.63;true;ALLOW;FIRST;BUY;2;M2;061a1bb47c5bc7768f66cc9dec291d5c5e8b7135;C2_M2_IMPLEMENTATION_REPAIR_SPEC_V1;C2M2_REPAIR_V1
C2M2_DECISION;1406;3;4;2018.06.19 07:00:00;2018.06.19 07:00:00;1;2018.06.19 05:59:00;2018.06.19 06:00:00;0.22;0.017036;21.4761;15.0118;10.4439;1282.60;true;ALLOW;FIRST;BUY;2;M2;061a1bb47c5bc7768f66cc9dec291d5c5e8b7135;C2_M2_IMPLEMENTATION_REPAIR_SPEC_V1;C2M2_REPAIR_V1
C2M2_DECISION;1410;3;4;2018.06.21 05:14:06;2018.06.21 05:14:06;1;2018.06.21 05:13:00;2018.06.21 05:14:00;0.14;0.011384;45.6056;11.0389;34.4124;1264.92;true;ALLOW;FIRST;BUY;2;M2;061a1bb47c5bc7768f66cc9dec291d5c5e8b7135;C2_M2_IMPLEMENTATION_REPAIR_SPEC_V1;C2M2_REPAIR_V1
C2M2_DECISION;1413;3;4;2018.06.26 08:02:55;2018.06.26 08:02:55;1;2018.06.26 08:01:00;2018.06.26 08:02:00;0.49;0.038669;65.9616;3.0635;39.5843;1260.07;true;ALLOW;FIRST;BUY;2;M2;061a1bb47c5bc7768f66cc9dec291d5c5e8b7135;C2_M2_IMPLEMENTATION_REPAIR_SPEC_V1;C2M2_REPAIR_V1
C2M2_DECISION;1414;3;4;2018.06.27 02:03:00;2018.06.27 02:03:00;1;2018.06.27 02:02:00;2018.06.27 02:03:00;0.36;0.028377;33.1438;10.9343;33.6895;1254.52;false;INVALID;FIRST;BUY;2;M2;061a1bb47c5bc7768f66cc9dec291d5c5e8b7135;C2_M2_IMPLEMENTATION_REPAIR_SPEC_V1;C2M2_REPAIR_V1
C2M2_DECISION;1420;3;4;2018.07.04 01:34:10;2018.07.04 01:34:10;1;2018.07.04 01:33:00;2018.07.04 01:34:00;0.57;0.045627;54.0394;43.1621;9.9475;1259.13;true;ALLOW;FIRST;SELL;2;M2;061a1bb47c5bc7768f66cc9dec291d5c5e8b7135;C2_M2_IMPLEMENTATION_REPAIR_SPEC_V1;C2M2_REPAIR_V1
C2M2_DECISION;1429;3;4;2018.07.10 06:20:08;2018.07.10 06:20:08;1;2018.07.10 06:19:00;2018.07.10 06:20:00;0.52;0.041602;43.8780;6.5828;41.8259;1255.35;true;ALLOW;FIRST;BUY;2;M2;061a1bb47c5bc7768f66cc9dec291d5c5e8b7135;C2_M2_IMPLEMENTATION_REPAIR_SPEC_V1;C2M2_REPAIR_V1
C2M2_DECISION;1434;3;4;2018.07.18 08:12:54;2018.07.18 08:12:54;1;2018.07.18 08:11:00;2018.07.18 08:12:00;0.38;0.031283;42.0594;9.3056;30.6795;1222.72;true;ALLOW;FIRST;BUY;2;M2;061a1bb47c5bc7768f66cc9dec291d5c5e8b7135;C2_M2_IMPLEMENTATION_REPAIR_SPEC_V1;C2M2_REPAIR_V1
C2M2_DECISION;1436;3;4;2018.07.19 07:37:24;2018.07.19 07:37:24;1;2018.07.19 07:36:00;2018.07.19 07:37:00;0.51;0.042182;49.7731;5.2951;31.1001;1220.32;true;ALLOW;FIRST;BUY;2;M2;061a1bb47c5bc7768f66cc9dec291d5c5e8b7135;C2_M2_IMPLEMENTATION_REPAIR_SPEC_V1;C2M2_REPAIR_V1
C2M2_DECISION;1442;3;4;2018.07.26 07:30:30;2018.07.26 07:30:30;1;2018.07.26 07:29:00;2018.07.26 07:30:00;0.40;0.032392;35.5336;7.3826;41.4186;1228.70;true;ALLOW;FIRST;BUY;2;M2;061a1bb47c5bc7768f66cc9dec291d5c5e8b7135;C2_M2_IMPLEMENTATION_REPAIR_SPEC_V1;C2M2_REPAIR_V1
C2M2_DECISION;1452;3;4;2018.08.08 12:44:01;2018.08.08 12:44:01;1;2018.08.08 12:43:00;2018.08.08 12:44:00;0.41;0.033592;47.6968;7.5034;33.4481;1207.12;true;ALLOW;FIRST;BUY;2;M2;061a1bb47c5bc7768f66cc9dec291d5c5e8b7135;C2_M2_IMPLEMENTATION_REPAIR_SPEC_V1;C2M2_REPAIR_V1
C2M2_DECISION;1454;3;4;2018.08.10 06:05:05;2018.08.10 06:05:05;1;2018.08.10 06:04:00;2018.08.10 06:05:00;0.37;0.030912;39.2294;8.4923;28.9967;1207.47;true;ALLOW;FIRST;BUY;2;M2;061a1bb47c5bc7768f66cc9dec291d5c5e8b7135;C2_M2_IMPLEMENTATION_REPAIR_SPEC_V1;C2M2_REPAIR_V1
C2M2_DECISION;1455;3;4;2018.08.13 09:56:27;2018.08.13 09:56:27;1;2018.08.13 09:55:00;2018.08.13 09:56:00;0.38;0.031813;47.7479;7.3309;36.2830;1202.35;true;ALLOW;FIRST;BUY;2;M2;061a1bb47c5bc7768f66cc9dec291d5c5e8b7135;C2_M2_IMPLEMENTATION_REPAIR_SPEC_V1;C2M2_REPAIR_V1
C2M2_DECISION;1457;3;4;2018.08.15 00:59:38;2018.08.15 00:59:38;1;2018.08.15 00:58:00;2018.08.15 00:59:00;0.19;0.016158;19.3833;19.8928;31.4060;1192.90;true;ALLOW;FIRST;BUY;2;M2;061a1bb47c5bc7768f66cc9dec291d5c5e8b7135;C2_M2_IMPLEMENTATION_REPAIR_SPEC_V1;C2M2_REPAIR_V1
C2M2_DECISION;1463;3;4;2018.08.22 12:14:51;2018.08.22 12:14:51;1;2018.08.22 12:13:00;2018.08.22 12:14:00;0.34;0.028440;26.7890;26.5286;14.2682;1199.02;true;ALLOW;FIRST;SELL;2;M2;061a1bb47c5bc7768f66cc9dec291d5c5e8b7135;C2_M2_IMPLEMENTATION_REPAIR_SPEC_V1;C2M2_REPAIR_V1
C2M2_DECISION;1464;3;4;2018.08.23 07:03:33;2018.08.23 07:03:33;1;2018.08.23 07:02:00;2018.08.23 07:03:00;0.84;0.070503;55.1515;4.7849;28.3195;1189.31;true;VETO;FIRST;BUY;2;M2;061a1bb47c5bc7768f66cc9dec291d5c5e8b7135;C2_M2_IMPLEMENTATION_REPAIR_SPEC_V1;C2M2_REPAIR_V1
C2M2_DECISION;1466;3;4;2018.08.28 08:10:52;2018.08.28 08:10:52;1;2018.08.28 08:09:00;2018.08.28 08:10:00;0.37;0.030375;26.4139;40.4614;11.0896;1212.34;true;ALLOW;FIRST;SELL;2;M2;061a1bb47c5bc7768f66cc9dec291d5c5e8b7135;C2_M2_IMPLEMENTATION_REPAIR_SPEC_V1;C2M2_REPAIR_V1
C2M2_DECISION;1469;3;4;2018.08.31 07:05:36;2018.08.31 07:05:36;1;2018.08.31 07:04:00;2018.08.31 07:05:00;0.37;0.030941;45.9542;28.2373;5.7004;1205.52;true;ALLOW;FIRST;SELL;2;M2;061a1bb47c5bc7768f66cc9dec291d5c5e8b7135;C2_M2_IMPLEMENTATION_REPAIR_SPEC_V1;C2M2_REPAIR_V1
C2M2_DECISION;1481;3;4;2018.09.11 12:42:50;2018.09.11 12:42:50;1;2018.09.11 12:41:00;2018.09.11 12:42:00;0.64;0.053750;57.5525;3.9453;34.7509;1188.85;true;VETO;FIRST;BUY;2;M2;061a1bb47c5bc7768f66cc9dec291d5c5e8b7135;C2_M2_IMPLEMENTATION_REPAIR_SPEC_V1;C2M2_REPAIR_V1
C2M2_DECISION;1489;3;4;2018.09.17 13:25:02;2018.09.17 13:25:02;1;2018.09.17 13:24:00;2018.09.17 13:25:00;0.31;0.025862;29.3278;27.2890;14.6252;1200.61;true;ALLOW;FIRST;SELL;2;M2;061a1bb47c5bc7768f66cc9dec291d5c5e8b7135;C2_M2_IMPLEMENTATION_REPAIR_SPEC_V1;C2M2_REPAIR_V1
C2M2_DECISION;1505;3;4;2018.10.03 07:00:08;2018.10.03 07:00:08;1;2018.10.03 05:59:00;2018.10.03 06:00:00;0.13;0.011028;34.0259;31.6624;7.6365;1206.03;true;ALLOW;FIRST;BUY;2;M2;061a1bb47c5bc7768f66cc9dec291d5c5e8b7135;C2_M2_IMPLEMENTATION_REPAIR_SPEC_V1;C2M2_REPAIR_V1
C2M2_DECISION;1508;3;4;2018.10.08 07:45:22;2018.10.08 07:45:22;1;2018.10.08 07:44:00;2018.10.08 07:45:00;0.29;0.024093;19.0122;14.1140;31.2558;1195.39;true;ALLOW;FIRST;BUY;2;M2;061a1bb47c5bc7768f66cc9dec291d5c5e8b7135;C2_M2_IMPLEMENTATION_REPAIR_SPEC_V1;C2M2_REPAIR_V1
C2M2_DECISION;1523;3;4;2018.10.25 09:00:06;2018.10.25 09:00:06;1;2018.10.25 04:59:00;2018.10.25 05:00:00;0.10;0.008327;14.6651;29.4970;17.7996;1236.88;true;ALLOW;FIRST;BUY;2;M2;061a1bb47c5bc7768f66cc9dec291d5c5e8b7135;C2_M2_IMPLEMENTATION_REPAIR_SPEC_V1;C2M2_REPAIR_V1
C2M2_DECISION;1527;3;4;2018.10.31 13:08:17;2018.10.31 13:08:17;1;2018.10.31 13:07:00;2018.10.31 13:08:00;0.56;0.046218;41.9581;9.9185;46.4380;1214.89;true;ALLOW;FIRST;BUY;2;M2;061a1bb47c5bc7768f66cc9dec291d5c5e8b7135;C2_M2_IMPLEMENTATION_REPAIR_SPEC_V1;C2M2_REPAIR_V1
C2M2_DECISION;1571;3;4;2018.12.19 20:00:00;2018.12.19 20:00:00;1;2018.12.19 18:59:00;2018.12.19 19:00:00;0.71;0.056732;19.2842;19.0394;15.1346;1251.49;true;ALLOW;FIRST;BUY;2;M2;061a1bb47c5bc7768f66cc9dec291d5c5e8b7135;C2_M2_IMPLEMENTATION_REPAIR_SPEC_V1;C2M2_REPAIR_V1
C2M2_DECISION;1577;3;4;2019.01.04 13:30:02;2019.01.04 13:30:02;1;2019.01.04 13:29:00;2019.01.04 13:30:00;0.33;0.025308;47.0884;16.9537;24.6178;1290.11;true;ALLOW;FIRST;BUY;2;M2;061a1bb47c5bc7768f66cc9dec291d5c5e8b7135;C2_M2_IMPLEMENTATION_REPAIR_SPEC_V1;C2M2_REPAIR_V1
C2M2_DECISION;1579;3;4;2019.01.08 05:00:00;2019.01.08 05:00:00;1;2019.01.08 03:59:00;2019.01.08 04:00:00;0.21;0.016222;50.8298;18.0579;24.7906;1283.73;true;ALLOW;FIRST;BUY;2;M2;061a1bb47c5bc7768f66cc9dec291d5c5e8b7135;C2_M2_IMPLEMENTATION_REPAIR_SPEC_V1;C2M2_REPAIR_V1
C2M2_DECISION;1594;3;4;2019.01.18 08:43:26;2019.01.18 08:43:26;1;2019.01.18 08:42:00;2019.01.18 08:43:00;0.23;0.017974;58.9932;3.1507;26.8980;1288.01;true;ALLOW;FIRST;BUY;2;M2;061a1bb47c5bc7768f66cc9dec291d5c5e8b7135;C2_M2_IMPLEMENTATION_REPAIR_SPEC_V1;C2M2_REPAIR_V1
C2M2_DECISION;1602;3;4;2019.02.07 01:55:16;2019.02.07 01:55:16;1;2019.02.07 01:54:00;2019.02.07 01:55:00;0.14;0.010843;36.0914;12.5645;24.5524;1305.00;true;ALLOW;FIRST;BUY;2;M2;061a1bb47c5bc7768f66cc9dec291d5c5e8b7135;C2_M2_IMPLEMENTATION_REPAIR_SPEC_V1;C2M2_REPAIR_V1
C2M2_DECISION;1603;3;4;2019.02.08 07:12:59;2019.02.08 07:12:59;1;2019.02.08 07:11:00;2019.02.08 07:12:00;0.20;0.015270;23.3881;31.7461;21.0054;1308.14;true;ALLOW;FIRST;BUY;2;M2;061a1bb47c5bc7768f66cc9dec291d5c5e8b7135;C2_M2_IMPLEMENTATION_REPAIR_SPEC_V1;C2M2_REPAIR_V1
C2M2_DECISION;1606;3;4;2019.02.12 00:04:17;2019.02.12 00:04:17;1;2019.02.12 00:03:00;2019.02.12 00:04:00;0.23;0.017406;37.3116;7.6384;42.5479;1306.99;true;ALLOW;FIRST;BUY;2;M2;061a1bb47c5bc7768f66cc9dec291d5c5e8b7135;C2_M2_IMPLEMENTATION_REPAIR_SPEC_V1;C2M2_REPAIR_V1
C2M2_DECISION;1608;3;4;2019.02.12 20:56:45;2019.02.12 20:56:45;1;2019.02.12 20:55:00;2019.02.12 20:56:00;0.14;0.010622;25.0587;20.4954;20.0615;1310.96;true;ALLOW;FIRST;BUY;2;M2;061a1bb47c5bc7768f66cc9dec291d5c5e8b7135;C2_M2_IMPLEMENTATION_REPAIR_SPEC_V1;C2M2_REPAIR_V1
C2M2_DECISION;1610;3;4;2019.02.13 19:30:47;2019.02.13 19:30:47;1;2019.02.13 19:29:00;2019.02.13 19:30:00;0.20;0.015153;71.2006;2.7854;26.3169;1308.30;true;ALLOW;FIRST;BUY;2;M2;061a1bb47c5bc7768f66cc9dec291d5c5e8b7135;C2_M2_IMPLEMENTATION_REPAIR_SPEC_V1;C2M2_REPAIR_V1
C2M2_DECISION;1614;3;4;2019.02.18 07:54:18;2019.02.18 07:54:18;1;2019.02.18 07:53:00;2019.02.18 07:54:00;0.16;0.012044;57.2505;5.6371;43.0014;1322.21;true;ALLOW;FIRST;BUY;2;M2;061a1bb47c5bc7768f66cc9dec291d5c5e8b7135;C2_M2_IMPLEMENTATION_REPAIR_SPEC_V1;C2M2_REPAIR_V1
C2M2_DECISION;1620;3;4;2019.02.21 20:53:42;2019.02.21 20:53:42;1;2019.02.21 20:52:00;2019.02.21 20:53:00;0.16;0.011950;21.5558;22.5397;25.3041;1324.22;true;ALLOW;FIRST;BUY;2;M2;061a1bb47c5bc7768f66cc9dec291d5c5e8b7135;C2_M2_IMPLEMENTATION_REPAIR_SPEC_V1;C2M2_REPAIR_V1
C2M2_DECISION;1625;3;4;2019.02.27 16:32:42;2019.02.27 16:32:42;1;2019.02.27 16:31:00;2019.02.27 16:32:00;0.32;0.023926;36.4447;15.0794;38.4837;1320.76;true;ALLOW;FIRST;BUY;2;M2;061a1bb47c5bc7768f66cc9dec291d5c5e8b7135;C2_M2_IMPLEMENTATION_REPAIR_SPEC_V1;C2M2_REPAIR_V1
C2M2_DECISION;1628;3;4;2019.03.04 05:53:11;2019.03.04 05:53:11;1;2019.03.04 05:52:00;2019.03.04 05:53:00;0.15;0.011584;26.4755;14.9830;23.8965;1294.84;true;ALLOW;FIRST;BUY;2;M2;061a1bb47c5bc7768f66cc9dec291d5c5e8b7135;C2_M2_IMPLEMENTATION_REPAIR_SPEC_V1;C2M2_REPAIR_V1
C2M2_DECISION;1631;3;4;2019.03.11 06:27:01;2019.03.11 06:27:01;1;2019.03.11 06:26:00;2019.03.11 06:27:00;0.16;0.011991;43.1547;30.5308;8.1078;1298.86;true;ALLOW;FIRST;SELL;2;M2;061a1bb47c5bc7768f66cc9dec291d5c5e8b7135;C2_M2_IMPLEMENTATION_REPAIR_SPEC_V1;C2M2_REPAIR_V1
C2M2_DECISION;1632;3;4;2019.03.12 05:38:36;2019.03.12 05:38:36;1;2019.03.12 05:37:00;2019.03.12 05:38:00;0.17;0.013030;18.1486;24.2988;19.6632;1296.99;true;ALLOW;FIRST;SELL;2;M2;061a1bb47c5bc7768f66cc9dec291d5c5e8b7135;C2_M2_IMPLEMENTATION_REPAIR_SPEC_V1;C2M2_REPAIR_V1
C2M2_DECISION;1639;3;4;2019.03.14 09:33:12;2019.03.14 09:33:12;1;2019.03.14 09:32:00;2019.03.14 09:33:00;0.59;0.045738;42.7206;6.8499;43.7811;1299.26;true;ALLOW;FIRST;BUY;2;M2;061a1bb47c5bc7768f66cc9dec291d5c5e8b7135;C2_M2_IMPLEMENTATION_REPAIR_SPEC_V1;C2M2_REPAIR_V1
C2M2_DECISION;1646;3;4;2019.03.22 05:15:42;2019.03.22 05:15:42;1;2019.03.22 05:14:00;2019.03.22 05:15:00;0.07;0.005352;49.8933;10.2859;46.2675;1307.81;true;ALLOW;FIRST;BUY;2;M2;061a1bb47c5bc7768f66cc9dec291d5c5e8b7135;C2_M2_IMPLEMENTATION_REPAIR_SPEC_V1;C2M2_REPAIR_V1
C2M2_DECISION;1658;3;4;2019.04.04 12:20:09;2019.04.04 12:20:09;1;2019.04.04 12:19:00;2019.04.04 12:20:00;0.45;0.035042;42.8498;13.9807;24.2251;1287.03;true;ALLOW;FIRST;BUY;2;M2;061a1bb47c5bc7768f66cc9dec291d5c5e8b7135;C2_M2_IMPLEMENTATION_REPAIR_SPEC_V1;C2M2_REPAIR_V1
C2M2_DECISION;1659;3;4;2019.04.05 03:37:53;2019.04.05 03:37:53;1;2019.04.05 03:36:00;2019.04.05 03:37:00;0.00;0.000155;45.9156;13.8257;11.7554;1289.28;true;ALLOW;FIRST;BUY;2;M2;061a1bb47c5bc7768f66cc9dec291d5c5e8b7135;C2_M2_IMPLEMENTATION_REPAIR_SPEC_V1;C2M2_REPAIR_V1
C2M2_DECISION;1661;3;4;2019.04.05 20:27:53;2019.04.05 20:27:53;1;2019.04.05 20:26:00;2019.04.05 20:27:00;0.06;0.004704;16.3332;15.7228;29.2582;1291.40;true;ALLOW;FIRST;BUY;2;M2;061a1bb47c5bc7768f66cc9dec291d5c5e8b7135;C2_M2_IMPLEMENTATION_REPAIR_SPEC_V1;C2M2_REPAIR_V1
C2M2_DECISION;1666;3;4;2019.04.15 08:08:41;2019.04.15 08:08:41;1;2019.04.15 08:07:00;2019.04.15 08:08:00;0.34;0.026627;21.7538;14.6846;37.1412;1286.28;true;ALLOW;FIRST;BUY;2;M2;061a1bb47c5bc7768f66cc9dec291d5c5e8b7135;C2_M2_IMPLEMENTATION_REPAIR_SPEC_V1;C2M2_REPAIR_V1
C2M2_DECISION;1668;3;4;2019.04.24 01:00:44;2019.04.24 01:00:44;1;2019.04.24 00:59:00;2019.04.24 01:00:00;0.12;0.009189;36.9724;8.7497;36.7262;1270.49;true;ALLOW;FIRST;BUY;2;M2;061a1bb47c5bc7768f66cc9dec291d5c5e8b7135;C2_M2_IMPLEMENTATION_REPAIR_SPEC_V1;C2M2_REPAIR_V1
C2M2_DECISION;1672;3;4;2019.04.29 07:00:51;2019.04.29 07:00:51;1;2019.04.29 06:59:00;2019.04.29 07:00:00;0.14;0.010830;28.2796;21.6847;27.0648;1283.53;true;ALLOW;FIRST;BUY;2;M2;061a1bb47c5bc7768f66cc9dec291d5c5e8b7135;C2_M2_IMPLEMENTATION_REPAIR_SPEC_V1;C2M2_REPAIR_V1
C2M2_DECISION;1679;3;4;2019.05.02 02:00:02;2019.05.02 02:00:02;1;2019.05.02 01:59:00;2019.05.02 02:00:00;0.11;0.008689;17.7739;16.7731;34.2842;1274.59;true;ALLOW;FIRST;BUY;2;M2;061a1bb47c5bc7768f66cc9dec291d5c5e8b7135;C2_M2_IMPLEMENTATION_REPAIR_SPEC_V1;C2M2_REPAIR_V1
C2M2_DECISION;1692;3;4;2019.05.13 07:00:01;2019.05.13 07:00:01;1;2019.05.13 06:59:00;2019.05.13 07:00:00;0.24;0.018714;29.6161;11.7157;32.1840;1282.47;true;ALLOW;FIRST;BUY;2;M2;061a1bb47c5bc7768f66cc9dec291d5c5e8b7135;C2_M2_IMPLEMENTATION_REPAIR_SPEC_V1;C2M2_REPAIR_V1
C2M2_DECISION;1693;3;4;2019.05.16 12:30:03;2019.05.16 12:30:03;1;2019.05.16 12:29:00;2019.05.16 12:30:00;0.46;0.035551;20.6590;30.7340;20.4121;1293.90;true;ALLOW;FIRST;BUY;2;M2;061a1bb47c5bc7768f66cc9dec291d5c5e8b7135;C2_M2_IMPLEMENTATION_REPAIR_SPEC_V1;C2M2_REPAIR_V1
C2M2_DECISION;1696;3;4;2019.05.21 11:23:02;2019.05.21 11:23:02;1;2019.05.21 11:22:00;2019.05.21 11:23:00;0.76;0.059512;22.8543;15.1001;31.6446;1272.85;true;ALLOW;FIRST;BUY;2;M2;061a1bb47c5bc7768f66cc9dec291d5c5e8b7135;C2_M2_IMPLEMENTATION_REPAIR_SPEC_V1;C2M2_REPAIR_V1
C2M2_DECISION;1702;3;4;2019.05.24 12:34:35;2019.05.24 12:34:35;1;2019.05.24 12:33:00;2019.05.24 12:34:00;0.43;0.033548;37.8867;31.4612;9.1830;1283.98;true;ALLOW;FIRST;SELL;2;M2;061a1bb47c5bc7768f66cc9dec291d5c5e8b7135;C2_M2_IMPLEMENTATION_REPAIR_SPEC_V1;C2M2_REPAIR_V1
C2M2_DECISION;1706;3;4;2019.05.29 06:25:55;2019.05.29 06:25:55;1;2019.05.29 06:24:00;2019.05.29 06:25:00;0.14;0.011240;23.0206;16.9554;49.1352;1281.10;true;ALLOW;FIRST;SELL;2;M2;061a1bb47c5bc7768f66cc9dec291d5c5e8b7135;C2_M2_IMPLEMENTATION_REPAIR_SPEC_V1;C2M2_REPAIR_V1
C2M2_DECISION;1709;3;4;2019.06.03 06:38:12;2019.06.03 06:38:12;1;2019.06.03 06:37:00;2019.06.03 06:38:00;0.31;0.023277;36.2988;14.8579;32.1381;1310.29;true;ALLOW;FIRST;BUY;2;M2;061a1bb47c5bc7768f66cc9dec291d5c5e8b7135;C2_M2_IMPLEMENTATION_REPAIR_SPEC_V1;C2M2_REPAIR_V1
C2M2_DECISION;1719;3;4;2019.06.09 22:07:11;2019.06.09 22:07:11;1;2019.06.09 22:06:00;2019.06.09 22:07:00;0.67;0.049894;43.1288;7.1831;26.5659;1334.34;true;ALLOW;FIRST;BUY;2;M2;061a1bb47c5bc7768f66cc9dec291d5c5e8b7135;C2_M2_IMPLEMENTATION_REPAIR_SPEC_V1;C2M2_REPAIR_V1
C2M2_DECISION;1720;3;4;2019.06.10 06:33:57;2019.06.10 06:33:57;1;2019.06.10 06:32:00;2019.06.10 06:33:00;0.40;0.030026;26.9221;14.0129;31.6020;1326.34;true;ALLOW;FIRST;BUY;2;M2;061a1bb47c5bc7768f66cc9dec291d5c5e8b7135;C2_M2_IMPLEMENTATION_REPAIR_SPEC_V1;C2M2_REPAIR_V1
C2M2_DECISION;1724;3;4;2019.06.12 05:49:44;2019.06.12 05:49:44;1;2019.06.12 05:48:00;2019.06.12 05:49:00;0.24;0.018047;35.5951;42.3674;10.3720;1334.02;true;ALLOW;FIRST;SELL;2;M2;061a1bb47c5bc7768f66cc9dec291d5c5e8b7135;C2_M2_IMPLEMENTATION_REPAIR_SPEC_V1;C2M2_REPAIR_V1
C2M2_DECISION;1728;3;4;2019.06.17 06:50:02;2019.06.17 06:50:02;1;2019.06.17 06:49:00;2019.06.17 06:50:00;0.33;0.024663;25.5554;19.1295;29.9479;1338.05;true;ALLOW;FIRST;BUY;2;M2;061a1bb47c5bc7768f66cc9dec291d5c5e8b7135;C2_M2_IMPLEMENTATION_REPAIR_SPEC_V1;C2M2_REPAIR_V1
C2M2_DECISION;1730;3;4;2019.06.18 05:47:23;2019.06.18 05:47:23;1;2019.06.18 05:46:00;2019.06.18 05:47:00;0.46;0.033985;39.1391;39.4621;7.0903;1343.97;true;ALLOW;FIRST;SELL;2;M2;061a1bb47c5bc7768f66cc9dec291d5c5e8b7135;C2_M2_IMPLEMENTATION_REPAIR_SPEC_V1;C2M2_REPAIR_V1
C2M2_DECISION;1743;3;4;2019.06.28 01:03:26;2019.06.28 01:03:26;1;2019.06.28 01:02:00;2019.06.28 01:03:00;1.10;0.077614;28.5245;39.0179;13.0775;1417.27;true;ALLOW;FIRST;SELL;2;M2;061a1bb47c5bc7768f66cc9dec291d5c5e8b7135;C2_M2_IMPLEMENTATION_REPAIR_SPEC_V1;C2M2_REPAIR_V1
C2M2_DECISION;1762;3;4;2019.07.17 23:39:42;2019.07.17 23:39:42;1;2019.07.17 23:38:00;2019.07.17 23:39:00;0.17;0.011863;38.1301;39.3082;10.9777;1426.67;true;ALLOW;FIRST;SELL;2;M2;061a1bb47c5bc7768f66cc9dec291d5c5e8b7135;C2_M2_IMPLEMENTATION_REPAIR_SPEC_V1;C2M2_REPAIR_V1
C2M2_DECISION;1765;3;4;2019.07.23 00:49:10;2019.07.23 00:49:10;1;2019.07.23 00:48:00;2019.07.23 00:49:00;0.29;0.020476;47.0600;10.2962;32.9650;1421.17;true;ALLOW;FIRST;BUY;2;M2;061a1bb47c5bc7768f66cc9dec291d5c5e8b7135;C2_M2_IMPLEMENTATION_REPAIR_SPEC_V1;C2M2_REPAIR_V1
C2M2_DECISION;1768;3;4;2019.07.25 00:33:11;2019.07.25 00:33:11;1;2019.07.25 00:32:00;2019.07.25 00:33:00;0.23;0.016332;29.8220;10.4157;24.4238;1423.61;true;ALLOW;FIRST;BUY;2;M2;061a1bb47c5bc7768f66cc9dec291d5c5e8b7135;C2_M2_IMPLEMENTATION_REPAIR_SPEC_V1;C2M2_REPAIR_V1
C2M2_DECISION;1790;3;4;2019.08.16 09:12:01;2019.08.16 09:12:01;1;2019.08.16 09:11:00;2019.08.16 09:12:00;1.05;0.069714;31.8308;9.3542;30.1445;1507.59;true;ALLOW;FIRST;BUY;2;M2;061a1bb47c5bc7768f66cc9dec291d5c5e8b7135;C2_M2_IMPLEMENTATION_REPAIR_SPEC_V1;C2M2_REPAIR_V1
C2M2_DECISION;1809;3;4;2019.08.30 00:09:45;2019.08.30 00:09:45;1;2019.08.30 00:08:00;2019.08.30 00:09:00;0.87;0.056821;39.1667;10.4098;52.2784;1525.40;true;ALLOW;FIRST;BUY;2;M2;061a1bb47c5bc7768f66cc9dec291d5c5e8b7135;C2_M2_IMPLEMENTATION_REPAIR_SPEC_V1;C2M2_REPAIR_V1
C2M2_DECISION;1814;3;4;2019.09.05 14:22:14;2019.09.05 14:22:14;1;2019.09.05 14:21:00;2019.09.05 14:22:00;2.95;0.194824;72.6864;1.7327;38.3989;1514.19;true;VETO;FIRST;BUY;2;M2;061a1bb47c5bc7768f66cc9dec291d5c5e8b7135;C2_M2_IMPLEMENTATION_REPAIR_SPEC_V1;C2M2_REPAIR_V1
C2M2_DECISION;1833;3;4;2019.10.18 11:00:00;2019.10.18 11:00:00;1;2019.10.18 09:59:00;2019.10.18 10:00:00;0.19;0.012765;38.5849;17.4800;14.1490;1488.45;true;ALLOW;FIRST;BUY;2;M2;061a1bb47c5bc7768f66cc9dec291d5c5e8b7135;C2_M2_IMPLEMENTATION_REPAIR_SPEC_V1;C2M2_REPAIR_V1
C2M2_DECISION;1844;3;4;2019.10.25 17:18:27;2019.10.25 17:18:27;1;2019.10.25 17:17:00;2019.10.25 17:18:00;0.63;0.041918;28.3689;11.3808;26.8664;1501.13;true;ALLOW;FIRST;BUY;2;M2;061a1bb47c5bc7768f66cc9dec291d5c5e8b7135;C2_M2_IMPLEMENTATION_REPAIR_SPEC_V1;C2M2_REPAIR_V1
C2M2_DECISION;1845;3;4;2019.10.28 13:48:15;2019.10.28 13:48:15;1;2019.10.28 13:47:00;2019.10.28 13:48:00;0.90;0.060424;57.6719;3.2861;28.7022;1492.37;true;VETO;FIRST;BUY;2;M2;061a1bb47c5bc7768f66cc9dec291d5c5e8b7135;C2_M2_IMPLEMENTATION_REPAIR_SPEC_V1;C2M2_REPAIR_V1
C2M2_DECISION;1851;3;4;2019.11.07 15:26:08;2019.11.07 15:26:08;1;2019.11.07 15:25:00;2019.11.07 15:26:00;0.57;0.038221;46.3912;11.8448;35.6729;1481.52;true;ALLOW;FIRST;BUY;2;M2;061a1bb47c5bc7768f66cc9dec291d5c5e8b7135;C2_M2_IMPLEMENTATION_REPAIR_SPEC_V1;C2M2_REPAIR_V1
C2M2_DECISION;1854;3;4;2019.11.08 21:05:10;2019.11.08 21:05:10;1;2019.11.08 21:04:00;2019.11.08 21:05:00;0.25;0.017417;25.7421;8.6478;19.8543;1458.34;true;ALLOW;FIRST;BUY;2;M2;061a1bb47c5bc7768f66cc9dec291d5c5e8b7135;C2_M2_IMPLEMENTATION_REPAIR_SPEC_V1;C2M2_REPAIR_V1
C2M2_DECISION;1855;3;4;2019.11.11 15:12:58;2019.11.11 15:12:58;1;2019.11.11 15:11:00;2019.11.11 15:12:00;1.12;0.077114;60.0454;10.8497;48.3920;1454.67;true;VETO;FIRST;BUY;2;M2;061a1bb47c5bc7768f66cc9dec291d5c5e8b7135;C2_M2_IMPLEMENTATION_REPAIR_SPEC_V1;C2M2_REPAIR_V1
C2M2_DECISION;1873;3;4;2019.11.26 14:40:36;2019.11.26 14:40:36;1;2019.11.26 14:39:00;2019.11.26 14:40:00;0.50;0.034494;35.2709;7.9762;25.6450;1453.86;true;ALLOW;FIRST;BUY;2;M2;061a1bb47c5bc7768f66cc9dec291d5c5e8b7135;C2_M2_IMPLEMENTATION_REPAIR_SPEC_V1;C2M2_REPAIR_V1
C2M2_DECISION;1874;3;4;2019.11.27 13:30:19;2019.11.27 13:30:19;1;2019.11.27 13:29:00;2019.11.27 13:30:00;0.35;0.023687;32.7600;28.7969;13.5064;1456.47;true;ALLOW;FIRST;BUY;2;M2;061a1bb47c5bc7768f66cc9dec291d5c5e8b7135;C2_M2_IMPLEMENTATION_REPAIR_SPEC_V1;C2M2_REPAIR_V1
C2M2_DECISION;1875;3;4;2019.12.02 09:00:00;2019.12.02 09:00:00;1;2019.12.02 07:59:00;2019.12.02 08:00:00;0.21;0.014567;19.9628;25.8513;27.5272;1458.80;true;ALLOW;FIRST;BUY;2;M2;061a1bb47c5bc7768f66cc9dec291d5c5e8b7135;C2_M2_IMPLEMENTATION_REPAIR_SPEC_V1;C2M2_REPAIR_V1
C2M2_DECISION;1879;3;4;2019.12.03 14:47:54;2019.12.03 14:47:54;1;2019.12.03 14:46:00;2019.12.03 14:47:00;0.77;0.051933;36.8124;28.8962;9.0602;1477.86;true;ALLOW;FIRST;SELL;2;M2;061a1bb47c5bc7768f66cc9dec291d5c5e8b7135;C2_M2_IMPLEMENTATION_REPAIR_SPEC_V1;C2M2_REPAIR_V1
C2M2_DECISION;1904;3;4;2020.01.07 02:08:41;2020.01.07 02:08:41;1;2020.01.07 02:07:00;2020.01.07 02:08:00;0.48;0.031101;23.8017;11.5799;31.4650;1557.04;true;ALLOW;FIRST;BUY;2;M2;061a1bb47c5bc7768f66cc9dec291d5c5e8b7135;C2_M2_IMPLEMENTATION_REPAIR_SPEC_V1;C2M2_REPAIR_V1
C2M2_DECISION;1907;3;4;2020.01.09 06:37:50;2020.01.09 06:37:50;1;2020.01.09 06:36:00;2020.01.09 06:37:00;0.76;0.049043;46.6031;8.3360;37.1666;1549.67;true;ALLOW;FIRST;BUY;2;M2;061a1bb47c5bc7768f66cc9dec291d5c5e8b7135;C2_M2_IMPLEMENTATION_REPAIR_SPEC_V1;C2M2_REPAIR_V1
C2M2_DECISION;1912;3;4;2020.01.10 21:40:52;2020.01.10 21:40:52;1;2020.01.10 21:39:00;2020.01.10 21:40:00;0.36;0.023215;25.6348;33.3389;15.8471;1561.51;true;ALLOW;FIRST;SELL;2;M2;061a1bb47c5bc7768f66cc9dec291d5c5e8b7135;C2_M2_IMPLEMENTATION_REPAIR_SPEC_V1;C2M2_REPAIR_V1
C2M2_DECISION;1914;3;4;2020.01.13 08:44:03;2020.01.13 08:44:03;1;2020.01.13 08:43:00;2020.01.13 08:44:00;0.53;0.034064;36.8243;8.8445;37.0658;1550.75;true;ALLOW;FIRST;BUY;2;M2;061a1bb47c5bc7768f66cc9dec291d5c5e8b7135;C2_M2_IMPLEMENTATION_REPAIR_SPEC_V1;C2M2_REPAIR_V1
C2M2_DECISION;1926;3;4;2020.01.22 01:20:46;2020.01.22 01:20:46;1;2020.01.22 01:19:00;2020.01.22 01:20:00;0.54;0.035005;36.0572;10.4385;33.0851;1554.78;true;ALLOW;FIRST;BUY;2;M2;061a1bb47c5bc7768f66cc9dec291d5c5e8b7135;C2_M2_IMPLEMENTATION_REPAIR_SPEC_V1;C2M2_REPAIR_V1
C2M2_DECISION;1945;3;4;2020.02.05 05:43:58;2020.02.05 05:43:58;1;2020.02.05 05:42:00;2020.02.05 05:43:00;0.44;0.028366;30.2105;34.8424;15.6804;1559.97;true;ALLOW;FIRST;SELL;2;M2;061a1bb47c5bc7768f66cc9dec291d5c5e8b7135;C2_M2_IMPLEMENTATION_REPAIR_SPEC_V1;C2M2_REPAIR_V1
C2M2_DECISION;1951;3;4;2020.02.09 23:32:11;2020.02.09 23:32:11;1;2020.02.09 23:31:00;2020.02.09 23:32:00;0.42;0.026539;50.2869;42.7158;4.6818;1573.14;true;ALLOW;FIRST;SELL;2;M2;061a1bb47c5bc7768f66cc9dec291d5c5e8b7135;C2_M2_IMPLEMENTATION_REPAIR_SPEC_V1;C2M2_REPAIR_V1
C2M2_DECISION;1954;3;4;2020.02.11 02:10:50;2020.02.11 02:10:50;1;2020.02.11 02:09:00;2020.02.11 02:10:00;0.24;0.015342;37.3816;7.7900;38.9228;1569.26;true;ALLOW;FIRST;BUY;2;M2;061a1bb47c5bc7768f66cc9dec291d5c5e8b7135;C2_M2_IMPLEMENTATION_REPAIR_SPEC_V1;C2M2_REPAIR_V1
C2M2_DECISION;1971;3;4;2020.02.25 05:46:59;2020.02.25 05:46:59;1;2020.02.25 05:45:00;2020.02.25 05:46:00;1.51;0.091968;55.2427;5.3470;40.9240;1647.31;true;VETO;FIRST;BUY;2;M2;061a1bb47c5bc7768f66cc9dec291d5c5e8b7135;C2_M2_IMPLEMENTATION_REPAIR_SPEC_V1;C2M2_REPAIR_V1
C2M2_DECISION;1993;3;4;2020.03.11 16:55:44;2020.03.11 16:55:44;1;2020.03.11 16:54:00;2020.03.11 16:55:00;1.05;0.064003;30.8049;8.1464;32.2746;1644.45;true;ALLOW;FIRST;BUY;2;M2;061a1bb47c5bc7768f66cc9dec291d5c5e8b7135;C2_M2_IMPLEMENTATION_REPAIR_SPEC_V1;C2M2_REPAIR_V1
C2M2_DECISION;1996;3;4;2020.03.18 07:42:56;2020.03.18 07:42:56;1;2020.03.18 07:41:00;2020.03.18 07:42:00;1.94;0.128996;49.1061;4.0508;28.7735;1503.15;true;VETO;FIRST;BUY;2;M2;061a1bb47c5bc7768f66cc9dec291d5c5e8b7135;C2_M2_IMPLEMENTATION_REPAIR_SPEC_V1;C2M2_REPAIR_V1
C2M2_DECISION;2031;3;4;2020.04.30 15:59:10;2020.04.30 15:59:10;1;2020.04.30 15:58:00;2020.04.30 15:59:00;1.69;0.099332;47.8992;7.8543;35.4301;1696.34;true;VETO;FIRST;BUY;2;M2;061a1bb47c5bc7768f66cc9dec291d5c5e8b7135;C2_M2_IMPLEMENTATION_REPAIR_SPEC_V1;C2M2_REPAIR_V1
C2M2_DECISION;2051;3;4;2020.05.21 14:45:26;2020.05.21 14:45:26;1;2020.05.21 14:44:00;2020.05.21 14:45:00;1.53;0.089059;51.8216;4.8949;18.3861;1720.78;true;VETO;FIRST;BUY;2;M2;061a1bb47c5bc7768f66cc9dec291d5c5e8b7135;C2_M2_IMPLEMENTATION_REPAIR_SPEC_V1;C2M2_REPAIR_V1
C2M2_DECISION;2090;3;4;2020.06.22 07:22:11;2020.06.22 07:22:11;1;2020.06.22 07:21:00;2020.06.22 07:22:00;0.77;0.043856;58.4139;7.7514;39.8394;1746.08;true;ALLOW;FIRST;BUY;2;M2;061a1bb47c5bc7768f66cc9dec291d5c5e8b7135;C2_M2_IMPLEMENTATION_REPAIR_SPEC_V1;C2M2_REPAIR_V1
C2M2_DECISION;2119;3;4;2020.07.16 09:32:17;2020.07.16 09:32:17;1;2020.07.16 09:31:00;2020.07.16 09:32:00;0.55;0.030630;50.1016;5.0112;38.9368;1804.58;true;ALLOW;FIRST;BUY;2;M2;061a1bb47c5bc7768f66cc9dec291d5c5e8b7135;C2_M2_IMPLEMENTATION_REPAIR_SPEC_V1;C2M2_REPAIR_V1
C2M2_DECISION;2143;3;4;2020.08.17 13:40:30;2020.08.17 13:40:30;1;2020.08.17 13:39:00;2020.08.17 13:40:00;1.04;0.052824;31.0960;23.0054;10.7393;1967.39;true;ALLOW;FIRST;SELL;2;M2;061a1bb47c5bc7768f66cc9dec291d5c5e8b7135;C2_M2_IMPLEMENTATION_REPAIR_SPEC_V1;C2M2_REPAIR_V1
C2M2_DECISION;2147;3;4;2020.08.19 20:21:09;2020.08.19 20:21:09;1;2020.08.19 20:20:00;2020.08.19 20:21:00;1.59;0.082384;54.2326;4.1729;37.4306;1933.93;true;VETO;FIRST;BUY;2;M2;061a1bb47c5bc7768f66cc9dec291d5c5e8b7135;C2_M2_IMPLEMENTATION_REPAIR_SPEC_V1;C2M2_REPAIR_V1
C2M2_DECISION;2150;3;4;2020.08.26 06:04:21;2020.08.26 06:04:21;1;2020.08.26 06:03:00;2020.08.26 06:04:00;0.71;0.037235;23.8997;12.9044;28.2528;1917.55;true;ALLOW;FIRST;BUY;2;M2;061a1bb47c5bc7768f66cc9dec291d5c5e8b7135;C2_M2_IMPLEMENTATION_REPAIR_SPEC_V1;C2M2_REPAIR_V1
C2M2_DECISION;2151;3;4;2020.08.27 01:16:38;2020.08.27 01:16:38;1;2020.08.27 01:15:00;2020.08.27 01:16:00;0.87;0.044899;53.0703;9.2024;32.1525;1944.90;true;ALLOW;FIRST;BUY;2;M2;061a1bb47c5bc7768f66cc9dec291d5c5e8b7135;C2_M2_IMPLEMENTATION_REPAIR_SPEC_V1;C2M2_REPAIR_V1
C2M2_DECISION;2231;3;4;2020.10.22 12:14:41;2020.10.22 12:14:41;1;2020.10.22 12:13:00;2020.10.22 12:14:00;1.15;0.060213;64.3126;5.4412;42.8525;1908.65;true;VETO;FIRST;BUY;2;M2;061a1bb47c5bc7768f66cc9dec291d5c5e8b7135;C2_M2_IMPLEMENTATION_REPAIR_SPEC_V1;C2M2_REPAIR_V1
C2M2_DECISION;2242;3;4;2020.11.03 23:07:15;2020.11.03 23:07:15;1;2020.11.03 23:06:00;2020.11.03 23:07:00;0.90;0.046871;19.6570;23.5758;18.3954;1909.49;true;ALLOW;FIRST;SELL;2;M2;061a1bb47c5bc7768f66cc9dec291d5c5e8b7135;C2_M2_IMPLEMENTATION_REPAIR_SPEC_V1;C2M2_REPAIR_V1
C2M2_DECISION;2255;3;4;2020.11.10 04:04:40;2020.11.10 04:04:40;1;2020.11.10 04:03:00;2020.11.10 04:04:00;0.36;0.019262;29.1073;28.8718;8.4704;1881.91;true;ALLOW;FIRST;SELL;2;M2;061a1bb47c5bc7768f66cc9dec291d5c5e8b7135;C2_M2_IMPLEMENTATION_REPAIR_SPEC_V1;C2M2_REPAIR_V1
C2M2_DECISION;2277;3;4;2020.11.27 05:30:46;2020.11.27 05:30:46;1;2020.11.27 05:29:00;2020.11.27 05:30:00;0.28;0.015209;20.4828;14.3754;21.2046;1808.13;true;ALLOW;FIRST;BUY;2;M2;061a1bb47c5bc7768f66cc9dec291d5c5e8b7135;C2_M2_IMPLEMENTATION_REPAIR_SPEC_V1;C2M2_REPAIR_V1
C2M2_DECISION;2279;3;4;2020.11.27 13:10:50;2020.11.27 13:10:50;1;2020.11.27 13:09:00;2020.11.27 13:10:00;1.01;0.056201;22.6850;19.4650;42.3099;1803.36;true;ALLOW;FIRST;BUY;2;M2;061a1bb47c5bc7768f66cc9dec291d5c5e8b7135;C2_M2_IMPLEMENTATION_REPAIR_SPEC_V1;C2M2_REPAIR_V1
C2M2_DECISION;2287;3;4;2020.12.09 11:40:51;2020.12.09 11:40:51;1;2020.12.09 11:39:00;2020.12.09 11:40:00;0.81;0.043403;40.5855;6.8274;42.9043;1857.03;true;ALLOW;FIRST;BUY;2;M2;061a1bb47c5bc7768f66cc9dec291d5c5e8b7135;C2_M2_IMPLEMENTATION_REPAIR_SPEC_V1;C2M2_REPAIR_V1
C2M2_DECISION;2290;3;4;2020.12.14 08:20:02;2020.12.14 08:20:02;1;2020.12.14 08:19:00;2020.12.14 08:20:00;1.36;0.074282;24.8333;12.9377;28.5134;1830.19;true;ALLOW;FIRST;BUY;2;M2;061a1bb47c5bc7768f66cc9dec291d5c5e8b7135;C2_M2_IMPLEMENTATION_REPAIR_SPEC_V1;C2M2_REPAIR_V1
C2M2_DECISION;2321;3;4;2021.01.11 08:02:08;2021.01.11 08:02:08;1;2021.01.11 08:01:00;2021.01.11 08:02:00;0.72;0.038836;25.6458;24.0143;15.5099;1847.54;true;ALLOW;FIRST;SELL;2;M2;061a1bb47c5bc7768f66cc9dec291d5c5e8b7135;C2_M2_IMPLEMENTATION_REPAIR_SPEC_V1;C2M2_REPAIR_V1
C2M2_DECISION;2331;3;4;2021.01.22 01:02:13;2021.01.22 01:02:13;1;2021.01.22 01:01:00;2021.01.22 01:02:00;0.89;0.047765;26.3044;13.5918;40.1023;1864.35;true;ALLOW;FIRST;BUY;2;M2;061a1bb47c5bc7768f66cc9dec291d5c5e8b7135;C2_M2_IMPLEMENTATION_REPAIR_SPEC_V1;C2M2_REPAIR_V1
C2M2_DECISION;2346;3;4;2021.02.09 02:36:35;2021.02.09 02:36:35;1;2021.02.09 02:35:00;2021.02.09 02:36:00;0.58;0.031469;41.3891;25.4588;7.2533;1840.68;true;ALLOW;FIRST;SELL;2;M2;061a1bb47c5bc7768f66cc9dec291d5c5e8b7135;C2_M2_IMPLEMENTATION_REPAIR_SPEC_V1;C2M2_REPAIR_V1
C2M2_DECISION;2358;3;4;2021.02.16 14:00:00;2021.02.16 14:00:00;1;2021.02.16 11:59:00;2021.02.16 12:00:00;0.95;0.052314;56.4573;4.8229;44.0122;1815.96;true;VETO;FIRST;BUY;2;M2;061a1bb47c5bc7768f66cc9dec291d5c5e8b7135;C2_M2_IMPLEMENTATION_REPAIR_SPEC_V1;C2M2_REPAIR_V1
C2M2_DECISION;2368;3;4;2021.02.26 15:15:05;2021.02.26 15:15:05;1;2021.02.26 15:14:00;2021.02.26 15:15:00;1.59;0.091489;56.4309;10.6675;36.1932;1737.90;true;VETO;FIRST;BUY;2;M2;061a1bb47c5bc7768f66cc9dec291d5c5e8b7135;C2_M2_IMPLEMENTATION_REPAIR_SPEC_V1;C2M2_REPAIR_V1
C2M2_DECISION;2385;3;4;2021.03.12 11:00:00;2021.03.12 11:00:00;1;2021.03.12 07:59:00;2021.03.12 08:00:00;0.52;0.030549;19.4215;22.7212;14.2440;1710.39;true;ALLOW;FIRST;BUY;2;M2;061a1bb47c5bc7768f66cc9dec291d5c5e8b7135;C2_M2_IMPLEMENTATION_REPAIR_SPEC_V1;C2M2_REPAIR_V1
C2M2_DECISION;2401;3;4;2021.03.23 01:12:20;2021.03.23 01:12:20;1;2021.03.23 01:11:00;2021.03.23 01:12:00;0.54;0.031080;18.8635;15.7080;31.7397;1735.84;true;ALLOW;FIRST;BUY;2;M2;061a1bb47c5bc7768f66cc9dec291d5c5e8b7135;C2_M2_IMPLEMENTATION_REPAIR_SPEC_V1;C2M2_REPAIR_V1
C2M2_DECISION;2412;3;4;2021.03.29 13:33:09;2021.03.29 13:33:09;1;2021.03.29 13:32:00;2021.03.29 13:33:00;1.16;0.067367;23.9859;13.1231;36.6187;1721.92;true;ALLOW;FIRST;BUY;2;M2;061a1bb47c5bc7768f66cc9dec291d5c5e8b7135;C2_M2_IMPLEMENTATION_REPAIR_SPEC_V1;C2M2_REPAIR_V1
C2M2_DECISION;2435;3;4;2021.04.15 07:11:47;2021.04.15 07:11:47;1;2021.04.15 07:10:00;2021.04.15 07:11:00;0.41;0.023219;39.0565;17.4713;7.4585;1746.41;true;ALLOW;FIRST;SELL;2;M2;061a1bb47c5bc7768f66cc9dec291d5c5e8b7135;C2_M2_IMPLEMENTATION_REPAIR_SPEC_V1;C2M2_REPAIR_V1
C2M2_DECISION;2489;3;4;2021.05.28 12:10:41;2021.05.28 12:10:41;1;2021.05.28 12:09:00;2021.05.28 12:10:00;0.81;0.043138;32.3458;10.4392;26.7660;1889.29;true;ALLOW;FIRST;BUY;2;M2;061a1bb47c5bc7768f66cc9dec291d5c5e8b7135;C2_M2_IMPLEMENTATION_REPAIR_SPEC_V1;C2M2_REPAIR_V1
C2M2_DECISION;2496;3;4;2021.06.03 05:42:45;2021.06.03 05:42:45;1;2021.06.03 05:41:00;2021.06.03 05:42:00;0.52;0.027613;67.6487;2.3313;32.9800;1901.31;true;ALLOW;FIRST;BUY;2;M2;061a1bb47c5bc7768f66cc9dec291d5c5e8b7135;C2_M2_IMPLEMENTATION_REPAIR_SPEC_V1;C2M2_REPAIR_V1
C2M2_DECISION;2501;3;4;2021.06.08 01:02:24;2021.06.08 01:02:24;1;2021.06.08 01:01:00;2021.06.08 01:02:00;0.50;0.026159;58.9738;43.9834;3.6591;1901.81;true;ALLOW;FIRST;SELL;2;M2;061a1bb47c5bc7768f66cc9dec291d5c5e8b7135;C2_M2_IMPLEMENTATION_REPAIR_SPEC_V1;C2M2_REPAIR_V1
C2M2_DECISION;2506;3;4;2021.06.10 00:50:33;2021.06.10 00:50:33;1;2021.06.10 00:49:00;2021.06.10 00:50:00;0.34;0.017893;29.0451;13.1772;30.2343;1886.24;true;ALLOW;FIRST;BUY;2;M2;061a1bb47c5bc7768f66cc9dec291d5c5e8b7135;C2_M2_IMPLEMENTATION_REPAIR_SPEC_V1;C2M2_REPAIR_V1
C2M2_DECISION;2539;3;4;2021.07.16 07:32:16;2021.07.16 07:32:16;1;2021.07.16 07:31:00;2021.07.16 07:32:00;0.42;0.022905;38.8014;10.9595;32.6283;1822.77;true;ALLOW;FIRST;BUY;2;M2;061a1bb47c5bc7768f66cc9dec291d5c5e8b7135;C2_M2_IMPLEMENTATION_REPAIR_SPEC_V1;C2M2_REPAIR_V1
C2M2_DECISION;2545;3;4;2021.07.21 11:58:06;2021.07.21 11:58:06;1;2021.07.21 11:57:00;2021.07.21 11:58:00;0.53;0.029714;30.0300;11.9377;34.2451;1800.53;true;ALLOW;FIRST;BUY;2;M2;061a1bb47c5bc7768f66cc9dec291d5c5e8b7135;C2_M2_IMPLEMENTATION_REPAIR_SPEC_V1;C2M2_REPAIR_V1
C2M2_DECISION;2552;3;4;2021.08.04 01:02:42;2021.08.04 01:02:42;1;2021.08.04 01:01:00;2021.08.04 01:02:00;0.35;0.019062;24.2222;17.2247;27.5978;1809.85;true;ALLOW;FIRST;BUY;2;M2;061a1bb47c5bc7768f66cc9dec291d5c5e8b7135;C2_M2_IMPLEMENTATION_REPAIR_SPEC_V1;C2M2_REPAIR_V1
C2M2_DECISION;2561;3;4;2021.08.13 16:07:25;2021.08.13 16:07:25;1;2021.08.13 16:06:00;2021.08.13 16:07:00;0.26;0.014626;51.9772;41.9509;7.4068;1777.65;true;ALLOW;FIRST;SELL;2;M2;061a1bb47c5bc7768f66cc9dec291d5c5e8b7135;C2_M2_IMPLEMENTATION_REPAIR_SPEC_V1;C2M2_REPAIR_V1
C2M2_DECISION;2562;3;4;2021.08.20 06:35:55;2021.08.20 06:35:55;1;2021.08.20 06:34:00;2021.08.20 06:35:00;0.56;0.031119;28.4700;19.5717;22.7011;1787.50;true;ALLOW;FIRST;SELL;2;M2;061a1bb47c5bc7768f66cc9dec291d5c5e8b7135;C2_M2_IMPLEMENTATION_REPAIR_SPEC_V1;C2M2_REPAIR_V1
C2M2_DECISION;2566;3;4;2021.08.24 20:50:09;2021.08.24 20:50:09;1;2021.08.24 20:49:00;2021.08.24 20:50:00;0.15;0.008458;21.2886;13.4999;41.3434;1802.98;true;ALLOW;FIRST;BUY;2;M2;061a1bb47c5bc7768f66cc9dec291d5c5e8b7135;C2_M2_IMPLEMENTATION_REPAIR_SPEC_V1;C2M2_REPAIR_V1
C2M2_DECISION;2568;3;4;2021.08.27 01:02:02;2021.08.27 01:02:02;1;2021.08.27 01:01:00;2021.08.27 01:02:00;0.64;0.035680;34.6871;16.1138;13.9789;1794.44;true;ALLOW;FIRST;SELL;2;M2;061a1bb47c5bc7768f66cc9dec291d5c5e8b7135;C2_M2_IMPLEMENTATION_REPAIR_SPEC_V1;C2M2_REPAIR_V1
C2M2_DECISION;2592;3;4;2021.09.14 12:30:00;2021.09.14 12:30:00;1;2021.09.14 12:29:00;2021.09.14 12:30:00;1.08;0.060436;23.3950;19.0052;20.9901;1784.12;false;INVALID;FIRST;BUY;2;M2;061a1bb47c5bc7768f66cc9dec291d5c5e8b7135;C2_M2_IMPLEMENTATION_REPAIR_SPEC_V1;C2M2_REPAIR_V1
C2M2_DECISION;2598;3;4;2021.09.28 06:17:45;2021.09.28 06:17:45;1;2021.09.28 06:16:00;2021.09.28 06:17:00;0.39;0.022210;17.7401;14.8220;23.3506;1746.95;true;ALLOW;FIRST;BUY;2;M2;061a1bb47c5bc7768f66cc9dec291d5c5e8b7135;C2_M2_IMPLEMENTATION_REPAIR_SPEC_V1;C2M2_REPAIR_V1
C2M2_DECISION;2599;3;4;2021.09.30 23:44:12;2021.09.30 23:44:12;1;2021.09.30 23:43:00;2021.09.30 23:44:00;0.26;0.014656;43.4475;10.9624;45.1044;1753.54;true;ALLOW;FIRST;BUY;2;M2;061a1bb47c5bc7768f66cc9dec291d5c5e8b7135;C2_M2_IMPLEMENTATION_REPAIR_SPEC_V1;C2M2_REPAIR_V1
C2M2_DECISION;2607;3;4;2021.10.05 06:00:00;2021.10.05 06:00:00;1;2021.10.05 03:59:00;2021.10.05 04:00:00;0.28;0.015768;25.1289;18.1320;19.5984;1759.85;true;ALLOW;FIRST;BUY;2;M2;061a1bb47c5bc7768f66cc9dec291d5c5e8b7135;C2_M2_IMPLEMENTATION_REPAIR_SPEC_V1;C2M2_REPAIR_V1
C2M2_DECISION;2609;3;4;2021.10.06 06:01:04;2021.10.06 06:01:04;1;2021.10.06 06:00:00;2021.10.06 06:01:00;0.29;0.016318;37.1615;13.7899;26.3309;1751.18;true;ALLOW;FIRST;BUY;2;M2;061a1bb47c5bc7768f66cc9dec291d5c5e8b7135;C2_M2_IMPLEMENTATION_REPAIR_SPEC_V1;C2M2_REPAIR_V1
C2M2_DECISION;2624;3;4;2021.10.15 01:16:32;2021.10.15 01:16:32;1;2021.10.15 01:15:00;2021.10.15 01:16:00;0.30;0.016861;17.6973;15.8888;23.9235;1794.05;true;ALLOW;FIRST;BUY;2;M2;061a1bb47c5bc7768f66cc9dec291d5c5e8b7135;C2_M2_IMPLEMENTATION_REPAIR_SPEC_V1;C2M2_REPAIR_V1
C2M2_DECISION;2625;3;4;2021.10.15 12:52:18;2021.10.15 12:52:18;1;2021.10.15 12:51:00;2021.10.15 12:52:00;1.53;0.086233;32.6937;8.7702;33.2620;1769.05;true;ALLOW;FIRST;BUY;2;M2;061a1bb47c5bc7768f66cc9dec291d5c5e8b7135;C2_M2_IMPLEMENTATION_REPAIR_SPEC_V1;C2M2_REPAIR_V1
C2M2_DECISION;2663;3;4;2021.11.16 14:04:32;2021.11.16 14:04:32;1;2021.11.16 14:03:00;2021.11.16 14:04:00;2.03;0.108856;45.9859;8.7095;22.6470;1867.14;true;ALLOW;FIRST;BUY;2;M2;061a1bb47c5bc7768f66cc9dec291d5c5e8b7135;C2_M2_IMPLEMENTATION_REPAIR_SPEC_V1;C2M2_REPAIR_V1
C2M2_DECISION;2706;3;4;2021.12.29 11:00:00;2021.12.29 11:00:00;1;2021.12.29 08:59:00;2021.12.29 09:00:00;0.44;0.024472;22.6313;37.6389;13.8612;1804.10;true;ALLOW;FIRST;BUY;2;M2;061a1bb47c5bc7768f66cc9dec291d5c5e8b7135;C2_M2_IMPLEMENTATION_REPAIR_SPEC_V1;C2M2_REPAIR_V1
C2M2_DECISION;2708;3;4;2021.12.31 05:41:25;2021.12.31 05:41:25;1;2021.12.31 05:40:00;2021.12.31 05:41:00;0.22;0.012126;24.8387;33.8396;16.7637;1818.46;true;ALLOW;FIRST;SELL;2;M2;061a1bb47c5bc7768f66cc9dec291d5c5e8b7135;C2_M2_IMPLEMENTATION_REPAIR_SPEC_V1;C2M2_REPAIR_V1
C2M2_DECISION;2710;3;4;2022.01.05 13:25:28;2022.01.05 13:25:28;1;2022.01.05 13:24:00;2022.01.05 13:25:00;1.29;0.070755;22.2661;24.8979;22.1942;1819.30;true;ALLOW;FIRST;SELL;2;M2;061a1bb47c5bc7768f66cc9dec291d5c5e8b7135;C2_M2_IMPLEMENTATION_REPAIR_SPEC_V1;C2M2_REPAIR_V1
C2M2_DECISION;2711;3;4;2022.01.06 12:56:49;2022.01.06 12:56:49;1;2022.01.06 12:55:00;2022.01.06 12:56:00;1.09;0.060547;66.9171;3.3306;37.8440;1793.25;true;VETO;FIRST;BUY;2;M2;061a1bb47c5bc7768f66cc9dec291d5c5e8b7135;C2_M2_IMPLEMENTATION_REPAIR_SPEC_V1;C2M2_REPAIR_V1
C2M2_DECISION;2713;3;4;2022.01.12 07:47:00;2022.01.12 07:47:00;1;2022.01.12 07:46:00;2022.01.12 07:47:00;0.46;0.025112;54.5804;6.2666;36.5776;1815.86;false;INVALID;FIRST;BUY;2;M2;061a1bb47c5bc7768f66cc9dec291d5c5e8b7135;C2_M2_IMPLEMENTATION_REPAIR_SPEC_V1;C2M2_REPAIR_V1
C2M2_DECISION;2726;3;4;2022.01.19 14:57:49;2022.01.19 14:57:49;1;2022.01.19 14:56:00;2022.01.19 14:57:00;0.83;0.045661;19.3896;18.8032;13.7637;1827.62;true;ALLOW;FIRST;SELL;2;M2;061a1bb47c5bc7768f66cc9dec291d5c5e8b7135;C2_M2_IMPLEMENTATION_REPAIR_SPEC_V1;C2M2_REPAIR_V1
C2M2_DECISION;2728;3;4;2022.01.21 09:00:03;2022.01.21 09:00:03;1;2022.01.21 07:59:00;2022.01.21 08:00:00;0.47;0.025722;55.1003;14.4754;26.1881;1837.92;true;ALLOW;FIRST;BUY;2;M2;061a1bb47c5bc7768f66cc9dec291d5c5e8b7135;C2_M2_IMPLEMENTATION_REPAIR_SPEC_V1;C2M2_REPAIR_V1
C2M2_DECISION;2739;3;4;2022.01.28 11:14:41;2022.01.28 11:14:41;1;2022.01.28 11:13:00;2022.01.28 11:14:00;0.86;0.048424;72.6785;2.2421;36.7903;1781.15;true;VETO;FIRST;BUY;2;M2;061a1bb47c5bc7768f66cc9dec291d5c5e8b7135;C2_M2_IMPLEMENTATION_REPAIR_SPEC_V1;C2M2_REPAIR_V1
C2M2_DECISION;2746;3;4;2022.02.09 13:01:58;2022.02.09 13:01:58;1;2022.02.09 13:00:00;2022.02.09 13:01:00;1.18;0.064712;31.3319;40.1289;12.5499;1829.63;true;ALLOW;FIRST;SELL;2;M2;061a1bb47c5bc7768f66cc9dec291d5c5e8b7135;C2_M2_IMPLEMENTATION_REPAIR_SPEC_V1;C2M2_REPAIR_V1
C2M2_DECISION;2750;3;4;2022.02.15 08:08:58;2022.02.15 08:08:58;1;2022.02.15 08:07:00;2022.02.15 08:08:00;0.67;0.035507;17.1576;26.9965;27.9834;1875.67;true;ALLOW;FIRST;BUY;2;M2;061a1bb47c5bc7768f66cc9dec291d5c5e8b7135;C2_M2_IMPLEMENTATION_REPAIR_SPEC_V1;C2M2_REPAIR_V1
C2M2_DECISION;2757;3;4;2022.02.23 04:52:19;2022.02.23 04:52:19;1;2022.02.23 04:51:00;2022.02.23 04:52:00;0.67;0.035166;35.1384;6.7743;43.3929;1896.71;true;ALLOW;FIRST;BUY;2;M2;061a1bb47c5bc7768f66cc9dec291d5c5e8b7135;C2_M2_IMPLEMENTATION_REPAIR_SPEC_V1;C2M2_REPAIR_V1
C2M2_DECISION;2782;3;4;2022.03.15 05:00:02;2022.03.15 05:00:02;1;2022.03.15 04:59:00;2022.03.15 05:00:00;0.95;0.048942;57.5080;6.9267;41.8066;1935.98;true;VETO;FIRST;BUY;2;M2;061a1bb47c5bc7768f66cc9dec291d5c5e8b7135;C2_M2_IMPLEMENTATION_REPAIR_SPEC_V1;C2M2_REPAIR_V1
C2M2_DECISION;2803;3;4;2022.04.04 05:00:00;2022.04.04 05:00:00;1;2022.04.04 03:59:00;2022.04.04 04:00:00;0.33;0.017198;32.5618;14.3247;19.8314;1918.85;true;ALLOW;FIRST;BUY;2;M2;061a1bb47c5bc7768f66cc9dec291d5c5e8b7135;C2_M2_IMPLEMENTATION_REPAIR_SPEC_V1;C2M2_REPAIR_V1
C2M2_DECISION;2826;3;4;2022.05.02 12:52:38;2022.05.02 12:52:38;1;2022.05.02 12:51:00;2022.05.02 12:52:00;1.62;0.086785;44.6240;10.1682;26.5853;1863.52;true;ALLOW;FIRST;BUY;2;M2;061a1bb47c5bc7768f66cc9dec291d5c5e8b7135;C2_M2_IMPLEMENTATION_REPAIR_SPEC_V1;C2M2_REPAIR_V1
C2M2_DECISION;2833;3;4;2022.05.09 07:22:33;2022.05.09 07:22:33;1;2022.05.09 07:21:00;2022.05.09 07:22:00;0.95;0.051047;46.1897;8.2291;37.2036;1868.39;true;ALLOW;FIRST;BUY;2;M2;061a1bb47c5bc7768f66cc9dec291d5c5e8b7135;C2_M2_IMPLEMENTATION_REPAIR_SPEC_V1;C2M2_REPAIR_V1
C2M2_DECISION;2843;3;4;2022.05.16 07:52:18;2022.05.16 07:52:18;1;2022.05.16 07:51:00;2022.05.16 07:52:00;1.47;0.081652;59.6863;6.8208;42.8676;1794.51;true;VETO;FIRST;BUY;2;M2;061a1bb47c5bc7768f66cc9dec291d5c5e8b7135;C2_M2_IMPLEMENTATION_REPAIR_SPEC_V1;C2M2_REPAIR_V1
C2M2_DECISION;2878;3;4;2022.06.10 12:24:01;2022.06.10 12:24:01;1;2022.06.10 12:23:00;2022.06.10 12:24:00;1.04;0.056621;25.1757;11.4689;20.9942;1832.37;true;ALLOW;FIRST;BUY;2;M2;061a1bb47c5bc7768f66cc9dec291d5c5e8b7135;C2_M2_IMPLEMENTATION_REPAIR_SPEC_V1;C2M2_REPAIR_V1
C2M2_DECISION;2880;3;4;2022.06.13 13:47:39;2022.06.13 13:47:39;1;2022.06.13 13:46:00;2022.06.13 13:47:00;1.55;0.084808;47.6287;6.7995;27.8025;1831.19;true;VETO;FIRST;BUY;2;M2;061a1bb47c5bc7768f66cc9dec291d5c5e8b7135;C2_M2_IMPLEMENTATION_REPAIR_SPEC_V1;C2M2_REPAIR_V1
C2M2_DECISION;2888;3;4;2022.06.16 16:44:29;2022.06.16 16:44:29;1;2022.06.16 16:43:00;2022.06.16 16:44:00;0.40;0.021425;43.1419;33.4680;6.2811;1849.46;true;ALLOW;FIRST;SELL;2;M2;061a1bb47c5bc7768f66cc9dec291d5c5e8b7135;C2_M2_IMPLEMENTATION_REPAIR_SPEC_V1;C2M2_REPAIR_V1
C2M2_DECISION;2905;3;4;2022.07.01 05:39:36;2022.07.01 05:39:36;1;2022.07.01 05:38:00;2022.07.01 05:39:00;1.16;0.064524;39.1873;9.1781;43.3324;1797.00;true;ALLOW;FIRST;BUY;2;M2;061a1bb47c5bc7768f66cc9dec291d5c5e8b7135;C2_M2_IMPLEMENTATION_REPAIR_SPEC_V1;C2M2_REPAIR_V1
C2M2_DECISION;2908;3;4;2022.07.11 19:44:59;2022.07.11 19:44:59;1;2022.07.11 19:43:00;2022.07.11 19:44:00;0.15;0.008886;40.7830;9.0545;19.6781;1733.10;true;ALLOW;FIRST;BUY;2;M2;061a1bb47c5bc7768f66cc9dec291d5c5e8b7135;C2_M2_IMPLEMENTATION_REPAIR_SPEC_V1;C2M2_REPAIR_V1
C2M2_DECISION;2924;3;4;2022.07.27 07:06:22;2022.07.27 07:06:22;1;2022.07.27 07:05:00;2022.07.27 07:06:00;0.55;0.032120;33.4755;29.9269;7.2963;1720.10;true;ALLOW;FIRST;SELL;2;M2;061a1bb47c5bc7768f66cc9dec291d5c5e8b7135;C2_M2_IMPLEMENTATION_REPAIR_SPEC_V1;C2M2_REPAIR_V1
C2M2_DECISION;2937;3;4;2022.08.04 03:05:14;2022.08.04 03:05:14;1;2022.08.04 03:04:00;2022.08.04 03:05:00;0.36;0.020170;45.7347;40.4452;7.0919;1769.98;true;ALLOW;FIRST;SELL;2;M2;061a1bb47c5bc7768f66cc9dec291d5c5e8b7135;C2_M2_IMPLEMENTATION_REPAIR_SPEC_V1;C2M2_REPAIR_V1
C2M2_DECISION;2946;3;4;2022.08.10 18:32:46;2022.08.10 18:32:46;1;2022.08.10 18:31:00;2022.08.10 18:32:00;0.90;0.050045;60.5273;8.1258;32.9559;1789.39;true;VETO;FIRST;BUY;2;M2;061a1bb47c5bc7768f66cc9dec291d5c5e8b7135;C2_M2_IMPLEMENTATION_REPAIR_SPEC_V1;C2M2_REPAIR_V1
C2M2_DECISION;2971;3;4;2022.08.26 11:32:13;2022.08.26 11:32:13;1;2022.08.26 11:31:00;2022.08.26 11:32:00;0.48;0.027638;37.7837;8.2988;27.4901;1744.91;true;ALLOW;FIRST;BUY;2;M2;061a1bb47c5bc7768f66cc9dec291d5c5e8b7135;C2_M2_IMPLEMENTATION_REPAIR_SPEC_V1;C2M2_REPAIR_V1
C2M2_DECISION;2978;3;4;2022.08.31 22:21:27;2022.08.31 22:21:27;1;2022.08.31 22:20:00;2022.08.31 22:21:00;0.33;0.019571;64.2887;6.5490;43.3362;1709.12;true;ALLOW;FIRST;BUY;2;M2;061a1bb47c5bc7768f66cc9dec291d5c5e8b7135;C2_M2_IMPLEMENTATION_REPAIR_SPEC_V1;C2M2_REPAIR_V1
C2M2_DECISION;3005;3;4;2022.09.15 12:30:03;2022.09.15 12:30:03;1;2022.09.15 12:29:00;2022.09.15 12:30:00;0.76;0.045190;25.4864;36.3806;14.9597;1685.10;true;ALLOW;FIRST;BUY;2;M2;061a1bb47c5bc7768f66cc9dec291d5c5e8b7135;C2_M2_IMPLEMENTATION_REPAIR_SPEC_V1;C2M2_REPAIR_V1
C2M2_DECISION;3013;3;4;2022.09.22 00:02:19;2022.09.22 00:02:19;1;2022.09.22 00:01:00;2022.09.22 00:02:00;0.64;0.038302;29.4957;22.0331;16.5032;1666.35;true;ALLOW;FIRST;BUY;2;M2;061a1bb47c5bc7768f66cc9dec291d5c5e8b7135;C2_M2_IMPLEMENTATION_REPAIR_SPEC_V1;C2M2_REPAIR_V1
C2M2_DECISION;3040;3;4;2022.10.10 14:52:04;2022.10.10 14:52:04;1;2022.10.10 14:51:00;2022.10.10 14:52:00;0.75;0.044673;41.5226;7.3848;27.6154;1667.67;true;ALLOW;FIRST;BUY;2;M2;061a1bb47c5bc7768f66cc9dec291d5c5e8b7135;C2_M2_IMPLEMENTATION_REPAIR_SPEC_V1;C2M2_REPAIR_V1
C2M2_DECISION;3044;3;4;2022.10.13 06:59:00;2022.10.13 06:59:00;1;2022.10.13 06:58:00;2022.10.13 06:59:00;0.35;0.020942;21.7100;11.0611;22.0186;1667.71;false;INVALID;FIRST;BUY;2;M2;061a1bb47c5bc7768f66cc9dec291d5c5e8b7135;C2_M2_IMPLEMENTATION_REPAIR_SPEC_V1;C2M2_REPAIR_V1
C2M2_DECISION;3052;3;4;2022.10.21 07:14:31;2022.10.21 07:14:31;1;2022.10.21 07:13:00;2022.10.21 07:14:00;0.83;0.051400;22.5875;12.4615;24.0976;1619.18;true;ALLOW;FIRST;BUY;2;M2;061a1bb47c5bc7768f66cc9dec291d5c5e8b7135;C2_M2_IMPLEMENTATION_REPAIR_SPEC_V1;C2M2_REPAIR_V1
C2M2_DECISION;3077;3;4;2022.11.03 08:28:06;2022.11.03 08:28:06;1;2022.11.03 08:27:00;2022.11.03 08:28:00;0.54;0.033373;36.3028;6.8381;34.2795;1625.59;true;ALLOW;FIRST;BUY;2;M2;061a1bb47c5bc7768f66cc9dec291d5c5e8b7135;C2_M2_IMPLEMENTATION_REPAIR_SPEC_V1;C2M2_REPAIR_V1
C2M2_DECISION;3112;3;4;2022.11.25 07:39:23;2022.11.25 07:39:23;1;2022.11.25 07:38:00;2022.11.25 07:39:00;0.32;0.018392;33.4143;8.8066;33.8463;1753.48;true;ALLOW;FIRST;BUY;2;M2;061a1bb47c5bc7768f66cc9dec291d5c5e8b7135;C2_M2_IMPLEMENTATION_REPAIR_SPEC_V1;C2M2_REPAIR_V1
C2M2_DECISION;3124;3;4;2022.12.05 17:01:32;2022.12.05 17:01:32;1;2022.12.05 17:00:00;2022.12.05 17:01:00;0.64;0.036248;23.4347;19.1724;27.1654;1772.53;true;ALLOW;FIRST;BUY;2;M2;061a1bb47c5bc7768f66cc9dec291d5c5e8b7135;C2_M2_IMPLEMENTATION_REPAIR_SPEC_V1;C2M2_REPAIR_V1
C2M2_DECISION;3127;3;4;2022.12.09 08:53:24;2022.12.09 08:53:24;1;2022.12.09 08:52:00;2022.12.09 08:53:00;0.24;0.013544;16.0225;17.4079;21.1236;1790.41;true;ALLOW;FIRST;BUY;2;M2;061a1bb47c5bc7768f66cc9dec291d5c5e8b7135;C2_M2_IMPLEMENTATION_REPAIR_SPEC_V1;C2M2_REPAIR_V1
C2M2_DECISION;3128;3;4;2022.12.12 05:11:25;2022.12.12 05:11:25;1;2022.12.12 05:10:00;2022.12.12 05:11:00;0.55;0.030521;15.5871;16.5010;23.1583;1786.47;true;ALLOW;FIRST;BUY;2;M2;061a1bb47c5bc7768f66cc9dec291d5c5e8b7135;C2_M2_IMPLEMENTATION_REPAIR_SPEC_V1;C2M2_REPAIR_V1
C2M2_DECISION;3153;3;4;2023.01.16 05:44:03;2023.01.16 05:44:03;1;2023.01.16 05:43:00;2023.01.16 05:44:00;0.30;0.015761;40.2998;8.5686;35.7141;1919.32;true;ALLOW;FIRST;BUY;2;M2;061a1bb47c5bc7768f66cc9dec291d5c5e8b7135;C2_M2_IMPLEMENTATION_REPAIR_SPEC_V1;C2M2_REPAIR_V1
C2M2_DECISION;3169;3;4;2023.02.02 15:09:11;2023.02.02 15:09:11;1;2023.02.02 15:08:00;2023.02.02 15:09:00;1.50;0.078244;84.4389;2.2461;29.2525;1919.96;true;VETO;FIRST;BUY;2;M2;061a1bb47c5bc7768f66cc9dec291d5c5e8b7135;C2_M2_IMPLEMENTATION_REPAIR_SPEC_V1;C2M2_REPAIR_V1
C2M2_DECISION;3198;3;4;2023.03.03 11:16:21;2023.03.03 11:16:21;1;2023.03.03 11:15:00;2023.03.03 11:16:00;0.41;0.022241;28.3531;39.8242;9.9657;1847.96;true;ALLOW;FIRST;SELL;2;M2;061a1bb47c5bc7768f66cc9dec291d5c5e8b7135;C2_M2_IMPLEMENTATION_REPAIR_SPEC_V1;C2M2_REPAIR_V1
C2M2_DECISION;3202;3;4;2023.03.07 16:00:00;2023.03.07 16:00:00;1;2023.03.07 14:59:00;2023.03.07 15:00:00;0.63;0.034261;18.6019;22.5196;21.9648;1831.56;true;ALLOW;FIRST;BUY;2;M2;061a1bb47c5bc7768f66cc9dec291d5c5e8b7135;C2_M2_IMPLEMENTATION_REPAIR_SPEC_V1;C2M2_REPAIR_V1
C2M2_DECISION;3206;3;4;2023.03.12 22:02:17;2023.03.12 22:02:17;1;2023.03.12 22:01:00;2023.03.12 22:02:00;5.54;0.294356;21.6372;29.6490;16.3461;1882.75;true;ALLOW;FIRST;SELL;2;M2;061a1bb47c5bc7768f66cc9dec291d5c5e8b7135;C2_M2_IMPLEMENTATION_REPAIR_SPEC_V1;C2M2_REPAIR_V1
C2M2_DECISION;3222;3;4;2023.03.28 17:17:38;2023.03.28 17:17:38;1;2023.03.28 17:16:00;2023.03.28 17:17:00;0.34;0.017045;22.3445;20.7512;11.5850;1969.81;true;ALLOW;FIRST;SELL;2;M2;061a1bb47c5bc7768f66cc9dec291d5c5e8b7135;C2_M2_IMPLEMENTATION_REPAIR_SPEC_V1;C2M2_REPAIR_V1
C2M2_DECISION;3235;3;4;2023.04.12 10:26:02;2023.04.12 10:26:02;1;2023.04.12 10:25:00;2023.04.12 10:26:00;0.50;0.025109;39.3430;10.5863;39.2160;2008.25;true;ALLOW;FIRST;BUY;2;M2;061a1bb47c5bc7768f66cc9dec291d5c5e8b7135;C2_M2_IMPLEMENTATION_REPAIR_SPEC_V1;C2M2_REPAIR_V1
C2M2_DECISION;3241;3;4;2023.04.17 13:47:03;2023.04.17 13:47:03;1;2023.04.17 13:46:00;2023.04.17 13:47:00;1.34;0.067430;40.1053;12.6872;33.8452;1993.91;true;ALLOW;FIRST;BUY;2;M2;061a1bb47c5bc7768f66cc9dec291d5c5e8b7135;C2_M2_IMPLEMENTATION_REPAIR_SPEC_V1;C2M2_REPAIR_V1
C2M2_DECISION;3259;3;4;2023.05.01 01:38:09;2023.05.01 01:38:09;1;2023.05.01 01:37:00;2023.05.01 01:38:00;0.41;0.020548;38.3180;10.9142;33.7036;1983.19;true;ALLOW;FIRST;BUY;2;M2;061a1bb47c5bc7768f66cc9dec291d5c5e8b7135;C2_M2_IMPLEMENTATION_REPAIR_SPEC_V1;C2M2_REPAIR_V1
C2M2_DECISION;3263;3;4;2023.05.05 07:35:44;2023.05.05 07:35:44;1;2023.05.05 07:34:00;2023.05.05 07:35:00;0.63;0.031100;30.7002;13.7883;20.0708;2041.79;true;ALLOW;FIRST;BUY;2;M2;061a1bb47c5bc7768f66cc9dec291d5c5e8b7135;C2_M2_IMPLEMENTATION_REPAIR_SPEC_V1;C2M2_REPAIR_V1
C2M2_DECISION;3274;3;4;2023.05.14 22:02:44;2023.05.14 22:02:44;1;2023.05.14 22:01:00;2023.05.14 22:02:00;1.18;0.058807;40.5277;5.8777;34.5240;2007.84;true;ALLOW;FIRST;BUY;2;M2;061a1bb47c5bc7768f66cc9dec291d5c5e8b7135;C2_M2_IMPLEMENTATION_REPAIR_SPEC_V1;C2M2_REPAIR_V1
C2M2_DECISION;3292;3;4;2023.05.23 01:00:00;2023.05.23 01:00:00;1;2023.05.23 00:59:00;2023.05.23 01:00:00;0.85;0.043335;53.9662;4.9102;31.2072;1967.24;false;INVALID;FIRST;BUY;2;M2;061a1bb47c5bc7768f66cc9dec291d5c5e8b7135;C2_M2_IMPLEMENTATION_REPAIR_SPEC_V1;C2M2_REPAIR_V1
C2M2_DECISION;3296;3;4;2023.05.26 15:00:00;2023.05.26 15:00:00;1;2023.05.26 13:59:00;2023.05.26 14:00:00;0.57;0.029356;49.8999;6.9698;23.6558;1946.77;true;ALLOW;FIRST;BUY;2;M2;061a1bb47c5bc7768f66cc9dec291d5c5e8b7135;C2_M2_IMPLEMENTATION_REPAIR_SPEC_V1;C2M2_REPAIR_V1
C2M2_DECISION;3297;3;4;2023.05.28 22:00:00;2023.05.28 22:00:00;1;2023.05.26 20:59:00;2023.05.26 21:00:00;0.75;0.038545;26.8015;8.9940;21.5015;1945.79;true;ALLOW;FIRST;BUY;2;M2;061a1bb47c5bc7768f66cc9dec291d5c5e8b7135;C2_M2_IMPLEMENTATION_REPAIR_SPEC_V1;C2M2_REPAIR_V1
C2M2_DECISION;3300;3;4;2023.06.01 07:26:22;2023.06.01 07:26:22;1;2023.06.01 07:25:00;2023.06.01 07:26:00;0.45;0.022996;35.3071;16.0372;29.7284;1956.88;true;ALLOW;FIRST;BUY;2;M2;061a1bb47c5bc7768f66cc9dec291d5c5e8b7135;C2_M2_IMPLEMENTATION_REPAIR_SPEC_V1;C2M2_REPAIR_V1
C2M2_DECISION;3304;3;4;2023.06.02 16:56:42;2023.06.02 16:56:42;1;2023.06.02 16:55:00;2023.06.02 16:56:00;0.43;0.022055;55.8874;10.1854;23.1508;1953.06;true;ALLOW;FIRST;BUY;2;M2;061a1bb47c5bc7768f66cc9dec291d5c5e8b7135;C2_M2_IMPLEMENTATION_REPAIR_SPEC_V1;C2M2_REPAIR_V1
C2M2_DECISION;3365;3;4;2023.07.12 13:32:01;2023.07.12 13:32:01;1;2023.07.12 13:31:00;2023.07.12 13:32:00;1.40;0.071926;49.3026;48.0157;9.3763;1952.70;true;VETO;FIRST;SELL;2;M2;061a1bb47c5bc7768f66cc9dec291d5c5e8b7135;C2_M2_IMPLEMENTATION_REPAIR_SPEC_V1;C2M2_REPAIR_V1
C2M2_DECISION;3369;3;4;2023.07.21 08:05:53;2023.07.21 08:05:53;1;2023.07.21 08:04:00;2023.07.21 08:05:00;0.58;0.029691;58.5122;9.2756;27.6483;1964.41;true;ALLOW;FIRST;BUY;2;M2;061a1bb47c5bc7768f66cc9dec291d5c5e8b7135;C2_M2_IMPLEMENTATION_REPAIR_SPEC_V1;C2M2_REPAIR_V1
C2M2_DECISION;3380;3;4;2023.08.01 02:01:35;2023.08.01 02:01:35;1;2023.08.01 02:00:00;2023.08.01 02:01:00;0.52;0.026435;29.5056;10.7379;36.3522;1960.48;true;ALLOW;FIRST;BUY;2;M2;061a1bb47c5bc7768f66cc9dec291d5c5e8b7135;C2_M2_IMPLEMENTATION_REPAIR_SPEC_V1;C2M2_REPAIR_V1
C2M2_DECISION;3409;3;4;2023.09.14 12:30:27;2023.09.14 12:30:27;1;2023.09.14 12:29:00;2023.09.14 12:30:00;0.55;0.028846;18.1921;21.9633;14.0953;1907.54;true;ALLOW;FIRST;BUY;2;M2;061a1bb47c5bc7768f66cc9dec291d5c5e8b7135;C2_M2_IMPLEMENTATION_REPAIR_SPEC_V1;C2M2_REPAIR_V1
C2M2_DECISION;3417;3;4;2023.09.21 12:15:56;2023.09.21 12:15:56;1;2023.09.21 12:14:00;2023.09.21 12:15:00;0.36;0.018896;49.4245;7.5266;23.4067;1918.40;true;ALLOW;FIRST;BUY;2;M2;061a1bb47c5bc7768f66cc9dec291d5c5e8b7135;C2_M2_IMPLEMENTATION_REPAIR_SPEC_V1;C2M2_REPAIR_V1
C2M2_DECISION;3419;3;4;2023.09.22 02:13:05;2023.09.22 02:13:05;1;2023.09.22 02:12:00;2023.09.22 02:13:00;0.18;0.009146;54.4747;34.1620;6.1803;1924.39;true;ALLOW;FIRST;SELL;2;M2;061a1bb47c5bc7768f66cc9dec291d5c5e8b7135;C2_M2_IMPLEMENTATION_REPAIR_SPEC_V1;C2M2_REPAIR_V1
C2M2_DECISION;3424;3;4;2023.09.26 06:19:56;2023.09.26 06:19:56;1;2023.09.26 06:18:00;2023.09.26 06:19:00;0.30;0.015684;35.5852;11.0348;27.2092;1912.80;true;ALLOW;FIRST;BUY;2;M2;061a1bb47c5bc7768f66cc9dec291d5c5e8b7135;C2_M2_IMPLEMENTATION_REPAIR_SPEC_V1;C2M2_REPAIR_V1
C2M2_DECISION;3425;3;4;2023.09.28 15:17:26;2023.09.28 15:17:26;1;2023.09.28 15:16:00;2023.09.28 15:17:00;0.71;0.038052;78.1005;2.0895;41.8138;1859.30;true;ALLOW;FIRST;BUY;2;M2;061a1bb47c5bc7768f66cc9dec291d5c5e8b7135;C2_M2_IMPLEMENTATION_REPAIR_SPEC_V1;C2M2_REPAIR_V1
C2M2_DECISION;3448;3;4;2023.10.22 22:00:07;2023.10.22 22:00:07;1;2023.10.20 20:59:00;2023.10.20 21:00:00;0.67;0.033789;38.3760;34.8488;9.4916;1980.65;true;ALLOW;FIRST;BUY;2;M2;061a1bb47c5bc7768f66cc9dec291d5c5e8b7135;C2_M2_IMPLEMENTATION_REPAIR_SPEC_V1;C2M2_REPAIR_V1
C2M2_DECISION;3457;3;4;2023.11.07 07:10:07;2023.11.07 07:10:07;1;2023.11.07 07:09:00;2023.11.07 07:10:00;0.56;0.028437;52.6213;7.3414;36.1211;1969.23;true;ALLOW;FIRST;BUY;2;M2;061a1bb47c5bc7768f66cc9dec291d5c5e8b7135;C2_M2_IMPLEMENTATION_REPAIR_SPEC_V1;C2M2_REPAIR_V1
C2M2_DECISION;3461;3;4;2023.11.10 12:35:01;2023.11.10 12:35:01;1;2023.11.10 12:34:00;2023.11.10 12:35:00;0.42;0.021721;49.2483;8.3668;28.9390;1946.23;true;ALLOW;FIRST;BUY;2;M2;061a1bb47c5bc7768f66cc9dec291d5c5e8b7135;C2_M2_IMPLEMENTATION_REPAIR_SPEC_V1;C2M2_REPAIR_V1
C2M2_DECISION;3491;3;4;2023.12.04 14:02:02;2023.12.04 14:02:02;1;2023.12.04 14:01:00;2023.12.04 14:02:00;1.66;0.080709;20.1709;14.5464;32.2999;2054.91;true;ALLOW;FIRST;BUY;2;M2;061a1bb47c5bc7768f66cc9dec291d5c5e8b7135;C2_M2_IMPLEMENTATION_REPAIR_SPEC_V1;C2M2_REPAIR_V1
C2M2_DECISION;3506;3;4;2023.12.15 09:04:34;2023.12.15 09:04:34;1;2023.12.15 09:03:00;2023.12.15 09:04:00;1.00;0.048712;64.6764;47.7663;2.8570;2042.63;true;VETO;FIRST;SELL;2;M2;061a1bb47c5bc7768f66cc9dec291d5c5e8b7135;C2_M2_IMPLEMENTATION_REPAIR_SPEC_V1;C2M2_REPAIR_V1
C2M2_DECISION;3519;3;4;2024.01.03 17:41:54;2024.01.03 17:41:54;1;2024.01.03 17:40:00;2024.01.03 17:41:00;0.46;0.022891;20.1923;11.0758;35.2584;2031.34;true;ALLOW;FIRST;BUY;2;M2;061a1bb47c5bc7768f66cc9dec291d5c5e8b7135;C2_M2_IMPLEMENTATION_REPAIR_SPEC_V1;C2M2_REPAIR_V1
C2M2_DECISION;3525;3;4;2024.01.08 05:39:32;2024.01.08 05:39:32;1;2024.01.08 05:38:00;2024.01.08 05:39:00;2.24;0.110475;47.7703;8.8475;33.8055;2029.88;true;VETO;FIRST;BUY;2;M2;061a1bb47c5bc7768f66cc9dec291d5c5e8b7135;C2_M2_IMPLEMENTATION_REPAIR_SPEC_V1;C2M2_REPAIR_V1
C2M2_DECISION;3533;3;4;2024.01.16 01:02:00;2024.01.16 01:02:00;1;2024.01.16 01:01:00;2024.01.16 01:02:00;0.47;0.022919;19.2017;13.9319;21.6113;2050.70;false;INVALID;FIRST;BUY;2;M2;061a1bb47c5bc7768f66cc9dec291d5c5e8b7135;C2_M2_IMPLEMENTATION_REPAIR_SPEC_V1;C2M2_REPAIR_V1
C2M2_DECISION;3558;3;4;2024.02.05 13:53:28;2024.02.05 13:53:28;1;2024.02.05 13:52:00;2024.02.05 13:53:00;0.86;0.042455;29.7431;10.3942;28.8850;2016.24;true;ALLOW;FIRST;BUY;2;M2;061a1bb47c5bc7768f66cc9dec291d5c5e8b7135;C2_M2_IMPLEMENTATION_REPAIR_SPEC_V1;C2M2_REPAIR_V1
C2M2_DECISION;3614;3;4;2024.03.14 13:35:26;2024.03.14 13:35:26;1;2024.03.14 13:34:00;2024.03.14 13:35:00;1.27;0.058566;41.4675;6.4590;33.9637;2161.22;true;ALLOW;FIRST;BUY;2;M2;061a1bb47c5bc7768f66cc9dec291d5c5e8b7135;C2_M2_IMPLEMENTATION_REPAIR_SPEC_V1;C2M2_REPAIR_V1
C2M2_DECISION;3643;3;4;2024.04.04 12:01:32;2024.04.04 12:01:32;1;2024.04.04 12:00:00;2024.04.04 12:01:00;0.93;0.040520;48.2026;9.5584;34.2988;2288.99;true;ALLOW;FIRST;BUY;2;M2;061a1bb47c5bc7768f66cc9dec291d5c5e8b7135;C2_M2_IMPLEMENTATION_REPAIR_SPEC_V1;C2M2_REPAIR_V1
C2M2_DECISION;3655;3;4;2024.04.15 22:15:48;2024.04.15 22:15:48;1;2024.04.15 22:14:00;2024.04.15 22:15:00;1.22;0.051300;64.7693;45.9986;3.1648;2387.91;true;VETO;FIRST;SELL;2;M2;061a1bb47c5bc7768f66cc9dec291d5c5e8b7135;C2_M2_IMPLEMENTATION_REPAIR_SPEC_V1;C2M2_REPAIR_V1
C2M2_DECISION;3719;3;4;2024.05.30 02:34:02;2024.05.30 02:34:02;1;2024.05.30 02:33:00;2024.05.30 02:34:00;0.79;0.033654;25.9248;16.7756;32.0160;2332.57;true;ALLOW;FIRST;BUY;2;M2;061a1bb47c5bc7768f66cc9dec291d5c5e8b7135;C2_M2_IMPLEMENTATION_REPAIR_SPEC_V1;C2M2_REPAIR_V1
C2M2_DECISION;3790;3;4;2024.07.19 00:00:19;2024.07.19 00:00:19;1;2024.07.18 23:59:00;2024.07.19 00:00:00;0.54;0.022049;64.9218;2.3880;46.3618;2441.15;true;ALLOW;FIRST;BUY;2;M2;061a1bb47c5bc7768f66cc9dec291d5c5e8b7135;C2_M2_IMPLEMENTATION_REPAIR_SPEC_V1;C2M2_REPAIR_V1
C2M2_DECISION;3792;3;4;2024.07.19 13:06:26;2024.07.19 13:06:26;1;2024.07.19 13:05:00;2024.07.19 13:06:00;1.53;0.063892;29.6430;10.0454;23.8276;2401.32;true;ALLOW;FIRST;BUY;2;M2;061a1bb47c5bc7768f66cc9dec291d5c5e8b7135;C2_M2_IMPLEMENTATION_REPAIR_SPEC_V1;C2M2_REPAIR_V1
C2M2_DECISION;3798;3;4;2024.07.22 14:31:36;2024.07.22 14:31:36;1;2024.07.22 14:30:00;2024.07.22 14:31:00;1.34;0.056252;56.4795;4.5373;36.5851;2386.59;true;VETO;FIRST;BUY;2;M2;061a1bb47c5bc7768f66cc9dec291d5c5e8b7135;C2_M2_IMPLEMENTATION_REPAIR_SPEC_V1;C2M2_REPAIR_V1
C2M2_DECISION;3801;3;4;2024.07.24 12:55:22;2024.07.24 12:55:22;1;2024.07.24 12:54:00;2024.07.24 12:55:00;1.07;0.044233;29.9831;42.8348;10.8599;2420.72;true;ALLOW;FIRST;SELL;2;M2;061a1bb47c5bc7768f66cc9dec291d5c5e8b7135;C2_M2_IMPLEMENTATION_REPAIR_SPEC_V1;C2M2_REPAIR_V1
C2M2_DECISION;3813;3;4;2024.08.05 00:17:25;2024.08.05 00:17:25;1;2024.08.05 00:16:00;2024.08.05 00:17:00;4.21;0.173335;55.2087;8.7152;36.0133;2425.95;true;VETO;FIRST;BUY;2;M2;061a1bb47c5bc7768f66cc9dec291d5c5e8b7135;C2_M2_IMPLEMENTATION_REPAIR_SPEC_V1;C2M2_REPAIR_V1
C2M2_DECISION;3814;3;4;2024.08.05 06:21:24;2024.08.05 06:21:24;1;2024.08.05 06:20:00;2024.08.05 06:21:00;3.16;0.130148;44.8839;6.1461;31.2659;2424.35;true;ALLOW;FIRST;BUY;2;M2;061a1bb47c5bc7768f66cc9dec291d5c5e8b7135;C2_M2_IMPLEMENTATION_REPAIR_SPEC_V1;C2M2_REPAIR_V1
C2M2_DECISION;3847;3;4;2024.08.28 12:30:03;2024.08.28 12:30:03;1;2024.08.28 12:29:00;2024.08.28 12:30:00;1.03;0.041064;20.2949;18.6609;25.1756;2496.08;true;ALLOW;FIRST;BUY;2;M2;061a1bb47c5bc7768f66cc9dec291d5c5e8b7135;C2_M2_IMPLEMENTATION_REPAIR_SPEC_V1;C2M2_REPAIR_V1
C2M2_DECISION;3922;3;4;2024.10.23 15:12:59;2024.10.23 15:12:59;1;2024.10.23 15:11:00;2024.10.23 15:12:00;2.28;0.084000;19.7103;14.6271;23.5425;2715.47;true;ALLOW;FIRST;BUY;2;M2;061a1bb47c5bc7768f66cc9dec291d5c5e8b7135;C2_M2_IMPLEMENTATION_REPAIR_SPEC_V1;C2M2_REPAIR_V1
C2M2_DECISION;3927;3;4;2024.10.25 14:13:48;2024.10.25 14:13:48;1;2024.10.25 14:12:00;2024.10.25 14:13:00;1.41;0.051457;53.0019;35.8381;4.8719;2735.30;true;VETO;FIRST;SELL;2;M2;061a1bb47c5bc7768f66cc9dec291d5c5e8b7135;C2_M2_IMPLEMENTATION_REPAIR_SPEC_V1;C2M2_REPAIR_V1
C2M2_DECISION;3948;3;4;2024.11.11 13:34:56;2024.11.11 13:34:56;1;2024.11.11 13:33:00;2024.11.11 13:34:00;2.53;0.095620;47.5484;6.3701;53.5841;2646.16;true;VETO;FIRST;BUY;2;M2;061a1bb47c5bc7768f66cc9dec291d5c5e8b7135;C2_M2_IMPLEMENTATION_REPAIR_SPEC_V1;C2M2_REPAIR_V1
C2M2_DECISION;3958;3;4;2024.11.21 11:16:35;2024.11.21 11:16:35;1;2024.11.21 11:15:00;2024.11.21 11:16:00;0.76;0.028351;39.9559;46.0113;6.7957;2671.86;true;ALLOW;FIRST;SELL;2;M2;061a1bb47c5bc7768f66cc9dec291d5c5e8b7135;C2_M2_IMPLEMENTATION_REPAIR_SPEC_V1;C2M2_REPAIR_V1
C2M2_DECISION;3970;3;4;2024.12.02 00:35:06;2024.12.02 00:35:06;1;2024.12.02 00:34:00;2024.12.02 00:35:00;0.80;0.030308;25.5773;10.4065;22.8904;2642.90;true;ALLOW;FIRST;BUY;2;M2;061a1bb47c5bc7768f66cc9dec291d5c5e8b7135;C2_M2_IMPLEMENTATION_REPAIR_SPEC_V1;C2M2_REPAIR_V1
C2M2_DECISION;3993;3;4;2024.12.18 19:08:46;2024.12.18 19:08:46;1;2024.12.18 19:07:00;2024.12.18 19:08:00;2.33;0.088976;44.7751;6.9623;43.4042;2622.05;true;ALLOW;FIRST;BUY;2;M2;061a1bb47c5bc7768f66cc9dec291d5c5e8b7135;C2_M2_IMPLEMENTATION_REPAIR_SPEC_V1;C2M2_REPAIR_V1
C2M2_DECISION;4010;3;4;2025.01.02 15:34:15;2025.01.02 15:34:15;1;2025.01.02 15:33:00;2025.01.02 15:34:00;1.01;0.038101;24.0133;34.0515;10.9650;2650.82;true;ALLOW;FIRST;SELL;2;M2;061a1bb47c5bc7768f66cc9dec291d5c5e8b7135;C2_M2_IMPLEMENTATION_REPAIR_SPEC_V1;C2M2_REPAIR_V1
C2M2_DECISION;4034;3;4;2025.01.19 23:27:19;2025.01.19 23:27:19;1;2025.01.19 23:26:00;2025.01.19 23:27:00;1.93;0.071596;44.1602;7.5659;37.8298;2692.55;true;ALLOW;FIRST;BUY;2;M2;061a1bb47c5bc7768f66cc9dec291d5c5e8b7135;C2_M2_IMPLEMENTATION_REPAIR_SPEC_V1;C2M2_REPAIR_V1
C2M2_DECISION;4047;3;4;2025.01.28 18:32:26;2025.01.28 18:32:26;1;2025.01.28 18:31:00;2025.01.28 18:32:00;0.97;0.035131;21.1407;29.4261;13.3756;2761.13;true;ALLOW;FIRST;SELL;2;M2;061a1bb47c5bc7768f66cc9dec291d5c5e8b7135;C2_M2_IMPLEMENTATION_REPAIR_SPEC_V1;C2M2_REPAIR_V1
C2M2_DECISION;4059;3;4;2025.02.11 13:02:54;2025.02.11 13:02:54;1;2025.02.11 13:01:00;2025.02.11 13:02:00;2.85;0.098708;52.7391;11.1991;36.2799;2887.30;true;VETO;FIRST;BUY;2;M2;061a1bb47c5bc7768f66cc9dec291d5c5e8b7135;C2_M2_IMPLEMENTATION_REPAIR_SPEC_V1;C2M2_REPAIR_V1
C2M2_DECISION;4083;3;4;2025.02.28 13:59:48;2025.02.28 13:59:48;1;2025.02.28 13:58:00;2025.02.28 13:59:00;1.56;0.054649;31.0977;12.4913;23.0923;2851.37;true;ALLOW;FIRST;BUY;2;M2;061a1bb47c5bc7768f66cc9dec291d5c5e8b7135;C2_M2_IMPLEMENTATION_REPAIR_SPEC_V1;C2M2_REPAIR_V1
C2M2_DECISION;4098;3;4;2025.03.10 18:05:08;2025.03.10 18:05:08;1;2025.03.10 18:04:00;2025.03.10 18:05:00;1.58;0.054917;35.2148;9.6829;30.5141;2881.61;true;ALLOW;FIRST;BUY;2;M2;061a1bb47c5bc7768f66cc9dec291d5c5e8b7135;C2_M2_IMPLEMENTATION_REPAIR_SPEC_V1;C2M2_REPAIR_V1
C2M2_DECISION;4111;3;4;2025.03.21 04:00:50;2025.03.21 04:00:50;1;2025.03.21 03:59:00;2025.03.21 04:00:00;0.48;0.015757;22.5457;14.3922;38.2528;3030.32;true;ALLOW;FIRST;BUY;2;M2;061a1bb47c5bc7768f66cc9dec291d5c5e8b7135;C2_M2_IMPLEMENTATION_REPAIR_SPEC_V1;C2M2_REPAIR_V1
C2M2_DECISION;4112;3;4;2025.03.21 13:38:13;2025.03.21 13:38:13;1;2025.03.21 13:37:00;2025.03.21 13:38:00;2.82;0.093295;67.2646;3.5223;29.5595;3022.13;true;VETO;FIRST;BUY;2;M2;061a1bb47c5bc7768f66cc9dec291d5c5e8b7135;C2_M2_IMPLEMENTATION_REPAIR_SPEC_V1;C2M2_REPAIR_V1
C2M2_DECISION;4126;3;4;2025.04.03 11:01:43;2025.04.03 11:01:43;1;2025.04.03 11:00:00;2025.04.03 11:01:00;5.65;0.182674;51.2055;5.4426;32.9536;3092.93;true;VETO;FIRST;BUY;2;M2;061a1bb47c5bc7768f66cc9dec291d5c5e8b7135;C2_M2_IMPLEMENTATION_REPAIR_SPEC_V1;C2M2_REPAIR_V1
C2M2_DECISION;4154;3;4;2025.04.25 05:54:49;2025.04.25 05:54:49;1;2025.04.25 05:53:00;2025.04.25 05:54:00;3.88;0.117612;70.7197;4.2030;34.7209;3296.84;true;VETO;FIRST;BUY;2;M2;061a1bb47c5bc7768f66cc9dec291d5c5e8b7135;C2_M2_IMPLEMENTATION_REPAIR_SPEC_V1;C2M2_REPAIR_V1
C2M2_DECISION;4180;3;4;2025.05.14 12:45:44;2025.05.14 12:45:44;1;2025.05.14 12:44:00;2025.05.14 12:45:00;2.90;0.090482;38.3310;12.4352;28.5959;3200.63;true;ALLOW;FIRST;BUY;2;M2;061a1bb47c5bc7768f66cc9dec291d5c5e8b7135;C2_M2_IMPLEMENTATION_REPAIR_SPEC_V1;C2M2_REPAIR_V1
C2M2_DECISION;4207;3;4;2025.06.03 01:00:10;2025.06.03 01:00:10;1;2025.06.03 00:59:00;2025.06.03 01:00:00;1.64;0.048658;20.3434;16.1623;26.9541;3375.61;true;ALLOW;FIRST;BUY;2;M2;061a1bb47c5bc7768f66cc9dec291d5c5e8b7135;C2_M2_IMPLEMENTATION_REPAIR_SPEC_V1;C2M2_REPAIR_V1
C2M2_DECISION;4216;3;4;2025.06.10 01:25:33;2025.06.10 01:25:33;1;2025.06.10 01:24:00;2025.06.10 01:25:00;1.71;0.051538;27.4883;11.4314;32.4157;3311.14;true;ALLOW;FIRST;BUY;2;M2;061a1bb47c5bc7768f66cc9dec291d5c5e8b7135;C2_M2_IMPLEMENTATION_REPAIR_SPEC_V1;C2M2_REPAIR_V1
C2M2_DECISION;4225;3;4;2025.06.17 03:23:08;2025.06.17 03:23:08;1;2025.06.17 03:22:00;2025.06.17 03:23:00;1.90;0.056112;58.1069;7.1851;34.9410;3379.86;true;VETO;FIRST;BUY;2;M2;061a1bb47c5bc7768f66cc9dec291d5c5e8b7135;C2_M2_IMPLEMENTATION_REPAIR_SPEC_V1;C2M2_REPAIR_V1
C2M2_DECISION;4227;3;4;2025.06.18 04:45:09;2025.06.18 04:45:09;1;2025.06.18 04:44:00;2025.06.18 04:45:00;0.99;0.029237;27.5562;32.2068;10.5649;3397.20;true;ALLOW;FIRST;SELL;2;M2;061a1bb47c5bc7768f66cc9dec291d5c5e8b7135;C2_M2_IMPLEMENTATION_REPAIR_SPEC_V1;C2M2_REPAIR_V1
C2M2_DECISION;4230;3;4;2025.06.19 06:11:23;2025.06.19 06:11:23;1;2025.06.19 06:10:00;2025.06.19 06:11:00;2.78;0.083064;46.2960;9.2416;35.9853;3351.91;true;ALLOW;FIRST;BUY;2;M2;061a1bb47c5bc7768f66cc9dec291d5c5e8b7135;C2_M2_IMPLEMENTATION_REPAIR_SPEC_V1;C2M2_REPAIR_V1
C2M2_DECISION;4235;3;4;2025.06.23 22:18:05;2025.06.23 22:18:05;1;2025.06.23 22:17:00;2025.06.23 22:18:00;2.87;0.085500;27.2332;14.4651;37.4580;3356.72;true;ALLOW;FIRST;BUY;2;M2;061a1bb47c5bc7768f66cc9dec291d5c5e8b7135;C2_M2_IMPLEMENTATION_REPAIR_SPEC_V1;C2M2_REPAIR_V1
C2M2_DECISION;4257;3;4;2025.07.11 12:35:26;2025.07.11 12:35:26;1;2025.07.11 12:34:00;2025.07.11 12:35:00;1.29;0.038400;26.6553;24.1096;9.0818;3350.22;true;ALLOW;FIRST;SELL;2;M2;061a1bb47c5bc7768f66cc9dec291d5c5e8b7135;C2_M2_IMPLEMENTATION_REPAIR_SPEC_V1;C2M2_REPAIR_V1
C2M2_DECISION;4272;3;4;2025.07.24 11:30:50;2025.07.24 11:30:50;1;2025.07.24 11:29:00;2025.07.24 11:30:00;0.46;0.013797;40.2052;11.4643;25.6087;3363.14;true;ALLOW;FIRST;BUY;2;M2;061a1bb47c5bc7768f66cc9dec291d5c5e8b7135;C2_M2_IMPLEMENTATION_REPAIR_SPEC_V1;C2M2_REPAIR_V1
C2M2_DECISION;4286;3;4;2025.08.05 11:34:06;2025.08.05 11:34:06;1;2025.08.05 11:33:00;2025.08.05 11:34:00;0.77;0.023029;33.2891;7.0257;25.0328;3351.24;true;ALLOW;FIRST;BUY;2;M2;061a1bb47c5bc7768f66cc9dec291d5c5e8b7135;C2_M2_IMPLEMENTATION_REPAIR_SPEC_V1;C2M2_REPAIR_V1
C2M2_DECISION;4308;3;4;2025.08.21 04:47:59;2025.08.21 04:47:59;1;2025.08.21 04:46:00;2025.08.21 04:47:00;0.24;0.007316;39.7729;15.3322;18.2140;3338.78;true;ALLOW;FIRST;BUY;2;M2;061a1bb47c5bc7768f66cc9dec291d5c5e8b7135;C2_M2_IMPLEMENTATION_REPAIR_SPEC_V1;C2M2_REPAIR_V1
C2M2_DECISION;4314;3;4;2025.08.25 23:15:26;2025.08.25 23:15:26;1;2025.08.25 23:14:00;2025.08.25 23:15:00;1.59;0.047273;67.7083;4.7449;49.1232;3358.16;true;VETO;FIRST;BUY;2;M2;061a1bb47c5bc7768f66cc9dec291d5c5e8b7135;C2_M2_IMPLEMENTATION_REPAIR_SPEC_V1;C2M2_REPAIR_V1
C2M2_DECISION;4317;3;4;2025.08.29 01:24:30;2025.08.29 01:24:30;1;2025.08.29 01:23:00;2025.08.29 01:24:00;0.54;0.015885;38.7130;10.7639;27.2249;3410.43;true;ALLOW;FIRST;BUY;2;M2;061a1bb47c5bc7768f66cc9dec291d5c5e8b7135;C2_M2_IMPLEMENTATION_REPAIR_SPEC_V1;C2M2_REPAIR_V1
C2M2_DECISION;4321;3;4;2025.09.02 07:51:42;2025.09.02 07:51:42;1;2025.09.02 07:50:00;2025.09.02 07:51:00;1.73;0.049643;31.9120;14.3731;41.0158;3478.34;true;ALLOW;FIRST;BUY;2;M2;061a1bb47c5bc7768f66cc9dec291d5c5e8b7135;C2_M2_IMPLEMENTATION_REPAIR_SPEC_V1;C2M2_REPAIR_V1
C2M2_DECISION;4394;3;4;2025.10.28 08:42:05;2025.10.28 08:42:05;1;2025.10.28 08:41:00;2025.10.28 08:42:00;3.26;0.083403;40.9898;5.9781;25.3431;3905.75;true;ALLOW;FIRST;BUY;2;M2;061a1bb47c5bc7768f66cc9dec291d5c5e8b7135;C2_M2_IMPLEMENTATION_REPAIR_SPEC_V1;C2M2_REPAIR_V1
C2M2_DECISION;4410;3;4;2025.11.10 13:02:31;2025.11.10 13:02:31;1;2025.11.10 13:01:00;2025.11.10 13:02:00;1.78;0.043419;31.8821;30.0812;14.4956;4099.61;true;ALLOW;FIRST;SELL;2;M2;061a1bb47c5bc7768f66cc9dec291d5c5e8b7135;C2_M2_IMPLEMENTATION_REPAIR_SPEC_V1;C2M2_REPAIR_V1
C2M2_DECISION;4471;3;4;2026.01.07 13:09:39;2026.01.07 13:09:39;1;2026.01.07 13:08:00;2026.01.07 13:09:00;4.58;0.103270;47.4108;7.5883;38.8387;4432.56;true;ALLOW;FIRST;BUY;2;M2;061a1bb47c5bc7768f66cc9dec291d5c5e8b7135;C2_M2_IMPLEMENTATION_REPAIR_SPEC_V1;C2M2_REPAIR_V1
C2M2_DECISION;4476;3;4;2026.01.09 01:08:22;2026.01.09 01:08:22;1;2026.01.09 01:07:00;2026.01.09 01:08:00;3.64;0.081666;43.8177;6.1732;29.1069;4454.14;true;ALLOW;FIRST;BUY;2;M2;061a1bb47c5bc7768f66cc9dec291d5c5e8b7135;C2_M2_IMPLEMENTATION_REPAIR_SPEC_V1;C2M2_REPAIR_V1
C2M2_DECISION;4527;3;4;2026.02.25 19:05:41;2026.02.25 19:05:41;1;2026.02.25 19:04:00;2026.02.25 19:05:00;1.26;0.024131;39.9990;10.0548;27.7947;5200.72;true;ALLOW;FIRST;BUY;2;M2;061a1bb47c5bc7768f66cc9dec291d5c5e8b7135;C2_M2_IMPLEMENTATION_REPAIR_SPEC_V1;C2M2_REPAIR_V1
C2M2_DECISION;4552;3;4;2026.03.11 22:56:24;2026.03.11 22:56:24;1;2026.03.11 22:55:00;2026.03.11 22:56:00;3.06;0.059404;28.4454;15.1830;24.4268;5155.34;true;ALLOW;FIRST;BUY;2;M2;061a1bb47c5bc7768f66cc9dec291d5c5e8b7135;C2_M2_IMPLEMENTATION_REPAIR_SPEC_V1;C2M2_REPAIR_V1
C2M2_DECISION;4559;3;4;2026.03.19 06:29:59;2026.03.19 06:29:59;1;2026.03.19 06:28:00;2026.03.19 06:29:00;3.60;0.074696;36.0830;19.9441;28.1344;4819.52;true;ALLOW;FIRST;BUY;2;M2;061a1bb47c5bc7768f66cc9dec291d5c5e8b7135;C2_M2_IMPLEMENTATION_REPAIR_SPEC_V1;C2M2_REPAIR_V1
C2M2_DECISION;4607;3;4;2026.04.21 06:02:59;2026.04.21 06:02:59;1;2026.04.21 06:01:00;2026.04.21 06:02:00;4.05;0.084742;51.1049;8.6287;33.2603;4779.19;true;VETO;FIRST;BUY;2;M2;061a1bb47c5bc7768f66cc9dec291d5c5e8b7135;C2_M2_IMPLEMENTATION_REPAIR_SPEC_V1;C2M2_REPAIR_V1
C2M2_DECISION;4609;3;4;2026.04.22 05:16:22;2026.04.22 05:16:22;1;2026.04.22 05:15:00;2026.04.22 05:16:00;0.99;0.020883;25.6792;23.2241;16.1366;4756.19;true;ALLOW;FIRST;SELL;2;M2;061a1bb47c5bc7768f66cc9dec291d5c5e8b7135;C2_M2_IMPLEMENTATION_REPAIR_SPEC_V1;C2M2_REPAIR_V1
C2M2_DECISION;4614;3;4;2026.04.26 22:10:01;2026.04.26 22:10:01;1;2026.04.26 22:09:00;2026.04.26 22:10:00;5.22;0.111446;24.3967;17.4153;32.1433;4681.63;true;ALLOW;FIRST;BUY;2;M2;061a1bb47c5bc7768f66cc9dec291d5c5e8b7135;C2_M2_IMPLEMENTATION_REPAIR_SPEC_V1;C2M2_REPAIR_V1
C2M2_DECISION;4617;3;4;2026.04.29 13:40:19;2026.04.29 13:40:19;1;2026.04.29 13:39:00;2026.04.29 13:40:00;4.68;0.103345;41.4833;5.9516;28.0434;4525.38;true;ALLOW;FIRST;BUY;2;M2;061a1bb47c5bc7768f66cc9dec291d5c5e8b7135;C2_M2_IMPLEMENTATION_REPAIR_SPEC_V1;C2M2_REPAIR_V1
C2M2_DECISION;4625;3;4;2026.05.04 10:12:30;2026.05.04 10:12:30;1;2026.05.04 10:11:00;2026.05.04 10:12:00;4.74;0.104190;67.5744;6.4874;34.7542;4544.60;true;VETO;FIRST;BUY;2;M2;061a1bb47c5bc7768f66cc9dec291d5c5e8b7135;C2_M2_IMPLEMENTATION_REPAIR_SPEC_V1;C2M2_REPAIR_V1
C2M2_DECISION;4635;3;4;2026.05.10 22:00:02;2026.05.10 22:00:02;1;2026.05.08 20:59:00;2026.05.08 21:00:00;1.59;0.033840;24.3337;18.6421;24.9568;4712.65;true;ALLOW;FIRST;BUY;2;M2;061a1bb47c5bc7768f66cc9dec291d5c5e8b7135;C2_M2_IMPLEMENTATION_REPAIR_SPEC_V1;C2M2_REPAIR_V1
C2M2_DECISION;4639;3;4;2026.05.12 15:22:46;2026.05.12 15:22:46;1;2026.05.12 15:21:00;2026.05.12 15:22:00;3.76;0.080807;50.0099;5.3193;30.7802;4656.16;true;VETO;FIRST;BUY;2;M2;061a1bb47c5bc7768f66cc9dec291d5c5e8b7135;C2_M2_IMPLEMENTATION_REPAIR_SPEC_V1;C2M2_REPAIR_V1
C2M2_DECISION;4686;3;4;2026.06.10 11:58:53;2026.06.10 11:58:53;1;2026.06.10 11:57:00;2026.06.10 11:58:00;3.43;0.082702;27.6808;11.5062;28.9215;4150.45;true;ALLOW;FIRST;BUY;2;M2;061a1bb47c5bc7768f66cc9dec291d5c5e8b7135;C2_M2_IMPLEMENTATION_REPAIR_SPEC_V1;C2M2_REPAIR_V1
C2M2_DECISION;4704;3;4;2026.06.19 03:58:47;2026.06.19 03:58:47;1;2026.06.19 03:57:00;2026.06.19 03:58:00;1.44;0.034637;32.1387;11.7246;25.0241;4157.36;true;ALLOW;FIRST;BUY;2;M2;061a1bb47c5bc7768f66cc9dec291d5c5e8b7135;C2_M2_IMPLEMENTATION_REPAIR_SPEC_V1;C2M2_REPAIR_V1
C2M2_DECISION;4722;3;4;2026.07.01 00:30:55;2026.07.01 00:30:55;1;2026.07.01 00:29:00;2026.07.01 00:30:00;1.88;0.047045;23.5637;16.0651;26.4615;4001.47;true;ALLOW;FIRST;BUY;2;M2;061a1bb47c5bc7768f66cc9dec291d5c5e8b7135;C2_M2_IMPLEMENTATION_REPAIR_SPEC_V1;C2M2_REPAIR_V1
C2M2_DECISION;4739;3;4;2026.07.10 20:59:58;2026.07.10 20:59:58;1;2026.07.10 20:58:00;2026.07.10 20:59:00;1.68;0.040785;50.3057;30.9408;13.2368;4119.15;true;ALLOW;FIRST;SELL;2;M2;061a1bb47c5bc7768f66cc9dec291d5c5e8b7135;C2_M2_IMPLEMENTATION_REPAIR_SPEC_V1;C2M2_REPAIR_V1
C2M2_DECISION;4748;3;4;2026.07.21 05:42:44;2026.07.21 05:42:44;1;2026.07.21 05:41:00;2026.07.21 05:42:00;2.31;0.056903;48.5629;38.3138;6.9174;4063.95;true;VETO;FIRST;SELL;2;M2;061a1bb47c5bc7768f66cc9dec291d5c5e8b7135;C2_M2_IMPLEMENTATION_REPAIR_SPEC_V1;C2M2_REPAIR_V1
C2M2_DECISION;4755;3;4;2026.07.28 01:00:06;2026.07.28 01:00:06;1;2026.07.28 00:59:00;2026.07.28 01:00:00;1.72;0.042451;23.4002;16.0892;22.9068;4057.64;true;ALLOW;FIRST;BUY;2;M2;061a1bb47c5bc7768f66cc9dec291d5c5e8b7135;C2_M2_IMPLEMENTATION_REPAIR_SPEC_V1;C2M2_REPAIR_V1
