sep=,
MarketSignalID,MarketSignalKey,Symbol,Timeframe,Direction,PriceSource,P1Time,P2Time,P3Time,SignalTime,ConfirmationTime,DetectorEvaluationTime,T0BarTime,T0Close,T0ATR,T0ATRPeriod,T0ATRTimeframe,T0ATRShift,T0ATRValid,HorizonBars,CompletedFutureBars,HorizonComplete,FutureMFE,FutureMAE,FutureMFE_ATR,FutureMAE_ATR,TargetVersion,TargetATRMultiple,TargetHit,BarsToTarget,DataGapDetected,MaxInterBarGapSeconds,CensorReason,ExecutionQCAvailableAtT0,ExecutionQCPassAtT0,EventualProfileStatus,EventualWasExecuted,EventualExecutedSetupID,WasExecuted,ExecutedSetupID,ActualOutcomeJoinStatus,StrategyOutcomeComplete,StrategyStep4Plus,StrategyStopFlag,StrategyFinalPnL,BaselineCommit,BaselineSHA256,ResearchProtocolVersion,SchemaVersion,FeatureSnapshotVersion,FeatureSnapshotCapturedAt,FeatureSnapshotComplete,FeatureMissingMask,FeatureCaptureError,T0Year,T0Month,T0DayOfWeek,T0Hour,T0Minute,T0Session,Gap12Bars,Gap23Bars,PivotSpanBars,Gap12Minutes,Gap23Minutes,PivotSpanMinutes,GapRatio23To12,GapRatioValid,P1Price,P2Price,P3Price,PriceLeg12,PriceLeg23,PriceLegRatio23To12,PriceSpan,PriceSpanATR,P3ToT0Close,P3ToT0CloseATR,PivotPriceGeometryValid,PriceLegRatioValid,P1RSI,P2RSI,P3RSI,RSILeg12,RSILeg23,RSILegRatio23To12,RSISpan,RSISlope12PerBar,RSISlope23PerBar,PivotRSIGeometryValid,RSILegRatioValid,T0Open,T0High,T0Low,T0CloseFeature,T0Range,T0Body,T0BodyToRange,T0CloseLocationValue,T0UpperWickToRange,T0LowerWickToRange,T0CandleValid,T0ATRFeature,T0ATRPercentOfClose,T0SpreadPoints,T0SpreadPrice,T0SpreadToATR,T0TickAvailable,T0VolatilitySpreadValid,FeatureBarTime_M1,FeatureShift_M1,FeatureValid_M1,RSI_M1,ATR_M1,ATRPercentOfClose_M1,ADX_M1,DIPlus_M1,DIMinus_M1,DIGap_M1,CCI_M1,EMA20_M1,EMA50_M1,EMA100_M1,EMA200_M1,CloseToEMA20ATR_M1,CloseToEMA50ATR_M1,CloseToEMA200ATR_M1,EMAGap20To50ATR_M1,EMAGap50To200ATR_M1,EMAOrder_M1,TrendRegime_M1,MACDMain_M1,MACDSignal_M1,MACDHistogram_M1,StochasticK_M1,StochasticD_M1,WPR_M1,BBWidthATR_M1,BBPosition_M1,BBSqueeze_M1,FeatureBarTime_M5,FeatureShift_M5,FeatureValid_M5,RSI_M5,ATR_M5,ATRPercentOfClose_M5,ADX_M5,DIPlus_M5,DIMinus_M5,DIGap_M5,CCI_M5,EMA20_M5,EMA50_M5,EMA100_M5,EMA200_M5,CloseToEMA20ATR_M5,CloseToEMA50ATR_M5,CloseToEMA200ATR_M5,EMAGap20To50ATR_M5,EMAGap50To200ATR_M5,EMAOrder_M5,TrendRegime_M5,MACDMain_M5,MACDSignal_M5,MACDHistogram_M5,StochasticK_M5,StochasticD_M5,WPR_M5,BBWidthATR_M5,BBPosition_M5,BBSqueeze_M5,FeatureBarTime_M15,FeatureShift_M15,FeatureValid_M15,RSI_M15,ATR_M15,ATRPercentOfClose_M15,ADX_M15,DIPlus_M15,DIMinus_M15,DIGap_M15,CCI_M15,EMA20_M15,EMA50_M15,EMA100_M15,EMA200_M15,CloseToEMA20ATR_M15,CloseToEMA50ATR_M15,CloseToEMA200ATR_M15,EMAGap20To50ATR_M15,EMAGap50To200ATR_M15,EMAOrder_M15,TrendRegime_M15,MACDMain_M15,MACDSignal_M15,MACDHistogram_M15,StochasticK_M15,StochasticD_M15,WPR_M15,BBWidthATR_M15,BBPosition_M15,BBSqueeze_M15,FeatureBarTime_M30,FeatureShift_M30,FeatureValid_M30,RSI_M30,ATR_M30,ATRPercentOfClose_M30,ADX_M30,DIPlus_M30,DIMinus_M30,DIGap_M30,CCI_M30,EMA20_M30,EMA50_M30,EMA100_M30,EMA200_M30,CloseToEMA20ATR_M30,CloseToEMA50ATR_M30,CloseToEMA200ATR_M30,EMAGap20To50ATR_M30,EMAGap50To200ATR_M30,EMAOrder_M30,TrendRegime_M30,MACDMain_M30,MACDSignal_M30,MACDHistogram_M30,StochasticK_M30,StochasticD_M30,WPR_M30,BBWidthATR_M30,BBPosition_M30,BBSqueeze_M30,FeatureBarTime_H1,FeatureShift_H1,FeatureValid_H1,RSI_H1,ATR_H1,ATRPercentOfClose_H1,ADX_H1,DIPlus_H1,DIMinus_H1,DIGap_H1,CCI_H1,EMA20_H1,EMA50_H1,EMA100_H1,EMA200_H1,CloseToEMA20ATR_H1,CloseToEMA50ATR_H1,CloseToEMA200ATR_H1,EMAGap20To50ATR_H1,EMAGap50To200ATR_H1,EMAOrder_H1,TrendRegime_H1,MACDMain_H1,MACDSignal_H1,MACDHistogram_H1,StochasticK_H1,StochasticD_H1,WPR_H1,BBWidthATR_H1,BBPosition_H1,BBSqueeze_H1,FeatureBarTime_H4,FeatureShift_H4,FeatureValid_H4,RSI_H4,ATR_H4,ATRPercentOfClose_H4,ADX_H4,DIPlus_H4,DIMinus_H4,DIGap_H4,CCI_H4,EMA20_H4,EMA50_H4,EMA100_H4,EMA200_H4,CloseToEMA20ATR_H4,CloseToEMA50ATR_H4,CloseToEMA200ATR_H4,EMAGap20To50ATR_H4,EMAGap50To200ATR_H4,EMAOrder_H4,TrendRegime_H4,MACDMain_H4,MACDSignal_H4,MACDHistogram_H4,StochasticK_H4,StochasticD_H4,WPR_H4,BBWidthATR_H4,BBPosition_H4,BBSqueeze_H4,MTFValidCount,MTFEMA200Align,MTFDIAlign,MTFSqueezeCount,MTFBullTrendCount,MTFBearTrendCount,MTFConflictCount,MTFAggregateValid
1,XAUUSD|PERIOD_M1|SELL|1388709420|1388709960|1388710500|1388710620|MARKET_EDGE_MFE_ATR_12_V1,XAUUSD,PERIOD_M1,SELL,BID_OHLC,2014.01.03 00:37:00,2014.01.03 00:46:00,2014.01.03 00:55:00,2014.01.03 00:57:00,2014.01.03 00:57:00,2014.01.03 00:58:05,2014.01.03 00:57:00,1234.87,1.23,4,PERIOD_M1,1,1,12,12,1,1.73,0.57,1.40645948,0.46231972,MARKET_EDGE_MFE_ATR_12_V1,1.0,1,12,0,60,,0,,NOT_EXECUTED_OR_UNRESOLVED,0,,0,,NOT_APPLICABLE_NON_EXECUTED,0,,,,5d926eed3daf312d7810863a3786293984c991b1,34c7e44e89019e46fb4b93a3ac7e556c392839a536990c8508c8c4378fe5fdce,V923_PASSIVE_MARKET_EDGE_V1,V924_MARKET_EDGE_SCHEMA_V2,MARKET_EDGE_FEATURE_SNAPSHOT_T0_V2,2014.01.03 00:58:05,0,M15|M30|H1|H4,,2014,1,5,0,57,ASIA,9,9,18,9,9,18,1.00000000,1,1234.16,1234.34,1235.94,0.18,1.61,9.11931818,1.78,1.44708511,-1.07,-0.86857607,1,1,92.88690061,76.34878453,73.82908966,-16.53811608,-2.51969487,0.15235683,19.05781095,-1.83756845,-0.27996610,1,1,1234.93,1234.94,1234.74,1234.87,0.20,0.06,0.30150754,0.65326633,0.04522613,0.65326633,1,1.23,0.09966612,44,0.44,0.35506805,1,1,2014.01.03 00:57:00,1,1,65.82128380,1.23,0.09966612,48.75138929,24.38759450,6.69821346,17.68938105,92.74587225,1232.90,1229.94,1227.78,1226.37,1.60412066,4.00562007,6.90966631,2.40149940,2.90404624,E20>E50>E100>E200,UP,1.81897830,1.86983157,-0.05085327,76.24061835,75.49224735,-26.69163546,3.70829531,0.82814529,0,2014.01.03 00:50:00,1,1,86.63098455,3.58,0.29018787,45.09947892,38.02958507,4.99069723,33.03888783,146.38662986,1227.42,1225.89,1224.93,1222.75,1.82201770,2.24920421,3.12434133,0.42718652,0.87513711,E20>E50>E100>E200,UP,1.98619512,0.66642998,1.31976514,83.34548485,81.31389741,-12.50205491,3.78442352,1.07236052,0,2014.01.03 00:30:00,1,0,,,,,,,,,,,,,,,,,,,,,,,,,,,,,2014.01.03 00:00:00,1,0,,,,,,,,,,,,,,,,,,,,,,,,,,,,,2014.01.02 23:00:00,1,0,,,,,,,,,,,,,,,,,,,,,,,,,,,,,2014.01.02 20:00:00,1,0,,,,,,,,,,,,,,,,,,,,,,,,,,,,,2,0,0,0,2,0,2,1
2,XAUUSD|PERIOD_M1|BUY|1388721180|1388721780|1388722440|1388722560|MARKET_EDGE_MFE_ATR_12_V1,XAUUSD,PERIOD_M1,BUY,BID_OHLC,2014.01.03 03:53:00,2014.01.03 04:03:00,2014.01.03 04:14:00,2014.01.03 04:16:00,2014.01.03 04:16:00,2014.01.03 04:17:09,2014.01.03 04:16:00,1229.62,0.17,4,PERIOD_M1,1,1,12,12,1,0.79,0.11,4.68249258,0.63501484,MARKET_EDGE_MFE_ATR_12_V1,1.0,1,1,0,60,,0,,EXECUTED,1,1,1,1,MATCHED_FINALIZED,1,0,0,2.02,5d926eed3daf312d7810863a3786293984c991b1,34c7e44e89019e46fb4b93a3ac7e556c392839a536990c8508c8c4378fe5fdce,V923_PASSIVE_MARKET_EDGE_V1,V924_MARKET_EDGE_SCHEMA_V2,MARKET_EDGE_FEATURE_SNAPSHOT_T0_V2,2014.01.03 04:17:09,0,M15|M30|H1|H4,,2014,1,5,4,16,ASIA,10,11,21,10,11,21,1.10000000,1,1229.52,1229.51,1229.29,-0.01,-0.22,15.50000000,0.23,1.37091988,0.33,1.98219585,1,1,9.15713599,28.71132087,32.20411098,19.55418488,3.49279011,0.17862111,23.04697499,1.95541849,0.31752637,1,1,1229.54,1229.62,1229.46,1229.62,0.16,0.08,0.52500000,1.00000000,0.00000000,0.47500000,1,0.17,0.01370339,33,0.33,1.93471810,1,1,2014.01.03 04:16:00,1,1,58.36051802,0.17,0.01370339,29.97454267,24.20639778,16.19324536,8.01315242,72.50880464,1229.64,1230.17,1230.57,1230.29,-0.11878546,-3.26210894,-3.94255236,-3.14332349,-0.68044342,MIXED,RANGE,-0.23894582,-0.30163202,0.06268620,72.54004577,42.47810093,-19.90407674,5.47726049,0.54382836,0,2014.01.03 04:10:00,1,1,15.71506619,0.42,0.03438840,47.27525367,4.94364654,33.26244593,28.31879938,-115.58570417,1230.53,1229.94,1228.33,1225.53,-2.81495126,-1.41621989,9.01328389,1.39873137,10.42950378,E20>E50>E100>E200,UP,-0.29949377,0.05908780,-0.35858158,3.55630821,5.92002137,-98.39589349,9.33712025,0.06659893,0,2014.01.03 04:00:00,1,0,,,,,,,,,,,,,,,,,,,,,,,,,,,,,2014.01.03 03:30:00,1,0,,,,,,,,,,,,,,,,,,,,,,,,,,,,,2014.01.03 03:00:00,1,0,,,,,,,,,,,,,,,,,,,,,,,,,,,,,2014.01.03 00:00:00,1,0,,,,,,,,,,,,,,,,,,,,,,,,,,,,,2,1,1,0,1,0,0,1
3,XAUUSD|PERIOD_M1|SELL|1388723220|1388723400|1388723640|1388723760|MARKET_EDGE_MFE_ATR_12_V1,XAUUSD,PERIOD_M1,SELL,BID_OHLC,2014.01.03 04:27:00,2014.01.03 04:30:00,2014.01.03 04:34:00,2014.01.03 04:36:00,2014.01.03 04:36:00,2014.01.03 04:37:00,2014.01.03 04:36:00,1230.55,0.18,4,PERIOD_M1,1,1,12,12,1,0.35,0.05,1.92510402,0.28848821,MARKET_EDGE_MFE_ATR_12_V1,1.0,1,1,0,60,,0,,NOT_EXECUTED_OR_UNRESOLVED,0,,0,,NOT_APPLICABLE_NON_EXECUTED,0,,,,5d926eed3daf312d7810863a3786293984c991b1,34c7e44e89019e46fb4b93a3ac7e556c392839a536990c8508c8c4378fe5fdce,V923_PASSIVE_MARKET_EDGE_V1,V924_MARKET_EDGE_SCHEMA_V2,MARKET_EDGE_FEATURE_SNAPSHOT_T0_V2,2014.01.03 04:37:00,0,M15|M30|H1|H4,,2014,1,5,4,36,ASIA,3,4,7,3,4,7,1.33333333,1,1230.41,1230.70,1230.71,0.29,0.01,0.04181185,0.30,1.65880721,-0.16,-0.90984743,1,1,80.58182313,71.49669517,67.67766205,-9.08512796,-3.81903312,0.42036096,12.90416108,-3.02837599,-0.95475828,1,1,1230.45,1230.61,1230.44,1230.55,0.17,0.10,0.56213018,0.63905325,0.36094675,0.07692308,1,0.18,0.01464796,36,0.36,1.99722607,1,1,2014.01.03 04:36:00,1,1,62.94388787,0.18,0.01464796,39.24907942,21.88472971,10.51266015,11.37206956,66.60258721,1230.23,1230.20,1230.44,1230.27,1.73297811,1.90854407,1.55767175,0.17556596,-0.35087232,MIXED,RANGE,0.19957930,0.16221310,0.03736619,59.44363104,71.15240932,-18.28316611,8.10856743,0.77063377,0,2014.01.03 04:30:00,1,1,63.37542246,0.56,0.04542618,34.55449167,25.30861315,18.76560431,6.54300884,18.86953279,1230.38,1229.96,1228.46,1225.71,0.33107651,1.09420386,8.69764130,0.76312735,7.60343744,E20>E50>E100>E200,UP,-0.24133816,-0.20881394,-0.03252422,81.68552710,57.21202888,-47.47433265,6.95834789,0.46686134,0,2014.01.03 04:15:00,1,0,,,,,,,,,,,,,,,,,,,,,,,,,,,,,2014.01.03 04:00:00,1,0,,,,,,,,,,,,,,,,,,,,,,,,,,,,,2014.01.03 03:00:00,1,0,,,,,,,,,,,,,,,,,,,,,,,,,,,,,2014.01.03 00:00:00,1,0,,,,,,,,,,,,,,,,,,,,,,,,,,,,,2,0,0,0,1,0,1,1
4,XAUUSD|PERIOD_M1|BUY|1388753220|1388753880|1388754180|1388754300|MARKET_EDGE_MFE_ATR_12_V1,XAUUSD,PERIOD_M1,BUY,BID_OHLC,2014.01.03 12:47:00,2014.01.03 12:58:00,2014.01.03 13:03:00,2014.01.03 13:05:00,2014.01.03 13:05:00,2014.01.03 13:06:00,2014.01.03 13:05:00,1229.43,0.99,4,PERIOD_M1,1,1,12,12,1,1.53,0.03,1.55025381,0.03045685,MARKET_EDGE_MFE_ATR_12_V1,1.0,1,9,0,60,,0,,EXECUTED,1,2,1,2,MATCHED_FINALIZED,1,0,0,3.73,5d926eed3daf312d7810863a3786293984c991b1,34c7e44e89019e46fb4b93a3ac7e556c392839a536990c8508c8c4378fe5fdce,V923_PASSIVE_MARKET_EDGE_V1,V924_MARKET_EDGE_SCHEMA_V2,MARKET_EDGE_FEATURE_SNAPSHOT_T0_V2,2014.01.03 13:06:00,0,M15|M30|H1|H4,,2014,1,5,13,5,OVERLAP,11,5,16,11,5,16,0.45454545,1,1230.11,1229.96,1229.18,-0.15,-0.78,5.23489933,0.93,0.94314721,0.24,0.24670051,1,1,33.08048896,38.69202026,41.92870455,5.61153131,3.23668429,0.57679163,8.84821560,0.51013921,0.64733686,1,1,1229.86,1230.39,1229.34,1229.43,1.05,0.43,0.40740741,0.07977208,0.51282051,0.07977208,1,0.99,0.08011869,37,0.37,0.37055838,1,1,2014.01.03 13:05:00,1,1,35.85182652,0.99,0.08011869,25.22881038,12.76707207,24.47465185,11.70757978,-119.96228427,1230.43,1230.70,1231.05,1231.48,-1.01862884,-1.29655136,-2.08862009,-0.27792253,-0.79206873,E200>E100>E50>E20,DOWN,-0.24521124,-0.10836148,-0.13684976,22.38482385,25.16819208,-90.96654275,2.60843621,0.03516697,0,2014.01.03 13:00:00,1,1,35.67244321,1.55,0.12635769,25.34703132,18.67164207,19.15313352,0.48149145,-148.29696032,1231.01,1231.58,1231.49,1229.80,-0.75112634,-1.12088396,0.02620598,-0.36975762,1.14708993,MIXED,RANGE,-0.45766567,-0.40109545,-0.05657022,18.73198847,27.48726813,-79.59752322,1.61996943,0.01599497,1,2014.01.03 12:45:00,1,0,,,,,,,,,,,,,,,,,,,,,,,,,,,,,2014.01.03 12:30:00,1,0,,,,,,,,,,,,,,,,,,,,,,,,,,,,,2014.01.03 12:00:00,1,0,,,,,,,,,,,,,,,,,,,,,,,,,,,,,2014.01.03 08:00:00,1,0,,,,,,,,,,,,,,,,,,,,,,,,,,,,,2,1,0,1,0,1,1,1
5,XAUUSD|PERIOD_M1|BUY|1388965500|1388966400|1388967060|1388967180|MARKET_EDGE_MFE_ATR_12_V1,XAUUSD,PERIOD_M1,BUY,BID_OHLC,2014.01.05 23:45:00,2014.01.06 00:00:00,2014.01.06 00:11:00,2014.01.06 00:13:00,2014.01.06 00:13:00,2014.01.06 00:14:00,2014.01.06 00:13:00,1234.87,0.83,4,PERIOD_M1,1,1,12,12,1,0.91,1.30,1.09309309,1.56156156,MARKET_EDGE_MFE_ATR_12_V1,1.0,1,2,0,60,,0,,EXECUTED,1,3,1,3,MATCHED_FINALIZED,1,0,0,4.21,5d926eed3daf312d7810863a3786293984c991b1,34c7e44e89019e46fb4b93a3ac7e556c392839a536990c8508c8c4378fe5fdce,V923_PASSIVE_MARKET_EDGE_V1,V924_MARKET_EDGE_SCHEMA_V2,MARKET_EDGE_FEATURE_SNAPSHOT_T0_V2,2014.01.06 00:14:00,0,M15|M30|H1|H4,,2014,1,1,0,13,ASIA,15,11,26,15,11,26,0.73333333,1,1235.04,1233.34,1232.85,-1.70,-0.49,0.28764706,2.19,2.62942943,2.02,2.42642643,1,1,20.69613012,21.98469829,33.12925487,1.28856817,11.14455658,8.64879080,12.43312475,0.08590454,1.01314151,1,1,1233.57,1234.89,1233.57,1234.87,1.32,1.30,0.98484848,0.98484848,0.01515152,0.00000000,1,0.83,0.06741584,43,0.43,0.52132132,1,1,2014.01.06 00:13:00,1,1,53.43357508,0.83,0.06741584,39.59032248,22.67374210,26.50015875,3.82641665,69.58393043,1234.27,1235.08,1235.73,1236.21,0.72089690,-0.24387984,-1.60724848,-0.96477674,-1.36336864,E200>E100>E50>E20,DOWN,-0.44150751,-0.49215830,0.05065079,62.06760229,40.22524163,-0.98039216,3.31626586,0.72201968,0,2014.01.06 00:05:00,1,1,20.61482169,1.43,0.11639291,45.07191532,6.73638219,36.47281122,29.73642903,-154.17093579,1235.73,1236.29,1235.82,1234.12,-1.97684133,-2.36549007,-0.85159352,-0.38864874,1.51389655,MIXED,RANGE,-0.73231618,-0.29275019,-0.43956598,13.81388083,15.02655331,-100.00000000,3.36140565,-0.16239710,0,2014.01.05 23:45:00,1,0,,,,,,,,,,,,,,,,,,,,,,,,,,,,,2014.01.05 23:30:00,1,0,,,,,,,,,,,,,,,,,,,,,,,,,,,,,2014.01.05 23:00:00,1,0,,,,,,,,,,,,,,,,,,,,,,,,,,,,,2014.01.05 20:00:00,1,0,,,,,,,,,,,,,,,,,,,,,,,,,,,,,2,0,0,0,0,1,1,1
6,XAUUSD|PERIOD_M1|BUY|1389039960|1389040320|1389040680|1389040800|MARKET_EDGE_MFE_ATR_12_V1,XAUUSD,PERIOD_M1,BUY,BID_OHLC,2014.01.06 20:26:00,2014.01.06 20:32:00,2014.01.06 20:38:00,2014.01.06 20:40:00,2014.01.06 20:40:00,2014.01.06 20:41:02,2014.01.06 20:40:00,1238.06,0.15,4,PERIOD_M1,1,1,12,12,1,0.01,0.88,0.06546645,5.78068740,MARKET_EDGE_MFE_ATR_12_V1,1.0,0,,0,60,,0,,NOT_EXECUTED_OR_UNRESOLVED,0,,0,,NOT_APPLICABLE_NON_EXECUTED,0,,,,5d926eed3daf312d7810863a3786293984c991b1,34c7e44e89019e46fb4b93a3ac7e556c392839a536990c8508c8c4378fe5fdce,V923_PASSIVE_MARKET_EDGE_V1,V924_MARKET_EDGE_SCHEMA_V2,MARKET_EDGE_FEATURE_SNAPSHOT_T0_V2,2014.01.06 20:41:02,0,M30|H1|H4,,2014,1,1,20,40,NEWYORK,6,6,12,6,6,12,1.00000000,1,1238.05,1237.81,1237.77,-0.24,-0.04,0.16666667,0.28,1.83306056,0.29,1.89852700,1,1,6.13660550,13.93611434,29.40557108,7.79950884,15.46945674,1.98338858,23.26896558,1.29991814,2.57824279,1,1,1238.10,1238.11,1237.99,1238.06,0.12,0.04,0.32786885,0.62295082,0.04918033,0.62295082,1,0.15,0.01233782,29,0.29,1.93126023,1,1,2014.01.06 20:40:00,1,1,45.17348406,0.15,0.01233782,49.77094445,17.51037685,31.64907607,14.13869922,-25.75757576,1238.39,1238.95,1239.31,1239.72,-2.11707362,-5.78867530,-10.87758603,-3.67160168,-5.08891072,E200>E100>E50>E20,DOWN,-0.38541140,-0.42920478,0.04379338,43.31172658,25.25556062,-62.04188482,12.16074296,0.35292483,0,2014.01.06 20:35:00,1,1,19.83260397,0.77,0.06235194,35.54193876,7.70362065,33.89115456,26.18753391,-148.35095728,1239.34,1239.84,1239.96,1239.45,-1.55743051,-2.21058906,-1.70487363,-0.65315855,0.50571543,MIXED,RANGE,-0.40642351,-0.18706438,-0.21935913,16.36909464,10.88012110,-88.00000000,4.16236946,0.04787049,0,2014.01.06 20:15:00,1,1,28.72367198,1.18,0.09560365,24.21844936,10.28890560,27.59216094,17.30325534,-106.06219768,1239.99,1239.81,1238.41,1233.95,-1.52581149,-1.37148537,3.58176417,0.15432613,4.95324954,E20>E50>E100>E200,UP,-0.23845881,-0.02812612,-0.21033268,47.72192513,61.45247954,-81.54414625,3.82952073,0.00278999,0,2014.01.06 20:00:00,1,0,,,,,,,,,,,,,,,,,,,,,,,,,,,,,2014.01.06 19:00:00,1,0,,,,,,,,,,,,,,,,,,,,,,,,,,,,,2014.01.06 16:00:00,1,0,,,,,,,,,,,,,,,,,,,,,,,,,,,,,3,1,0,0,1,1,1,1
7,XAUUSD|PERIOD_M1|SELL|1389071520|1389071700|1389072600|1389072720|MARKET_EDGE_MFE_ATR_12_V1,XAUUSD,PERIOD_M1,SELL,BID_OHLC,2014.01.07 05:12:00,2014.01.07 05:15:00,2014.01.07 05:30:00,2014.01.07 05:32:00,2014.01.07 05:32:00,2014.01.07 05:33:00,2014.01.07 05:32:00,1241.47,0.23,4,PERIOD_M1,1,1,12,12,1,0.08,0.92,0.33913043,3.98260870,MARKET_EDGE_MFE_ATR_12_V1,1.0,0,,0,60,,0,,NOT_EXECUTED_OR_UNRESOLVED,0,,0,,NOT_APPLICABLE_NON_EXECUTED,0,,,,5d926eed3daf312d7810863a3786293984c991b1,34c7e44e89019e46fb4b93a3ac7e556c392839a536990c8508c8c4378fe5fdce,V923_PASSIVE_MARKET_EDGE_V1,V924_MARKET_EDGE_SCHEMA_V2,MARKET_EDGE_FEATURE_SNAPSHOT_T0_V2,2014.01.07 05:33:00,0,M30|H1|H4,,2014,1,2,5,32,ASIA,3,15,18,3,15,18,5.00000000,1,1240.60,1240.62,1241.52,0.02,0.90,42.61904762,0.92,3.98260870,-0.04,-0.17826087,1,1,67.50058611,66.35511764,62.48873555,-1.14546847,-3.86638209,3.37537190,5.01185057,-0.38182282,-0.25775881,1,1,1241.32,1241.48,1241.26,1241.47,0.22,0.15,0.69090909,0.95909091,0.04090909,0.26818182,1,0.23,0.01852636,36,0.36,1.56521739,1,1,2014.01.07 05:32:00,1,1,70.26792017,0.23,0.01852636,21.41695447,24.26544487,15.20458053,9.06086434,78.61801587,1241.07,1240.82,1240.83,1240.81,1.77196592,2.86250078,2.89063364,1.09053486,0.02813286,MIXED,RANGE,0.23957767,0.23932187,0.00025580,66.01503759,59.63525763,-4.40860215,6.54298938,0.80454103,0,2014.01.07 05:25:00,1,1,62.28338286,0.49,0.03923423,25.28746228,28.99358978,13.56785197,15.42573782,187.76500061,1240.82,1240.72,1240.34,1239.86,0.90694359,1.12391410,2.87230070,0.21697050,1.74838660,E20>E50>E100>E200,UP,-0.06447547,-0.19206630,0.12759083,91.67091187,82.28032189,-14.30288462,2.86314398,0.91711158,0,2014.01.07 05:15:00,1,1,60.33924970,0.79,0.06366499,32.88106155,17.26028328,22.52676137,5.26647810,-27.29415342,1240.63,1240.12,1239.18,1235.58,0.80149183,1.44839339,7.18815409,0.64690156,5.73976070,E20>E50>E100>E200,UP,0.33454548,0.53205809,-0.19751261,54.78071908,36.90578118,-63.48271447,6.55538083,0.58254205,0,2014.01.07 05:00:00,1,0,,,,,,,,,,,,,,,,,,,,,,,,,,,,,2014.01.07 04:00:00,1,0,,,,,,,,,,,,,,,,,,,,,,,,,,,,,2014.01.07 00:00:00,1,0,,,,,,,,,,,,,,,,,,,,,,,,,,,,,3,0,1,0,2,0,2,1
8,XAUUSD|PERIOD_M1|SELL|1389091440|1389091980|1389092460|1389092580|MARKET_EDGE_MFE_ATR_12_V1,XAUUSD,PERIOD_M1,SELL,BID_OHLC,2014.01.07 10:44:00,2014.01.07 10:53:00,2014.01.07 11:01:00,2014.01.07 11:03:00,2014.01.07 11:03:00,2014.01.07 11:04:00,2014.01.07 11:03:00,1239.55,0.38,4,PERIOD_M1,1,1,12,12,1,0.12,0.89,0.31155116,2.35511551,MARKET_EDGE_MFE_ATR_12_V1,1.0,0,,0,60,,0,,NOT_EXECUTED_OR_UNRESOLVED,0,,0,,NOT_APPLICABLE_NON_EXECUTED,0,,,,5d926eed3daf312d7810863a3786293984c991b1,34c7e44e89019e46fb4b93a3ac7e556c392839a536990c8508c8c4378fe5fdce,V923_PASSIVE_MARKET_EDGE_V1,V924_MARKET_EDGE_SCHEMA_V2,MARKET_EDGE_FEATURE_SNAPSHOT_T0_V2,2014.01.07 11:04:00,0,M30|H1|H4,,2014,1,2,11,3,LONDON,9,8,17,9,8,17,0.88888889,1,1238.62,1239.65,1239.98,1.03,0.33,0.31945789,1.36,3.59867987,-0.43,-1.14059406,1,1,61.33724361,56.98788708,56.81105005,-4.34935652,-0.17683703,0.04065821,4.52619356,-0.48326184,-0.02210463,1,1,1239.54,1239.62,1239.51,1239.55,0.11,0.01,0.11711712,0.39639640,0.60360360,0.27927928,1,0.38,0.03055542,35,0.35,0.91353135,1,1,2014.01.07 11:03:00,1,1,56.13198941,0.38,0.03055542,13.29569757,29.72465594,25.84790787,3.87674807,88.71034540,1238.97,1238.66,1238.71,1239.13,1.53338769,2.34456958,1.11178517,0.81118189,-1.23278441,MIXED,RANGE,0.34544348,0.29265779,0.05278569,64.39775910,66.38953190,-25.54701360,7.73504532,0.75808558,0,2014.01.07 10:55:00,1,1,54.87021413,1.09,0.08833715,29.99334801,13.67857125,17.16764647,3.48907522,60.75560640,1238.76,1239.39,1239.88,1239.92,0.22596437,-0.35330445,-0.83737980,-0.57926882,-0.48407535,E200>E100>E50>E20,DOWN,-0.21623985,-0.36874234,0.15250249,83.39795071,83.39992370,-35.59375000,2.31821354,0.57204552,0,2014.01.07 10:45:00,1,1,46.77270200,1.76,0.14186810,22.94741700,15.05573139,18.68017731,3.62444592,-54.41053050,1239.55,1239.97,1239.48,1236.48,-0.31143175,-0.54805665,1.43543022,-0.23662490,1.98348686,MIXED,RANGE,-0.60101371,-0.53650423,-0.06450949,47.17687075,46.93872918,-56.80150912,3.86971750,0.35020573,0,2014.01.07 10:30:00,1,0,,,,,,,,,,,,,,,,,,,,,,,,,,,,,2014.01.07 10:00:00,1,0,,,,,,,,,,,,,,,,,,,,,,,,,,,,,2014.01.07 04:00:00,1,0,,,,,,,,,,,,,,,,,,,,,,,,,,,,,3,1,2,0,0,1,0,1
9,XAUUSD|PERIOD_M1|SELL|1389114480|1389114960|1389115560|1389115680|MARKET_EDGE_MFE_ATR_12_V1,XAUUSD,PERIOD_M1,SELL,BID_OHLC,2014.01.07 17:08:00,2014.01.07 17:16:00,2014.01.07 17:26:00,2014.01.07 17:28:00,2014.01.07 17:28:00,2014.01.07 17:29:00,2014.01.07 17:28:00,1229.19,0.48,4,PERIOD_M1,1,1,12,12,1,0.56,0.99,1.16545265,2.06243496,MARKET_EDGE_MFE_ATR_12_V1,1.0,1,2,0,60,,0,,NOT_EXECUTED_OR_UNRESOLVED,0,,0,,NOT_APPLICABLE_NON_EXECUTED,0,,,,5d926eed3daf312d7810863a3786293984c991b1,34c7e44e89019e46fb4b93a3ac7e556c392839a536990c8508c8c4378fe5fdce,V923_PASSIVE_MARKET_EDGE_V1,V924_MARKET_EDGE_SCHEMA_V2,MARKET_EDGE_FEATURE_SNAPSHOT_T0_V2,2014.01.07 17:29:00,0,M30|H1|H4,,2014,1,2,17,28,NEWYORK,8,10,18,8,10,18,1.25000000,1,1228.54,1229.24,1230.07,0.70,0.83,1.18597997,1.53,3.18002081,-0.88,-1.82726327,1,1,81.04965240,74.80642233,60.09845827,-6.24323007,-14.70796406,2.35582605,20.95119412,-0.78040376,-1.47079641,1,1,1229.35,1229.35,1229.07,1229.19,0.28,0.16,0.56521739,0.43478261,0.00000000,0.43478261,1,0.48,0.03909069,32,0.32,0.67429761,1,1,2014.01.07 17:28:00,1,1,51.77204512,0.48,0.03909069,44.79244138,19.66061242,15.17216314,4.48844927,5.89439350,1228.89,1228.07,1227.83,1228.96,0.62968126,2.33417287,0.47662294,1.70449162,-1.85754993,MIXED,RANGE,0.55222551,0.59319014,-0.04096462,25.94957983,51.70623457,-46.25922023,5.31132467,0.62103798,0,2014.01.07 17:20:00,1,1,75.37554056,1.16,0.09424540,27.07645991,32.50842757,10.95339148,21.55503609,176.14497646,1227.78,1229.72,1232.72,1235.52,1.48997788,-0.19115448,-5.19683454,-1.68113237,-5.00568006,E200>E100>E50>E20,DOWN,-0.18602602,-0.76392775,0.57790172,89.67373748,87.40861902,-8.54306165,3.18162469,1.11157549,0,2014.01.07 17:00:00,1,1,54.64056887,1.76,0.14360087,46.43889165,13.68697500,16.06500429,2.37802929,-15.00823477,1230.47,1234.54,1236.56,1235.58,-0.97063631,-3.27709215,-3.86826236,-2.30645583,-0.59117021,MIXED,RANGE,-3.03163348,-3.21337618,0.18174271,64.27610075,53.55967127,-66.54991243,10.70405883,0.37402919,0,2014.01.07 16:30:00,1,0,,,,,,,,,,,,,,,,,,,,,,,,,,,,,2014.01.07 16:00:00,1,0,,,,,,,,,,,,,,,,,,,,,,,,,,,,,2014.01.07 12:00:00,1,0,,,,,,,,,,,,,,,,,,,,,,,,,,,,,3,2,1,0,0,1,0,1
10,XAUUSD|PERIOD_M1|BUY|1389137220|1389137640|1389138120|1389138240|MARKET_EDGE_MFE_ATR_12_V1,XAUUSD,PERIOD_M1,BUY,BID_OHLC,2014.01.07 23:27:00,2014.01.07 23:34:00,2014.01.07 23:42:00,2014.01.07 23:44:00,2014.01.07 23:44:00,2014.01.07 23:45:17,2014.01.07 23:44:00,1230.55,0.10,4,PERIOD_M1,1,1,12,12,1,0.39,0.61,3.75728155,5.90291262,MARKET_EDGE_MFE_ATR_12_V1,1.0,1,1,0,60,,0,,EXECUTED,1,4,1,4,MATCHED_FINALIZED,1,1,0,2.13,5d926eed3daf312d7810863a3786293984c991b1,34c7e44e89019e46fb4b93a3ac7e556c392839a536990c8508c8c4378fe5fdce,V923_PASSIVE_MARKET_EDGE_V1,V924_MARKET_EDGE_SCHEMA_V2,MARKET_EDGE_FEATURE_SNAPSHOT_T0_V2,2014.01.07 23:45:17,0,M30|H1|H4,,2014,1,2,23,44,ASIA,7,8,15,7,8,15,1.14285714,1,1230.41,1230.41,1230.34,-0.01,-0.07,13.20000000,0.07,0.68932039,0.21,2.01941748,1,1,12.29281411,21.12141031,27.59665370,8.82859620,6.47524339,0.73343975,15.30383958,1.26122803,0.80940542,1,1,1230.54,1230.64,1230.54,1230.55,0.10,0.01,0.08421053,0.08421053,0.91578947,0.00000000,1,0.10,0.00837024,27,0.27,2.65048544,1,1,2014.01.07 23:44:00,1,1,34.85142457,0.10,0.00837024,38.89523362,30.66984372,34.53229074,3.86244702,-54.31668417,1230.79,1231.16,1231.38,1231.24,-2.33319147,-5.92814074,-6.67665019,-3.59494927,-0.74850945,MIXED,RANGE,-0.22742525,-0.23128237,0.00385712,42.76970161,27.99558907,-71.03064067,7.80916318,0.23170677,0,2014.01.07 23:40:00,1,1,31.43504691,0.52,0.04223721,31.77560546,9.25109233,32.39662078,23.14552846,-126.77770054,1231.38,1231.18,1231.56,1233.39,-1.60538914,-1.20299780,-5.45703776,0.40239134,-4.25403996,MIXED,RANGE,-0.14838479,0.07886396,-0.22724874,17.31770833,21.30501360,-89.57393484,4.19875384,0.00158143,0,2014.01.07 23:30:00,1,1,41.81465739,1.05,0.08526675,34.81110355,12.98481928,15.24221192,2.25739263,-83.76611536,1231.09,1232.44,1234.53,1234.64,-0.51369357,-1.79832984,-3.89512341,-1.28463627,-2.09679357,E200>E100>E50>E20,DOWN,0.03269823,-0.00943968,0.04213791,30.73256840,38.16349511,-70.74688797,3.80374548,0.40905970,0,2014.01.07 23:00:00,1,0,,,,,,,,,,,,,,,,,,,,,,,,,,,,,2014.01.07 21:00:00,1,0,,,,,,,,,,,,,,,,,,,,,,,,,,,,,2014.01.07 16:00:00,1,0,,,,,,,,,,,,,,,,,,,,,,,,,,,,,3,0,0,0,0,1,1,1
11,XAUUSD|PERIOD_M1|BUY|1389137640|1389138120|1389138660|1389138780|MARKET_EDGE_MFE_ATR_12_V1,XAUUSD,PERIOD_M1,BUY,BID_OHLC,2014.01.07 23:34:00,2014.01.07 23:42:00,2014.01.07 23:51:00,2014.01.07 23:53:00,2014.01.07 23:53:00,2014.01.07 23:54:04,2014.01.07 23:53:00,1229.97,0.15,4,PERIOD_M1,1,1,12,12,1,0.13,0.71,0.86058520,4.88123924,MARKET_EDGE_MFE_ATR_12_V1,1.0,0,,0,60,,0,,NOT_EXECUTED_OR_UNRESOLVED,0,,0,,NOT_APPLICABLE_NON_EXECUTED,0,,,,5d926eed3daf312d7810863a3786293984c991b1,34c7e44e89019e46fb4b93a3ac7e556c392839a536990c8508c8c4378fe5fdce,V923_PASSIVE_MARKET_EDGE_V1,V924_MARKET_EDGE_SCHEMA_V2,MARKET_EDGE_FEATURE_SNAPSHOT_T0_V2,2014.01.07 23:54:04,0,M30|H1|H4,,2014,1,2,23,53,ASIA,8,9,17,8,9,17,1.12500000,1,1230.41,1230.34,1229.94,-0.07,-0.40,6.06060606,0.47,3.20826162,0.03,0.22030981,1,1,21.12141031,27.59665370,27.76092124,6.47524339,0.16426755,0.02536855,6.63951093,0.80940542,0.01825195,1,1,1229.97,1229.97,1229.97,1229.97,0.00,0.00,1.00000000,0.00000000,0.00000000,0.00000000,1,0.15,0.01180919,33,0.33,2.26506024,1,1,2014.01.07 23:53:00,1,1,26.51670959,0.15,0.01180919,30.60183278,13.22232515,31.29773822,18.07541306,-159.30842238,1230.52,1230.93,1231.22,1231.17,-3.76161425,-6.55300081,-8.20872570,-2.79138656,-1.65572489,MIXED,RANGE,-0.25267048,-0.19038310,-0.06228738,6.64518727,6.69865409,-96.78391960,7.00893033,-0.03921865,0,2014.01.07 23:45:00,1,1,28.97413569,0.48,0.03923511,32.61933258,12.58382340,28.07707135,15.49324795,-103.39897076,1231.29,1231.14,1231.54,1233.36,-1.83932520,-1.53697250,-6.11830314,0.30235270,-4.58133064,MIXED,RANGE,-0.20381970,0.03214663,-0.23596633,17.47711670,19.51149297,-96.94235589,4.88207607,0.01513102,0,2014.01.07 23:30:00,1,1,41.81465739,1.05,0.08526675,34.81110355,12.98481928,15.24221192,2.25739263,-83.76611536,1231.09,1232.44,1234.53,1234.64,-0.51369357,-1.79832984,-3.89512341,-1.28463627,-2.09679357,E200>E100>E50>E20,DOWN,0.03269823,-0.00943968,0.04213791,30.73256840,38.16349511,-70.74688797,3.80374548,0.40905970,0,2014.01.07 23:00:00,1,0,,,,,,,,,,,,,,,,,,,,,,,,,,,,,2014.01.07 21:00:00,1,0,,,,,,,,,,,,,,,,,,,,,,,,,,,,,2014.01.07 16:00:00,1,0,,,,,,,,,,,,,,,,,,,,,,,,,,,,,3,0,0,0,0,1,1,1
12,XAUUSD|PERIOD_M1|BUY|1389148920|1389149640|1389150060|1389150180|MARKET_EDGE_MFE_ATR_12_V1,XAUUSD,PERIOD_M1,BUY,BID_OHLC,2014.01.08 02:42:00,2014.01.08 02:54:00,2014.01.08 03:01:00,2014.01.08 03:03:00,2014.01.08 03:03:00,2014.01.08 03:04:12,2014.01.08 03:03:00,1228.72,0.32,4,PERIOD_M1,1,1,12,12,1,0.00,0.45,0.00000000,1.39035770,MARKET_EDGE_MFE_ATR_12_V1,1.0,0,,0,60,,0,,NOT_EXECUTED_OR_UNRESOLVED,0,,0,,NOT_APPLICABLE_NON_EXECUTED,0,,,,5d926eed3daf312d7810863a3786293984c991b1,34c7e44e89019e46fb4b93a3ac7e556c392839a536990c8508c8c4378fe5fdce,V923_PASSIVE_MARKET_EDGE_V1,V924_MARKET_EDGE_SCHEMA_V2,MARKET_EDGE_FEATURE_SNAPSHOT_T0_V2,2014.01.08 03:04:12,0,M30|H1|H4,,2014,1,3,3,3,ASIA,12,7,19,12,7,19,0.58333333,1,1228.79,1228.21,1228.19,-0.58,-0.03,0.04482759,0.61,1.88491446,0.53,1.65785381,1,1,32.25127461,36.12177212,47.65168552,3.87049751,11.52991340,2.97892283,15.40041092,0.32254146,1.64713049,1,1,1228.84,1229.04,1228.67,1228.72,0.37,0.12,0.31621622,0.12702703,0.55675676,0.12702703,1,0.32,0.02616544,36,0.36,1.11975117,1,1,2014.01.08 03:03:00,1,1,54.92977793,0.32,0.02616544,19.21244192,37.84765863,25.49954060,12.34811803,113.26231857,1228.72,1228.86,1228.95,1229.28,-0.01048646,-0.42620943,-1.74367087,-0.41572297,-1.31746144,E200>E100>E50>E20,DOWN,-0.11751009,-0.15710165,0.03959157,66.63498099,62.73251135,-39.43181818,2.73730489,0.50994269,0,2014.01.08 02:55:00,1,1,48.19172938,0.56,0.04581959,14.94024959,16.37642287,23.66623839,7.28981553,-71.62148125,1228.97,1229.46,1230.20,1231.99,-0.42560503,-1.28531513,-5.79480895,-0.85971009,-4.50949382,E200>E100>E50>E20,DOWN,-0.15520607,-0.18463987,0.02943380,23.15532002,25.65647637,-61.64186270,3.59219456,0.50059335,0,2014.01.08 02:45:00,1,1,42.59556880,1.09,0.08889245,23.94448800,15.75623965,19.98692069,4.23068104,-55.85065435,1229.48,1231.01,1233.25,1233.94,-0.68484062,-2.08393751,-4.76958854,-1.39909689,-2.68565103,E200>E100>E50>E20,DOWN,-0.62137150,-0.58981954,-0.03155196,54.23775836,55.27180585,-56.98795181,5.12074249,0.29768040,0,2014.01.08 02:30:00,1,0,,,,,,,,,,,,,,,,,,,,,,,,,,,,,2014.01.08 02:00:00,1,0,,,,,,,,,,,,,,,,,,,,,,,,,,,,,2014.01.07 20:00:00,1,0,,,,,,,,,,,,,,,,,,,,,,,,,,,,,3,0,1,0,0,3,3,1
13,XAUUSD|PERIOD_M1|SELL|1389156960|1389157680|1389157920|1389158040|MARKET_EDGE_MFE_ATR_12_V1,XAUUSD,PERIOD_M1,SELL,BID_OHLC,2014.01.08 04:56:00,2014.01.08 05:08:00,2014.01.08 05:12:00,2014.01.08 05:14:00,2014.01.08 05:14:00,2014.01.08 05:15:02,2014.01.08 05:14:00,1227.34,0.07,4,PERIOD_M1,1,1,12,12,1,0.09,0.06,1.41353383,0.88721805,MARKET_EDGE_MFE_ATR_12_V1,1.0,1,6,0,60,,0,,NOT_EXECUTED_OR_UNRESOLVED,0,,0,,NOT_APPLICABLE_NON_EXECUTED,0,,,,5d926eed3daf312d7810863a3786293984c991b1,34c7e44e89019e46fb4b93a3ac7e556c392839a536990c8508c8c4378fe5fdce,V923_PASSIVE_MARKET_EDGE_V1,V924_MARKET_EDGE_SCHEMA_V2,MARKET_EDGE_FEATURE_SNAPSHOT_T0_V2,2014.01.08 05:15:02,0,M30|H1|H4,,2014,1,3,5,14,ASIA,12,4,16,12,4,16,0.33333333,1,1227.34,1227.35,1227.35,0.01,0.01,1.28571429,0.02,0.24060150,-0.02,-0.25563910,1,1,61.78555998,58.23704410,54.90544143,-3.54851588,-3.33160268,0.93887213,6.88011856,-0.29570966,-0.83290067,1,1,1227.34,1227.34,1227.24,1227.34,0.10,0.01,0.05000000,0.95000000,0.00000000,0.95000000,1,0.07,0.00541823,31,0.31,4.63157895,1,1,2014.01.08 05:14:00,1,1,53.71116477,0.07,0.00541823,20.41152009,17.70463634,30.29834950,12.59371316,37.37570256,1227.27,1227.17,1227.30,1227.79,1.05307772,2.51789275,-6.82524474,1.46481503,-9.34313749,MIXED,RANGE,0.06978711,0.07599793,-0.00621081,91.76706827,88.76418141,-5.44871795,4.87883237,0.71375138,0,2014.01.08 05:10:00,1,1,55.80074335,0.19,0.01523624,19.52900288,12.76394590,20.25175512,7.48780921,73.30944879,1227.32,1228.02,1229.01,1230.90,0.10760268,-3.67307282,-19.05448075,-3.78067550,-15.38140792,E200>E100>E50>E20,DOWN,-0.24823356,-0.41357017,0.16533661,47.98994975,49.49350353,-40.85077650,8.34550457,0.65791908,0,2014.01.08 05:00:00,1,1,47.07457493,0.60,0.04851968,28.03118806,17.06407186,17.57797572,0.51390387,-50.04040974,1228.13,1229.87,1232.26,1233.37,-1.33418293,-4.26031626,-10.12880618,-2.92613332,-5.86848992,E200>E100>E50>E20,DOWN,-0.88047086,-0.81805458,-0.06241628,54.78547855,40.94050508,-66.13181930,7.14096784,0.29401269,0,2014.01.08 04:30:00,1,0,,,,,,,,,,,,,,,,,,,,,,,,,,,,,2014.01.08 04:00:00,1,0,,,,,,,,,,,,,,,,,,,,,,,,,,,,,2014.01.08 00:00:00,1,0,,,,,,,,,,,,,,,,,,,,,,,,,,,,,3,3,3,0,0,2,0,1
14,XAUUSD|PERIOD_M1|SELL|1389162660|1389163200|1389163440|1389163560|MARKET_EDGE_MFE_ATR_12_V1,XAUUSD,PERIOD_M1,SELL,BID_OHLC,2014.01.08 06:31:00,2014.01.08 06:40:00,2014.01.08 06:44:00,2014.01.08 06:46:00,2014.01.08 06:46:00,2014.01.08 06:47:04,2014.01.08 06:46:00,1226.84,0.30,4,PERIOD_M1,1,1,12,12,1,0.69,0.60,2.29716194,2.00333890,MARKET_EDGE_MFE_ATR_12_V1,1.0,1,11,0,60,,0,,NOT_EXECUTED_OR_UNRESOLVED,0,,0,,NOT_APPLICABLE_NON_EXECUTED,0,,,,5d926eed3daf312d7810863a3786293984c991b1,34c7e44e89019e46fb4b93a3ac7e556c392839a536990c8508c8c4378fe5fdce,V923_PASSIVE_MARKET_EDGE_V1,V924_MARKET_EDGE_SCHEMA_V2,MARKET_EDGE_FEATURE_SNAPSHOT_T0_V2,2014.01.08 06:47:04,0,H1|H4,,2014,1,3,6,46,ASIA,9,4,13,9,4,13,0.44444444,1,1227.05,1227.34,1227.44,0.29,0.10,0.34602076,0.39,1.29883139,-0.60,-2.00333890,1,1,68.97470225,59.54058963,54.55576873,-9.43411263,-4.98482090,0.52838259,14.41893353,-1.04823474,-1.24620522,1,1,1226.78,1226.84,1226.78,1226.84,0.06,0.05,0.91525424,1.00000000,0.00000000,0.08474576,1,0.30,0.02441237,30,0.30,0.99833055,1,1,2014.01.08 06:46:00,1,1,54.96594924,0.30,0.02441237,29.93697140,21.21425014,11.98187583,9.23237431,-18.63556270,1226.76,1226.71,1226.81,1227.17,0.27198975,0.42934454,-1.10666185,0.15735479,-1.53600639,MIXED,RANGE,0.06237325,0.08897221,-0.02659895,37.68844221,34.12233644,-60.30150754,2.63757325,0.58627093,0,2014.01.08 06:40:00,1,1,59.99430092,0.63,0.05122930,17.81908890,18.39470289,11.69125451,6.70344838,102.25918226,1226.83,1227.38,1228.34,1230.23,0.01211004,-0.87003174,-5.39233641,-0.88214179,-4.52230466,E200>E100>E50>E20,DOWN,-0.18679045,-0.25909192,0.07230147,67.50150875,67.74241520,-43.82214622,2.43232418,0.47736662,0,2014.01.08 06:30:00,1,1,46.39071516,0.83,0.06804082,22.20614354,18.38916607,15.21497830,3.17418777,-16.30865091,1227.50,1229.21,1231.64,1232.98,-0.79179580,-2.83813236,-7.36320808,-2.04633656,-4.52507572,E200>E100>E50>E20,DOWN,-0.79657497,-0.86119612,0.06462115,45.33276329,44.79327345,-57.11488251,4.39483874,0.31811821,0,2014.01.08 06:00:00,1,1,30.15458712,1.27,0.10332710,20.19074894,12.17383621,21.55329447,9.37945826,-102.26535779,1228.66,1231.69,1233.05,1229.81,-1.74415264,-4.13637912,-2.65928310,-2.39222648,1.47709602,MIXED,RANGE,-1.60999583,-1.57076611,-0.03922971,42.29774658,36.95435465,-83.45891640,5.97464438,0.15598687,0,2014.01.08 05:00:00,1,0,,,,,,,,,,,,,,,,,,,,,,,,,,,,,2014.01.08 00:00:00,1,0,,,,,,,,,,,,,,,,,,,,,,,,,,,,,4,4,1,0,0,2,0,1
15,XAUUSD|PERIOD_M1|BUY|1389198600|1389198840|1389199260|1389199380|MARKET_EDGE_MFE_ATR_12_V1,XAUUSD,PERIOD_M1,BUY,BID_OHLC,2014.01.08 16:30:00,2014.01.08 16:34:00,2014.01.08 16:41:00,2014.01.08 16:43:00,2014.01.08 16:43:00,2014.01.08 16:44:05,2014.01.08 16:43:00,1222.34,0.40,4,PERIOD_M1,1,1,12,12,1,0.12,1.18,0.30594185,2.98609355,MARKET_EDGE_MFE_ATR_12_V1,1.0,0,,0,60,,0,,NOT_EXECUTED_OR_UNRESOLVED,0,,0,,NOT_APPLICABLE_NON_EXECUTED,0,,,,5d926eed3daf312d7810863a3786293984c991b1,34c7e44e89019e46fb4b93a3ac7e556c392839a536990c8508c8c4378fe5fdce,V923_PASSIVE_MARKET_EDGE_V1,V924_MARKET_EDGE_SCHEMA_V2,MARKET_EDGE_FEATURE_SNAPSHOT_T0_V2,2014.01.08 16:44:05,0,H1|H4,,2014,1,3,16,43,OVERLAP,4,7,11,4,7,11,1.75000000,1,1222.17,1222.13,1222.00,-0.05,-0.12,2.44000000,0.17,0.43489254,0.34,0.85714286,1,1,41.98746380,42.36548599,43.03479164,0.37802219,0.66930566,1.77054594,1.04732785,0.09450555,0.09561509,1,1,1222.34,1222.34,1222.06,1222.34,0.28,0.00,0.00000000,1.00000000,0.00000000,1.00000000,1,0.40,0.03235592,24,0.24,0.61946903,1,1,2014.01.08 16:43:00,1,1,47.99645601,0.40,0.03235592,15.93528983,15.05446362,18.10444347,3.04997984,-89.12295995,1222.42,1222.51,1222.65,1223.25,-0.19087290,-0.41651881,-2.30422762,-0.22564591,-1.88770881,E200>E100>E50>E20,DOWN,-0.06875934,-0.06303341,-0.00572594,41.40730717,33.39751624,-59.59475566,2.42983618,0.37747141,0,2014.01.08 16:35:00,1,1,49.78652981,0.84,0.06849494,16.96742701,20.74782653,14.10967047,6.63815605,0.03825935,1222.67,1223.65,1224.81,1226.56,-0.38148923,-1.54965188,-5.01917653,-1.16816264,-3.46952465,E200>E100>E50>E20,DOWN,-0.35364872,-0.38315309,0.02950437,41.11782971,33.71252629,-63.23482682,3.74128737,0.38357144,0,2014.01.08 16:15:00,1,1,43.16865389,2.01,0.16404607,12.05837760,15.03914132,15.28329325,0.24415193,-46.57148963,1224.03,1225.75,1228.12,1230.50,-0.83013132,-1.68341245,-4.05541019,-0.85328113,-2.37199773,E200>E100>E50>E20,DOWN,-1.09152044,-1.07444906,-0.01707138,52.52316410,53.81875555,-74.83881113,5.42060831,0.29281809,0,2014.01.08 16:00:00,1,1,43.88144326,3.59,0.29365086,21.56363154,14.71919129,15.71684294,0.99765164,-75.32983441,1225.21,1228.08,1230.49,1229.01,-0.79038994,-1.58974181,-1.84874982,-0.79935187,-0.25900802,MIXED,RANGE,-1.50192330,-1.11457367,-0.38734962,43.05055826,33.52132409,-74.83881113,2.29878929,0.12998261,0,2014.01.08 15:00:00,1,0,,,,,,,,,,,,,,,,,,,,,,,,,,,,,2014.01.08 12:00:00,1,0,,,,,,,,,,,,,,,,,,,,,,,,,,,,,4,0,1,0,0,3,3,1
16,XAUUSD|PERIOD_M1|SELL|1389201300|1389202080|1389202380|1389202500|MARKET_EDGE_MFE_ATR_12_V1,XAUUSD,PERIOD_M1,SELL,BID_OHLC,2014.01.08 17:15:00,2014.01.08 17:28:00,2014.01.08 17:33:00,2014.01.08 17:35:00,2014.01.08 17:35:00,2014.01.08 17:36:00,2014.01.08 17:35:00,1221.60,0.36,4,PERIOD_M1,1,1,12,12,1,0.18,1.30,0.49205252,3.59364202,MARKET_EDGE_MFE_ATR_12_V1,1.0,0,,0,60,,0,,NOT_EXECUTED_OR_UNRESOLVED,0,,0,,NOT_APPLICABLE_NON_EXECUTED,0,,,,5d926eed3daf312d7810863a3786293984c991b1,34c7e44e89019e46fb4b93a3ac7e556c392839a536990c8508c8c4378fe5fdce,V923_PASSIVE_MARKET_EDGE_V1,V924_MARKET_EDGE_SCHEMA_V2,MARKET_EDGE_FEATURE_SNAPSHOT_T0_V2,2014.01.08 17:36:00,0,H1|H4,,2014,1,3,17,35,NEWYORK,13,5,18,13,5,18,0.38461538,1,1221.69,1221.74,1221.89,0.05,0.15,3.08333333,0.20,0.54181064,-0.29,-0.80165860,1,1,65.01997452,58.62240804,52.29346162,-6.39756648,-6.32894642,0.98927404,12.72651290,-0.49212050,-1.26578928,1,1,1221.64,1221.64,1221.34,1221.60,0.30,0.04,0.14285714,0.85714286,0.00000000,0.85714286,1,0.36,0.02961280,34,0.34,0.92881824,1,1,2014.01.08 17:35:00,1,1,53.30324459,0.36,0.02961280,14.23607950,13.35478296,20.89693612,7.54215317,27.18172114,1221.44,1221.50,1221.81,1222.48,0.43083081,0.26534171,-2.44391489,-0.16548911,-2.70925659,E200>E100>E50>E20,DOWN,0.08305209,0.05719315,0.02585894,48.98902369,54.08440031,-28.82703777,1.72500301,0.74286087,1,2014.01.08 17:30:00,1,1,53.07515913,0.64,0.05263403,18.09785666,15.56496687,16.99106157,1.42609470,-8.58236817,1221.87,1222.88,1224.16,1226.03,-0.35143417,-1.93063549,-6.82362940,-1.57920132,-4.89299392,E200>E100>E50>E20,DOWN,-0.45293341,-0.47395828,0.02102487,79.22645041,68.46532625,-53.37116155,4.79048988,0.37132684,0,2014.01.08 17:15:00,1,1,37.34991815,1.17,0.09554117,20.45406789,8.48460079,21.43402888,12.94942809,-107.86801538,1223.25,1225.14,1227.63,1230.16,-1.53046771,-3.15421861,-7.44946891,-1.62375090,-4.29525030,E200>E100>E50>E20,DOWN,-1.19440979,-1.12694709,-0.06746270,27.01703163,28.63862156,-62.79409379,9.41018674,0.29901086,0,2014.01.08 17:00:00,1,1,38.17287794,2.15,0.17579329,21.82933605,11.05574813,21.38335267,10.32760454,-92.18118810,1224.56,1227.58,1230.14,1228.86,-1.44020292,-2.84871780,-3.44481337,-1.40851488,-0.59609557,MIXED,RANGE,-1.67061195,-1.29124606,-0.37936588,40.37213576,44.41541934,-81.97043560,4.16196835,0.11974027,0,2014.01.08 16:00:00,1,0,,,,,,,,,,,,,,,,,,,,,,,,,,,,,2014.01.08 12:00:00,1,0,,,,,,,,,,,,,,,,,,,,,,,,,,,,,4,4,4,1,0,3,0,1
17,XAUUSD|PERIOD_M1|SELL|1389206460|1389206820|1389207480|1389207600|MARKET_EDGE_MFE_ATR_12_V1,XAUUSD,PERIOD_M1,SELL,BID_OHLC,2014.01.08 18:41:00,2014.01.08 18:47:00,2014.01.08 18:58:00,2014.01.08 19:00:00,2014.01.08 19:00:00,2014.01.08 19:01:00,2014.01.08 19:00:00,1223.31,1.04,4,PERIOD_M1,1,1,12,12,1,3.97,1.00,3.81341669,0.96176966,MARKET_EDGE_MFE_ATR_12_V1,1.0,1,3,0,60,,0,,NOT_EXECUTED_OR_UNRESOLVED,0,,0,,NOT_APPLICABLE_NON_EXECUTED,0,,,,5d926eed3daf312d7810863a3786293984c991b1,34c7e44e89019e46fb4b93a3ac7e556c392839a536990c8508c8c4378fe5fdce,V923_PASSIVE_MARKET_EDGE_V1,V924_MARKET_EDGE_SCHEMA_V2,MARKET_EDGE_FEATURE_SNAPSHOT_T0_V2,2014.01.08 19:01:00,0,H1|H4,,2014,1,3,19,0,NEWYORK,6,11,17,6,11,17,1.83333333,1,1225.46,1225.52,1226.14,0.06,0.62,10.31666667,0.68,0.65304160,-2.82,-2.71603751,1,1,65.72805944,62.62087965,57.56422707,-3.10717980,-5.05665258,1.62740907,8.16383237,-0.51786330,-0.45969569,1,1,1224.90,1225.15,1222.70,1223.31,2.44,1.59,0.65030675,0.24948875,0.10020450,0.24948875,1,1.04,0.08499460,36,0.36,0.34142823,1,1,2014.01.08 19:00:00,1,1,33.19001430,1.04,0.08499460,27.63169804,21.16032036,31.66743052,10.50711016,-409.89373397,1225.13,1224.70,1223.94,1223.44,-1.74870577,-1.33490117,-0.11904869,0.41380460,1.21585249,E20>E50>E100>E200,UP,-0.02960776,0.17696993,-0.20657769,14.17666303,32.12897271,-82.23645894,1.89309560,-0.48041699,1,2014.01.08 18:55:00,1,1,55.16695282,0.64,0.05202368,43.20933543,24.96938087,6.36946895,18.59991192,58.14975046,1224.04,1223.54,1224.14,1225.72,1.38321546,2.17438698,-1.24744484,0.79117152,-3.42183182,MIXED,RANGE,0.83559158,0.66155026,0.17404132,34.75620975,43.30507775,-37.70074422,9.92086333,0.70893473,0,2014.01.08 18:45:00,1,1,62.81917971,2.12,0.17321497,24.87775167,21.43819820,9.41221860,12.02597960,143.77335189,1223.67,1224.91,1227.22,1229.80,0.59090131,0.00496643,-2.29754386,-0.58593488,-2.30251029,E200>E100>E50>E20,DOWN,-0.21679741,-0.86333797,0.64654056,74.49563385,79.00300432,-29.15783096,2.53478845,0.87710661,0,2014.01.08 18:30:00,1,1,59.63095009,2.45,0.20015544,20.17955712,22.34760480,13.91977061,8.42783419,46.37608317,1224.55,1227.23,1229.81,1228.73,0.15343009,-0.94009807,-1.55244826,-1.09352817,-0.61235019,MIXED,RANGE,-1.11509363,-1.45159415,0.33650052,72.53915959,55.59348604,-54.76490014,3.72533343,0.52673649,0,2014.01.08 18:00:00,1,0,,,,,,,,,,,,,,,,,,,,,,,,,,,,,2014.01.08 12:00:00,1,0,,,,,,,,,,,,,,,,,,,,,,,,,,,,,4,4,1,1,1,1,1,1
18,XAUUSD|PERIOD_M1|BUY|1389233940|1389234540|1389235020|1389235140|MARKET_EDGE_MFE_ATR_12_V1,XAUUSD,PERIOD_M1,BUY,BID_OHLC,2014.01.09 02:19:00,2014.01.09 02:29:00,2014.01.09 02:37:00,2014.01.09 02:39:00,2014.01.09 02:39:00,2014.01.09 02:40:01,2014.01.09 02:39:00,1226.20,0.20,4,PERIOD_M1,1,1,12,12,1,0.44,0.44,2.21997472,2.20480405,MARKET_EDGE_MFE_ATR_12_V1,1.0,1,6,0,60,,0,,NOT_EXECUTED_OR_UNRESOLVED,0,,0,,NOT_APPLICABLE_NON_EXECUTED,0,,,,5d926eed3daf312d7810863a3786293984c991b1,34c7e44e89019e46fb4b93a3ac7e556c392839a536990c8508c8c4378fe5fdce,V923_PASSIVE_MARKET_EDGE_V1,V924_MARKET_EDGE_SCHEMA_V2,MARKET_EDGE_FEATURE_SNAPSHOT_T0_V2,2014.01.09 02:40:01,0,H1|H4,,2014,1,4,2,39,ASIA,10,8,18,10,8,18,0.80000000,1,1226.49,1226.12,1226.04,-0.37,-0.08,0.21891892,0.45,2.28065740,0.16,0.81415929,1,1,26.70739802,27.21134769,37.79758316,0.50394967,10.58623547,21.00653303,11.09018515,0.05039497,1.32327943,1,1,1226.16,1226.24,1226.16,1226.20,0.08,0.05,0.56962025,0.56962025,0.43037975,0.00000000,1,0.20,0.01612702,37,0.37,1.84576485,1,1,2014.01.09 02:39:00,1,1,38.63792571,0.20,0.01612702,47.95620575,6.98336749,18.66071875,11.67735126,-79.96684706,1226.46,1226.64,1226.52,1226.14,-1.28535785,-2.19267659,0.31836247,-0.90731874,2.51103906,MIXED,RANGE,-0.19802116,-0.17585681,-0.02216434,43.63807729,32.84008145,-80.36585366,5.71376514,0.22324912,0,2014.01.09 02:35:00,1,1,40.78121490,0.53,0.04361023,24.14960017,11.75584735,19.48772263,7.73187527,-125.59917981,1226.47,1225.94,1225.37,1225.57,-0.49548946,0.49798621,1.18677852,0.99347567,0.68879231,MIXED,RANGE,0.19715391,0.35848357,-0.16132966,12.67643865,21.53587517,-89.76009362,5.45135614,0.40228508,0,2014.01.09 02:15:00,1,1,48.44690990,0.99,0.08103123,28.25387464,22.75445698,16.64859475,6.10586222,67.82601024,1225.84,1225.40,1226.53,1228.80,0.53804589,0.98716856,-2.43640200,0.44912267,-3.42357057,MIXED,RANGE,0.62188707,0.53771574,0.08417133,70.75897656,76.00329828,-38.31828442,2.79012492,0.68736340,0,2014.01.09 02:00:00,1,1,60.14936987,2.01,0.16422329,28.83888062,18.90546633,8.92282927,9.98263706,84.09260305,1225.43,1226.55,1228.81,1228.33,0.46893340,-0.08317113,-0.96699223,-0.55210453,-0.88382111,MIXED,RANGE,0.27835659,-0.10338345,0.38174004,69.21236482,70.42060440,-23.12300705,3.76541056,0.73184433,0,2014.01.09 01:00:00,1,0,,,,,,,,,,,,,,,,,,,,,,,,,,,,,2014.01.08 20:00:00,1,0,,,,,,,,,,,,,,,,,,,,,,,,,,,,,4,2,2,0,0,0,0,1
19,XAUUSD|PERIOD_M1|BUY|1389234540|1389235020|1389235380|1389235500|MARKET_EDGE_MFE_ATR_12_V1,XAUUSD,PERIOD_M1,BUY,BID_OHLC,2014.01.09 02:29:00,2014.01.09 02:37:00,2014.01.09 02:43:00,2014.01.09 02:45:00,2014.01.09 02:45:00,2014.01.09 02:46:12,2014.01.09 02:45:00,1226.44,0.28,4,PERIOD_M1,1,1,12,12,1,0.69,0.08,2.46017699,0.29380531,MARKET_EDGE_MFE_ATR_12_V1,1.0,1,9,0,60,,0,,EXECUTED,1,5,1,5,MATCHED_FINALIZED,1,0,0,2.00,5d926eed3daf312d7810863a3786293984c991b1,34c7e44e89019e46fb4b93a3ac7e556c392839a536990c8508c8c4378fe5fdce,V923_PASSIVE_MARKET_EDGE_V1,V924_MARKET_EDGE_SCHEMA_V2,MARKET_EDGE_FEATURE_SNAPSHOT_T0_V2,2014.01.09 02:46:12,0,H1|H4,,2014,1,4,2,45,ASIA,8,6,14,8,6,14,0.75000000,1,1226.12,1226.04,1225.77,-0.08,-0.27,3.39506173,0.36,1.26017699,0.67,2.38938053,1,1,27.21134769,37.79758316,38.44058629,10.58623547,0.64300312,0.06073954,11.22923860,1.32327943,0.10716719,1,1,1226.36,1226.44,1226.30,1226.44,0.14,0.08,0.57142857,1.00000000,0.00000000,0.42857143,1,0.28,0.02303411,37,0.37,1.29203540,1,1,2014.01.09 02:45:00,1,1,50.33383501,0.28,0.02303411,32.56486253,25.22488320,22.13922050,3.08566270,108.41481482,1226.34,1226.54,1226.48,1226.14,0.35207516,-0.35323257,1.05913596,-0.70530773,1.41236854,MIXED,RANGE,-0.14808681,-0.19132195,0.04323514,86.24395486,57.00436372,-14.44866920,3.29831241,0.63173806,0,2014.01.09 02:40:00,1,1,45.60571736,0.59,0.04796669,26.06431194,10.18840104,22.94996567,12.76156463,-122.41588722,1226.46,1225.95,1225.39,1225.58,-0.14759653,0.71096917,1.35254314,0.85856569,0.64157397,MIXED,RANGE,0.16726595,0.32961298,-0.16234703,22.27074236,19.85696722,-69.28934010,4.35278437,0.42714386,0,2014.01.09 02:30:00,1,1,48.33228666,0.98,0.07999204,24.62270505,19.72052938,19.32225291,0.39827647,24.02144283,1225.89,1225.44,1226.53,1228.78,0.48667439,0.95392735,-2.45057447,0.46725296,-3.40450182,MIXED,RANGE,0.58604277,0.54806342,0.03797936,58.35921325,70.11056769,-38.51580135,2.86289365,0.67409658,0,2014.01.09 02:00:00,1,1,60.14936987,2.01,0.16422329,28.83888062,18.90546633,8.92282927,9.98263706,84.09260305,1225.43,1226.55,1228.81,1228.33,0.46893340,-0.08317113,-0.96699223,-0.55210453,-0.88382111,MIXED,RANGE,0.27835659,-0.10338345,0.38174004,69.21236482,70.42060440,-23.12300705,3.76541056,0.73184433,0,2014.01.09 01:00:00,1,0,,,,,,,,,,,,,,,,,,,,,,,,,,,,,2014.01.08 20:00:00,1,0,,,,,,,,,,,,,,,,,,,,,,,,,,,,,4,2,3,0,0,0,0,1
20,XAUUSD|PERIOD_M1|SELL|1389269700|1389270000|1389270420|1389270540|MARKET_EDGE_MFE_ATR_12_V1,XAUUSD,PERIOD_M1,SELL,BID_OHLC,2014.01.09 12:15:00,2014.01.09 12:20:00,2014.01.09 12:27:00,2014.01.09 12:29:00,2014.01.09 12:29:00,2014.01.09 12:30:00,2014.01.09 12:29:00,1230.05,0.40,4,PERIOD_M1,1,1,12,12,1,0.60,0.79,1.49625935,1.96758105,MARKET_EDGE_MFE_ATR_12_V1,1.0,1,3,0,60,,0,,NOT_EXECUTED_OR_UNRESOLVED,0,,0,,NOT_APPLICABLE_NON_EXECUTED,0,,,,5d926eed3daf312d7810863a3786293984c991b1,34c7e44e89019e46fb4b93a3ac7e556c392839a536990c8508c8c4378fe5fdce,V923_PASSIVE_MARKET_EDGE_V1,V924_MARKET_EDGE_SCHEMA_V2,MARKET_EDGE_FEATURE_SNAPSHOT_T0_V2,2014.01.09 12:30:00,0,H1|H4,,2014,1,4,12,29,OVERLAP,5,7,12,5,7,12,1.40000000,1,1229.50,1230.04,1231.05,0.54,1.01,1.86691312,1.55,3.86783042,-0.99,-2.47880299,1,1,83.38259919,71.96496044,69.63054448,-11.41763874,-2.33441597,0.20445698,13.75205471,-2.28352775,-0.33348800,1,1,1230.39,1230.39,1230.05,1230.05,0.34,0.34,1.00000000,0.00000000,0.00000000,0.00000000,1,0.40,0.03260022,28,0.28,0.71072319,1,1,2014.01.09 12:29:00,1,1,45.82921289,0.40,0.03260022,42.73470904,25.67337109,19.49973983,6.17363126,33.18163856,1229.69,1228.93,1228.30,1227.72,0.91524635,2.81261917,5.80811771,1.89737282,2.99549853,E20>E50>E100>E200,UP,0.55172698,0.48860354,0.06312344,44.87110634,68.20080271,-44.53405018,7.70913321,0.66562277,0,2014.01.09 12:25:00,1,1,77.75917976,1.00,0.08101277,48.43901080,36.69218589,5.13336315,31.55882275,197.07328162,1228.33,1227.60,1227.12,1226.68,1.72682326,2.46517215,3.38898717,0.73834889,0.92381502,E20>E50>E100>E200,UP,0.69861289,0.42788854,0.27072435,77.35410687,80.25477331,-27.01086957,3.64706273,1.03417469,0,2014.01.09 12:15:00,1,1,80.51008797,1.33,0.10790185,39.34897073,34.78802917,5.05967780,29.72835137,222.08747474,1227.54,1226.88,1226.88,1228.25,1.89483852,2.39057026,1.35774368,0.49573174,-1.03282659,MIXED,RANGE,0.55538254,0.19985009,0.35553244,76.07167955,67.77163715,-18.76179690,2.72091331,1.27597403,0,2014.01.09 12:00:00,1,1,76.08450884,2.00,0.16265559,21.83225257,25.70193001,8.99241441,16.70951560,267.50213516,1227.11,1226.90,1228.26,1228.11,1.47183462,1.57469685,0.97191951,0.10286222,-0.60277734,MIXED,RANGE,0.63120099,0.36088844,0.27031255,74.87033629,68.92208089,-16.32988336,1.78268329,1.32689798,1,2014.01.09 11:00:00,1,0,,,,,,,,,,,,,,,,,,,,,,,,,,,,,2014.01.09 08:00:00,1,0,,,,,,,,,,,,,,,,,,,,,,,,,,,,,4,0,0,1,2,0,2,1
21,XAUUSD|PERIOD_M1|SELL|1389290520|1389290760|1389291060|1389291180|MARKET_EDGE_MFE_ATR_12_V1,XAUUSD,PERIOD_M1,SELL,BID_OHLC,2014.01.09 18:02:00,2014.01.09 18:06:00,2014.01.09 18:11:00,2014.01.09 18:13:00,2014.01.09 18:13:00,2014.01.09 18:14:00,2014.01.09 18:13:00,1228.85,0.44,4,PERIOD_M1,1,1,12,12,1,0.60,1.69,1.36806342,3.82332956,MARKET_EDGE_MFE_ATR_12_V1,1.0,1,1,0,60,,0,,NOT_EXECUTED_OR_UNRESOLVED,0,,0,,NOT_APPLICABLE_NON_EXECUTED,0,,,,5d926eed3daf312d7810863a3786293984c991b1,34c7e44e89019e46fb4b93a3ac7e556c392839a536990c8508c8c4378fe5fdce,V923_PASSIVE_MARKET_EDGE_V1,V924_MARKET_EDGE_SCHEMA_V2,MARKET_EDGE_FEATURE_SNAPSHOT_T0_V2,2014.01.09 18:14:00,0,H1|H4,,2014,1,4,18,13,NEWYORK,4,5,9,4,5,9,1.25000000,1,1228.73,1229.04,1229.28,0.31,0.24,0.77491961,0.55,1.25028313,-0.43,-0.98301246,1,1,82.98786546,73.91974556,65.03143551,-9.06811990,-8.88831005,0.98017121,17.95642995,-2.26702997,-1.77766201,1,1,1228.79,1229.07,1228.75,1228.85,0.32,0.06,0.17721519,0.30379747,0.69620253,0.12658228,1,0.44,0.03592793,33,0.33,0.73839185,1,1,2014.01.09 18:13:00,1,1,69.20652453,0.44,0.03592793,44.07494779,33.38302415,12.45137109,20.93165306,113.41145833,1228.18,1227.26,1226.60,1226.43,1.51166537,3.60486451,5.46932925,2.09319914,1.86446474,E20>E50>E100>E200,UP,0.53685986,0.55356111,-0.01670124,53.21875000,58.32460712,-24.24581006,6.05983289,0.77287343,0,2014.01.09 18:05:00,1,1,82.74151604,0.89,0.07250340,49.31443545,38.83198894,6.21891354,32.61307540,136.34064769,1226.47,1226.43,1226.68,1226.68,2.34765296,2.38970629,2.11499983,0.04205333,-0.27470647,MIXED,RANGE,0.50530489,0.03677990,0.46852499,81.82375479,76.26061659,-9.21153846,6.00302478,1.02877263,0,2014.01.09 17:45:00,1,1,68.79120938,1.57,0.12750769,24.64106918,16.23447250,11.50472513,4.72974737,109.27979784,1226.50,1226.70,1226.80,1227.95,0.68481317,0.55944212,-0.23946087,-0.12537105,-0.79890299,E200>E100>E50>E20,DOWN,-0.26793100,-0.38239770,0.11446670,78.29202495,62.93809853,-4.60893855,3.14540546,0.73314429,0,2014.01.09 17:30:00,1,1,58.47490929,2.35,0.19167903,18.48611711,18.24135117,14.01159834,4.22975283,-18.72728529,1226.78,1226.85,1227.97,1227.97,0.33779872,0.30837907,-0.17083823,-0.02941965,-0.47921730,E200>E100>E50>E20,DOWN,-0.09607672,0.15295206,-0.24902877,57.02382806,48.27877575,-48.69804707,2.50711445,0.58404472,0,2014.01.09 17:00:00,1,0,,,,,,,,,,,,,,,,,,,,,,,,,,,,,2014.01.09 12:00:00,1,0,,,,,,,,,,,,,,,,,,,,,,,,,,,,,4,2,0,0,1,2,1,1
22,XAUUSD|PERIOD_M1|SELL|1389309180|1389309780|1389310680|1389310800|MARKET_EDGE_MFE_ATR_12_V1,XAUUSD,PERIOD_M1,SELL,BID_OHLC,2014.01.09 23:13:00,2014.01.09 23:23:00,2014.01.09 23:38:00,2014.01.09 23:40:00,2014.01.09 23:40:00,2014.01.09 23:41:05,2014.01.09 23:40:00,1229.03,0.22,4,PERIOD_M1,1,1,12,12,1,0.28,0.21,1.27477477,0.93693694,MARKET_EDGE_MFE_ATR_12_V1,1.0,1,12,0,60,,0,,NOT_EXECUTED_OR_UNRESOLVED,0,,0,,NOT_APPLICABLE_NON_EXECUTED,0,,,,5d926eed3daf312d7810863a3786293984c991b1,34c7e44e89019e46fb4b93a3ac7e556c392839a536990c8508c8c4378fe5fdce,V923_PASSIVE_MARKET_EDGE_V1,V924_MARKET_EDGE_SCHEMA_V2,MARKET_EDGE_FEATURE_SNAPSHOT_T0_V2,2014.01.09 23:41:05,0,H1|H4,,2014,1,4,23,40,ASIA,10,15,25,10,15,25,1.50000000,1,1228.05,1228.44,1229.18,0.39,0.74,1.92248062,1.13,5.09459459,-0.15,-0.68018018,1,1,87.07481610,78.12021613,75.75897308,-8.95459997,-2.36124304,0.26369051,11.31584302,-0.89546000,-0.15741620,1,1,1228.98,1229.04,1228.86,1229.03,0.17,0.05,0.28488372,0.96511628,0.03488372,0.68023256,1,0.22,0.01806304,37,0.37,1.64414414,1,1,2014.01.09 23:40:00,1,1,65.25325734,0.22,0.01806304,27.57632205,27.18650936,18.14281326,9.04369610,90.66006886,1228.54,1228.27,1228.15,1228.06,2.19212172,3.44079119,4.37694893,1.24866946,0.93615774,E20>E50>E100>E200,UP,0.24086377,0.14547722,0.09538656,83.81190179,86.55687463,-13.91705069,5.72194184,0.91888696,0,2014.01.09 23:35:00,1,1,73.17144533,0.48,0.03903666,28.56463579,31.12893061,12.21318243,18.91574818,206.20439551,1228.16,1228.00,1227.73,1227.35,1.69956020,2.02036252,3.37289726,0.32080231,1.35253474,E20>E50>E100>E200,UP,0.08300521,-0.04714936,0.13015458,72.61527631,80.06709179,-10.79812207,2.52596833,1.25295009,0,2014.01.09 23:15:00,1,1,59.63075934,0.47,0.03826629,21.46394549,19.69975272,22.28920529,2.58945257,8.58505421,1227.93,1227.52,1227.27,1228.01,0.63840420,1.51853740,0.47017847,0.88013320,-1.04835893,MIXED,RANGE,0.22033200,0.33765450,-0.11732250,55.94688222,38.92554448,-55.71753986,4.62176360,0.48708700,0,2014.01.09 23:00:00,1,1,53.74774694,0.97,0.07879192,21.48017337,15.57432198,11.34873047,4.22559151,29.46799094,1227.72,1227.32,1228.05,1228.02,0.53539205,0.94270664,0.22629603,0.40731460,-0.71641062,MIXED,RANGE,0.36435249,0.34713494,0.01721754,32.92894281,30.30734151,-32.59699802,6.30144699,0.60762147,0,2014.01.09 21:00:00,1,0,,,,,,,,,,,,,,,,,,,,,,,,,,,,,2014.01.09 16:00:00,1,0,,,,,,,,,,,,,,,,,,,,,,,,,,,,,4,0,1,0,2,0,2,1
23,XAUUSD|PERIOD_M1|SELL|1389309780|1389310680|1389311220|1389311340|MARKET_EDGE_MFE_ATR_12_V1,XAUUSD,PERIOD_M1,SELL,BID_OHLC,2014.01.09 23:23:00,2014.01.09 23:38:00,2014.01.09 23:47:00,2014.01.09 23:49:00,2014.01.09 23:49:00,2014.01.09 23:50:09,2014.01.09 23:49:00,1228.97,0.10,4,PERIOD_M1,1,1,12,12,1,0.37,0.01,3.79274611,0.06217617,MARKET_EDGE_MFE_ATR_12_V1,1.0,1,2,0,60,,0,,NOT_EXECUTED_OR_UNRESOLVED,0,,0,,NOT_APPLICABLE_NON_EXECUTED,0,,,,5d926eed3daf312d7810863a3786293984c991b1,34c7e44e89019e46fb4b93a3ac7e556c392839a536990c8508c8c4378fe5fdce,V923_PASSIVE_MARKET_EDGE_V1,V924_MARKET_EDGE_SCHEMA_V2,MARKET_EDGE_FEATURE_SNAPSHOT_T0_V2,2014.01.09 23:50:09,0,H1|H4,,2014,1,4,23,49,ASIA,15,9,24,15,9,24,0.60000000,1,1228.44,1229.18,1229.24,0.74,0.06,0.07661290,0.80,8.30051813,-0.27,-2.77720207,1,1,78.12021613,75.75897308,72.24072156,-2.36124304,-3.51825152,1.48999974,5.87949457,-0.15741620,-0.39091684,1,1,1229.13,1229.13,1228.95,1228.97,0.18,0.16,0.89204545,0.10795455,0.00000000,0.10795455,1,0.10,0.00785211,37,0.37,3.78238342,1,1,2014.01.09 23:49:00,1,1,42.50466885,0.10,0.00785211,33.82773197,26.83097104,23.20228097,3.62869007,-32.62024799,1228.87,1228.52,1228.31,1228.15,1.02488754,4.69036218,8.52044550,3.66547464,3.83008332,E20>E50>E100>E200,UP,0.22800362,0.25548081,-0.02747718,34.85540335,56.57371001,-53.92354125,15.95966284,0.59658417,0,2014.01.09 23:45:00,1,1,68.81981558,0.46,0.03751112,33.23113118,27.88767358,9.17345703,18.71421655,148.13903044,1228.32,1228.08,1227.78,1227.39,1.41381698,1.92108547,3.42899426,0.50726849,1.50790879,E20>E50>E100>E200,UP,0.18598233,0.01451655,0.17146579,84.43870227,79.64998759,-13.57649443,3.62594812,0.99579373,0,2014.01.09 23:30:00,1,1,73.68189197,0.67,0.05483629,20.32771611,25.06083023,19.31731125,5.74351898,159.96030559,1228.05,1227.58,1227.30,1228.02,1.58138685,2.26897993,1.61431561,0.68759308,-0.65466433,MIXED,RANGE,0.28824141,0.31724702,-0.02900561,80.14989780,56.86451109,-3.49504434,2.98891781,0.87202215,0,2014.01.09 23:00:00,1,1,53.74774694,0.97,0.07879192,21.48017337,15.57432198,11.34873047,4.22559151,29.46799094,1227.72,1227.32,1228.05,1228.02,0.53539205,0.94270664,0.22629603,0.40731460,-0.71641062,MIXED,RANGE,0.36435249,0.34713494,0.01721754,32.92894281,30.30734151,-32.59699802,6.30144699,0.60762147,0,2014.01.09 21:00:00,1,0,,,,,,,,,,,,,,,,,,,,,,,,,,,,,2014.01.09 16:00:00,1,0,,,,,,,,,,,,,,,,,,,,,,,,,,,,,4,0,0,0,2,0,2,1
24,XAUUSD|PERIOD_M1|BUY|1389311520|1389311760|1389312000|1389312120|MARKET_EDGE_MFE_ATR_12_V1,XAUUSD,PERIOD_M1,BUY,BID_OHLC,2014.01.09 23:52:00,2014.01.09 23:56:00,2014.01.10 00:00:00,2014.01.10 00:02:00,2014.01.10 00:02:00,2014.01.10 00:03:00,2014.01.10 00:02:00,1228.96,0.18,4,PERIOD_M1,1,1,12,12,1,0.02,1.18,0.08219178,6.47671233,MARKET_EDGE_MFE_ATR_12_V1,1.0,0,,0,60,,0,,EXECUTED,1,6,1,6,MATCHED_FINALIZED,1,0,0,2.04,5d926eed3daf312d7810863a3786293984c991b1,34c7e44e89019e46fb4b93a3ac7e556c392839a536990c8508c8c4378fe5fdce,V923_PASSIVE_MARKET_EDGE_V1,V924_MARKET_EDGE_SCHEMA_V2,MARKET_EDGE_FEATURE_SNAPSHOT_T0_V2,2014.01.10 00:03:00,0,H1|H4,,2014,1,5,0,2,ASIA,4,4,8,4,4,8,1.00000000,1,1228.75,1228.72,1228.60,-0.02,-0.12,5.21739130,0.14,0.78356164,0.36,1.98356164,1,1,28.08637027,36.02007542,52.67315187,7.93370515,16.65307645,2.09902891,24.58678160,1.98342629,4.16326911,1,1,1228.80,1228.96,1228.75,1228.96,0.21,0.16,0.76995305,1.00000000,0.00000000,0.23004695,1,0.18,0.01484989,37,0.37,2.00000000,1,1,2014.01.10 00:02:00,1,1,54.59020345,0.18,0.01484989,15.15345085,20.16991258,20.89017829,0.72026571,55.96827709,1228.86,1228.65,1228.43,1228.23,0.58322072,1.71982518,4.01613654,1.13660446,2.29631136,E20>E50>E100>E200,UP,0.05332689,0.07074348,-0.01741658,88.16872428,89.02013198,-30.78393881,2.96198237,0.55845770,0,2014.01.09 23:55:00,1,1,64.24134220,0.24,0.01950984,26.73915726,20.94674149,19.03170708,1.91503441,78.72066604,1228.41,1228.14,1227.82,1227.42,1.88538076,3.02077863,6.04676186,1.13539787,3.02598323,E20>E50>E100>E200,UP,0.21682189,0.08449333,0.13232856,68.28668102,77.03886577,-18.74366768,7.83289764,0.84809471,0,2014.01.09 23:45:00,1,1,66.89677392,0.75,0.06084873,19.77271080,23.19798542,16.74166975,6.45631567,151.22531525,1228.13,1227.63,1227.33,1228.03,0.99200713,1.64890308,1.11490488,0.65689595,-0.53399820,MIXED,RANGE,0.31853806,0.30229628,0.01624178,85.80845289,73.96841097,-18.74366768,2.57040083,0.72827579,0,2014.01.09 23:30:00,1,1,64.03025279,0.88,0.07148862,23.64623141,21.75226994,9.83556641,11.91670353,64.79306849,1227.83,1227.38,1228.07,1228.02,1.18450755,1.68895094,0.95905559,0.50444339,-0.72989535,MIXED,RANGE,0.41154257,0.37461870,0.03692388,54.38327259,36.94382314,-23.64769187,6.49784449,0.73808955,0,2014.01.09 23:00:00,1,0,,,,,,,,,,,,,,,,,,,,,,,,,,,,,2014.01.09 20:00:00,1,0,,,,,,,,,,,,,,,,,,,,,,,,,,,,,4,4,3,0,2,0,0,1
25,XAUUSD|PERIOD_M1|SELL|1389321180|1389321660|1389322200|1389322320|MARKET_EDGE_MFE_ATR_12_V1,XAUUSD,PERIOD_M1,SELL,BID_OHLC,2014.01.10 02:33:00,2014.01.10 02:41:00,2014.01.10 02:50:00,2014.01.10 02:52:00,2014.01.10 02:52:00,2014.01.10 02:53:01,2014.01.10 02:52:00,1233.18,0.28,4,PERIOD_M1,1,1,12,12,1,0.73,1.76,2.61304736,6.29133155,MARKET_EDGE_MFE_ATR_12_V1,1.0,1,1,0,60,,0,,NOT_EXECUTED_OR_UNRESOLVED,0,,0,,NOT_APPLICABLE_NON_EXECUTED,0,,,,5d926eed3daf312d7810863a3786293984c991b1,34c7e44e89019e46fb4b93a3ac7e556c392839a536990c8508c8c4378fe5fdce,V923_PASSIVE_MARKET_EDGE_V1,V924_MARKET_EDGE_SCHEMA_V2,MARKET_EDGE_FEATURE_SNAPSHOT_T0_V2,2014.01.10 02:53:01,0,H1|H4,,2014,1,5,2,52,ASIA,8,9,17,8,9,17,1.12500000,1,1232.88,1233.71,1233.78,0.83,0.07,0.08202654,0.90,3.20643432,-0.60,-2.13762288,1,1,81.40523816,76.65741467,60.29072789,-4.74782349,-16.36668678,3.44719782,21.11451027,-0.59347794,-1.81852075,1,1,1233.36,1233.39,1233.16,1233.18,0.23,0.18,0.78318584,0.08849558,0.12831858,0.08849558,1,0.28,0.02268522,28,0.28,0.98659517,1,1,2014.01.10 02:52:00,1,1,50.38906457,0.28,0.02268522,24.86428737,25.82542503,28.02813389,2.20270886,1.12893642,1232.76,1231.66,1230.67,1229.74,1.49099888,5.42919025,12.28626017,3.93819137,6.85706992,E20>E50>E100>E200,UP,0.62498772,0.71344101,-0.08845329,45.26650756,68.70359048,-38.90696161,7.22190150,0.60354760,0,2014.01.10 02:45:00,1,1,78.98556296,1.39,0.11234716,35.92975375,30.32457507,14.38344727,15.94112780,138.31446050,1230.71,1229.49,1228.72,1228.02,2.14301876,3.02320760,4.08143580,0.88018884,1.05822820,E20>E50>E100>E200,UP,1.15075381,0.68021441,0.47053940,94.02744832,92.42685669,-1.47354320,4.46887371,1.04336077,0,2014.01.10 02:30:00,1,1,87.15411149,1.46,0.11838310,29.38497776,39.45216996,9.63471091,29.81745905,233.21216599,1229.26,1228.32,1227.75,1228.18,2.60928222,3.25726144,3.35348423,0.64797921,0.09622279,MIXED,RANGE,0.85844795,0.38526871,0.47317925,89.06790551,90.08020392,-10.22890988,3.57894229,1.30699821,0,2014.01.10 02:00:00,1,1,73.21760215,1.23,0.09997506,31.49545241,32.89216052,7.93711573,24.95504479,246.13846527,1228.43,1227.72,1228.18,1228.08,1.93392611,2.50559864,2.21404658,0.57167253,-0.29155207,MIXED,RANGE,0.66177725,0.42829316,0.23348409,93.92204629,78.01679059,-4.34547908,4.58536864,0.98010596,0,2014.01.10 01:00:00,1,0,,,,,,,,,,,,,,,,,,,,,,,,,,,,,2014.01.09 20:00:00,1,0,,,,,,,,,,,,,,,,,,,,,,,,,,,,,4,0,1,0,2,0,2,1
26,XAUUSD|PERIOD_M1|SELL|1389322800|1389323100|1389323280|1389323400|MARKET_EDGE_MFE_ATR_12_V1,XAUUSD,PERIOD_M1,SELL,BID_OHLC,2014.01.10 03:00:00,2014.01.10 03:05:00,2014.01.10 03:08:00,2014.01.10 03:10:00,2014.01.10 03:10:00,2014.01.10 03:11:03,2014.01.10 03:10:00,1234.47,0.24,4,PERIOD_M1,1,1,12,12,1,0.53,0.18,2.18369453,0.73890609,MARKET_EDGE_MFE_ATR_12_V1,1.0,1,2,0,60,,0,,NOT_EXECUTED_OR_UNRESOLVED,0,,0,,NOT_APPLICABLE_NON_EXECUTED,0,,,,5d926eed3daf312d7810863a3786293984c991b1,34c7e44e89019e46fb4b93a3ac7e556c392839a536990c8508c8c4378fe5fdce,V923_PASSIVE_MARKET_EDGE_V1,V924_MARKET_EDGE_SCHEMA_V2,MARKET_EDGE_FEATURE_SNAPSHOT_T0_V2,2014.01.10 03:11:03,0,H1|H4,,2014,1,5,3,10,ASIA,5,3,8,5,3,8,0.60000000,1,1234.84,1235.02,1235.02,0.18,0.00,0.02272727,0.18,0.74303406,-0.55,-2.27450980,1,1,72.68150390,70.52464161,70.18812914,-2.15686229,-0.33651247,0.15601945,2.49337476,-0.43137246,-0.11217082,1,1,1234.54,1234.55,1234.47,1234.47,0.08,0.07,0.94666667,0.00000000,0.05333333,0.00000000,1,0.24,0.01962379,36,0.36,1.48606811,1,1,2014.01.10 03:10:00,1,1,48.94742035,0.24,0.01962379,21.32298965,23.16982990,26.19627656,3.02644666,23.01778496,1234.07,1232.93,1231.70,1230.45,1.65871192,6.34070686,16.59505390,4.68199495,10.25434704,E20>E50>E100>E200,UP,0.58277058,0.63020647,-0.04743590,22.49201278,43.50520051,-24.39132359,14.00739369,0.66249711,0,2014.01.10 03:05:00,1,1,72.16422746,1.06,0.08624803,37.96748554,29.77157767,10.16508974,19.60648793,111.32395202,1231.79,1230.14,1229.12,1228.25,2.56598521,4.11032632,5.88933212,1.54434111,1.77900581,E20>E50>E100>E200,UP,1.43488788,1.05233630,0.38255157,87.23034603,84.17634460,-8.97849462,6.98248533,0.92527499,0,2014.01.10 02:45:00,1,1,87.89798486,1.60,0.12967398,33.64827848,34.86950893,8.35008279,26.51942614,199.47033898,1229.67,1228.52,1227.87,1228.23,2.38360484,3.09937029,3.28071886,0.71576545,0.18134857,MIXED,RANGE,1.08473861,0.48691120,0.59782741,90.73404524,90.19902803,-4.78226445,4.09048071,1.16540329,0,2014.01.10 02:30:00,1,1,80.96666368,1.82,0.14720571,36.80082914,41.03354658,6.87883363,34.15471295,286.38582240,1228.91,1227.95,1228.28,1228.14,2.51668864,3.04473998,2.94186914,0.52805133,-0.10287083,MIXED,RANGE,0.98136905,0.49239673,0.48897232,93.99532522,89.53130564,-4.63403406,3.94939006,1.20255560,0,2014.01.10 02:00:00,1,0,,,,,,,,,,,,,,,,,,,,,,,,,,,,,2014.01.09 20:00:00,1,0,,,,,,,,,,,,,,,,,,,,,,,,,,,,,4,0,1,0,2,0,2,1
27,XAUUSD|PERIOD_M1|BUY|1389335640|1389336000|1389336420|1389336540|MARKET_EDGE_MFE_ATR_12_V1,XAUUSD,PERIOD_M1,BUY,BID_OHLC,2014.01.10 06:34:00,2014.01.10 06:40:00,2014.01.10 06:47:00,2014.01.10 06:49:00,2014.01.10 06:49:00,2014.01.10 06:50:01,2014.01.10 06:49:00,1235.48,0.36,4,PERIOD_M1,1,1,12,12,1,0.00,2.07,0.00000000,5.80771930,MARKET_EDGE_MFE_ATR_12_V1,1.0,0,,0,60,,0,,NOT_EXECUTED_OR_UNRESOLVED,0,,0,,NOT_APPLICABLE_NON_EXECUTED,0,,,,5d926eed3daf312d7810863a3786293984c991b1,34c7e44e89019e46fb4b93a3ac7e556c392839a536990c8508c8c4378fe5fdce,V923_PASSIVE_MARKET_EDGE_V1,V924_MARKET_EDGE_SCHEMA_V2,MARKET_EDGE_FEATURE_SNAPSHOT_T0_V2,2014.01.10 06:50:01,0,H1|H4,,2014,1,5,6,49,ASIA,6,7,13,6,7,13,1.16666667,1,1235.51,1235.12,1235.04,-0.39,-0.07,0.18925831,0.47,1.30526316,0.44,1.24070175,1,1,25.08351899,27.86012042,32.54547629,2.77660143,4.68535587,1.68744272,7.46195730,0.46276691,0.66933655,1,1,1235.57,1235.76,1235.43,1235.48,0.33,0.09,0.27692308,0.15692308,0.56615385,0.15692308,1,0.36,0.02883485,40,0.40,1.13684211,1,1,2014.01.10 06:49:00,1,1,44.06294118,0.36,0.02883485,24.26438018,21.65022506,27.87349022,6.22326516,26.86604362,1235.70,1235.82,1235.41,1234.46,-0.59986990,-0.95036278,2.87151640,-0.35049288,3.82187918,MIXED,RANGE,-0.22271871,-0.24663606,0.02391735,46.22416534,36.74100512,-50.88888889,4.70630344,0.37677594,0,2014.01.10 06:45:00,1,1,49.72368607,0.91,0.07347323,31.73345745,12.65848683,18.80569395,6.14720712,-71.41284798,1235.39,1234.04,1232.33,1230.47,0.09809924,1.59359351,5.52781500,1.49549426,3.93422150,E20>E50>E100>E200,UP,0.61278605,0.84205982,-0.22927377,16.76377560,19.65022251,-60.95346198,5.26054984,0.51229251,0,2014.01.10 06:30:00,1,1,72.53522884,1.89,0.15327581,41.13457649,27.04748093,13.46932239,13.57815854,91.46239360,1233.69,1231.25,1229.58,1229.10,1.05081862,2.33798631,3.47643187,1.28716769,1.13844556,E20>E50>E100>E200,UP,1.72200593,1.50911288,0.21289306,72.62936081,78.69560664,-38.51924975,4.00716735,0.76549576,0,2014.01.10 06:00:00,1,1,84.84845531,1.83,0.14770413,49.50321151,35.70722981,8.05404518,27.65318462,120.42182225,1231.78,1229.54,1229.09,1228.56,2.72529242,3.95225793,4.49040444,1.22696551,0.53814651,E20>E50>E100>E200,UP,2.08953733,1.44115073,0.64838660,75.45490663,66.14423079,-8.54726075,6.47480246,0.99397839,0,2014.01.10 05:00:00,1,0,,,,,,,,,,,,,,,,,,,,,,,,,,,,,2014.01.10 00:00:00,1,0,,,,,,,,,,,,,,,,,,,,,,,,,,,,,4,4,2,0,3,0,0,1
28,XAUUSD|PERIOD_M1|BUY|1389343800|1389344220|1389344460|1389344580|MARKET_EDGE_MFE_ATR_12_V1,XAUUSD,PERIOD_M1,BUY,BID_OHLC,2014.01.10 08:50:00,2014.01.10 08:57:00,2014.01.10 09:01:00,2014.01.10 09:03:00,2014.01.10 09:03:00,2014.01.10 09:04:04,2014.01.10 09:03:00,1233.91,0.53,4,PERIOD_M1,1,1,12,12,1,0.00,1.71,0.00000000,3.23557237,MARKET_EDGE_MFE_ATR_12_V1,1.0,0,,0,60,,0,,NOT_EXECUTED_OR_UNRESOLVED,0,,0,,NOT_APPLICABLE_NON_EXECUTED,0,,,,5d926eed3daf312d7810863a3786293984c991b1,34c7e44e89019e46fb4b93a3ac7e556c392839a536990c8508c8c4378fe5fdce,V923_PASSIVE_MARKET_EDGE_V1,V924_MARKET_EDGE_SCHEMA_V2,MARKET_EDGE_FEATURE_SNAPSHOT_T0_V2,2014.01.10 09:04:04,0,H1|H4,,2014,1,5,9,3,LONDON,7,4,11,7,4,11,0.57142857,1,1233.94,1233.54,1233.25,-0.40,-0.29,0.72069825,0.69,1.30558184,0.66,1.24881741,1,1,17.44530288,31.93684458,32.97782376,14.49154170,1.04097918,0.07183357,15.53252088,2.07022024,0.26024479,1,1,1233.80,1233.95,1233.79,1233.91,0.15,0.11,0.71428571,0.77922078,0.22077922,0.06493506,1,0.53,0.04283122,37,0.37,0.70766320,1,1,2014.01.10 09:03:00,1,1,44.85322851,0.53,0.04283122,38.10432998,12.31154413,22.99971932,10.68817519,-54.85953706,1234.24,1234.63,1234.72,1234.59,-0.62551436,-1.34742070,-1.28043825,-0.72190634,0.06698245,MIXED,RANGE,-0.34819839,-0.33940548,-0.00879291,34.12073491,35.70764052,-53.52112676,3.47228207,0.31932875,0,2014.01.10 08:55:00,1,1,44.55257793,0.88,0.07114998,24.29883554,17.21004730,37.47579471,20.26574741,-121.48559726,1234.76,1234.42,1233.25,1231.41,-0.85232417,-0.46745538,2.96818912,0.38486880,3.43564450,E20>E50>E100>E200,UP,-0.01144258,0.10229962,-0.11374220,9.02432153,13.58922524,-89.46308725,2.87077916,0.24223819,0,2014.01.10 08:45:00,1,1,52.57078137,2.11,0.17116919,22.88105319,24.89911146,20.95102789,3.94808357,-63.40856259,1234.25,1232.26,1230.41,1229.57,-0.11371600,0.82806661,2.10437638,0.94178261,1.27630978,E20>E50>E100>E200,UP,0.86489061,1.14257888,-0.27768827,45.15102104,59.63269321,-77.71084337,2.27702813,0.38255909,0,2014.01.10 08:30:00,1,1,59.71597266,2.36,0.19150933,42.58793547,30.66450043,11.40655224,19.25794819,68.96517005,1232.85,1230.44,1229.60,1228.85,0.49028293,1.51275059,2.18546094,1.02246766,0.67271035,E20>E50>E100>E200,UP,1.76718762,1.84100315,-0.07381553,41.13380282,36.32874204,-46.66277713,4.70836582,0.63785330,0,2014.01.10 08:00:00,1,0,,,,,,,,,,,,,,,,,,,,,,,,,,,,,2014.01.10 04:00:00,1,0,,,,,,,,,,,,,,,,,,,,,,,,,,,,,4,3,2,0,3,0,0,1
29,XAUUSD|PERIOD_M1|BUY|1389356520|1389357060|1389357540|1389357660|MARKET_EDGE_MFE_ATR_12_V1,XAUUSD,PERIOD_M1,BUY,BID_OHLC,2014.01.10 12:22:00,2014.01.10 12:31:00,2014.01.10 12:39:00,2014.01.10 12:41:00,2014.01.10 12:41:00,2014.01.10 12:42:01,2014.01.10 12:41:00,1232.80,0.21,4,PERIOD_M1,1,1,12,12,1,0.53,0.05,2.52256532,0.23277910,MARKET_EDGE_MFE_ATR_12_V1,1.0,1,4,0,60,,0,,EXECUTED,1,7,1,7,MATCHED_FINALIZED,1,0,0,2.01,5d926eed3daf312d7810863a3786293984c991b1,34c7e44e89019e46fb4b93a3ac7e556c392839a536990c8508c8c4378fe5fdce,V923_PASSIVE_MARKET_EDGE_V1,V924_MARKET_EDGE_SCHEMA_V2,MARKET_EDGE_FEATURE_SNAPSHOT_T0_V2,2014.01.10 12:42:01,0,H1|H4,,2014,1,5,12,41,OVERLAP,9,8,17,9,8,17,0.88888889,1,1232.88,1232.79,1232.73,-0.09,-0.06,0.67415730,0.15,0.70783848,0.07,0.33254157,1,1,30.45441581,30.97384994,38.34221137,0.51943413,7.36836144,14.18536250,7.88779557,0.05771490,0.92104518,1,1,1232.90,1232.92,1232.74,1232.80,0.18,0.10,0.54644809,0.31693989,0.13661202,0.31693989,1,0.21,0.01707495,32,0.32,1.49643705,1,1,2014.01.10 12:41:00,1,1,38.79848110,0.21,0.01707495,23.22971368,14.45425211,21.69750425,7.24325214,-96.48293963,1233.10,1233.28,1233.31,1233.38,-1.40560086,-2.26396420,-2.75751194,-0.85836335,-0.49354774,E200>E100>E50>E20,DOWN,-0.15729247,-0.14141742,-0.01587505,24.91420728,23.90414193,-89.28024502,4.68998102,0.17890313,0,2014.01.10 12:35:00,1,1,42.27513696,0.71,0.05722573,13.92808917,19.27351841,25.43417050,6.16065209,-135.19940717,1233.31,1233.40,1233.18,1232.01,-0.66413297,-0.80379300,1.16920928,-0.13966003,1.97300228,MIXED,RANGE,-0.01450276,0.05879627,-0.07329904,21.34831461,27.11601675,-94.82591876,1.85099518,0.12917644,1,2014.01.10 12:15:00,1,1,50.96575031,1.17,0.09495629,18.32058633,17.45078195,12.31997263,5.13080932,61.72417882,1233.40,1232.61,1231.05,1230.02,-0.17256327,0.50385685,2.71322327,0.67642011,2.20936643,E20>E50>E100>E200,UP,-0.02526323,-0.02979708,0.00453385,42.22026432,56.11756025,-46.61807580,3.26227784,0.40322312,0,2014.01.10 12:00:00,1,1,54.40042400,1.67,0.13535934,30.58290028,23.51502940,9.56842283,13.94660657,-31.56389281,1232.99,1231.08,1230.05,1229.13,0.12503696,1.26666250,2.43561901,1.14162554,1.16895651,E20>E50>E100>E200,UP,0.84447975,1.27664885,-0.43216909,67.23085163,48.49050933,-72.44130042,2.84550828,0.35361688,0,2014.01.10 11:00:00,1,0,,,,,,,,,,,,,,,,,,,,,,,,,,,,,2014.01.10 08:00:00,1,0,,,,,,,,,,,,,,,,,,,,,,,,,,,,,4,3,2,1,2,1,1,1
30,XAUUSD|PERIOD_M1|BUY|1389373380|1389373560|1389374040|1389374160|MARKET_EDGE_MFE_ATR_12_V1,XAUUSD,PERIOD_M1,BUY,BID_OHLC,2014.01.10 17:03:00,2014.01.10 17:06:00,2014.01.10 17:14:00,2014.01.10 17:16:00,2014.01.10 17:16:00,2014.01.10 17:17:02,2014.01.10 17:16:00,1243.45,0.29,4,PERIOD_M1,1,1,12,12,1,1.58,0.05,5.37872340,0.17021277,MARKET_EDGE_MFE_ATR_12_V1,1.0,1,2,0,60,,0,,EXECUTED,1,8,1,8,MATCHED_FINALIZED,1,0,0,2.02,5d926eed3daf312d7810863a3786293984c991b1,34c7e44e89019e46fb4b93a3ac7e556c392839a536990c8508c8c4378fe5fdce,V923_PASSIVE_MARKET_EDGE_V1,V924_MARKET_EDGE_SCHEMA_V2,MARKET_EDGE_FEATURE_SNAPSHOT_T0_V2,2014.01.10 17:17:02,0,H1|H4,,2014,1,5,17,16,NEWYORK,3,8,11,3,8,11,2.66666667,1,1243.56,1243.46,1243.22,-0.09,-0.24,2.60869565,0.33,1.13021277,0.23,0.78297872,1,1,30.79021829,35.77959445,36.07898676,4.98937617,0.29939231,0.06000596,5.28876847,1.66312539,0.03742404,1,1,1243.57,1243.60,1243.42,1243.45,0.18,0.12,0.67231638,0.16949153,0.15819209,0.16949153,1,0.29,0.02362373,33,0.33,1.13702128,1,1,2014.01.10 17:16:00,1,1,31.91119706,0.29,0.02362373,26.70045074,12.68074610,30.75295428,18.07220818,-139.49473527,1243.79,1244.00,1243.99,1242.85,-1.14100725,-1.87088039,2.04890202,-0.72987314,3.91978241,MIXED,RANGE,-0.12901346,-0.08990288,-0.03911058,43.69474174,37.53930893,-76.28865979,3.40429780,0.08680516,0,2014.01.10 17:10:00,1,1,35.71563477,0.69,0.05512298,20.69740393,12.07171985,21.74935074,9.67763090,-89.14272031,1243.94,1242.04,1239.32,1236.20,-0.51677296,2.24883171,10.76397787,2.76560467,8.51514616,E20>E50>E100>E200,UP,0.34724123,0.63081403,-0.28357280,46.74698795,55.21098618,-85.61946903,3.99699451,0.20736583,0,2014.01.10 17:00:00,1,1,46.93157034,1.53,0.12311201,22.55922414,10.98903167,11.54799926,0.55896758,7.20626077,1241.35,1237.49,1234.32,1231.95,1.45845942,3.98027599,7.59669784,2.52181656,3.61642185,E20>E50>E100>E200,UP,2.70901740,2.90843648,-0.19941907,19.44595921,26.54235610,-44.41757780,13.25488154,0.64805928,0,2014.01.10 16:30:00,1,1,56.91975995,2.82,0.22694701,34.61138414,19.04552421,9.15305635,9.89246786,80.44659427,1238.13,1234.09,1231.83,1230.13,2.12181972,3.55236334,4.95617992,1.43054362,1.40381658,E20>E50>E100>E200,UP,3.29694396,1.94558698,1.35135698,73.23665305,80.90210146,-17.53425961,7.29580784,0.85757779,0,2014.01.10 16:00:00,1,0,,,,,,,,,,,,,,,,,,,,,,,,,,,,,2014.01.10 12:00:00,1,0,,,,,,,,,,,,,,,,,,,,,,,,,,,,,4,4,1,0,3,0,0,1
31,XAUUSD|PERIOD_M1|SELL|1389376320|1389376500|1389376800|1389376920|MARKET_EDGE_MFE_ATR_12_V1,XAUUSD,PERIOD_M1,SELL,BID_OHLC,2014.01.10 17:52:00,2014.01.10 17:55:00,2014.01.10 18:00:00,2014.01.10 18:02:00,2014.01.10 18:02:00,2014.01.10 18:03:00,2014.01.10 18:02:00,1246.18,0.54,4,PERIOD_M1,1,1,12,12,1,0.40,2.38,0.74397032,4.40816327,MARKET_EDGE_MFE_ATR_12_V1,1.0,0,,0,60,,0,,NOT_EXECUTED_OR_UNRESOLVED,0,,0,,NOT_APPLICABLE_NON_EXECUTED,0,,,,5d926eed3daf312d7810863a3786293984c991b1,34c7e44e89019e46fb4b93a3ac7e556c392839a536990c8508c8c4378fe5fdce,V923_PASSIVE_MARKET_EDGE_V1,V924_MARKET_EDGE_SCHEMA_V2,MARKET_EDGE_FEATURE_SNAPSHOT_T0_V2,2014.01.10 18:03:00,0,H1|H4,,2014,1,5,18,2,NEWYORK,3,5,8,3,5,8,1.66666667,1,1246.53,1246.54,1246.86,0.02,0.32,19.68750000,0.33,0.61410019,-0.67,-1.25046382,1,1,78.33642844,75.16146750,65.24945036,-3.17496094,-9.91201713,3.12193357,13.08697807,-1.05832031,-1.98240343,1,1,1246.34,1246.44,1245.98,1246.18,0.46,0.16,0.34267241,0.44181034,0.21551724,0.44181034,1,0.54,0.04325207,13,0.13,0.23191095,1,1,2014.01.10 18:02:00,1,1,52.81128468,0.54,0.04325207,36.37809295,19.53135778,18.01330383,1.51805395,-7.93394442,1245.92,1245.26,1244.78,1243.72,0.48109499,1.70347275,4.57641039,1.22237775,2.87293765,E20>E50>E100>E200,UP,0.42493068,0.46792113,-0.04299044,52.86998617,63.54635398,-46.35488308,4.66632492,0.62227903,0,2014.01.10 17:55:00,1,1,75.81464257,1.18,0.09468489,22.06784396,24.07598315,12.42805135,11.64793180,173.18487240,1244.71,1242.97,1240.27,1236.97,1.51636693,2.99096405,8.07994139,1.47459712,5.08897735,E20>E50>E100>E200,UP,0.64316496,0.41316209,0.23000287,94.12000000,78.75574378,-1.17505273,2.81922524,1.12490409,0,2014.01.10 17:45:00,1,1,69.55056501,1.66,0.13327284,27.54976322,21.38401056,7.51731981,13.86669075,128.32933520,1242.36,1238.36,1234.95,1232.34,2.49387305,4.90051465,8.52331173,2.40664160,3.62279708,E20>E50>E100>E200,UP,2.58822686,2.85096311,-0.26273625,69.18069585,46.37740810,-16.68371261,10.30430107,0.74338387,0,2014.01.10 17:30:00,1,1,70.37593799,2.20,0.17657398,38.47814450,24.65890189,6.87496233,17.78393956,79.12409118,1239.50,1234.98,1232.37,1230.44,3.18378868,5.23564837,7.29999142,2.05185969,2.06434305,E20>E50>E100>E200,UP,3.59472398,2.59354865,1.00117534,57.16346757,60.83227624,-6.20955463,10.36079732,0.87758975,0,2014.01.10 17:00:00,1,0,,,,,,,,,,,,,,,,,,,,,,,,,,,,,2014.01.10 12:00:00,1,0,,,,,,,,,,,,,,,,,,,,,,,,,,,,,4,0,0,0,4,0,4,1
32,XAUUSD|PERIOD_M1|SELL|1389376500|1389376800|1389377220|1389377340|MARKET_EDGE_MFE_ATR_12_V1,XAUUSD,PERIOD_M1,SELL,BID_OHLC,2014.01.10 17:55:00,2014.01.10 18:00:00,2014.01.10 18:07:00,2014.01.10 18:09:00,2014.01.10 18:09:00,2014.01.10 18:10:01,2014.01.10 18:09:00,1246.27,0.64,4,PERIOD_M1,1,1,12,12,1,0.00,2.59,0.00000000,4.05958448,MARKET_EDGE_MFE_ATR_12_V1,1.0,0,,0,60,,0,,NOT_EXECUTED_OR_UNRESOLVED,0,,0,,NOT_APPLICABLE_NON_EXECUTED,0,,,,5d926eed3daf312d7810863a3786293984c991b1,34c7e44e89019e46fb4b93a3ac7e556c392839a536990c8508c8c4378fe5fdce,V923_PASSIVE_MARKET_EDGE_V1,V924_MARKET_EDGE_SCHEMA_V2,MARKET_EDGE_FEATURE_SNAPSHOT_T0_V2,2014.01.10 18:10:01,0,H1|H4,,2014,1,5,18,9,NEWYORK,5,7,12,5,7,12,1.40000000,1,1246.54,1246.86,1247.33,0.32,0.48,1.51111111,0.79,1.24029792,-1.06,-1.66679733,1,1,75.16146750,65.24945036,56.88794655,-9.91201713,-8.36150382,0.84357237,18.27352095,-1.98240343,-1.19450055,1,1,1246.58,1246.58,1246.17,1246.27,0.41,0.31,0.75728155,0.24271845,0.00000000,0.24271845,1,0.64,0.05117270,34,0.34,0.52842023,1,1,2014.01.10 18:09:00,1,1,51.81906848,0.64,0.05117270,33.23245824,25.90192975,12.47970801,13.42222174,-2.99167406,1246.16,1245.54,1244.99,1243.90,0.16593100,1.14666704,3.72208293,0.98073604,2.57541589,E20>E50>E100>E200,UP,0.32117940,0.37083187,-0.04965247,38.89658356,54.81412835,-68.53642811,1.43586706,0.45102237,1,2014.01.10 18:05:00,1,1,68.72088878,1.03,0.08258644,27.50790038,26.46716029,9.33484746,17.13231284,128.10700779,1244.98,1243.22,1240.50,1237.15,1.25541480,2.96464434,8.86195757,1.70922954,5.89731323,E20>E50>E100>E200,UP,0.70745248,0.49720959,0.21024288,76.86394143,85.73232223,-25.86374696,3.75044382,0.92217334,0,2014.01.10 17:45:00,1,1,69.55056501,1.66,0.13327284,27.54976322,21.38401056,7.51731981,13.86669075,128.32933520,1242.36,1238.36,1234.95,1232.34,2.49387305,4.90051465,8.52331173,2.40664160,3.62279708,E20>E50>E100>E200,UP,2.58822686,2.85096311,-0.26273625,69.18069585,46.37740810,-16.68371261,10.30430107,0.74338387,0,2014.01.10 17:30:00,1,1,70.37593799,2.20,0.17657398,38.47814450,24.65890189,6.87496233,17.78393956,79.12409118,1239.50,1234.98,1232.37,1230.44,3.18378868,5.23564837,7.29999142,2.05185969,2.06434305,E20>E50>E100>E200,UP,3.59472398,2.59354865,1.00117534,57.16346757,60.83227624,-6.20955463,10.36079732,0.87758975,0,2014.01.10 17:00:00,1,0,,,,,,,,,,,,,,,,,,,,,,,,,,,,,2014.01.10 12:00:00,1,0,,,,,,,,,,,,,,,,,,,,,,,,,,,,,4,0,0,1,4,0,4,1
33,XAUUSD|PERIOD_M1|BUY|1389381300|1389381540|1389381840|1389381960|MARKET_EDGE_MFE_ATR_12_V1,XAUUSD,PERIOD_M1,BUY,BID_OHLC,2014.01.10 19:15:00,2014.01.10 19:19:00,2014.01.10 19:24:00,2014.01.10 19:26:00,2014.01.10 19:26:00,2014.01.10 19:27:02,2014.01.10 19:26:00,1246.56,0.19,4,PERIOD_M1,1,1,12,12,1,0.08,0.99,0.42702703,5.35135135,MARKET_EDGE_MFE_ATR_12_V1,1.0,0,,0,60,,0,,NOT_EXECUTED_OR_UNRESOLVED,0,,0,,NOT_APPLICABLE_NON_EXECUTED,0,,,,5d926eed3daf312d7810863a3786293984c991b1,34c7e44e89019e46fb4b93a3ac7e556c392839a536990c8508c8c4378fe5fdce,V923_PASSIVE_MARKET_EDGE_V1,V924_MARKET_EDGE_SCHEMA_V2,MARKET_EDGE_FEATURE_SNAPSHOT_T0_V2,2014.01.10 19:27:02,0,H1|H4,,2014,1,5,19,26,NEWYORK,4,5,9,4,5,9,1.25000000,1,1246.79,1246.57,1246.54,-0.22,-0.03,0.13574661,0.25,1.35675676,0.02,0.10810811,1,1,44.07731574,46.28209874,57.23565611,2.20478300,10.95355737,4.96808863,13.15834037,0.55119575,2.19071147,1,1,1246.65,1246.65,1246.56,1246.56,0.09,0.09,1.00000000,0.00000000,0.00000000,0.00000000,1,0.19,0.01484081,35,0.35,1.86486486,1,1,2014.01.10 19:26:00,1,1,39.80084817,0.19,0.01484081,31.74308253,6.12858316,25.63831019,19.50972703,-117.45962699,1246.80,1246.83,1246.53,1245.56,-1.26982563,-1.42870430,5.42978793,-0.15887866,6.85849223,MIXED,RANGE,-0.06896272,-0.04312797,-0.02583475,46.73913043,53.91586759,-97.13876967,3.50186844,0.06471114,0,2014.01.10 19:20:00,1,1,55.46119977,0.38,0.03029652,15.34488788,17.22971040,16.59123874,0.63847165,-78.65624095,1246.51,1244.92,1242.19,1238.52,0.88916168,5.08671156,22.02297737,4.19754988,16.93626581,E20>E50>E100>E200,UP,0.54001696,0.70120160,-0.16118464,55.81818182,52.83488058,-75.33632287,5.15441492,0.51186392,0,2014.01.10 19:00:00,1,1,65.07231234,1.48,0.11858061,42.23411818,18.75176413,7.99061337,10.76115076,76.02085714,1244.23,1239.95,1236.11,1233.07,1.89835820,4.79360247,9.45136522,2.89524427,4.65776275,E20>E50>E100>E200,UP,2.54071969,2.63428827,-0.09356858,53.78571429,61.72667486,-31.70476357,4.65039725,0.80582650,0,2014.01.10 18:30:00,1,1,73.07148945,2.24,0.17950943,45.85352395,27.22297989,5.16386059,22.05911929,79.66793366,1240.87,1235.91,1232.94,1230.77,2.80257252,5.01971545,7.31809156,2.21714294,2.29837611,E20>E50>E100>E200,UP,3.82914708,3.17294322,0.65620386,76.03522452,65.79633442,-7.74912766,11.09283628,0.82384118,0,2014.01.10 18:00:00,1,0,,,,,,,,,,,,,,,,,,,,,,,,,,,,,2014.01.10 12:00:00,1,0,,,,,,,,,,,,,,,,,,,,,,,,,,,,,4,4,3,0,3,0,0,1
34,XAUUSD|PERIOD_M1|SELL|1389581040|1389581520|1389582120|1389582240|MARKET_EDGE_MFE_ATR_12_V1,XAUUSD,PERIOD_M1,SELL,BID_OHLC,2014.01.13 02:44:00,2014.01.13 02:52:00,2014.01.13 03:02:00,2014.01.13 03:04:00,2014.01.13 03:04:00,2014.01.13 03:05:05,2014.01.13 03:04:00,1251.98,0.42,4,PERIOD_M1,1,1,12,12,1,1.77,0.00,4.23501199,0.00000000,MARKET_EDGE_MFE_ATR_12_V1,1.0,1,1,0,60,,0,,NOT_EXECUTED_OR_UNRESOLVED,0,,0,,NOT_APPLICABLE_NON_EXECUTED,0,,,,5d926eed3daf312d7810863a3786293984c991b1,34c7e44e89019e46fb4b93a3ac7e556c392839a536990c8508c8c4378fe5fdce,V923_PASSIVE_MARKET_EDGE_V1,V924_MARKET_EDGE_SCHEMA_V2,MARKET_EDGE_FEATURE_SNAPSHOT_T0_V2,2014.01.13 03:05:05,0,H1|H4,,2014,1,1,3,4,ASIA,8,10,18,8,10,18,1.25000000,1,1251.94,1252.24,1252.26,0.30,0.02,0.07333333,0.32,0.77218225,-0.29,-0.68585132,1,1,69.22472557,66.27848507,47.77168920,-2.94624050,-18.50679588,6.28149531,21.45303638,-0.36828006,-1.85067959,1,1,1251.78,1252.02,1251.58,1251.98,0.43,0.20,0.44930876,0.90783410,0.09216590,0.45852535,1,0.42,0.03330729,36,0.36,0.86330935,1,1,2014.01.13 03:04:00,1,1,50.45301391,0.42,0.03330729,27.85519607,18.93518811,27.21209059,8.27690248,40.06385672,1251.73,1251.65,1251.36,1250.53,0.59967392,0.79718795,3.46541542,0.19751403,2.66822746,E20>E50>E100>E200,UP,0.03438248,0.02062602,0.01375647,68.39635661,69.97148429,-22.82521947,1.97719430,0.78108284,1,2014.01.13 03:00:00,1,1,55.49837658,0.73,0.05836764,15.48328794,22.28110168,16.29893627,5.98216541,76.45248048,1251.37,1250.14,1248.08,1244.34,0.82981414,2.51825399,10.45803235,1.68843985,7.93977835,E20>E50>E100>E200,UP,0.46342972,0.56110239,-0.09767267,55.27665317,59.07382217,-14.47368421,2.01358446,0.78149548,0,2014.01.13 02:45:00,1,1,55.99836738,1.03,0.08263928,25.37888664,17.72068404,11.34128799,6.37939605,54.91437803,1249.58,1245.98,1241.38,1236.73,1.58909205,5.07099644,14.01205951,3.48190439,8.94106307,E20>E50>E100>E200,UP,1.73826759,1.70698951,0.03127808,56.08389599,52.36216105,-49.59064327,7.64462469,0.73745209,0,2014.01.13 02:30:00,1,1,68.81330441,2.95,0.23586960,39.79664831,20.02823688,7.36761649,12.66062039,110.66726511,1247.10,1241.37,1236.74,1233.07,1.39562879,3.33794555,6.15124359,1.94231676,2.81329804,E20>E50>E100>E200,UP,3.29233190,3.25652948,0.03580242,50.99601594,51.67607593,-34.90669594,3.24706119,0.88962675,0,2014.01.13 02:00:00,1,0,,,,,,,,,,,,,,,,,,,,,,,,,,,,,2014.01.12 20:00:00,1,0,,,,,,,,,,,,,,,,,,,,,,,,,,,,,4,0,1,1,4,0,4,1
35,XAUUSD|PERIOD_M1|BUY|1389590700|1389590880|1389591180|1389591300|MARKET_EDGE_MFE_ATR_12_V1,XAUUSD,PERIOD_M1,BUY,BID_OHLC,2014.01.13 05:25:00,2014.01.13 05:28:00,2014.01.13 05:33:00,2014.01.13 05:35:00,2014.01.13 05:35:00,2014.01.13 05:36:00,2014.01.13 05:35:00,1251.12,0.69,4,PERIOD_M1,1,1,12,12,1,0.93,0.01,1.34541501,0.01884741,MARKET_EDGE_MFE_ATR_12_V1,1.0,1,4,0,60,,0,,EXECUTED,1,9,1,9,MATCHED_FINALIZED,1,0,0,5.39,5d926eed3daf312d7810863a3786293984c991b1,34c7e44e89019e46fb4b93a3ac7e556c392839a536990c8508c8c4378fe5fdce,V923_PASSIVE_MARKET_EDGE_V1,V924_MARKET_EDGE_SCHEMA_V2,MARKET_EDGE_FEATURE_SNAPSHOT_T0_V2,2014.01.13 05:36:00,0,H1|H4,,2014,1,1,5,35,ASIA,3,5,8,3,5,8,1.66666667,1,1250.69,1250.65,1250.64,-0.04,-0.01,0.23684211,0.05,0.06814063,0.48,0.69155491,1,1,24.34761169,39.63568033,55.62399183,15.28806864,15.98831150,1.04580323,31.27638014,5.09602288,3.19766230,1,1,1251.39,1251.39,1251.04,1251.12,0.35,0.27,0.77873563,0.22126437,0.00000000,0.22126437,1,0.69,0.05513065,36,0.36,0.52192823,1,1,2014.01.13 05:35:00,1,1,50.93226313,0.69,0.05513065,22.75170998,24.85384242,23.10684212,1.74700030,39.16749696,1251.14,1250.84,1250.60,1250.44,-0.03185549,0.40128934,0.98646747,0.43314483,0.58517813,E20>E50>E100>E200,UP,0.07613169,0.05863177,0.01749992,50.98135427,60.23600280,-68.98569571,2.26664479,0.42788238,0,2014.01.13 05:30:00,1,1,59.63332576,0.88,0.07020025,20.51141506,25.85192794,21.68681229,4.16511565,85.05622945,1250.65,1250.33,1249.11,1245.89,0.87544934,1.23682642,6.29029515,0.36137708,5.05346874,E20>E50>E100>E200,UP,0.24162827,0.00491706,0.23671120,54.88286763,65.72193014,-21.87050360,3.80928184,0.83311379,0,2014.01.13 05:15:00,1,1,57.36014004,1.70,0.13554549,24.95738954,14.32980357,14.30827929,0.02152428,61.54416707,1250.17,1247.45,1243.02,1238.03,0.52476908,2.12643080,7.67889260,1.60166172,5.55246180,E20>E50>E100>E200,UP,0.86217072,1.04303469,-0.18086397,86.43636364,80.40271548,-33.94211857,2.36467918,0.59320670,0,2014.01.13 05:00:00,1,1,64.43378546,1.63,0.13009010,27.08645198,19.00684780,18.33035355,0.67649425,54.36525643,1248.38,1242.99,1238.03,1233.91,1.64335811,4.95372207,10.53616545,3.31036396,5.58244338,E20>E50>E100>E200,UP,2.58790026,3.03910432,-0.45120405,45.13861386,33.86914823,-44.25792107,5.27267759,0.76955177,0,2014.01.13 04:00:00,1,0,,,,,,,,,,,,,,,,,,,,,,,,,,,,,2014.01.13 00:00:00,1,0,,,,,,,,,,,,,,,,,,,,,,,,,,,,,4,4,4,0,4,0,0,1
36,XAUUSD|PERIOD_M1|SELL|1389627300|1389627840|1389628020|1389628140|MARKET_EDGE_MFE_ATR_12_V1,XAUUSD,PERIOD_M1,SELL,BID_OHLC,2014.01.13 15:35:00,2014.01.13 15:44:00,2014.01.13 15:47:00,2014.01.13 15:49:00,2014.01.13 15:49:00,2014.01.13 15:50:00,2014.01.13 15:49:00,1247.82,0.33,4,PERIOD_M1,1,1,12,12,1,0.57,1.85,1.72782875,5.65749235,MARKET_EDGE_MFE_ATR_12_V1,1.0,1,3,0,60,,0,,NOT_EXECUTED_OR_UNRESOLVED,0,,0,,NOT_APPLICABLE_NON_EXECUTED,0,,,,5d926eed3daf312d7810863a3786293984c991b1,34c7e44e89019e46fb4b93a3ac7e556c392839a536990c8508c8c4378fe5fdce,V923_PASSIVE_MARKET_EDGE_V1,V924_MARKET_EDGE_SCHEMA_V2,MARKET_EDGE_FEATURE_SNAPSHOT_T0_V2,2014.01.13 15:50:00,0,H1|H4,,2014,1,1,15,49,OVERLAP,9,3,12,9,3,12,0.33333333,1,1247.94,1247.97,1248.08,0.03,0.11,3.51612903,0.14,0.42813456,-0.26,-0.79204893,1,1,71.98574660,68.17396202,64.80475769,-3.81178459,-3.36920432,0.88389158,7.18098891,-0.42353162,-1.12306811,1,1,1247.74,1248.00,1247.74,1247.82,0.26,0.09,0.32699620,0.32699620,0.67300380,0.00000000,1,0.33,0.02620564,32,0.32,0.98165138,1,1,2014.01.13 15:49:00,1,1,55.00420788,0.33,0.02620564,34.31031384,22.15179847,13.60204266,8.54975581,71.90103899,1247.69,1247.61,1247.39,1247.08,0.41190979,0.65731708,2.26211598,0.24540729,1.60479889,E20>E50>E100>E200,UP,0.09392390,0.07180649,0.02211741,58.58024691,62.44089710,-31.12980769,2.49044560,0.67651558,0,2014.01.13 15:45:00,1,1,54.66178118,0.66,0.05265170,13.39238019,19.69807563,18.30574269,1.39233294,10.55270618,1247.40,1247.04,1247.23,1246.85,0.64154504,1.18970573,1.48522256,0.54816069,0.29551683,MIXED,RANGE,0.30917762,0.38401433,-0.07483671,78.42485832,66.74714308,-48.23269514,3.17951594,0.60995997,0,2014.01.13 15:30:00,1,1,57.74073707,1.59,0.12768829,19.11125605,14.27552886,14.84359621,0.56806735,76.51433475,1246.98,1247.17,1245.41,1241.19,0.61714777,0.49906015,4.25068420,-0.11808761,3.75162404,MIXED,RANGE,0.01684690,-0.39054074,0.40738764,54.29828069,65.37443871,-21.34401748,2.49271280,0.86343150,0,2014.01.13 15:00:00,1,1,47.62478527,2.33,0.18716425,29.79244527,19.92394009,11.34787328,8.57606681,110.99931071,1247.12,1245.30,1241.08,1236.35,-0.03683356,0.74310046,4.57811876,0.77993402,3.83501830,E20>E50>E100>E200,UP,-0.13682535,-0.19465379,0.05782845,76.72519925,63.93427464,-38.24439993,3.15025230,0.44536693,0,2014.01.13 14:00:00,1,0,,,,,,,,,,,,,,,,,,,,,,,,,,,,,2014.01.13 08:00:00,1,0,,,,,,,,,,,,,,,,,,,,,,,,,,,,,4,0,1,0,2,0,2,1
37,XAUUSD|PERIOD_M1|SELL|1389627840|1389628020|1389628200|1389628320|MARKET_EDGE_MFE_ATR_12_V1,XAUUSD,PERIOD_M1,SELL,BID_OHLC,2014.01.13 15:44:00,2014.01.13 15:47:00,2014.01.13 15:50:00,2014.01.13 15:52:00,2014.01.13 15:52:00,2014.01.13 15:53:26,2014.01.13 15:52:00,1247.39,0.36,4,PERIOD_M1,1,1,12,12,1,0.13,3.08,0.35734072,8.53462604,MARKET_EDGE_MFE_ATR_12_V1,1.0,0,,0,60,,0,,NOT_EXECUTED_OR_UNRESOLVED,0,,0,,NOT_APPLICABLE_NON_EXECUTED,0,,,,5d926eed3daf312d7810863a3786293984c991b1,34c7e44e89019e46fb4b93a3ac7e556c392839a536990c8508c8c4378fe5fdce,V923_PASSIVE_MARKET_EDGE_V1,V924_MARKET_EDGE_SCHEMA_V2,MARKET_EDGE_FEATURE_SNAPSHOT_T0_V2,2014.01.13 15:53:26,0,H1|H4,,2014,1,1,15,52,OVERLAP,3,3,6,3,3,6,1.00000000,1,1247.97,1248.08,1248.27,0.11,0.19,1.75229358,0.30,0.83102493,-0.89,-2.45429363,1,1,68.17396202,64.80475769,61.65831183,-3.36920432,-3.14644587,0.93388396,6.51565019,-1.12306811,-1.04881529,1,1,1247.71,1247.71,1247.39,1247.39,0.33,0.33,0.99390244,0.00000000,0.00609756,0.00000000,1,0.36,0.02894050,37,0.37,1.01108033,1,1,2014.01.13 15:52:00,1,1,41.15563012,0.36,0.02894050,30.45147688,20.49565469,26.44691365,5.95125896,-153.56674534,1247.69,1247.62,1247.41,1247.10,-0.84315826,-0.64542892,0.78914645,0.19772934,1.43457538,E20>E50>E100>E200,UP,0.05698105,0.08917919,-0.03219814,26.55693950,42.33275932,-100.00000000,2.13331536,0.07046037,0,2014.01.13 15:45:00,1,1,54.66178118,0.66,0.05265170,13.39238019,19.69807563,18.30574269,1.39233294,10.55270618,1247.40,1247.04,1247.23,1246.85,0.64154504,1.18970573,1.48522256,0.54816069,0.29551683,MIXED,RANGE,0.30917762,0.38401433,-0.07483671,78.42485832,66.74714308,-48.23269514,3.17951594,0.60995997,0,2014.01.13 15:30:00,1,1,57.74073707,1.59,0.12768829,19.11125605,14.27552886,14.84359621,0.56806735,76.51433475,1246.98,1247.17,1245.41,1241.19,0.61714777,0.49906015,4.25068420,-0.11808761,3.75162404,MIXED,RANGE,0.01684690,-0.39054074,0.40738764,54.29828069,65.37443871,-21.34401748,2.49271280,0.86343150,0,2014.01.13 15:00:00,1,1,47.62478527,2.33,0.18716425,29.79244527,19.92394009,11.34787328,8.57606681,110.99931071,1247.12,1245.30,1241.08,1236.35,-0.03683356,0.74310046,4.57811876,0.77993402,3.83501830,E20>E50>E100>E200,UP,-0.13682535,-0.19465379,0.05782845,76.72519925,63.93427464,-38.24439993,3.15025230,0.44536693,0,2014.01.13 14:00:00,1,0,,,,,,,,,,,,,,,,,,,,,,,,,,,,,2014.01.13 08:00:00,1,0,,,,,,,,,,,,,,,,,,,,,,,,,,,,,4,0,2,0,2,0,2,1
38,XAUUSD|PERIOD_M1|SELL|1389643620|1389643920|1389645660|1389645780|MARKET_EDGE_MFE_ATR_12_V1,XAUUSD,PERIOD_M1,SELL,BID_OHLC,2014.01.13 20:07:00,2014.01.13 20:12:00,2014.01.13 20:41:00,2014.01.13 20:43:00,2014.01.13 20:43:00,2014.01.13 20:44:02,2014.01.13 20:43:00,1254.84,0.35,4,PERIOD_M1,1,1,12,12,1,0.30,0.20,0.85714286,0.57142857,MARKET_EDGE_MFE_ATR_12_V1,1.0,0,,0,60,,0,,NOT_EXECUTED_OR_UNRESOLVED,0,,0,,NOT_APPLICABLE_NON_EXECUTED,0,,,,5d926eed3daf312d7810863a3786293984c991b1,34c7e44e89019e46fb4b93a3ac7e556c392839a536990c8508c8c4378fe5fdce,V923_PASSIVE_MARKET_EDGE_V1,V924_MARKET_EDGE_SCHEMA_V2,MARKET_EDGE_FEATURE_SNAPSHOT_T0_V2,2014.01.13 20:44:02,0,H1|H4,,2014,1,1,20,43,NEWYORK,5,29,34,5,29,34,5.80000000,1,1253.79,1253.96,1255.04,0.17,1.08,6.37647059,1.25,3.58285714,-0.20,-0.57142857,1,1,85.29912048,70.31445140,68.76389569,-14.98466909,-1.55055571,0.10347614,16.53522479,-2.99693382,-0.05346744,1,1,1254.74,1254.94,1254.74,1254.84,0.20,0.10,0.50000000,0.50000000,0.50000000,0.00000000,1,0.35,0.02789196,15,0.15,0.42571429,1,1,2014.01.13 20:43:00,1,1,70.52406859,0.35,0.02789196,45.13230403,36.09985907,10.99173889,25.10812017,79.38558548,1254.15,1253.71,1253.40,1252.66,1.96895325,3.24007957,6.22921828,1.27112632,2.98913871,E20>E50>E100>E200,UP,0.42959124,0.35685534,0.07273589,55.55555556,55.06794046,-11.30582250,9.53009268,0.78283341,0,2014.01.13 20:35:00,1,1,75.03477731,0.76,0.06079962,18.93520542,38.16620340,20.03769592,18.12850748,258.93244217,1253.32,1252.21,1250.81,1249.22,2.13146347,3.58125788,7.49362706,1.44979441,3.91236918,E20>E50>E100>E200,UP,0.43617229,0.37870895,0.05746334,87.59528760,57.31848984,0.00000000,3.10173971,1.10577766,0,2014.01.13 20:15:00,1,1,60.05892097,1.10,0.08755292,33.56671400,19.70817875,18.21977990,1.48839885,38.22049519,1251.73,1249.85,1247.52,1243.06,1.37553220,3.08741707,9.27789862,1.71188487,6.19048155,E20>E50>E100>E200,UP,1.42929872,1.43265622,-0.00335751,47.50447914,51.45797573,-29.14460285,6.02991912,0.72518530,0,2014.01.13 20:00:00,1,1,65.74791034,1.97,0.15739179,45.20834209,18.75929237,10.16090380,8.59838857,81.58385517,1250.31,1247.49,1243.04,1237.82,1.48492912,2.91767014,7.81876521,1.43274102,4.90109507,E20>E50>E100>E200,UP,1.62342911,1.02413015,0.59929896,71.91634981,76.25128898,-14.16831683,6.08541910,0.84555369,0,2014.01.13 19:00:00,1,0,,,,,,,,,,,,,,,,,,,,,,,,,,,,,2014.01.13 16:00:00,1,0,,,,,,,,,,,,,,,,,,,,,,,,,,,,,4,0,0,0,4,0,4,1
39,XAUUSD|PERIOD_M1|SELL|1389657000|1389657300|1389657600|1389657720|MARKET_EDGE_MFE_ATR_12_V1,XAUUSD,PERIOD_M1,SELL,BID_OHLC,2014.01.13 23:50:00,2014.01.13 23:55:00,2014.01.14 00:00:00,2014.01.14 00:02:00,2014.01.14 00:02:00,2014.01.14 00:03:21,2014.01.14 00:02:00,1253.79,0.33,4,PERIOD_M1,1,1,12,12,1,0.31,0.47,0.93584906,1.42792453,MARKET_EDGE_MFE_ATR_12_V1,1.0,0,,0,60,,0,,NOT_EXECUTED_OR_UNRESOLVED,0,,0,,NOT_APPLICABLE_NON_EXECUTED,0,,,,5d926eed3daf312d7810863a3786293984c991b1,34c7e44e89019e46fb4b93a3ac7e556c392839a536990c8508c8c4378fe5fdce,V923_PASSIVE_MARKET_EDGE_V1,V924_MARKET_EDGE_SCHEMA_V2,MARKET_EDGE_FEATURE_SNAPSHOT_T0_V2,2014.01.14 00:03:21,0,H1|H4,,2014,1,2,0,2,ASIA,5,5,10,5,5,10,1.00000000,1,1253.96,1254.07,1254.14,0.11,0.07,0.67272727,0.18,0.55547170,-0.35,-1.06867925,1,1,64.31222048,63.42938359,54.55546417,-0.88283689,-8.87391942,10.05159561,9.75675631,-0.17656738,-1.77478388,1,1,1253.62,1253.97,1253.58,1253.79,0.39,0.17,0.44215938,0.53213368,0.46786632,0.08997429,1,0.33,0.02641994,14,0.14,0.43773585,1,1,2014.01.14 00:02:00,1,1,48.88119940,0.33,0.02641994,18.39538128,14.41576171,25.14223287,10.72647116,-20.74599955,1253.68,1253.27,1253.13,1253.00,0.31120350,1.56833102,2.37948865,1.25712752,0.81115763,E20>E50>E100>E200,UP,0.23620161,0.30407316,-0.06787154,38.63763261,49.44215687,-44.25000000,2.08349265,0.44602677,0,2014.01.13 23:55:00,1,1,61.78118986,0.65,0.05217130,30.25448487,21.38189579,14.26672969,7.11516610,119.23194521,1253.14,1252.85,1251.83,1250.20,1.37148062,1.82927529,5.87277032,0.45779467,4.04349503,E20>E50>E100>E200,UP,0.11123288,-0.19278681,0.30401969,88.65947612,89.39334700,-5.13833992,4.54425553,0.87511614,0,2014.01.13 23:45:00,1,1,55.70077877,1.31,0.10480112,21.60174598,16.24935184,18.64572026,2.39636841,67.79539041,1252.69,1250.99,1248.57,1244.04,1.02798457,2.32152053,7.61070890,1.29353596,5.28918837,E20>E50>E100>E200,UP,0.79836006,1.08439405,-0.28603399,68.64880355,35.06833384,-29.41176471,2.89957226,0.71756799,0,2014.01.13 23:30:00,1,1,60.53805877,1.68,0.13378739,33.50011511,20.17927450,17.40547184,2.77380266,46.35915718,1251.47,1248.54,1244.01,1238.57,1.53240997,3.28091970,9.21927528,1.74850973,5.93835558,E20>E50>E100>E200,UP,1.55270894,1.57382090,-0.02111196,33.58557064,34.51909423,-15.87553580,6.94982370,0.77241268,0,2014.01.13 23:00:00,1,0,,,,,,,,,,,,,,,,,,,,,,,,,,,,,2014.01.13 20:00:00,1,0,,,,,,,,,,,,,,,,,,,,,,,,,,,,,4,0,2,0,4,0,4,1
40,XAUUSD|PERIOD_M1|BUY|1389660720|1389661440|1389661680|1389661800|MARKET_EDGE_MFE_ATR_12_V1,XAUUSD,PERIOD_M1,BUY,BID_OHLC,2014.01.14 00:52:00,2014.01.14 01:04:00,2014.01.14 01:08:00,2014.01.14 01:10:00,2014.01.14 01:10:00,2014.01.14 01:11:02,2014.01.14 01:10:00,1251.89,0.47,4,PERIOD_M1,1,1,12,12,1,0.58,0.04,1.23895689,0.07450772,MARKET_EDGE_MFE_ATR_12_V1,1.0,1,1,0,60,,0,,NOT_EXECUTED_OR_UNRESOLVED,0,,0,,NOT_APPLICABLE_NON_EXECUTED,0,,,,5d926eed3daf312d7810863a3786293984c991b1,34c7e44e89019e46fb4b93a3ac7e556c392839a536990c8508c8c4378fe5fdce,V923_PASSIVE_MARKET_EDGE_V1,V924_MARKET_EDGE_SCHEMA_V2,MARKET_EDGE_FEATURE_SNAPSHOT_T0_V2,2014.01.14 01:11:02,0,H1|H4,,2014,1,2,1,10,ASIA,12,4,16,12,4,16,0.33333333,1,1252.36,1251.84,1251.69,-0.52,-0.15,0.28269231,0.67,1.41990420,0.20,0.42362959,1,1,44.33016434,51.43167758,52.94434738,7.10151324,1.51266980,0.21300669,8.61418304,0.59179277,0.37816745,1,1,1252.03,1252.09,1251.86,1251.89,0.24,0.13,0.57446809,0.14893617,0.27659574,0.14893617,1,0.47,0.03752314,36,0.36,0.76636509,1,1,2014.01.14 01:10:00,1,1,44.71209868,0.47,0.03752314,15.52655307,16.79468318,23.42209336,6.62741018,-85.73547191,1252.37,1252.64,1252.85,1252.93,-1.00695981,-1.58489381,-2.19546766,-0.57793399,-0.61057385,E200>E100>E50>E20,DOWN,-0.18190192,-0.09419748,-0.08770445,43.78748929,42.35503714,-91.70487703,3.53179910,0.13443212,0,2014.01.14 01:05:00,1,1,33.24513214,0.99,0.07911443,24.62945163,21.00304892,19.25829899,1.74474993,-101.91691308,1252.80,1252.83,1252.08,1250.55,-0.81967501,-0.85801401,1.44617686,-0.03833900,2.30419086,MIXED,RANGE,-0.24624595,-0.08522886,-0.16101709,25.06688963,37.11433107,-88.73733437,2.97476285,0.11087766,0,2014.01.14 00:45:00,1,1,42.90224332,1.03,0.08184139,20.89670982,11.17352403,22.04598353,10.87245950,-68.48625340,1252.74,1251.27,1248.90,1244.39,-0.01371660,1.42247257,8.13588728,1.43618917,6.71341471,E20>E50>E100>E200,UP,0.51115390,0.76344886,-0.25229496,37.76936137,55.53303436,-68.05882353,3.37026823,0.33554571,0,2014.01.14 00:30:00,1,1,48.71735013,1.57,0.12504710,29.55192439,16.38854729,26.27344329,9.88489601,-17.00440019,1251.76,1248.89,1244.37,1238.86,0.61758676,2.45224002,8.85179838,1.83465326,6.39955836,E20>E50>E100>E200,UP,1.41811567,1.59696352,-0.17884785,57.33810609,44.64122558,-43.83405948,5.76036277,0.61846148,0,2014.01.14 00:00:00,1,0,,,,,,,,,,,,,,,,,,,,,,,,,,,,,2014.01.13 20:00:00,1,0,,,,,,,,,,,,,,,,,,,,,,,,,,,,,4,3,1,0,2,1,1,1
41,XAUUSD|PERIOD_M1|BUY|1389679140|1389679440|1389679620|1389679740|MARKET_EDGE_MFE_ATR_12_V1,XAUUSD,PERIOD_M1,BUY,BID_OHLC,2014.01.14 05:59:00,2014.01.14 06:04:00,2014.01.14 06:07:00,2014.01.14 06:09:00,2014.01.14 06:09:00,2014.01.14 06:10:00,2014.01.14 06:09:00,1252.66,0.42,4,PERIOD_M1,1,1,12,12,1,0.66,0.01,1.55712603,0.02355713,MARKET_EDGE_MFE_ATR_12_V1,1.0,1,10,0,60,,0,,NOT_EXECUTED_OR_UNRESOLVED,0,,0,,NOT_APPLICABLE_NON_EXECUTED,0,,,,5d926eed3daf312d7810863a3786293984c991b1,34c7e44e89019e46fb4b93a3ac7e556c392839a536990c8508c8c4378fe5fdce,V923_PASSIVE_MARKET_EDGE_V1,V924_MARKET_EDGE_SCHEMA_V2,MARKET_EDGE_FEATURE_SNAPSHOT_T0_V2,2014.01.14 06:10:00,0,H1|H4,,2014,1,2,6,9,ASIA,5,3,8,5,3,8,0.60000000,1,1252.53,1252.44,1252.39,-0.09,-0.05,0.57777778,0.14,0.33451119,0.28,0.65488810,1,1,38.04638210,39.50922906,49.98446881,1.46284696,10.47523975,7.16085828,11.93808671,0.29256939,3.49174658,1,1,1252.98,1252.98,1252.47,1252.66,0.52,0.32,0.61776062,0.38223938,0.00000000,0.38223938,1,0.42,0.03388775,26,0.26,0.60541814,1,1,2014.01.14 06:09:00,1,1,49.23099315,0.42,0.03388775,20.23927145,14.10306643,19.18271343,5.07964700,-13.84288038,1252.76,1252.64,1252.40,1252.19,-0.23232576,0.05187598,1.12108574,0.28420174,1.06920976,E20>E50>E100>E200,UP,-0.00976933,-0.01205544,0.00228611,70.70405728,74.56233355,-68.26484018,1.44287341,0.30889789,1,2014.01.14 06:05:00,1,1,61.62824115,0.58,0.04606180,35.04909614,16.10656423,11.50553899,4.60102523,31.58195695,1252.36,1252.14,1251.99,1251.16,0.53433230,0.91141911,2.61491487,0.37708682,1.70349576,E20>E50>E100>E200,UP,0.25637249,0.22552338,0.03084911,13.00091771,22.62850125,-50.39337474,3.34929956,0.71184491,0,2014.01.14 05:45:00,1,1,61.94994377,0.98,0.07862093,20.95770408,25.17978822,12.53387679,12.64591143,169.24952974,1252.09,1251.61,1249.88,1245.74,0.44523357,0.93507093,6.89681110,0.48983736,5.96174017,E20>E50>E100>E200,UP,0.08133885,-0.07876658,0.16010542,58.98509462,64.02942012,-42.30769231,1.99317687,0.85933710,1,2014.01.14 05:30:00,1,1,64.22504041,1.03,0.08203403,26.02530782,29.47221984,9.64370541,19.82851443,72.07738835,1251.82,1249.85,1245.72,1240.09,0.69191541,2.60682981,12.10404575,1.91491440,9.49721595,E20>E50>E100>E200,UP,0.50012848,0.69512200,-0.19499352,58.20977485,55.41602632,-48.42046408,3.86450245,0.49639869,0,2014.01.14 05:00:00,1,0,,,,,,,,,,,,,,,,,,,,,,,,,,,,,2014.01.14 00:00:00,1,0,,,,,,,,,,,,,,,,,,,,,,,,,,,,,4,4,3,2,4,0,0,1
42,XAUUSD|PERIOD_M1|BUY|1389687240|1389687780|1389688200|1389688320|MARKET_EDGE_MFE_ATR_12_V1,XAUUSD,PERIOD_M1,BUY,BID_OHLC,2014.01.14 08:14:00,2014.01.14 08:23:00,2014.01.14 08:30:00,2014.01.14 08:32:00,2014.01.14 08:32:00,2014.01.14 08:33:09,2014.01.14 08:32:00,1252.27,0.42,4,PERIOD_M1,1,1,12,12,1,0.26,0.92,0.62154208,2.16362566,MARKET_EDGE_MFE_ATR_12_V1,1.0,0,,0,60,,0,,NOT_EXECUTED_OR_UNRESOLVED,0,,0,,NOT_APPLICABLE_NON_EXECUTED,0,,,,5d926eed3daf312d7810863a3786293984c991b1,34c7e44e89019e46fb4b93a3ac7e556c392839a536990c8508c8c4378fe5fdce,V923_PASSIVE_MARKET_EDGE_V1,V924_MARKET_EDGE_SCHEMA_V2,MARKET_EDGE_FEATURE_SNAPSHOT_T0_V2,2014.01.14 08:33:09,0,H1|H4,,2014,1,2,8,32,LONDON,9,7,16,9,7,16,0.77777778,1,1252.62,1252.16,1252.16,-0.46,-0.00,0.00436681,0.46,1.08298999,0.11,0.25897587,1,1,21.20997433,22.55019489,35.08928740,1.34022056,12.53909251,9.35599179,13.87931306,0.14891340,1.79129893,1,1,1252.39,1252.39,1252.23,1252.27,0.16,0.12,0.75000000,0.25000000,0.00000000,0.25000000,1,0.42,0.03391832,27,0.27,0.64508534,1,1,2014.01.14 08:32:00,1,1,30.49702378,0.42,0.03391832,19.10395123,18.39875779,24.17947786,5.78072007,-92.48832261,1252.75,1252.90,1252.93,1252.79,-1.12998522,-1.48742766,-1.22163498,-0.35744244,0.26579268,MIXED,RANGE,-0.14339879,-0.10625207,-0.03714672,20.20202020,27.91958884,-90.47619048,2.78367598,0.10173089,0,2014.01.14 08:25:00,1,1,40.85234888,0.69,0.05523104,21.19048268,18.47297219,19.70965409,1.23668190,-70.99014813,1252.88,1252.68,1252.40,1251.60,-0.59141904,-0.31310637,1.25709226,0.27831267,1.57019863,E20>E50>E100>E200,UP,0.00664813,0.11154784,-0.10489972,20.16423358,18.17304050,-81.90018040,1.79714206,0.09856754,1,2014.01.14 08:15:00,1,1,46.98507222,0.86,0.06902383,31.32906097,19.36320286,14.93984836,4.42335450,-42.76233094,1252.55,1252.01,1250.41,1246.41,-0.09758134,0.52434852,7.00107319,0.62192986,6.47672467,E20>E50>E100>E200,UP,0.20421380,0.23061908,-0.02640528,18.92357786,21.48755631,-64.51154529,2.59908249,0.51508741,0,2014.01.14 08:00:00,1,1,56.82663422,1.26,0.10078118,42.79427187,23.41707922,5.18665515,18.23042407,65.81580778,1252.17,1250.37,1246.38,1240.71,0.23141122,1.65899884,9.31478683,1.42758761,7.65578800,E20>E50>E100>E200,UP,0.50609065,0.51729008,-0.01119943,33.74896093,43.37817512,-50.47248471,2.33036985,0.54975337,0,2014.01.14 07:00:00,1,0,,,,,,,,,,,,,,,,,,,,,,,,,,,,,2014.01.14 04:00:00,1,0,,,,,,,,,,,,,,,,,,,,,,,,,,,,,4,3,2,1,3,0,0,1
43,XAUUSD|PERIOD_M1|SELL|1389703320|1389703620|1389703860|1389703980|MARKET_EDGE_MFE_ATR_12_V1,XAUUSD,PERIOD_M1,SELL,BID_OHLC,2014.01.14 12:42:00,2014.01.14 12:47:00,2014.01.14 12:51:00,2014.01.14 12:53:00,2014.01.14 12:53:00,2014.01.14 12:54:00,2014.01.14 12:53:00,1248.41,0.37,4,PERIOD_M1,1,1,12,12,1,0.52,0.76,1.38944556,2.03072812,MARKET_EDGE_MFE_ATR_12_V1,1.0,1,8,0,60,,0,,NOT_EXECUTED_OR_UNRESOLVED,0,,0,,NOT_APPLICABLE_NON_EXECUTED,0,,,,5d926eed3daf312d7810863a3786293984c991b1,34c7e44e89019e46fb4b93a3ac7e556c392839a536990c8508c8c4378fe5fdce,V923_PASSIVE_MARKET_EDGE_V1,V924_MARKET_EDGE_SCHEMA_V2,MARKET_EDGE_FEATURE_SNAPSHOT_T0_V2,2014.01.14 12:54:00,0,H1|H4,,2014,1,2,12,53,OVERLAP,5,4,9,5,4,9,0.80000000,1,1249.04,1249.24,1249.29,0.21,0.04,0.20873786,0.25,0.66533066,-0.87,-2.32999332,1,1,85.31863463,79.61919999,56.47771936,-5.69943465,-23.14148063,4.06031160,28.84091528,-1.13988693,-5.78537016,1,1,1248.86,1248.98,1248.41,1248.41,0.57,0.44,0.77719298,0.00000000,0.22280702,0.00000000,1,0.37,0.02997806,34,0.34,0.91382766,1,1,2014.01.14 12:53:00,1,1,43.50867824,0.37,0.02997806,33.47205780,21.64787515,22.93127791,1.28340276,-41.27456819,1248.55,1248.26,1248.30,1248.80,-0.36235220,0.40699431,-1.02760519,0.76934650,-1.43459949,MIXED,RANGE,0.27109773,0.30213407,-0.03103634,19.05424200,50.28885021,-72.54575707,4.73383368,0.43610430,0,2014.01.14 12:45:00,1,1,68.82044041,0.73,0.05875935,23.67509792,28.00840262,12.06407781,15.94432481,158.28905801,1248.30,1249.07,1250.04,1250.49,1.18201900,0.12551721,-1.80197034,-1.05650180,-1.92748754,E200>E100>E50>E20,DOWN,-0.19429572,-0.39238144,0.19808572,87.32227488,76.48234717,-3.77448638,2.47923829,1.03232268,0,2014.01.14 12:30:00,1,1,45.17550607,1.23,0.09869030,55.48713183,9.77443540,18.25297798,8.47854258,-37.28393825,1249.25,1250.38,1249.94,1246.79,-0.52360589,-1.44132720,1.47274340,-0.91772131,2.91407060,MIXED,RANGE,-1.03003265,-1.01170013,-0.01833252,41.46928201,28.55438105,-45.21477016,5.34947789,0.37481595,0,2014.01.14 12:00:00,1,1,21.52440352,1.14,0.09150499,36.27115935,7.45331491,23.28421208,15.83089716,-95.10835913,1250.09,1249.85,1246.70,1241.31,-2.29213276,-2.08646892,5.39918910,0.20566384,7.48565802,E20>E50>E100>E200,UP,-0.93364435,-0.31115716,-0.62248719,10.60769024,12.93397236,-95.45773167,6.69986709,0.07206544,0,2014.01.14 11:00:00,1,0,,,,,,,,,,,,,,,,,,,,,,,,,,,,,2014.01.14 08:00:00,1,0,,,,,,,,,,,,,,,,,,,,,,,,,,,,,4,2,3,0,1,1,1,1
44,XAUUSD|PERIOD_M1|SELL|1389710400|1389710880|1389711900|1389712020|MARKET_EDGE_MFE_ATR_12_V1,XAUUSD,PERIOD_M1,SELL,BID_OHLC,2014.01.14 14:40:00,2014.01.14 14:48:00,2014.01.14 15:05:00,2014.01.14 15:07:00,2014.01.14 15:07:00,2014.01.14 15:08:00,2014.01.14 15:07:00,1251.91,0.44,4,PERIOD_M1,1,1,12,12,1,1.15,0.13,2.60712267,0.30299604,MARKET_EDGE_MFE_ATR_12_V1,1.0,1,1,0,60,,0,,NOT_EXECUTED_OR_UNRESOLVED,0,,0,,NOT_APPLICABLE_NON_EXECUTED,0,,,,5d926eed3daf312d7810863a3786293984c991b1,34c7e44e89019e46fb4b93a3ac7e556c392839a536990c8508c8c4378fe5fdce,V923_PASSIVE_MARKET_EDGE_V1,V924_MARKET_EDGE_SCHEMA_V2,MARKET_EDGE_FEATURE_SNAPSHOT_T0_V2,2014.01.14 15:08:00,0,H4,,2014,1,2,15,7,OVERLAP,8,17,25,8,17,25,2.12500000,1,1251.04,1252.24,1252.25,1.20,0.01,0.00500417,1.21,2.72470322,-0.34,-0.76879593,1,1,67.40105591,62.07868818,54.77475069,-5.32236773,-7.30393749,1.37230982,12.62630521,-0.66529597,-0.42964338,1,1,1251.56,1251.92,1251.47,1251.91,0.45,0.35,0.76940133,0.98004435,0.01995565,0.21064302,1,0.44,0.03532608,36,0.36,0.80271340,1,1,2014.01.14 15:07:00,1,1,55.45180124,0.44,0.03532608,25.90695814,15.45190076,18.28607527,2.83417451,-47.29868896,1251.74,1251.17,1250.58,1250.03,0.38287196,1.67453571,4.24059145,1.29166375,2.56605574,E20>E50>E100>E200,UP,0.20170931,0.37367872,-0.17196941,53.59922179,40.95647290,-67.50118092,5.33010412,0.45102320,0,2014.01.14 15:00:00,1,1,64.16604213,1.51,0.12043086,34.19562964,24.98223392,14.52922013,10.45301379,93.44634001,1250.50,1249.90,1250.11,1250.41,0.69695440,1.09150354,0.75576280,0.39454914,-0.33574074,MIXED,RANGE,0.66604279,0.38571246,0.28033034,68.01343570,77.40922482,-40.07616487,2.50558662,0.78195080,0,2014.01.14 14:45:00,1,1,72.43059573,1.77,0.14160290,28.64050455,26.85364820,11.81771840,15.03592979,170.96304265,1249.82,1250.29,1249.96,1247.07,1.28396191,1.01445742,2.83382917,-0.26950449,1.81937174,MIXED,RANGE,0.04336092,-0.44865173,0.49201265,62.12985102,50.86548326,-20.10342599,2.59434320,1.13951017,0,2014.01.14 14:30:00,1,1,62.22408596,3.00,0.23947902,26.24650512,23.41605549,11.38471105,12.03134444,124.28998901,1250.18,1249.93,1247.03,1241.74,0.63637584,0.72201726,3.45121304,0.08564141,2.72919578,E20>E50>E100>E200,UP,-0.34497833,-0.68979316,0.34481483,68.95010672,70.34996292,-25.97694266,2.57251183,0.72043314,0,2014.01.14 14:00:00,1,1,59.00787116,2.93,0.23378854,23.24576107,19.47607140,16.52758912,2.94848229,20.86578383,1250.41,1247.20,1241.90,1234.52,0.57649292,1.66993395,6.00357845,1.09344103,4.33364450,E20>E50>E100>E200,UP,0.45682731,0.99441073,-0.53758342,54.23532813,31.17223463,-30.68834992,2.67724406,0.55434503,0,2014.01.14 08:00:00,1,0,,,,,,,,,,,,,,,,,,,,,,,,,,,,,5,0,1,0,3,0,3,1
45,XAUUSD|PERIOD_M1|BUY|1389716460|1389716700|1389717000|1389717120|MARKET_EDGE_MFE_ATR_12_V1,XAUUSD,PERIOD_M1,BUY,BID_OHLC,2014.01.14 16:21:00,2014.01.14 16:25:00,2014.01.14 16:30:00,2014.01.14 16:32:00,2014.01.14 16:32:00,2014.01.14 16:33:00,2014.01.14 16:32:00,1243.36,0.97,4,PERIOD_M1,1,1,12,12,1,0.79,1.17,0.81301653,1.21280992,MARKET_EDGE_MFE_ATR_12_V1,1.0,0,,0,60,,0,,NOT_EXECUTED_OR_UNRESOLVED,0,,0,,NOT_APPLICABLE_NON_EXECUTED,0,,,,5d926eed3daf312d7810863a3786293984c991b1,34c7e44e89019e46fb4b93a3ac7e556c392839a536990c8508c8c4378fe5fdce,V923_PASSIVE_MARKET_EDGE_V1,V924_MARKET_EDGE_SCHEMA_V2,MARKET_EDGE_FEATURE_SNAPSHOT_T0_V2,2014.01.14 16:33:00,0,H4,,2014,1,2,16,32,OVERLAP,4,5,9,4,5,9,1.25000000,1,1242.31,1241.82,1241.75,-0.49,-0.07,0.13333333,0.56,0.57954545,1.60,1.65702479,1,1,15.85815147,18.55010714,23.64457367,2.69195567,5.09446653,1.89247787,7.78642221,0.67298892,1.01889331,1,1,1243.57,1243.57,1242.94,1243.36,0.63,0.22,0.34548336,0.65451664,0.00000000,0.65451664,1,0.97,0.07785387,35,0.35,0.36466942,1,1,2014.01.14 16:32:00,1,1,39.39163999,0.97,0.07785387,39.45059016,13.00965234,24.81941804,11.80976570,-35.82848062,1245.30,1248.29,1249.81,1250.22,-2.00644013,-5.10211269,-7.08758133,-3.09567256,-1.98546864,E200>E100>E50>E20,DOWN,-2.08653999,-2.32205632,0.23551633,66.83832709,64.76380769,-71.77050334,12.10249359,0.32385725,0,2014.01.14 16:25:00,1,1,18.03209451,3.17,0.25457601,34.92314654,9.76181442,39.27544871,29.51363429,-205.09293641,1250.05,1250.31,1250.36,1250.51,-2.08685913,-2.17046637,-2.23456894,-0.08360724,-0.06410257,E200>E100>E50>E20,DOWN,-1.12154106,0.34097398,-1.46251504,11.49759114,10.12282529,-87.93846611,3.87484230,-0.14342248,0,2014.01.14 16:15:00,1,1,34.10145782,4.00,0.32134643,33.11512343,17.18042716,25.85852998,8.67810282,-210.26402952,1250.24,1250.45,1250.09,1247.31,-1.70065376,-1.75471610,-0.96783487,-0.05406234,0.78688123,MIXED,RANGE,-0.01634564,0.26546184,-0.28180748,19.74169742,45.87222768,-87.93846611,2.46108783,-0.15382050,0,2014.01.14 16:00:00,1,1,40.06798258,5.58,0.44837306,27.31208795,20.76692140,19.65689617,1.11002523,-135.73766166,1250.15,1249.97,1247.23,1242.00,-1.20318804,-1.17072987,0.25828689,0.03245817,1.42901676,E20>E50>E100>E200,UP,-0.37925701,-0.47247896,0.09322195,48.30325438,70.79735085,-87.93846611,1.85521487,-0.14209764,1,2014.01.14 15:00:00,1,1,61.96142998,3.70,0.29532131,23.13280226,22.59270441,14.32391057,8.26879384,86.87048428,1250.66,1247.43,1242.12,1234.70,0.64462639,1.51557894,4.95572674,0.87095255,3.44014780,E20>E50>E100>E200,UP,0.62837422,0.85612649,-0.22775227,73.36712914,51.20443559,-27.46184146,2.07486200,0.68458518,0,2014.01.14 12:00:00,1,0,,,,,,,,,,,,,,,,,,,,,,,,,,,,,5,2,2,1,2,2,2,1
46,XAUUSD|PERIOD_M1|SELL|1389801300|1389801900|1389802140|1389802260|MARKET_EDGE_MFE_ATR_12_V1,XAUUSD,PERIOD_M1,SELL,BID_OHLC,2014.01.15 15:55:00,2014.01.15 16:05:00,2014.01.15 16:09:00,2014.01.15 16:11:00,2014.01.15 16:11:00,2014.01.15 16:12:00,2014.01.15 16:11:00,1241.34,0.64,4,PERIOD_M1,1,1,12,12,1,2.08,0.01,3.24336973,0.00936037,MARKET_EDGE_MFE_ATR_12_V1,1.0,1,2,0,60,,0,,EXECUTED,1,10,1,10,MATCHED_FINALIZED,1,0,0,2.91,5d926eed3daf312d7810863a3786293984c991b1,34c7e44e89019e46fb4b93a3ac7e556c392839a536990c8508c8c4378fe5fdce,V923_PASSIVE_MARKET_EDGE_V1,V924_MARKET_EDGE_SCHEMA_V2,MARKET_EDGE_FEATURE_SNAPSHOT_T0_V2,2014.01.15 16:12:00,0,H4,,2014,1,3,16,11,OVERLAP,10,4,14,10,4,14,0.40000000,1,1241.79,1242.24,1242.26,0.46,0.02,0.03501094,0.47,0.73790952,-0.92,-1.42901716,1,1,74.34266355,73.88534830,61.32598189,-0.45731526,-12.55936640,27.46325694,13.01668166,-0.04573153,-3.13984160,1,1,1241.64,1241.64,1240.98,1241.34,0.66,0.30,0.45537065,0.54462935,0.00000000,0.54462935,1,0.64,0.05163766,32,0.32,0.50078003,1,1,2014.01.15 16:11:00,1,1,50.17437440,0.64,0.05163766,25.35337836,20.91759130,23.17744137,2.25985007,-39.25429305,1241.08,1239.94,1238.91,1238.28,0.40641795,2.19336829,4.77600148,1.78695034,2.58263319,E20>E50>E100>E200,UP,0.61301163,0.71385426,-0.10084263,41.76776430,52.70415920,-56.54320988,4.93169532,0.56677809,0,2014.01.15 16:05:00,1,1,78.05727536,1.35,0.10831287,49.75819144,28.59306088,4.15940077,24.43366011,148.04376133,1238.87,1238.20,1238.55,1240.04,2.16021187,2.65424084,1.29142950,0.49402897,-1.36281134,MIXED,RANGE,1.04734757,0.50516918,0.54217838,87.36736187,83.56768051,-7.53690754,5.38325834,0.99589237,0,2014.01.15 15:45:00,1,1,72.70147595,2.39,0.19293406,24.42484657,27.27437647,12.49095877,14.78341770,196.15180393,1238.17,1239.26,1241.47,1243.16,1.16980366,0.71525260,-0.91414973,-0.45455106,-1.62940233,E200>E100>E50>E20,DOWN,-0.10019134,-0.58338505,0.48319371,81.95869593,84.78685998,-10.83123426,2.11008691,1.06949861,0,2014.01.15 15:30:00,1,1,58.34402743,3.17,0.25580837,23.02727737,24.33921529,16.75899611,7.58021919,176.58452564,1239.01,1241.55,1243.19,1241.54,0.61746285,-0.18457771,-0.17881928,-0.80204056,0.00575843,MIXED,RANGE,-0.97534711,-1.36718162,0.39183451,71.69340463,54.50753526,-10.83123426,2.06860772,0.82082621,0,2014.01.15 15:00:00,1,1,50.72803830,4.69,0.37805165,17.44479818,20.94414203,22.31578597,1.37164394,16.19639930,1240.77,1243.20,1241.59,1235.96,0.04160172,-0.47554389,1.06724440,-0.51714562,1.54278829,MIXED,RANGE,-2.27397838,-2.51625356,0.24227519,63.13390612,47.07035100,-17.22864878,2.01748081,0.55764388,0,2014.01.15 12:00:00,1,0,,,,,,,,,,,,,,,,,,,,,,,,,,,,,5,2,2,0,1,1,1,1
47,XAUUSD|PERIOD_M1|SELL|1389811560|1389811800|1389812400|1389812520|MARKET_EDGE_MFE_ATR_12_V1,XAUUSD,PERIOD_M1,SELL,BID_OHLC,2014.01.15 18:46:00,2014.01.15 18:50:00,2014.01.15 19:00:00,2014.01.15 19:02:00,2014.01.15 19:02:00,2014.01.15 19:03:01,2014.01.15 19:02:00,1239.29,0.19,4,PERIOD_M1,1,1,12,12,1,0.13,1.23,0.67796610,6.41460235,MARKET_EDGE_MFE_ATR_12_V1,1.0,0,,0,60,,0,,NOT_EXECUTED_OR_UNRESOLVED,0,,0,,NOT_APPLICABLE_NON_EXECUTED,0,,,,5d926eed3daf312d7810863a3786293984c991b1,34c7e44e89019e46fb4b93a3ac7e556c392839a536990c8508c8c4378fe5fdce,V923_PASSIVE_MARKET_EDGE_V1,V924_MARKET_EDGE_SCHEMA_V2,MARKET_EDGE_FEATURE_SNAPSHOT_T0_V2,2014.01.15 19:03:01,0,H4,,2014,1,3,19,2,NEWYORK,4,10,14,4,10,14,2.50000000,1,1239.42,1239.59,1239.65,0.17,0.06,0.37724551,0.23,1.19947849,-0.36,-1.87744459,1,1,67.65798337,63.13871994,54.38373287,-4.51926344,-8.75498706,1.93725973,13.27425050,-1.12981586,-0.87549871,1,1,1239.22,1239.29,1239.19,1239.29,0.10,0.07,0.70000000,1.00000000,0.00000000,0.30000000,1,0.19,0.01547253,33,0.33,1.74185137,1,1,2014.01.15 19:02:00,1,1,52.64654797,0.19,0.01547253,17.36064830,16.38531443,14.50377001,1.88154442,-14.64167245,1239.26,1239.31,1239.42,1239.32,0.19684959,-0.11404033,-0.16105467,-0.31088992,-0.04701434,MIXED,RANGE,-0.00018175,0.00622284,-0.00640458,30.24691358,36.33861431,-46.15384615,3.04111683,0.57476839,0,2014.01.15 18:55:00,1,1,45.13181014,0.51,0.04083303,15.40880571,12.66038764,9.94094253,2.71944511,-43.09544961,1239.39,1239.21,1239.08,1239.93,-0.38060519,-0.04025880,-1.45519980,0.34034639,-1.41494100,MIXED,RANGE,-0.08807501,-0.02360165,-0.06447336,60.89840217,51.50078610,-51.80131004,2.18376853,0.27330048,0,2014.01.15 18:45:00,1,1,43.58488007,1.08,0.08727454,17.20264984,9.39419769,12.67601571,3.28181802,-75.18439210,1239.16,1239.41,1241.09,1242.77,0.03094528,-0.20238240,-3.30436454,-0.23332768,-3.10198214,E200>E100>E50>E20,DOWN,0.23982726,0.33475408,-0.09492682,44.46038578,43.22163256,-76.31972112,5.02171905,0.54234956,0,2014.01.15 18:30:00,1,1,44.62616750,1.38,0.11136280,15.15648003,14.48678015,14.16891539,0.31786477,29.21123228,1239.28,1241.15,1242.79,1241.43,-0.06088452,-1.41505183,-1.61844860,-1.35416732,-0.20339677,MIXED,RANGE,-0.36413231,-0.75533447,0.39120216,30.19330248,42.38541144,-38.23602794,3.67937885,0.62588766,0,2014.01.15 18:00:00,1,1,44.71103516,3.14,0.25312845,14.30077052,15.15456939,20.51854048,5.36397109,9.38352730,1240.41,1242.77,1241.46,1236.06,-0.38910067,-1.13987217,0.99800733,-0.75077150,2.13787950,MIXED,RANGE,-1.81120969,-2.35418255,0.54297286,64.28809049,69.18033168,-39.07211420,2.41423914,0.42331832,0,2014.01.15 12:00:00,1,0,,,,,,,,,,,,,,,,,,,,,,,,,,,,,5,4,2,0,0,1,0,1
48,XAUUSD|PERIOD_M1|BUY|1389855300|1389855900|1389856260|1389856380|MARKET_EDGE_MFE_ATR_12_V1,XAUUSD,PERIOD_M1,BUY,BID_OHLC,2014.01.16 06:55:00,2014.01.16 07:05:00,2014.01.16 07:11:00,2014.01.16 07:13:00,2014.01.16 07:13:00,2014.01.16 07:14:04,2014.01.16 07:13:00,1240.89,0.23,4,PERIOD_M1,1,1,12,12,1,1.06,0.30,4.62309368,1.31154684,MARKET_EDGE_MFE_ATR_12_V1,1.0,1,4,0,60,,0,,NOT_EXECUTED_OR_UNRESOLVED,0,,0,,NOT_APPLICABLE_NON_EXECUTED,0,,,,5d926eed3daf312d7810863a3786293984c991b1,34c7e44e89019e46fb4b93a3ac7e556c392839a536990c8508c8c4378fe5fdce,V923_PASSIVE_MARKET_EDGE_V1,V924_MARKET_EDGE_SCHEMA_V2,MARKET_EDGE_FEATURE_SNAPSHOT_T0_V2,2014.01.16 07:14:04,0,H4,,2014,1,4,7,13,LONDON,10,6,16,10,6,16,0.60000000,1,1241.44,1240.77,1240.77,-0.67,-0.00,0.00149254,0.67,2.92374728,0.12,0.53159041,1,1,14.56510856,27.92552437,28.99234541,13.36041581,1.06682104,0.07984939,14.42723685,1.33604158,0.17780351,1,1,1240.89,1240.93,1240.79,1240.89,0.14,0.01,0.05555556,0.75000000,0.25000000,0.69444444,1,0.23,0.01849473,32,0.32,1.37254902,1,1,2014.01.16 07:13:00,1,1,25.13511347,0.23,0.01849473,51.00964499,5.37791040,22.42995023,17.05203983,-116.98623992,1241.35,1241.88,1242.07,1241.87,-1.99467183,-4.29891039,-4.27267083,-2.30423856,0.02623956,MIXED,RANGE,-0.36223647,-0.37308120,0.01084473,36.00900225,39.78602943,-88.81759853,5.60061701,0.16888180,0,2014.01.16 07:05:00,1,1,23.22855183,0.74,0.05934285,38.27788321,7.10026168,34.42263906,27.32237738,-173.19494426,1242.15,1241.78,1241.25,1240.84,-1.44050792,-0.92906040,0.34285991,0.51144752,1.27192031,E20>E50>E100>E200,UP,-0.01542023,0.30906589,-0.32448612,18.06513410,20.25559241,-89.50819672,4.22583776,0.07853113,0,2014.01.16 06:45:00,1,1,53.87366339,1.05,0.08457004,33.13404159,19.33375845,22.51868301,3.18492456,18.33036179,1241.70,1240.95,1241.09,1242.14,0.16313744,0.87576121,-0.25554307,0.71262377,-1.13130428,MIXED,RANGE,0.57775422,0.47735230,0.10040192,47.39085508,67.61406499,-54.09972299,3.95777421,0.61346871,0,2014.01.16 06:30:00,1,1,58.96544475,1.27,0.10190278,37.20182998,28.76087251,14.84238416,13.91848835,75.77562123,1241.09,1241.08,1242.13,1241.32,0.61748640,0.62380181,0.43469578,0.00631541,-0.18910603,MIXED,RANGE,0.61335879,0.36875315,0.24460564,64.85897730,77.67189103,-42.45652174,2.99110229,0.70867898,0,2014.01.16 06:00:00,1,1,63.14587485,1.72,0.13884304,21.98923954,26.46768545,8.49655641,17.97112904,141.73845801,1240.84,1242.11,1241.35,1236.56,0.59675361,-0.13935041,3.07868076,-0.73610403,3.21803117,MIXED,RANGE,-0.17477123,-0.73540832,0.56063709,77.98915541,68.50410940,-29.89438237,3.69068914,0.81526615,0,2014.01.16 00:00:00,1,0,,,,,,,,,,,,,,,,,,,,,,,,,,,,,5,3,2,0,1,0,0,1
49,XAUUSD|PERIOD_M1|SELL|1389874140|1389874680|1389875760|1389875880|MARKET_EDGE_MFE_ATR_12_V1,XAUUSD,PERIOD_M1,SELL,BID_OHLC,2014.01.16 12:09:00,2014.01.16 12:18:00,2014.01.16 12:36:00,2014.01.16 12:38:00,2014.01.16 12:38:00,2014.01.16 12:39:00,2014.01.16 12:38:00,1238.95,0.48,4,PERIOD_M1,1,1,12,12,1,0.75,0.49,1.54658385,1.02070393,MARKET_EDGE_MFE_ATR_12_V1,1.0,1,9,0,60,,0,,EXECUTED,1,11,1,11,MATCHED_FINALIZED,1,0,0,2.58,5d926eed3daf312d7810863a3786293984c991b1,34c7e44e89019e46fb4b93a3ac7e556c392839a536990c8508c8c4378fe5fdce,V923_PASSIVE_MARKET_EDGE_V1,V924_MARKET_EDGE_SCHEMA_V2,MARKET_EDGE_FEATURE_SNAPSHOT_T0_V2,2014.01.16 12:39:00,0,H4,,2014,1,4,12,38,OVERLAP,9,18,27,9,18,27,2.00000000,1,1238.59,1238.68,1239.74,0.09,1.06,12.52941176,1.15,2.38095238,-0.79,-1.64389234,1,1,76.62005766,67.60896250,66.53662058,-9.01109516,-1.07234192,0.11900240,10.08343708,-1.00123280,-0.05957455,1,1,1239.20,1239.20,1238.95,1238.95,0.25,0.25,1.00000000,0.00000000,0.00000000,0.00000000,1,0.48,0.03898466,34,0.34,0.69979296,1,1,2014.01.16 12:38:00,1,1,60.73516488,0.48,0.03898466,36.49981279,23.24894915,15.21417313,8.03477602,57.16870987,1238.79,1238.39,1238.07,1238.04,0.32426445,1.15947890,1.88549115,0.83521444,0.72601225,E20>E50>E100>E200,UP,0.23724992,0.20509842,0.03215150,35.80990629,57.93195823,-58.21114370,2.23516524,0.64561153,0,2014.01.16 12:30:00,1,1,66.16741741,0.49,0.03925046,42.06015336,24.00066307,9.97757933,14.02308374,98.96025514,1238.01,1238.14,1238.80,1239.45,1.69936372,1.43595104,-1.26447445,-0.26341268,-2.70042549,E200>E100>E50>E20,DOWN,0.26388993,0.08310255,0.18078738,84.80224229,84.67866679,-2.39520958,4.53746148,0.94503554,0,2014.01.16 12:15:00,1,1,61.20919998,0.86,0.06976513,33.11585151,25.40485987,9.64130718,15.76355269,162.47429767,1238.21,1239.17,1239.98,1241.32,0.26574144,-0.83821445,-3.33380388,-1.10395589,-2.49558943,E200>E100>E50>E20,DOWN,-0.63526155,-0.89673402,0.26147247,69.02399423,57.77813090,-18.19685691,3.96678532,0.69076227,0,2014.01.16 12:00:00,1,1,52.73478044,1.26,0.10159951,22.93176116,20.98784275,14.08279468,6.90504807,-26.91190130,1238.92,1239.95,1241.30,1240.97,-0.37807342,-1.19994179,-2.00927256,-0.82186837,-0.80933078,MIXED,RANGE,-0.78750236,-0.57983579,-0.20766657,53.09747087,40.19677601,-71.80787191,6.53998953,0.36217547,0,2014.01.16 11:00:00,1,1,40.00571875,2.25,0.18187812,17.74043067,12.94125608,17.23713501,4.29587893,-120.85878104,1239.75,1241.39,1241.04,1236.64,-0.93786854,-1.66327874,0.44589352,-0.72541021,2.10917226,MIXED,RANGE,-0.84686448,-0.52364174,-0.32322275,23.35451327,22.21080880,-82.46831221,2.59008907,0.10404203,0,2014.01.16 08:00:00,1,0,,,,,,,,,,,,,,,,,,,,,,,,,,,,,5,3,1,0,1,2,1,1
50,XAUUSD|PERIOD_M1|BUY|1389883080|1389883380|1389883680|1389883800|MARKET_EDGE_MFE_ATR_12_V1,XAUUSD,PERIOD_M1,BUY,BID_OHLC,2014.01.16 14:38:00,2014.01.16 14:43:00,2014.01.16 14:48:00,2014.01.16 14:50:00,2014.01.16 14:50:00,2014.01.16 14:51:00,2014.01.16 14:50:00,1242.78,0.39,4,PERIOD_M1,1,1,12,12,1,1.00,2.73,2.53299492,6.92131980,MARKET_EDGE_MFE_ATR_12_V1,1.0,1,3,0,60,,0,,NOT_EXECUTED_OR_UNRESOLVED,0,,0,,NOT_APPLICABLE_NON_EXECUTED,0,,,,5d926eed3daf312d7810863a3786293984c991b1,34c7e44e89019e46fb4b93a3ac7e556c392839a536990c8508c8c4378fe5fdce,V923_PASSIVE_MARKET_EDGE_V1,V924_MARKET_EDGE_SCHEMA_V2,MARKET_EDGE_FEATURE_SNAPSHOT_T0_V2,2014.01.16 14:51:00,0,H4,,2014,1,4,14,50,OVERLAP,5,5,10,5,5,10,1.00000000,1,1242.37,1242.17,1242.16,-0.19,-0.01,0.06185567,0.21,0.52284264,0.62,1.57868020,1,1,43.25675437,45.40077106,49.44383078,2.14401668,4.04305972,1.88574079,6.18707641,0.42880334,0.80861194,1,1,1242.63,1243.04,1242.56,1242.78,0.48,0.16,0.32505176,0.46169772,0.53830228,0.13664596,1,0.39,0.03170307,21,0.21,0.53807107,1,1,2014.01.16 14:50:00,1,1,61.57624865,0.39,0.03170307,19.39622540,20.15060696,13.28503774,6.86556922,121.93938152,1242.61,1242.40,1241.59,1240.45,0.43274004,0.95804321,5.92601871,0.52530317,4.96797549,E20>E50>E100>E200,UP,-0.04738047,-0.06673422,0.01935375,76.45502646,63.02813441,-47.37732657,2.52537025,0.62010100,0,2014.01.16 14:45:00,1,1,57.01442973,0.68,0.05510468,26.61111565,12.62651300,10.06512236,2.56139064,9.64008400,1241.60,1240.16,1239.69,1239.77,1.51395379,3.62132666,4.18497352,2.10737287,0.56364686,MIXED,RANGE,1.08880835,1.21362593,-0.12481758,30.40452371,33.88521735,-50.50246305,10.43353845,0.66779657,0,2014.01.16 14:30:00,1,1,65.50263722,2.29,0.18400345,42.63693735,25.72333722,7.02853448,18.69480274,119.45889515,1239.80,1239.60,1240.07,1241.25,1.12276273,1.20933024,0.48970243,0.08656750,-0.71962780,MIXED,RANGE,0.80206267,0.01424850,0.78781417,70.51990019,76.47722664,-34.03487673,3.55191340,0.92972168,0,2014.01.16 14:00:00,1,1,66.23622250,3.44,0.27696568,28.32659006,31.47080843,10.37633022,21.09447820,290.79511340,1239.32,1239.96,1241.20,1240.93,0.96994356,0.78504492,0.50371273,-0.18489865,-0.28133218,MIXED,RANGE,-0.09832043,-0.67049467,0.57217424,69.42118227,60.98959024,-28.57948140,2.52608129,0.87253827,0,2014.01.16 13:00:00,1,1,60.34234932,2.73,0.22024763,18.56857101,22.92672763,12.94700363,9.97972400,13.23069022,1239.71,1241.24,1240.98,1236.69,0.51078577,-0.04899413,1.61316834,-0.55977990,1.66216248,MIXED,RANGE,-0.67734107,-0.56152619,-0.11581488,50.31149449,32.36408801,-36.29086057,2.25137736,0.69995483,0,2014.01.16 08:00:00,1,0,,,,,,,,,,,,,,,,,,,,,,,,,,,,,5,5,5,0,1,0,0,1
51,XAUUSD|PERIOD_M1|SELL|1389922680|1389923040|1389924180|1389924300|MARKET_EDGE_MFE_ATR_12_V1,XAUUSD,PERIOD_M1,SELL,BID_OHLC,2014.01.17 01:38:00,2014.01.17 01:44:00,2014.01.17 02:03:00,2014.01.17 02:05:00,2014.01.17 02:05:00,2014.01.17 02:06:00,2014.01.17 02:05:00,1243.23,0.20,4,PERIOD_M1,1,1,12,12,1,0.09,0.26,0.44499382,1.28553770,MARKET_EDGE_MFE_ATR_12_V1,1.0,0,,0,60,,0,,EXECUTED,1,12,1,12,MATCHED_FINALIZED,1,0,0,2.37,5d926eed3daf312d7810863a3786293984c991b1,34c7e44e89019e46fb4b93a3ac7e556c392839a536990c8508c8c4378fe5fdce,V923_PASSIVE_MARKET_EDGE_V1,V924_MARKET_EDGE_SCHEMA_V2,MARKET_EDGE_FEATURE_SNAPSHOT_T0_V2,2014.01.17 02:06:00,0,H4,,2014,1,5,2,5,ASIA,6,19,25,6,19,25,3.16666667,1,1242.95,1243.05,1243.64,0.10,0.59,5.90000000,0.69,3.41161928,-0.41,-2.02719407,1,1,73.52364906,70.08138984,64.86417072,-3.44225922,-5.21721913,1.51563807,8.65947834,-0.57370987,-0.27459048,1,1,1243.42,1243.48,1243.19,1243.23,0.29,0.19,0.65517241,0.13793103,0.20689655,0.13793103,1,0.20,0.01626807,23,0.23,1.14215080,1,1,2014.01.17 02:05:00,1,1,47.45576427,0.20,0.01626807,38.24138046,30.82881968,25.22231350,5.60650618,-37.07198512,1243.22,1242.88,1242.65,1242.48,0.07678694,1.76648572,3.69951471,1.68969879,1.93302899,E20>E50>E100>E200,UP,0.18821522,0.22692909,-0.03871386,51.90505934,65.75636621,-69.49152542,4.29789886,0.46819097,0,2014.01.17 02:00:00,1,1,67.51885882,0.50,0.04013115,34.85303923,25.56836594,7.67257992,17.89578602,119.13551361,1242.63,1242.40,1242.04,1241.45,1.59101168,2.04070018,3.95060083,0.44968850,1.90990065,E20>E50>E100>E200,UP,0.21650537,0.03075414,0.18575123,74.95019920,81.81332345,-8.87096774,4.35760196,0.92608605,0,2014.01.17 01:45:00,1,1,60.06266228,0.99,0.07938053,22.42711520,25.75723318,18.86953408,6.88769910,179.96333826,1242.31,1241.66,1241.19,1241.51,0.75808349,1.41756986,1.57431922,0.65948637,0.15674937,MIXED,RANGE,0.28574309,0.29820378,-0.01246069,73.09896237,54.31843802,-23.07692308,1.42674428,0.98112714,1,2014.01.17 01:30:00,1,1,59.82429077,1.32,0.10620942,21.08741736,19.23685578,11.54809349,7.68876229,151.71129781,1241.86,1241.16,1241.48,1241.13,0.90774053,1.43821077,1.46207187,0.53047024,0.02386110,MIXED,RANGE,0.63423669,0.64839920,-0.01416251,56.72351591,51.58257102,-15.19594775,1.73877036,0.93589692,1,2014.01.17 01:00:00,1,1,69.68156241,1.44,0.11586299,29.63164207,16.28027671,9.19095123,7.08932548,77.23820350,1241.31,1241.52,1241.18,1237.25,1.21473634,1.07126741,4.03946108,-0.14346893,2.96819367,MIXED,RANGE,0.54096043,0.25593704,0.28502340,65.99099099,69.99694607,-25.67648827,5.28820145,0.79725594,0,2014.01.16 20:00:00,1,0,,,,,,,,,,,,,,,,,,,,,,,,,,,,,5,0,0,2,2,0,2,1
52,XAUUSD|PERIOD_M1|BUY|1389925080|1389925260|1389925560|1389925680|MARKET_EDGE_MFE_ATR_12_V1,XAUUSD,PERIOD_M1,BUY,BID_OHLC,2014.01.17 02:18:00,2014.01.17 02:21:00,2014.01.17 02:26:00,2014.01.17 02:28:00,2014.01.17 02:28:00,2014.01.17 02:29:00,2014.01.17 02:28:00,1243.87,0.21,4,PERIOD_M1,1,1,12,12,1,0.02,0.44,0.08143713,2.10299401,MARKET_EDGE_MFE_ATR_12_V1,1.0,0,,0,60,,0,,NOT_EXECUTED_OR_UNRESOLVED,0,,0,,NOT_APPLICABLE_NON_EXECUTED,0,,,,5d926eed3daf312d7810863a3786293984c991b1,34c7e44e89019e46fb4b93a3ac7e556c392839a536990c8508c8c4378fe5fdce,V923_PASSIVE_MARKET_EDGE_V1,V924_MARKET_EDGE_SCHEMA_V2,MARKET_EDGE_FEATURE_SNAPSHOT_T0_V2,2014.01.17 02:29:00,0,H4,,2014,1,5,2,28,ASIA,3,5,8,3,5,8,1.66666667,1,1243.32,1243.28,1243.24,-0.05,-0.03,0.66666667,0.08,0.38323353,0.63,3.01317365,1,1,53.46822697,60.32963268,61.73291748,6.86140572,1.40328479,0.20451856,8.26469051,2.28713524,0.28065696,1,1,1243.62,1243.88,1243.61,1243.87,0.27,0.25,0.92988930,0.97047970,0.02952030,0.04059041,1,0.21,0.01678227,30,0.30,1.43233533,1,1,2014.01.17 02:28:00,1,1,77.32796547,0.21,0.01678227,36.02261924,40.09218932,15.14596567,24.94622365,222.83808820,1243.47,1243.22,1242.94,1242.68,1.93998491,3.13876597,5.72914370,1.19878105,2.59037774,E20>E50>E100>E200,UP,0.12253532,0.09106080,0.03147453,86.56924148,79.54070545,-1.25588697,2.93398434,1.21954635,0,2014.01.17 02:20:00,1,1,68.61010198,0.31,0.02466742,45.42106556,20.61190925,4.32862331,16.28328594,84.02108852,1242.87,1242.55,1242.14,1241.53,2.18067540,3.24866121,6.57390792,1.06798581,3.32524671,E20>E50>E100>E200,UP,0.29506915,0.18654406,0.10852510,62.52129472,58.96016550,-4.65983225,8.42755824,0.85231951,0,2014.01.17 02:00:00,1,1,64.12549532,0.87,0.06960848,21.56132396,22.55282048,16.35359620,6.19922428,172.24761905,1242.42,1241.73,1241.23,1241.53,1.11648861,1.90801114,2.14305963,0.79152253,0.23504848,MIXED,RANGE,0.33764164,0.29693185,0.04070979,85.96491228,71.10150194,-10.48387097,1.79582170,1.09114048,1,2014.01.17 01:30:00,1,1,59.82429077,1.32,0.10620942,21.08741736,19.23685578,11.54809349,7.68876229,151.71129781,1241.86,1241.16,1241.48,1241.13,0.90774053,1.43821077,1.46207187,0.53047024,0.02386110,MIXED,RANGE,0.63423669,0.64839920,-0.01416251,56.72351591,51.58257102,-15.19594775,1.73877036,0.93589692,1,2014.01.17 01:00:00,1,1,69.68156241,1.44,0.11586299,29.63164207,16.28027671,9.19095123,7.08932548,77.23820350,1241.31,1241.52,1241.18,1237.25,1.21473634,1.07126741,4.03946108,-0.14346893,2.96819367,MIXED,RANGE,0.54096043,0.25593704,0.28502340,65.99099099,69.99694607,-25.67648827,5.28820145,0.79725594,0,2014.01.16 20:00:00,1,0,,,,,,,,,,,,,,,,,,,,,,,,,,,,,5,5,5,2,2,0,0,1
53,XAUUSD|PERIOD_M1|BUY|1389928680|1389929040|1389929520|1389929640|MARKET_EDGE_MFE_ATR_12_V1,XAUUSD,PERIOD_M1,BUY,BID_OHLC,2014.01.17 03:18:00,2014.01.17 03:24:00,2014.01.17 03:32:00,2014.01.17 03:34:00,2014.01.17 03:34:00,2014.01.17 03:35:00,2014.01.17 03:34:00,1242.99,0.17,4,PERIOD_M1,1,1,12,12,1,0.08,0.39,0.45930233,2.26162791,MARKET_EDGE_MFE_ATR_12_V1,1.0,0,,0,60,,0,,NOT_EXECUTED_OR_UNRESOLVED,0,,0,,NOT_APPLICABLE_NON_EXECUTED,0,,,,5d926eed3daf312d7810863a3786293984c991b1,34c7e44e89019e46fb4b93a3ac7e556c392839a536990c8508c8c4378fe5fdce,V923_PASSIVE_MARKET_EDGE_V1,V924_MARKET_EDGE_SCHEMA_V2,MARKET_EDGE_FEATURE_SNAPSHOT_T0_V2,2014.01.17 03:35:00,0,H4,,2014,1,5,3,34,ASIA,6,8,14,6,8,14,1.33333333,1,1243.34,1243.04,1242.90,-0.30,-0.14,0.46333333,0.44,2.55232558,0.09,0.52906977,1,1,19.87733414,29.31636309,31.41641456,9.43902895,2.10005146,0.22248596,11.53908042,1.57317149,0.26250643,1,1,1243.11,1243.14,1242.98,1242.99,0.16,0.12,0.74842767,0.06918239,0.18238994,0.06918239,1,0.17,0.01383756,28,0.28,1.64534884,1,1,2014.01.17 03:34:00,1,1,37.03858852,0.17,0.01383756,32.22754969,13.57998797,22.20045108,8.62046311,-88.70458135,1243.25,1243.40,1243.33,1243.08,-1.51196321,-2.34422844,-0.47639753,-0.83226523,1.86783092,MIXED,RANGE,-0.14523171,-0.12032304,-0.02490867,29.02684564,25.05516058,-87.78523490,4.59120585,0.12548472,0,2014.01.17 03:30:00,1,1,29.54193309,0.35,0.02791647,34.02257795,8.55351441,28.68504822,20.13153381,-189.42466088,1243.29,1242.94,1242.47,1241.78,-0.86472794,0.14401401,3.48882074,1.00874195,3.34480673,E20>E50>E100>E200,UP,0.13228721,0.25995142,-0.12766421,14.92366412,18.17772564,-92.73162939,2.82157473,0.03895797,0,2014.01.17 03:15:00,1,1,50.96484508,0.69,0.05536059,19.05685724,17.34853500,20.64778001,3.29924500,44.78748150,1242.88,1242.07,1241.46,1241.63,0.48983025,1.66073445,2.30077618,1.17090420,0.64004173,MIXED,RANGE,0.45856423,0.37385497,0.08470926,50.82298585,74.10973588,-31.48395722,3.56650322,0.67385400,0,2014.01.17 03:00:00,1,1,55.87213997,1.08,0.08663037,25.66089929,18.17800793,8.36651143,9.81149650,126.96167376,1242.30,1241.43,1241.60,1241.20,0.84824525,1.65174884,1.86510127,0.80350360,0.21335242,MIXED,RANGE,0.74062848,0.67373587,0.06689261,84.50041191,82.46002484,-31.48395722,2.90714011,0.79552954,0,2014.01.17 02:00:00,1,1,75.40573438,1.52,0.12240684,30.98720630,18.49721958,7.96549107,10.53172851,153.61483187,1241.55,1241.61,1241.23,1237.31,1.47942626,1.44063558,4.26442151,-0.03879068,2.82378592,MIXED,RANGE,0.66486053,0.34020154,0.32465899,75.70810660,69.61712750,-16.93989071,5.16557352,0.87585578,0,2014.01.16 20:00:00,1,0,,,,,,,,,,,,,,,,,,,,,,,,,,,,,5,4,2,0,1,0,0,1
54,XAUUSD|PERIOD_M1|BUY|1389929040|1389929520|1389930060|1389930180|MARKET_EDGE_MFE_ATR_12_V1,XAUUSD,PERIOD_M1,BUY,BID_OHLC,2014.01.17 03:24:00,2014.01.17 03:32:00,2014.01.17 03:41:00,2014.01.17 03:43:00,2014.01.17 03:43:00,2014.01.17 03:44:01,2014.01.17 03:43:00,1243.00,0.19,4,PERIOD_M1,1,1,12,12,1,0.17,0.18,0.91855808,0.95060080,MARKET_EDGE_MFE_ATR_12_V1,1.0,0,,0,60,,0,,EXECUTED,1,13,1,13,MATCHED_FINALIZED,1,0,0,2.03,5d926eed3daf312d7810863a3786293984c991b1,34c7e44e89019e46fb4b93a3ac7e556c392839a536990c8508c8c4378fe5fdce,V923_PASSIVE_MARKET_EDGE_V1,V924_MARKET_EDGE_SCHEMA_V2,MARKET_EDGE_FEATURE_SNAPSHOT_T0_V2,2014.01.17 03:44:01,0,H4,,2014,1,5,3,43,ASIA,8,9,17,8,9,17,1.12500000,1,1243.04,1242.90,1242.61,-0.14,-0.30,2.14388489,0.44,2.33377837,0.40,2.12550067,1,1,29.31636309,31.41641456,39.48836850,2.10005146,8.07195395,3.84369340,10.17200541,0.26250643,0.89688377,1,1,1242.94,1243.04,1242.84,1243.00,0.20,0.06,0.30500000,0.80500000,0.19500000,0.50000000,1,0.19,0.01506432,32,0.32,1.72496662,1,1,2014.01.17 03:43:00,1,1,49.56882536,0.19,0.01506432,32.82626153,22.73598726,25.64694322,2.91095597,11.56207553,1243.05,1243.25,1243.26,1243.06,-0.23554158,-1.31110142,-0.31129520,-1.07555983,0.99980622,MIXED,RANGE,-0.14231740,-0.15735069,0.01503329,70.53701016,49.47520103,-36.01286174,3.27070677,0.45395466,0,2014.01.17 03:35:00,1,1,24.95199260,0.37,0.02971130,37.54968667,7.41304582,30.09847036,22.68542454,-180.65114603,1243.25,1242.94,1242.48,1241.79,-1.22773334,-0.39297090,2.70704081,0.83476244,3.10001171,E20>E50>E100>E200,UP,0.07783585,0.23419131,-0.15635547,11.09229467,13.64470452,-100.00000000,2.94086619,-0.08835185,0,2014.01.17 03:15:00,1,1,50.96484508,0.69,0.05536059,19.05685724,17.34853500,20.64778001,3.29924500,44.78748150,1242.88,1242.07,1241.46,1241.63,0.48983025,1.66073445,2.30077618,1.17090420,0.64004173,MIXED,RANGE,0.45856423,0.37385497,0.08470926,50.82298585,74.10973588,-31.48395722,3.56650322,0.67385400,0,2014.01.17 03:00:00,1,1,55.87213997,1.08,0.08663037,25.66089929,18.17800793,8.36651143,9.81149650,126.96167376,1242.30,1241.43,1241.60,1241.20,0.84824525,1.65174884,1.86510127,0.80350360,0.21335242,MIXED,RANGE,0.74062848,0.67373587,0.06689261,84.50041191,82.46002484,-31.48395722,2.90714011,0.79552954,0,2014.01.17 02:00:00,1,1,75.40573438,1.52,0.12240684,30.98720630,18.49721958,7.96549107,10.53172851,153.61483187,1241.55,1241.61,1241.23,1237.31,1.47942626,1.44063558,4.26442151,-0.03879068,2.82378592,MIXED,RANGE,0.66486053,0.34020154,0.32465899,75.70810660,69.61712750,-16.93989071,5.16557352,0.87585578,0,2014.01.16 20:00:00,1,0,,,,,,,,,,,,,,,,,,,,,,,,,,,,,5,4,2,0,1,0,0,1
55,XAUUSD|PERIOD_M1|BUY|1389944040|1389944880|1389945180|1389945300|MARKET_EDGE_MFE_ATR_12_V1,XAUUSD,PERIOD_M1,BUY,BID_OHLC,2014.01.17 07:34:00,2014.01.17 07:48:00,2014.01.17 07:53:00,2014.01.17 07:55:00,2014.01.17 07:55:00,2014.01.17 07:56:01,2014.01.17 07:55:00,1240.71,0.53,4,PERIOD_M1,1,1,12,12,1,0.15,0.59,0.28328612,1.11425873,MARKET_EDGE_MFE_ATR_12_V1,1.0,0,,0,60,,0,,EXECUTED,1,14,1,14,MATCHED_FINALIZED,1,0,0,2.73,5d926eed3daf312d7810863a3786293984c991b1,34c7e44e89019e46fb4b93a3ac7e556c392839a536990c8508c8c4378fe5fdce,V923_PASSIVE_MARKET_EDGE_V1,V924_MARKET_EDGE_SCHEMA_V2,MARKET_EDGE_FEATURE_SNAPSHOT_T0_V2,2014.01.17 07:56:01,0,H4,,2014,1,5,7,55,LONDON,14,5,19,14,5,19,0.35714286,1,1240.54,1240.40,1239.77,-0.14,-0.63,4.40972222,0.78,1.47119924,0.95,1.79036827,1,1,17.68447110,36.40642778,37.36929823,18.72195667,0.96287045,0.05143001,19.68482712,1.33728262,0.19257409,1,1,1240.02,1240.73,1240.00,1240.71,0.73,0.69,0.94520548,0.97260274,0.02739726,0.02739726,1,0.53,0.04267707,28,0.28,0.51935788,1,1,2014.01.17 07:55:00,1,1,52.72519851,0.53,0.04267707,24.47745153,24.51002147,27.69705315,3.18703168,-51.77769221,1240.96,1241.80,1242.43,1242.76,-0.45922385,-2.04964525,-3.85973247,-1.59042141,-1.81008722,E200>E100>E50>E20,DOWN,-0.47133543,-0.48866056,0.01732512,24.53784444,16.30607917,-52.31388330,3.63292825,0.38487944,0,2014.01.17 07:50:00,1,1,23.42464069,1.09,0.08776047,43.64872282,10.38947487,28.03080718,17.64133231,-119.22776620,1242.34,1242.76,1242.69,1242.21,-2.12631687,-2.51158561,-2.00985484,-0.38526874,0.50173077,MIXED,RANGE,-0.65137805,-0.18932689,-0.46205116,15.06358810,17.80196749,-94.56613311,4.52555485,-0.06997706,0,2014.01.17 07:30:00,1,1,30.93498798,1.36,0.10939085,16.60297458,18.64730930,31.27804838,12.63073909,-149.76329740,1242.95,1242.52,1241.90,1241.84,-1.46019221,-1.14738663,-0.64683556,0.31280558,0.50055107,E20>E50>E100>E200,UP,0.01486680,0.22097337,-0.20610657,16.36642392,32.43787667,-89.44318468,2.35819435,-0.15557228,0,2014.01.17 07:00:00,1,1,44.52665007,1.59,0.12819089,15.62374670,15.74775540,18.59995868,2.85220328,-4.82413992,1242.80,1241.91,1241.84,1241.36,-0.20108155,0.35686828,0.70773784,0.55794983,0.35086956,E20>E50>E100>E200,UP,0.54697983,0.62544278,-0.07846295,66.58421166,76.70203051,-60.59701493,1.74190879,0.34923003,1,2014.01.17 06:00:00,1,1,62.20076483,1.98,0.15894893,22.03534706,13.60721856,11.18939758,2.41782098,147.76723866,1242.14,1241.86,1241.39,1237.54,0.91676226,1.05870896,3.24108469,0.14194670,2.18237573,E20>E50>E100>E200,UP,0.79674576,0.58763437,0.20911139,67.07695601,62.64822375,-11.03583916,3.89754943,0.80140417,0,2014.01.17 00:00:00,1,0,,,,,,,,,,,,,,,,,,,,,,,,,,,,,5,2,1,1,3,1,1,1
56,XAUUSD|PERIOD_M1|BUY|1389951960|1389952620|1389953220|1389953340|MARKET_EDGE_MFE_ATR_12_V1,XAUUSD,PERIOD_M1,BUY,BID_OHLC,2014.01.17 09:46:00,2014.01.17 09:57:00,2014.01.17 10:07:00,2014.01.17 10:09:00,2014.01.17 10:09:00,2014.01.17 10:10:00,2014.01.17 10:09:00,1241.20,0.28,4,PERIOD_M1,1,1,12,12,1,0.85,0.22,3.01330967,0.77373558,MARKET_EDGE_MFE_ATR_12_V1,1.0,1,8,0,60,,0,,EXECUTED,1,15,1,15,MATCHED_FINALIZED,1,0,0,4.04,5d926eed3daf312d7810863a3786293984c991b1,34c7e44e89019e46fb4b93a3ac7e556c392839a536990c8508c8c4378fe5fdce,V923_PASSIVE_MARKET_EDGE_V1,V924_MARKET_EDGE_SCHEMA_V2,MARKET_EDGE_FEATURE_SNAPSHOT_T0_V2,2014.01.17 10:10:00,0,H4,,2014,1,5,10,9,LONDON,11,10,21,11,10,21,0.90909091,1,1241.36,1241.27,1240.77,-0.09,-0.50,5.70454545,0.59,2.09405501,0.43,1.52617569,1,1,22.73369262,23.44469719,24.12659997,0.71100457,0.68190279,0.95906948,1.39290736,0.06463678,0.06819028,1,1,1240.92,1241.20,1240.91,1241.20,0.29,0.28,0.96875000,1.00000000,0.00000000,0.03125000,1,0.28,0.02269979,31,0.31,1.11091393,1,1,2014.01.17 10:09:00,1,1,40.13171459,0.28,0.02269979,31.39086695,19.10276764,26.75761780,7.65485015,-106.67168768,1241.43,1241.48,1241.38,1241.56,-0.79579671,-0.99581877,-1.28263964,-0.20002206,-0.28682087,MIXED,RANGE,-0.17509045,-0.11800088,-0.05708957,31.16542994,22.20193301,-61.87943262,3.52635429,0.22714014,0,2014.01.17 10:05:00,1,1,41.40211641,0.51,0.04145179,25.73087521,13.52592301,31.89860469,18.37268168,-33.62529082,1241.42,1241.69,1242.01,1241.93,-0.42273868,-0.94226686,-1.41003696,-0.51952817,-0.46777011,MIXED,RANGE,0.06930783,0.07021207,-0.00090424,26.06313592,20.66163187,-69.26668498,7.83522217,0.53712274,0,2014.01.17 09:45:00,1,1,48.71444556,1.62,0.13019648,24.60695784,16.38205465,25.18146491,8.79941026,-4.79517742,1241.90,1242.09,1241.76,1241.77,-0.07560161,-0.19417848,0.00200720,-0.11857687,0.19618568,MIXED,RANGE,-0.38354068,-0.43522797,0.05168730,64.50915141,64.39205085,-54.55633101,3.39965966,0.42347718,0,2014.01.17 09:30:00,1,1,45.31542468,2.01,0.16178428,18.48614556,19.32881608,19.69206443,0.36324835,-15.92235657,1242.23,1241.80,1241.78,1241.35,-0.22300183,-0.01125540,0.21217672,0.21174643,0.22343212,E20>E50>E100>E200,UP,-0.02594726,0.31054801,-0.33649527,46.08207646,33.76888887,-54.55633101,2.15215327,0.30188154,0,2014.01.17 09:00:00,1,1,51.02911524,2.89,0.23248941,20.74188996,17.90292943,15.97929771,1.92363172,-59.24759479,1241.85,1241.76,1241.37,1237.65,-0.02405000,0.00584919,1.43101056,0.02989919,1.42516137,E20>E50>E100>E200,UP,0.32765849,0.59041297,-0.26275448,27.89281364,39.63856556,-54.55633101,1.49575938,0.41790670,1,2014.01.17 04:00:00,1,0,,,,,,,,,,,,,,,,,,,,,,,,,,,,,5,3,1,1,2,0,0,1
57,XAUUSD|PERIOD_M1|SELL|1389970080|1389970260|1389970560|1389970680|MARKET_EDGE_MFE_ATR_12_V1,XAUUSD,PERIOD_M1,SELL,BID_OHLC,2014.01.17 14:48:00,2014.01.17 14:51:00,2014.01.17 14:56:00,2014.01.17 14:58:00,2014.01.17 14:58:00,2014.01.17 14:59:00,2014.01.17 14:58:00,1248.72,0.79,4,PERIOD_M1,1,1,12,12,1,1.58,1.40,2.00761905,1.77396825,MARKET_EDGE_MFE_ATR_12_V1,1.0,1,8,0,60,,0,,NOT_EXECUTED_OR_UNRESOLVED,0,,0,,NOT_APPLICABLE_NON_EXECUTED,0,,,,5d926eed3daf312d7810863a3786293984c991b1,34c7e44e89019e46fb4b93a3ac7e556c392839a536990c8508c8c4378fe5fdce,V923_PASSIVE_MARKET_EDGE_V1,V924_MARKET_EDGE_SCHEMA_V2,MARKET_EDGE_FEATURE_SNAPSHOT_T0_V2,2014.01.17 14:59:00,0,H4,,2014,1,5,14,58,OVERLAP,3,5,8,3,5,8,1.66666667,1,1249.00,1249.09,1249.80,0.09,0.71,7.88888889,0.80,1.01587302,-1.08,-1.36761905,1,1,68.21953277,65.82018339,59.81482511,-2.39934938,-6.00535828,2.50291113,8.40470766,-0.79978313,-1.20107166,1,1,1248.62,1248.81,1248.40,1248.72,0.42,0.10,0.24038462,0.78605769,0.21394231,0.54567308,1,0.79,0.06306443,32,0.32,0.40761905,1,1,2014.01.17 14:58:00,1,1,54.16977197,0.79,0.06306443,29.26001915,18.84515740,16.27173181,2.57342559,11.62308589,1248.49,1248.21,1247.24,1245.52,0.29915876,0.65286697,4.07349725,0.35370821,3.42063028,E20>E50>E100>E200,UP,0.22732245,0.15350565,0.07381681,26.41183724,49.10784508,-41.51888975,3.82475869,0.67299151,0,2014.01.17 14:50:00,1,1,62.41222425,1.08,0.08635997,35.13935836,19.89424415,10.95706633,8.93717782,4.35743657,1247.16,1244.94,1243.65,1242.81,1.28876858,3.35443618,5.32199080,2.06566760,1.96755462,E20>E50>E100>E200,UP,1.38698545,1.76414263,-0.37715718,50.05939026,31.05029678,-58.86635465,6.57738769,0.63622965,0,2014.01.17 14:30:00,1,1,58.37620345,2.20,0.17649845,27.00455166,26.02860823,19.58618116,6.44242707,81.77903688,1244.36,1243.07,1242.36,1242.08,1.47248348,2.05854391,2.51033130,0.58606043,0.45178739,E20>E50>E100>E200,UP,1.61854842,0.55552760,1.06302083,71.39189960,78.87558182,-24.57562318,5.75582354,0.83917392,0,2014.01.17 14:00:00,1,1,64.21937227,4.05,0.32445396,18.76530215,33.42254922,19.21654257,14.20600665,245.36489375,1243.15,1242.30,1242.04,1241.52,1.23974515,1.45112449,1.64374673,0.21137935,0.19262223,E20>E50>E100>E200,UP,0.82730857,0.05763297,0.76967560,82.18136661,76.89499184,-20.20951216,2.17129993,1.11927813,0,2014.01.17 13:00:00,1,1,65.38418547,4.23,0.33891705,18.03991739,24.47561807,16.63628862,7.83932945,234.81757912,1242.39,1242.00,1241.52,1237.87,1.34729849,1.44099775,2.41741667,0.09369925,0.97641892,E20>E50>E100>E200,UP,0.65896352,0.46456818,0.19439534,67.10367431,54.16162559,-15.05455739,1.55389514,1.35168417,1,2014.01.17 08:00:00,1,0,,,,,,,,,,,,,,,,,,,,,,,,,,,,,5,0,0,1,5,0,5,1
58,XAUUSD|PERIOD_M1|SELL|1389970260|1389970560|1389970860|1389970980|MARKET_EDGE_MFE_ATR_12_V1,XAUUSD,PERIOD_M1,SELL,BID_OHLC,2014.01.17 14:51:00,2014.01.17 14:56:00,2014.01.17 15:01:00,2014.01.17 15:03:00,2014.01.17 15:03:00,2014.01.17 15:04:00,2014.01.17 15:03:00,1249.54,0.75,4,PERIOD_M1,1,1,12,12,1,2.40,0.05,3.19308740,0.06114988,MARKET_EDGE_MFE_ATR_12_V1,1.0,1,1,0,60,,0,,NOT_EXECUTED_OR_UNRESOLVED,0,,0,,NOT_APPLICABLE_NON_EXECUTED,0,,,,5d926eed3daf312d7810863a3786293984c991b1,34c7e44e89019e46fb4b93a3ac7e556c392839a536990c8508c8c4378fe5fdce,V923_PASSIVE_MARKET_EDGE_V1,V924_MARKET_EDGE_SCHEMA_V2,MARKET_EDGE_FEATURE_SNAPSHOT_T0_V2,2014.01.17 15:04:00,0,H4,,2014,1,5,15,3,OVERLAP,5,5,10,5,5,10,1.00000000,1,1249.09,1249.80,1250.12,0.71,0.32,0.45070423,1.03,1.36922566,-0.58,-0.76570289,1,1,65.82018339,59.81482511,59.02312722,-6.00535828,-0.79169789,0.13183192,6.79705617,-1.20107166,-0.15833958,1,1,1249.68,1249.71,1249.18,1249.54,0.53,0.14,0.25757576,0.68560606,0.05681818,0.68560606,1,0.75,0.06020196,26,0.26,0.34297109,1,1,2014.01.17 15:03:00,1,1,59.82112713,0.75,0.06020196,32.27956995,21.04442705,12.72011003,8.32431702,79.48650513,1248.86,1248.43,1247.44,1245.70,0.91001511,1.48467671,5.10372697,0.57466159,3.61905026,E20>E50>E100>E200,UP,0.36033532,0.27363413,0.08670119,65.20197044,64.91192957,-27.16981132,3.41774282,0.80816838,0,2014.01.17 14:55:00,1,1,63.02351643,1.26,0.10105221,36.22392448,23.98431834,9.49612415,14.48819419,47.92516115,1247.30,1245.08,1243.75,1242.87,1.03875682,2.79910208,4.54903954,1.76034527,1.74993746,E20>E50>E100>E200,UP,1.33688359,1.67822022,-0.34133663,62.55047545,47.46618858,-57.33229329,4.98822214,0.62574895,0,2014.01.17 14:45:00,1,1,62.87199821,2.30,0.18434470,26.73118829,28.26360131,16.97469034,11.28891097,81.71552563,1244.77,1243.29,1242.48,1242.14,1.67112526,2.31327631,2.81164646,0.64215105,0.49837015,E20>E50>E100>E200,UP,1.74569874,0.80871723,0.93698151,57.73303974,69.37402431,-16.86037620,5.81974596,0.87072247,0,2014.01.17 14:30:00,1,1,65.21990189,4.07,0.32588186,18.12112414,28.96620932,21.88115438,7.08505494,156.12893317,1243.67,1242.54,1242.17,1241.59,1.21375909,1.49104361,1.72626411,0.27728452,0.23522049,E20>E50>E100>E200,UP,1.15501724,0.18930203,0.96571520,81.88447047,82.04358419,-16.86037620,2.48733719,1.04758064,0,2014.01.17 14:00:00,1,1,66.29671945,4.74,0.37976169,19.03612315,24.29419227,14.41811680,9.87607547,239.12770485,1242.99,1242.26,1241.66,1237.97,1.18645547,1.34022912,2.24342497,0.15377365,0.90319585,E20>E50>E100>E200,UP,1.07073263,0.50204068,0.56869195,80.67261848,66.48952068,-16.86037620,1.75814725,1.18908005,1,2014.01.17 08:00:00,1,0,,,,,,,,,,,,,,,,,,,,,,,,,,,,,5,0,0,1,5,0,5,1
59,XAUUSD|PERIOD_M1|SELL|1389975420|1389975960|1389976560|1389976680|MARKET_EDGE_MFE_ATR_12_V1,XAUUSD,PERIOD_M1,SELL,BID_OHLC,2014.01.17 16:17:00,2014.01.17 16:26:00,2014.01.17 16:36:00,2014.01.17 16:38:00,2014.01.17 16:38:00,2014.01.17 16:39:00,2014.01.17 16:38:00,1254.42,0.68,4,PERIOD_M1,1,1,12,12,1,1.34,0.45,1.98448467,0.66789804,MARKET_EDGE_MFE_ATR_12_V1,1.0,1,5,0,60,,0,,NOT_EXECUTED_OR_UNRESOLVED,0,,0,,NOT_APPLICABLE_NON_EXECUTED,0,,,,5d926eed3daf312d7810863a3786293984c991b1,34c7e44e89019e46fb4b93a3ac7e556c392839a536990c8508c8c4378fe5fdce,V923_PASSIVE_MARKET_EDGE_V1,V924_MARKET_EDGE_SCHEMA_V2,MARKET_EDGE_FEATURE_SNAPSHOT_T0_V2,2014.01.17 16:39:00,0,H4,,2014,1,5,16,38,OVERLAP,9,10,19,9,10,19,1.11111111,1,1252.78,1253.65,1254.89,0.87,1.24,1.42741935,2.11,3.11340968,-0.46,-0.68562985,1,1,75.76219143,70.95009500,63.03762537,-4.81209643,-7.91246962,1.64428742,12.72456605,-0.53467738,-0.79124696,1,1,1254.21,1254.50,1254.19,1254.42,0.31,0.21,0.67307692,0.74358974,0.25641026,0.07051282,1,0.68,0.05394911,33,0.33,0.49205763,1,1,2014.01.17 16:38:00,1,1,67.69926062,0.68,0.05394911,53.15881937,26.85684783,9.48077980,17.37606803,76.45300356,1253.35,1251.90,1250.57,1248.73,1.58566509,3.72428441,8.41353834,2.13861932,4.68925394,E20>E50>E100>E200,UP,0.87655331,0.88348351,-0.00693021,48.84144754,58.88812111,-19.30116473,5.38815889,0.80695721,0,2014.01.17 16:30:00,1,1,89.78036426,1.18,0.09374629,44.33459406,39.54067745,9.04359946,30.49707799,158.76209481,1250.41,1247.92,1245.80,1244.13,3.21297171,5.32437448,8.54753671,2.11140276,3.22316223,E20>E50>E100>E200,UP,1.54198973,1.09057509,0.45141464,90.17242603,90.69392515,-10.17991696,5.94145177,1.09849017,0,2014.01.17 16:15:00,1,1,77.09762038,2.23,0.17771500,35.89241742,30.09366690,7.19307221,22.90059469,176.59264406,1247.37,1244.80,1243.37,1242.61,2.58661666,3.74175075,4.72198981,1.15513409,0.98023906,E20>E50>E100>E200,UP,2.44036753,1.90952966,0.53083787,86.48739950,80.20608002,-4.26512968,7.65107225,0.91089709,0,2014.01.17 16:00:00,1,1,77.46779460,3.17,0.25302642,20.80466044,30.79296580,14.24382109,16.54914471,128.70226641,1245.50,1243.46,1242.66,1241.85,2.40670656,3.04991401,3.55627710,0.64320745,0.50636309,E20>E50>E100>E200,UP,2.12984927,0.78404388,1.34580539,84.97352256,82.50917428,-3.25601861,4.74958052,1.09926364,0,2014.01.17 15:00:00,1,1,67.79628378,4.95,0.39647699,19.89950147,21.05496664,12.49570123,8.55926541,180.01319490,1243.60,1242.54,1241.81,1238.09,1.17911279,1.39354337,2.29193102,0.21443059,0.89838764,E20>E50>E100>E200,UP,1.44735249,0.57433032,0.87302217,85.87821098,77.88483459,-10.51384004,2.03311315,1.11629637,0,2014.01.17 12:00:00,1,0,,,,,,,,,,,,,,,,,,,,,,,,,,,,,5,0,0,0,5,0,5,1
60,XAUUSD|PERIOD_M1|BUY|1389978780|1389978960|1389979140|1389979260|MARKET_EDGE_MFE_ATR_12_V1,XAUUSD,PERIOD_M1,BUY,BID_OHLC,2014.01.17 17:13:00,2014.01.17 17:16:00,2014.01.17 17:19:00,2014.01.17 17:21:00,2014.01.17 17:21:00,2014.01.17 17:22:00,2014.01.17 17:21:00,1252.19,0.34,4,PERIOD_M1,1,1,12,12,1,0.29,1.14,0.86438152,3.39791356,MARKET_EDGE_MFE_ATR_12_V1,1.0,0,,0,60,,0,,NOT_EXECUTED_OR_UNRESOLVED,0,,0,,NOT_APPLICABLE_NON_EXECUTED,0,,,,5d926eed3daf312d7810863a3786293984c991b1,34c7e44e89019e46fb4b93a3ac7e556c392839a536990c8508c8c4378fe5fdce,V923_PASSIVE_MARKET_EDGE_V1,V924_MARKET_EDGE_SCHEMA_V2,MARKET_EDGE_FEATURE_SNAPSHOT_T0_V2,2014.01.17 17:22:00,0,H4,,2014,1,5,17,21,NEWYORK,3,3,6,3,3,6,1.00000000,1,1252.24,1252.05,1251.95,-0.19,-0.10,0.52910053,0.29,0.86140089,0.24,0.70640835,1,1,26.04848568,30.17887439,39.49155631,4.13038871,9.31268192,2.25467446,13.44307063,1.37679624,3.10422731,1,1,1252.30,1252.35,1252.04,1252.19,0.31,0.11,0.36807818,0.47882736,0.15309446,0.47882736,1,0.34,0.02679306,37,0.37,1.09388972,1,1,2014.01.17 17:21:00,1,1,37.31170165,0.34,0.02679306,47.32769973,7.97089227,30.43735099,22.46645872,-123.51336606,1252.73,1252.80,1252.03,1250.28,-1.59801708,-1.82196117,5.69673437,-0.22394410,7.51869554,MIXED,RANGE,-0.28365635,-0.26150355,-0.02215280,44.06235672,62.61997850,-80.68459658,6.75597066,0.21278924,0,2014.01.17 17:15:00,1,1,42.05364465,0.84,0.06685805,30.52184598,16.35726112,25.87284888,9.51558777,-77.39022416,1251.99,1249.50,1247.01,1244.91,0.34647696,3.32219111,8.80213532,2.97571416,5.47994421,E20>E50>E100>E200,UP,1.18402922,1.49524584,-0.31121662,15.10031679,28.56607294,-47.16844581,8.30954831,0.54279039,0,2014.01.17 17:00:00,1,1,61.63859383,1.76,0.14048992,42.51565007,26.53354223,11.26751430,15.26602793,96.79015566,1248.85,1245.74,1243.93,1242.92,2.01942710,3.78961865,5.38732816,1.77019155,1.59770951,E20>E50>E100>E200,UP,2.69798339,2.25568818,0.44229521,71.03627223,79.20736400,-31.37948459,9.14955919,0.76933005,0,2014.01.17 16:30:00,1,1,78.88646249,2.97,0.23723879,24.37694356,34.76942881,12.34464494,22.42478387,132.63011071,1246.29,1243.86,1242.88,1241.97,2.52495788,3.34005865,3.97619744,0.81510077,0.63613879,E20>E50>E100>E200,UP,2.51643700,1.09684613,1.41959087,86.58080785,84.40762167,-6.33893165,5.80442232,1.03300113,0,2014.01.17 16:00:00,1,1,74.18402259,5.40,0.43041155,23.15724921,28.07865666,10.82960773,17.24904893,192.40541525,1244.57,1242.98,1242.05,1238.24,1.70994048,2.00493787,2.88248280,0.29499740,0.87754492,E20>E50>E100>E200,UP,2.07357772,0.74316760,1.33041012,89.22270460,85.25784469,-6.33893165,2.50999937,1.23585783,0,2014.01.17 12:00:00,1,0,,,,,,,,,,,,,,,,,,,,,,,,,,,,,5,5,3,0,4,0,0,1
61,XAUUSD|PERIOD_M1|BUY|1389990840|1389991140|1389991560|1389991680|MARKET_EDGE_MFE_ATR_12_V1,XAUUSD,PERIOD_M1,BUY,BID_OHLC,2014.01.17 20:34:00,2014.01.17 20:39:00,2014.01.17 20:46:00,2014.01.17 20:48:00,2014.01.17 20:48:00,2014.01.17 20:49:04,2014.01.17 20:48:00,1251.84,0.26,4,PERIOD_M1,1,1,12,12,1,2.30,0.20,8.88030888,0.77220077,MARKET_EDGE_MFE_ATR_12_V1,1.0,1,3,0,60,,0,,EXECUTED,1,16,1,16,MATCHED_FINALIZED,1,0,0,7.32,5d926eed3daf312d7810863a3786293984c991b1,34c7e44e89019e46fb4b93a3ac7e556c392839a536990c8508c8c4378fe5fdce,V923_PASSIVE_MARKET_EDGE_V1,V924_MARKET_EDGE_SCHEMA_V2,MARKET_EDGE_FEATURE_SNAPSHOT_T0_V2,2014.01.17 20:49:04,0,H4,,2014,1,5,20,48,NEWYORK,5,7,12,5,7,12,1.40000000,1,1251.67,1251.67,1251.56,-0.01,-0.11,18.50000000,0.12,0.45173745,0.29,1.10810811,1,1,26.76708612,36.03871852,57.39545204,9.27163240,21.35673352,2.30344912,30.62836592,1.85432648,3.05096193,1,1,1251.84,1251.94,1251.84,1251.84,0.10,0.00,0.00000000,0.00000000,1.00000000,0.00000000,1,0.26,0.02068951,40,0.40,1.53667954,1,1,2014.01.17 20:48:00,1,1,49.78363171,0.26,0.02068951,15.20770826,17.45950955,19.77361575,2.31410620,54.37857077,1251.92,1252.16,1252.27,1252.03,-0.28639173,-1.24605646,-0.74492617,-0.95966473,0.50113028,MIXED,RANGE,-0.13933220,-0.19528155,0.05594935,74.53798768,69.38884234,-43.05555556,2.16656419,0.50516805,0,2014.01.17 20:40:00,1,1,41.49824379,0.44,0.03478874,29.57015144,11.04376240,23.88912301,12.84536060,-124.47477612,1252.28,1251.76,1249.96,1247.39,-1.00119949,0.19912022,10.22854319,1.20031971,10.02942297,E20>E50>E100>E200,UP,-0.05185930,0.13269540,-0.18455470,5.04971219,2.01733878,-90.61833689,4.12811232,0.22282681,0,2014.01.17 20:30:00,1,1,42.08771905,0.77,0.06172904,27.78528598,21.09357695,23.47320018,2.37962323,-78.77192020,1251.48,1248.56,1245.98,1244.15,0.47349046,4.24415228,9.95227645,3.77066182,5.70812417,E20>E50>E100>E200,UP,1.33625695,1.77916411,-0.44290717,26.68930997,36.88815171,-76.14457831,4.59058488,0.36694385,0,2014.01.17 20:00:00,1,1,54.76280756,1.46,0.11689559,31.92682519,30.51822254,9.64723421,20.87098833,52.59995739,1249.31,1245.92,1244.10,1242.67,1.82112206,4.13867258,6.35778406,2.31755052,2.21911147,E20>E50>E100>E200,UP,2.64599438,2.62776902,0.01822537,41.22176591,43.13162222,-24.94864772,12.69833984,0.69520803,0,2014.01.17 19:00:00,1,1,69.20427342,3.38,0.26983671,31.07774848,19.28461715,7.04967354,12.23494361,95.20912145,1246.64,1244.06,1242.66,1238.67,1.87427099,2.63773109,4.23334163,0.76346010,1.59561054,E20>E50>E100>E200,UP,2.88185679,1.51182903,1.37002776,75.69977621,82.65777203,-11.12083042,5.29611983,0.92431437,0,2014.01.17 16:00:00,1,0,,,,,,,,,,,,,,,,,,,,,,,,,,,,,5,4,2,0,4,0,0,1
62,XAUUSD|PERIOD_M1|SELL|1390184700|1390185060|1390185360|1390185480|MARKET_EDGE_MFE_ATR_12_V1,XAUUSD,PERIOD_M1,SELL,BID_OHLC,2014.01.20 02:25:00,2014.01.20 02:31:00,2014.01.20 02:36:00,2014.01.20 02:38:00,2014.01.20 02:38:00,2014.01.20 02:39:14,2014.01.20 02:38:00,1256.84,0.22,4,PERIOD_M1,1,1,12,12,1,0.96,0.00,4.41695304,0.00458190,MARKET_EDGE_MFE_ATR_12_V1,1.0,1,4,0,60,,0,,NOT_EXECUTED_OR_UNRESOLVED,0,,0,,NOT_APPLICABLE_NON_EXECUTED,0,,,,5d926eed3daf312d7810863a3786293984c991b1,34c7e44e89019e46fb4b93a3ac7e556c392839a536990c8508c8c4378fe5fdce,V923_PASSIVE_MARKET_EDGE_V1,V924_MARKET_EDGE_SCHEMA_V2,MARKET_EDGE_FEATURE_SNAPSHOT_T0_V2,2014.01.20 02:39:14,0,H4,,2014,1,1,2,38,ASIA,6,5,11,6,5,11,0.83333333,1,1256.59,1256.88,1257.03,0.29,0.15,0.51903114,0.44,2.01145475,-0.19,-0.87056128,1,1,63.46603338,61.63011312,57.35252374,-1.83592026,-4.27758938,2.32994290,6.11350964,-0.30598671,-0.85551788,1,1,1256.75,1256.87,1256.75,1256.84,0.12,0.09,0.75000000,0.75000000,0.25000000,0.00000000,1,0.22,0.01736494,31,0.31,1.43871707,1,1,2014.01.20 02:38:00,1,1,63.56123766,0.22,0.01736494,22.33876753,29.24643889,13.77585592,15.47058297,90.64845475,1256.63,1256.75,1256.88,1256.58,0.95349590,0.40853323,1.18523088,-0.54496266,0.77669764,MIXED,RANGE,0.02624531,-0.04032774,0.06657304,48.20987654,59.62987705,-23.45679012,4.42069027,0.85670027,0,2014.01.20 02:30:00,1,1,49.93792550,0.53,0.04179421,16.27068789,18.08451245,16.88927905,1.19523340,-59.63898917,1256.85,1256.29,1254.52,1251.38,-0.18822770,0.87499235,10.22333406,1.06322005,9.34834170,E20>E50>E100>E200,UP,-0.08187500,0.08165592,-0.16353092,36.08903021,19.33029708,-69.07706946,3.84300707,0.34937129,0,2014.01.20 02:15:00,1,1,42.24403782,0.93,0.07427025,18.12571214,12.90747571,19.53375223,6.62627652,-121.73913043,1255.88,1252.77,1249.27,1246.26,0.36700447,3.70329235,10.68080362,3.33628789,6.97751127,E20>E50>E100>E200,UP,1.30267166,1.69166437,-0.38899271,18.42461122,35.91877367,-58.10968495,8.54126646,0.52155854,0,2014.01.20 02:00:00,1,1,52.95628394,1.50,0.11962446,50.08337584,17.11171751,12.60805737,4.50366013,47.96667298,1253.75,1249.30,1246.28,1243.94,1.64574763,4.61008170,8.17157138,2.96433407,3.56148968,E20>E50>E100>E200,UP,2.85225070,2.89269446,-0.04044376,42.64366255,48.03082637,-51.61691542,6.49503883,0.71503686,0,2014.01.20 01:00:00,1,1,79.26458952,3.51,0.27893260,50.21340289,23.61033517,3.44690625,20.16342892,101.60294044,1250.24,1246.17,1243.89,1239.49,2.01029901,3.17267271,5.07541190,1.16237370,1.90273919,E20>E50>E100>E200,UP,3.81971887,3.03267090,0.78704797,54.37065928,58.75944990,-16.66382543,6.71185204,0.87016220,0,2014.01.19 20:00:00,1,0,,,,,,,,,,,,,,,,,,,,,,,,,,,,,5,0,1,0,4,0,4,1
63,XAUUSD|PERIOD_M1|BUY|1390190040|1390190940|1390192440|1390192560|MARKET_EDGE_MFE_ATR_12_V1,XAUUSD,PERIOD_M1,BUY,BID_OHLC,2014.01.20 03:54:00,2014.01.20 04:09:00,2014.01.20 04:34:00,2014.01.20 04:36:00,2014.01.20 04:36:00,2014.01.20 04:37:05,2014.01.20 04:36:00,1255.30,0.19,4,PERIOD_M1,1,1,12,12,1,0.55,0.00,2.83636364,0.00000000,MARKET_EDGE_MFE_ATR_12_V1,1.0,1,2,0,60,,0,,EXECUTED,1,17,1,17,MATCHED_FINALIZED,1,0,0,2.00,5d926eed3daf312d7810863a3786293984c991b1,34c7e44e89019e46fb4b93a3ac7e556c392839a536990c8508c8c4378fe5fdce,V923_PASSIVE_MARKET_EDGE_V1,V924_MARKET_EDGE_SCHEMA_V2,MARKET_EDGE_FEATURE_SNAPSHOT_T0_V2,2014.01.20 04:37:05,0,H4,,2014,1,1,4,36,ASIA,15,25,40,15,25,40,1.66666667,1,1255.03,1254.94,1254.90,-0.09,-0.04,0.44444444,0.13,0.67532468,0.40,2.06233766,1,1,24.45149066,37.61516643,54.25913758,13.16367577,16.64397115,1.26438629,29.80764692,0.87757838,0.66575885,1,1,1255.25,1255.36,1255.20,1255.30,0.16,0.05,0.30128205,0.62179487,0.37820513,0.32051282,1,0.19,0.01533498,31,0.31,1.60000000,1,1,2014.01.20 04:36:00,1,1,59.30888373,0.19,0.01533498,19.28648754,25.41156536,18.12054387,7.29102149,169.62247588,1255.15,1255.21,1255.44,1255.75,0.78576559,0.47889438,-2.36066435,-0.30687121,-2.83955873,E200>E100>E50>E20,DOWN,0.01231839,-0.00798787,0.02030625,82.64659271,60.24992230,-12.93859649,2.26069805,0.94601785,0,2014.01.20 04:30:00,1,1,47.32114996,0.26,0.02085320,33.76113514,12.96353342,26.55281424,13.58928082,-59.66439269,1255.46,1255.76,1254.89,1252.26,-0.97480922,-2.13686963,11.23234205,-1.16206041,13.36921167,MIXED,RANGE,-0.31751128,-0.36798523,0.05047395,75.82139848,61.13038623,-62.56038647,5.47525449,0.37196018,0,2014.01.20 04:15:00,1,1,34.21792770,0.45,0.03547156,34.40677825,5.74049426,20.23290872,14.49241446,-98.50851756,1255.70,1253.54,1250.21,1246.98,-1.04304422,3.79191689,18.53581593,4.83496111,14.74389904,E20>E50>E100>E200,UP,0.37362932,0.82279278,-0.44916346,43.07097208,41.19851621,-77.36732570,7.53649016,0.13631186,0,2014.01.20 04:00:00,1,1,42.36098509,1.05,0.08386902,39.39884133,9.65388175,21.55816606,11.90428431,-36.14306282,1254.30,1250.20,1246.98,1244.39,0.88305836,4.77546331,10.29375430,3.89240495,5.51829099,E20>E50>E100>E200,UP,2.08102392,2.72311046,-0.64208654,26.20205800,21.49550320,-61.89883914,7.92661171,0.54936642,0,2014.01.20 03:00:00,1,1,57.74335316,1.83,0.14559549,43.18586078,17.73398509,16.92957424,0.80441085,57.31344621,1251.20,1246.89,1244.35,1239.81,2.18173697,4.54301271,8.41505009,2.36127574,3.87203738,E20>E50>E100>E200,UP,3.66565288,3.36139814,0.30425473,43.22084515,49.56200941,-30.52284264,13.16469976,0.72711526,0,2014.01.20 00:00:00,1,0,,,,,,,,,,,,,,,,,,,,,,,,,,,,,5,4,2,0,3,1,1,1
64,XAUUSD|PERIOD_M1|BUY|1390199880|1390200060|1390200420|1390200540|MARKET_EDGE_MFE_ATR_12_V1,XAUUSD,PERIOD_M1,BUY,BID_OHLC,2014.01.20 06:38:00,2014.01.20 06:41:00,2014.01.20 06:47:00,2014.01.20 06:49:00,2014.01.20 06:49:00,2014.01.20 06:50:00,2014.01.20 06:49:00,1256.70,0.06,4,PERIOD_M1,1,1,12,12,1,0.20,0.44,3.20000000,7.04000000,MARKET_EDGE_MFE_ATR_12_V1,1.0,1,3,0,60,,0,,NOT_EXECUTED_OR_UNRESOLVED,0,,0,,NOT_APPLICABLE_NON_EXECUTED,0,,,,5d926eed3daf312d7810863a3786293984c991b1,34c7e44e89019e46fb4b93a3ac7e556c392839a536990c8508c8c4378fe5fdce,V923_PASSIVE_MARKET_EDGE_V1,V924_MARKET_EDGE_SCHEMA_V2,MARKET_EDGE_FEATURE_SNAPSHOT_T0_V2,2014.01.20 06:50:00,0,H4,,2014,1,1,6,49,ASIA,3,6,9,3,6,9,2.00000000,1,1256.64,1256.59,1256.58,-0.05,-0.01,0.20408163,0.06,0.94400000,0.12,1.92000000,1,1,23.80594487,35.40760220,44.80791300,11.60165733,9.40031080,0.81025586,21.00196813,3.86721911,1.56671847,1,1,1256.73,1256.75,1256.68,1256.70,0.07,0.03,0.42857143,0.28571429,0.28571429,0.28571429,1,0.06,0.00497333,33,0.33,5.34400000,1,1,2014.01.20 06:49:00,1,1,53.55031022,0.06,0.00497333,30.49731172,19.97209228,21.92311740,1.95102512,13.47669445,1256.74,1256.69,1256.45,1256.20,-0.63845665,0.15865660,8.04091725,0.79711326,7.88226064,E20>E50>E100>E200,UP,-0.04618892,-0.04599472,-0.00019420,83.33333333,65.17615176,-58.62068966,9.01772207,0.38830882,0,2014.01.20 06:45:00,1,1,49.89793395,0.26,0.02086810,26.30606246,17.59398994,17.28916895,0.30482099,-5.10260839,1256.46,1256.14,1255.46,1253.20,0.91366758,2.14114041,13.36244211,1.22747282,11.22130171,E20>E50>E100>E200,UP,0.29941845,0.31271530,-0.01329685,18.30850553,31.25732503,-42.40837696,8.80957655,0.63775199,0,2014.01.20 06:30:00,1,1,61.18580282,0.94,0.07502131,26.97869847,21.00014920,11.58748962,9.41265958,113.02508593,1256.06,1254.35,1251.19,1247.77,0.61781627,2.42697581,9.41114803,1.80915954,6.98417221,E20>E50>E100>E200,UP,0.41850765,0.31537370,0.10313394,71.15652578,76.86708626,-27.60152284,2.79081876,0.73633201,0,2014.01.20 06:00:00,1,1,72.99137574,1.07,0.08551407,31.26492327,24.58603607,12.16242530,12.42361077,55.24724681,1255.00,1251.12,1247.71,1244.86,1.95268265,5.56786795,11.38562565,3.61518530,5.81775770,E20>E50>E100>E200,UP,1.78326144,2.18737980,-0.40411837,84.31801605,65.40472044,-49.35352789,6.46428952,0.71214943,0,2014.01.20 05:00:00,1,1,73.14093341,1.64,0.13017716,36.28216157,22.03886053,12.71599132,9.32286921,71.84911772,1252.14,1247.61,1244.82,1240.14,3.05318770,5.81712364,10.38482554,2.76393594,4.56770190,E20>E50>E100>E200,UP,3.55022125,3.53378397,0.01643728,39.67892730,38.69247721,-28.94530972,13.31546665,0.76761571,0,2014.01.20 00:00:00,1,0,,,,,,,,,,,,,,,,,,,,,,,,,,,,,5,5,4,0,5,0,0,1
65,XAUUSD|PERIOD_M1|BUY|1390214040|1390214220|1390214520|1390214640|MARKET_EDGE_MFE_ATR_12_V1,XAUUSD,PERIOD_M1,BUY,BID_OHLC,2014.01.20 10:34:00,2014.01.20 10:37:00,2014.01.20 10:42:00,2014.01.20 10:44:00,2014.01.20 10:44:00,2014.01.20 10:45:00,2014.01.20 10:44:00,1254.68,0.17,4,PERIOD_M1,1,1,12,12,1,0.06,0.24,0.33810888,1.38108883,MARKET_EDGE_MFE_ATR_12_V1,1.0,0,,0,60,,0,,NOT_EXECUTED_OR_UNRESOLVED,0,,0,,NOT_APPLICABLE_NON_EXECUTED,0,,,,5d926eed3daf312d7810863a3786293984c991b1,34c7e44e89019e46fb4b93a3ac7e556c392839a536990c8508c8c4378fe5fdce,V923_PASSIVE_MARKET_EDGE_V1,V924_MARKET_EDGE_SCHEMA_V2,MARKET_EDGE_FEATURE_SNAPSHOT_T0_V2,2014.01.20 10:45:00,0,H4,,2014,1,1,10,44,LONDON,3,5,8,3,5,8,1.66666667,1,1254.58,1254.52,1254.46,-0.05,-0.06,1.17307692,0.11,0.64756447,0.22,1.26074499,1,1,37.44476575,43.01005786,43.56338137,5.56529211,0.55332350,0.09942398,6.11861562,1.85509737,0.11066470,1,1,1254.63,1254.77,1254.63,1254.68,0.14,0.05,0.35714286,0.35714286,0.64285714,0.00000000,1,0.17,0.01390790,37,0.37,2.13180516,1,1,2014.01.20 10:44:00,1,1,53.01287064,0.17,0.01390790,21.78565843,33.35230099,14.62973454,18.72256646,1.67281674,1254.77,1254.88,1254.90,1254.99,-0.48967163,-1.12750129,-1.77314335,-0.63782965,-0.64564206,E200>E100>E50>E20,DOWN,-0.09858689,-0.09652868,-0.00205821,41.16094987,41.30316934,-70.39030956,5.78016655,0.35678722,0,2014.01.20 10:40:00,1,1,42.10405277,0.50,0.03993040,15.88712491,17.38422882,17.81132817,0.42709935,-111.55902326,1254.92,1255.08,1255.12,1253.84,-0.47703883,-0.79102281,1.68331110,-0.31398398,2.47433391,MIXED,RANGE,-0.03218762,0.02338831,-0.05557592,17.22090261,38.17561021,-85.37234043,3.16006459,0.28660205,0,2014.01.20 10:30:00,1,1,42.88465415,0.76,0.06035389,20.56535068,13.80755587,15.73567926,1.92812339,7.54911666,1255.15,1254.63,1252.22,1248.83,-0.62116904,0.06683303,7.72467288,0.68800208,7.65783985,E20>E50>E100>E200,UP,-0.17988433,-0.22287521,0.04299088,35.71815718,50.80371450,-49.14651494,5.31648857,0.33431079,0,2014.01.20 10:00:00,1,1,48.75504783,1.47,0.11673457,18.64988585,14.59819754,15.26875142,0.67055388,-38.49010205,1255.03,1252.20,1248.79,1245.65,0.11637718,2.04784487,6.51750157,1.93146769,4.46965669,E20>E50>E100>E200,UP,0.71010345,1.17374890,-0.46364545,68.61200488,53.83215685,-54.34272300,2.75143040,0.35912308,0,2014.01.20 09:00:00,1,1,50.63895326,2.12,0.16873117,25.96079662,19.92390838,17.43802263,2.48588575,-17.36839400,1253.08,1248.71,1245.61,1240.72,0.95349571,3.01855918,6.79031965,2.06506347,3.77176046,E20>E50>E100>E200,UP,2.74386427,3.40579050,-0.66192623,28.67460317,37.67368399,-63.22553897,5.01076115,0.60656324,0,2014.01.20 04:00:00,1,0,,,,,,,,,,,,,,,,,,,,,,,,,,,,,5,4,2,0,3,1,1,1
66,XAUUSD|PERIOD_M1|SELL|1390270680|1390271700|1390271880|1390272000|MARKET_EDGE_MFE_ATR_12_V1,XAUUSD,PERIOD_M1,SELL,BID_OHLC,2014.01.21 02:18:00,2014.01.21 02:35:00,2014.01.21 02:38:00,2014.01.21 02:40:00,2014.01.21 02:40:00,2014.01.21 02:41:28,2014.01.21 02:40:00,1252.75,0.17,4,PERIOD_M1,1,1,12,12,1,0.20,0.54,1.17994100,3.18584071,MARKET_EDGE_MFE_ATR_12_V1,1.0,1,2,0,60,,0,,NOT_EXECUTED_OR_UNRESOLVED,0,,0,,NOT_APPLICABLE_NON_EXECUTED,0,,,,5d926eed3daf312d7810863a3786293984c991b1,34c7e44e89019e46fb4b93a3ac7e556c392839a536990c8508c8c4378fe5fdce,V923_PASSIVE_MARKET_EDGE_V1,V924_MARKET_EDGE_SCHEMA_V2,MARKET_EDGE_FEATURE_SNAPSHOT_T0_V2,2014.01.21 02:41:28,0,H4,,2014,1,2,2,40,ASIA,17,3,20,17,3,20,0.17647059,1,1252.74,1252.88,1252.90,0.14,0.02,0.15602837,0.16,0.96165192,-0.15,-0.89675516,1,1,66.73474395,55.35889179,52.89767467,-11.37585216,-2.46121712,0.21635453,13.83706928,-0.66916777,-0.82040571,1,1,1252.80,1252.81,1252.75,1252.75,0.05,0.05,0.98076923,0.00000000,0.01923077,0.00000000,1,0.17,0.01353020,33,0.33,1.94690265,1,1,2014.01.21 02:40:00,1,1,47.97455528,0.17,0.01353020,17.49822888,18.06110857,19.89315702,1.83204844,29.09646611,1252.71,1252.62,1252.78,1253.35,0.26686317,0.80100355,-3.54610323,0.53414038,-4.34710678,MIXED,RANGE,0.05559134,0.07353816,-0.01794683,72.63681592,55.09435809,-37.81094527,3.34743585,0.44254397,0,2014.01.21 02:35:00,1,1,57.03984658,0.45,0.03613934,15.53935403,17.22155404,20.69041843,3.46886440,82.12216286,1252.78,1253.58,1254.25,1254.28,0.02317758,-1.74133564,-3.29979505,-1.76451323,-1.55845940,E200>E100>E50>E20,DOWN,-0.31165009,-0.50596782,0.19431773,69.71085027,76.39838008,-20.68155112,4.82869422,0.63615002,0,2014.01.21 02:15:00,1,1,41.72493688,0.84,0.06739093,25.98619315,21.80513568,22.65862050,0.85348482,-60.91847272,1253.80,1254.47,1253.53,1250.74,-1.22937060,-2.02540025,2.39737818,-0.79602965,4.42277843,MIXED,RANGE,-0.84717310,-0.59541033,-0.25176277,46.93603516,36.63321155,-64.81890459,7.33973175,0.24728755,0,2014.01.21 02:00:00,1,1,37.45225330,1.63,0.12991263,26.97809735,11.37699193,21.97899712,10.60200519,-117.76425890,1254.40,1253.54,1250.75,1247.30,-1.00740215,-0.47349640,3.35726945,0.53390575,3.83076585,E20>E50>E100>E200,UP,-0.47370402,0.06491442,-0.53861844,25.63870676,19.65488668,-72.25222087,3.27523150,0.11679518,0,2014.01.21 01:00:00,1,1,32.09905420,1.97,0.15712035,20.38530197,11.55612202,30.31129692,18.75517490,-208.49775425,1254.25,1250.80,1247.32,1242.09,-0.86937815,0.88553910,5.31107896,1.75491726,4.42553986,E20>E50>E100>E200,UP,1.20398186,1.94036744,-0.73638558,23.24056167,33.82516281,-78.37880460,2.39525709,-0.11800654,0,2014.01.20 20:00:00,1,0,,,,,,,,,,,,,,,,,,,,,,,,,,,,,5,2,5,0,2,1,2,1
67,XAUUSD|PERIOD_M1|BUY|1390284900|1390285920|1390286760|1390286880|MARKET_EDGE_MFE_ATR_12_V1,XAUUSD,PERIOD_M1,BUY,BID_OHLC,2014.01.21 06:15:00,2014.01.21 06:32:00,2014.01.21 06:46:00,2014.01.21 06:48:00,2014.01.21 06:48:00,2014.01.21 06:49:07,2014.01.21 06:48:00,1252.04,0.15,4,PERIOD_M1,1,1,12,12,1,1.13,0.09,7.66779661,0.61694915,MARKET_EDGE_MFE_ATR_12_V1,1.0,1,6,0,60,,0,,EXECUTED,1,18,1,18,MATCHED_FINALIZED,1,0,0,2.06,5d926eed3daf312d7810863a3786293984c991b1,34c7e44e89019e46fb4b93a3ac7e556c392839a536990c8508c8c4378fe5fdce,V923_PASSIVE_MARKET_EDGE_V1,V924_MARKET_EDGE_SCHEMA_V2,MARKET_EDGE_FEATURE_SNAPSHOT_T0_V2,2014.01.21 06:49:07,0,H4,,2014,1,2,6,48,ASIA,17,14,31,17,14,31,0.82352941,1,1252.47,1252.18,1251.90,-0.29,-0.28,0.96551724,0.57,3.86440678,0.14,0.94237288,1,1,26.44263461,29.06114146,34.51891492,2.61850685,5.45777346,2.08430750,8.07628031,0.15402981,0.38984096,1,1,1252.14,1252.14,1252.02,1252.04,0.12,0.10,0.84033613,0.15966387,0.00000000,0.15966387,1,0.15,0.01178075,34,0.34,2.33220339,1,1,2014.01.21 06:48:00,1,1,41.87292727,0.15,0.01178075,24.89127614,16.09548089,24.50037555,8.40489466,-77.01793721,1252.30,1252.61,1252.75,1252.79,-1.76665204,-3.84798797,-5.06285644,-2.08133592,-1.21486847,E200>E100>E50>E20,DOWN,-0.18537646,-0.16694154,-0.01843492,33.30860534,23.89481685,-85.19701810,4.82227904,0.17383029,0,2014.01.21 06:40:00,1,1,37.16953517,0.47,0.03771685,37.44557588,12.56258344,35.98257550,23.41999206,-109.87838611,1252.77,1252.84,1253.27,1253.65,-1.44067058,-1.58623598,-3.30341390,-0.14556540,-1.71717792,E200>E100>E50>E20,DOWN,-0.05648321,0.12221016,-0.17869337,30.14914773,22.60374389,-94.46749654,3.62688067,-0.01051078,0,2014.01.21 06:30:00,1,1,44.95985865,0.88,0.07022242,23.36075198,18.42215353,22.04089295,3.61873942,-36.00393486,1252.83,1253.54,1253.26,1251.03,-0.83757236,-1.64792985,1.21276845,-0.81035749,2.86069829,MIXED,RANGE,-0.33631034,-0.45391956,0.11760922,2.24424911,30.46597226,-82.98906440,2.18537201,0.26393299,0,2014.01.21 06:00:00,1,1,45.33463824,1.11,0.08894971,25.16988099,21.70868569,15.36692467,6.34176102,-11.83230118,1253.44,1253.28,1251.02,1247.71,-0.93809364,-0.79877201,4.20558657,0.13932163,5.00435858,E20>E50>E100>E200,UP,-0.59113115,-0.63420897,0.04307783,64.49592987,68.29178568,-73.03445230,5.52404744,0.28254860,0,2014.01.21 05:00:00,1,1,49.78895266,1.38,0.11017011,26.38030074,17.51557134,18.87319436,1.35762302,-48.03239506,1253.82,1251.11,1247.75,1242.51,-0.05472877,1.90521650,8.12941679,1.95994527,6.22420028,E20>E50>E100>E200,UP,0.49831953,1.23937864,-0.74105911,44.73728958,32.85287345,-58.06556842,4.14229389,0.31968152,0,2014.01.21 00:00:00,1,0,,,,,,,,,,,,,,,,,,,,,,,,,,,,,5,3,1,0,2,2,2,1
68,XAUUSD|PERIOD_M1|SELL|1390308300|1390308660|1390309200|1390309320|MARKET_EDGE_MFE_ATR_12_V1,XAUUSD,PERIOD_M1,SELL,BID_OHLC,2014.01.21 12:45:00,2014.01.21 12:51:00,2014.01.21 13:00:00,2014.01.21 13:02:00,2014.01.21 13:02:00,2014.01.21 13:03:00,2014.01.21 13:02:00,1244.04,0.45,4,PERIOD_M1,1,1,12,12,1,2.93,0.00,6.51860078,0.00000000,MARKET_EDGE_MFE_ATR_12_V1,1.0,1,1,0,60,,0,,NOT_EXECUTED_OR_UNRESOLVED,0,,0,,NOT_APPLICABLE_NON_EXECUTED,0,,,,5d926eed3daf312d7810863a3786293984c991b1,34c7e44e89019e46fb4b93a3ac7e556c392839a536990c8508c8c4378fe5fdce,V923_PASSIVE_MARKET_EDGE_V1,V924_MARKET_EDGE_SCHEMA_V2,MARKET_EDGE_FEATURE_SNAPSHOT_T0_V2,2014.01.21 13:03:00,0,H4,,2014,1,2,13,2,OVERLAP,6,9,15,6,9,15,1.50000000,1,1244.56,1244.66,1244.80,0.10,0.15,1.49484536,0.24,0.53747918,-0.76,-1.69017213,1,1,65.85267170,55.15817349,52.61809394,-10.69449821,-2.54007955,0.23751274,13.23457777,-1.78241637,-0.28223106,1,1,1244.08,1244.25,1243.88,1244.04,0.37,0.04,0.11232877,0.43835616,0.44931507,0.43835616,1,0.45,0.03619251,33,0.33,0.72848418,1,1,2014.01.21 13:02:00,1,1,45.68270933,0.45,0.03619251,13.03319865,20.84403720,19.96757866,0.87645853,-76.70488835,1244.21,1244.55,1245.40,1246.69,-0.36852280,-1.13308353,-5.88616146,-0.76456073,-4.75307793,E200>E100>E50>E20,DOWN,-0.06821077,-0.05298013,-0.01523064,26.24953721,31.19128231,-77.65306122,1.82997558,0.27777683,1,2014.01.21 12:55:00,1,1,38.15493347,0.77,0.06170567,41.07716856,9.27613355,18.18805452,8.91192097,-41.80483610,1245.43,1247.23,1249.05,1250.87,-1.58741334,-3.92995749,-8.67081157,-2.34254414,-4.74085409,E200>E100>E50>E20,DOWN,-1.09517342,-1.16927930,0.07410588,46.88731284,60.86441752,-65.23040096,9.88896300,0.29200504,0,2014.01.21 12:45:00,1,1,21.32603923,1.77,0.14239925,49.07437684,4.93852444,29.30886941,24.37034497,-128.50807175,1247.66,1250.15,1251.40,1250.52,-1.94295201,-3.34944633,-3.55886157,-1.40649432,-0.20941524,MIXED,RANGE,-1.86195024,-1.47128282,-0.39066743,29.02160377,24.14057809,-73.19698601,4.59878035,0.05613043,0,2014.01.21 12:30:00,1,1,25.19114862,2.40,0.19301358,32.83056286,9.39507464,27.84569159,18.45061695,-133.76965517,1249.40,1251.33,1250.48,1247.84,-2.15983202,-2.96315454,-1.50889304,-0.80332252,1.45426151,MIXED,RANGE,-2.17494812,-1.50427250,-0.67067562,25.56161949,31.21983439,-85.34432019,4.88441835,-0.00682311,0,2014.01.21 12:00:00,1,1,18.34648070,2.88,0.23179311,36.25072163,8.22110903,37.27171703,29.05060800,-175.20847191,1251.03,1250.51,1247.88,1242.94,-2.36525921,-2.18179262,0.44165033,0.18346659,2.62344295,E20>E50>E100>E200,UP,-1.54207589,-0.24605425,-1.29602164,12.38269627,11.83634615,-86.82539683,4.74366986,-0.10562496,0,2014.01.21 08:00:00,1,0,,,,,,,,,,,,,,,,,,,,,,,,,,,,,5,4,4,1,1,2,1,1
69,XAUUSD|PERIOD_M1|SELL|1390320840|1390321380|1390321980|1390322100|MARKET_EDGE_MFE_ATR_12_V1,XAUUSD,PERIOD_M1,SELL,BID_OHLC,2014.01.21 16:14:00,2014.01.21 16:23:00,2014.01.21 16:33:00,2014.01.21 16:35:00,2014.01.21 16:35:00,2014.01.21 16:36:02,2014.01.21 16:35:00,1240.77,0.49,4,PERIOD_M1,1,1,12,12,1,0.31,0.77,0.62976130,1.56221432,MARKET_EDGE_MFE_ATR_12_V1,1.0,0,,0,60,,0,,EXECUTED,1,19,1,19,MATCHED_FINALIZED,1,0,0,2.48,5d926eed3daf312d7810863a3786293984c991b1,34c7e44e89019e46fb4b93a3ac7e556c392839a536990c8508c8c4378fe5fdce,V923_PASSIVE_MARKET_EDGE_V1,V924_MARKET_EDGE_SCHEMA_V2,MARKET_EDGE_FEATURE_SNAPSHOT_T0_V2,2014.01.21 16:36:02,0,H4,,2014,1,2,16,35,OVERLAP,9,10,19,9,10,19,1.11111111,1,1241.50,1241.60,1241.84,0.10,0.24,2.39000000,0.34,0.68867445,-1.07,-2.17166074,1,1,69.32049343,62.14491619,57.97394367,-7.17557723,-4.17097253,0.58127345,11.34654976,-0.79728636,-0.41709725,1,1,1240.82,1240.82,1240.42,1240.77,0.40,0.05,0.12468828,0.87281796,0.00249377,0.87281796,1,0.49,0.03967285,34,0.34,0.68867445,1,1,2014.01.21 16:35:00,1,1,46.69830775,0.49,0.03967285,24.46931899,24.75453274,30.64787456,5.89334182,-75.81354441,1240.94,1240.72,1240.39,1240.74,-0.34781986,0.11538825,0.06921349,0.46320811,-0.04617475,MIXED,RANGE,0.05471436,0.07491531,-0.02020095,33.90705680,57.83767621,-60.77316657,2.65033062,0.28277287,0,2014.01.21 16:30:00,1,1,52.77642524,0.91,0.07351975,25.93283722,22.58091733,17.39042363,5.19049370,85.89540412,1240.40,1241.20,1243.67,1246.95,0.46457178,-0.40963844,-6.71805137,-0.87421022,-6.30841293,E200>E100>E50>E20,DOWN,0.23985917,0.13881862,0.10104055,63.71160274,74.82082450,-40.74370252,3.30229020,0.68301988,0,2014.01.21 16:15:00,1,1,47.57066429,1.64,0.13218313,41.01718461,11.87951219,20.23877042,8.35925822,69.40415203,1241.77,1245.65,1248.52,1249.09,-0.65119215,-3.01720197,-5.11349956,-2.36600982,-2.09629759,E200>E100>E50>E20,DOWN,-2.01490986,-2.77445330,0.75954344,82.25608509,81.42622786,-44.61371055,7.41737706,0.44999383,0,2014.01.21 16:00:00,1,1,35.10071082,2.71,0.21846485,39.86845674,11.93799558,21.31187465,9.37387907,-46.13807746,1244.49,1248.45,1249.05,1247.27,-1.39715591,-2.85766006,-2.42336982,-1.46050415,0.43429024,MIXED,RANGE,-3.42968130,-3.10372020,-0.32596110,69.95271868,54.09278613,-61.90119760,7.53158258,0.26149626,0,2014.01.21 15:00:00,1,1,21.92468268,5.56,0.44809055,46.74505033,8.40886497,31.98706681,23.57820184,-122.44742968,1248.18,1249.31,1247.42,1242.85,-1.29297178,-1.49736266,-0.33503033,-0.20439088,1.16233233,MIXED,RANGE,-3.03525117,-1.30689026,-1.72836091,31.66260673,24.06574988,-71.33333333,3.81770033,0.06942717,0,2014.01.21 12:00:00,1,0,,,,,,,,,,,,,,,,,,,,,,,,,,,,,5,4,4,0,0,2,0,1
70,XAUUSD|PERIOD_M1|BUY|1390340760|1390341240|1390345200|1390345320|MARKET_EDGE_MFE_ATR_12_V1,XAUUSD,PERIOD_M1,BUY,BID_OHLC,2014.01.21 21:46:00,2014.01.21 21:54:00,2014.01.21 23:00:00,2014.01.21 23:02:00,2014.01.21 23:02:00,2014.01.21 23:03:00,2014.01.21 23:02:00,1241.64,0.32,4,PERIOD_M1,1,1,12,12,1,0.80,0.00,2.51968504,0.00000000,MARKET_EDGE_MFE_ATR_12_V1,1.0,1,2,0,60,,0,,NOT_EXECUTED_OR_UNRESOLVED,0,,0,,NOT_APPLICABLE_NON_EXECUTED,0,,,,5d926eed3daf312d7810863a3786293984c991b1,34c7e44e89019e46fb4b93a3ac7e556c392839a536990c8508c8c4378fe5fdce,V923_PASSIVE_MARKET_EDGE_V1,V924_MARKET_EDGE_SCHEMA_V2,MARKET_EDGE_FEATURE_SNAPSHOT_T0_V2,2014.01.21 23:03:00,0,H4,,2014,1,2,23,2,ASIA,8,6,14,8,66,74,0.75000000,1,1241.32,1241.07,1240.67,-0.25,-0.40,1.57539683,0.65,2.04409449,0.97,3.05511811,1,1,16.89995379,24.62714565,50.28728196,7.72719186,25.66013631,3.32075828,33.38732817,0.96589898,4.27668939,1,1,1241.64,1241.74,1241.64,1241.64,0.10,0.00,0.00000000,0.00000000,1.00000000,0.00000000,1,0.32,0.02557098,61,0.61,1.90551181,1,1,2014.01.21 23:02:00,1,1,56.33725088,0.32,0.02557098,32.49471013,31.70871937,17.98839263,13.72032674,238.53694129,1241.38,1241.48,1241.67,1241.84,0.81476716,0.50801817,-0.60896418,-0.30674899,-1.11698235,E200>E100>E50>E20,DOWN,-0.01489392,-0.08550181,0.07060789,96.40697261,93.22123546,-9.43043884,1.76498227,1.06639948,1,2014.01.21 21:55:00,1,1,36.50688506,0.19,0.01554931,26.17378514,13.21498233,40.00772661,26.79274428,-117.78711485,1241.64,1241.84,1242.43,1244.58,-2.18898570,-3.25047546,-17.43858566,-1.06148975,-14.18811020,E200>E100>E50>E20,DOWN,-0.24824789,-0.22353403,-0.02471387,8.08572820,13.73410254,-80.91872792,8.84861140,0.25394986,0,2014.01.21 21:45:00,1,1,40.21910115,0.53,0.04276059,25.32368981,8.73771636,26.65113516,17.91341880,-102.94677871,1241.82,1243.46,1246.17,1247.67,-1.14849671,-4.22965244,-12.17479014,-3.08115573,-7.94513771,E200>E100>E50>E20,DOWN,-0.31468331,-0.22626342,-0.08841989,43.98268398,38.19802822,-82.81690141,5.06796303,0.21258315,0,2014.01.21 21:30:00,1,1,38.46603722,1.25,0.10064751,17.32710332,15.24110936,19.49690166,4.25579230,-25.81021255,1242.78,1246.14,1247.65,1246.72,-1.25666140,-3.94572455,-4.40889792,-2.68906316,-0.46317336,MIXED,RANGE,-1.62788599,-2.09594426,0.46805828,21.01408451,29.85432343,-48.52285856,5.58072458,0.48394227,0,2014.01.21 21:00:00,1,1,28.62824137,1.88,0.15130360,33.84649553,11.83292707,18.73891910,6.90599202,-45.23785539,1245.26,1247.70,1246.78,1242.79,-2.15722067,-3.45382324,-0.83822929,-1.29660257,2.61559396,MIXED,RANGE,-3.04564620,-2.98238530,-0.06326089,48.63924698,65.15548883,-67.88622548,10.98754022,0.25847848,0,2014.01.21 16:00:00,1,0,,,,,,,,,,,,,,,,,,,,,,,,,,,,,5,0,1,1,0,3,3,1
71,XAUUSD|PERIOD_M1|BUY|1390351140|1390351560|1390351860|1390351980|MARKET_EDGE_MFE_ATR_12_V1,XAUUSD,PERIOD_M1,BUY,BID_OHLC,2014.01.22 00:39:00,2014.01.22 00:46:00,2014.01.22 00:51:00,2014.01.22 00:53:00,2014.01.22 00:53:00,2014.01.22 00:54:01,2014.01.22 00:53:00,1242.72,0.19,4,PERIOD_M1,1,1,12,12,1,0.65,1.21,3.48993289,6.49664430,MARKET_EDGE_MFE_ATR_12_V1,1.0,1,1,0,60,,0,,EXECUTED,1,20,1,20,MATCHED_FINALIZED,1,0,0,2.13,5d926eed3daf312d7810863a3786293984c991b1,34c7e44e89019e46fb4b93a3ac7e556c392839a536990c8508c8c4378fe5fdce,V923_PASSIVE_MARKET_EDGE_V1,V924_MARKET_EDGE_SCHEMA_V2,MARKET_EDGE_FEATURE_SNAPSHOT_T0_V2,2014.01.22 00:54:01,0,H4,,2014,1,3,0,53,ASIA,7,5,12,7,5,12,0.71428571,1,1242.84,1242.59,1242.54,-0.25,-0.05,0.20000000,0.30,1.61073826,0.18,0.96644295,1,1,27.16019209,35.01892179,39.81932474,7.85872970,4.80040295,0.61083701,12.65913265,1.12267567,0.96008059,1,1,1242.69,1242.80,1242.69,1242.72,0.11,0.03,0.27272727,0.27272727,0.72727273,0.00000000,1,0.19,0.01498725,33,0.33,1.77181208,1,1,2014.01.22 00:53:00,1,1,47.37052884,0.19,0.01498725,19.58568940,23.08010191,18.66999127,4.41011064,-41.30773471,1242.82,1242.80,1242.62,1242.38,-0.51989852,-0.42460389,1.81492117,0.09529463,2.23952506,E20>E50>E100>E200,UP,-0.07128887,-0.03936532,-0.03192355,28.14814815,23.29575953,-70.49180328,5.40138669,0.30626402,0,2014.01.22 00:45:00,1,1,51.76119225,0.48,0.03872357,19.21220585,15.73042127,15.07712395,0.65329732,4.10295617,1242.64,1242.32,1242.50,1244.19,0.29771820,0.95607081,-2.92126153,0.65835261,-3.87733234,MIXED,RANGE,0.26006960,0.26867981,-0.00861022,49.13922156,61.57532348,-46.90681284,3.56805929,0.59114053,0,2014.01.22 00:30:00,1,1,66.04162667,0.81,0.06487693,18.89414116,16.00211390,11.07164420,4.93046970,118.38870139,1242.23,1243.25,1245.70,1247.33,1.10579682,-0.15264130,-5.21582122,-1.25843812,-5.06317992,E200>E100>E50>E20,DOWN,0.10939937,-0.13084133,0.24024071,74.15609930,79.32268042,-9.31989924,3.55356759,0.82364461,0,2014.01.22 00:00:00,1,1,58.92722433,1.16,0.09363899,17.83045460,22.08204990,12.69176087,9.39028903,96.83824116,1242.77,1245.75,1247.36,1246.60,0.03200392,-2.53477124,-3.26304994,-2.56677516,-0.72827870,MIXED,RANGE,-1.14305132,-1.66513956,0.52208824,81.25162296,57.75873484,-35.56728232,5.07133344,0.74267320,0,2014.01.21 23:00:00,1,1,47.54164884,2.05,0.16491500,29.73701296,17.25371958,16.24039655,1.01332303,-17.19733806,1245.04,1247.51,1246.70,1242.79,-1.03784893,-2.24348471,0.06076527,-1.20563578,2.30424998,MIXED,RANGE,-2.84760083,-3.04199909,0.19439827,40.25674786,52.90778210,-48.04270463,9.70885591,0.35974382,0,2014.01.21 20:00:00,1,0,,,,,,,,,,,,,,,,,,,,,,,,,,,,,5,2,5,0,1,1,1,1
72,XAUUSD|PERIOD_M1|SELL|1390359300|1390359840|1390360320|1390360440|MARKET_EDGE_MFE_ATR_12_V1,XAUUSD,PERIOD_M1,SELL,BID_OHLC,2014.01.22 02:55:00,2014.01.22 03:04:00,2014.01.22 03:12:00,2014.01.22 03:14:00,2014.01.22 03:14:00,2014.01.22 03:15:00,2014.01.22 03:14:00,1242.41,0.15,4,PERIOD_M1,1,1,12,12,1,0.16,0.79,1.05546218,5.27731092,MARKET_EDGE_MFE_ATR_12_V1,1.0,1,4,0,60,,0,,NOT_EXECUTED_OR_UNRESOLVED,0,,0,,NOT_APPLICABLE_NON_EXECUTED,0,,,,5d926eed3daf312d7810863a3786293984c991b1,34c7e44e89019e46fb4b93a3ac7e556c392839a536990c8508c8c4378fe5fdce,V923_PASSIVE_MARKET_EDGE_V1,V924_MARKET_EDGE_SCHEMA_V2,MARKET_EDGE_FEATURE_SNAPSHOT_T0_V2,2014.01.22 03:15:00,0,H4,,2014,1,3,3,14,ASIA,9,8,17,9,8,17,0.88888889,1,1242.45,1242.62,1242.67,0.17,0.04,0.25294118,0.21,1.43193277,-0.26,-1.74117647,1,1,64.12613353,56.39820320,55.64980312,-7.72793033,-0.74840008,0.09684353,8.47633042,-0.85865893,-0.09355001,1,1,1242.46,1242.49,1242.38,1242.41,0.11,0.06,0.50877193,0.25438596,0.23684211,0.25438596,1,0.15,0.01197273,29,0.29,1.92268908,1,1,2014.01.22 03:14:00,1,1,38.30694811,0.15,0.01197273,27.37814355,13.52457000,14.98341866,1.45884866,-94.53088165,1242.44,1242.38,1242.34,1242.29,-0.20882465,0.16892853,0.78599078,0.37775318,0.61706226,E20>E50>E100>E200,UP,0.06847758,0.07854280,-0.01006522,27.01986755,36.47598677,-73.37110482,5.78154637,0.50162790,0,2014.01.22 03:10:00,1,1,52.25900899,0.46,0.03734686,18.84989865,19.30983757,11.92481295,7.38502462,-8.50924359,1242.33,1242.28,1242.38,1243.69,0.15608633,0.28240398,-2.77005625,0.12631765,-3.05246023,MIXED,RANGE,0.03138109,0.05414396,-0.02276287,75.24140595,55.89176096,-53.42087077,3.80858605,0.55211682,0,2014.01.22 03:00:00,1,1,53.16953278,0.80,0.06433077,16.48546193,16.23911599,14.78095972,1.45815627,-11.95015444,1242.23,1242.91,1245.07,1246.84,0.22328775,-0.62778779,-5.55080787,-0.85107554,-4.92302008,E200>E100>E50>E20,DOWN,0.01564924,0.02172262,-0.00607337,43.04277206,55.94585789,-39.97539975,3.03780692,0.57512457,0,2014.01.22 02:30:00,1,1,47.31019871,1.43,0.11528483,17.28089038,22.06121123,15.18653000,6.87468123,-2.52091537,1242.55,1245.11,1246.88,1246.39,-0.43475124,-2.22825632,-3.11866000,-1.79350508,-0.89040368,MIXED,RANGE,-0.80201501,-1.11867949,0.31666448,50.17083504,50.51183749,-62.78873239,1.81533678,0.43455448,1,2014.01.22 02:00:00,1,1,38.60179467,1.80,0.14487601,23.97447423,13.65169495,17.88873314,4.23703819,36.51367359,1244.34,1246.93,1246.45,1242.78,-1.34376938,-2.78249355,-0.47383168,-1.43872417,2.30866187,MIXED,RANGE,-2.43487382,-2.88925320,0.45437937,58.54629937,58.66403478,-44.54305800,8.91053193,0.36278928,0,2014.01.21 20:00:00,1,0,,,,,,,,,,,,,,,,,,,,,,,,,,,,,5,4,2,1,1,1,1,1
73,XAUUSD|PERIOD_M1|BUY|1390366140|1390366380|1390367940|1390368060|MARKET_EDGE_MFE_ATR_12_V1,XAUUSD,PERIOD_M1,BUY,BID_OHLC,2014.01.22 04:49:00,2014.01.22 04:53:00,2014.01.22 05:19:00,2014.01.22 05:21:00,2014.01.22 05:21:00,2014.01.22 05:22:01,2014.01.22 05:21:00,1242.17,0.18,4,PERIOD_M1,1,1,12,12,1,0.53,0.00,2.92520776,0.00000000,MARKET_EDGE_MFE_ATR_12_V1,1.0,1,1,0,60,,0,,EXECUTED,1,21,1,21,MATCHED_FINALIZED,1,0,0,2.02,5d926eed3daf312d7810863a3786293984c991b1,34c7e44e89019e46fb4b93a3ac7e556c392839a536990c8508c8c4378fe5fdce,V923_PASSIVE_MARKET_EDGE_V1,V924_MARKET_EDGE_SCHEMA_V2,MARKET_EDGE_FEATURE_SNAPSHOT_T0_V2,2014.01.22 05:22:01,0,H4,,2014,1,3,5,21,ASIA,4,26,30,4,26,30,6.50000000,1,1242.68,1242.58,1241.98,-0.10,-0.60,6.06060606,0.70,3.87257618,0.19,1.05817175,1,1,23.65448678,29.27542160,37.17056096,5.62093482,7.89513936,1.40459543,13.51607418,1.40523370,0.30365921,1,1,1242.25,1242.25,1242.17,1242.17,0.08,0.08,1.00000000,0.00000000,0.00000000,0.00000000,1,0.18,0.01453098,31,0.31,1.72853186,1,1,2014.01.22 05:21:00,1,1,41.13108875,0.18,0.01453098,18.44280546,15.81124806,17.88819767,2.07694961,-51.08660604,1242.36,1242.60,1242.73,1242.69,-1.00909440,-2.35240867,-2.86298496,-1.34331427,-0.51057629,MIXED,RANGE,-0.15299968,-0.14591490,-0.00708478,58.94428152,39.65553222,-69.14378029,4.18571066,0.24540740,0,2014.01.22 05:15:00,1,1,22.59952185,0.41,0.03280671,25.22377382,12.15031779,29.09706821,16.94675043,-170.69157044,1242.71,1242.64,1242.58,1243.51,-1.43853088,-1.25723265,-3.41213684,0.18129824,-2.15490419,MIXED,RANGE,-0.09250515,0.06405627,-0.15656142,8.56017192,5.50088822,-89.81949458,3.53446700,-0.05044268,0,2014.01.22 05:00:00,1,1,36.96841031,0.56,0.04499791,19.72088557,15.64268742,20.03720550,4.39451808,-27.70167428,1242.58,1242.91,1244.75,1246.54,-0.53859484,-1.12224121,-7.62406585,-0.58364637,-6.50182464,E200>E100>E50>E20,DOWN,0.14100181,0.15338742,-0.01238561,10.24967148,34.61024185,-52.68151815,4.13984285,0.37146592,0,2014.01.22 04:30:00,1,1,48.91842725,0.90,0.07222904,20.80927357,18.32460341,13.63237879,4.69222462,51.76507810,1242.69,1244.80,1246.58,1246.26,-0.12413820,-2.47804583,-4.10114440,-2.35390763,-1.62309857,MIXED,RANGE,-0.43037628,-0.74080421,0.31042793,71.93675889,76.26554288,-34.03812825,2.81782125,0.58068424,0,2014.01.22 04:00:00,1,1,47.04337960,1.59,0.12775889,18.49510526,12.92006243,13.43642623,0.51636379,85.02698134,1244.08,1246.62,1246.31,1242.78,-0.95001056,-2.54963913,-0.12889702,-1.59962857,2.42074210,MIXED,RANGE,-2.08301631,-2.66090882,0.57789252,67.06054331,62.89832420,-18.47775176,6.83082448,0.44988442,0,2014.01.22 00:00:00,1,0,,,,,,,,,,,,,,,,,,,,,,,,,,,,,5,0,1,0,0,1,1,1
74,XAUUSD|PERIOD_M1|SELL|1390376160|1390376520|1390376760|1390376880|MARKET_EDGE_MFE_ATR_12_V1,XAUUSD,PERIOD_M1,SELL,BID_OHLC,2014.01.22 07:36:00,2014.01.22 07:42:00,2014.01.22 07:46:00,2014.01.22 07:48:00,2014.01.22 07:48:00,2014.01.22 07:49:05,2014.01.22 07:48:00,1241.54,0.34,4,PERIOD_M1,1,1,12,12,1,1.90,0.03,5.58823529,0.08823529,MARKET_EDGE_MFE_ATR_12_V1,1.0,1,2,0,60,,0,,EXECUTED,1,22,1,22,MATCHED_FINALIZED,1,0,0,2.00,5d926eed3daf312d7810863a3786293984c991b1,34c7e44e89019e46fb4b93a3ac7e556c392839a536990c8508c8c4378fe5fdce,V923_PASSIVE_MARKET_EDGE_V1,V924_MARKET_EDGE_SCHEMA_V2,MARKET_EDGE_FEATURE_SNAPSHOT_T0_V2,2014.01.22 07:49:05,0,H4,,2014,1,3,7,48,LONDON,6,4,10,6,4,10,0.66666667,1,1241.57,1241.65,1241.94,0.08,0.29,3.62500000,0.37,1.08823529,-0.40,-1.17647059,1,1,81.43173027,67.66497520,58.24079305,-13.76675507,-9.42418215,0.68456089,23.19093721,-2.29445918,-2.35604554,1,1,1241.78,1241.88,1241.54,1241.54,0.34,0.24,0.70882353,0.00000000,0.29117647,0.00000000,1,0.34,0.02738528,33,0.33,0.98235294,1,1,2014.01.22 07:48:00,1,1,58.87543804,0.34,0.02738528,32.34631649,36.34887906,13.07904358,23.26983548,87.53742195,1241.15,1240.76,1240.77,1241.18,1.16906846,2.29150112,1.07493260,1.12243266,-1.21656852,MIXED,RANGE,0.32448161,0.27331770,0.05116391,43.28358209,65.33727438,-32.52032520,5.01420332,0.77366379,0,2014.01.22 07:40:00,1,1,70.78248775,0.78,0.06262066,24.21938077,26.10070384,12.89033253,13.21037131,182.80703857,1240.71,1241.32,1241.79,1242.84,1.15028064,0.36498307,-1.59487089,-0.78529756,-1.95985397,E200>E100>E50>E20,DOWN,-0.22156448,-0.48565011,0.26408563,83.41023951,68.03098881,-2.09205021,2.86013364,1.08050488,0,2014.01.22 07:30:00,1,1,52.88880283,1.13,0.09107178,31.70559682,15.73698193,17.61834080,1.88135887,-22.38675333,1241.45,1242.24,1244.05,1246.01,0.13165971,-0.55900162,-3.89386900,-0.69066133,-3.33486739,E200>E100>E50>E20,DOWN,-0.50634578,-0.33376656,-0.17257922,58.45959596,39.77578876,-42.99634592,4.21659733,0.44821639,0,2014.01.22 07:00:00,1,1,28.65871187,1.54,0.12422718,24.36852536,13.34126280,22.07248911,8.73122630,-146.22517438,1242.04,1244.13,1246.06,1246.01,-1.14896413,-2.50716529,-3.72469319,-1.35820116,-1.21752790,MIXED,RANGE,-0.72607365,-0.53825746,-0.18781619,26.09741930,25.76148078,-76.59524918,2.45123274,0.02648276,0,2014.01.22 06:00:00,1,1,31.60248662,1.79,0.14390032,23.45439737,9.70440245,27.52560416,17.82120171,-162.16784676,1243.57,1246.21,1246.12,1242.75,-1.75047819,-3.23152238,-1.29288348,-1.48104419,1.93863890,MIXED,RANGE,-2.02611529,-2.42391250,0.39779721,41.80844360,58.57077492,-75.88957055,4.56419995,0.26151628,0,2014.01.22 00:00:00,1,0,,,,,,,,,,,,,,,,,,,,,,,,,,,,,5,4,3,0,0,2,0,1
75,XAUUSD|PERIOD_M1|SELL|1390387140|1390387680|1390387920|1390388040|MARKET_EDGE_MFE_ATR_12_V1,XAUUSD,PERIOD_M1,SELL,BID_OHLC,2014.01.22 10:39:00,2014.01.22 10:48:00,2014.01.22 10:52:00,2014.01.22 10:54:00,2014.01.22 10:54:00,2014.01.22 10:55:08,2014.01.22 10:54:00,1240.05,0.16,4,PERIOD_M1,1,1,12,12,1,0.27,0.37,1.70625000,2.31250000,MARKET_EDGE_MFE_ATR_12_V1,1.0,1,1,0,60,,0,,EXECUTED,1,23,1,23,MATCHED_FINALIZED,1,0,0,2.02,5d926eed3daf312d7810863a3786293984c991b1,34c7e44e89019e46fb4b93a3ac7e556c392839a536990c8508c8c4378fe5fdce,V923_PASSIVE_MARKET_EDGE_V1,V924_MARKET_EDGE_SCHEMA_V2,MARKET_EDGE_FEATURE_SNAPSHOT_T0_V2,2014.01.22 10:55:08,0,H4,,2014,1,3,10,54,LONDON,9,4,13,9,4,13,0.44444444,1,1239.79,1240.06,1240.17,0.27,0.11,0.41263941,0.38,2.37500000,-0.12,-0.75000000,1,1,72.09079597,69.01687117,62.12794587,-3.07392480,-6.88892530,2.24108452,9.96285010,-0.34154720,-1.72223132,1,1,1240.07,1240.07,1240.01,1240.05,0.06,0.02,0.33333333,0.66666667,0.00000000,0.66666667,1,0.16,0.01290267,27,0.27,1.71250000,1,1,2014.01.22 10:54:00,1,1,63.90954131,0.16,0.01290267,47.41480662,25.78652628,9.65229807,16.13422821,93.78021875,1239.76,1239.56,1239.54,1239.81,1.80361532,3.09465861,1.53117938,1.29104328,-1.56347923,MIXED,RANGE,0.18904975,0.15852810,0.03052165,66.44295302,72.61008182,-15.38461538,5.73216037,0.85348802,0,2014.01.22 10:50:00,1,1,69.89892555,0.38,0.03092610,19.26417925,23.13981466,8.97702232,14.16279234,192.15866654,1239.59,1239.98,1240.66,1241.84,1.20790213,0.17854959,-4.67044684,-1.02935255,-4.84899643,E200>E100>E50>E20,DOWN,-0.03829013,-0.17915659,0.14086645,87.42121129,85.26400935,-7.94701987,3.11532573,0.95491548,0,2014.01.22 10:30:00,1,1,51.36027064,0.73,0.05850427,29.37028227,12.02709561,17.59701015,5.56991454,-43.68824903,1240.11,1241.22,1243.10,1245.28,-0.62607757,-2.16652844,-7.76346834,-1.54045087,-5.59693990,E200>E100>E50>E20,DOWN,-0.67023525,-0.69582545,0.02559020,51.03504817,52.51645662,-57.65357503,5.01927670,0.40015742,0,2014.01.22 10:00:00,1,1,37.46347282,1.80,0.14523331,23.13798057,9.32618589,21.38052352,12.05433763,-91.26468641,1240.92,1243.16,1245.33,1245.63,-0.94893804,-2.19531942,-3.56817537,-1.24638137,-1.37285595,E200>E100>E50>E20,DOWN,-1.03964367,-0.82968906,-0.20995461,39.21757395,34.96400799,-77.76584318,3.33723930,0.14672318,0,2014.01.22 09:00:00,1,1,33.15121251,2.75,0.22206793,34.39286027,6.31720657,23.46693945,17.14973287,-157.75137329,1242.42,1245.41,1245.71,1242.64,-1.10563982,-2.19374173,-1.18822429,-1.08810191,1.00551743,MIXED,RANGE,-2.22729742,-2.20165446,-0.02564296,14.92368193,18.76100648,-77.32125526,2.08572010,0.16140127,0,2014.01.22 04:00:00,1,0,,,,,,,,,,,,,,,,,,,,,,,,,,,,,5,4,3,0,0,3,0,1
76,XAUUSD|PERIOD_M1|SELL|1390405500|1390406580|1390407000|1390407120|MARKET_EDGE_MFE_ATR_12_V1,XAUUSD,PERIOD_M1,SELL,BID_OHLC,2014.01.22 15:45:00,2014.01.22 16:03:00,2014.01.22 16:10:00,2014.01.22 16:12:00,2014.01.22 16:12:00,2014.01.22 16:13:00,2014.01.22 16:12:00,1241.05,0.21,4,PERIOD_M1,1,1,12,12,1,0.55,0.16,2.59128386,0.76796231,MARKET_EDGE_MFE_ATR_12_V1,1.0,1,6,0,60,,0,,NOT_EXECUTED_OR_UNRESOLVED,0,,0,,NOT_APPLICABLE_NON_EXECUTED,0,,,,5d926eed3daf312d7810863a3786293984c991b1,34c7e44e89019e46fb4b93a3ac7e556c392839a536990c8508c8c4378fe5fdce,V923_PASSIVE_MARKET_EDGE_V1,V924_MARKET_EDGE_SCHEMA_V2,MARKET_EDGE_FEATURE_SNAPSHOT_T0_V2,2014.01.22 16:13:00,0,H4,,2014,1,3,16,12,OVERLAP,18,7,25,18,7,25,0.38888889,1,1239.99,1240.68,1241.16,0.68,0.49,0.71052632,1.17,5.51236749,-0.11,-0.51825677,1,1,77.21695803,68.42505809,66.41709589,-8.79189994,-2.00796220,0.22838774,10.79986214,-0.48843889,-0.28685174,1,1,1241.05,1241.16,1241.05,1241.05,0.11,0.00,0.00000000,0.00000000,1.00000000,0.00000000,1,0.21,0.01710241,35,0.35,1.63015312,1,1,2014.01.22 16:12:00,1,1,68.87216980,0.21,0.01710241,46.63278341,24.42992669,4.97886620,19.45106049,133.76943120,1240.56,1240.22,1240.28,1240.47,2.34100984,3.91709763,2.76555924,1.57608779,-1.15153838,MIXED,RANGE,0.31850020,0.29158946,0.02691074,77.02552719,76.00745165,-11.11111111,5.51680934,0.91825272,0,2014.01.22 16:05:00,1,1,64.12854844,0.60,0.04827324,28.95305241,27.32846524,10.27309137,17.05537387,82.50090351,1240.27,1240.52,1240.69,1241.34,0.97483460,0.55575582,-0.81243039,-0.41907879,-1.36818621,E200>E100>E50>E20,DOWN,-0.16826706,-0.38275441,0.21448735,91.93265521,90.31074476,-22.09085252,5.91859771,0.65382597,0,2014.01.22 15:45:00,1,1,50.97538733,1.54,0.12392450,19.91921905,21.69956990,20.32859270,1.37097721,-68.26951650,1240.54,1240.94,1242.30,1244.43,-0.04249722,-0.30287622,-2.57335114,-0.26037900,-2.27047492,E200>E100>E50>E20,DOWN,-0.16192180,0.03088257,-0.19280437,32.27704844,30.36213895,-55.41561713,2.17028871,0.39663626,0,2014.01.22 15:30:00,1,1,51.67169830,2.19,0.17672694,16.21645650,16.43777515,17.31046476,0.87268961,-49.91728999,1240.70,1242.26,1244.40,1245.11,-0.10336981,-0.81526233,-2.11715570,-0.71189252,-1.30189336,E200>E100>E50>E20,DOWN,-0.42384855,-0.49906358,0.07521504,31.75494071,30.84156751,-52.08127836,1.82173991,0.54428214,1,2014.01.22 15:00:00,1,1,43.41641374,2.95,0.23811482,22.37854316,12.41714894,16.82579790,4.40864896,-60.39092888,1241.65,1244.41,1245.14,1242.53,-0.39882264,-1.33193215,-0.69645566,-0.93310951,0.63547650,MIXED,RANGE,-1.49499088,-1.92544625,0.43045537,51.90086116,54.88746133,-55.20945220,1.78382170,0.35189686,1,2014.01.22 12:00:00,1,0,,,,,,,,,,,,,,,,,,,,,,,,,,,,,5,4,2,2,0,3,0,1
77,XAUUSD|PERIOD_M1|SELL|1390406580|1390407000|1390407360|1390407480|MARKET_EDGE_MFE_ATR_12_V1,XAUUSD,PERIOD_M1,SELL,BID_OHLC,2014.01.22 16:03:00,2014.01.22 16:10:00,2014.01.22 16:16:00,2014.01.22 16:18:00,2014.01.22 16:18:00,2014.01.22 16:19:00,2014.01.22 16:18:00,1240.79,0.22,4,PERIOD_M1,1,1,12,12,1,0.29,0.17,1.29319955,0.75808250,MARKET_EDGE_MFE_ATR_12_V1,1.0,1,1,0,60,,0,,EXECUTED,1,24,1,24,MATCHED_FINALIZED,1,0,0,2.04,5d926eed3daf312d7810863a3786293984c991b1,34c7e44e89019e46fb4b93a3ac7e556c392839a536990c8508c8c4378fe5fdce,V923_PASSIVE_MARKET_EDGE_V1,V924_MARKET_EDGE_SCHEMA_V2,MARKET_EDGE_FEATURE_SNAPSHOT_T0_V2,2014.01.22 16:19:00,0,H4,,2014,1,3,16,18,OVERLAP,7,6,13,7,6,13,0.85714286,1,1240.68,1241.16,1241.22,0.49,0.05,0.10905350,0.54,2.40356745,-0.42,-1.88628763,1,1,68.42505809,66.41709589,54.54899406,-2.00796220,-11.86810183,5.91052055,13.87606403,-0.28685174,-1.97801697,1,1,1240.94,1241.04,1240.74,1240.79,0.30,0.15,0.49832776,0.16722408,0.33444816,0.16722408,1,0.22,0.01807312,34,0.34,1.49386845,1,1,2014.01.22 16:18:00,1,1,42.37224039,0.22,0.01807312,29.95058207,16.17975326,21.27328798,5.09353472,-20.73666697,1240.74,1240.38,1240.36,1240.50,0.22844062,1.82764930,1.32358446,1.59920868,-0.50406485,MIXED,RANGE,0.24695047,0.30177646,-0.05482599,14.26188490,40.29179380,-56.85483871,4.29395373,0.50742534,0,2014.01.22 16:10:00,1,1,68.99344544,0.45,0.03637981,32.53566921,31.40396812,8.90334586,22.50062227,108.65649964,1240.35,1240.54,1240.70,1241.34,1.61098905,1.17655697,-0.58470125,-0.43443208,-1.76125822,E200>E100>E50>E20,DOWN,-0.08470671,-0.35016934,0.26546263,92.70360876,91.67462029,-3.19829424,7.89729987,0.71282349,0,2014.01.22 16:00:00,1,1,55.82387381,1.46,0.11782143,19.87213758,26.18957296,17.61811367,8.57145929,3.94188241,1240.59,1240.94,1242.27,1244.40,0.33082584,0.08831103,-2.27217792,-0.24251481,-2.36048895,E200>E100>E50>E20,DOWN,-0.09870373,-0.00020989,-0.09849384,57.97019430,38.37566298,-42.82115869,2.28652378,0.57332204,0,2014.01.22 15:30:00,1,1,51.67169830,2.19,0.17672694,16.21645650,16.43777515,17.31046476,0.87268961,-49.91728999,1240.70,1242.26,1244.40,1245.11,-0.10336981,-0.81526233,-2.11715570,-0.71189252,-1.30189336,E200>E100>E50>E20,DOWN,-0.42384855,-0.49906358,0.07521504,31.75494071,30.84156751,-52.08127836,1.82173991,0.54428214,1,2014.01.22 15:00:00,1,1,43.41641374,2.95,0.23811482,22.37854316,12.41714894,16.82579790,4.40864896,-60.39092888,1241.65,1244.41,1245.14,1242.53,-0.39882264,-1.33193215,-0.69645566,-0.93310951,0.63547650,MIXED,RANGE,-1.49499088,-1.92544625,0.43045537,51.90086116,54.88746133,-55.20945220,1.78382170,0.35189686,1,2014.01.22 12:00:00,1,0,,,,,,,,,,,,,,,,,,,,,,,,,,,,,5,4,3,2,0,3,0,1
78,XAUUSD|PERIOD_M1|BUY|1390422300|1390423080|1390423440|1390423560|MARKET_EDGE_MFE_ATR_12_V1,XAUUSD,PERIOD_M1,BUY,BID_OHLC,2014.01.22 20:25:00,2014.01.22 20:38:00,2014.01.22 20:44:00,2014.01.22 20:46:00,2014.01.22 20:46:00,2014.01.22 20:47:01,2014.01.22 20:46:00,1237.74,0.27,4,PERIOD_M1,1,1,12,12,1,0.03,1.79,0.12511500,6.59061638,MARKET_EDGE_MFE_ATR_12_V1,1.0,0,,0,60,,0,,EXECUTED,1,25,1,25,MATCHED_FINALIZED,1,0,0,4.34,5d926eed3daf312d7810863a3786293984c991b1,34c7e44e89019e46fb4b93a3ac7e556c392839a536990c8508c8c4378fe5fdce,V923_PASSIVE_MARKET_EDGE_V1,V924_MARKET_EDGE_SCHEMA_V2,MARKET_EDGE_FEATURE_SNAPSHOT_T0_V2,2014.01.22 20:47:01,0,H4,,2014,1,3,20,46,NEWYORK,13,6,19,13,6,19,0.46153846,1,1238.32,1237.47,1237.24,-0.85,-0.23,0.27337278,1.08,3.95952162,0.50,1.85096596,1,1,20.48229841,32.22527873,40.58956742,11.74298031,8.36428870,0.71227989,20.10726901,0.90330618,1.39404812,1,1,1237.71,1237.84,1237.71,1237.74,0.13,0.03,0.28000000,0.28000000,0.72000000,0.00000000,1,0.27,0.02195525,33,0.33,1.19963201,1,1,2014.01.22 20:46:00,1,1,42.44529300,0.27,0.02195525,54.16486675,13.08020141,22.59114760,9.51094619,-28.36796123,1238.01,1238.55,1238.92,1239.24,-0.96633693,-2.94697494,-5.51352905,-1.98063802,-2.56655411,E200>E100>E50>E20,DOWN,-0.32677778,-0.35731978,0.03054199,63.40721425,49.49023569,-59.88835726,5.65527384,0.32021325,0,2014.01.22 20:40:00,1,1,17.63591922,0.59,0.04750674,45.68987791,5.77007616,38.34432238,32.57424622,-161.67617444,1238.93,1239.36,1239.79,1240.52,-2.05859014,-2.79744185,-4.76213156,-0.73885171,-1.96468971,E200>E100>E50>E20,DOWN,-0.38396068,-0.13557426,-0.24838642,13.76071866,9.36437864,-82.48255600,4.51558897,-0.05747920,0,2014.01.22 20:30:00,1,1,21.03560539,0.86,0.06940186,24.98356535,9.14338966,31.75848939,22.61509973,-262.13275829,1239.45,1240.12,1241.40,1243.57,-2.01249193,-2.79903132,-6.81586715,-0.78653939,-4.01683583,E200>E100>E50>E20,DOWN,-0.44795430,-0.34231288,-0.10564142,16.51504549,32.86280231,-83.38557994,3.45787446,-0.12072559,0,2014.01.22 20:00:00,1,1,36.02608107,1.12,0.09015141,14.72711995,11.05546857,21.06278351,10.00731494,-110.86251494,1239.95,1241.42,1243.60,1244.63,-1.32323177,-2.64311207,-5.51799583,-1.31988031,-2.87488376,E200>E100>E50>E20,DOWN,-0.56268393,-0.48544596,-0.07723798,52.81557463,47.54064266,-96.66955017,3.59784552,0.08444056,0,2014.01.22 19:00:00,1,1,42.24506839,1.36,0.10961091,25.65924766,9.29107114,16.00191906,6.71084792,-56.54817699,1240.94,1243.68,1244.71,1242.41,-0.97889093,-2.99558762,-2.06041768,-2.01669669,0.93516994,MIXED,RANGE,-1.40457839,-1.60777095,0.20319256,27.81445448,28.50438041,-68.08634772,4.03228412,0.28998391,0,2014.01.22 16:00:00,1,0,,,,,,,,,,,,,,,,,,,,,,,,,,,,,5,0,0,0,0,4,4,1
79,XAUUSD|PERIOD_M1|BUY|1390519980|1390520820|1390521060|1390521180|MARKET_EDGE_MFE_ATR_12_V1,XAUUSD,PERIOD_M1,BUY,BID_OHLC,2014.01.23 23:33:00,2014.01.23 23:47:00,2014.01.23 23:51:00,2014.01.23 23:53:00,2014.01.23 23:53:00,2014.01.23 23:54:02,2014.01.23 23:53:00,1262.78,0.21,4,PERIOD_M1,1,1,12,12,1,0.00,0.67,0.00948992,3.16488731,MARKET_EDGE_MFE_ATR_12_V1,1.0,0,,0,60,,0,,NOT_EXECUTED_OR_UNRESOLVED,0,,0,,NOT_APPLICABLE_NON_EXECUTED,0,,,,5d926eed3daf312d7810863a3786293984c991b1,34c7e44e89019e46fb4b93a3ac7e556c392839a536990c8508c8c4378fe5fdce,V923_PASSIVE_MARKET_EDGE_V1,V924_MARKET_EDGE_SCHEMA_V2,MARKET_EDGE_FEATURE_SNAPSHOT_T0_V2,2014.01.23 23:54:02,0,H4,,2014,1,4,23,53,ASIA,14,4,18,14,4,18,0.28571429,1,1263.23,1262.64,1262.58,-0.59,-0.06,0.09290541,0.65,3.06998814,0.20,0.94424674,1,1,11.74727649,20.62393077,46.94329249,8.87665428,26.31936172,2.96500921,35.19601600,0.63404673,6.57984043,1,1,1262.95,1262.97,1262.76,1262.78,0.21,0.17,0.80751174,0.10328638,0.08920188,0.10328638,1,0.21,0.01668937,36,0.36,1.70818505,1,1,2014.01.23 23:53:00,1,1,36.80187225,0.21,0.01668937,41.90299503,18.32944091,29.85508918,11.52564827,-36.27537510,1263.06,1263.36,1263.37,1263.14,-1.34727702,-2.75297926,-1.69068673,-1.40570224,1.06229253,MIXED,RANGE,-0.23713180,-0.26558524,0.02845345,70.60583396,66.76471771,-78.85228480,5.33036902,0.25653728,0,2014.01.23 23:45:00,1,1,31.04025890,0.52,0.04088280,37.39658736,15.94449001,25.87193523,9.92744522,-200.08649958,1263.40,1262.91,1260.51,1255.13,-1.25712655,-0.29737426,14.76431117,0.95975228,15.06168543,E20>E50>E100>E200,UP,0.07864974,0.24314457,-0.16449484,12.22000444,18.20127473,-93.47826087,5.06745961,0.23402914,0,2014.01.23 23:30:00,1,1,43.38399999,0.93,0.07379338,22.87990540,19.69678160,22.52259554,2.82581394,-7.56357374,1262.63,1257.64,1251.70,1247.79,0.38700324,5.73247648,16.30614919,5.34547324,10.57367272,E20>E50>E100>E200,UP,1.50259694,1.93479251,-0.43219557,60.69526627,73.60985464,-54.23825888,3.13042585,0.38223023,0,2014.01.23 23:00:00,1,1,68.57376114,1.48,0.11687280,39.80542532,24.48698261,12.48396140,12.00302121,88.98103098,1259.30,1251.56,1247.69,1246.13,3.17174147,8.40585086,12.08655801,5.23410939,3.68070715,E20>E50>E100>E200,UP,4.90177161,5.74488382,-0.84311221,66.47022333,53.11637371,-11.99146325,12.22717397,0.69320593,0,2014.01.23 21:00:00,1,1,77.41873390,2.70,0.21381723,60.15341921,25.82368219,9.28883811,16.53484408,71.56672211,1253.25,1247.63,1246.13,1243.54,3.90781499,5.98867359,7.50284156,2.08085861,1.51416797,E20>E50>E100>E200,UP,6.57405003,5.05064677,1.52340325,76.45886281,80.96295586,-5.60359737,17.09344085,0.80831281,0,2014.01.23 16:00:00,1,0,,,,,,,,,,,,,,,,,,,,,,,,,,,,,5,4,2,0,4,0,0,1
80,XAUUSD|PERIOD_M1|SELL|1390531980|1390532280|1390533600|1390533720|MARKET_EDGE_MFE_ATR_12_V1,XAUUSD,PERIOD_M1,SELL,BID_OHLC,2014.01.24 02:53:00,2014.01.24 02:58:00,2014.01.24 03:20:00,2014.01.24 03:22:00,2014.01.24 03:22:00,2014.01.24 03:23:02,2014.01.24 03:22:00,1260.78,0.26,4,PERIOD_M1,1,1,12,12,1,0.34,0.29,1.33463796,1.11937378,MARKET_EDGE_MFE_ATR_12_V1,1.0,1,3,0,60,,0,,NOT_EXECUTED_OR_UNRESOLVED,0,,0,,NOT_APPLICABLE_NON_EXECUTED,0,,,,5d926eed3daf312d7810863a3786293984c991b1,34c7e44e89019e46fb4b93a3ac7e556c392839a536990c8508c8c4378fe5fdce,V923_PASSIVE_MARKET_EDGE_V1,V924_MARKET_EDGE_SCHEMA_V2,MARKET_EDGE_FEATURE_SNAPSHOT_T0_V2,2014.01.24 03:23:02,0,H4,,2014,1,5,3,22,ASIA,5,22,27,5,22,27,4.40000000,1,1260.41,1260.69,1261.16,0.28,0.47,1.63508772,0.75,2.93933464,-0.38,-1.47162427,1,1,76.44482639,75.28209048,62.65232055,-1.16273591,-12.62976994,10.86211393,13.79250585,-0.23254718,-0.57408045,1,1,1260.67,1260.83,1260.66,1260.78,0.17,0.11,0.65294118,0.71176471,0.28823529,0.05882353,1,0.26,0.02026517,32,0.32,1.26810176,1,1,2014.01.24 03:22:00,1,1,56.16722939,0.26,0.02026517,21.21295320,26.03665514,19.29164165,6.74501349,55.08028911,1260.64,1260.50,1260.63,1261.09,0.57894090,1.11174282,-1.20308384,0.53280192,-2.31482667,MIXED,RANGE,0.11039700,0.10194841,0.00844859,50.02292526,64.11459837,-50.33467202,2.08397963,0.72706068,0,2014.01.24 03:15:00,1,1,65.73364928,0.41,0.03228025,29.10646078,23.66778365,10.32716617,13.34061748,93.66833638,1260.63,1261.25,1260.80,1257.18,0.48979600,-1.02847257,8.97898871,-1.51826857,10.00746128,MIXED,RANGE,-0.26564764,-0.46200921,0.19636156,72.22222222,79.50821341,-23.60248447,4.18114804,0.73161761,0,2014.01.24 03:00:00,1,1,43.38439847,0.73,0.05773031,25.50100353,18.13290673,22.89051206,4.75760533,-59.06690986,1261.32,1259.10,1254.00,1249.53,-0.98368159,2.06533271,15.21523036,3.04901431,13.14989765,E20>E50>E100>E200,UP,-0.23700512,0.10472733,-0.34173246,39.48581560,22.16070045,-71.02289192,7.25907545,0.26060008,0,2014.01.24 02:30:00,1,1,38.41322220,1.50,0.11879047,35.35313210,8.99290334,26.33440174,17.34149840,-132.05243959,1260.19,1253.91,1249.45,1247.15,0.28688958,4.48377048,8.99975541,4.19688090,4.51598493,E20>E50>E100>E200,UP,2.50163429,3.84270825,-1.34107396,14.54878421,11.80510072,-80.67083570,3.75323457,0.19403798,0,2014.01.24 02:00:00,1,1,48.76471824,1.93,0.15309890,42.71046055,14.56889259,23.09885167,8.52995908,5.13314004,1255.93,1249.67,1247.31,1244.24,2.42997087,5.67461381,8.48801189,3.24464294,2.81339808,E20>E50>E100>E200,UP,5.61458224,6.13376265,-0.51918041,17.16353339,28.38882097,-25.92991914,19.70245194,0.65080183,0,2014.01.23 20:00:00,1,0,,,,,,,,,,,,,,,,,,,,,,,,,,,,,5,1,3,0,3,0,3,1
81,XAUUSD|PERIOD_M1|BUY|1390545840|1390546680|1390546980|1390547100|MARKET_EDGE_MFE_ATR_12_V1,XAUUSD,PERIOD_M1,BUY,BID_OHLC,2014.01.24 06:44:00,2014.01.24 06:58:00,2014.01.24 07:03:00,2014.01.24 07:05:00,2014.01.24 07:05:00,2014.01.24 07:06:00,2014.01.24 07:05:00,1258.54,0.43,4,PERIOD_M1,1,1,12,12,1,1.63,0.38,3.79929988,0.89614936,MARKET_EDGE_MFE_ATR_12_V1,1.0,1,7,0,60,,0,,NOT_EXECUTED_OR_UNRESOLVED,0,,0,,NOT_APPLICABLE_NON_EXECUTED,0,,,,5d926eed3daf312d7810863a3786293984c991b1,34c7e44e89019e46fb4b93a3ac7e556c392839a536990c8508c8c4378fe5fdce,V923_PASSIVE_MARKET_EDGE_V1,V924_MARKET_EDGE_SCHEMA_V2,MARKET_EDGE_FEATURE_SNAPSHOT_T0_V2,2014.01.24 07:06:00,0,H4,,2014,1,5,7,5,LONDON,14,5,19,14,5,19,0.35714286,1,1258.99,1258.80,1258.17,-0.19,-0.63,3.28125000,0.82,1.91831972,0.37,0.85647608,1,1,16.23904650,24.18559665,33.59056102,7.94655016,9.40496436,1.18352797,17.35151452,0.56761073,1.88099287,1,1,1258.65,1258.65,1258.34,1258.54,0.32,0.12,0.36507937,0.63492063,0.00000000,0.63492063,1,0.43,0.03404752,29,0.29,0.66977830,1,1,2014.01.24 07:05:00,1,1,33.86932108,0.43,0.03404752,40.18972646,13.21176483,29.38123297,16.16946814,-119.84558064,1258.99,1259.37,1259.66,1259.94,-1.06367490,-1.95099728,-3.27876463,-0.88732239,-1.32776735,E200>E100>E50>E20,DOWN,-0.24519586,-0.19593605,-0.04925981,39.72736125,34.15290995,-65.21327014,2.94139469,0.08250939,0,2014.01.24 07:00:00,1,1,26.21252429,0.63,0.04985599,41.25271544,8.49298140,32.86875468,24.37577328,-166.13285376,1259.66,1260.06,1260.25,1258.16,-1.64977344,-2.28670930,0.73671707,-0.63693586,3.02342637,MIXED,RANGE,-0.29997226,-0.13074158,-0.16923067,24.52149792,25.48443591,-82.65654649,4.97572118,0.05280862,0,2014.01.24 06:45:00,1,1,35.04498866,0.94,0.07456007,24.97970303,11.85206946,24.71053345,12.85846399,-100.84728520,1260.16,1259.45,1255.52,1250.97,-1.18151707,-0.41981193,8.60686563,0.76170514,9.02667756,E20>E50>E100>E200,UP,-0.40464614,-0.38753650,-0.01710964,13.13755796,23.48532284,-89.41292876,2.62104667,0.11678638,0,2014.01.24 06:30:00,1,1,32.04501188,1.28,0.10158437,32.21398611,15.96455677,31.40333735,15.43878058,-115.44138259,1260.01,1255.54,1250.99,1248.13,-0.74743685,2.74260223,8.54271636,3.49003909,5.80011413,E20>E50>E100>E200,UP,0.91660451,1.61570181,-0.69909730,37.59894459,47.03986612,-92.11689587,4.59348048,0.13422511,0,2014.01.24 06:00:00,1,1,38.47526252,1.79,0.14191233,34.31911260,15.67566630,23.26404233,7.58837604,-105.64756736,1257.19,1251.16,1248.26,1244.85,1.04200531,4.41563030,7.94865297,3.37362498,3.53302268,E20>E50>E100>E200,UP,4.18004013,5.52547012,-1.34542998,26.32426628,21.45792053,-77.73776177,12.34726047,0.50791198,0,2014.01.24 00:00:00,1,0,,,,,,,,,,,,,,,,,,,,,,,,,,,,,5,4,0,0,3,1,1,1
82,XAUUSD|PERIOD_M1|BUY|1390546680|1390546980|1390547340|1390547460|MARKET_EDGE_MFE_ATR_12_V1,XAUUSD,PERIOD_M1,BUY,BID_OHLC,2014.01.24 06:58:00,2014.01.24 07:03:00,2014.01.24 07:09:00,2014.01.24 07:11:00,2014.01.24 07:11:00,2014.01.24 07:12:00,2014.01.24 07:11:00,1258.74,0.33,4,PERIOD_M1,1,1,12,12,1,1.42,0.03,4.29931973,0.07558579,MARKET_EDGE_MFE_ATR_12_V1,1.0,1,2,0,60,,0,,EXECUTED,1,26,1,26,MATCHED_FINALIZED,1,0,0,2.00,5d926eed3daf312d7810863a3786293984c991b1,34c7e44e89019e46fb4b93a3ac7e556c392839a536990c8508c8c4378fe5fdce,V923_PASSIVE_MARKET_EDGE_V1,V924_MARKET_EDGE_SCHEMA_V2,MARKET_EDGE_FEATURE_SNAPSHOT_T0_V2,2014.01.24 07:12:00,0,H4,,2014,1,5,7,11,LONDON,5,6,11,5,6,11,1.20000000,1,1258.80,1258.17,1258.15,-0.63,-0.02,0.02698413,0.65,1.95616024,0.59,1.78382464,1,1,24.18559665,33.59056102,50.50324145,9.40496436,16.91268044,1.79827161,26.31764480,1.88099287,2.81878007,1,1,1258.52,1258.77,1258.52,1258.74,0.25,0.22,0.87200000,0.87200000,0.12800000,0.00000000,1,0.33,0.02627626,33,0.33,1.00982615,1,1,2014.01.24 07:11:00,1,1,50.40970573,0.33,0.02627626,33.88892504,13.92626576,18.48756696,4.56130120,10.32625375,1258.78,1259.19,1259.53,1259.86,-0.11188230,-1.34625714,-3.37113515,-1.23437484,-2.02487802,E200>E100>E50>E20,DOWN,-0.22653689,-0.25370771,0.02717082,81.44171779,58.48101894,-43.48659004,3.84392101,0.45992534,0,2014.01.24 07:05:00,1,1,30.20806338,0.69,0.05473628,43.66269947,7.36058388,28.83390232,21.47331844,-148.64175102,1259.57,1260.01,1260.22,1258.17,-1.17820332,-1.80849182,0.86257899,-0.63028850,2.67107081,MIXED,RANGE,-0.33282285,-0.16757490,-0.16524795,32.14285714,28.22639912,-74.62686567,4.79948026,0.13992836,0,2014.01.24 06:45:00,1,1,35.04498866,0.94,0.07456007,24.97970303,11.85206946,24.71053345,12.85846399,-100.84728520,1260.16,1259.45,1255.52,1250.97,-1.18151707,-0.41981193,8.60686563,0.76170514,9.02667756,E20>E50>E100>E200,UP,-0.40464614,-0.38753650,-0.01710964,13.13755796,23.48532284,-89.41292876,2.62104667,0.11678638,0,2014.01.24 06:30:00,1,1,32.04501188,1.28,0.10158437,32.21398611,15.96455677,31.40333735,15.43878058,-115.44138259,1260.01,1255.54,1250.99,1248.13,-0.74743685,2.74260223,8.54271636,3.49003909,5.80011413,E20>E50>E100>E200,UP,0.91660451,1.61570181,-0.69909730,37.59894459,47.03986612,-92.11689587,4.59348048,0.13422511,0,2014.01.24 06:00:00,1,1,38.47526252,1.79,0.14191233,34.31911260,15.67566630,23.26404233,7.58837604,-105.64756736,1257.19,1251.16,1248.26,1244.85,1.04200531,4.41563030,7.94865297,3.37362498,3.53302268,E20>E50>E100>E200,UP,4.18004013,5.52547012,-1.34542998,26.32426628,21.45792053,-77.73776177,12.34726047,0.50791198,0,2014.01.24 00:00:00,1,0,,,,,,,,,,,,,,,,,,,,,,,,,,,,,5,4,0,0,3,1,1,1
83,XAUUSD|PERIOD_M1|SELL|1390591200|1390591500|1390591860|1390591980|MARKET_EDGE_MFE_ATR_12_V1,XAUUSD,PERIOD_M1,SELL,BID_OHLC,2014.01.24 19:20:00,2014.01.24 19:25:00,2014.01.24 19:31:00,2014.01.24 19:33:00,2014.01.24 19:33:00,2014.01.24 19:34:00,2014.01.24 19:33:00,1264.54,0.31,4,PERIOD_M1,1,1,12,12,1,0.50,0.30,1.62722853,0.97244733,MARKET_EDGE_MFE_ATR_12_V1,1.0,1,10,0,60,,0,,NOT_EXECUTED_OR_UNRESOLVED,0,,0,,NOT_APPLICABLE_NON_EXECUTED,0,,,,5d926eed3daf312d7810863a3786293984c991b1,34c7e44e89019e46fb4b93a3ac7e556c392839a536990c8508c8c4378fe5fdce,V923_PASSIVE_MARKET_EDGE_V1,V924_MARKET_EDGE_SCHEMA_V2,MARKET_EDGE_FEATURE_SNAPSHOT_T0_V2,2014.01.24 19:34:00,0,H4,,2014,1,5,19,33,NEWYORK,5,6,11,5,6,11,1.20000000,1,1264.74,1265.14,1265.29,0.40,0.15,0.37000000,0.55,1.77633712,-0.75,-2.42463533,1,1,64.42689042,64.00195586,55.80930611,-0.42493456,-8.19264975,19.27979152,8.61758431,-0.08498691,-1.36544162,1,1,1264.70,1264.70,1264.44,1264.54,0.26,0.16,0.61089494,0.38910506,0.00000000,0.38910506,1,0.31,0.02439618,27,0.27,0.85899514,1,1,2014.01.24 19:33:00,1,1,44.82856533,0.31,0.02439618,23.38672138,24.75281165,32.24105644,7.48824479,-28.89490957,1264.57,1264.36,1264.18,1264.38,-0.08824413,0.59030500,0.52191246,0.67854912,-0.06839253,MIXED,RANGE,0.12675170,0.14727819,-0.02052650,51.57545605,62.06821240,-60.96169519,3.79595652,0.46174382,0,2014.01.24 19:25:00,1,1,59.05694611,1.01,0.07992380,11.79123460,18.81098288,15.93445815,2.87652473,62.30519820,1264.21,1264.56,1264.57,1263.16,0.42370360,0.08582789,1.46593211,-0.33787571,1.38010422,MIXED,RANGE,0.11227079,-0.00959251,0.12186329,66.91613894,63.96895133,-35.82709892,2.80851545,0.73276442,0,2014.01.24 19:15:00,1,1,54.42124199,1.54,0.12173406,17.04253458,14.56254940,10.16166941,4.40087999,35.20519001,1264.73,1264.07,1261.22,1256.23,-0.05933954,0.36978269,5.46622741,0.42912223,5.09644473,E20>E50>E100>E200,UP,-0.29229623,-0.38728365,0.09498741,75.69668821,76.61989092,-42.75039517,5.76966945,0.43773647,0,2014.01.24 19:00:00,1,1,50.66561461,2.39,0.18904560,14.28052251,13.35438368,11.97704835,1.37733533,-48.33940131,1264.34,1261.12,1256.17,1251.64,0.12741375,1.47300358,5.43759086,1.34558983,3.96458728,E20>E50>E100>E200,UP,0.83403886,1.49165526,-0.65761640,65.13139144,49.44124431,-61.78417266,5.56286167,0.45610708,0,2014.01.24 18:00:00,1,1,56.25605200,4.31,0.34100091,23.20221305,12.77440705,17.05211890,4.27771185,17.66599932,1262.10,1256.04,1251.58,1246.99,0.62627843,2.03341318,4.13109041,1.40713475,2.09767723,E20>E50>E100>E200,UP,3.08135906,3.63812260,-0.55676354,22.58732050,31.34415240,-49.18616480,3.50616884,0.65478995,0,2014.01.24 12:00:00,1,0,,,,,,,,,,,,,,,,,,,,,,,,,,,,,5,0,2,0,3,0,3,1
84,XAUUSD|PERIOD_M1|BUY|1390804260|1390804440|1390804680|1390804800|MARKET_EDGE_MFE_ATR_12_V1,XAUUSD,PERIOD_M1,BUY,BID_OHLC,2014.01.27 06:31:00,2014.01.27 06:34:00,2014.01.27 06:38:00,2014.01.27 06:40:00,2014.01.27 06:40:00,2014.01.27 06:41:02,2014.01.27 06:40:00,1269.34,0.31,4,PERIOD_M1,1,1,12,12,1,0.70,0.50,2.24538893,1.59422614,MARKET_EDGE_MFE_ATR_12_V1,1.0,1,2,0,60,,0,,EXECUTED,1,27,1,27,MATCHED_FINALIZED,1,0,0,2.18,5d926eed3daf312d7810863a3786293984c991b1,34c7e44e89019e46fb4b93a3ac7e556c392839a536990c8508c8c4378fe5fdce,V923_PASSIVE_MARKET_EDGE_V1,V924_MARKET_EDGE_SCHEMA_V2,MARKET_EDGE_FEATURE_SNAPSHOT_T0_V2,2014.01.27 06:41:02,0,H4,,2014,1,1,6,40,ASIA,3,4,7,3,4,7,1.33333333,1,1268.82,1268.68,1268.65,-0.14,-0.03,0.20567376,0.17,0.54530874,0.69,2.21010425,1,1,15.98235864,18.16787322,27.81302190,2.18551458,9.64514868,4.41321635,11.83066326,0.72850486,2.41128717,1,1,1269.06,1269.34,1268.99,1269.34,0.36,0.29,0.80337079,1.00000000,0.00000000,0.19662921,1,0.31,0.02455997,39,0.39,1.24137931,1,1,2014.01.27 06:40:00,1,1,51.35824706,0.31,0.02455997,59.74505944,19.04976214,29.60976777,10.56000562,-6.05401817,1269.55,1270.28,1270.84,1271.36,-0.66512788,-3.02396136,-6.47721578,-2.35883348,-3.45325442,E200>E100>E50>E20,DOWN,-0.47755437,-0.53680510,0.05925072,72.09426888,58.48659530,-62.93706294,8.59878825,0.40511708,0,2014.01.27 06:35:00,1,1,24.36538058,0.78,0.06144268,32.01466933,10.43043219,35.35389896,24.92346677,-155.72641331,1270.74,1271.40,1271.00,1269.04,-2.14566917,-2.99458283,0.03628062,-0.84891367,3.03086345,MIXED,RANGE,-0.66059682,-0.35393102,-0.30666580,8.32707238,8.33500090,-88.40902758,4.71078598,-0.03041796,0,2014.01.27 06:15:00,1,1,24.31762502,1.14,0.08962388,23.14376415,12.19209770,30.43070103,18.23860334,-179.46169537,1271.47,1270.08,1266.86,1261.21,-2.00358425,-0.77798030,7.01384901,1.22560395,7.79182932,E20>E50>E100>E200,UP,-0.01292433,0.40695657,-0.41988090,17.77777778,37.49330240,-97.72966155,4.44857527,-0.07663109,0,2014.01.27 06:00:00,1,1,33.24240142,1.43,0.11243365,23.14021737,15.69320463,22.08202528,6.38882065,-137.32034567,1270.53,1266.79,1261.18,1255.21,-0.93425674,1.68053943,9.79981621,2.61479617,8.11927678,E20>E50>E100>E200,UP,1.31386391,2.09894891,-0.78508500,18.80704734,18.06496996,-98.91216761,6.68489786,0.28219688,0,2014.01.27 05:00:00,1,1,59.04293103,2.01,0.15836090,25.52092250,21.55941550,18.26997020,3.28944530,43.61953212,1267.97,1261.05,1255.14,1249.29,1.65488094,5.09484548,10.93637230,3.43996454,5.84152683,E20>E50>E100>E200,UP,3.64258794,3.77626994,-0.13368201,14.35244597,28.27454921,-41.99400708,8.90481432,0.68415721,0,2014.01.27 00:00:00,1,0,,,,,,,,,,,,,,,,,,,,,,,,,,,,,5,4,1,0,3,1,1,1
85,XAUUSD|PERIOD_M1|BUY|1390806060|1390806480|1390807080|1390807200|MARKET_EDGE_MFE_ATR_12_V1,XAUUSD,PERIOD_M1,BUY,BID_OHLC,2014.01.27 07:01:00,2014.01.27 07:08:00,2014.01.27 07:18:00,2014.01.27 07:20:00,2014.01.27 07:20:00,2014.01.27 07:21:00,2014.01.27 07:20:00,1267.28,0.43,4,PERIOD_M1,1,1,12,12,1,1.69,0.07,3.95079086,0.17340363,MARKET_EDGE_MFE_ATR_12_V1,1.0,1,4,0,60,,0,,NOT_EXECUTED_OR_UNRESOLVED,0,,0,,NOT_APPLICABLE_NON_EXECUTED,0,,,,5d926eed3daf312d7810863a3786293984c991b1,34c7e44e89019e46fb4b93a3ac7e556c392839a536990c8508c8c4378fe5fdce,V923_PASSIVE_MARKET_EDGE_V1,V924_MARKET_EDGE_SCHEMA_V2,MARKET_EDGE_FEATURE_SNAPSHOT_T0_V2,2014.01.27 07:21:00,0,H4,,2014,1,1,7,20,LONDON,7,10,17,7,10,17,1.42857143,1,1267.92,1267.34,1266.75,-0.58,-0.59,1.01551724,1.17,2.73930873,0.52,1.22788518,1,1,15.18758611,24.52472996,34.38223159,9.33714386,9.85750162,1.05572987,19.19464548,1.33387769,0.98575016,1,1,1267.49,1267.50,1267.14,1267.28,0.36,0.22,0.60335196,0.37709497,0.01955307,0.37709497,1,0.43,0.03367456,41,0.41,0.96074985,1,1,2014.01.27 07:20:00,1,1,38.67352874,0.43,0.03367456,52.40867640,12.19741580,33.33969754,21.14228174,-62.45980316,1267.75,1268.54,1269.43,1270.37,-1.10435893,-2.95809674,-7.25272263,-1.85373781,-4.29462588,E200>E100>E50>E20,DOWN,-0.42575693,-0.41097344,-0.01478349,62.16513761,38.36680384,-70.70989380,4.09210810,0.23844807,0,2014.01.27 07:15:00,1,1,19.90729096,0.96,0.07583868,46.31501413,7.02947479,38.99841062,31.96893584,-136.02274145,1269.37,1270.57,1270.62,1268.99,-1.95673237,-3.20310693,-1.56055222,-1.24637456,1.64255471,MIXED,RANGE,-1.02625653,-0.80354574,-0.22271079,19.70945663,14.76874216,-84.62177889,5.94378228,0.10352401,0,2014.01.27 07:00:00,1,1,22.81343514,1.59,0.12582718,34.56714582,7.93660404,35.89809220,27.96148816,-195.31383424,1270.69,1269.90,1266.95,1261.43,-2.05205019,-1.55824549,3.75144894,0.49380470,5.30969443,E20>E50>E100>E200,UP,-0.57624479,0.06610386,-0.64234866,11.39152982,15.28730749,-98.81843901,4.41456853,-0.08212677,0,2014.01.27 06:30:00,1,1,29.29381138,1.62,0.12737101,24.08351008,13.60077735,25.37825923,11.77748188,-177.35484597,1270.32,1266.86,1261.32,1255.34,-1.22325398,0.92012257,8.04868942,2.14337655,7.12856685,E20>E50>E100>E200,UP,0.99142748,1.91457423,-0.92314675,9.22789049,15.40530032,-98.79194631,5.26893804,0.14021840,0,2014.01.27 06:00:00,1,1,39.52073837,2.24,0.17698302,24.25953530,18.68482677,25.83493065,7.15010389,2.48746171,1268.01,1261.33,1255.40,1249.48,0.14860265,3.12201835,8.40407752,2.97341569,5.28205917,E20>E50>E100>E200,UP,3.23768681,3.78730042,-0.54961362,6.48591175,16.30573737,-58.13674748,7.05210780,0.49134882,0,2014.01.27 00:00:00,1,0,,,,,,,,,,,,,,,,,,,,,,,,,,,,,5,3,0,0,3,1,1,1
86,XAUUSD|PERIOD_M1|SELL|1390826640|1390827180|1390827660|1390827780|MARKET_EDGE_MFE_ATR_12_V1,XAUUSD,PERIOD_M1,SELL,BID_OHLC,2014.01.27 12:44:00,2014.01.27 12:53:00,2014.01.27 13:01:00,2014.01.27 13:03:00,2014.01.27 13:03:00,2014.01.27 13:04:00,2014.01.27 13:03:00,1264.10,0.43,4,PERIOD_M1,1,1,12,12,1,0.00,0.97,0.00000000,2.25945317,MARKET_EDGE_MFE_ATR_12_V1,1.0,0,,0,60,,0,,NOT_EXECUTED_OR_UNRESOLVED,0,,0,,NOT_APPLICABLE_NON_EXECUTED,0,,,,5d926eed3daf312d7810863a3786293984c991b1,34c7e44e89019e46fb4b93a3ac7e556c392839a536990c8508c8c4378fe5fdce,V923_PASSIVE_MARKET_EDGE_V1,V924_MARKET_EDGE_SCHEMA_V2,MARKET_EDGE_FEATURE_SNAPSHOT_T0_V2,2014.01.27 13:04:00,0,H4,,2014,1,1,13,3,OVERLAP,9,8,17,9,8,17,0.88888889,1,1264.41,1264.78,1264.82,0.37,0.04,0.10081744,0.40,0.94008144,-0.71,-1.66375800,1,1,65.36294881,55.56112337,51.84044049,-9.80182544,-3.72068288,0.37959081,13.52250832,-1.08909172,-0.46508536,1,1,1264.21,1264.43,1263.96,1264.10,0.48,0.11,0.23319328,0.30672269,0.46008403,0.30672269,1,0.43,0.03399647,33,0.33,0.77254218,1,1,2014.01.27 13:03:00,1,1,39.46912782,0.43,0.03399647,21.76570170,15.25311268,31.88266906,16.62955638,-82.70325001,1264.29,1264.24,1264.86,1266.07,-0.43540087,-0.32524714,-4.56987163,0.11015373,-4.24462449,MIXED,RANGE,0.11860521,0.17811015,-0.05950494,28.19672131,48.48628147,-61.95840555,3.14379133,0.34904270,0,2014.01.27 12:55:00,1,1,51.31016582,0.78,0.06193302,23.82196555,18.63535303,16.81865205,1.81670098,76.27320880,1264.85,1266.52,1267.85,1268.12,-0.74213970,-2.88027709,-4.91764453,-2.13813739,-2.03736745,E200>E100>E50>E20,DOWN,-0.98150426,-1.26938246,0.28787820,76.60515186,78.70425074,-55.10035744,6.88651300,0.42636504,0,2014.01.27 12:45:00,1,1,35.60581568,1.50,0.11838857,39.03021581,10.17741522,23.31298588,13.13557066,-81.08861764,1266.78,1268.18,1267.07,1262.65,-1.67984314,-2.61546784,1.08037878,-0.93562470,3.69584662,MIXED,RANGE,-1.58106447,-1.01742683,-0.56363764,26.28982239,16.77293268,-83.37744300,6.34081634,0.17221836,0,2014.01.27 12:30:00,1,1,34.69982348,2.44,0.19279916,36.58891259,10.12541016,28.01665005,17.89123988,-155.49170844,1267.79,1266.94,1262.57,1256.68,-1.44592252,-1.09448103,3.11141290,0.35144149,4.20589393,E20>E50>E100>E200,UP,-1.10480449,-0.24189945,-0.86290504,10.70883997,9.69555523,-83.37744300,4.41888203,0.08263953,0,2014.01.27 12:00:00,1,1,34.63214799,4.31,0.34069094,23.01267446,13.14067660,27.53463145,14.39395485,-160.33376636,1267.40,1262.50,1256.70,1250.49,-0.72598252,0.40982538,3.19871610,1.13580790,2.78889072,E20>E50>E100>E200,UP,1.07499638,2.56029623,-1.48529986,12.55863879,26.76996033,-90.02869878,3.43786791,0.21374124,0,2014.01.27 08:00:00,1,0,,,,,,,,,,,,,,,,,,,,,,,,,,,,,5,2,4,0,2,1,2,1
87,XAUUSD|PERIOD_M1|BUY|1390832580|1390833060|1390833660|1390833780|MARKET_EDGE_MFE_ATR_12_V1,XAUUSD,PERIOD_M1,BUY,BID_OHLC,2014.01.27 14:23:00,2014.01.27 14:31:00,2014.01.27 14:41:00,2014.01.27 14:43:00,2014.01.27 14:43:00,2014.01.27 14:44:00,2014.01.27 14:43:00,1258.65,0.82,4,PERIOD_M1,1,1,12,12,1,0.80,1.41,0.96539162,1.71827565,MARKET_EDGE_MFE_ATR_12_V1,1.0,0,,0,60,,0,,NOT_EXECUTED_OR_UNRESOLVED,0,,0,,NOT_APPLICABLE_NON_EXECUTED,0,,,,5d926eed3daf312d7810863a3786293984c991b1,34c7e44e89019e46fb4b93a3ac7e556c392839a536990c8508c8c4378fe5fdce,V923_PASSIVE_MARKET_EDGE_V1,V924_MARKET_EDGE_SCHEMA_V2,MARKET_EDGE_FEATURE_SNAPSHOT_T0_V2,2014.01.27 14:44:00,0,H4,,2014,1,1,14,43,OVERLAP,8,10,18,8,10,18,1.25000000,1,1260.64,1259.33,1257.84,-1.31,-1.49,1.13577422,2.80,3.40012143,0.80,0.97753491,1,1,23.53760627,26.59467982,31.13679929,3.05707356,4.54211947,1.48577369,7.59919302,0.38213419,0.45421195,1,1,1258.83,1258.83,1258.39,1258.65,0.44,0.18,0.41309255,0.58690745,0.00000000,0.58690745,1,0.82,0.06542740,18,0.18,0.21615058,1,1,2014.01.27 14:43:00,1,1,34.07385658,0.82,0.06542740,34.33181224,15.69967678,32.41624769,16.71657091,-99.19793802,1260.00,1260.82,1261.64,1263.10,-1.63768596,-2.64142140,-5.40576657,-1.00373544,-2.76434517,E200>E100>E50>E20,DOWN,-0.73152414,-0.48638661,-0.24513753,34.18395197,22.71018420,-79.98010445,5.35983126,0.14164836,0,2014.01.27 14:35:00,1,1,37.27465368,1.81,0.14355074,19.23882849,10.45485682,20.53543106,10.08057424,-167.18541886,1261.93,1263.86,1265.85,1266.98,-1.35223498,-2.41946403,-4.14378889,-1.06722905,-1.72432486,E200>E100>E50>E20,DOWN,-0.93954179,-1.01094185,0.07140006,32.63762855,35.69613063,-95.59748428,3.62300999,0.13680855,0,2014.01.27 14:15:00,1,1,35.06958521,1.94,0.15384780,31.99636963,13.36339635,16.04593306,2.68253671,-79.20756835,1264.58,1266.85,1266.49,1262.61,-1.60295773,-2.77161807,-0.58641693,-1.16866034,2.18520114,MIXED,RANGE,-2.02682768,-1.79526898,-0.23155870,47.37330792,42.57766049,-70.55227438,6.74771315,0.19883834,0,2014.01.27 14:00:00,1,1,33.24051773,3.33,0.26379854,39.57059514,14.23478366,24.12835086,9.89356720,-99.92423227,1266.03,1266.26,1262.48,1256.81,-1.37055199,-1.43939822,1.40103553,-0.06884623,2.84043375,MIXED,RANGE,-1.96903799,-0.88755250,-1.08148550,27.95201849,21.29012444,-79.44749783,4.10666818,0.08970699,0,2014.01.27 13:00:00,1,1,28.88410573,4.58,0.36336305,26.22787175,11.38858639,31.69015662,20.30157024,-171.47748604,1266.81,1262.46,1256.79,1250.60,-1.20878169,-0.25802177,2.32912713,0.95075992,2.58714890,E20>E50>E100>E200,UP,0.48440727,2.19137275,-1.70696548,15.04357132,18.94757800,-85.16792093,3.28394655,0.02147219,0,2014.01.27 08:00:00,1,0,,,,,,,,,,,,,,,,,,,,,,,,,,,,,5,2,0,0,1,2,2,1
88,XAUUSD|PERIOD_M1|SELL|1390834920|1390835280|1390835700|1390835820|MARKET_EDGE_MFE_ATR_12_V1,XAUUSD,PERIOD_M1,SELL,BID_OHLC,2014.01.27 15:02:00,2014.01.27 15:08:00,2014.01.27 15:15:00,2014.01.27 15:17:00,2014.01.27 15:17:00,2014.01.27 15:18:00,2014.01.27 15:17:00,1261.44,0.70,4,PERIOD_M1,1,1,12,12,1,1.31,1.20,1.87209718,1.71489818,MARKET_EDGE_MFE_ATR_12_V1,1.0,1,9,0,60,,0,,NOT_EXECUTED_OR_UNRESOLVED,0,,0,,NOT_APPLICABLE_NON_EXECUTED,0,,,,5d926eed3daf312d7810863a3786293984c991b1,34c7e44e89019e46fb4b93a3ac7e556c392839a536990c8508c8c4378fe5fdce,V923_PASSIVE_MARKET_EDGE_V1,V924_MARKET_EDGE_SCHEMA_V2,MARKET_EDGE_FEATURE_SNAPSHOT_T0_V2,2014.01.27 15:18:00,0,H4,,2014,1,1,15,17,OVERLAP,6,7,13,6,7,13,1.16666667,1,1261.34,1261.48,1261.75,0.14,0.27,1.85314685,0.41,0.58306538,-0.31,-0.44015720,1,1,70.60528689,69.83370867,63.45370695,-0.77157823,-6.38000172,8.26876849,7.15157994,-0.12859637,-0.91142882,1,1,1261.14,1261.44,1260.94,1261.44,0.50,0.30,0.60000000,1.00000000,0.00000000,0.40000000,1,0.70,0.05547223,32,0.32,0.46016434,1,1,2014.01.27 15:17:00,1,1,68.41546100,0.70,0.05547223,27.95021482,23.95221332,10.85419208,13.09802124,93.92402503,1260.61,1260.32,1260.80,1262.16,1.19168821,1.60607420,-1.02299817,0.41438599,-2.62907237,MIXED,RANGE,0.47633797,0.43016372,0.04617425,61.44240571,67.19166217,-12.28070175,4.14158901,0.80320106,0,2014.01.27 15:10:00,1,1,63.80567501,1.47,0.11684039,22.55357920,18.13415470,14.85034403,3.28381067,38.97459080,1260.85,1262.83,1265.03,1266.48,0.47787381,-0.86610677,-3.34153070,-1.34398058,-2.47542393,E200>E100>E50>E20,DOWN,-0.85858665,-1.09553496,0.23694831,84.78081059,66.07311881,-26.82596170,3.52323565,0.66245128,0,2014.01.27 15:00:00,1,1,43.69391605,2.77,0.21972970,29.17136298,19.69112406,20.60860875,0.91748469,-60.00306759,1263.33,1266.04,1266.09,1262.52,-0.64146949,-1.62013673,-0.35146360,-0.97866723,1.26867312,MIXED,RANGE,-2.24363607,-2.04650615,-0.19712992,38.50699117,35.46420470,-54.63332633,4.66441715,0.32078173,0,2014.01.27 14:30:00,1,1,28.00721156,3.95,0.31384450,39.98882772,12.33681251,30.72913132,18.39231881,-125.46040821,1265.37,1265.98,1262.41,1256.83,-1.59632248,-1.75087105,0.56406302,-0.15454857,2.31493407,MIXED,RANGE,-2.26371256,-1.15880481,-1.10490775,30.90901407,26.97803840,-87.97609666,3.76477403,0.00062194,0,2014.01.27 14:00:00,1,1,25.53455935,4.94,0.39199786,29.56503260,9.87010820,30.62810806,20.75799986,-172.56006684,1266.07,1262.32,1256.83,1250.68,-1.42067994,-0.66041414,1.69793675,0.76026580,2.35835090,E20>E50>E100>E200,UP,-0.16012160,1.76884946,-1.92897106,16.25702341,14.61974450,-89.66120836,3.31573223,-0.06481301,0,2014.01.27 08:00:00,1,0,,,,,,,,,,,,,,,,,,,,,,,,,,,,,5,3,3,0,1,1,1,1
89,XAUUSD|PERIOD_M1|SELL|1390858500|1390858860|1390859160|1390859280|MARKET_EDGE_MFE_ATR_12_V1,XAUUSD,PERIOD_M1,SELL,BID_OHLC,2014.01.27 21:35:00,2014.01.27 21:41:00,2014.01.27 21:46:00,2014.01.27 21:48:00,2014.01.27 21:48:00,2014.01.27 21:49:01,2014.01.27 21:48:00,1256.63,0.32,4,PERIOD_M1,1,1,12,12,1,2.40,0.27,7.57413249,0.86119874,MARKET_EDGE_MFE_ATR_12_V1,1.0,1,12,0,3660,,0,,NOT_EXECUTED_OR_UNRESOLVED,0,,0,,NOT_APPLICABLE_NON_EXECUTED,0,,,,5d926eed3daf312d7810863a3786293984c991b1,34c7e44e89019e46fb4b93a3ac7e556c392839a536990c8508c8c4378fe5fdce,V923_PASSIVE_MARKET_EDGE_V1,V924_MARKET_EDGE_SCHEMA_V2,MARKET_EDGE_FEATURE_SNAPSHOT_T0_V2,2014.01.27 21:49:01,0,H4,,2014,1,1,21,48,NEWYORK,6,5,11,6,5,11,0.83333333,1,1256.34,1256.38,1256.88,0.03,0.51,15.39393939,0.54,1.70662461,-0.25,-0.78864353,1,1,69.26527418,67.07629219,66.12847900,-2.18898199,-0.94781319,0.43299268,3.13679518,-0.36483033,-0.18956264,1,1,1256.75,1256.75,1256.44,1256.63,0.32,0.12,0.37974684,0.62025316,0.00000000,0.62025316,1,0.32,0.02522614,22,0.22,0.70977918,1,1,2014.01.27 21:48:00,1,1,62.21651731,0.32,0.02522614,32.86555463,24.34983697,23.20307893,1.14675804,92.55144630,1256.18,1255.69,1255.47,1256.27,1.43735568,2.96835182,1.15639496,1.53099614,-1.81195686,MIXED,RANGE,0.33965075,0.30226996,0.03738079,73.88414055,75.19570119,-22.56317690,5.63664585,0.79250342,0,2014.01.27 21:40:00,1,1,74.38536645,0.47,0.03703657,20.86124412,29.94917788,14.20517883,15.74399904,182.01169899,1255.34,1256.75,1259.12,1262.00,1.82122752,-1.21176672,-12.47515103,-3.03299424,-11.26338431,E200>E100>E50>E20,DOWN,-0.09718921,-0.42701833,0.32982912,92.18632607,76.30733138,-7.56267982,7.97763925,0.86717352,0,2014.01.27 21:30:00,1,1,60.21807917,1.27,0.10137790,24.04104955,25.04259641,13.21020831,11.83238809,-0.60034019,1257.16,1260.74,1262.93,1261.61,-0.75706585,-3.57486186,-4.25403435,-2.81779601,-0.67917249,MIXED,RANGE,-2.14805622,-2.44596169,0.29790548,79.54444444,73.43791741,-63.96258503,13.80269400,0.38970419,0,2014.01.27 21:00:00,1,1,39.71400639,1.92,0.15329212,24.03862354,19.88332925,22.24480963,2.36148038,-79.56941934,1259.88,1262.97,1261.58,1257.09,-2.47473236,-4.08127482,-1.02347672,-1.60654246,3.05779811,MIXED,RANGE,-3.18379047,-2.32062658,-0.86316389,24.39016840,15.92887058,-77.08227802,8.02955741,0.18090867,0,2014.01.27 20:00:00,1,1,29.87405589,5.15,0.41044711,30.53581793,13.40582738,29.54654498,16.14071760,-155.53929946,1262.76,1261.64,1257.10,1251.18,-1.65462895,-1.43653686,0.59391346,0.21809209,2.03045032,E20>E50>E100>E200,UP,-2.21054237,-0.54746568,-1.66307668,15.83559069,37.84851489,-88.83795777,4.47343301,0.02040088,0,2014.01.27 16:00:00,1,0,,,,,,,,,,,,,,,,,,,,,,,,,,,,,5,3,2,0,1,1,1,1
90,XAUUSD|PERIOD_M1|SELL|1390874400|1390874700|1390875120|1390875240|MARKET_EDGE_MFE_ATR_12_V1,XAUUSD,PERIOD_M1,SELL,BID_OHLC,2014.01.28 02:00:00,2014.01.28 02:05:00,2014.01.28 02:12:00,2014.01.28 02:14:00,2014.01.28 02:14:00,2014.01.28 02:15:01,2014.01.28 02:14:00,1258.86,0.16,4,PERIOD_M1,1,1,12,12,1,2.60,0.07,15.97542243,0.43010753,MARKET_EDGE_MFE_ATR_12_V1,1.0,1,3,0,60,,0,,EXECUTED,1,28,1,28,MATCHED_FINALIZED,1,0,0,2.03,5d926eed3daf312d7810863a3786293984c991b1,34c7e44e89019e46fb4b93a3ac7e556c392839a536990c8508c8c4378fe5fdce,V923_PASSIVE_MARKET_EDGE_V1,V924_MARKET_EDGE_SCHEMA_V2,MARKET_EDGE_FEATURE_SNAPSHOT_T0_V2,2014.01.28 02:15:01,0,H4,,2014,1,2,2,14,ASIA,5,7,12,5,7,12,1.40000000,1,1258.60,1258.86,1258.92,0.26,0.06,0.23076923,0.32,1.96620584,-0.06,-0.36866359,1,1,83.47578097,76.18444774,66.63377017,-7.29133322,-9.55067757,1.30986711,16.84201080,-1.45826664,-1.36438251,1,1,1258.81,1258.86,1258.76,1258.86,0.10,0.05,0.50000000,1.00000000,0.00000000,0.50000000,1,0.16,0.01292833,19,0.19,1.14900154,1,1,2014.01.28 02:14:00,1,1,63.81928691,0.16,0.01292833,26.98132840,17.27646614,18.02894761,0.75248148,72.97956868,1258.58,1258.18,1257.73,1257.27,1.73951768,4.20498809,9.80664797,2.46547041,5.60165989,E20>E50>E100>E200,UP,0.22755700,0.23332895,-0.00577194,84.12698413,81.62000202,-10.90909091,6.91089919,0.77166065,0,2014.01.28 02:10:00,1,1,80.86864613,0.37,0.02939160,42.72299435,39.49730462,7.34034548,32.15695914,147.63335991,1257.76,1257.25,1258.02,1260.32,2.97464995,4.36661844,-3.92533727,1.39196849,-8.29195571,MIXED,RANGE,0.54240523,0.43568444,0.10672078,92.26485149,88.09267575,-2.67022697,8.99421387,0.90416374,0,2014.01.28 02:00:00,1,1,72.30215766,0.78,0.06186138,30.67732246,33.00662798,10.48843206,22.51819592,148.24358223,1257.35,1259.24,1261.53,1261.03,1.94779246,-0.48518821,-2.77859301,-2.43298067,-2.29340479,MIXED,RANGE,-0.15218854,-0.67061117,0.51842262,97.31457801,91.10355549,-1.27904498,6.61937820,0.95720132,0,2014.01.28 01:30:00,1,1,60.09681229,1.34,0.10618403,17.40011704,25.88196489,17.89042241,7.99154248,46.63959450,1258.51,1261.54,1261.00,1257.09,-0.23366785,-2.50342915,0.82703181,-2.26976131,3.33046096,MIXED,RANGE,-1.99345764,-2.68961776,0.69616012,75.10617761,72.58742225,-51.32605304,10.81493704,0.48894022,0,2014.01.28 01:00:00,1,1,46.60350901,2.76,0.21924299,22.00483825,14.86530451,16.66921227,1.80390776,-46.64999170,1260.96,1260.99,1257.12,1251.42,-1.00244589,-1.01517616,2.45410399,-0.01273027,3.46928015,MIXED,RANGE,-2.42703883,-1.72994594,-0.69709289,59.22134210,45.08987424,-61.78812002,7.70729408,0.30504521,0,2014.01.27 20:00:00,1,0,,,,,,,,,,,,,,,,,,,,,,,,,,,,,5,2,2,0,1,0,1,1
91,XAUUSD|PERIOD_M1|BUY|1390894440|1390894800|1390895100|1390895220|MARKET_EDGE_MFE_ATR_12_V1,XAUUSD,PERIOD_M1,BUY,BID_OHLC,2014.01.28 07:34:00,2014.01.28 07:40:00,2014.01.28 07:45:00,2014.01.28 07:47:00,2014.01.28 07:47:00,2014.01.28 07:48:03,2014.01.28 07:47:00,1256.76,0.35,4,PERIOD_M1,1,1,12,12,1,0.21,0.26,0.61186562,0.75482487,MARKET_EDGE_MFE_ATR_12_V1,1.0,0,,0,60,,0,,EXECUTED,1,29,1,29,MATCHED_FINALIZED,1,0,0,3.57,5d926eed3daf312d7810863a3786293984c991b1,34c7e44e89019e46fb4b93a3ac7e556c392839a536990c8508c8c4378fe5fdce,V923_PASSIVE_MARKET_EDGE_V1,V924_MARKET_EDGE_SCHEMA_V2,MARKET_EDGE_FEATURE_SNAPSHOT_T0_V2,2014.01.28 07:48:03,0,H4,,2014,1,2,7,47,LONDON,6,5,11,6,5,11,0.83333333,1,1257.14,1256.31,1256.17,-0.83,-0.14,0.17008444,0.97,2.77340958,0.59,1.69263760,1,1,17.25991519,25.53307488,25.71572335,8.27315969,0.18264847,0.02207723,8.45580816,1.37885995,0.03652969,1,1,1256.64,1256.84,1256.59,1256.76,0.25,0.12,0.48412698,0.68650794,0.31349206,0.20238095,1,0.35,0.02782941,33,0.33,0.94639028,1,1,2014.01.28 07:47:00,1,1,45.09615275,0.35,0.02782941,42.68582161,14.68172576,25.80079746,11.11907170,-30.84884812,1257.03,1257.75,1258.27,1258.36,-0.76139767,-2.81011720,-4.55887242,-2.04871953,-1.74875522,E200>E100>E50>E20,DOWN,-0.39878407,-0.41748567,0.01870160,61.26305321,47.21800658,-56.78832117,4.66856136,0.33412228,0,2014.01.28 07:40:00,1,1,19.18052438,0.68,0.05415226,61.68732553,2.90634590,40.59066616,37.68432026,-131.12853055,1258.30,1258.32,1258.23,1259.31,-2.43174752,-2.47060954,-3.92036251,-0.03886202,-1.44975297,MIXED,RANGE,-0.45740987,-0.03760885,-0.41980101,7.03032356,4.97942892,-92.05697731,6.90471578,0.02308734,0,2014.01.28 07:30:00,1,1,36.12556452,1.38,0.10973690,25.61525832,19.58787381,32.07013767,12.48226386,-107.10130083,1258.17,1258.62,1260.33,1260.45,-1.10500978,-1.43707486,-2.76459379,-0.33206509,-1.32751893,E200>E100>E50>E20,DOWN,0.13291339,0.35159202,-0.21867863,5.99921322,15.03318141,-91.66666667,3.39732586,0.19442331,0,2014.01.28 07:00:00,1,1,51.14760864,1.90,0.15086183,21.57083105,24.79905199,20.02629441,4.77275758,18.23073994,1258.32,1260.33,1260.43,1257.19,-0.46188313,-1.52340235,0.13025810,-1.06151921,1.65366045,MIXED,RANGE,-0.55388265,-1.03914979,0.48526713,46.03684170,66.85627261,-68.97873156,2.98133145,0.50803630,0,2014.01.28 06:00:00,1,1,54.00413427,2.22,0.17642966,22.83167482,26.56785214,9.18316533,17.38468681,45.36868984,1259.87,1260.47,1257.21,1251.75,-0.32819783,-0.59846719,3.32851267,-0.27026936,3.92697986,MIXED,RANGE,-1.83280639,-2.29636784,0.46356145,69.94271686,62.58711167,-47.97742239,6.54716687,0.47102347,0,2014.01.28 00:00:00,1,0,,,,,,,,,,,,,,,,,,,,,,,,,,,,,5,2,2,0,0,2,2,1
92,XAUUSD|PERIOD_M1|SELL|1390942560|1390943100|1390944000|1390944120|MARKET_EDGE_MFE_ATR_12_V1,XAUUSD,PERIOD_M1,SELL,BID_OHLC,2014.01.28 20:56:00,2014.01.28 21:05:00,2014.01.28 21:20:00,2014.01.28 21:22:00,2014.01.28 21:22:00,2014.01.28 21:23:00,2014.01.28 21:22:00,1254.25,0.23,4,PERIOD_M1,1,1,12,12,1,0.01,0.49,0.05150215,2.09442060,MARKET_EDGE_MFE_ATR_12_V1,1.0,0,,0,60,,0,,EXECUTED,1,30,1,30,MATCHED_FINALIZED,1,0,0,2.19,5d926eed3daf312d7810863a3786293984c991b1,34c7e44e89019e46fb4b93a3ac7e556c392839a536990c8508c8c4378fe5fdce,V923_PASSIVE_MARKET_EDGE_V1,V924_MARKET_EDGE_SCHEMA_V2,MARKET_EDGE_FEATURE_SNAPSHOT_T0_V2,2014.01.28 21:23:00,0,H4,,2014,1,2,21,22,NEWYORK,9,15,24,9,15,24,1.66666667,1,1254.16,1254.24,1254.74,0.08,0.50,6.32911392,0.58,2.48497854,-0.49,-2.09442060,1,1,65.11251597,63.61082248,62.77782276,-1.50169349,-0.83299972,0.55470689,2.33469321,-0.16685483,-0.05553331,1,1,1254.54,1254.57,1254.25,1254.25,0.32,0.29,0.90793651,0.00000000,0.09206349,0.00000000,1,0.23,0.01857678,48,0.48,2.07296137,1,1,2014.01.28 21:22:00,1,1,51.19610407,0.23,0.01857678,15.78980190,18.49409291,25.85917188,7.36507897,-13.15424008,1254.31,1253.83,1253.10,1252.51,-0.25720224,1.81868267,7.49092419,2.07588492,5.67224152,E20>E50>E100>E200,UP,0.17344152,0.20147315,-0.02803163,24.68944099,43.71617730,-63.45903771,3.58581819,0.44410503,0,2014.01.28 21:15:00,1,1,82.92365157,0.42,0.03331628,57.00614239,34.31291521,6.26394240,28.04897281,87.19277954,1253.11,1252.46,1252.93,1254.38,3.65612410,5.21667324,0.61895041,1.56054914,-4.59772283,MIXED,RANGE,0.85043600,0.68070374,0.16973226,74.48571429,67.53162624,-2.85714286,11.91019042,0.86739276,0,2014.01.28 21:00:00,1,1,75.21730584,1.43,0.11433307,29.57771133,26.84046391,10.91953940,15.92092451,154.72625137,1252.57,1253.68,1255.75,1257.60,1.30753837,0.53498176,-2.19579357,-0.77255661,-2.73077533,E200>E100>E50>E20,DOWN,-0.04320155,-0.74063252,0.69743097,92.64097139,92.82776000,-5.31856961,3.55698483,1.00450785,0,2014.01.28 20:30:00,1,1,71.33868447,1.55,0.12381981,22.89286430,29.81413015,14.12650788,15.68762228,80.84058079,1253.11,1255.66,1257.53,1256.34,0.73043497,-0.91442565,-1.35172654,-1.64486062,-0.43730089,MIXED,RANGE,-1.15907941,-1.50174481,0.34266540,86.06398449,70.76456367,-46.93936201,6.53502680,0.59590205,0,2014.01.28 20:00:00,1,1,63.71810705,2.41,0.19234725,15.06467953,27.17549433,16.53289219,10.64260215,-14.54542612,1254.87,1257.51,1256.35,1252.01,-0.26018508,-1.35379668,0.92610549,-1.09361160,2.27990218,MIXED,RANGE,-2.29449931,-2.25288289,-0.04161641,47.21154794,30.16832732,-56.45440252,4.82076531,0.42761883,0,2014.01.28 16:00:00,1,0,,,,,,,,,,,,,,,,,,,,,,,,,,,,,5,2,1,0,1,1,1,1
93,XAUUSD|PERIOD_M1|SELL|1390989300|1390989780|1390990980|1390991100|MARKET_EDGE_MFE_ATR_12_V1,XAUUSD,PERIOD_M1,SELL,BID_OHLC,2014.01.29 09:55:00,2014.01.29 10:03:00,2014.01.29 10:23:00,2014.01.29 10:25:00,2014.01.29 10:25:00,2014.01.29 10:26:00,2014.01.29 10:25:00,1254.82,0.48,4,PERIOD_M1,1,1,12,12,1,0.23,0.77,0.48167539,1.61256545,MARKET_EDGE_MFE_ATR_12_V1,1.0,0,,0,60,,0,,NOT_EXECUTED_OR_UNRESOLVED,0,,0,,NOT_APPLICABLE_NON_EXECUTED,0,,,,5d926eed3daf312d7810863a3786293984c991b1,34c7e44e89019e46fb4b93a3ac7e556c392839a536990c8508c8c4378fe5fdce,V923_PASSIVE_MARKET_EDGE_V1,V924_MARKET_EDGE_SCHEMA_V2,MARKET_EDGE_FEATURE_SNAPSHOT_T0_V2,2014.01.29 10:26:00,0,H4,,2014,1,3,10,25,LONDON,8,20,28,8,20,28,2.50000000,1,1254.79,1255.20,1255.27,0.41,0.07,0.17073171,0.48,1.00523560,-0.45,-0.94240838,1,1,68.18820795,59.15066586,55.67078083,-9.03754209,-3.47988503,0.38504773,12.51742712,-1.12969276,-0.17399425,1,1,1254.79,1254.86,1254.70,1254.82,0.16,0.03,0.18750000,0.75000000,0.25000000,0.56250000,1,0.48,0.03805318,24,0.24,0.49633508,1,1,2014.01.29 10:25:00,1,1,50.36604440,0.48,0.03805318,13.43562476,18.22984695,17.61603132,0.61381563,100.19607844,1254.70,1254.58,1254.29,1254.03,0.25907349,0.51836745,1.67103937,0.25929395,1.15267193,E20>E50>E100>E200,UP,0.03061215,0.00078160,0.02983055,60.67415730,60.68951746,-50.56179775,1.76578658,0.61682200,1,2014.01.29 10:20:00,1,1,55.69411057,0.54,0.04323319,21.64674299,22.98102036,13.21501746,9.76600291,72.67701762,1254.31,1253.95,1253.71,1253.79,0.94973578,1.60601920,1.90672911,0.65628343,0.30070991,MIXED,RANGE,0.34094799,0.34364559,-0.00269760,38.17567568,53.49591131,-31.03448276,5.12642735,0.68643790,0,2014.01.29 10:00:00,1,1,56.51752754,0.95,0.07585944,21.09926207,19.09085235,10.52912946,8.56172289,55.57407451,1253.83,1253.68,1254.43,1256.07,0.83546714,0.99352755,-1.51819980,0.15806041,-2.51172734,MIXED,RANGE,0.19654405,0.00651665,0.19002741,78.74186551,81.24665751,-28.88381822,5.06897095,0.63909522,0,2014.01.29 09:30:00,1,1,55.95334950,2.16,0.17197845,28.62478432,20.69459016,12.64289836,8.05169180,73.54834037,1253.65,1254.42,1256.05,1255.76,0.47119612,0.11117928,-0.51045716,-0.36001684,-0.62163644,MIXED,RANGE,0.04945568,0.03601831,0.01343738,62.90716612,38.95044044,-28.12321734,2.03571484,0.76342247,0,2014.01.29 09:00:00,1,1,60.18701180,2.85,0.22735189,26.59034612,26.20654161,14.31924999,11.88729162,68.38259937,1254.08,1256.07,1255.79,1252.20,0.20507538,-0.49167694,0.86282685,-0.69675233,1.35450380,MIXED,RANGE,-0.82126313,-1.25541754,0.43415441,44.68423601,51.76763123,-26.28040582,2.78792665,0.67354787,0,2014.01.29 04:00:00,1,0,,,,,,,,,,,,,,,,,,,,,,,,,,,,,5,2,0,1,1,0,1,1
94,XAUUSD|PERIOD_M1|SELL|1391022480|1391022720|1391023320|1391023440|MARKET_EDGE_MFE_ATR_12_V1,XAUUSD,PERIOD_M1,SELL,BID_OHLC,2014.01.29 19:08:00,2014.01.29 19:12:00,2014.01.29 19:22:00,2014.01.29 19:24:00,2014.01.29 19:24:00,2014.01.29 19:25:00,2014.01.29 19:24:00,1262.50,1.76,4,PERIOD_M1,1,1,12,12,1,2.62,0.85,1.48777715,0.48038658,MARKET_EDGE_MFE_ATR_12_V1,1.0,1,3,0,60,,0,,NOT_EXECUTED_OR_UNRESOLVED,0,,0,,NOT_APPLICABLE_NON_EXECUTED,0,,,,5d926eed3daf312d7810863a3786293984c991b1,34c7e44e89019e46fb4b93a3ac7e556c392839a536990c8508c8c4378fe5fdce,V923_PASSIVE_MARKET_EDGE_V1,V924_MARKET_EDGE_SCHEMA_V2,MARKET_EDGE_FEATURE_SNAPSHOT_T0_V2,2014.01.29 19:25:00,0,H4,,2014,1,3,19,24,NEWYORK,4,10,14,4,10,14,2.50000000,1,1265.13,1265.64,1266.77,0.51,1.13,2.21135029,1.64,0.93291643,-4.27,-2.42865264,1,1,77.18081822,72.95945304,58.91627630,-4.22136518,-14.04317674,3.32669081,18.26454192,-1.05534129,-1.40431767,1,1,1265.05,1265.05,1262.29,1262.50,2.76,2.55,0.92450091,0.07549909,0.00000000,0.07549909,1,1.76,0.13932673,31,0.31,0.17794201,1,1,2014.01.29 19:24:00,1,1,38.97607659,1.76,0.13932673,31.41920935,16.63073608,25.36325973,8.73252365,-150.12245400,1264.21,1263.62,1263.30,1263.26,-0.97293471,-0.63599846,-0.43476967,0.33693625,0.20122879,E20>E50>E100>E200,UP,0.45447234,0.54365143,-0.08917909,27.42805755,52.89214240,-95.35714286,4.34276190,0.31693743,0,2014.01.29 19:20:00,1,1,52.32896053,4.18,0.33095050,27.22537350,20.82540590,13.93270284,6.89270305,37.16885510,1263.11,1263.12,1262.05,1259.80,-0.14686762,-0.14802989,0.64521394,-0.00116227,0.79324382,MIXED,RANGE,0.09789686,-0.04135517,0.13925203,68.37383083,62.11901754,-46.13034623,1.45394726,0.46311084,1,2014.01.29 19:00:00,1,1,62.04632089,5.22,0.41267120,27.33267442,23.91654787,18.50343319,5.41311468,-72.24861891,1263.17,1260.81,1258.70,1258.03,0.18727324,0.63805245,1.17076897,0.45077921,0.53271652,E20>E50>E100>E200,UP,0.73546976,0.91969450,-0.18422473,63.34592779,54.25727024,-34.18679081,1.12867130,0.52794669,1,2014.01.29 18:30:00,1,1,61.84107112,3.20,0.25273778,36.05248553,23.01174707,11.35840614,11.65334094,61.57812647,1261.64,1258.72,1258.03,1256.88,1.18915776,2.10171228,2.67862094,0.91255451,0.57690866,E20>E50>E100>E200,UP,2.27125632,2.75280177,-0.48154545,32.93190771,24.88253037,-34.29551300,4.96009428,0.74119650,0,2014.01.29 18:00:00,1,1,69.07560156,4.02,0.31765581,45.30554586,29.84973628,13.66812900,16.18160729,84.25714650,1259.49,1258.15,1256.96,1253.12,1.48141339,1.81306642,3.06571737,0.33165304,1.25265095,E20>E50>E100>E200,UP,2.41643353,1.34873457,1.06769896,42.17556548,48.42455781,-19.82488022,5.01266296,0.88609104,0,2014.01.29 12:00:00,1,0,,,,,,,,,,,,,,,,,,,,,,,,,,,,,5,1,1,2,4,0,4,1
95,XAUUSD|PERIOD_M1|BUY|1391038680|1391038920|1391039100|1391039220|MARKET_EDGE_MFE_ATR_12_V1,XAUUSD,PERIOD_M1,BUY,BID_OHLC,2014.01.29 23:38:00,2014.01.29 23:42:00,2014.01.29 23:45:00,2014.01.29 23:47:00,2014.01.29 23:47:00,2014.01.29 23:48:10,2014.01.29 23:47:00,1267.31,0.25,4,PERIOD_M1,1,1,12,12,1,0.10,0.66,0.41015228,2.67208122,MARKET_EDGE_MFE_ATR_12_V1,1.0,0,,0,60,,0,,EXECUTED,1,31,1,31,MATCHED_FINALIZED,1,1,1,-315.03,5d926eed3daf312d7810863a3786293984c991b1,34c7e44e89019e46fb4b93a3ac7e556c392839a536990c8508c8c4378fe5fdce,V923_PASSIVE_MARKET_EDGE_V1,V924_MARKET_EDGE_SCHEMA_V2,MARKET_EDGE_FEATURE_SNAPSHOT_T0_V2,2014.01.29 23:48:10,0,H4,,2014,1,3,23,47,ASIA,4,3,7,4,3,7,0.75000000,1,1266.68,1266.59,1266.57,-0.10,-0.02,0.18947368,0.11,0.45888325,0.74,3.01319797,1,1,28.43937891,35.42642803,43.94957792,6.98704912,8.52314989,1.21984972,15.51019901,1.74676228,2.84104996,1,1,1267.14,1267.32,1267.14,1267.31,0.18,0.17,0.94943820,0.97752809,0.02247191,0.02808989,1,0.25,0.01943091,35,0.35,1.40913706,1,1,2014.01.29 23:47:00,1,1,57.91762355,0.25,0.01943091,36.35272724,29.03241977,18.18460362,10.84781615,152.02944565,1267.03,1267.21,1267.25,1266.67,1.14769821,0.41312412,2.59716068,-0.73457408,2.18403656,MIXED,RANGE,-0.05792956,-0.10500340,0.04707384,94.63705309,63.64151419,-0.53619303,3.24590933,0.87538854,0,2014.01.29 23:40:00,1,1,24.26916527,0.34,0.02715924,34.32915763,8.26390526,29.83747978,21.57357451,-81.21325071,1267.19,1266.27,1264.72,1262.10,-1.70717889,0.96922886,13.09031579,2.67640775,12.12108693,E20>E50>E100>E200,UP,0.15052056,0.36020948,-0.20968893,38.91050584,56.91241448,-85.16092281,9.08803765,0.17405402,0,2014.01.29 23:30:00,1,1,37.79405264,1.07,0.08418180,32.31041171,17.39556252,28.21722785,10.82166533,9.11373671,1266.13,1263.42,1260.68,1259.18,0.44531892,2.98221866,6.96653166,2.53689974,3.98431300,E20>E50>E100>E200,UP,1.29089737,1.46202638,-0.17112901,25.10031208,32.28642849,-34.48679208,9.34387495,0.59767732,0,2014.01.29 23:00:00,1,1,53.30566207,2.79,0.22053079,26.59581269,16.35461413,16.41444021,0.05982607,66.73065240,1264.34,1260.71,1259.18,1257.54,1.01339874,2.31336051,3.44473169,1.29996177,1.13137117,E20>E50>E100>E200,UP,2.53622674,2.34928474,0.18694201,75.32149823,84.68040459,-19.75013291,3.27487263,0.72948367,0,2014.01.29 21:00:00,1,1,66.45602469,7.20,0.56848808,37.84211629,24.94109778,14.23281975,10.70827803,103.83971739,1261.58,1259.21,1257.57,1253.54,0.77093364,1.09934365,1.88645183,0.32841001,0.78710818,E20>E50>E100>E200,UP,3.11821686,2.29920069,0.81901617,84.92610163,73.31243417,-15.62386417,3.12911715,0.82164634,0,2014.01.29 16:00:00,1,0,,,,,,,,,,,,,,,,,,,,,,,,,,,,,5,5,2,0,4,0,0,1
96,XAUUSD|PERIOD_M1|BUY|1391047740|1391048040|1391048220|1391048340|MARKET_EDGE_MFE_ATR_12_V1,XAUUSD,PERIOD_M1,BUY,BID_OHLC,2014.01.30 02:09:00,2014.01.30 02:14:00,2014.01.30 02:17:00,2014.01.30 02:19:00,2014.01.30 02:19:00,2014.01.30 02:20:00,2014.01.30 02:19:00,1262.85,0.20,4,PERIOD_M1,1,1,12,12,1,0.72,0.20,3.54467564,0.99388005,MARKET_EDGE_MFE_ATR_12_V1,1.0,1,1,0,60,,0,,NOT_EXECUTED_OR_UNRESOLVED,0,,0,,NOT_APPLICABLE_NON_EXECUTED,0,,,,5d926eed3daf312d7810863a3786293984c991b1,34c7e44e89019e46fb4b93a3ac7e556c392839a536990c8508c8c4378fe5fdce,V923_PASSIVE_MARKET_EDGE_V1,V924_MARKET_EDGE_SCHEMA_V2,MARKET_EDGE_FEATURE_SNAPSHOT_T0_V2,2014.01.30 02:20:00,0,H4,,2014,1,4,2,19,ASIA,5,3,8,5,3,8,0.60000000,1,1262.59,1262.46,1262.41,-0.13,-0.05,0.35606061,0.18,0.87637699,0.43,2.10526316,1,1,13.94209354,22.28355867,29.99569393,8.34146513,7.71213526,0.92455404,16.05360039,1.66829303,2.57071175,1,1,1262.62,1262.88,1262.62,1262.85,0.26,0.22,0.86328125,0.86328125,0.13671875,0.00000000,1,0.20,0.01617380,26,0.26,1.26805386,1,1,2014.01.30 02:19:00,1,1,51.45057312,0.20,0.01617380,36.49821127,20.28740709,20.84750310,0.56009601,-9.53792607,1263.08,1263.81,1264.61,1265.36,-1.15245483,-4.70727902,-12.29012948,-3.55482419,-7.58285046,E200>E100>E50>E20,DOWN,-0.40540676,-0.45506257,0.04965581,57.03865791,54.77325343,-69.67559944,9.87925272,0.37627843,0,2014.01.30 02:15:00,1,1,26.81352875,0.65,0.05151068,64.54217329,5.65797345,32.11598209,26.45800864,-141.56339992,1264.54,1265.41,1264.98,1262.98,-2.60006857,-3.93575777,-0.20965891,-1.33568921,3.72609886,MIXED,RANGE,-0.94679833,-0.72457504,-0.22222329,10.39459542,10.00623176,-87.07544334,8.03178333,0.11727763,0,2014.01.30 02:00:00,1,1,16.53426526,1.13,0.08936131,42.54590413,7.82572463,44.36791116,36.54218654,-171.10661112,1265.45,1264.04,1261.53,1259.77,-2.55127135,-1.30028203,2.48423643,1.25098932,3.78451846,E20>E50>E100>E200,UP,-0.15501243,0.57457051,-0.72958294,7.00983837,12.67350791,-98.22446653,5.95394644,-0.09227038,0,2014.01.30 01:30:00,1,1,26.27931479,1.67,0.13234086,24.07509480,11.51762502,26.18683293,14.66920790,-63.68997019,1264.89,1261.63,1259.81,1257.95,-0.66074400,1.28375517,3.48677209,1.94449917,2.20301692,E20>E50>E100>E200,UP,1.61975880,2.31830692,-0.69854812,17.44425386,23.38013700,-42.26475279,5.23423161,0.31971048,0,2014.01.30 01:00:00,1,1,42.83736506,2.32,0.18353640,28.10769723,16.23573091,26.17352222,9.93779131,5.43055716,1262.63,1259.95,1258.05,1253.90,0.49485678,1.65295756,4.25858241,1.15810077,2.60562485,E20>E50>E100>E200,UP,2.80206625,2.72853609,0.07353016,64.15084087,75.77770069,-42.26475279,8.98142008,0.59735314,0,2014.01.29 20:00:00,1,0,,,,,,,,,,,,,,,,,,,,,,,,,,,,,5,3,0,0,3,1,1,1
97,XAUUSD|PERIOD_M1|BUY|1391074200|1391074680|1391075100|1391075220|MARKET_EDGE_MFE_ATR_12_V1,XAUUSD,PERIOD_M1,BUY,BID_OHLC,2014.01.30 09:30:00,2014.01.30 09:38:00,2014.01.30 09:45:00,2014.01.30 09:47:00,2014.01.30 09:47:00,2014.01.30 09:48:01,2014.01.30 09:47:00,1256.56,0.56,4,PERIOD_M1,1,1,12,12,1,0.55,2.67,0.97908322,4.75300401,MARKET_EDGE_MFE_ATR_12_V1,1.0,0,,0,60,,0,,NOT_EXECUTED_OR_UNRESOLVED,0,,0,,NOT_APPLICABLE_NON_EXECUTED,0,,,,5d926eed3daf312d7810863a3786293984c991b1,34c7e44e89019e46fb4b93a3ac7e556c392839a536990c8508c8c4378fe5fdce,V923_PASSIVE_MARKET_EDGE_V1,V924_MARKET_EDGE_SCHEMA_V2,MARKET_EDGE_FEATURE_SNAPSHOT_T0_V2,2014.01.30 09:48:01,0,H4,,2014,1,4,9,47,LONDON,8,7,15,8,7,15,0.87500000,1,1256.94,1256.79,1256.02,-0.15,-0.77,5.16778523,0.92,1.63595906,0.54,0.96128171,1,1,29.41372608,29.89898760,36.50600323,0.48526152,6.60701563,13.61537101,7.09227715,0.06065769,0.94385938,1,1,1256.17,1256.64,1256.17,1256.56,0.47,0.39,0.83155650,0.83155650,0.16844350,0.00000000,1,0.56,0.04470528,33,0.33,0.58388963,1,1,2014.01.30 09:47:00,1,1,40.06633647,0.56,0.04470528,25.79603150,10.09091788,20.09373822,10.00282034,-108.36248271,1256.96,1257.29,1257.61,1258.56,-0.71417488,-1.29463642,-3.54796312,-0.58046154,-2.25332670,E200>E100>E50>E20,DOWN,-0.30611493,-0.24721700,-0.05889793,36.41456583,29.30386831,-62.75862069,2.71809450,0.20773918,0,2014.01.30 09:40:00,1,1,23.23897395,0.79,0.06296452,26.82036973,12.17439936,25.05082119,12.87642182,-202.82249062,1257.62,1259.05,1260.68,1261.43,-1.71508443,-3.52810665,-6.53439498,-1.81302222,-3.00628833,E200>E100>E50>E20,DOWN,-0.55220834,-0.57490377,0.02269542,13.71706223,17.03341617,-99.24416694,2.20049278,-0.15495041,0,2014.01.30 09:30:00,1,1,19.56973246,1.38,0.10951130,36.70119643,11.29709757,27.82216048,16.52506291,-75.72568978,1259.43,1261.33,1261.09,1260.02,-2.30144514,-3.68570678,-2.72848982,-1.38426164,0.95721695,MIXED,RANGE,-1.76660637,-1.60246691,-0.16413945,35.36977492,53.99638059,-87.86148691,7.98897097,0.14913013,0,2014.01.30 09:00:00,1,1,19.94307741,2.41,0.19155801,40.73657000,14.78841245,26.72420905,11.93579660,-84.74197815,1261.09,1261.15,1260.05,1258.35,-1.51113064,-1.53340194,-0.37280398,-0.02227129,1.16059796,MIXED,RANGE,-1.49629442,-0.59492814,-0.90136628,28.21363777,23.56394935,-75.27384756,5.17732818,0.12291382,0,2014.01.30 08:00:00,1,1,25.46672936,3.13,0.24855950,39.07807443,9.41548280,33.22486935,23.80938654,-171.59776999,1261.64,1260.18,1258.43,1254.39,-1.31015192,-0.84377682,1.01089931,0.46637510,1.85467613,E20>E50>E100>E200,UP,0.36151192,1.85380208,-1.49229016,21.93614830,25.02138956,-83.70547581,3.84402896,-0.01634669,0,2014.01.30 04:00:00,1,0,,,,,,,,,,,,,,,,,,,,,,,,,,,,,5,1,0,0,1,2,2,1
98,XAUUSD|PERIOD_M1|BUY|1391113080|1391113500|1391113860|1391113980|MARKET_EDGE_MFE_ATR_12_V1,XAUUSD,PERIOD_M1,BUY,BID_OHLC,2014.01.30 20:18:00,2014.01.30 20:25:00,2014.01.30 20:31:00,2014.01.30 20:33:00,2014.01.30 20:33:00,2014.01.30 20:34:18,2014.01.30 20:33:00,1243.24,0.29,4,PERIOD_M1,1,1,12,12,1,0.49,0.40,1.71627502,1.38903394,MARKET_EDGE_MFE_ATR_12_V1,1.0,1,2,0,60,,0,,EXECUTED,1,32,1,32,MATCHED_FINALIZED,1,0,0,2.04,5d926eed3daf312d7810863a3786293984c991b1,34c7e44e89019e46fb4b93a3ac7e556c392839a536990c8508c8c4378fe5fdce,V923_PASSIVE_MARKET_EDGE_V1,V924_MARKET_EDGE_SCHEMA_V2,MARKET_EDGE_FEATURE_SNAPSHOT_T0_V2,2014.01.30 20:34:18,0,H4,,2014,1,4,20,33,NEWYORK,7,6,13,7,6,13,0.85714286,1,1243.34,1243.05,1242.94,-0.29,-0.11,0.38062284,0.40,1.38903394,0.30,1.05134900,1,1,29.41642220,37.55457980,41.95114711,8.13815760,4.39656731,0.54024111,12.53472491,1.16259394,0.73276122,1,1,1243.18,1243.30,1243.15,1243.24,0.14,0.06,0.42857143,0.64285714,0.35714286,0.21428571,1,0.29,0.02310486,26,0.26,0.91557876,1,1,2014.01.30 20:33:00,1,1,40.74151538,0.29,0.02310486,30.73867231,15.11493193,27.69193367,12.57700174,-82.86492740,1243.62,1243.99,1244.12,1244.12,-1.29345020,-2.59025058,-3.04749543,-1.29680039,-0.45724485,MIXED,RANGE,-0.26747489,-0.25584672,-0.01162817,33.47368421,28.10812723,-71.77570093,5.04565260,0.21880764,0,2014.01.30 20:25:00,1,1,31.75401659,0.77,0.06166594,23.12736715,8.40864773,22.26411387,13.85546614,-165.09781839,1244.12,1244.26,1246.07,1250.08,-0.95458214,-1.13497020,-8.71606691,-0.18038806,-7.58109671,E200>E100>E50>E20,DOWN,-0.05946571,0.16989869,-0.22936440,14.06218656,15.12015986,-84.95575221,3.59529248,0.13205880,0,2014.01.30 20:15:00,1,1,37.58637119,0.94,0.07555938,15.94569328,18.03469559,31.31500462,13.28030904,-55.54314091,1244.48,1248.20,1252.41,1255.28,-1.16014623,-5.11595198,-12.65769240,-3.95580574,-7.54174042,E200>E100>E50>E20,DOWN,-0.98632883,-1.44476240,0.45843357,29.84588397,46.82915192,-64.88549618,5.17593169,0.45601289,0,2014.01.30 20:00:00,1,1,38.56842832,1.79,0.14418209,18.52747586,17.07824521,17.98837460,0.91012938,36.43974444,1246.73,1252.26,1255.19,1256.04,-1.86101189,-4.94480656,-7.05258235,-3.08379467,-2.10777579,E200>E100>E50>E20,DOWN,-3.53507690,-4.36904190,0.83396500,58.25680272,60.50619834,-38.50574713,11.55859056,0.36554892,0,2014.01.30 19:00:00,1,1,28.63206655,3.03,0.24311782,35.44234277,20.33571478,18.97990336,1.35581142,-54.89493671,1251.38,1255.47,1256.22,1253.65,-2.21841603,-3.57232535,-2.97016242,-1.35390931,0.60216292,MIXED,RANGE,-4.67505422,-3.37929070,-1.29576352,49.95138170,40.33073460,-73.86000237,11.27970266,0.22618669,0,2014.01.30 16:00:00,1,0,,,,,,,,,,,,,,,,,,,,,,,,,,,,,5,0,1,0,0,3,3,1
99,XAUUSD|PERIOD_M1|SELL|1391148720|1391148900|1391151960|1391152080|MARKET_EDGE_MFE_ATR_12_V1,XAUUSD,PERIOD_M1,SELL,BID_OHLC,2014.01.31 06:12:00,2014.01.31 06:15:00,2014.01.31 07:06:00,2014.01.31 07:08:00,2014.01.31 07:08:00,2014.01.31 07:09:00,2014.01.31 07:08:00,1242.58,0.25,4,PERIOD_M1,1,1,12,12,1,1.24,0.05,4.89328063,0.19762846,MARKET_EDGE_MFE_ATR_12_V1,1.0,1,2,0,60,,0,,EXECUTED,1,33,1,33,MATCHED_FINALIZED,1,0,0,2.29,5d926eed3daf312d7810863a3786293984c991b1,34c7e44e89019e46fb4b93a3ac7e556c392839a536990c8508c8c4378fe5fdce,V923_PASSIVE_MARKET_EDGE_V1,V924_MARKET_EDGE_SCHEMA_V2,MARKET_EDGE_FEATURE_SNAPSHOT_T0_V2,2014.01.31 07:09:00,0,H4,,2014,1,5,7,8,LONDON,3,51,54,3,51,54,17.00000000,1,1242.93,1242.95,1243.16,0.02,0.21,14.26666667,0.23,0.90513834,-0.58,-2.30434783,1,1,54.22047965,52.88521692,52.71705124,-1.33526273,-0.16816568,0.12594201,1.50342841,-0.44508758,-0.00329737,1,1,1242.84,1242.86,1242.58,1242.58,0.28,0.26,0.94244604,0.00000000,0.05755396,0.00000000,1,0.25,0.02036086,37,0.37,1.45059289,1,1,2014.01.31 07:08:00,1,1,39.83322924,0.25,0.02036086,22.39926243,19.25828434,22.52152786,3.26324352,-46.83168316,1242.72,1242.73,1242.86,1243.01,-0.55312286,-0.61263374,-1.71639437,-0.05951088,-1.10376063,E200>E100>E50>E20,DOWN,0.02501052,0.01713931,0.00787121,35.05376344,54.91830890,-80.85991678,2.26703201,0.26576084,0,2014.01.31 07:00:00,1,1,55.37436897,0.39,0.03119743,13.15286670,15.29940329,11.72626211,3.57314119,114.08186256,1242.84,1243.04,1243.44,1245.39,0.14305106,-0.39686222,-6.45264232,-0.53991328,-6.05578010,E200>E100>E50>E20,DOWN,-0.18266515,-0.19523050,0.01256535,46.09967497,29.61642374,-22.51461988,4.21411703,0.51979775,0,2014.01.31 06:45:00,1,1,35.67664256,0.53,0.04277866,21.52242911,8.99355014,14.62156676,5.62801662,-72.99167975,1243.02,1244.24,1247.50,1251.47,-1.09235372,-3.37511513,-16.98364880,-2.28276141,-13.60853367,E200>E100>E50>E20,DOWN,-0.25426983,-0.17908030,-0.07518953,13.09297913,14.45240655,-88.50877193,4.19916748,0.26138710,0,2014.01.31 06:30:00,1,1,41.24449376,0.95,0.07652269,17.09682766,11.83193841,16.55747091,4.72553249,-77.97900262,1243.62,1247.41,1251.40,1253.82,-1.23511691,-5.22839061,-11.96289921,-3.99327370,-6.73450860,E200>E100>E50>E20,DOWN,-1.23825148,-1.55394574,0.31569426,11.79131484,32.90277006,-81.79505814,3.25779100,0.24673469,0,2014.01.31 06:00:00,1,1,40.82674584,1.51,0.12193728,17.55844976,14.83197823,16.55422088,1.72224265,-93.23739301,1246.05,1251.36,1253.82,1252.64,-2.37861968,-5.88348462,-6.73009443,-3.50486494,-0.84660981,MIXED,RANGE,-3.64480097,-4.22682899,0.58202802,37.56496881,35.14372623,-62.80947255,11.28876239,0.35587759,0,2014.01.31 00:00:00,1,0,,,,,,,,,,,,,,,,,,,,,,,,,,,,,5,5,4,0,0,4,0,1
100,XAUUSD|PERIOD_M1|BUY|1391154660|1391155020|1391155200|1391155320|MARKET_EDGE_MFE_ATR_12_V1,XAUUSD,PERIOD_M1,BUY,BID_OHLC,2014.01.31 07:51:00,2014.01.31 07:57:00,2014.01.31 08:00:00,2014.01.31 08:02:00,2014.01.31 08:02:00,2014.01.31 08:03:03,2014.01.31 08:02:00,1241.82,0.51,4,PERIOD_M1,1,1,12,12,1,0.28,3.32,0.54662062,6.55155402,MARKET_EDGE_MFE_ATR_12_V1,1.0,0,,0,60,,0,,EXECUTED,1,34,1,34,MATCHED_FINALIZED,1,0,0,3.24,5d926eed3daf312d7810863a3786293984c991b1,34c7e44e89019e46fb4b93a3ac7e556c392839a536990c8508c8c4378fe5fdce,V923_PASSIVE_MARKET_EDGE_V1,V924_MARKET_EDGE_SCHEMA_V2,MARKET_EDGE_FEATURE_SNAPSHOT_T0_V2,2014.01.31 08:03:03,0,H4,,2014,1,5,8,2,LONDON,6,3,9,6,3,9,0.50000000,1,1241.45,1241.39,1241.20,-0.05,-0.20,3.62962963,0.25,0.49333991,0.63,1.23532314,1,1,23.76664307,25.91666975,29.04745258,2.15002668,3.13078282,1.45615999,5.28080950,0.35833778,1.04359427,1,1,1241.48,1241.82,1241.48,1241.82,0.34,0.34,1.00000000,1.00000000,0.00000000,0.00000000,1,0.51,0.04080694,37,0.37,0.72224963,1,1,2014.01.31 08:02:00,1,1,43.73790840,0.51,0.04080694,39.13616054,16.56318034,29.47529154,12.91211120,-50.26484667,1242.08,1242.33,1242.49,1242.71,-0.51479585,-1.00658956,-1.75902980,-0.49179371,-0.75244025,E200>E100>E50>E20,DOWN,-0.30882093,-0.25520648,-0.05361445,40.60179758,37.62659176,-61.54791155,5.90214123,0.33904565,0,2014.01.31 07:55:00,1,1,36.17804537,1.04,0.08379621,18.35995998,17.55842963,24.99353860,7.43510897,-93.48962202,1242.57,1242.82,1243.24,1245.08,-0.82865575,-1.07800886,-3.24871357,-0.24935311,-2.17070470,E200>E100>E50>E20,DOWN,-0.16420629,-0.17272467,0.00851839,29.63694739,54.90368515,-71.01449275,1.95858340,0.10091388,1,2014.01.31 07:45:00,1,1,39.24070045,2.00,0.16066644,25.50999672,13.09826507,19.78905283,6.69078776,-75.73191779,1242.79,1243.95,1247.10,1251.11,-0.54416335,-1.12702926,-4.71515343,-0.58286591,-3.58812417,E200>E100>E50>E20,DOWN,-0.31571221,-0.24473785,-0.07097436,54.15259959,49.97412409,-74.57397890,1.35915486,0.09380626,1,2014.01.31 07:30:00,1,1,33.87099592,1.57,0.12605671,20.09698273,13.18866949,20.13057444,6.94190496,-82.12367824,1243.28,1246.98,1251.02,1253.58,-1.00903336,-3.37109309,-7.58625372,-2.36205973,-4.21516063,E200>E100>E50>E20,DOWN,-1.24362353,-1.40204064,0.15841711,24.03466433,18.19949916,-74.57397890,2.23091375,0.09582613,0,2014.01.31 07:00:00,1,1,36.92753869,2.05,0.16471330,18.40055060,12.85438113,20.91703974,8.06265860,-139.87506985,1245.63,1250.98,1253.58,1252.53,-1.92104976,-4.53438484,-5.29338035,-2.61333508,-0.75899551,MIXED,RANGE,-3.54986750,-4.09492851,0.54506101,22.56683254,31.30849154,-81.85328185,7.03795544,0.32459472,0,2014.01.31 04:00:00,1,0,,,,,,,,,,,,,,,,,,,,,,,,,,,,,5,0,0,2,0,4,4,1
101,XAUUSD|PERIOD_M1|SELL|1391169360|1391169840|1391170500|1391170620|MARKET_EDGE_MFE_ATR_12_V1,XAUUSD,PERIOD_M1,SELL,BID_OHLC,2014.01.31 11:56:00,2014.01.31 12:04:00,2014.01.31 12:15:00,2014.01.31 12:17:00,2014.01.31 12:17:00,2014.01.31 12:18:00,2014.01.31 12:17:00,1248.21,0.26,4,PERIOD_M1,1,1,12,12,1,0.13,2.09,0.51550388,8.10465116,MARKET_EDGE_MFE_ATR_12_V1,1.0,0,,0,60,,0,,NOT_EXECUTED_OR_UNRESOLVED,0,,0,,NOT_APPLICABLE_NON_EXECUTED,0,,,,5d926eed3daf312d7810863a3786293984c991b1,34c7e44e89019e46fb4b93a3ac7e556c392839a536990c8508c8c4378fe5fdce,V923_PASSIVE_MARKET_EDGE_V1,V924_MARKET_EDGE_SCHEMA_V2,MARKET_EDGE_FEATURE_SNAPSHOT_T0_V2,2014.01.31 12:18:00,0,H4,,2014,1,5,12,17,OVERLAP,8,11,19,8,11,19,1.37500000,1,1248.04,1248.34,1248.37,0.30,0.03,0.09333333,0.33,1.27131783,-0.16,-0.62790698,1,1,65.67701769,65.65814790,58.88485457,-0.01886978,-6.77329334,358.94920276,6.79216312,-0.00235872,-0.61575394,1,1,1248.15,1248.24,1248.10,1248.21,0.14,0.06,0.39436620,0.76760563,0.23239437,0.37323944,1,0.26,0.02066962,33,0.33,1.29457364,1,1,2014.01.31 12:17:00,1,1,64.16509630,0.26,0.02066962,38.31300271,27.08417248,10.75190921,16.33226326,111.45316687,1247.86,1247.30,1246.37,1245.06,1.33809137,3.53939910,12.19448980,2.20130773,8.65509070,E20>E50>E100>E200,UP,0.22982689,0.21613989,0.01368700,62.57040451,69.20334870,-22.88135593,4.99868206,0.81818465,0,2014.01.31 12:10:00,1,1,71.40524831,0.81,0.06518902,44.59796051,21.83314723,6.50809070,15.32505653,82.93213080,1246.34,1244.62,1243.83,1244.56,2.40450690,4.51590809,4.59013531,2.11140120,0.07422722,MIXED,RANGE,1.23075871,1.12291249,0.10784623,65.63386944,61.96819954,-6.64177114,5.93350337,0.91108955,0,2014.01.31 12:00:00,1,1,80.19499067,1.65,0.13216048,47.32942587,25.60401349,5.88021655,19.72379694,116.65771188,1244.41,1243.99,1246.14,1249.94,2.35168004,2.61081611,-0.99776610,0.25913606,-3.60858221,MIXED,RANGE,1.25073385,0.52459521,0.72613864,79.26615654,73.61838660,-2.67196051,6.39012032,0.97177977,0,2014.01.31 11:30:00,1,1,71.00222235,2.38,0.19053564,27.49746035,32.11024566,12.05985460,20.05039105,169.05769807,1243.68,1246.08,1249.92,1252.81,1.45717925,0.44735581,-2.38320715,-1.00982344,-2.83056296,E200>E100>E50>E20,DOWN,-0.00946081,-0.91097982,0.90151901,81.98390922,83.68891051,-13.90406197,2.78080095,1.11994181,0,2014.01.31 11:00:00,1,1,58.22144477,4.08,0.32742863,18.18278452,25.07329824,17.28075250,7.79254574,248.61476588,1245.13,1249.94,1252.83,1252.19,0.49175057,-0.68462114,-1.23605174,-1.17637171,-0.55143061,MIXED,RANGE,-2.37347010,-3.46891520,1.09544511,81.15917961,62.79247352,-13.90406197,1.39345727,1.17090991,1,2014.01.31 08:00:00,1,0,,,,,,,,,,,,,,,,,,,,,,,,,,,,,5,3,0,1,1,1,1,1
102,XAUUSD|PERIOD_M1|SELL|1391174880|1391175120|1391175420|1391175540|MARKET_EDGE_MFE_ATR_12_V1,XAUUSD,PERIOD_M1,SELL,BID_OHLC,2014.01.31 13:28:00,2014.01.31 13:32:00,2014.01.31 13:37:00,2014.01.31 13:39:00,2014.01.31 13:39:00,2014.01.31 13:40:00,2014.01.31 13:39:00,1252.87,0.85,4,PERIOD_M1,1,1,12,12,1,0.40,0.77,0.46397188,0.90568248,MARKET_EDGE_MFE_ATR_12_V1,1.0,0,,0,60,,0,,EXECUTED,1,35,1,35,MATCHED_FINALIZED,1,0,0,3.96,5d926eed3daf312d7810863a3786293984c991b1,34c7e44e89019e46fb4b93a3ac7e556c392839a536990c8508c8c4378fe5fdce,V923_PASSIVE_MARKET_EDGE_V1,V924_MARKET_EDGE_SCHEMA_V2,MARKET_EDGE_FEATURE_SNAPSHOT_T0_V2,2014.01.31 13:40:00,0,H4,,2014,1,5,13,39,OVERLAP,4,5,9,4,5,9,1.25000000,1,1253.47,1253.94,1254.91,0.47,0.97,2.06382979,1.44,1.68717047,-2.04,-2.39484476,1,1,83.73834560,75.45893722,69.16315783,-8.27940839,-6.29577939,0.76041416,14.57518777,-2.06985210,-1.25915588,1,1,1253.35,1253.44,1252.81,1252.87,0.64,0.48,0.74804382,0.09859155,0.15336463,0.09859155,1,0.85,0.06812364,36,0.36,0.41593439,1,1,2014.01.31 13:39:00,1,1,48.98159588,0.85,0.06812364,51.15734148,25.03681318,23.70654370,1.33026948,-55.91647331,1252.74,1251.17,1249.72,1247.89,0.15586713,1.99342203,5.83300615,1.83755490,3.83958412,E20>E50>E100>E200,UP,0.91794995,1.04934072,-0.13139077,18.24995316,49.37607424,-67.68211921,4.78508015,0.51543805,0,2014.01.31 13:35:00,1,1,73.00411475,1.79,0.14273240,50.24178079,35.79034050,5.27390998,30.51643052,134.25755640,1249.78,1247.29,1245.57,1245.38,1.72562589,3.11820572,4.19021133,1.39257982,1.07200562,E20>E50>E100>E200,UP,1.72369558,1.22657754,0.49711804,82.65958731,87.81053689,-28.46003899,4.21121263,0.95349032,0,2014.01.31 13:15:00,1,1,86.37981498,2.11,0.16813105,60.03097284,36.43310513,3.86311018,32.56999495,173.20949537,1246.52,1245.01,1246.47,1249.92,2.95558757,3.67135579,1.33962384,0.71576822,-2.33173195,MIXED,RANGE,2.04091296,1.34371496,0.69719800,74.95670817,65.58777633,-6.45446508,6.53943525,1.03627259,0,2014.01.31 13:00:00,1,1,84.10970305,3.41,0.27184347,38.24733845,36.78332972,7.85051869,28.93281103,164.31484152,1245.36,1246.53,1249.93,1252.72,2.16716353,1.82375554,0.00571461,-0.34340800,-1.81804092,E200>E100>E50>E20,DOWN,1.21431169,-0.21564277,1.42995446,82.18509228,79.74660262,-4.86666667,3.59450469,1.20271136,0,2014.01.31 12:00:00,1,1,62.33256483,3.97,0.31763720,20.04157529,29.15261106,14.97665216,14.17595890,230.15070686,1245.47,1249.89,1252.75,1252.15,0.80731417,-0.30634889,-0.87776314,-1.11366305,-0.57141426,MIXED,RANGE,-1.81905651,-3.20702605,1.38796954,86.17530014,77.05557110,-13.75665849,1.85312518,1.19015363,1,2014.01.31 08:00:00,1,0,,,,,,,,,,,,,,,,,,,,,,,,,,,,,5,1,0,1,2,1,2,1
103,XAUUSD|PERIOD_M1|BUY|1391183640|1391184480|1391184660|1391184780|MARKET_EDGE_MFE_ATR_12_V1,XAUUSD,PERIOD_M1,BUY,BID_OHLC,2014.01.31 15:54:00,2014.01.31 16:08:00,2014.01.31 16:11:00,2014.01.31 16:13:00,2014.01.31 16:13:00,2014.01.31 16:14:00,2014.01.31 16:13:00,1242.49,0.57,4,PERIOD_M1,1,1,12,12,1,0.22,3.14,0.38444736,5.49235474,MARKET_EDGE_MFE_ATR_12_V1,1.0,0,,0,60,,0,,NOT_EXECUTED_OR_UNRESOLVED,0,,0,,NOT_APPLICABLE_NON_EXECUTED,0,,,,5d926eed3daf312d7810863a3786293984c991b1,34c7e44e89019e46fb4b93a3ac7e556c392839a536990c8508c8c4378fe5fdce,V923_PASSIVE_MARKET_EDGE_V1,V924_MARKET_EDGE_SCHEMA_V2,MARKET_EDGE_FEATURE_SNAPSHOT_T0_V2,2014.01.31 16:14:00,0,H4,,2014,1,5,16,13,OVERLAP,14,3,17,14,3,17,0.21428571,1,1241.88,1241.74,1241.66,-0.14,-0.08,0.62500000,0.22,0.38619484,0.83,1.45740498,1,1,18.71939209,22.56561608,27.68379843,3.84622400,5.11818234,1.33070314,8.96440634,0.27473029,1.70606078,1,1,1242.68,1242.68,1242.29,1242.49,0.40,0.19,0.47738693,0.52261307,0.00000000,0.52261307,1,0.57,0.04605660,34,0.34,0.60113587,1,1,2014.01.31 16:13:00,1,1,47.11888783,0.57,0.04605660,41.30540765,11.35588703,21.43746527,10.08157824,-33.69249187,1243.07,1244.52,1246.27,1247.48,-1.01101709,-3.53786434,-8.72246027,-2.52684725,-5.18459593,E200>E100>E50>E20,DOWN,-0.72354605,-0.75143498,0.02788892,66.13756614,43.61297325,-68.13144822,5.28294011,0.32362840,0,2014.01.31 16:05:00,1,1,23.39099518,2.12,0.17057605,46.99328669,6.74562043,33.32793896,26.58231854,-135.00625984,1246.41,1247.62,1246.81,1246.21,-2.09780871,-2.66900612,-2.00415919,-0.57119741,0.66484693,MIXED,RANGE,-1.94775621,-1.41583722,-0.53191899,24.94482759,25.74253560,-97.65665865,6.52019223,0.10507571,0,2014.01.31 15:45:00,1,1,34.78244648,3.89,0.31227117,37.37710167,13.95155553,32.43715641,18.48560088,-150.42698044,1247.85,1246.36,1246.97,1249.86,-0.96186865,-0.57789084,-1.48099602,0.38397781,-0.90310518,MIXED,RANGE,0.62408401,1.83521473,-1.21113072,27.37738044,26.11638966,-82.88191514,2.69373479,0.05519073,0,2014.01.31 15:30:00,1,1,42.69132286,4.59,0.36893814,35.56840558,24.77188570,21.16917213,3.60271356,-65.54930842,1246.58,1246.93,1249.82,1252.53,-0.53882910,-0.61344101,-1.83497811,-0.07461191,-1.22153711,E200>E100>E50>E20,DOWN,1.14884853,1.12490643,0.02394209,28.14865368,41.82986117,-71.67407604,3.38205647,0.40789853,0,2014.01.31 15:00:00,1,1,47.35613370,5.60,0.44975890,23.75485164,25.65912439,22.02417600,3.63494839,20.14436892,1246.30,1249.77,1252.53,1252.06,-0.39193825,-1.01112773,-1.42033131,-0.61918948,-0.40920358,MIXED,RANGE,-0.76594178,-2.22524232,1.45930055,56.08018799,72.15629773,-65.70559611,2.12011330,0.47890517,0,2014.01.31 12:00:00,1,0,,,,,,,,,,,,,,,,,,,,,,,,,,,,,5,0,2,0,0,2,2,1
104,XAUUSD|PERIOD_M1|SELL|1391185860|1391186640|1391187480|1391187600|MARKET_EDGE_MFE_ATR_12_V1,XAUUSD,PERIOD_M1,SELL,BID_OHLC,2014.01.31 16:31:00,2014.01.31 16:44:00,2014.01.31 16:58:00,2014.01.31 17:00:00,2014.01.31 17:00:00,2014.01.31 17:01:01,2014.01.31 17:00:00,1242.18,0.53,4,PERIOD_M1,1,1,12,12,1,1.61,0.16,3.04068117,0.30842006,MARKET_EDGE_MFE_ATR_12_V1,1.0,1,1,0,60,,0,,EXECUTED,1,36,1,36,MATCHED_FINALIZED,1,0,0,2.28,5d926eed3daf312d7810863a3786293984c991b1,34c7e44e89019e46fb4b93a3ac7e556c392839a536990c8508c8c4378fe5fdce,V923_PASSIVE_MARKET_EDGE_V1,V924_MARKET_EDGE_SCHEMA_V2,MARKET_EDGE_FEATURE_SNAPSHOT_T0_V2,2014.01.31 17:01:01,0,H4,,2014,1,5,17,0,NEWYORK,13,14,27,13,14,27,1.07692308,1,1243.34,1243.48,1243.54,0.14,0.06,0.42142857,0.20,0.37653737,-1.36,-2.57899716,1,1,70.46901911,63.04927891,54.20686494,-7.41974021,-8.84241397,1.19174172,16.26215417,-0.57074925,-0.63160100,1,1,1242.74,1242.75,1242.17,1242.18,0.58,0.56,0.97743056,0.01041667,0.01215278,0.01041667,1,0.53,0.04254620,34,0.34,0.63954588,1,1,2014.01.31 17:00:00,1,1,42.59089306,0.53,0.04254620,16.66368956,23.07657213,31.01296274,7.93639061,-108.92198039,1242.64,1242.72,1243.81,1245.48,-0.88064256,-1.01421619,-6.25268984,-0.13357363,-5.23847365,E200>E100>E50>E20,DOWN,0.09737835,0.14908401,-0.05170566,24.37451638,51.92486718,-99.56172389,2.52092226,0.03922046,0,2014.01.31 16:55:00,1,1,47.44992499,1.07,0.08605970,31.14846148,19.99570306,16.06209445,3.93360861,50.19074442,1243.71,1245.79,1245.94,1245.81,-0.90618442,-2.84538560,-2.87164693,-1.93920119,-0.02626132,MIXED,RANGE,-1.61139095,-2.03155769,0.42016674,61.24136062,70.25827708,-38.58410284,6.88913509,0.42172835,0,2014.01.31 16:45:00,1,1,37.36307358,2.51,0.20235495,39.51425349,12.01488862,26.11976158,14.10487295,-78.39708998,1245.99,1245.74,1246.60,1249.56,-1.29332581,-1.19311728,-2.71276041,0.10020853,-1.51964313,MIXED,RANGE,-0.82408308,0.61019857,-1.43428164,36.46372198,24.66202501,-78.20471631,5.85110438,0.14651848,0,2014.01.31 16:30:00,1,1,42.21037251,5.37,0.43206876,28.70297682,18.60643859,21.83534875,3.22891016,-109.75899509,1245.71,1246.53,1249.50,1252.32,-0.55318047,-0.70517412,-1.78371622,-0.15199365,-1.07854210,E200>E100>E50>E20,DOWN,0.19878727,1.16542295,-0.96663568,16.94689085,20.95327054,-78.20471631,2.95021606,0.32815995,0,2014.01.31 16:00:00,1,1,44.66367378,6.04,0.48582087,21.61098468,22.23790780,25.93563653,3.69772872,-62.46693296,1245.96,1249.49,1252.33,1251.97,-0.53380435,-1.11821214,-1.52774538,-0.58440779,-0.40953324,MIXED,RANGE,-0.98323786,-1.94006125,0.95682339,35.48831810,56.48463251,-74.03284672,1.97795799,0.37245352,1,2014.01.31 12:00:00,1,0,,,,,,,,,,,,,,,,,,,,,,,,,,,,,5,5,4,1,0,2,0,1
105,XAUUSD|PERIOD_M1|SELL|1391196960|1391197980|1391199240|1391199360|MARKET_EDGE_MFE_ATR_12_V1,XAUUSD,PERIOD_M1,SELL,BID_OHLC,2014.01.31 19:36:00,2014.01.31 19:53:00,2014.01.31 20:14:00,2014.01.31 20:16:00,2014.01.31 20:16:00,2014.01.31 20:17:03,2014.01.31 20:16:00,1242.44,0.48,4,PERIOD_M1,1,1,12,12,1,0.00,0.91,0.00000000,1.91276931,MARKET_EDGE_MFE_ATR_12_V1,1.0,0,,0,60,,0,,EXECUTED,1,37,1,37,MATCHED_FINALIZED,1,0,0,2.03,5d926eed3daf312d7810863a3786293984c991b1,34c7e44e89019e46fb4b93a3ac7e556c392839a536990c8508c8c4378fe5fdce,V923_PASSIVE_MARKET_EDGE_V1,V924_MARKET_EDGE_SCHEMA_V2,MARKET_EDGE_FEATURE_SNAPSHOT_T0_V2,2014.01.31 20:17:03,0,H4,,2014,1,5,20,16,NEWYORK,17,21,38,17,21,38,1.23529412,1,1241.65,1241.84,1243.23,0.19,1.38,7.13917526,1.58,3.31897005,-0.79,-1.65002627,1,1,78.51639904,75.61332153,74.41326753,-2.90307750,-1.20005400,0.41337305,4.10313151,-0.17076926,-0.05714543,1,1,1242.54,1242.64,1242.44,1242.44,0.20,0.10,0.50000000,0.00000000,0.50000000,0.00000000,1,0.48,0.03829153,25,0.25,0.51918024,1,1,2014.01.31 20:16:00,1,1,64.83460760,0.48,0.03829153,49.44603579,27.00956523,11.21545932,15.79410591,84.49578484,1242.00,1241.46,1241.17,1241.63,0.92215429,2.06326067,1.70500489,1.14110638,-0.35825578,MIXED,RANGE,0.37343037,0.33185548,0.04157489,47.17179690,58.45235841,-44.85714286,4.18293420,0.76806116,0,2014.01.31 20:10:00,1,1,75.31542879,0.80,0.06411500,30.15503773,42.28157025,13.01597676,29.26559349,182.35182477,1241.19,1242.02,1243.28,1244.27,1.87885422,0.84365235,-1.98398500,-1.03520187,-2.82763735,E200>E100>E50>E20,DOWN,0.13801760,-0.20262254,0.34064015,88.04795804,76.18719143,-15.27975007,3.82997742,1.12711072,0,2014.01.31 20:00:00,1,1,70.15796345,1.41,0.11356421,36.92822821,24.01230435,14.64994563,9.36235872,109.04933132,1242.34,1243.80,1245.31,1248.51,0.24870847,-0.78461459,-4.12666602,-1.03332306,-3.34205143,E200>E100>E50>E20,DOWN,-1.32221379,-1.64494007,0.32272628,73.16313077,66.48426046,-20.88638590,5.15410177,0.61110537,0,2014.01.31 19:30:00,1,1,44.98484361,1.53,0.12304583,23.17102485,18.20186123,16.10625552,2.09560571,-57.24241809,1243.46,1245.29,1248.51,1251.65,-1.61080063,-2.81104099,-6.97116709,-1.20024036,-4.16012610,E200>E100>E50>E20,DOWN,-1.22681347,-0.32888988,-0.89792359,30.67456278,21.78827001,-89.39150549,10.91131848,0.24455309,0,2014.01.31 19:00:00,1,1,44.34539807,3.08,0.24838820,19.02552511,14.47605435,20.61519941,6.13914505,-73.33779011,1244.58,1248.49,1251.65,1251.63,-1.16080942,-2.42941369,-3.44830555,-1.26860427,-1.01889186,MIXED,RANGE,-1.72369784,-1.36679121,-0.35690663,9.14487599,12.56021736,-84.62287105,4.21277016,0.28231329,0,2014.01.31 16:00:00,1,0,,,,,,,,,,,,,,,,,,,,,,,,,,,,,5,4,1,0,0,3,0,1
106,XAUUSD|PERIOD_M1|SELL|1391402100|1391402700|1391404080|1391404200|MARKET_EDGE_MFE_ATR_12_V1,XAUUSD,PERIOD_M1,SELL,BID_OHLC,2014.02.03 04:35:00,2014.02.03 04:45:00,2014.02.03 05:08:00,2014.02.03 05:10:00,2014.02.03 05:10:00,2014.02.03 05:11:02,2014.02.03 05:10:00,1245.22,0.27,4,PERIOD_M1,1,1,12,12,1,0.36,0.00,1.31386861,0.00000000,MARKET_EDGE_MFE_ATR_12_V1,1.0,1,3,0,60,,0,,NOT_EXECUTED_OR_UNRESOLVED,0,,0,,NOT_APPLICABLE_NON_EXECUTED,0,,,,5d926eed3daf312d7810863a3786293984c991b1,34c7e44e89019e46fb4b93a3ac7e556c392839a536990c8508c8c4378fe5fdce,V923_PASSIVE_MARKET_EDGE_V1,V924_MARKET_EDGE_SCHEMA_V2,MARKET_EDGE_FEATURE_SNAPSHOT_T0_V2,2014.02.03 05:11:02,0,H4,,2014,2,1,5,10,ASIA,10,23,33,10,23,33,2.30000000,1,1244.69,1244.94,1245.35,0.25,0.41,1.61811024,0.66,2.42700730,-0.13,-0.47445255,1,1,85.69676166,82.60606309,63.44834091,-3.09069857,-19.15772219,6.19850877,22.24842076,-0.30906986,-0.83294444,1,1,1245.07,1245.26,1244.94,1245.22,0.32,0.15,0.47468354,0.88607595,0.11392405,0.41139241,1,0.27,0.02200409,33,0.33,1.21897810,1,1,2014.02.03 05:10:00,1,1,62.68773507,0.27,0.02200409,20.91347036,18.77584546,18.86263480,0.08678934,68.85672692,1244.92,1244.64,1244.48,1244.36,1.12271096,2.13325762,3.13349211,1.01054666,1.00023450,E20>E50>E100>E200,UP,0.18234197,0.14737827,0.03496370,56.96571845,68.45752600,-13.82978723,3.60112017,0.87427527,0,2014.02.03 05:05:00,1,1,72.62331446,0.31,0.02465719,24.52744852,33.62765096,11.95886109,21.66878986,126.86806854,1244.50,1244.30,1244.08,1244.19,1.87316815,2.51406918,2.88733997,0.64090103,0.37327079,MIXED,RANGE,0.13995669,-0.00043921,0.14039590,73.95635674,76.03515824,-15.63372418,5.50532693,0.94490519,0,2014.02.03 04:45:00,1,1,53.80160893,0.61,0.04878791,22.65614429,19.95285158,20.77363578,0.82078420,58.09807201,1244.25,1244.08,1244.77,1247.34,0.70096479,0.97226398,-4.39103471,0.27129919,-5.36329869,MIXED,RANGE,0.24316052,0.31129537,-0.06813485,65.79710145,44.88171355,-38.34033613,3.56510549,0.66587292,0,2014.02.03 04:30:00,1,1,56.77529064,0.95,0.07608424,24.81969526,22.22134035,15.89165689,6.32968346,51.37094082,1244.12,1244.79,1247.33,1250.54,0.58814921,-0.11963829,-6.19863417,-0.70778750,-6.07899588,E200>E100>E50>E20,DOWN,0.08337196,-0.04723873,0.13061068,36.25134264,45.41018590,-26.99916411,6.90771435,0.69024382,0,2014.02.03 04:00:00,1,1,58.18099802,1.42,0.11424687,13.74463634,12.22023838,17.90781070,5.68757232,15.64824263,1244.52,1247.39,1250.59,1251.08,0.10525542,-1.91050686,-4.50566104,-2.01576228,-2.59515417,E200>E100>E50>E20,DOWN,-0.70137968,-1.14407288,0.44269320,68.27899777,73.77124598,-62.22679534,8.68916834,0.50926271,0,2014.02.03 00:00:00,1,0,,,,,,,,,,,,,,,,,,,,,,,,,,,,,5,3,3,0,1,2,1,1
107,XAUUSD|PERIOD_M1|BUY|1391413500|1391413800|1391414400|1391414520|MARKET_EDGE_MFE_ATR_12_V1,XAUUSD,PERIOD_M1,BUY,BID_OHLC,2014.02.03 07:45:00,2014.02.03 07:50:00,2014.02.03 08:00:00,2014.02.03 08:02:00,2014.02.03 08:02:00,2014.02.03 08:03:00,2014.02.03 08:02:00,1242.38,0.51,4,PERIOD_M1,1,1,12,12,1,1.12,0.00,2.19607843,0.00000000,MARKET_EDGE_MFE_ATR_12_V1,1.0,1,3,0,60,,0,,NOT_EXECUTED_OR_UNRESOLVED,0,,0,,NOT_APPLICABLE_NON_EXECUTED,0,,,,5d926eed3daf312d7810863a3786293984c991b1,34c7e44e89019e46fb4b93a3ac7e556c392839a536990c8508c8c4378fe5fdce,V923_PASSIVE_MARKET_EDGE_V1,V924_MARKET_EDGE_SCHEMA_V2,MARKET_EDGE_FEATURE_SNAPSHOT_T0_V2,2014.02.03 08:03:00,0,H4,,2014,2,1,8,2,LONDON,5,10,15,5,10,15,2.00000000,1,1242.06,1241.72,1241.68,-0.33,-0.04,0.12048193,0.37,0.72941176,0.70,1.37254902,1,1,15.50452565,27.26299294,37.59999191,11.75846729,10.33699896,0.87911109,22.09546625,2.35169346,1.03369990,1,1,1242.45,1242.45,1242.20,1242.38,0.25,0.07,0.28000000,0.72000000,0.00000000,0.72000000,1,0.51,0.04105014,35,0.35,0.69411765,1,1,2014.02.03 08:02:00,1,1,47.22948699,0.51,0.04105014,21.87832003,17.53823108,16.86894035,0.66929074,-10.47797954,1242.59,1243.40,1244.20,1244.64,-0.39997339,-1.99290546,-4.43328100,-1.59293207,-2.44037555,E200>E100>E50>E20,DOWN,-0.36381927,-0.40821674,0.04439747,56.76567657,35.05242832,-46.15384615,2.68501860,0.43993542,0,2014.02.03 07:55:00,1,1,14.80832451,1.06,0.08526596,71.89325016,2.84788148,42.19018080,39.34229932,-132.36616386,1244.23,1244.69,1244.54,1244.45,-2.38647467,-2.82464714,-2.59447726,-0.43817247,0.23016988,MIXED,RANGE,-0.80658286,-0.38688422,-0.41969863,20.72676450,19.86312096,-100.00000000,5.97079228,-0.00723108,0,2014.02.03 07:45:00,1,1,24.18731830,1.27,0.10260102,31.42650380,12.51602275,47.01252148,34.49649873,-208.57226462,1244.59,1244.42,1244.83,1247.08,-2.26732416,-2.13346977,-4.22309365,0.13385439,-2.08962388,MIXED,RANGE,-0.11210052,0.42190339,-0.53400390,3.48827906,8.96781554,-100.00000000,3.81168712,-0.14409852,0,2014.02.03 07:30:00,1,1,35.27842319,1.91,0.15368007,28.06483205,20.38172852,28.87502011,8.49329160,-209.62506271,1244.44,1244.83,1247.07,1250.22,-1.43672000,-1.63809185,-4.46504797,-0.20137185,-2.82695612,E200>E100>E50>E20,DOWN,0.09288544,0.23762354,-0.14473811,21.04238937,55.19784650,-100.00000000,2.38539755,-0.10764270,0,2014.02.03 07:00:00,1,1,41.25639627,2.28,0.18357852,13.73656021,21.88863831,22.47056774,0.58192943,-22.95157286,1244.49,1247.06,1250.24,1250.89,-1.22304471,-2.35062271,-4.02869117,-1.12757800,-1.67806846,E200>E100>E50>E20,DOWN,-0.57816419,-0.80033736,0.22217318,43.85751520,64.97540626,-70.51871307,5.24596773,0.23846780,0,2014.02.03 04:00:00,1,0,,,,,,,,,,,,,,,,,,,,,,,,,,,,,5,0,1,0,0,3,3,1
108,XAUUSD|PERIOD_M1|SELL|1391418540|1391419320|1391420100|1391420220|MARKET_EDGE_MFE_ATR_12_V1,XAUUSD,PERIOD_M1,SELL,BID_OHLC,2014.02.03 09:09:00,2014.02.03 09:22:00,2014.02.03 09:35:00,2014.02.03 09:37:00,2014.02.03 09:37:00,2014.02.03 09:38:00,2014.02.03 09:37:00,1244.57,0.44,4,PERIOD_M1,1,1,12,12,1,0.97,0.14,2.21841052,0.32018296,MARKET_EDGE_MFE_ATR_12_V1,1.0,1,2,0,60,,0,,NOT_EXECUTED_OR_UNRESOLVED,0,,0,,NOT_APPLICABLE_NON_EXECUTED,0,,,,5d926eed3daf312d7810863a3786293984c991b1,34c7e44e89019e46fb4b93a3ac7e556c392839a536990c8508c8c4378fe5fdce,V923_PASSIVE_MARKET_EDGE_V1,V924_MARKET_EDGE_SCHEMA_V2,MARKET_EDGE_FEATURE_SNAPSHOT_T0_V2,2014.02.03 09:38:00,0,H4,,2014,2,1,9,37,LONDON,13,13,26,13,13,26,1.00000000,1,1243.51,1244.78,1244.94,1.27,0.16,0.12598425,1.43,3.27044025,-0.37,-0.84619783,1,1,80.91919054,74.02420338,66.35798661,-6.89498715,-7.66621677,1.11185367,14.56120393,-0.53038363,-0.58970898,1,1,1244.43,1244.61,1244.36,1244.57,0.25,0.14,0.56000000,0.84000000,0.16000000,0.28000000,1,0.44,0.03513253,35,0.35,0.80731847,1,1,2014.02.03 09:37:00,1,1,65.94741512,0.44,0.03513253,25.68797144,26.42465547,16.38441002,10.04024545,72.15139050,1243.98,1243.41,1243.26,1243.60,1.35433224,2.65848445,2.23060392,1.30415222,-0.42788054,MIXED,RANGE,0.35209078,0.34717286,0.00491792,70.97505669,74.32736639,-25.17006803,3.46568817,0.78808105,0,2014.02.03 09:30:00,1,1,61.07959281,1.14,0.09178444,36.16335159,23.69347108,14.03352497,9.65994610,117.21386136,1243.27,1243.74,1244.01,1244.17,1.07356516,0.65701057,0.28309854,-0.41655459,-0.37391203,E200>E100>E50>E20,DOWN,-0.01590912,-0.46184161,0.44593249,79.37121505,82.58879401,-7.32997481,3.13280235,0.98800547,0,2014.02.03 09:15:00,1,1,49.22641786,1.63,0.13077671,33.93109776,22.75922872,25.87935574,3.12012702,-13.97645435,1243.72,1244.04,1244.58,1246.82,0.00131378,-0.19443564,-1.90605233,-0.19574942,-1.71161669,E200>E100>E50>E20,DOWN,-0.51187338,-0.25944578,-0.25242760,63.52564103,48.81740786,-53.51437700,4.03215138,0.40829933,0,2014.02.03 09:00:00,1,1,48.59377311,2.22,0.17871745,23.97206141,23.91294775,25.22947271,1.31652497,-54.47016775,1243.97,1244.58,1246.81,1250.00,-0.11289962,-0.38385868,-2.82283295,-0.27095906,-2.43897427,E200>E100>E50>E20,DOWN,-0.26078438,0.14323401,-0.40401839,25.94970257,13.13184075,-53.51437700,2.36043675,0.39264600,0,2014.02.03 08:00:00,1,1,42.84909066,2.61,0.20990524,13.43439905,18.97015320,23.88589229,4.91573908,-85.25598011,1244.25,1246.86,1250.07,1250.80,-0.86829740,-1.86932601,-3.37892986,-1.00102861,-1.50960385,E200>E100>E50>E20,DOWN,-0.71824820,-0.73866379,0.02041559,23.74347797,48.47910655,-66.76296783,4.60491704,0.28477335,0,2014.02.03 04:00:00,1,0,,,,,,,,,,,,,,,,,,,,,,,,,,,,,5,3,3,0,0,4,0,1
109,XAUUSD|PERIOD_M1|SELL|1391423100|1391423460|1391423760|1391423880|MARKET_EDGE_MFE_ATR_12_V1,XAUUSD,PERIOD_M1,SELL,BID_OHLC,2014.02.03 10:25:00,2014.02.03 10:31:00,2014.02.03 10:36:00,2014.02.03 10:38:00,2014.02.03 10:38:00,2014.02.03 10:39:01,2014.02.03 10:38:00,1246.65,0.61,4,PERIOD_M1,1,1,12,12,1,0.65,0.13,1.06776181,0.21355236,MARKET_EDGE_MFE_ATR_12_V1,1.0,1,9,0,60,,0,,NOT_EXECUTED_OR_UNRESOLVED,0,,0,,NOT_APPLICABLE_NON_EXECUTED,0,,,,5d926eed3daf312d7810863a3786293984c991b1,34c7e44e89019e46fb4b93a3ac7e556c392839a536990c8508c8c4378fe5fdce,V923_PASSIVE_MARKET_EDGE_V1,V924_MARKET_EDGE_SCHEMA_V2,MARKET_EDGE_FEATURE_SNAPSHOT_T0_V2,2014.02.03 10:39:01,0,H4,,2014,2,1,10,38,LONDON,6,5,11,6,5,11,0.83333333,1,1246.62,1246.90,1247.69,0.29,0.79,2.74305556,1.08,1.77084189,-1.04,-1.70841889,1,1,77.17852715,60.81178241,60.62777942,-16.36674474,-0.18400299,0.01124249,16.55074773,-2.72779079,-0.03680060,1,1,1246.84,1246.98,1246.65,1246.65,0.33,0.19,0.56927711,0.00000000,0.43072289,0.00000000,1,0.61,0.04883075,35,0.35,0.57330595,1,1,2014.02.03 10:38:00,1,1,60.27552985,0.61,0.04883075,49.30675107,19.94316172,4.78008375,15.16307797,104.89696744,1246.38,1245.76,1245.00,1244.50,0.44398814,1.46607909,3.53097966,1.02209094,2.06490057,E20>E50>E100>E200,UP,0.27599605,0.28051359,-0.00451755,27.93217146,35.56469433,-62.65060241,2.20080584,0.73247038,0,2014.02.03 10:30:00,1,1,78.25318945,0.55,0.04375962,36.43419709,35.30835198,10.80637587,24.50197610,100.74657887,1244.92,1244.40,1244.30,1244.30,3.04142451,4.00656404,4.17696852,0.96513952,0.17040448,E20>E50>E100>E200,UP,0.78837349,0.51759009,0.27078340,75.23850824,70.46421554,-9.32944606,9.94571478,0.87347563,0,2014.02.03 10:15:00,1,1,66.70827213,1.56,0.12519124,25.31012606,23.13690018,14.60030181,8.53659837,148.50715664,1244.28,1244.24,1244.64,1246.76,1.41625631,1.44676789,-0.17421144,0.03051158,-1.62097933,MIXED,RANGE,0.12444755,-0.35253342,0.47698096,87.95366795,85.15873855,-5.80431177,4.37093803,0.80972685,0,2014.02.03 10:00:00,1,1,63.11135849,2.10,0.16849272,21.08709762,29.95349157,18.95013728,11.00335429,89.40263386,1244.28,1244.66,1246.76,1249.91,1.05485542,0.87439917,-1.62719836,-0.18045626,-2.50159753,E200>E100>E50>E20,DOWN,0.04986698,0.07416661,-0.02429963,80.63787204,52.46411106,-9.26517572,2.62788337,0.86598521,0,2014.02.03 09:00:00,1,1,54.57246296,3.01,0.24182281,12.21415112,22.55350240,20.70110665,1.85239576,-7.65890211,1244.30,1246.78,1249.97,1250.74,0.13837407,-0.68606158,-2.00143661,-0.82443565,-1.31537503,E200>E100>E50>E20,DOWN,-0.60251632,-0.67971033,0.07719401,28.37339296,31.99146204,-30.99146422,3.78882678,0.52965530,0,2014.02.03 04:00:00,1,0,,,,,,,,,,,,,,,,,,,,,,,,,,,,,5,3,0,0,2,2,2,1
110,XAUUSD|PERIOD_M1|BUY|1391457780|1391458080|1391458440|1391458560|MARKET_EDGE_MFE_ATR_12_V1,XAUUSD,PERIOD_M1,BUY,BID_OHLC,2014.02.03 20:03:00,2014.02.03 20:08:00,2014.02.03 20:14:00,2014.02.03 20:16:00,2014.02.03 20:16:00,2014.02.03 20:17:00,2014.02.03 20:16:00,1256.10,0.54,4,PERIOD_M1,1,1,12,12,1,1.05,0.75,1.92110092,1.37614679,MARKET_EDGE_MFE_ATR_12_V1,1.0,1,10,0,60,,0,,NOT_EXECUTED_OR_UNRESOLVED,0,,0,,NOT_APPLICABLE_NON_EXECUTED,0,,,,5d926eed3daf312d7810863a3786293984c991b1,34c7e44e89019e46fb4b93a3ac7e556c392839a536990c8508c8c4378fe5fdce,V923_PASSIVE_MARKET_EDGE_V1,V924_MARKET_EDGE_SCHEMA_V2,MARKET_EDGE_FEATURE_SNAPSHOT_T0_V2,2014.02.03 20:17:00,0,H4,,2014,2,1,20,16,NEWYORK,5,6,11,5,6,11,1.20000000,1,1256.21,1255.99,1255.89,-0.22,-0.10,0.44748858,0.32,0.58165138,0.21,0.38899083,1,1,10.43560043,20.12802934,45.33502524,9.69242891,25.20699590,2.60068927,34.89942481,1.93848578,4.20116598,1,1,1256.60,1256.63,1256.08,1256.10,0.54,0.50,0.91528545,0.03867403,0.04604052,0.03867403,1,0.54,0.04338816,36,0.36,0.66055046,1,1,2014.02.03 20:16:00,1,1,37.99622333,0.54,0.04338816,24.10750859,19.58042026,19.27926397,0.30115629,-56.88945469,1256.91,1258.02,1258.74,1258.95,-1.48720176,-3.52544831,-5.22930474,-2.03824656,-1.70385642,E200>E100>E50>E20,DOWN,-0.70835020,-0.83029673,0.12194653,42.91283765,30.64136866,-84.64880521,3.32254343,0.21956932,0,2014.02.03 20:10:00,1,1,34.84472228,1.34,0.10654520,25.30572041,16.94732153,29.51961261,12.57229108,-136.31368340,1258.84,1258.72,1256.24,1252.47,-1.73940466,-1.64903924,3.01344404,0.09036542,4.66248328,E20>E50>E100>E200,UP,-0.67565186,-0.17655807,-0.49909380,9.81775787,7.99631714,-89.48979592,4.10328629,0.01009184,0,2014.02.03 20:00:00,1,1,38.99092033,2.41,0.19168187,20.08877752,14.75570378,27.77603594,13.02033217,-180.50178725,1258.16,1253.97,1250.52,1249.39,-0.68677276,1.05560339,2.95411744,1.74237615,1.89851404,E20>E50>E100>E200,UP,1.65731224,2.64120598,-0.98389374,27.10571153,39.19454519,-93.09574349,3.55485119,0.03928230,0,2014.02.03 19:30:00,1,1,41.35588691,2.74,0.21792834,26.41614530,22.66270791,13.30730538,9.35540252,23.16023156,1255.09,1250.44,1249.35,1250.73,0.80278619,2.50020580,2.39507832,1.69741961,-0.10512748,MIXED,RANGE,3.85926891,4.11588430,-0.25661539,21.10270270,22.68112692,-43.14784454,10.18994055,0.61948416,0,2014.02.03 19:00:00,1,1,59.48403029,4.59,0.36489079,32.63586941,25.25183555,15.21282661,10.03900894,76.49810214,1251.36,1249.34,1250.74,1251.05,1.29316511,1.73321156,1.36000234,0.44004645,-0.37320922,MIXED,RANGE,3.76736433,1.74341440,2.02394993,62.36892733,73.72917069,-35.18817099,6.14322517,0.79027894,0,2014.02.03 16:00:00,1,0,,,,,,,,,,,,,,,,,,,,,,,,,,,,,5,4,3,0,2,1,1,1
111,XAUUSD|PERIOD_M1|BUY|1391474580|1391474880|1391475720|1391475840|MARKET_EDGE_MFE_ATR_12_V1,XAUUSD,PERIOD_M1,BUY,BID_OHLC,2014.02.04 00:43:00,2014.02.04 00:48:00,2014.02.04 01:02:00,2014.02.04 01:04:00,2014.02.04 01:04:00,2014.02.04 01:05:00,2014.02.04 01:04:00,1257.14,0.30,4,PERIOD_M1,1,1,12,12,1,0.40,0.34,1.35593220,1.14237288,MARKET_EDGE_MFE_ATR_12_V1,1.0,1,9,0,60,,0,,EXECUTED,1,38,1,38,MATCHED_FINALIZED,1,0,0,2.09,5d926eed3daf312d7810863a3786293984c991b1,34c7e44e89019e46fb4b93a3ac7e556c392839a536990c8508c8c4378fe5fdce,V923_PASSIVE_MARKET_EDGE_V1,V924_MARKET_EDGE_SCHEMA_V2,MARKET_EDGE_FEATURE_SNAPSHOT_T0_V2,2014.02.04 01:05:00,0,H4,,2014,2,2,1,4,ASIA,5,14,19,5,14,19,2.80000000,1,1257.31,1256.71,1256.58,-0.59,-0.14,0.22972973,0.73,2.46779661,0.57,1.91525424,1,1,21.09910593,21.82171607,29.64278220,0.72261015,7.82106612,10.82335499,8.54367627,0.14452203,0.55864758,1,1,1256.84,1257.14,1256.75,1257.14,0.39,0.30,0.77319588,1.00000000,0.00000000,0.22680412,1,0.30,0.02346593,31,0.31,1.03728814,1,1,2014.02.04 01:04:00,1,1,46.78553568,0.30,0.02346593,26.36995691,18.97027414,23.31915511,4.34888097,-21.74171496,1257.12,1257.45,1257.67,1257.80,0.06819643,-1.05819758,-2.22040493,-1.12639401,-1.16220734,E200>E100>E50>E20,DOWN,-0.17098306,-0.16790664,-0.00307641,60.44957473,30.61052297,-41.45077720,2.80691427,0.58006862,0,2014.02.04 01:00:00,1,1,38.28512161,0.62,0.04927844,42.55555702,8.99990267,31.16917630,22.16927363,-106.63358127,1257.68,1257.84,1257.07,1254.36,-0.86640842,-1.11969026,4.49381693,-0.25328184,5.61350719,MIXED,RANGE,-0.19521517,-0.02306289,-0.17215228,38.41792657,32.37701931,-82.46430788,5.10116512,0.20767412,0,2014.02.04 00:45:00,1,1,44.87885386,1.20,0.09542243,17.09333618,14.15708855,25.57368603,11.41659747,-77.96080597,1257.81,1255.65,1252.37,1250.55,-0.64253744,1.16444456,5.41543694,1.80698200,4.25099239,E20>E50>E100>E200,UP,0.24563814,0.45244003,-0.20680189,13.39663654,29.50319993,-77.50913691,4.02716548,0.31778604,0,2014.02.04 00:30:00,1,1,45.96962730,1.85,0.14733000,19.27872629,18.10103849,14.54734032,3.55369817,-70.57212395,1256.48,1252.40,1250.57,1251.26,0.30206982,2.50609877,3.12328630,2.20402896,0.61718753,MIXED,RANGE,2.13119848,2.89875404,-0.76755556,49.23107062,58.44023617,-82.20044262,8.10386585,0.41601680,0,2014.02.04 00:00:00,1,1,50.86842333,2.73,0.21713674,23.27983793,20.37693791,14.11786305,6.25907486,34.65632065,1253.57,1250.63,1251.30,1251.33,1.27300035,2.34875014,2.09292883,1.07574979,-0.25582131,MIXED,RANGE,3.65340564,3.38883793,0.26456771,36.03583427,35.07600078,-41.57440463,10.80721305,0.67715604,0,2014.02.03 20:00:00,1,0,,,,,,,,,,,,,,,,,,,,,,,,,,,,,5,4,2,0,1,1,1,1
112,XAUUSD|PERIOD_M1|SELL|1391492160|1391492400|1391492640|1391492760|MARKET_EDGE_MFE_ATR_12_V1,XAUUSD,PERIOD_M1,SELL,BID_OHLC,2014.02.04 05:36:00,2014.02.04 05:40:00,2014.02.04 05:44:00,2014.02.04 05:46:00,2014.02.04 05:46:00,2014.02.04 05:47:07,2014.02.04 05:46:00,1257.64,0.16,4,PERIOD_M1,1,1,12,12,1,0.00,1.40,0.00000000,8.96000000,MARKET_EDGE_MFE_ATR_12_V1,1.0,0,,0,60,,0,,NOT_EXECUTED_OR_UNRESOLVED,0,,0,,NOT_APPLICABLE_NON_EXECUTED,0,,,,5d926eed3daf312d7810863a3786293984c991b1,34c7e44e89019e46fb4b93a3ac7e556c392839a536990c8508c8c4378fe5fdce,V923_PASSIVE_MARKET_EDGE_V1,V924_MARKET_EDGE_SCHEMA_V2,MARKET_EDGE_FEATURE_SNAPSHOT_T0_V2,2014.02.04 05:47:07,0,H4,,2014,2,2,5,46,ASIA,4,4,8,4,4,8,1.00000000,1,1257.68,1257.74,1257.94,0.06,0.20,3.27868852,0.26,1.67040000,-0.30,-1.92000000,1,1,79.06584452,72.13365504,63.33484367,-6.93218948,-8.79881138,1.26926874,15.73100086,-1.73304737,-2.19970284,1,1,1257.64,1257.64,1257.58,1257.64,0.07,0.00,0.00000000,1.00000000,0.00000000,1.00000000,1,0.16,0.01242404,33,0.33,2.08000000,1,1,2014.02.04 05:46:00,1,1,58.63477620,0.16,0.01242404,51.58074237,30.03209925,18.20046136,11.83163789,10.99656358,1257.50,1257.21,1257.02,1256.96,0.91805404,2.78715075,4.33340785,1.86909670,1.54625710,E20>E50>E100>E200,UP,0.17939554,0.20201908,-0.02262354,26.98412698,47.89701627,-42.91845494,5.47216677,0.66777266,0,2014.02.04 05:40:00,1,1,75.89292068,0.39,0.03079077,31.27329475,35.36424360,8.93419533,26.43004827,168.19452272,1257.02,1256.99,1256.93,1255.43,1.71986499,1.78394590,5.81126325,0.06408090,4.02731736,E20>E50>E100>E200,UP,0.17784950,0.03554562,0.14230388,85.92764686,84.00753395,-14.52513966,4.23256023,1.01407547,0,2014.02.04 05:30:00,1,1,60.35849354,0.86,0.06847915,14.49723924,25.36485682,13.25483515,12.11002167,209.30381778,1257.06,1256.31,1253.80,1251.64,0.72338329,1.59001901,7.01011916,0.86663572,5.42010015,E20>E50>E100>E200,UP,-0.05274616,-0.16674722,0.11400106,79.20168067,68.90796570,-14.11509229,1.85340644,0.98952345,1,2014.02.04 05:00:00,1,1,53.92849292,1.02,0.08148789,10.82789269,16.65348680,14.87253784,1.78094896,-26.18762180,1256.70,1253.75,1251.61,1251.74,0.52441566,3.40727330,5.36932098,2.88285764,1.96204768,MIXED,RANGE,0.85338929,1.32160120,-0.46821191,45.59000240,40.14746060,-68.51554126,4.16838917,0.44757072,0,2014.02.04 04:00:00,1,1,47.89034389,1.33,0.10588610,15.06356931,11.49601430,13.65247044,2.15645614,-38.33454862,1254.67,1251.56,1251.73,1251.55,1.58514192,3.92041500,3.92802871,2.33527308,0.00761371,MIXED,RANGE,2.88543488,3.50023387,-0.61479899,22.15212689,25.98509100,-48.57611986,19.56933436,0.59575725,0,2014.02.04 00:00:00,1,0,,,,,,,,,,,,,,,,,,,,,,,,,,,,,5,0,1,1,3,0,3,1
113,XAUUSD|PERIOD_M1|BUY|1391520000|1391520180|1391520600|1391520720|MARKET_EDGE_MFE_ATR_12_V1,XAUUSD,PERIOD_M1,BUY,BID_OHLC,2014.02.04 13:20:00,2014.02.04 13:23:00,2014.02.04 13:30:00,2014.02.04 13:32:00,2014.02.04 13:32:00,2014.02.04 13:33:00,2014.02.04 13:32:00,1249.95,0.46,4,PERIOD_M1,1,1,12,12,1,1.40,0.06,3.06024096,0.12924425,MARKET_EDGE_MFE_ATR_12_V1,1.0,1,2,0,60,,0,,EXECUTED,1,39,1,39,MATCHED_FINALIZED,1,0,0,4.07,5d926eed3daf312d7810863a3786293984c991b1,34c7e44e89019e46fb4b93a3ac7e556c392839a536990c8508c8c4378fe5fdce,V923_PASSIVE_MARKET_EDGE_V1,V924_MARKET_EDGE_SCHEMA_V2,MARKET_EDGE_FEATURE_SNAPSHOT_T0_V2,2014.02.04 13:33:00,0,H4,,2014,2,2,13,32,OVERLAP,3,7,10,3,7,10,2.33333333,1,1249.48,1249.13,1249.06,-0.36,-0.06,0.18258427,0.42,0.92223439,0.89,1.94742607,1,1,14.35663022,21.86722525,30.96451838,7.51059504,9.09729313,1.21126130,16.60788817,2.50353168,1.29961330,1,1,1249.72,1250.05,1249.65,1249.95,0.40,0.23,0.58750000,0.74750000,0.25250000,0.16000000,1,0.46,0.03652140,30,0.30,0.65060241,1,1,2014.02.04 13:32:00,1,1,54.37338795,0.46,0.03652140,40.57226947,18.84218111,21.84529227,3.00311116,26.95908278,1250.47,1251.82,1252.66,1253.55,-1.13968933,-4.08593174,-7.88284341,-2.94624242,-3.79691167,E200>E100>E50>E20,DOWN,-0.92732531,-1.05633916,0.12901385,68.11436844,46.09513717,-62.00854701,11.17021862,0.39410114,0,2014.02.04 13:25:00,1,1,27.76739824,1.64,0.13138275,28.20973864,11.01678685,32.44886081,21.43207396,-191.61119179,1252.77,1253.98,1255.10,1255.36,-2.04887523,-2.78914479,-3.62780102,-0.74026956,-0.83865623,E200>E100>E50>E20,DOWN,-0.87447887,-0.31127203,-0.56320684,8.17867254,10.78742163,-95.61940650,3.60396175,-0.11163103,0,2014.02.04 13:15:00,1,1,27.27853304,2.52,0.20187642,32.65910536,13.22416929,28.19024620,14.96607691,-339.85764851,1254.18,1255.42,1254.57,1252.72,-1.89478443,-2.38691999,-1.31477840,-0.49213556,1.07214159,MIXED,RANGE,-1.29781048,-1.07750460,-0.22030588,24.07290516,42.07674927,-95.61940650,3.07989895,-0.14551009,0,2014.02.04 13:00:00,1,1,31.03742564,3.06,0.24521712,22.63792859,12.99651236,23.35189468,10.35538232,-134.72849408,1254.97,1254.43,1252.65,1252.30,-1.81774975,-1.64095108,-0.94586338,0.17679867,0.69508770,E20>E50>E100>E200,UP,-1.07643246,-0.27940919,-0.79702327,23.76573088,29.30611177,-97.46778000,3.27337584,-0.14506687,0,2014.02.04 12:00:00,1,1,45.14880873,3.12,0.24850059,20.51094394,12.96400468,19.32352645,6.35952177,-123.70976140,1255.21,1252.76,1252.37,1251.90,-0.28572874,0.50256764,0.77869267,0.78829638,0.27612503,E20>E50>E100>E200,UP,1.08617650,2.21386652,-1.12769003,19.54154728,14.78429322,-75.25011369,3.20138562,0.18106127,0,2014.02.04 08:00:00,1,0,,,,,,,,,,,,,,,,,,,,,,,,,,,,,5,1,0,0,2,2,2,1
114,XAUUSD|PERIOD_M1|SELL|1391540940|1391541420|1391541900|1391542020|MARKET_EDGE_MFE_ATR_12_V1,XAUUSD,PERIOD_M1,SELL,BID_OHLC,2014.02.04 19:09:00,2014.02.04 19:17:00,2014.02.04 19:25:00,2014.02.04 19:27:00,2014.02.04 19:27:00,2014.02.04 19:28:00,2014.02.04 19:27:00,1253.38,0.24,4,PERIOD_M1,1,1,12,12,1,0.72,0.31,3.00416667,1.28750000,MARKET_EDGE_MFE_ATR_12_V1,1.0,1,6,0,60,,0,,NOT_EXECUTED_OR_UNRESOLVED,0,,0,,NOT_APPLICABLE_NON_EXECUTED,0,,,,5d926eed3daf312d7810863a3786293984c991b1,34c7e44e89019e46fb4b93a3ac7e556c392839a536990c8508c8c4378fe5fdce,V923_PASSIVE_MARKET_EDGE_V1,V924_MARKET_EDGE_SCHEMA_V2,MARKET_EDGE_FEATURE_SNAPSHOT_T0_V2,2014.02.04 19:28:00,0,H4,,2014,2,2,19,27,NEWYORK,8,8,16,8,8,16,1.00000000,1,1253.04,1253.25,1253.44,0.21,0.19,0.89573460,0.40,1.66666667,-0.06,-0.24166667,1,1,80.30067376,70.73726786,62.03496021,-9.56340590,-8.70230766,0.90995904,18.26571355,-1.19542574,-1.08778846,1,1,1253.25,1253.38,1253.24,1253.38,0.14,0.13,0.91549296,1.00000000,0.00000000,0.08450704,1,0.24,0.01914816,36,0.36,1.50000000,1,1,2014.02.04 19:27:00,1,1,61.83180643,0.24,0.01914816,31.80643278,21.19984804,14.21143876,6.98840928,118.03757124,1252.96,1252.49,1252.14,1251.85,1.77031463,3.73686137,6.40636269,1.96654674,2.66950131,E20>E50>E100>E200,UP,0.28713365,0.28911925,-0.00198560,86.97962799,85.93919088,-7.25000000,3.31841024,0.95133309,0,2014.02.04 19:20:00,1,1,80.44712452,0.58,0.04610367,32.86633245,27.15554543,8.73625865,18.41928678,115.25000000,1252.10,1251.80,1252.29,1253.26,1.82411628,2.34493070,-0.18019273,0.52081441,-2.52512343,MIXED,RANGE,0.35390484,0.13738003,0.21652481,88.91561806,91.75592195,-7.97962649,4.71120881,0.95385561,0,2014.02.04 19:00:00,1,1,64.76359375,1.34,0.10722763,26.66086411,20.25070533,5.53884723,14.71185810,214.43323460,1251.71,1252.85,1253.26,1252.36,0.91913248,0.07202566,0.43369530,-0.84710682,0.36166964,MIXED,RANGE,-0.18290586,-0.49885354,0.31594768,60.79411765,51.36451377,-14.41614608,3.15530109,0.91583837,0,2014.02.04 18:30:00,1,1,52.19837927,1.83,0.14614955,21.93551206,12.50295233,8.69351302,3.80943931,33.11235032,1252.35,1253.17,1252.29,1252.14,-0.20751379,-0.65478766,-0.09501301,-0.44727387,0.55977465,MIXED,RANGE,-1.12598308,-1.49058966,0.36460658,48.62275449,50.94107203,-42.63922518,4.67330558,0.48638753,0,2014.02.04 18:00:00,1,1,46.65507011,3.03,0.24215817,24.74445995,8.30231899,12.57726159,4.27494260,-55.98339139,1253.27,1252.35,1252.19,1251.83,-0.42993837,-0.12453565,0.04571035,0.30540272,0.17024600,E20>E50>E100>E200,UP,-0.50104864,0.36568586,-0.86673450,51.82296474,47.83545007,-65.43876286,4.24674106,0.27199325,0,2014.02.04 12:00:00,1,0,,,,,,,,,,,,,,,,,,,,,,,,,,,,,5,2,1,0,2,0,2,1
115,XAUUSD|PERIOD_M1|BUY|1391570520|1391571120|1391571600|1391571720|MARKET_EDGE_MFE_ATR_12_V1,XAUUSD,PERIOD_M1,BUY,BID_OHLC,2014.02.05 03:22:00,2014.02.05 03:32:00,2014.02.05 03:40:00,2014.02.05 03:42:00,2014.02.05 03:42:00,2014.02.05 03:43:03,2014.02.05 03:42:00,1254.23,0.12,4,PERIOD_M1,1,1,12,12,1,0.17,0.32,1.39344262,2.62295082,MARKET_EDGE_MFE_ATR_12_V1,1.0,1,7,0,60,,0,,NOT_EXECUTED_OR_UNRESOLVED,0,,0,,NOT_APPLICABLE_NON_EXECUTED,0,,,,5d926eed3daf312d7810863a3786293984c991b1,34c7e44e89019e46fb4b93a3ac7e556c392839a536990c8508c8c4378fe5fdce,V923_PASSIVE_MARKET_EDGE_V1,V924_MARKET_EDGE_SCHEMA_V2,MARKET_EDGE_FEATURE_SNAPSHOT_T0_V2,2014.02.05 03:43:03,0,H4,,2014,2,3,3,42,ASIA,10,8,18,10,8,18,0.80000000,1,1254.72,1254.46,1254.07,-0.26,-0.39,1.50000000,0.65,5.32786885,0.16,1.31147541,1,1,32.36631812,37.35238709,38.41580842,4.98606897,1.06342133,0.21327850,6.04949030,0.49860690,0.13292767,1,1,1254.23,1254.24,1254.23,1254.23,0.01,0.00,0.00000000,0.00000000,1.00000000,0.00000000,1,0.12,0.00972706,31,0.31,2.54098361,1,1,2014.02.05 03:42:00,1,1,36.90801156,0.12,0.00972706,28.96544721,10.78811348,25.26952083,14.48140735,-90.20848148,1254.54,1254.76,1254.84,1254.70,-2.48888986,-4.33948478,-3.82055364,-1.85059492,0.51893114,MIXED,RANGE,-0.19681542,-0.15788716,-0.03892826,34.69387755,22.57258341,-79.74683544,7.78990451,0.14224398,0,2014.02.05 03:35:00,1,1,24.78589347,0.38,0.02990185,30.57580942,9.39611839,34.13229807,24.73617968,-213.91677392,1254.85,1254.61,1254.16,1253.97,-2.00007609,-1.35157547,0.34540324,0.64850062,1.69697871,E20>E50>E100>E200,UP,-0.01804889,0.09956334,-0.11761224,14.78816946,21.60908787,-100.00000000,2.87086631,-0.25573007,0,2014.02.05 03:15:00,1,1,49.58316784,0.54,0.04301266,18.47556545,19.28921538,22.54210137,3.25288600,35.09644241,1254.49,1253.98,1253.79,1252.88,0.69877216,1.63916082,3.67418570,0.94038866,2.03502488,E20>E50>E100>E200,UP,0.46692555,0.48356779,-0.01664225,56.96026674,49.17426656,-31.11111111,6.16298096,0.64658186,0,2014.02.05 03:00:00,1,1,58.46699798,0.92,0.07309563,28.58345852,26.00838375,14.33669639,11.67168735,63.87241278,1254.01,1253.72,1252.83,1252.45,0.92950281,1.24197801,2.62727450,0.31247520,1.38529649,E20>E50>E100>E200,UP,0.42159623,0.18488254,0.23671369,69.00720165,76.78068758,-29.68797334,6.33257009,0.71420148,0,2014.02.05 02:00:00,1,1,61.68068665,1.71,0.13626915,25.81154625,21.75635790,10.65432291,11.10203499,89.32758001,1253.84,1252.84,1252.47,1252.00,0.70990851,1.29482903,1.78414820,0.58492052,0.48931918,E20>E50>E100>E200,UP,0.20903816,-0.16143143,0.37046959,70.39030956,62.23863443,-9.17537747,5.93605090,0.62684036,0,2014.02.04 20:00:00,1,0,,,,,,,,,,,,,,,,,,,,,,,,,,,,,5,4,2,0,4,0,0,1
116,XAUUSD|PERIOD_M1|BUY|1391571120|1391571600|1391573940|1391574060|MARKET_EDGE_MFE_ATR_12_V1,XAUUSD,PERIOD_M1,BUY,BID_OHLC,2014.02.05 03:32:00,2014.02.05 03:40:00,2014.02.05 04:19:00,2014.02.05 04:21:00,2014.02.05 04:21:00,2014.02.05 04:22:00,2014.02.05 04:21:00,1253.89,0.11,4,PERIOD_M1,1,1,12,12,1,0.45,0.02,4.26666667,0.19047619,MARKET_EDGE_MFE_ATR_12_V1,1.0,1,2,0,60,,0,,NOT_EXECUTED_OR_UNRESOLVED,0,,0,,NOT_APPLICABLE_NON_EXECUTED,0,,,,5d926eed3daf312d7810863a3786293984c991b1,34c7e44e89019e46fb4b93a3ac7e556c392839a536990c8508c8c4378fe5fdce,V923_PASSIVE_MARKET_EDGE_V1,V924_MARKET_EDGE_SCHEMA_V2,MARKET_EDGE_FEATURE_SNAPSHOT_T0_V2,2014.02.05 04:22:00,0,H4,,2014,2,3,4,21,ASIA,8,39,47,8,39,47,4.87500000,1,1254.46,1254.07,1253.67,-0.39,-0.40,1.02564103,0.79,7.52380952,0.22,2.09523810,1,1,37.35238709,38.41580842,44.44973684,1.06342133,6.03392842,5.67407124,7.09734975,0.13292767,0.15471611,1,1,1253.89,1253.92,1253.86,1253.89,0.06,0.00,0.00000000,0.50000000,0.50000000,0.50000000,1,0.11,0.00837392,32,0.32,3.00000000,1,1,2014.02.05 04:21:00,1,1,52.81488974,0.11,0.00837392,26.74945749,23.76877583,29.16499535,5.39621952,48.71064324,1253.83,1254.04,1254.31,1254.44,0.57313671,-1.42090744,-5.16985015,-1.99404415,-3.74894270,E200>E100>E50>E20,DOWN,-0.04737233,-0.09639841,0.04902608,60.60606061,64.76481184,-25.75757576,7.28143516,0.63040339,0,2014.02.05 04:15:00,1,1,36.29054481,0.50,0.03968055,43.39132635,9.56667056,23.70434712,14.13767656,-83.00384198,1254.28,1254.40,1254.12,1253.96,-1.03423183,-1.27353989,-0.40288836,-0.23930806,0.87065153,MIXED,RANGE,-0.30948150,-0.18615275,-0.12332875,27.90983607,19.80093427,-80.43478261,4.60328104,0.19514862,0,2014.02.05 04:00:00,1,1,29.12752122,0.69,0.05499025,25.62586844,12.55656479,33.45247144,20.89590664,-162.39326603,1254.29,1253.95,1253.78,1252.91,-1.28089616,-0.79267678,0.72366117,0.48821938,1.51633795,E20>E50>E100>E200,UP,0.16705527,0.41949625,-0.25244099,2.92239210,18.84687785,-99.95901639,4.93763391,0.24130718,0,2014.02.05 03:30:00,1,1,41.16280952,0.97,0.07754594,25.26028668,22.54059925,24.25309386,1.71249462,-37.44931641,1253.99,1253.73,1252.85,1252.47,-0.22093364,0.04862407,1.34403140,0.26955771,1.29540733,E20>E50>E100>E200,UP,0.34447081,0.21783414,0.12663667,43.90885188,63.94990180,-62.70827022,5.19075267,0.49797888,0,2014.02.05 03:00:00,1,1,48.89913130,1.58,0.12619908,24.06605163,18.85551018,14.59987285,4.25563733,58.97949251,1253.83,1252.88,1252.50,1252.02,-0.03767090,0.56744194,1.10836732,0.60511285,0.54092538,E20>E50>E100>E200,UP,0.18313409,-0.08926068,0.27239477,65.96990811,64.74417440,-24.04181185,5.92776049,0.52338153,0,2014.02.05 00:00:00,1,0,,,,,,,,,,,,,,,,,,,,,,,,,,,,,5,3,1,0,3,1,1,1
117,XAUUSD|PERIOD_M1|SELL|1391577540|1391577780|1391578200|1391578320|MARKET_EDGE_MFE_ATR_12_V1,XAUUSD,PERIOD_M1,SELL,BID_OHLC,2014.02.05 05:19:00,2014.02.05 05:23:00,2014.02.05 05:30:00,2014.02.05 05:32:00,2014.02.05 05:32:00,2014.02.05 05:33:09,2014.02.05 05:32:00,1254.03,0.08,4,PERIOD_M1,1,1,12,12,1,0.06,0.19,0.77419355,2.45161290,MARKET_EDGE_MFE_ATR_12_V1,1.0,0,,0,60,,0,,NOT_EXECUTED_OR_UNRESOLVED,0,,0,,NOT_APPLICABLE_NON_EXECUTED,0,,,,5d926eed3daf312d7810863a3786293984c991b1,34c7e44e89019e46fb4b93a3ac7e556c392839a536990c8508c8c4378fe5fdce,V923_PASSIVE_MARKET_EDGE_V1,V924_MARKET_EDGE_SCHEMA_V2,MARKET_EDGE_FEATURE_SNAPSHOT_T0_V2,2014.02.05 05:33:09,0,H4,,2014,2,3,5,32,ASIA,4,7,11,4,7,11,1.75000000,1,1254.05,1254.16,1254.21,0.11,0.05,0.44736842,0.16,2.12903226,-0.18,-2.32258065,1,1,76.98946204,63.03886270,61.84427181,-13.95059934,-1.19459090,0.08563008,15.14519023,-3.48764983,-0.17065584,1,1,1254.00,1254.03,1253.98,1254.03,0.05,0.03,0.60000000,1.00000000,0.00000000,0.40000000,1,0.08,0.00618006,33,0.33,4.23225806,1,1,2014.02.05 05:32:00,1,1,57.43248125,0.08,0.00618006,43.72652099,31.13813873,23.10542054,8.03271819,-39.46441154,1253.98,1253.94,1254.02,1254.18,0.68601662,1.21867336,-1.93547940,0.53265674,-3.15415276,MIXED,RANGE,0.06355172,0.06312232,0.00042940,13.65777080,34.07787538,-62.06896552,8.24852514,0.62842961,0,2014.02.05 05:25:00,1,1,62.86837921,0.22,0.01774148,27.86532302,22.00304634,15.50721899,6.49582735,87.16799871,1254.02,1254.20,1254.07,1253.96,0.47168191,-0.34797841,0.72824601,-0.81966032,1.07622443,MIXED,RANGE,-0.13536686,-0.19008713,0.05472028,75.04835590,56.07780478,-26.01431981,3.73089542,0.77754882,0,2014.02.05 05:15:00,1,1,48.20235745,0.53,0.04261942,32.78705961,9.00197073,21.64284837,12.64087763,-49.01759307,1254.15,1253.95,1253.80,1252.96,-0.05968148,0.32275047,2.18293592,0.38243194,1.86018546,E20>E50>E100>E200,UP,0.01674843,0.17767405,-0.16092562,54.24200278,45.37279209,-64.87804878,4.87148158,0.36807778,0,2014.02.05 05:00:00,1,1,48.25588655,0.89,0.07098586,19.68880159,15.68117896,18.13675631,2.45557735,-29.79135845,1253.99,1253.76,1252.92,1252.51,0.14418617,0.40995656,1.80972412,0.26577039,1.39976756,E20>E50>E100>E200,UP,0.22873023,0.30212202,-0.07339179,29.99340804,25.47477805,-52.10542260,3.81747543,0.49274682,0,2014.02.05 04:00:00,1,1,50.33664590,1.43,0.11400312,21.09010694,16.34144216,15.78044417,0.56099798,35.99318060,1253.84,1252.92,1252.53,1252.04,0.05088389,0.69754152,1.31155738,0.64665763,0.61401586,E20>E50>E100>E200,UP,0.17191997,-0.01448639,0.18640636,50.88187039,62.41402935,-24.21580928,5.32789915,0.58420174,0,2014.02.05 00:00:00,1,0,,,,,,,,,,,,,,,,,,,,,,,,,,,,,5,1,2,0,3,0,3,1
118,XAUUSD|PERIOD_M1|SELL|1391587800|1391587980|1391588280|1391588400|MARKET_EDGE_MFE_ATR_12_V1,XAUUSD,PERIOD_M1,SELL,BID_OHLC,2014.02.05 08:10:00,2014.02.05 08:13:00,2014.02.05 08:18:00,2014.02.05 08:20:00,2014.02.05 08:20:00,2014.02.05 08:21:00,2014.02.05 08:20:00,1256.81,0.60,4,PERIOD_M1,1,1,12,12,1,0.37,0.91,0.61924686,1.52301255,MARKET_EDGE_MFE_ATR_12_V1,1.0,0,,0,60,,0,,NOT_EXECUTED_OR_UNRESOLVED,0,,0,,NOT_APPLICABLE_NON_EXECUTED,0,,,,5d926eed3daf312d7810863a3786293984c991b1,34c7e44e89019e46fb4b93a3ac7e556c392839a536990c8508c8c4378fe5fdce,V923_PASSIVE_MARKET_EDGE_V1,V924_MARKET_EDGE_SCHEMA_V2,MARKET_EDGE_FEATURE_SNAPSHOT_T0_V2,2014.02.05 08:21:00,0,H4,,2014,2,3,8,20,LONDON,3,5,8,3,5,8,1.66666667,1,1257.23,1257.25,1257.71,0.02,0.46,23.00000000,0.48,0.80334728,-0.90,-1.50627615,1,1,74.45739082,66.98501611,63.36385466,-7.47237472,-3.62116144,0.48460651,11.09353616,-2.49079157,-0.72423229,1,1,1257.23,1257.33,1256.77,1256.81,0.56,0.42,0.74821429,0.07142857,0.18035714,0.07142857,1,0.60,0.04754088,31,0.31,0.52552301,1,1,2014.02.05 08:20:00,1,1,47.30219375,0.60,0.04754088,29.82143448,20.39956259,22.31982735,1.92026476,13.82231601,1256.67,1256.01,1255.46,1254.99,0.23727996,1.34851412,3.05365158,1.11123416,1.70513746,E20>E50>E100>E200,UP,0.40358832,0.43973169,-0.03614337,68.96551724,79.34879026,-51.72413793,2.39566844,0.50174653,0,2014.02.05 08:15:00,1,1,69.90253673,1.31,0.10380846,30.45910387,23.15856027,13.76060915,9.39795113,142.86181895,1255.43,1254.85,1254.50,1254.22,1.29600574,1.74197320,2.22303184,0.44596745,0.48105864,E20>E50>E100>E200,UP,0.59887982,0.32503982,0.27384000,88.00931315,82.86220191,-16.76136364,2.72125222,1.04797851,0,2014.02.05 08:00:00,1,1,69.44235740,1.45,0.11576441,31.29176162,24.80085513,8.91938345,15.88147168,236.81387592,1254.71,1254.27,1254.00,1253.15,1.48092869,1.78016224,2.55353303,0.29923355,0.77337079,E20>E50>E100>E200,UP,0.38680916,0.13855464,0.24825452,69.64856230,67.23559937,-10.40000000,2.08411407,1.30659257,0,2014.02.05 07:30:00,1,1,60.35203847,1.06,0.08482254,26.39281605,24.52586761,9.53553996,14.99032765,60.74058415,1254.27,1253.92,1253.08,1252.62,0.66255665,0.98983036,2.21507361,0.32727371,1.22524324,E20>E50>E100>E200,UP,0.31456262,0.25538273,0.05917989,72.87100252,66.08402718,-35.65573770,2.60858149,0.72984801,0,2014.02.05 07:00:00,1,1,63.16619189,1.23,0.09808976,23.00336389,22.49697340,10.27248470,12.22448870,83.80307203,1254.01,1253.09,1252.64,1252.11,0.78606428,1.52964054,2.32634571,0.74357625,0.79670517,E20>E50>E100>E200,UP,0.25803001,0.12500126,0.13302875,45.68914956,38.42138749,-16.19207147,5.64877145,0.75726103,0,2014.02.05 04:00:00,1,0,,,,,,,,,,,,,,,,,,,,,,,,,,,,,5,0,1,0,5,0,5,1
119,XAUUSD|PERIOD_M1|SELL|1391587980|1391588280|1391588940|1391589060|MARKET_EDGE_MFE_ATR_12_V1,XAUUSD,PERIOD_M1,SELL,BID_OHLC,2014.02.05 08:13:00,2014.02.05 08:18:00,2014.02.05 08:29:00,2014.02.05 08:31:00,2014.02.05 08:31:00,2014.02.05 08:32:08,2014.02.05 08:31:00,1257.18,0.35,4,PERIOD_M1,1,1,12,12,1,1.07,0.03,3.01408451,0.09295775,MARKET_EDGE_MFE_ATR_12_V1,1.0,1,2,0,60,,0,,NOT_EXECUTED_OR_UNRESOLVED,0,,0,,NOT_APPLICABLE_NON_EXECUTED,0,,,,5d926eed3daf312d7810863a3786293984c991b1,34c7e44e89019e46fb4b93a3ac7e556c392839a536990c8508c8c4378fe5fdce,V923_PASSIVE_MARKET_EDGE_V1,V924_MARKET_EDGE_SCHEMA_V2,MARKET_EDGE_FEATURE_SNAPSHOT_T0_V2,2014.02.05 08:32:08,0,H4,,2014,2,3,8,31,LONDON,5,11,16,5,11,16,2.20000000,1,1257.25,1257.71,1257.72,0.46,0.01,0.02173913,0.47,1.32394366,-0.54,-1.52957746,1,1,66.98501611,63.36385466,59.06930417,-3.62116144,-4.29455049,1.18595941,7.91571194,-0.72423229,-0.39041368,1,1,1257.47,1257.51,1257.15,1257.18,0.36,0.29,0.81388889,0.07500000,0.11111111,0.07500000,1,0.35,0.02823780,33,0.33,0.92112676,1,1,2014.02.05 08:31:00,1,1,49.37494281,0.35,0.02823780,20.02711934,19.20522450,16.86470148,2.34052302,33.59285072,1257.02,1256.42,1255.79,1255.21,0.44649133,2.14393503,5.54020737,1.69744370,3.39627233,E20>E50>E100>E200,UP,0.28456371,0.29574320,-0.01117949,50.30434783,64.73548191,-42.42187500,3.50937944,0.58977953,0,2014.02.05 08:25:00,1,1,68.17685479,1.04,0.08291228,30.73211155,22.39465194,10.33574643,12.05890551,115.25556728,1255.72,1255.02,1254.60,1254.28,1.56401635,2.24079959,2.95027078,0.67678324,0.70947119,E20>E50>E100>E200,UP,0.68635269,0.42116181,0.26519088,73.18059299,79.26353488,-10.91445428,3.95044507,0.97215637,0,2014.02.05 08:15:00,1,1,71.70479179,1.56,0.12387134,34.16918801,25.07502683,7.73013232,17.34489451,219.21028100,1254.96,1254.39,1254.07,1253.19,1.53635324,1.90006190,2.67322368,0.36370866,0.77316178,E20>E50>E100>E200,UP,0.54852334,0.19914620,0.34937713,81.16480793,72.31413416,-8.83898710,2.54272307,1.20989730,0,2014.02.05 08:00:00,1,1,73.02936671,1.60,0.12745029,30.66306014,31.48605496,8.26413464,23.22192032,223.95909030,1254.56,1254.05,1253.16,1252.66,1.74193714,2.05867115,2.92717761,0.31673402,0.86850645,E20>E50>E100>E200,UP,0.52000351,0.27488636,0.24511715,83.55679231,76.72805330,-8.56481481,2.38585542,1.24921535,0,2014.02.05 07:00:00,1,1,63.16619189,1.23,0.09808976,23.00336389,22.49697340,10.27248470,12.22448870,83.80307203,1254.01,1253.09,1252.64,1252.11,0.78606428,1.52964054,2.32634571,0.74357625,0.79670517,E20>E50>E100>E200,UP,0.25803001,0.12500126,0.13302875,45.68914956,38.42138749,-16.19207147,5.64877145,0.75726103,0,2014.02.05 04:00:00,1,0,,,,,,,,,,,,,,,,,,,,,,,,,,,,,5,0,0,0,5,0,5,1
120,XAUUSD|PERIOD_M1|SELL|1391594160|1391595060|1391595300|1391595420|MARKET_EDGE_MFE_ATR_12_V1,XAUUSD,PERIOD_M1,SELL,BID_OHLC,2014.02.05 09:56:00,2014.02.05 10:11:00,2014.02.05 10:15:00,2014.02.05 10:17:00,2014.02.05 10:17:00,2014.02.05 10:18:09,2014.02.05 10:17:00,1257.72,0.37,4,PERIOD_M1,1,1,12,12,1,0.04,0.68,0.09886440,1.81696727,MARKET_EDGE_MFE_ATR_12_V1,1.0,0,,0,60,,0,,NOT_EXECUTED_OR_UNRESOLVED,0,,0,,NOT_APPLICABLE_NON_EXECUTED,0,,,,5d926eed3daf312d7810863a3786293984c991b1,34c7e44e89019e46fb4b93a3ac7e556c392839a536990c8508c8c4378fe5fdce,V923_PASSIVE_MARKET_EDGE_V1,V924_MARKET_EDGE_SCHEMA_V2,MARKET_EDGE_FEATURE_SNAPSHOT_T0_V2,2014.02.05 10:18:09,0,H4,,2014,2,3,10,17,LONDON,15,4,19,15,4,19,0.26666667,1,1257.22,1257.87,1258.37,0.65,0.50,0.76923077,1.15,3.07281229,-0.65,-1.73680695,1,1,61.95757501,60.72505272,58.49508076,-1.23252228,-2.22997196,1.80927517,3.46249424,-0.08216815,-0.55749299,1,1,1257.77,1257.92,1257.62,1257.72,0.30,0.05,0.16835017,0.32659933,0.50505051,0.32659933,1,0.37,0.02975623,35,0.35,0.92718771,1,1,2014.02.05 10:17:00,1,1,59.42175248,0.37,0.02975623,32.36934541,20.85911522,7.77686295,13.08225226,93.63209807,1257.53,1257.22,1256.84,1256.26,0.49546093,1.33200611,3.88875009,0.83654518,2.55674398,E20>E50>E100>E200,UP,0.14215255,0.15508861,-0.01293605,28.49284928,24.94897331,-60.86142322,2.25401490,0.68332907,0,2014.02.05 10:10:00,1,1,61.66008547,0.55,0.04379607,39.52561336,25.37672882,6.67431297,18.70241585,96.95296186,1256.77,1255.99,1255.31,1254.73,1.39211019,2.79956252,5.09734641,1.40745233,2.29778390,E20>E50>E100>E200,UP,0.49143068,0.37988040,0.11155029,75.53218132,66.58376027,-19.62962963,4.70419745,0.85011855,0,2014.02.05 10:00:00,1,1,71.11180467,1.29,0.10226372,32.87991192,21.30069819,10.00321042,11.29748777,114.96510149,1255.86,1254.96,1254.41,1253.42,1.29766276,2.00373097,3.19466107,0.70606821,1.19093010,E20>E50>E100>E200,UP,0.76265219,0.60387367,0.15877852,71.93827160,57.94928254,-13.55498721,3.81338215,0.90849228,0,2014.02.05 09:30:00,1,1,67.06851923,2.02,0.16040084,37.82096277,28.12292229,8.42448990,19.69843240,149.88588518,1255.07,1254.33,1253.36,1252.78,1.03677384,1.40391091,2.17568979,0.36713708,0.77177888,E20>E50>E100>E200,UP,0.72421359,0.40316619,0.32104740,63.12787489,67.86433069,-19.31330472,2.18822073,1.01048747,0,2014.02.05 09:00:00,1,1,75.13390378,2.04,0.16246899,30.82202736,26.93875923,7.71577739,19.22298184,200.62416407,1254.50,1253.37,1252.80,1252.20,1.30340679,1.85734928,2.42962378,0.55394249,0.57227450,E20>E50>E100>E200,UP,0.59475951,0.25436925,0.34039026,72.10093057,60.19056311,-14.70347982,3.98374386,0.95316358,0,2014.02.05 04:00:00,1,0,,,,,,,,,,,,,,,,,,,,,,,,,,,,,5,0,0,0,5,0,5,1
121,XAUUSD|PERIOD_M1|SELL|1391601180|1391601600|1391601900|1391602020|MARKET_EDGE_MFE_ATR_12_V1,XAUUSD,PERIOD_M1,SELL,BID_OHLC,2014.02.05 11:53:00,2014.02.05 12:00:00,2014.02.05 12:05:00,2014.02.05 12:07:00,2014.02.05 12:07:00,2014.02.05 12:08:01,2014.02.05 12:07:00,1258.64,0.23,4,PERIOD_M1,1,1,12,12,1,0.65,0.69,2.76595745,2.95319149,MARKET_EDGE_MFE_ATR_12_V1,1.0,1,1,0,60,,0,,NOT_EXECUTED_OR_UNRESOLVED,0,,0,,NOT_APPLICABLE_NON_EXECUTED,0,,,,5d926eed3daf312d7810863a3786293984c991b1,34c7e44e89019e46fb4b93a3ac7e556c392839a536990c8508c8c4378fe5fdce,V923_PASSIVE_MARKET_EDGE_V1,V924_MARKET_EDGE_SCHEMA_V2,MARKET_EDGE_FEATURE_SNAPSHOT_T0_V2,2014.02.05 12:08:01,0,H4,,2014,2,3,12,7,OVERLAP,7,5,12,7,5,12,0.71428571,1,1258.62,1258.88,1259.04,0.26,0.16,0.60836502,0.42,1.80000000,-0.40,-1.70212766,1,1,76.98954386,74.28556045,61.66206742,-2.70398341,-12.62349303,4.66848021,15.32747643,-0.38628334,-2.52469861,1,1,1258.85,1259.00,1258.64,1258.64,0.36,0.21,0.58333333,0.00000000,0.41666667,0.00000000,1,0.23,0.01867090,30,0.30,1.27659574,1,1,2014.02.05 12:07:00,1,1,50.13446512,0.23,0.01867090,33.09706522,25.74124256,16.81061647,8.93062609,42.48270201,1258.54,1258.12,1257.75,1257.24,0.42670446,2.22749164,5.97612152,1.80078718,3.74862988,E20>E50>E100>E200,UP,0.25345449,0.26138887,-0.00793438,45.33333333,68.34263446,-38.09523810,4.75237053,0.58851126,0,2014.02.05 12:00:00,1,1,75.44288181,0.70,0.05553910,37.71806521,27.62278376,6.34497322,21.27781054,146.12462233,1257.74,1256.99,1256.14,1255.30,1.83406485,2.90699855,5.32558075,1.07293370,2.41858220,E20>E50>E100>E200,UP,0.45133866,0.28239178,0.16894688,85.77819637,76.08345466,0.00000000,3.61452063,1.07464953,0,2014.02.05 11:45:00,1,1,74.96129051,0.97,0.07683061,26.05739740,21.64588483,10.23279562,11.41308921,137.95550193,1256.82,1255.63,1254.84,1253.71,1.85340875,3.08053625,5.06523509,1.22712749,1.98469885,E20>E50>E100>E200,UP,0.86113312,0.80068635,0.06044677,75.35172414,59.92618171,-4.60815967,4.55540111,0.92589534,0,2014.02.05 11:30:00,1,1,71.87405570,1.35,0.10728079,40.05859079,29.14436195,9.39556431,19.74879764,116.77475348,1255.99,1254.85,1253.70,1252.97,1.94276334,2.78704140,4.17650156,0.84427806,1.38946016,E20>E50>E100>E200,UP,1.05433457,0.72441391,0.32992066,74.39927115,74.10198863,-3.00019109,4.47048720,0.99781526,0,2014.02.05 11:00:00,1,1,79.72045202,2.40,0.19102377,38.12446652,24.49894606,5.79540613,18.70353992,170.89967260,1255.12,1253.72,1253.00,1252.31,1.45294411,2.03638202,2.62038062,0.58343791,0.58399860,E20>E50>E100>E200,UP,0.94767236,0.40562295,0.54204942,83.04316020,76.02736673,-2.52087347,3.35641096,1.03676423,0,2014.02.05 08:00:00,1,0,,,,,,,,,,,,,,,,,,,,,,,,,,,,,5,0,0,0,5,0,5,1
122,XAUUSD|PERIOD_M1|SELL|1391601600|1391601900|1391602500|1391602620|MARKET_EDGE_MFE_ATR_12_V1,XAUUSD,PERIOD_M1,SELL,BID_OHLC,2014.02.05 12:00:00,2014.02.05 12:05:00,2014.02.05 12:15:00,2014.02.05 12:17:00,2014.02.05 12:17:00,2014.02.05 12:18:06,2014.02.05 12:17:00,1258.98,0.45,4,PERIOD_M1,1,1,12,12,1,0.40,0.59,0.87541345,1.29437707,MARKET_EDGE_MFE_ATR_12_V1,1.0,0,,0,60,,0,,NOT_EXECUTED_OR_UNRESOLVED,0,,0,,NOT_APPLICABLE_NON_EXECUTED,0,,,,5d926eed3daf312d7810863a3786293984c991b1,34c7e44e89019e46fb4b93a3ac7e556c392839a536990c8508c8c4378fe5fdce,V923_PASSIVE_MARKET_EDGE_V1,V924_MARKET_EDGE_SCHEMA_V2,MARKET_EDGE_FEATURE_SNAPSHOT_T0_V2,2014.02.05 12:18:06,0,H4,,2014,2,3,12,17,OVERLAP,5,10,15,5,10,15,2.00000000,1,1258.88,1259.04,1259.34,0.16,0.29,1.83750000,0.45,1.00110254,-0.35,-0.78059537,1,1,74.28556045,61.66206742,60.84376546,-12.62349303,-0.81830197,0.06482374,13.44179500,-2.52469861,-0.08183020,1,1,1258.62,1259.12,1258.62,1258.98,0.50,0.36,0.72166998,0.72166998,0.27833002,0.00000000,1,0.45,0.03602114,30,0.30,0.65049614,1,1,2014.02.05 12:17:00,1,1,58.51504427,0.45,0.03602114,25.93163577,37.39785707,24.62917318,12.76868389,55.72258917,1258.64,1258.30,1257.91,1257.37,0.74939996,1.51220195,3.55340577,0.76280198,2.04120383,E20>E50>E100>E200,UP,0.16269074,0.13658239,0.02610834,46.40635798,64.81378012,-26.33928571,2.50882492,0.74601141,0,2014.02.05 12:10:00,1,1,64.77331003,0.83,0.06557667,38.71386192,23.14361313,9.04120307,14.10241006,113.32218015,1257.92,1257.12,1256.24,1255.37,1.56854756,2.53236945,4.65841464,0.96382188,2.12604519,E20>E50>E100>E200,UP,0.49092370,0.34670898,0.14421472,77.53431255,80.42486474,-2.40000000,3.46708741,1.03111349,0,2014.02.05 12:00:00,1,1,79.19691849,1.11,0.08836869,28.94220925,25.04101686,8.86842287,16.17259398,162.98915968,1257.05,1255.77,1254.93,1253.77,1.94510293,3.09011941,4.89182211,1.14501648,1.80170270,E20>E50>E100>E200,UP,0.94558675,0.82751585,0.11807090,86.58311346,72.97052726,-1.53452685,3.91569840,1.01296782,0,2014.02.05 11:30:00,1,1,71.87405570,1.35,0.10728079,40.05859079,29.14436195,9.39556431,19.74879764,116.77475348,1255.99,1254.85,1253.70,1252.97,1.94276334,2.78704140,4.17650156,0.84427806,1.38946016,E20>E50>E100>E200,UP,1.05433457,0.72441391,0.32992066,74.39927115,74.10198863,-3.00019109,4.47048720,0.99781526,0,2014.02.05 11:00:00,1,1,79.72045202,2.40,0.19102377,38.12446652,24.49894606,5.79540613,18.70353992,170.89967260,1255.12,1253.72,1253.00,1252.31,1.45294411,2.03638202,2.62038062,0.58343791,0.58399860,E20>E50>E100>E200,UP,0.94767236,0.40562295,0.54204942,83.04316020,76.02736673,-2.52087347,3.35641096,1.03676423,0,2014.02.05 08:00:00,1,0,,,,,,,,,,,,,,,,,,,,,,,,,,,,,5,0,0,0,5,0,5,1
123,XAUUSD|PERIOD_M1|SELL|1391602800|1391603160|1391603880|1391604000|MARKET_EDGE_MFE_ATR_12_V1,XAUUSD,PERIOD_M1,SELL,BID_OHLC,2014.02.05 12:20:00,2014.02.05 12:26:00,2014.02.05 12:38:00,2014.02.05 12:40:00,2014.02.05 12:40:00,2014.02.05 12:41:00,2014.02.05 12:40:00,1259.12,0.40,4,PERIOD_M1,1,1,12,12,1,0.65,0.20,1.60891089,0.49504950,MARKET_EDGE_MFE_ATR_12_V1,1.0,1,3,0,60,,0,,NOT_EXECUTED_OR_UNRESOLVED,0,,0,,NOT_APPLICABLE_NON_EXECUTED,0,,,,5d926eed3daf312d7810863a3786293984c991b1,34c7e44e89019e46fb4b93a3ac7e556c392839a536990c8508c8c4378fe5fdce,V923_PASSIVE_MARKET_EDGE_V1,V924_MARKET_EDGE_SCHEMA_V2,MARKET_EDGE_FEATURE_SNAPSHOT_T0_V2,2014.02.05 12:41:00,0,H4,,2014,2,3,12,40,OVERLAP,6,12,18,6,12,18,2.00000000,1,1259.17,1259.32,1259.97,0.15,0.65,4.33333333,0.80,1.98019802,-0.85,-2.10396040,1,1,60.34451557,58.02650781,57.59497254,-2.31800776,-0.43153527,0.18616645,2.74954303,-0.38633463,-0.03596127,1,1,1259.27,1259.29,1259.07,1259.12,0.22,0.15,0.69444444,0.23148148,0.07407407,0.23148148,1,0.40,0.03208590,24,0.24,0.58663366,1,1,2014.02.05 12:40:00,1,1,49.02268666,0.40,0.03208590,23.65158356,26.61201578,19.27670654,7.33530924,-3.34377848,1259.10,1258.79,1258.35,1257.72,0.05442956,0.82673265,3.45499577,0.77230309,2.62826312,E20>E50>E100>E200,UP,0.13216554,0.13219643,-0.00003089,37.96821793,58.54217929,-53.62776025,2.22873816,0.52909785,0,2014.02.05 12:35:00,1,1,60.89700548,0.89,0.07059646,41.70598621,22.58199083,9.15014467,13.43184616,118.76066979,1258.41,1257.49,1256.52,1255.55,0.97067076,2.00184759,4.18346279,1.03117683,2.18161521,E20>E50>E100>E200,UP,0.56937690,0.50107167,0.06830523,70.45790251,76.85909274,-26.44503211,3.67751319,0.82647569,0,2014.02.05 12:15:00,1,1,80.42851115,1.19,0.09454749,32.27865245,25.70625910,7.68596649,18.02029261,166.18571429,1257.27,1255.92,1255.02,1253.83,1.80185967,2.94148091,4.69800748,1.13962124,1.75652657,E20>E50>E100>E200,UP,1.01749103,0.85583127,0.16165975,95.24426591,85.72636783,-3.56548609,3.89941812,0.98441472,0,2014.02.05 12:00:00,1,1,75.83127480,1.42,0.11237316,42.64455369,32.02234472,8.14282240,23.87952232,137.59696525,1256.32,1255.03,1253.82,1253.04,2.19291923,3.10261721,4.50957692,0.90969798,1.40695970,E20>E50>E100>E200,UP,1.19377171,0.82210381,0.37166790,87.48348745,78.42501103,-2.63296472,4.85539285,1.02405593,0,2014.02.05 11:00:00,1,1,79.72045202,2.40,0.19102377,38.12446652,24.49894606,5.79540613,18.70353992,170.89967260,1255.12,1253.72,1253.00,1252.31,1.45294411,2.03638202,2.62038062,0.58343791,0.58399860,E20>E50>E100>E200,UP,0.94767236,0.40562295,0.54204942,83.04316020,76.02736673,-2.52087347,3.35641096,1.03676423,0,2014.02.05 08:00:00,1,0,,,,,,,,,,,,,,,,,,,,,,,,,,,,,5,0,0,0,5,0,5,1
124,XAUUSD|PERIOD_M1|BUY|1391604240|1391604540|1391605200|1391605320|MARKET_EDGE_MFE_ATR_12_V1,XAUUSD,PERIOD_M1,BUY,BID_OHLC,2014.02.05 12:44:00,2014.02.05 12:49:00,2014.02.05 13:00:00,2014.02.05 13:02:00,2014.02.05 13:02:00,2014.02.05 13:03:00,2014.02.05 13:02:00,1258.66,0.42,4,PERIOD_M1,1,1,12,12,1,3.07,0.27,7.34010759,0.63598326,MARKET_EDGE_MFE_ATR_12_V1,1.0,1,3,0,60,,0,,EXECUTED,1,40,1,40,MATCHED_FINALIZED,1,0,0,2.20,5d926eed3daf312d7810863a3786293984c991b1,34c7e44e89019e46fb4b93a3ac7e556c392839a536990c8508c8c4378fe5fdce,V923_PASSIVE_MARKET_EDGE_V1,V924_MARKET_EDGE_SCHEMA_V2,MARKET_EDGE_FEATURE_SNAPSHOT_T0_V2,2014.02.05 13:03:00,0,H4,,2014,2,3,13,2,OVERLAP,5,11,16,5,11,16,2.20000000,1,1258.48,1258.47,1258.12,-0.01,-0.35,29.25000000,0.36,0.86790197,0.54,1.29348476,1,1,28.07387938,28.54318461,28.65485242,0.46930523,0.11166781,0.23794282,0.58097304,0.09386105,0.01015162,1,1,1258.47,1258.78,1258.30,1258.66,0.48,0.19,0.40167364,0.74686192,0.25313808,0.34518828,1,0.42,0.03322978,29,0.29,0.70053796,1,1,2014.02.05 13:02:00,1,1,53.77133430,0.42,0.03322978,18.64847532,17.10433589,17.27360163,0.16926574,28.80875305,1258.60,1258.67,1258.44,1257.90,0.15218259,-0.02000591,1.81628065,-0.17218850,1.83628656,MIXED,RANGE,-0.12700510,-0.12675011,-0.00025499,31.75169461,14.40562400,-48.52521408,1.68962125,0.61674241,1,2014.02.05 12:55:00,1,1,41.55290333,0.63,0.05014989,32.32188482,18.91130118,9.56590806,9.34539312,-65.54859420,1258.44,1257.64,1256.67,1255.67,-0.33245418,0.93049396,4.05862421,1.26294814,3.12813025,E20>E50>E100>E200,UP,0.35573026,0.50108803,-0.14535777,9.16123779,16.65346552,-88.11330298,3.73507868,0.38753984,0,2014.02.05 12:45:00,1,1,57.28736730,1.20,0.09529275,37.31308533,22.22448537,7.99523705,14.22924831,66.13449808,1257.48,1256.11,1255.15,1253.92,0.62393406,1.76705268,3.59572086,1.14311862,1.82866818,E20>E50>E100>E200,UP,0.93989389,0.88313735,0.05675654,57.54138965,77.55176249,-44.58663937,3.17749216,0.68725328,0,2014.02.05 12:30:00,1,1,60.95675866,1.39,0.11053243,45.32277345,30.81431376,7.05711275,23.75720101,115.15339284,1256.50,1255.15,1253.90,1253.09,1.24355820,2.20997940,3.69479429,0.96642120,1.48481489,E20>E50>E100>E200,UP,1.19432478,0.89702839,0.29729638,79.06406458,80.31560773,-28.57142857,5.13440981,0.81514504,0,2014.02.05 12:00:00,1,1,74.97671893,2.21,0.17572332,42.47510855,29.32549022,5.02268531,24.30280491,152.69146409,1255.42,1253.89,1253.10,1252.37,1.27192127,1.96023095,2.64866300,0.68830968,0.68843205,E20>E50>E100>E200,UP,1.07561836,0.50478787,0.57083049,77.65363128,77.87826697,-23.45180398,3.78110738,0.93220547,0,2014.02.05 08:00:00,1,0,,,,,,,,,,,,,,,,,,,,,,,,,,,,,5,5,4,1,4,0,0,1
125,XAUUSD|PERIOD_M1|BUY|1391652000|1391653140|1391653560|1391653680|MARKET_EDGE_MFE_ATR_12_V1,XAUUSD,PERIOD_M1,BUY,BID_OHLC,2014.02.06 02:00:00,2014.02.06 02:19:00,2014.02.06 02:26:00,2014.02.06 02:28:00,2014.02.06 02:28:00,2014.02.06 02:29:00,2014.02.06 02:28:00,1256.51,0.18,4,PERIOD_M1,1,1,12,12,1,0.08,0.46,0.44568245,2.54596100,MARKET_EDGE_MFE_ATR_12_V1,1.0,0,,0,60,,0,,NOT_EXECUTED_OR_UNRESOLVED,0,,0,,NOT_APPLICABLE_NON_EXECUTED,0,,,,5d926eed3daf312d7810863a3786293984c991b1,34c7e44e89019e46fb4b93a3ac7e556c392839a536990c8508c8c4378fe5fdce,V923_PASSIVE_MARKET_EDGE_V1,V924_MARKET_EDGE_SCHEMA_V2,MARKET_EDGE_FEATURE_SNAPSHOT_T0_V2,2014.02.06 02:29:00,0,H4,,2014,2,4,2,28,ASIA,19,7,26,19,7,26,0.36842105,1,1256.66,1256.55,1256.39,-0.11,-0.16,1.44545455,0.27,1.49860724,0.12,0.66295265,1,1,20.71481960,23.78309277,29.76507984,3.06827317,5.98198707,1.94962663,9.05026024,0.16148806,0.85456958,1,1,1256.52,1256.52,1256.42,1256.51,0.10,0.01,0.10000000,0.90000000,0.00000000,0.90000000,1,0.18,0.01428557,33,0.33,1.86072423,1,1,2014.02.06 02:28:00,1,1,26.44267907,0.18,0.01428557,32.39095749,13.27690420,40.82061521,27.54371100,-106.35581564,1256.83,1257.07,1257.27,1257.52,-1.75210533,-3.07971837,-5.62059289,-1.32761304,-2.54087451,E200>E100>E50>E20,DOWN,-0.18569920,-0.15383067,-0.03186853,40.36300778,36.34692374,-86.14668219,6.94657259,0.16637522,0,2014.02.06 02:20:00,1,1,38.19392230,0.40,0.03172960,16.41820714,24.18166403,25.08037445,0.89871041,-114.22669356,1257.28,1257.61,1257.87,1257.70,-1.42068154,-2.24822138,-2.48148853,-0.82753983,-0.23326715,MIXED,RANGE,-0.24160683,-0.17850641,-0.06310042,24.16918429,28.68737308,-89.54248366,3.82546855,0.15697648,0,2014.02.06 02:00:00,1,1,46.71005310,0.95,0.07540728,18.37772548,17.07770430,14.43297930,2.64472500,-101.51701318,1257.66,1257.86,1257.22,1255.76,-0.51633607,-0.72556237,1.49292858,-0.20922630,2.21849095,MIXED,RANGE,-0.30228071,-0.21342429,-0.08885642,35.48256285,30.31060446,-81.04089219,2.19457812,0.23474617,0,2014.02.06 01:30:00,1,1,41.47950145,1.50,0.11927843,15.34546234,14.60372859,17.44011134,2.83638275,-80.99004522,1258.00,1257.31,1255.80,1254.35,-0.71111036,-0.25148575,1.72317961,0.45962461,1.97466537,E20>E50>E100>E200,UP,-0.13530784,0.07159896,-0.20690680,13.17941953,26.33212686,-67.84667418,2.79683153,0.21866017,0,2014.02.06 01:00:00,1,1,44.62220415,1.64,0.13047633,39.95742362,18.51397195,11.26555772,7.24841423,-80.90494643,1257.43,1255.66,1254.28,1253.08,-0.30240515,0.77797639,2.34869153,1.08038154,1.57071514,E20>E50>E100>E200,UP,0.77185567,1.17650156,-0.40464588,39.59047811,46.83957179,-79.38455903,5.66193794,0.41202486,0,2014.02.05 20:00:00,1,0,,,,,,,,,,,,,,,,,,,,,,,,,,,,,5,3,2,0,2,1,1,1
126,XAUUSD|PERIOD_M1|SELL|1391688480|1391689620|1391689860|1391689980|MARKET_EDGE_MFE_ATR_12_V1,XAUUSD,PERIOD_M1,SELL,BID_OHLC,2014.02.06 12:08:00,2014.02.06 12:27:00,2014.02.06 12:31:00,2014.02.06 12:33:00,2014.02.06 12:33:00,2014.02.06 12:34:00,2014.02.06 12:33:00,1262.97,0.53,4,PERIOD_M1,1,1,12,12,1,1.11,0.68,2.08450704,1.27699531,MARKET_EDGE_MFE_ATR_12_V1,1.0,1,8,0,60,,0,,NOT_EXECUTED_OR_UNRESOLVED,0,,0,,NOT_APPLICABLE_NON_EXECUTED,0,,,,5d926eed3daf312d7810863a3786293984c991b1,34c7e44e89019e46fb4b93a3ac7e556c392839a536990c8508c8c4378fe5fdce,V923_PASSIVE_MARKET_EDGE_V1,V924_MARKET_EDGE_SCHEMA_V2,MARKET_EDGE_FEATURE_SNAPSHOT_T0_V2,2014.02.06 12:34:00,0,H4,,2014,2,4,12,33,OVERLAP,19,4,23,19,4,23,0.21052632,1,1262.56,1263.72,1263.90,1.16,0.18,0.15916955,1.34,2.51643192,-0.93,-1.74647887,1,1,79.01837611,73.69895143,66.42482163,-5.31942468,-7.27412980,1.36746551,12.59355448,-0.27996972,-1.81853245,1,1,1263.37,1263.44,1262.97,1262.97,0.47,0.40,0.84745763,0.00423729,0.14830508,0.00423729,1,0.53,0.04216242,30,0.30,0.57089202,1,1,2014.02.06 12:33:00,1,1,54.39913921,0.53,0.04216242,35.09263851,29.33187180,21.57827773,7.75359408,49.56248778,1262.61,1262.01,1261.33,1260.45,0.68407599,1.80822058,4.72989367,1.12414459,2.92167309,E20>E50>E100>E200,UP,0.42183284,0.32945464,0.09237820,47.11359404,59.94573172,-34.96240602,5.47275021,0.69687812,0,2014.02.06 12:25:00,1,1,68.46844940,1.06,0.08381224,53.34349613,29.34262496,8.80258642,20.54003853,179.01018117,1261.30,1260.13,1259.19,1258.45,1.55425001,2.65630432,4.24124575,1.10205431,1.58494143,E20>E50>E100>E200,UP,0.79807261,0.69598143,0.10209118,66.44282783,69.92905248,-23.93715342,3.58505274,0.94042098,0,2014.02.06 12:15:00,1,1,84.52144691,1.49,0.11829522,32.19426546,32.68740775,8.66779925,24.01960850,131.68119044,1260.01,1258.81,1258.01,1256.66,1.96404656,2.76550920,4.20813012,0.80146264,1.44262092,E20>E50>E100>E200,UP,1.13756006,0.73712970,0.40043036,78.88598432,75.65534239,-13.44988748,3.95685252,1.04986540,0,2014.02.06 12:00:00,1,1,79.42912647,2.12,0.16778284,32.81312004,33.47700805,8.10080750,25.37620055,210.90550012,1259.15,1258.09,1256.71,1255.11,1.79148131,2.29092839,3.69699749,0.49944707,1.40606911,E20>E50>E100>E200,UP,0.99734797,0.43807423,0.55927374,81.08846396,73.55896287,-11.56938654,3.67605442,1.09174079,0,2014.02.06 11:00:00,1,1,74.83653828,2.40,0.18987317,34.27967159,31.99568471,9.00051898,22.99516573,209.64086507,1258.12,1256.51,1254.98,1253.56,1.41119416,2.08142043,3.31441315,0.67022627,1.23299272,E20>E50>E100>E200,UP,0.83375305,0.46782976,0.36592329,74.37399679,70.83884552,-12.23287671,2.22215055,1.14287117,0,2014.02.06 08:00:00,1,0,,,,,,,,,,,,,,,,,,,,,,,,,,,,,5,0,0,0,5,0,5,1
127,XAUUSD|PERIOD_M1|SELL|1391702940|1391703180|1391703780|1391703900|MARKET_EDGE_MFE_ATR_12_V1,XAUUSD,PERIOD_M1,SELL,BID_OHLC,2014.02.06 16:09:00,2014.02.06 16:13:00,2014.02.06 16:23:00,2014.02.06 16:25:00,2014.02.06 16:25:00,2014.02.06 16:26:00,2014.02.06 16:25:00,1256.68,0.65,4,PERIOD_M1,1,1,12,12,1,1.14,0.34,1.76247582,0.52611219,MARKET_EDGE_MFE_ATR_12_V1,1.0,1,5,0,60,,0,,NOT_EXECUTED_OR_UNRESOLVED,0,,0,,NOT_APPLICABLE_NON_EXECUTED,0,,,,5d926eed3daf312d7810863a3786293984c991b1,34c7e44e89019e46fb4b93a3ac7e556c392839a536990c8508c8c4378fe5fdce,V923_PASSIVE_MARKET_EDGE_V1,V924_MARKET_EDGE_SCHEMA_V2,MARKET_EDGE_FEATURE_SNAPSHOT_T0_V2,2014.02.06 16:26:00,0,H4,,2014,2,4,16,25,OVERLAP,4,10,14,4,10,14,2.50000000,1,1255.94,1256.30,1257.29,0.36,1.00,2.80845070,1.35,2.09206963,-0.62,-0.95628627,1,1,69.80281795,69.20632364,67.47385170,-0.59649431,-1.73247194,2.90442324,2.32896626,-0.14912358,-0.17324719,1,1,1256.62,1256.74,1256.50,1256.68,0.25,0.06,0.24796748,0.73170732,0.26829268,0.48373984,1,0.65,0.05142535,35,0.35,0.54777563,1,1,2014.02.06 16:25:00,1,1,63.76019277,0.65,0.05142535,35.97050029,18.26081287,6.37787917,11.88293370,83.03276607,1255.98,1255.60,1256.07,1257.28,1.07991437,1.66275253,-0.93839595,0.58283817,-2.60114848,MIXED,RANGE,0.43781914,0.35644870,0.08137044,53.88509238,58.90575702,-31.65983607,3.56704791,0.83357124,0,2014.02.06 16:20:00,1,1,64.64327196,1.25,0.09983749,22.46420245,26.01674823,15.66559658,10.35115165,146.12567167,1256.14,1257.71,1258.41,1258.38,0.31991477,-0.93371266,-1.46733433,-1.25362743,-0.53362167,MIXED,RANGE,-0.81106057,-1.26467778,0.45361720,84.72922973,85.70226434,-16.56387665,2.73554494,0.82081383,0,2014.02.06 16:00:00,1,1,46.79877101,2.56,0.20393060,28.85078428,12.99898250,20.36353679,7.36455429,-73.05029789,1257.99,1258.46,1258.07,1256.89,-0.79768513,-0.98243109,-0.37107889,-0.18474596,0.61135219,MIXED,RANGE,-1.13342868,-0.30995502,-0.82347366,36.10545163,27.78590964,-77.32413401,4.51296431,0.20933476,0,2014.02.06 15:30:00,1,1,43.84046676,4.58,0.36480704,23.99937868,15.08812638,16.52617079,1.43804441,-160.27787496,1258.46,1258.08,1256.90,1255.32,-0.77472581,-0.69304806,-0.08914140,0.08167775,0.60390666,E20>E50>E100>E200,UP,-0.24534935,0.64341540,-0.88876475,16.68172605,20.90023739,-84.66462764,1.88107625,0.02914493,1,2014.02.06 15:00:00,1,1,52.51932988,6.47,0.51553498,34.23123985,22.59533993,15.73598672,6.85935321,-131.11129696,1258.19,1256.82,1255.26,1253.76,-0.50759216,-0.29471816,0.17755789,0.21287401,0.47227605,E20>E50>E100>E200,UP,0.41435728,0.69474291,-0.28038563,25.78469382,44.88547259,-84.66462764,1.23099767,0.09013375,1,2014.02.06 12:00:00,1,0,,,,,,,,,,,,,,,,,,,,,,,,,,,,,5,4,2,2,2,0,2,1
128,XAUUSD|PERIOD_M1|BUY|1391716260|1391716620|1391717160|1391717280|MARKET_EDGE_MFE_ATR_12_V1,XAUUSD,PERIOD_M1,BUY,BID_OHLC,2014.02.06 19:51:00,2014.02.06 19:57:00,2014.02.06 20:06:00,2014.02.06 20:08:00,2014.02.06 20:08:00,2014.02.06 20:09:12,2014.02.06 20:08:00,1257.24,0.31,4,PERIOD_M1,1,1,12,12,1,0.40,0.38,1.26767276,1.20095314,MARKET_EDGE_MFE_ATR_12_V1,1.0,1,4,0,60,,0,,EXECUTED,1,41,1,41,MATCHED_FINALIZED,1,0,0,2.10,5d926eed3daf312d7810863a3786293984c991b1,34c7e44e89019e46fb4b93a3ac7e556c392839a536990c8508c8c4378fe5fdce,V923_PASSIVE_MARKET_EDGE_V1,V924_MARKET_EDGE_SCHEMA_V2,MARKET_EDGE_FEATURE_SNAPSHOT_T0_V2,2014.02.06 20:09:12,0,H4,,2014,2,4,20,8,NEWYORK,6,9,15,6,9,15,1.50000000,1,1257.23,1257.14,1257.04,-0.09,-0.10,1.08791209,0.19,0.60365369,0.20,0.63542494,1,1,39.73355608,47.80857957,55.99003002,8.07502349,8.18145045,1.01317977,16.25647394,1.34583725,0.90905005,1,1,1257.43,1257.44,1257.24,1257.24,0.20,0.19,0.95522388,0.00000000,0.04477612,0.00000000,1,0.31,0.02503494,36,0.36,1.14376489,1,1,2014.02.06 20:08:00,1,1,52.35386511,0.31,0.02503494,36.60610932,19.95161591,8.28113521,11.67048070,-14.98140773,1257.36,1257.35,1257.25,1257.17,-0.36502907,-0.34612158,0.24621475,0.01890748,0.59233633,E20>E50>E100>E200,UP,-0.03424927,-0.04313956,0.00889029,56.37942552,61.80467882,-72.71487040,1.70777306,0.31563531,1,2014.02.06 20:00:00,1,1,52.10260117,0.55,0.04350790,29.41674015,19.72499122,10.39515003,9.32984119,-2.13005226,1257.24,1257.20,1257.60,1257.88,0.00302990,0.07455779,-1.16905280,0.07152789,-1.24361060,MIXED,RANGE,0.15080126,0.15646569,-0.00566444,16.69963266,27.74723287,-68.73045654,1.84782528,0.50405635,1,2014.02.06 19:45:00,1,1,56.64280272,0.79,0.06271166,41.04213608,20.80795560,3.13684044,17.67111516,142.97824696,1257.29,1257.80,1257.79,1256.90,0.06669623,-0.58623671,0.55711126,-0.65293294,1.14334796,MIXED,RANGE,-0.27314391,-0.51038560,0.23724169,61.46533735,56.21597537,-35.65062389,4.58454646,0.72185861,0,2014.02.06 19:30:00,1,1,57.28463683,1.08,0.08607443,32.32848324,21.04781864,5.26003922,15.78777942,14.31908892,1257.68,1257.79,1256.91,1255.45,-0.30895282,-0.41082067,1.75194602,-0.10186785,2.16276669,MIXED,RANGE,-0.41895701,-0.43038408,0.01142707,63.38133813,71.25088139,-67.36610001,8.76796355,0.39055370,0,2014.02.06 19:00:00,1,1,58.71496835,2.09,0.16660145,34.02601672,21.51214319,8.87773860,12.63440459,-35.33249979,1257.82,1256.85,1255.40,1253.89,-0.22815364,0.23476382,1.64809598,0.46291746,1.41333216,E20>E50>E100>E200,UP,0.02334911,0.53321477,-0.50986566,46.03478320,34.69920296,-67.36610001,3.86067106,0.43063061,0,2014.02.06 16:00:00,1,0,,,,,,,,,,,,,,,,,,,,,,,,,,,,,5,4,5,2,2,0,0,1
129,XAUUSD|PERIOD_M1|SELL|1391735460|1391735880|1391736480|1391736600|MARKET_EDGE_MFE_ATR_12_V1,XAUUSD,PERIOD_M1,SELL,BID_OHLC,2014.02.07 01:11:00,2014.02.07 01:18:00,2014.02.07 01:28:00,2014.02.07 01:30:00,2014.02.07 01:30:00,2014.02.07 01:31:01,2014.02.07 01:30:00,1258.91,0.64,4,PERIOD_M1,1,1,12,12,1,0.83,0.28,1.28421869,0.43737883,MARKET_EDGE_MFE_ATR_12_V1,1.0,1,2,0,60,,0,,NOT_EXECUTED_OR_UNRESOLVED,0,,0,,NOT_APPLICABLE_NON_EXECUTED,0,,,,5d926eed3daf312d7810863a3786293984c991b1,34c7e44e89019e46fb4b93a3ac7e556c392839a536990c8508c8c4378fe5fdce,V923_PASSIVE_MARKET_EDGE_V1,V924_MARKET_EDGE_SCHEMA_V2,MARKET_EDGE_FEATURE_SNAPSHOT_T0_V2,2014.02.07 01:31:01,0,H4,,2014,2,5,1,30,ASIA,7,10,17,7,10,17,1.42857143,1,1258.44,1258.78,1259.41,0.34,0.63,1.85294118,0.97,1.50445909,-0.50,-0.77859636,1,1,64.78718926,63.04920538,59.75547661,-1.73798388,-3.29372878,1.89514346,5.03171265,-0.24828341,-0.32937288,1,1,1258.86,1259.14,1258.60,1258.91,0.55,0.05,0.09140768,0.57586837,0.42413163,0.48446069,1,0.64,0.05121490,28,0.28,0.42962389,1,1,2014.02.07 01:30:00,1,1,57.46689368,0.64,0.05121490,17.97246318,20.49055541,18.25691724,2.23363817,119.61932460,1258.48,1258.10,1257.71,1257.43,0.66296433,1.25570647,2.29057553,0.59274214,1.03486906,E20>E50>E100>E200,UP,0.20874669,0.17334593,0.03540077,66.71264368,68.42248096,-34.62068966,1.60072511,0.91983687,1,2014.02.07 01:25:00,1,1,71.52660973,0.75,0.05997576,43.92181623,30.00486798,6.93520444,23.06966354,119.44541055,1257.75,1257.41,1257.44,1257.65,1.44355809,1.89747065,1.57626959,0.45391256,-0.32120106,MIXED,RANGE,0.41761557,0.26664267,0.15097290,70.68217666,64.91897943,-18.91354753,4.38830682,0.92121271,0,2014.02.07 01:15:00,1,1,71.55770316,1.47,0.11713146,26.60340009,22.32627881,10.28514364,12.04113517,173.04274167,1257.50,1257.61,1257.67,1256.98,0.90804420,0.83376738,1.26137887,-0.07427682,0.42761149,MIXED,RANGE,0.18318598,-0.08237765,0.26556363,84.21432004,86.28113597,-17.42979243,1.74511909,1.06465194,1,2014.02.07 01:00:00,1,1,68.58022722,1.29,0.10223682,31.17304030,27.23722254,12.55549106,14.68173148,232.34874923,1257.56,1257.68,1257.00,1255.61,0.99366487,0.90506020,2.50823443,-0.08860467,1.60317424,MIXED,RANGE,-0.10794320,-0.31978839,0.21184519,71.44773917,43.72097200,-17.19361638,2.72535603,1.04492713,0,2014.02.07 00:00:00,1,1,60.86395778,1.64,0.13049207,31.70709015,16.63763439,9.40882187,7.22881252,-18.52302547,1257.72,1256.95,1255.56,1254.03,0.36333919,0.83360989,2.60864059,0.47027071,1.77503069,E20>E50>E100>E200,UP,-0.02326020,0.08292023,-0.10618043,65.07913031,68.49779813,-60.45237926,4.73592541,0.53004608,0,2014.02.06 20:00:00,1,0,,,,,,,,,,,,,,,,,,,,,,,,,,,,,5,0,0,2,2,0,2,1
130,XAUUSD|PERIOD_M1|BUY|1392006420|1392006900|1392008400|1392008520|MARKET_EDGE_MFE_ATR_12_V1,XAUUSD,PERIOD_M1,BUY,BID_OHLC,2014.02.10 04:27:00,2014.02.10 04:35:00,2014.02.10 05:00:00,2014.02.10 05:02:00,2014.02.10 05:02:00,2014.02.10 05:03:02,2014.02.10 05:02:00,1268.45,0.10,4,PERIOD_M1,1,1,12,12,1,0.02,0.26,0.20000000,2.60000000,MARKET_EDGE_MFE_ATR_12_V1,1.0,0,,0,60,,0,,NOT_EXECUTED_OR_UNRESOLVED,0,,0,,NOT_APPLICABLE_NON_EXECUTED,0,,,,5d926eed3daf312d7810863a3786293984c991b1,34c7e44e89019e46fb4b93a3ac7e556c392839a536990c8508c8c4378fe5fdce,V923_PASSIVE_MARKET_EDGE_V1,V924_MARKET_EDGE_SCHEMA_V2,MARKET_EDGE_FEATURE_SNAPSHOT_T0_V2,2014.02.10 05:03:02,0,H4,,2014,2,1,5,2,ASIA,8,25,33,8,25,33,3.12500000,1,1268.71,1268.54,1268.34,-0.17,-0.20,1.17647059,0.37,3.70000000,0.11,1.10000000,1,1,25.00844624,25.08151533,40.07817480,0.07306909,14.99665947,205.23944268,15.06972856,0.00913364,0.59986638,1,1,1268.52,1268.52,1268.45,1268.45,0.07,0.07,1.00000000,0.00000000,0.00000000,0.00000000,1,0.10,0.00788362,32,0.32,3.19000000,1,1,2014.02.10 05:02:00,1,1,34.49857195,0.10,0.00788362,26.88952320,15.87496025,30.58439902,14.70943877,-79.18489064,1268.59,1268.71,1268.80,1268.60,-1.33928223,-2.59771638,-1.42730720,-1.25843415,1.17040918,MIXED,RANGE,-0.06697430,-0.04411720,-0.02285710,55.17241379,38.11640601,-75.00000000,4.38624167,0.13282917,0,2014.02.10 04:55:00,1,1,30.23038670,0.17,0.01312695,26.60075640,14.82601009,29.02428079,14.19827071,-129.81341857,1268.80,1268.42,1267.45,1265.66,-2.48643324,-0.24154194,16.33099349,2.24489130,16.57253543,E20>E50>E100>E200,UP,-0.02753067,0.07552194,-0.10305262,26.26262626,29.30385074,-98.65771812,11.29342635,0.14769959,0,2014.02.10 04:45:00,1,1,38.29646560,0.34,0.02654955,25.59548055,14.10426130,20.43665648,6.33239518,-37.89864205,1268.22,1266.47,1264.32,1261.81,0.48254714,5.68560201,19.51202029,5.20305487,13.82641829,E20>E50>E100>E200,UP,0.74178743,0.93112563,-0.18933819,8.41203602,11.73545677,-45.94594595,15.91577409,0.57221571,0,2014.02.10 04:30:00,1,1,51.27697435,0.87,0.06845330,33.26931476,21.28969800,18.43318489,2.85651312,41.75005575,1267.05,1264.32,1261.81,1259.03,1.53421149,4.68346430,10.77243314,3.14925280,6.08896884,E20>E50>E100>E200,UP,1.64344421,1.68400224,-0.04055803,41.94792671,67.89391625,-34.06813627,7.56388157,0.65855734,0,2014.02.10 04:00:00,1,1,61.91942502,1.71,0.13452167,67.55631670,31.40475886,8.78248307,22.62227579,76.94968558,1265.12,1261.87,1259.06,1256.33,1.91433040,3.81783760,7.06547081,1.90350720,3.24763322,E20>E50>E100>E200,UP,2.35324202,2.02134796,0.33189406,75.41609823,70.63045847,-13.39004411,7.86867933,0.80211678,0,2014.02.10 00:00:00,1,0,,,,,,,,,,,,,,,,,,,,,,,,,,,,,5,4,2,0,4,0,0,1
131,XAUUSD|PERIOD_M1|BUY|1392017040|1392017520|1392018000|1392018120|MARKET_EDGE_MFE_ATR_12_V1,XAUUSD,PERIOD_M1,BUY,BID_OHLC,2014.02.10 07:24:00,2014.02.10 07:32:00,2014.02.10 07:40:00,2014.02.10 07:42:00,2014.02.10 07:42:00,2014.02.10 07:43:03,2014.02.10 07:42:00,1272.19,0.39,4,PERIOD_M1,1,1,12,12,1,0.05,0.80,0.13705584,2.03299492,MARKET_EDGE_MFE_ATR_12_V1,1.0,0,,0,60,,0,,EXECUTED,1,42,1,42,MATCHED_FINALIZED,1,0,0,2.00,5d926eed3daf312d7810863a3786293984c991b1,34c7e44e89019e46fb4b93a3ac7e556c392839a536990c8508c8c4378fe5fdce,V923_PASSIVE_MARKET_EDGE_V1,V924_MARKET_EDGE_SCHEMA_V2,MARKET_EDGE_FEATURE_SNAPSHOT_T0_V2,2014.02.10 07:43:03,0,H4,,2014,2,1,7,42,LONDON,8,8,16,8,8,16,1.00000000,1,1272.19,1272.01,1271.55,-0.18,-0.46,2.53038674,0.64,1.62182741,0.64,1.63705584,1,1,32.34501327,32.50765582,34.34594917,0.16264255,1.83829335,11.30265961,2.00093590,0.02033032,0.22978667,1,1,1272.24,1272.35,1272.08,1272.19,0.27,0.05,0.18518519,0.40370370,0.41111111,0.40370370,1,0.39,0.03097017,17,0.17,0.44416244,1,1,2014.02.10 07:42:00,1,1,45.24469941,0.39,0.03097017,27.42442193,29.12472057,25.62803717,3.49668340,-3.23478319,1272.31,1272.44,1272.00,1271.06,-0.30431522,-0.62697080,2.88198038,-0.32265558,3.50895118,MIXED,RANGE,-0.20436225,-0.21069433,0.00633208,54.63883366,46.68649772,-56.41891892,3.31377537,0.40123523,0,2014.02.10 07:35:00,1,1,47.68551353,0.90,0.07102524,24.53888229,16.40684056,20.23216935,3.82532879,-97.13964527,1272.05,1270.70,1269.27,1267.17,0.04061891,1.52835835,5.44267644,1.48773944,3.91431809,E20>E50>E100>E200,UP,0.73324188,0.97373853,-0.24049665,26.50314738,36.35531978,-88.20638821,3.49901280,0.40557855,0,2014.02.10 07:15:00,1,1,72.65353307,1.20,0.09450378,35.51079527,27.32004295,11.09398288,16.22606008,88.84739025,1270.41,1268.09,1265.59,1262.71,2.12394816,4.04971639,8.52447448,1.92576823,4.47475809,E20>E50>E100>E200,UP,1.47751944,1.02184320,0.45567624,71.51733390,69.76474638,-25.90062112,5.89316490,0.90509333,0,2014.02.10 07:00:00,1,1,79.78723481,2.54,0.19988766,31.08010956,26.17239257,12.10166504,14.07072753,165.38812617,1268.78,1265.58,1262.71,1259.62,1.64513443,2.90130254,5.24276073,1.25616811,2.34145819,E20>E50>E100>E200,UP,2.06549319,1.76502574,0.30046745,68.54037267,63.92382288,-17.48427673,3.13433699,1.03134542,0,2014.02.10 06:00:00,1,1,82.17505234,2.20,0.17316521,67.72118778,41.62473703,6.59662062,35.02811641,174.85768599,1266.24,1262.59,1259.54,1256.62,2.96477830,4.61998651,7.32773780,1.65520821,2.70775129,E20>E50>E100>E200,UP,2.69881260,2.23799685,0.46081576,75.83434836,76.30859909,-14.10052308,6.85465568,0.99275993,0,2014.02.10 00:00:00,1,0,,,,,,,,,,,,,,,,,,,,,,,,,,,,,5,5,4,0,4,0,0,1
132,XAUUSD|PERIOD_M1|SELL|1392040560|1392041160|1392041340|1392041460|MARKET_EDGE_MFE_ATR_12_V1,XAUUSD,PERIOD_M1,SELL,BID_OHLC,2014.02.10 13:56:00,2014.02.10 14:06:00,2014.02.10 14:09:00,2014.02.10 14:11:00,2014.02.10 14:11:00,2014.02.10 14:12:01,2014.02.10 14:11:00,1274.28,0.45,4,PERIOD_M1,1,1,12,12,1,0.77,0.86,1.71713810,1.91014975,MARKET_EDGE_MFE_ATR_12_V1,1.0,1,7,0,60,,0,,NOT_EXECUTED_OR_UNRESOLVED,0,,0,,NOT_APPLICABLE_NON_EXECUTED,0,,,,5d926eed3daf312d7810863a3786293984c991b1,34c7e44e89019e46fb4b93a3ac7e556c392839a536990c8508c8c4378fe5fdce,V923_PASSIVE_MARKET_EDGE_V1,V924_MARKET_EDGE_SCHEMA_V2,MARKET_EDGE_FEATURE_SNAPSHOT_T0_V2,2014.02.10 14:12:01,0,H4,,2014,2,1,14,11,OVERLAP,10,3,13,10,3,13,0.30000000,1,1274.68,1274.76,1274.88,0.08,0.12,1.57692308,0.20,0.44592346,-0.60,-1.33555186,1,1,62.31472443,52.98926743,46.86468886,-9.32545700,-6.12457858,0.65675908,15.45003558,-0.93254570,-2.04152619,1,1,1274.03,1274.37,1274.01,1274.28,0.36,0.25,0.69359331,0.74930362,0.25069638,0.05571031,1,0.45,0.03537289,33,0.33,0.73211314,1,1,2014.02.10 14:11:00,1,1,50.50112424,0.45,0.03537289,16.73674125,19.11986007,16.37160009,2.74825998,-52.64236950,1274.32,1274.59,1274.52,1274.10,-0.08812130,-0.67471584,0.39320469,-0.58659453,1.06792053,MIXED,RANGE,-0.12807935,-0.15361137,0.02553202,16.58330127,19.83490740,-68.48691695,1.56553665,0.53330189,1,2014.02.10 14:05:00,1,1,47.12373221,0.68,0.05311192,29.71027569,22.67586778,15.09648512,7.57938266,-65.95433441,1274.49,1273.89,1272.85,1270.69,-0.43068845,0.44732063,5.17870844,0.87800909,4.73138781,E20>E50>E100>E200,UP,0.20683565,0.51373820,-0.30690255,34.14220261,27.09939212,-84.51492537,5.34209805,0.35244511,0,2014.02.10 13:45:00,1,1,62.02593433,2.14,0.16776548,31.27380386,26.80462281,15.85273948,10.95188332,39.95286056,1273.68,1271.72,1268.85,1265.20,0.26634203,1.18068154,4.23147386,0.91433951,3.05079232,E20>E50>E100>E200,UP,0.82899668,0.71149387,0.11750281,37.08029197,55.03594018,-57.37467866,1.77196490,0.63455586,1,2014.02.10 13:30:00,1,1,65.73053127,2.51,0.19719458,28.24776807,28.68727660,12.76437825,15.92289835,89.86405758,1272.42,1268.87,1265.21,1261.33,0.72835118,2.14263699,5.14064348,1.41428582,2.99800649,E20>E50>E100>E200,UP,1.83962148,1.99266826,-0.15304678,60.99516332,64.36684972,-55.54518588,3.29121502,0.71048366,0,2014.02.10 13:00:00,1,1,71.48196153,2.41,0.18922911,59.81967040,38.81827223,11.80557393,27.01269829,106.81429584,1269.92,1265.26,1261.36,1257.76,1.79449097,3.72964496,6.83741491,1.93515399,3.10776995,E20>E50>E100>E200,UP,3.14743224,2.97697940,0.17045285,42.63560903,47.09475753,-28.05845840,5.77039543,0.83067373,0,2014.02.10 08:00:00,1,0,,,,,,,,,,,,,,,,,,,,,,,,,,,,,5,0,0,2,4,0,4,1
133,XAUUSD|PERIOD_M1|SELL|1392055560|1392055740|1392056640|1392056760|MARKET_EDGE_MFE_ATR_12_V1,XAUUSD,PERIOD_M1,SELL,BID_OHLC,2014.02.10 18:06:00,2014.02.10 18:09:00,2014.02.10 18:24:00,2014.02.10 18:26:00,2014.02.10 18:26:00,2014.02.10 18:27:04,2014.02.10 18:26:00,1274.74,0.31,4,PERIOD_M1,1,1,12,12,1,0.50,0.56,1.59489633,1.78628389,MARKET_EDGE_MFE_ATR_12_V1,1.0,1,1,0,60,,0,,NOT_EXECUTED_OR_UNRESOLVED,0,,0,,NOT_APPLICABLE_NON_EXECUTED,0,,,,5d926eed3daf312d7810863a3786293984c991b1,34c7e44e89019e46fb4b93a3ac7e556c392839a536990c8508c8c4378fe5fdce,V923_PASSIVE_MARKET_EDGE_V1,V924_MARKET_EDGE_SCHEMA_V2,MARKET_EDGE_FEATURE_SNAPSHOT_T0_V2,2014.02.10 18:27:04,0,H4,,2014,2,1,18,26,NEWYORK,3,15,18,3,15,18,5.00000000,1,1275.01,1275.04,1275.40,0.03,0.36,11.90000000,0.39,1.23444976,-0.65,-2.08612440,1,1,63.79500828,63.06228249,58.30759660,-0.73272579,-4.75468590,6.48903859,5.48741168,-0.24424193,-0.31697906,1,1,1274.84,1274.94,1274.74,1274.74,0.20,0.10,0.50000000,0.00000000,0.50000000,0.00000000,1,0.31,0.02459321,30,0.30,0.96650718,1,1,2014.02.10 18:26:00,1,1,47.69344217,0.31,0.02459321,21.69308624,25.74715816,20.19641431,5.55074385,-99.94972346,1274.93,1274.92,1274.97,1274.92,-0.60077591,-0.58308310,-0.55361702,0.01769281,0.02946608,MIXED,RANGE,0.01759441,0.03894490,-0.02135049,15.29051988,47.01922366,-100.00000000,1.71978239,0.09955618,1,2014.02.10 18:20:00,1,1,54.83123172,0.42,0.03282245,14.65364732,17.53626452,13.15065648,4.38560804,81.14002363,1274.99,1274.86,1274.21,1272.40,0.11518539,0.43581607,6.32175401,0.32063069,5.88593794,E20>E50>E100>E200,UP,-0.03408347,-0.03643863,0.00235516,76.93441415,78.02311159,-34.60803059,3.64250047,0.46808552,0,2014.02.10 18:00:00,1,1,58.58089074,0.97,0.07572133,24.20329286,14.63433962,14.18754476,0.44679486,-18.31063585,1274.67,1273.26,1270.57,1266.70,0.40938708,1.87345393,8.66508258,1.46406685,6.79162865,E20>E50>E100>E200,UP,0.43816134,0.53931552,-0.10115418,37.88947678,37.91181646,-59.44638538,2.35120043,0.61316762,0,2014.02.10 17:30:00,1,1,55.25929839,1.47,0.11498658,30.68705609,14.99426928,9.38498296,5.60928632,26.48863792,1273.74,1270.49,1266.63,1262.36,0.66481614,2.88397907,8.42504752,2.21916292,5.54106846,E20>E50>E100>E200,UP,1.39430591,1.61547489,-0.22116898,42.22266881,47.25489279,-49.90359897,2.71788173,0.63949220,0,2014.02.10 17:00:00,1,1,64.34343239,2.65,0.20790938,54.59778534,28.91244153,9.19221270,19.72022883,73.37345075,1271.64,1266.72,1262.42,1258.44,1.15981606,3.01716369,6.13905263,1.85734763,3.12188894,E20>E50>E100>E200,UP,3.03552256,3.14486431,-0.10934175,50.45979722,53.46959333,-32.26342578,4.70326588,0.74867567,0,2014.02.10 12:00:00,1,0,,,,,,,,,,,,,,,,,,,,,,,,,,,,,5,1,0,1,4,0,4,1
134,XAUUSD|PERIOD_M1|BUY|1392074460|1392075060|1392075480|1392075600|MARKET_EDGE_MFE_ATR_12_V1,XAUUSD,PERIOD_M1,BUY,BID_OHLC,2014.02.10 23:21:00,2014.02.10 23:31:00,2014.02.10 23:38:00,2014.02.10 23:40:00,2014.02.10 23:40:00,2014.02.10 23:41:20,2014.02.10 23:40:00,1273.94,0.10,4,PERIOD_M1,1,1,12,12,1,0.13,0.28,1.30279898,2.88040712,MARKET_EDGE_MFE_ATR_12_V1,1.0,1,5,0,60,,0,,NOT_EXECUTED_OR_UNRESOLVED,0,,0,,NOT_APPLICABLE_NON_EXECUTED,0,,,,5d926eed3daf312d7810863a3786293984c991b1,34c7e44e89019e46fb4b93a3ac7e556c392839a536990c8508c8c4378fe5fdce,V923_PASSIVE_MARKET_EDGE_V1,V924_MARKET_EDGE_SCHEMA_V2,MARKET_EDGE_FEATURE_SNAPSHOT_T0_V2,2014.02.10 23:41:20,0,H4,,2014,2,1,23,40,ASIA,10,7,17,10,7,17,0.70000000,1,1273.91,1273.87,1273.79,-0.05,-0.08,1.67391304,0.12,1.25190840,0.15,1.56743003,1,1,33.36188114,39.17891377,43.81836047,5.81703262,4.63944671,0.79756244,10.45647933,0.58170326,0.66277810,1,1,1273.94,1273.98,1273.91,1273.94,0.07,0.01,0.13636364,0.53030303,0.46969697,0.39393939,1,0.10,0.00771226,36,0.36,3.66412214,1,1,2014.02.10 23:40:00,1,1,50.12019983,0.10,0.00771226,22.82906950,20.54351669,23.06415123,2.52063453,-29.89124338,1274.00,1274.16,1274.33,1274.53,-0.58655866,-2.17518177,-5.92810526,-1.58862311,-3.75292349,E200>E100>E50>E20,DOWN,-0.07082012,-0.06685377,-0.00396635,58.68005739,36.77619135,-54.70588235,3.47295430,0.32401268,0,2014.02.10 23:35:00,1,1,24.78759811,0.23,0.01842695,30.53568045,10.67426763,29.28566337,18.61139574,-89.62211754,1274.35,1274.60,1274.50,1273.32,-1.69797068,-2.76190409,2.66345196,-1.06393341,5.42535605,MIXED,RANGE,-0.20145543,-0.14173777,-0.05971767,49.47145877,47.75394874,-88.08689559,5.53385497,0.11714991,0,2014.02.10 23:15:00,1,1,35.05307006,0.55,0.04332497,22.94763506,10.51944657,21.56007546,11.04062888,-100.29112534,1274.65,1273.99,1271.78,1267.97,-1.00294399,0.17715432,11.09038067,1.18009831,10.91322635,E20>E50>E100>E200,UP,-0.05992073,0.07341174,-0.13333246,43.58128992,59.62724083,-67.75986659,4.33442900,0.19146597,0,2014.02.10 23:00:00,1,1,39.85172784,1.17,0.09167313,25.12209550,11.94602641,20.22624853,8.28022212,-157.96425239,1274.41,1271.83,1268.00,1263.45,-0.27010797,1.93838246,9.11285471,2.20849043,7.17447226,E20>E50>E100>E200,UP,0.74188055,1.09944936,-0.35756881,48.71957003,47.82948326,-67.75986659,2.20548458,0.20064122,0,2014.02.10 21:00:00,1,1,59.29246628,1.62,0.12721049,47.02473275,21.39655323,13.50995327,7.88659996,27.07191047,1272.72,1267.93,1263.38,1259.09,1.19846439,4.15019350,9.60165198,2.95172911,5.45145848,E20>E50>E100>E200,UP,2.54788772,2.96878822,-0.42090051,48.06265458,47.39491196,-50.78727506,5.70408204,0.66121448,0,2014.02.10 16:00:00,1,0,,,,,,,,,,,,,,,,,,,,,,,,,,,,,5,4,1,0,3,1,1,1
135,XAUUSD|PERIOD_M1|SELL|1392079620|1392079860|1392080160|1392080280|MARKET_EDGE_MFE_ATR_12_V1,XAUUSD,PERIOD_M1,SELL,BID_OHLC,2014.02.11 00:47:00,2014.02.11 00:51:00,2014.02.11 00:56:00,2014.02.11 00:58:00,2014.02.11 00:58:00,2014.02.11 00:59:00,2014.02.11 00:58:00,1278.83,1.48,4,PERIOD_M1,1,1,12,12,1,0.31,2.41,0.21141792,1.63645604,MARKET_EDGE_MFE_ATR_12_V1,1.0,0,,0,60,,0,,NOT_EXECUTED_OR_UNRESOLVED,0,,0,,NOT_APPLICABLE_NON_EXECUTED,0,,,,5d926eed3daf312d7810863a3786293984c991b1,34c7e44e89019e46fb4b93a3ac7e556c392839a536990c8508c8c4378fe5fdce,V923_PASSIVE_MARKET_EDGE_V1,V924_MARKET_EDGE_SCHEMA_V2,MARKET_EDGE_FEATURE_SNAPSHOT_T0_V2,2014.02.11 00:59:00,0,H4,,2014,2,2,0,58,ASIA,4,5,9,4,5,9,1.25000000,1,1277.35,1278.93,1282.11,1.59,3.18,2.00125945,4.77,3.22954430,-3.29,-2.22666441,1,1,84.73523040,81.79444181,78.91380540,-2.94078859,-2.88063641,0.97954556,5.82142500,-0.73519715,-0.57612728,1,1,1279.25,1279.27,1278.77,1278.83,0.50,0.42,0.83730159,0.11706349,0.04563492,0.11706349,1,1.48,0.11539872,34,0.34,0.23039133,1,1,2014.02.11 00:58:00,1,1,64.02649212,1.48,0.11539872,46.14161468,30.50255547,19.62298547,10.87956999,56.37686800,1277.75,1276.34,1275.48,1275.02,0.72779997,1.68384707,2.57735840,0.95604710,0.89351133,E20>E50>E100>E200,UP,1.05928992,0.91247808,0.14681185,36.72372447,53.89967676,-54.92227979,3.76931483,0.74604650,0,2014.02.11 00:50:00,1,1,79.32580747,1.12,0.08748087,31.88936029,40.55439427,12.43660520,28.11778908,194.09398836,1275.26,1274.86,1274.64,1273.56,3.21367377,3.57082270,4.73116399,0.35714893,1.16034129,E20>E50>E100>E200,UP,0.68014464,0.11345704,0.56668761,93.33594285,93.94702184,-1.61167994,4.69514332,1.28508321,0,2014.02.11 00:30:00,1,1,72.26877171,0.97,0.07571400,25.13824667,25.52056300,15.98720721,9.53335578,218.92044900,1274.69,1274.12,1272.06,1268.30,1.54760541,2.13667901,8.16359281,0.58907361,6.02691379,E20>E50>E100>E200,UP,0.06127136,-0.04675479,0.10802616,85.08276534,54.85856341,-1.78193899,3.03574796,0.98994449,0,2014.02.11 00:00:00,1,1,59.48051330,0.95,0.07452398,23.01166879,18.77551841,18.07488922,0.70062919,-19.58027307,1274.43,1272.03,1268.25,1263.67,0.70288822,3.22089332,12.02466227,2.51800510,8.80376895,E20>E50>E100>E200,UP,0.61144765,0.94932355,-0.33787590,56.11821086,50.45993804,-39.93885492,2.70160753,0.61537851,0,2014.02.10 23:00:00,1,1,46.73370593,1.54,0.12122661,41.20496568,18.54367946,19.83968601,1.29600655,-40.63663937,1272.82,1268.16,1263.59,1259.24,0.66692539,3.68606373,9.46554796,3.01913834,5.77948423,E20>E50>E100>E200,UP,2.33583765,2.87861105,-0.54277340,41.57865481,46.25112949,-63.72107969,5.48720237,0.55293492,0,2014.02.10 20:00:00,1,0,,,,,,,,,,,,,,,,,,,,,,,,,,,,,5,0,1,0,5,0,5,1
136,XAUUSD|PERIOD_M1|SELL|1392093180|1392093360|1392093780|1392093900|MARKET_EDGE_MFE_ATR_12_V1,XAUUSD,PERIOD_M1,SELL,BID_OHLC,2014.02.11 04:33:00,2014.02.11 04:36:00,2014.02.11 04:43:00,2014.02.11 04:45:00,2014.02.11 04:45:00,2014.02.11 04:46:00,2014.02.11 04:45:00,1283.42,0.32,4,PERIOD_M1,1,1,12,12,1,0.26,0.23,0.82140047,0.72069237,MARKET_EDGE_MFE_ATR_12_V1,1.0,0,,0,60,,0,,NOT_EXECUTED_OR_UNRESOLVED,0,,0,,NOT_APPLICABLE_NON_EXECUTED,0,,,,5d926eed3daf312d7810863a3786293984c991b1,34c7e44e89019e46fb4b93a3ac7e556c392839a536990c8508c8c4378fe5fdce,V923_PASSIVE_MARKET_EDGE_V1,V924_MARKET_EDGE_SCHEMA_V2,MARKET_EDGE_FEATURE_SNAPSHOT_T0_V2,2014.02.11 04:46:00,0,H4,,2014,2,2,4,45,ASIA,3,7,10,3,7,10,2.33333333,1,1284.39,1284.43,1284.55,0.04,0.12,2.79069767,0.16,0.51298190,-1.13,-3.55310779,1,1,69.07633564,61.88787223,50.02106271,-7.18846340,-11.86680952,1.65081309,19.05527292,-2.39615447,-1.69525850,1,1,1283.96,1283.99,1283.41,1283.42,0.58,0.54,0.92931034,0.01896552,0.05172414,0.01896552,1,0.32,0.02475799,33,0.33,1.04169945,1,1,2014.02.11 04:45:00,1,1,27.34190241,0.32,0.02475799,28.95526707,23.50790797,36.43540663,12.92749866,-216.97642732,1284.06,1283.99,1283.95,1283.09,-2.00296637,-1.77199227,1.06279784,0.23097411,2.83479011,E20>E50>E100>E200,UP,0.04974803,0.12786993,-0.07812190,9.17347866,46.70000238,-99.03508772,3.00603641,-0.23269828,0,2014.02.11 04:40:00,1,1,46.66753958,0.52,0.04079234,20.78217062,19.86662133,15.25012982,4.61649151,34.79424410,1283.95,1282.53,1280.20,1277.34,-0.00614404,2.69579411,12.61084201,2.70193816,9.91504789,E20>E50>E100>E200,UP,0.19627306,0.25527030,-0.05899724,57.64859326,63.39337274,-40.46808511,3.91343716,0.46494545,0,2014.02.11 04:30:00,1,1,61.90865139,1.33,0.10360670,29.48322205,20.28658608,17.05278007,3.23380601,8.40953870,1282.07,1278.71,1275.27,1270.58,1.40528677,3.93010110,10.04244250,2.52481433,6.11234141,E20>E50>E100>E200,UP,2.13463986,2.57640194,-0.44176209,34.58980044,22.81599620,-67.77992278,11.58110893,0.62934115,0,2014.02.11 04:00:00,1,1,64.54272767,2.70,0.20995853,37.45211614,23.68829103,12.36043958,11.32785146,66.32433346,1279.53,1275.19,1270.51,1265.19,1.63891820,3.24701722,6.95638741,1.60809902,3.70937019,E20>E50>E100>E200,UP,2.93046313,2.07680089,0.85366224,43.42928661,66.47003150,-24.16500241,6.50318791,0.82167361,0,2014.02.11 03:00:00,1,1,70.63379234,5.67,0.44183582,39.70876230,29.28613816,11.19291402,18.09322414,157.57852160,1276.33,1270.41,1265.11,1260.18,1.27633404,2.32023765,4.12344509,1.04390361,1.80320744,E20>E50>E100>E200,UP,3.85497177,2.95453794,0.90043383,84.00020585,81.96236762,-26.28803245,2.72201741,0.98515145,0,2014.02.11 00:00:00,1,0,,,,,,,,,,,,,,,,,,,,,,,,,,,,,5,0,1,0,5,0,5,1
137,XAUUSD|PERIOD_M1|BUY|1392106020|1392106260|1392106500|1392106620|MARKET_EDGE_MFE_ATR_12_V1,XAUUSD,PERIOD_M1,BUY,BID_OHLC,2014.02.11 08:07:00,2014.02.11 08:11:00,2014.02.11 08:15:00,2014.02.11 08:17:00,2014.02.11 08:17:00,2014.02.11 08:18:05,2014.02.11 08:17:00,1283.95,0.53,4,PERIOD_M1,1,1,12,12,1,0.00,2.43,0.00000000,4.61174242,MARKET_EDGE_MFE_ATR_12_V1,1.0,0,,0,60,,0,,NOT_EXECUTED_OR_UNRESOLVED,0,,0,,NOT_APPLICABLE_NON_EXECUTED,0,,,,5d926eed3daf312d7810863a3786293984c991b1,34c7e44e89019e46fb4b93a3ac7e556c392839a536990c8508c8c4378fe5fdce,V923_PASSIVE_MARKET_EDGE_V1,V924_MARKET_EDGE_SCHEMA_V2,MARKET_EDGE_FEATURE_SNAPSHOT_T0_V2,2014.02.11 08:18:05,0,H4,,2014,2,2,8,17,LONDON,4,4,8,4,4,8,1.00000000,1,1283.60,1283.48,1283.33,-0.12,-0.15,1.23387097,0.28,0.52462121,0.63,1.18371212,1,1,37.57514894,37.57713079,44.88403177,0.00198185,7.30690098,3686.90253696,7.30888284,0.00049546,1.82672525,1,1,1283.60,1283.95,1283.60,1283.95,0.35,0.35,1.00000000,1.00000000,0.00000000,0.00000000,1,0.53,0.04112310,32,0.32,0.59659091,1,1,2014.02.11 08:17:00,1,1,47.95155465,0.53,0.04112310,19.99057311,13.10742088,20.32075889,7.21333801,-63.24996124,1284.21,1284.16,1284.03,1283.86,-0.48339439,-0.40114305,0.17846829,0.08225134,0.57961134,E20>E50>E100>E200,UP,-0.16608538,-0.06432900,-0.10175638,44.73942970,40.88113434,-63.83101852,4.36726228,0.30311499,0,2014.02.11 08:10:00,1,1,48.24764032,1.09,0.08509893,22.13169505,16.21926321,18.75737246,2.53810925,10.25270427,1284.08,1283.71,1282.33,1279.60,-0.25662738,0.08011217,3.84674451,0.33673956,3.76663234,E20>E50>E100>E200,UP,0.15815846,0.00831747,0.14984100,34.96843128,50.75693435,-68.09903244,2.63769861,0.49951417,0,2014.02.11 08:00:00,1,1,52.51200924,1.82,0.14211715,17.82533719,23.98413977,17.81245305,6.17168673,40.82683182,1283.46,1280.93,1277.37,1272.32,0.18742369,1.57072537,6.29213753,1.38330168,4.72141216,E20>E50>E100>E200,UP,0.88438502,1.19170647,-0.30732145,50.63769996,37.59836038,-66.84357542,1.49428601,0.47520472,1,2014.02.11 07:30:00,1,1,61.34935692,2.16,0.16799885,28.10894931,28.74645119,15.99323705,12.75321415,73.58460407,1281.74,1277.31,1272.25,1266.45,1.50091734,3.55061073,8.58142763,2.04969339,5.03081690,E20>E50>E100>E200,UP,2.43071890,2.71698436,-0.28626546,36.18746292,43.25706917,-27.67957037,7.69998812,0.71776104,0,2014.02.11 07:00:00,1,1,71.76555299,2.75,0.21371945,37.36715412,21.94089995,9.34502764,12.59587231,75.94417750,1278.89,1272.42,1266.56,1261.12,2.21837651,4.57174478,8.68961928,2.35336826,4.11787451,E20>E50>E100>E200,UP,4.05474351,3.50829799,0.54644553,52.21354877,60.19422494,-17.03739412,6.70967018,0.86648170,0,2014.02.11 04:00:00,1,0,,,,,,,,,,,,,,,,,,,,,,,,,,,,,5,5,3,1,5,0,0,1
138,XAUUSD|PERIOD_M1|SELL|1392118020|1392119220|1392119940|1392120060|MARKET_EDGE_MFE_ATR_12_V1,XAUUSD,PERIOD_M1,SELL,BID_OHLC,2014.02.11 11:27:00,2014.02.11 11:47:00,2014.02.11 11:59:00,2014.02.11 12:01:00,2014.02.11 12:01:00,2014.02.11 12:02:00,2014.02.11 12:01:00,1284.96,0.36,4,PERIOD_M1,1,1,12,12,1,0.80,0.54,2.21666667,1.49722222,MARKET_EDGE_MFE_ATR_12_V1,1.0,1,8,0,60,,0,,NOT_EXECUTED_OR_UNRESOLVED,0,,0,,NOT_APPLICABLE_NON_EXECUTED,0,,,,5d926eed3daf312d7810863a3786293984c991b1,34c7e44e89019e46fb4b93a3ac7e556c392839a536990c8508c8c4378fe5fdce,V923_PASSIVE_MARKET_EDGE_V1,V924_MARKET_EDGE_SCHEMA_V2,MARKET_EDGE_FEATURE_SNAPSHOT_T0_V2,2014.02.11 12:02:00,0,H4,,2014,2,2,12,1,OVERLAP,20,12,32,20,12,32,0.60000000,1,1284.60,1284.60,1285.25,0.00,0.65,215.66666666,0.65,1.80555556,-0.29,-0.80277778,1,1,76.98178519,74.66827496,60.69987189,-2.31351022,-13.96840307,6.03775290,16.28191330,-0.11567551,-1.16403359,1,1,1285.10,1285.10,1284.82,1284.96,0.28,0.14,0.50180505,0.49819495,0.00000000,0.49819495,1,0.36,0.02801641,37,0.37,1.01388889,1,1,2014.02.11 12:01:00,1,1,61.76056810,0.36,0.02801641,32.52856495,20.90252535,8.01296473,12.88956062,98.09581895,1284.69,1284.42,1284.18,1284.00,0.75344202,1.50064416,2.66443574,0.74720214,1.16379159,E20>E50>E100>E200,UP,0.18960498,0.16631852,0.02328646,54.46985447,59.49331921,-34.00000000,3.15748787,0.79181075,0,2014.02.11 11:55:00,1,1,73.16587172,0.44,0.03432441,54.85860351,37.69452652,3.90908218,33.78544434,145.86637110,1284.13,1283.91,1283.26,1281.15,1.51347516,2.01225732,8.28673505,0.49878216,6.27447772,E20>E50>E100>E200,UP,0.22679068,0.15169627,0.07509441,70.18770703,66.22494315,-25.37381060,4.93463475,0.86334412,0,2014.02.11 11:45:00,1,1,61.12795796,1.11,0.08627802,19.25851857,23.73075454,11.52608072,12.20467382,84.83634393,1283.90,1282.29,1279.07,1273.93,0.81530195,2.26024881,9.80171662,1.44494686,7.54146781,E20>E50>E100>E200,UP,0.40760052,0.38255468,0.02504584,64.08825438,64.87263888,-30.00000000,3.01304885,0.78305689,0,2014.02.11 11:30:00,1,1,61.69380644,1.49,0.11562111,20.93803798,21.36070976,12.91658827,8.44412149,81.46328817,1283.01,1279.14,1273.99,1267.80,1.20352776,3.80680308,11.44340809,2.60327532,7.63660500,E20>E50>E100>E200,UP,1.60974080,1.95183987,-0.34209907,65.35763009,53.10014246,-29.77768277,2.63101044,0.69164019,0,2014.02.11 11:00:00,1,1,66.50904346,2.90,0.22534636,32.33634990,18.32887907,8.75363781,9.57524125,53.49459914,1280.67,1274.18,1267.93,1262.02,1.42528508,3.66816992,7.86664409,2.24288484,4.19847417,E20>E50>E100>E200,UP,3.64165888,3.90370866,-0.26204978,54.13282029,55.32856703,-19.23718367,6.34700857,0.74772563,0,2014.02.11 08:00:00,1,0,,,,,,,,,,,,,,,,,,,,,,,,,,,,,5,0,0,0,5,0,5,1
139,XAUUSD|PERIOD_M1|BUY|1392120660|1392122160|1392122340|1392122460|MARKET_EDGE_MFE_ATR_12_V1,XAUUSD,PERIOD_M1,BUY,BID_OHLC,2014.02.11 12:11:00,2014.02.11 12:36:00,2014.02.11 12:39:00,2014.02.11 12:41:00,2014.02.11 12:41:00,2014.02.11 12:42:00,2014.02.11 12:41:00,1284.05,0.31,4,PERIOD_M1,1,1,12,12,1,2.87,0.15,9.21221865,0.48874598,MARKET_EDGE_MFE_ATR_12_V1,1.0,1,3,0,60,,0,,EXECUTED,1,43,1,43,MATCHED_FINALIZED,1,0,0,2.11,5d926eed3daf312d7810863a3786293984c991b1,34c7e44e89019e46fb4b93a3ac7e556c392839a536990c8508c8c4378fe5fdce,V923_PASSIVE_MARKET_EDGE_V1,V924_MARKET_EDGE_SCHEMA_V2,MARKET_EDGE_FEATURE_SNAPSHOT_T0_V2,2014.02.11 12:42:00,0,H4,,2014,2,2,12,41,OVERLAP,25,3,28,25,3,28,0.12000000,1,1284.16,1283.83,1283.73,-0.33,-0.10,0.30000000,0.43,1.37942122,0.31,1.00000000,1,1,34.57468804,43.63711735,46.60550686,9.06242931,2.96838951,0.32754898,12.03081883,0.36249717,0.98946317,1,1,1283.98,1284.12,1283.91,1284.05,0.20,0.07,0.32019704,0.65024631,0.34975369,0.33004926,1,0.31,0.02422033,38,0.38,1.23472669,1,1,2014.02.11 12:41:00,1,1,47.19648797,0.31,0.02422033,17.65382379,13.76669578,15.51592837,1.74923259,-73.85003149,1284.14,1284.26,1284.23,1284.10,-0.30716934,-0.68056729,-0.17158073,-0.37339796,0.50898657,MIXED,RANGE,-0.07383408,-0.06433274,-0.00950133,42.91224687,37.82618530,-64.08775982,3.30935319,0.50986194,0,2014.02.11 12:35:00,1,1,49.38980066,0.90,0.07020678,35.02335797,17.20002106,15.76360062,1.43642045,-67.09795676,1284.25,1284.04,1283.43,1281.39,-0.20146153,0.02852070,2.96067435,0.22998223,2.93215365,E20>E50>E100>E200,UP,0.10488743,0.20209693,-0.09720951,48.88205128,36.12357043,-69.20481928,1.56836451,0.28820701,1,2014.02.11 12:15:00,1,1,48.21866696,1.15,0.08992722,20.97677422,19.98515809,14.90498635,5.08017174,11.37987965,1283.98,1282.45,1279.28,1274.14,0.09870334,1.42036646,8.61879907,1.32166312,7.19843261,E20>E50>E100>E200,UP,0.38518458,0.37037516,0.01480943,55.64655851,60.25083953,-44.40984117,2.73783006,0.53004894,0,2014.02.11 12:00:00,1,1,53.83198638,1.71,0.13328463,19.61264345,18.51261512,14.84417570,3.66843942,34.78039656,1283.12,1279.34,1274.19,1267.96,0.57190071,2.77822221,9.42510166,2.20632150,6.64687945,E20>E50>E100>E200,UP,1.50939648,1.84947071,-0.34007423,66.96286893,61.20954619,-44.86960239,2.28365069,0.51082265,0,2014.02.11 11:00:00,1,1,66.50904346,2.90,0.22534636,32.33634990,18.32887907,8.75363781,9.57524125,53.49459914,1280.67,1274.18,1267.93,1262.02,1.42528508,3.66816992,7.86664409,2.24288484,4.19847417,E20>E50>E100>E200,UP,3.64165888,3.90370866,-0.26204978,54.13282029,55.32856703,-19.23718367,6.34700857,0.74772563,0,2014.02.11 08:00:00,1,0,,,,,,,,,,,,,,,,,,,,,,,,,,,,,5,4,4,1,4,0,0,1
140,XAUUSD|PERIOD_M1|SELL|1392122760|1392123000|1392123420|1392123540|MARKET_EDGE_MFE_ATR_12_V1,XAUUSD,PERIOD_M1,SELL,BID_OHLC,2014.02.11 12:46:00,2014.02.11 12:50:00,2014.02.11 12:57:00,2014.02.11 12:59:00,2014.02.11 12:59:00,2014.02.11 13:00:00,2014.02.11 12:59:00,1287.10,0.50,4,PERIOD_M1,1,1,12,12,1,1.50,1.19,2.98510427,2.36941410,MARKET_EDGE_MFE_ATR_12_V1,1.0,1,4,0,60,,0,,NOT_EXECUTED_OR_UNRESOLVED,0,,0,,NOT_APPLICABLE_NON_EXECUTED,0,,,,5d926eed3daf312d7810863a3786293984c991b1,34c7e44e89019e46fb4b93a3ac7e556c392839a536990c8508c8c4378fe5fdce,V923_PASSIVE_MARKET_EDGE_V1,V924_MARKET_EDGE_SCHEMA_V2,MARKET_EDGE_FEATURE_SNAPSHOT_T0_V2,2014.02.11 13:00:00,0,H4,,2014,2,2,12,59,OVERLAP,4,7,11,4,7,11,1.75000000,1,1286.41,1286.91,1287.45,0.50,0.54,1.09090909,1.04,2.05561072,-0.35,-0.69513406,1,1,82.79577427,81.06173624,78.50667504,-1.73403803,-2.55506121,1.47347472,4.28909924,-0.43350951,-0.36500874,1,1,1286.86,1287.10,1286.80,1287.10,0.30,0.24,0.80000000,1.00000000,0.00000000,0.20000000,1,0.50,0.03911895,34,0.34,0.67527309,1,1,2014.02.11 12:59:00,1,1,71.86771901,0.50,0.03911895,46.49574648,28.35693310,7.16840300,21.18853010,115.43670182,1285.99,1285.23,1284.79,1284.42,2.19552051,3.70487785,5.32366063,1.50935734,1.61878277,E20>E50>E100>E200,UP,0.65216646,0.59045345,0.06171301,72.94043093,75.77966944,-16.36278635,8.42101104,0.80448264,0,2014.02.11 12:55:00,1,1,74.88384168,1.31,0.10166265,36.51065816,29.46788173,8.89331748,20.57456425,210.56030597,1284.84,1284.33,1283.62,1281.57,1.72405986,2.11813253,4.22288446,0.39407267,2.10475192,E20>E50>E100>E200,UP,0.50579704,0.22338345,0.28241360,86.61473814,81.96202757,-8.69565217,2.56038284,1.22043642,0,2014.02.11 12:45:00,1,1,71.72773036,1.71,0.13316759,23.02791481,27.35675331,11.19530086,16.16145245,244.00159813,1284.31,1282.71,1279.53,1274.37,1.62722351,2.56224802,7.42639070,0.93502451,4.86414267,E20>E50>E100>E200,UP,0.57798485,0.40282957,0.17515528,64.72171254,55.31229109,-6.80801401,2.38910908,1.22614131,0,2014.02.11 12:30:00,1,1,68.75359905,2.24,0.17432600,20.77641259,23.04103716,12.86495227,10.17608489,192.31398995,1283.49,1279.64,1274.44,1268.15,1.60682007,3.32326561,8.44418628,1.71644554,5.12092067,E20>E50>E100>E200,UP,1.65337290,1.79244614,-0.13907324,78.51377679,70.27809194,-5.89721988,1.84417944,1.23176403,1,2014.02.11 12:00:00,1,1,74.93740828,2.78,0.21600886,34.70224313,22.80842397,7.58648610,15.22193786,92.91164272,1281.29,1274.69,1268.31,1262.27,2.09135999,4.46491925,8.92955305,2.37355926,4.46463379,E20>E50>E100>E200,UP,3.71560670,3.88822365,-0.17261695,75.31881499,61.77198826,-2.55964035,6.67566356,0.83578909,0,2014.02.11 08:00:00,1,0,,,,,,,,,,,,,,,,,,,,,,,,,,,,,5,0,0,1,5,0,5,1
141,XAUUSD|PERIOD_M1|SELL|1392123000|1392123420|1392123600|1392123720|MARKET_EDGE_MFE_ATR_12_V1,XAUUSD,PERIOD_M1,SELL,BID_OHLC,2014.02.11 12:50:00,2014.02.11 12:57:00,2014.02.11 13:00:00,2014.02.11 13:02:00,2014.02.11 13:02:00,2014.02.11 13:03:00,2014.02.11 13:02:00,1287.40,0.64,4,PERIOD_M1,1,1,12,12,1,1.81,0.06,2.81637427,0.09356725,MARKET_EDGE_MFE_ATR_12_V1,1.0,1,1,0,60,,0,,NOT_EXECUTED_OR_UNRESOLVED,0,,0,,NOT_APPLICABLE_NON_EXECUTED,0,,,,5d926eed3daf312d7810863a3786293984c991b1,34c7e44e89019e46fb4b93a3ac7e556c392839a536990c8508c8c4378fe5fdce,V923_PASSIVE_MARKET_EDGE_V1,V924_MARKET_EDGE_SCHEMA_V2,MARKET_EDGE_FEATURE_SNAPSHOT_T0_V2,2014.02.11 13:03:00,0,H4,,2014,2,2,13,2,OVERLAP,7,3,10,7,3,10,0.42857143,1,1286.91,1287.45,1288.29,0.54,0.84,1.56111111,1.38,2.15672515,-0.89,-1.38791423,1,1,81.06173624,78.50667504,75.53255072,-2.55506121,-2.97412431,1.16401294,5.52918552,-0.36500874,-0.99137477,1,1,1287.74,1287.80,1287.19,1287.40,0.61,0.34,0.55573770,0.34426230,0.10000000,0.34426230,1,0.64,0.04980958,32,0.32,0.49590643,1,1,2014.02.11 13:02:00,1,1,68.53958743,0.64,0.04980958,52.04277764,28.47412800,10.24013535,18.23399265,101.35836712,1286.39,1285.49,1284.95,1284.51,1.57707469,2.97709490,4.50927516,1.40002022,1.53218026,E20>E50>E100>E200,UP,0.72592046,0.63922410,0.08669636,54.46056030,60.76020388,-34.53628250,5.51517323,0.80006180,0,2014.02.11 12:55:00,1,1,74.88384168,1.31,0.10166265,36.51065816,29.46788173,8.89331748,20.57456425,210.56030597,1284.84,1284.33,1283.62,1281.57,1.72405986,2.11813253,4.22288446,0.39407267,2.10475192,E20>E50>E100>E200,UP,0.50579704,0.22338345,0.28241360,86.61473814,81.96202757,-8.69565217,2.56038284,1.22043642,0,2014.02.11 12:45:00,1,1,71.72773036,1.71,0.13316759,23.02791481,27.35675331,11.19530086,16.16145245,244.00159813,1284.31,1282.71,1279.53,1274.37,1.62722351,2.56224802,7.42639070,0.93502451,4.86414267,E20>E50>E100>E200,UP,0.57798485,0.40282957,0.17515528,64.72171254,55.31229109,-6.80801401,2.38910908,1.22614131,0,2014.02.11 12:30:00,1,1,68.75359905,2.24,0.17432600,20.77641259,23.04103716,12.86495227,10.17608489,192.31398995,1283.49,1279.64,1274.44,1268.15,1.60682007,3.32326561,8.44418628,1.71644554,5.12092067,E20>E50>E100>E200,UP,1.65337290,1.79244614,-0.13907324,78.51377679,70.27809194,-5.89721988,1.84417944,1.23176403,1,2014.02.11 12:00:00,1,1,74.93740828,2.78,0.21600886,34.70224313,22.80842397,7.58648610,15.22193786,92.91164272,1281.29,1274.69,1268.31,1262.27,2.09135999,4.46491925,8.92955305,2.37355926,4.46463379,E20>E50>E100>E200,UP,3.71560670,3.88822365,-0.17261695,75.31881499,61.77198826,-2.55964035,6.67566356,0.83578909,0,2014.02.11 08:00:00,1,0,,,,,,,,,,,,,,,,,,,,,,,,,,,,,5,0,0,1,5,0,5,1
142,XAUUSD|PERIOD_M1|SELL|1392137340|1392137580|1392137820|1392137940|MARKET_EDGE_MFE_ATR_12_V1,XAUUSD,PERIOD_M1,SELL,BID_OHLC,2014.02.11 16:49:00,2014.02.11 16:53:00,2014.02.11 16:57:00,2014.02.11 16:59:00,2014.02.11 16:59:00,2014.02.11 17:00:00,2014.02.11 16:59:00,1290.94,0.56,4,PERIOD_M1,1,1,12,12,1,1.28,0.60,2.29314209,1.07575078,MARKET_EDGE_MFE_ATR_12_V1,1.0,1,2,0,60,,0,,NOT_EXECUTED_OR_UNRESOLVED,0,,0,,NOT_APPLICABLE_NON_EXECUTED,0,,,,5d926eed3daf312d7810863a3786293984c991b1,34c7e44e89019e46fb4b93a3ac7e556c392839a536990c8508c8c4378fe5fdce,V923_PASSIVE_MARKET_EDGE_V1,V924_MARKET_EDGE_SCHEMA_V2,MARKET_EDGE_FEATURE_SNAPSHOT_T0_V2,2014.02.11 17:00:00,0,H4,,2014,2,2,16,59,OVERLAP,4,4,8,4,4,8,1.00000000,1,1291.54,1292.06,1292.24,0.52,0.18,0.35135135,0.70,1.25504258,-1.30,-2.33079337,1,1,68.92951976,64.74066945,54.40826668,-4.18885031,-10.33240277,2.46664407,14.52125308,-1.04721258,-2.58310069,1,1,1291.14,1291.24,1290.94,1290.94,0.30,0.20,0.66666667,0.00000000,0.33333333,0.00000000,1,0.56,0.04320488,34,0.34,0.60959211,1,1,2014.02.11 16:59:00,1,1,44.50688639,0.56,0.04320488,30.03329635,22.47770271,13.02127267,9.45643005,-33.03248298,1290.95,1290.14,1288.69,1286.80,-0.02184819,1.43126868,7.42370502,1.45311687,5.99243633,E20>E50>E100>E200,UP,0.30292577,0.40126578,-0.09834001,6.79094541,12.97153377,-62.50000000,2.41276936,0.42643355,0,2014.02.11 16:55:00,1,1,63.33834430,1.41,0.10960988,37.94352582,27.00929384,9.57724428,17.43204956,103.34099480,1288.71,1286.28,1284.91,1282.98,1.57536592,3.29327014,5.62983848,1.71790422,2.33656834,E20>E50>E100>E200,UP,1.87622359,1.83471047,0.04151312,45.45206600,49.62358656,-45.60465482,5.93676374,0.74456817,0,2014.02.11 16:45:00,1,1,75.88271356,3.06,0.23686192,42.66008487,26.02164315,6.68697895,19.33466419,99.26822472,1285.97,1283.99,1281.06,1275.93,1.62566389,2.27475618,4.90864806,0.64909229,2.63389189,E20>E50>E100>E200,UP,1.76035899,0.51279911,1.24755988,64.35668055,72.58961316,-16.32974830,5.28328759,0.87821172,0,2014.02.11 16:30:00,1,1,67.52865171,4.83,0.37381617,32.20783796,37.25536496,9.20358667,28.05177830,176.66794632,1284.84,1281.23,1276.05,1269.47,1.26496286,2.01163904,4.45043056,0.74667618,2.43879152,E20>E50>E100>E200,UP,1.80257081,1.16984358,0.63272723,84.42456283,79.30565751,-16.32974830,2.36430798,1.05633174,0,2014.02.11 16:00:00,1,1,65.10282824,8.85,0.68525542,33.36276059,26.94054443,9.49912928,17.44141515,269.03610383,1282.87,1276.33,1269.64,1263.19,0.91224966,1.65200756,3.13720009,0.73975790,1.48519253,E20>E50>E100>E200,UP,3.51409683,3.51813950,-0.00404267,75.43360882,61.04473469,-16.32974830,2.00824401,0.94964860,0,2014.02.11 12:00:00,1,0,,,,,,,,,,,,,,,,,,,,,,,,,,,,,5,0,0,0,5,0,5,1
143,XAUUSD|PERIOD_M1|BUY|1392150540|1392151200|1392151500|1392151620|MARKET_EDGE_MFE_ATR_12_V1,XAUUSD,PERIOD_M1,BUY,BID_OHLC,2014.02.11 20:29:00,2014.02.11 20:40:00,2014.02.11 20:45:00,2014.02.11 20:47:00,2014.02.11 20:47:00,2014.02.11 20:48:00,2014.02.11 20:47:00,1290.75,0.48,4,PERIOD_M1,1,1,12,12,1,0.20,0.79,0.41493776,1.64730290,MARKET_EDGE_MFE_ATR_12_V1,1.0,0,,0,60,,0,,EXECUTED,1,44,1,44,MATCHED_FINALIZED,1,0,0,2.69,5d926eed3daf312d7810863a3786293984c991b1,34c7e44e89019e46fb4b93a3ac7e556c392839a536990c8508c8c4378fe5fdce,V923_PASSIVE_MARKET_EDGE_V1,V924_MARKET_EDGE_SCHEMA_V2,MARKET_EDGE_FEATURE_SNAPSHOT_T0_V2,2014.02.11 20:48:00,0,H4,,2014,2,2,20,47,NEWYORK,11,5,16,11,5,16,0.45454545,1,1290.11,1290.10,1290.00,-0.01,-0.10,13.71428571,0.10,0.21369295,0.75,1.55186722,1,1,23.60399518,29.59884678,40.60138077,5.99485160,11.00253399,1.83533050,16.99738559,0.54498651,2.20050680,1,1,1290.34,1290.77,1290.34,1290.75,0.43,0.41,0.95327103,0.95327103,0.04672897,0.00000000,1,0.48,0.03734263,30,0.30,0.61825726,1,1,2014.02.11 20:47:00,1,1,56.44804625,0.48,0.03734263,27.08559424,30.18789287,12.83894715,17.34894573,45.66973184,1290.56,1290.80,1290.75,1290.22,0.40304370,-0.10427056,1.09115050,-0.50731426,1.19542106,MIXED,RANGE,-0.16075193,-0.20848687,0.04773494,45.23527086,43.61767860,-13.42592593,1.90532529,0.84251021,1,2014.02.11 20:40:00,1,1,41.90266571,0.68,0.05257000,24.70319156,14.56386790,23.69554400,9.13167610,-104.89672444,1290.81,1289.90,1288.24,1285.69,-0.22141926,1.12016532,7.32528341,1.34158458,6.20511808,E20>E50>E100>E200,UP,0.21058588,0.44102790,-0.23044202,29.79679562,21.24920119,-73.78731343,4.78614048,0.42367732,0,2014.02.11 20:30:00,1,1,53.10265548,1.03,0.07951358,20.12852535,15.34222039,16.14137035,0.79914996,19.80481032,1289.54,1286.91,1283.49,1277.95,1.09505609,3.65525008,12.38511608,2.56019399,8.72986600,E20>E50>E100>E200,UP,1.44696205,1.62783086,-0.18086881,47.97674419,68.34349853,-40.56410256,3.07148911,0.61761941,0,2014.02.11 20:00:00,1,1,54.48401976,1.70,0.13165595,32.93144881,21.81723363,11.61643744,10.20079619,59.39866781,1287.55,1283.42,1277.89,1270.86,1.50224587,3.93591044,11.32802156,2.43366457,7.39211112,E20>E50>E100>E200,UP,2.26994314,2.04793914,0.22200399,62.39090909,49.41226453,-21.04285151,8.64560353,0.72267610,0,2014.02.11 19:00:00,1,1,68.85537255,3.57,0.27646160,34.92896549,24.33729663,10.29083339,14.04646324,122.69118853,1284.89,1277.94,1270.86,1264.00,2.00265920,3.94725306,7.85074747,1.94459386,3.90349440,E20>E50>E100>E200,UP,3.89166789,3.47683878,0.41482911,79.40743854,80.61924788,-10.13570584,3.84771636,0.98501741,0,2014.02.11 16:00:00,1,0,,,,,,,,,,,,,,,,,,,,,,,,,,,,,5,5,3,1,4,0,0,1
144,XAUUSD|PERIOD_M1|SELL|1392154500|1392154920|1392155160|1392155280|MARKET_EDGE_MFE_ATR_12_V1,XAUUSD,PERIOD_M1,SELL,BID_OHLC,2014.02.11 21:35:00,2014.02.11 21:42:00,2014.02.11 21:46:00,2014.02.11 21:48:00,2014.02.11 21:48:00,2014.02.11 21:49:03,2014.02.11 21:48:00,1291.61,0.14,4,PERIOD_M1,1,1,12,12,1,1.91,0.15,13.22491349,1.04498270,MARKET_EDGE_MFE_ATR_12_V1,1.0,1,6,0,3660,,0,,NOT_EXECUTED_OR_UNRESOLVED,0,,0,,NOT_APPLICABLE_NON_EXECUTED,0,,,,5d926eed3daf312d7810863a3786293984c991b1,34c7e44e89019e46fb4b93a3ac7e556c392839a536990c8508c8c4378fe5fdce,V923_PASSIVE_MARKET_EDGE_V1,V924_MARKET_EDGE_SCHEMA_V2,MARKET_EDGE_FEATURE_SNAPSHOT_T0_V2,2014.02.11 21:49:03,0,H4,,2014,2,2,21,48,NEWYORK,7,4,11,7,4,11,0.57142857,1,1291.75,1291.88,1291.90,0.12,0.03,0.21311475,0.15,1.02422145,-0.29,-1.99307958,1,1,82.06570769,74.31568383,61.20221187,-7.75002386,-13.11347196,1.69205569,20.86349582,-1.10714627,-3.27836799,1,1,1291.79,1291.80,1291.60,1291.61,0.20,0.17,0.88383838,0.05050505,0.06565657,0.05050505,1,0.14,0.01118755,30,0.30,2.10380623,1,1,2014.02.11 21:48:00,1,1,44.48088079,0.14,0.01118755,52.69919237,22.16684445,14.54120318,7.62564126,-18.32540851,1291.51,1291.14,1290.93,1290.54,0.72862487,3.30360674,7.42699593,2.57498187,4.12338919,E20>E50>E100>E200,UP,0.25662628,0.29587177,-0.03924550,31.30544994,59.14781713,-47.44645799,8.97966914,0.55729976,0,2014.02.11 21:40:00,1,1,75.79581205,0.53,0.04125965,31.96338845,20.86431026,11.98472460,8.87958566,192.78126711,1290.91,1290.26,1288.79,1286.27,1.71428418,2.92148791,10.41464363,1.20720373,7.49315572,E20>E50>E100>E200,UP,0.21518719,0.06284599,0.15234121,96.01878774,91.84632599,-2.54577937,4.17605605,0.93066928,0,2014.02.11 21:30:00,1,1,65.84473919,0.94,0.07280432,19.80681447,21.73906358,12.99101315,8.74805042,107.16961519,1289.96,1287.48,1284.04,1278.45,1.97853299,4.61353288,14.21301078,2.63499988,9.59947790,E20>E50>E100>E200,UP,1.19124532,1.43099807,-0.23975275,60.77937472,37.89570246,-11.19047619,3.33322270,0.92258181,0,2014.02.11 21:00:00,1,1,59.20189412,1.66,0.12859281,28.34539618,16.38716659,13.97837734,2.40878925,47.62769525,1288.06,1283.95,1278.38,1271.25,1.59161176,4.06705949,11.71994501,2.47544774,7.65288552,E20>E50>E100>E200,UP,2.15118871,2.16982768,-0.01863897,43.20952381,54.65059475,-22.05520826,8.91409023,0.72035921,0,2014.02.11 20:00:00,1,1,53.64768476,2.50,0.19409577,35.68026822,21.09232374,8.91872227,12.17360148,93.03744137,1285.37,1278.41,1271.24,1264.26,1.83120509,4.61007163,10.26404100,2.77886654,5.65396936,E20>E50>E100>E200,UP,3.82421330,3.49712260,0.32709070,72.95938104,77.20031981,-21.88186272,5.36266241,0.80471969,0,2014.02.11 16:00:00,1,0,,,,,,,,,,,,,,,,,,,,,,,,,,,,,5,0,0,0,5,0,5,1
145,XAUUSD|PERIOD_M1|BUY|1392164100|1392164400|1392165540|1392165660|MARKET_EDGE_MFE_ATR_12_V1,XAUUSD,PERIOD_M1,BUY,BID_OHLC,2014.02.12 00:15:00,2014.02.12 00:20:00,2014.02.12 00:39:00,2014.02.12 00:41:00,2014.02.12 00:41:00,2014.02.12 00:42:01,2014.02.12 00:41:00,1285.42,0.38,4,PERIOD_M1,1,1,12,12,1,1.93,0.18,5.15466667,0.48000000,MARKET_EDGE_MFE_ATR_12_V1,1.0,1,6,0,60,,0,,NOT_EXECUTED_OR_UNRESOLVED,0,,0,,NOT_APPLICABLE_NON_EXECUTED,0,,,,5d926eed3daf312d7810863a3786293984c991b1,34c7e44e89019e46fb4b93a3ac7e556c392839a536990c8508c8c4378fe5fdce,V923_PASSIVE_MARKET_EDGE_V1,V924_MARKET_EDGE_SCHEMA_V2,MARKET_EDGE_FEATURE_SNAPSHOT_T0_V2,2014.02.12 00:42:01,0,H4,,2014,2,3,0,41,ASIA,5,19,24,5,19,24,3.80000000,1,1285.16,1284.90,1284.71,-0.26,-0.18,0.70769231,0.44,1.18400000,0.71,1.89600000,1,1,28.00192702,32.17237130,49.70536599,4.17044429,17.53299468,4.20410716,21.70343897,0.83408886,0.92278919,1,1,1285.28,1285.42,1285.21,1285.42,0.21,0.14,0.67619048,1.00000000,0.00000000,0.32380952,1,0.38,0.02917328,34,0.34,0.89600000,1,1,2014.02.12 00:41:00,1,1,47.46860712,0.38,0.02917328,30.56211709,14.15196123,25.76478983,11.61282861,23.08434819,1285.37,1286.11,1287.30,1288.47,0.12998850,-1.82117659,-8.12733666,-1.95116509,-6.30616007,E200>E100>E50>E20,DOWN,-0.19915243,-0.26475218,0.06559975,74.25847458,59.72911410,-24.68220339,2.07253436,0.63748063,0,2014.02.12 00:35:00,1,1,26.48419460,0.54,0.04175340,63.50244956,7.87509366,43.68340506,35.80831140,-78.46527616,1287.31,1288.70,1288.48,1286.64,-3.32387500,-5.91896751,-2.08671540,-2.59509251,3.83225211,MIXED,RANGE,-1.39616120,-1.21771908,-0.17844212,39.76105137,28.45903797,-85.48185232,15.19246032,0.22529457,0,2014.02.12 00:15:00,1,1,22.07616650,1.47,0.11396858,36.21850338,8.14479908,49.30731745,41.16251837,-179.03574625,1288.89,1287.63,1284.58,1279.11,-2.35445494,-1.49318209,4.32078531,0.86127285,5.81396740,E20>E50>E100>E200,UP,-0.28834822,0.68545184,-0.97380005,3.99267399,3.65585320,-92.35936188,5.05440366,-0.09468300,0,2014.02.12 00:00:00,1,1,27.85490322,2.07,0.16122859,26.79185287,16.89031174,36.42153296,19.53122122,-290.63099191,1288.10,1284.60,1279.15,1271.92,-1.28370096,0.40571210,6.52297214,1.68941306,6.11726004,E20>E50>E100>E200,UP,1.22678501,2.01958015,-0.79279513,8.84072927,26.55600397,-93.89671362,7.05520537,0.31911396,0,2014.02.11 23:00:00,1,1,41.46638590,3.02,0.23443249,30.84709975,15.84267872,16.95866895,1.11599023,24.96363809,1286.01,1279.23,1271.94,1264.75,0.27151698,2.52119998,7.32033510,2.24968300,4.79913512,E20>E50>E100>E200,UP,3.43671238,3.54100640,-0.10429402,34.20466832,59.34507733,-39.47857424,4.59166497,0.53840266,0,2014.02.11 20:00:00,1,0,,,,,,,,,,,,,,,,,,,,,,,,,,,,,5,3,0,0,3,1,1,1
146,XAUUSD|PERIOD_M1|BUY|1392167460|1392167880|1392168240|1392168360|MARKET_EDGE_MFE_ATR_12_V1,XAUUSD,PERIOD_M1,BUY,BID_OHLC,2014.02.12 01:11:00,2014.02.12 01:18:00,2014.02.12 01:24:00,2014.02.12 01:26:00,2014.02.12 01:26:00,2014.02.12 01:27:01,2014.02.12 01:26:00,1286.87,0.30,4,PERIOD_M1,1,1,12,12,1,0.02,0.74,0.07407407,2.49158249,MARKET_EDGE_MFE_ATR_12_V1,1.0,0,,0,60,,0,,NOT_EXECUTED_OR_UNRESOLVED,0,,0,,NOT_APPLICABLE_NON_EXECUTED,0,,,,5d926eed3daf312d7810863a3786293984c991b1,34c7e44e89019e46fb4b93a3ac7e556c392839a536990c8508c8c4378fe5fdce,V923_PASSIVE_MARKET_EDGE_V1,V924_MARKET_EDGE_SCHEMA_V2,MARKET_EDGE_FEATURE_SNAPSHOT_T0_V2,2014.02.12 01:27:01,0,H4,,2014,2,3,1,26,ASIA,7,6,13,7,6,13,0.85714286,1,1286.93,1286.91,1286.61,-0.02,-0.30,15.00000000,0.32,1.07744108,0.26,0.87542088,1,1,32.94385444,39.22035465,40.58570258,6.27650021,1.36534793,0.21753332,7.64184814,0.89664289,0.22755799,1,1,1286.88,1286.90,1286.64,1286.87,0.26,0.00,0.01538462,0.88461538,0.10000000,0.88461538,1,0.30,0.02307920,34,0.34,1.13468013,1,1,2014.02.12 01:26:00,1,1,44.93294923,0.30,0.02307920,22.42589460,11.51907748,22.08425753,10.56518006,-94.26869016,1287.01,1286.90,1287.14,1287.94,-0.44870551,-0.07496507,-3.58903656,0.37374044,-3.51407149,MIXED,RANGE,-0.03968197,0.02028588,-0.05996785,48.68514570,35.95024284,-69.76744186,2.91617326,0.26734881,0,2014.02.12 01:20:00,1,1,38.85152303,0.56,0.04369492,30.93768807,14.31802885,26.59787693,12.27984808,33.39716790,1287.18,1288.20,1288.24,1286.68,-0.73707671,-2.56379848,0.15099964,-1.82672178,2.71479813,MIXED,RANGE,-0.48862634,-0.83459614,0.34596980,32.28564244,57.79418532,-37.18223583,6.75352732,0.55767452,0,2014.02.12 01:00:00,1,1,43.54096458,1.39,0.10790518,40.07862772,16.26237122,34.04927764,17.78690641,-42.25261671,1288.38,1287.55,1284.72,1279.34,-0.65434543,-0.05227349,5.85333705,0.60207195,5.90561054,E20>E50>E100>E200,UP,-0.50671757,0.12661865,-0.63333622,52.68966645,29.62818864,-61.59944367,6.22328457,0.28137104,0,2014.02.12 00:30:00,1,1,39.99762551,2.57,0.19919128,26.67957352,18.55835429,31.56532856,13.00697427,-158.65966054,1288.06,1284.72,1279.32,1272.08,-0.13949567,1.16336871,6.09232219,1.30286439,4.92895348,E20>E50>E100>E200,UP,1.05738174,1.89495812,-0.83757638,18.60248447,16.69987264,-60.22576361,4.88717974,0.43834766,0,2014.02.12 00:00:00,1,1,45.38969251,2.98,0.23174915,30.20312118,13.73032156,23.38731330,9.65699174,-11.35243639,1286.17,1279.56,1272.25,1264.98,0.51391836,2.73073946,7.61704514,2.21682111,4.88630568,E20>E50>E100>E200,UP,3.16200637,3.57779689,-0.41579052,34.92364153,46.66649749,-34.54586407,4.57980798,0.58786305,0,2014.02.11 20:00:00,1,0,,,,,,,,,,,,,,,,,,,,,,,,,,,,,5,4,0,0,3,0,0,1
147,XAUUSD|PERIOD_M1|SELL|1392179460|1392179940|1392180240|1392180360|MARKET_EDGE_MFE_ATR_12_V1,XAUUSD,PERIOD_M1,SELL,BID_OHLC,2014.02.12 04:31:00,2014.02.12 04:39:00,2014.02.12 04:44:00,2014.02.12 04:46:00,2014.02.12 04:46:00,2014.02.12 04:47:16,2014.02.12 04:46:00,1285.21,0.26,4,PERIOD_M1,1,1,12,12,1,0.02,0.59,0.07774538,2.30903790,MARKET_EDGE_MFE_ATR_12_V1,1.0,0,,0,60,,0,,NOT_EXECUTED_OR_UNRESOLVED,0,,0,,NOT_APPLICABLE_NON_EXECUTED,0,,,,5d926eed3daf312d7810863a3786293984c991b1,34c7e44e89019e46fb4b93a3ac7e556c392839a536990c8508c8c4378fe5fdce,V923_PASSIVE_MARKET_EDGE_V1,V924_MARKET_EDGE_SCHEMA_V2,MARKET_EDGE_FEATURE_SNAPSHOT_T0_V2,2014.02.12 04:47:16,0,H4,,2014,2,3,4,46,ASIA,8,5,13,8,5,13,0.62500000,1,1285.07,1285.25,1285.29,0.18,0.04,0.21857923,0.22,0.86686103,-0.08,-0.31098154,1,1,69.17527468,65.42972205,53.34992023,-3.74555263,-12.07980182,3.22510535,15.82535445,-0.46819408,-2.41596036,1,1,1285.03,1285.27,1284.92,1285.21,0.35,0.18,0.50847458,0.83050847,0.16949153,0.32203390,1,0.26,0.02001614,33,0.33,1.26724976,1,1,2014.02.12 04:46:00,1,1,58.95344355,0.26,0.02001614,26.22912048,31.28329911,20.98068389,10.30261522,89.15518826,1284.96,1285.01,1285.26,1285.80,0.96947264,0.78323956,-2.27780321,-0.18623309,-3.06104277,E200>E100>E50>E20,DOWN,0.07465252,0.04134395,0.03330857,48.24561404,52.55617993,-11.59420290,2.72431751,0.89046521,0,2014.02.12 04:40:00,1,1,42.52718341,0.41,0.03219737,27.81063643,16.21885563,17.61882981,1.39997419,-10.00942935,1285.25,1286.06,1286.81,1286.36,-0.50713597,-2.44819993,-3.17648793,-1.94106396,-0.72828800,MIXED,RANGE,-0.36805278,-0.38328526,0.01523248,76.93565976,63.79373519,-50.22831050,5.00973628,0.36568752,0,2014.02.12 04:30:00,1,1,35.85987755,0.71,0.05554289,45.15037620,15.42251960,35.47668082,20.05416122,-106.21751483,1286.22,1286.73,1284.95,1280.17,-1.64762389,-2.36286132,6.82266128,-0.71523743,9.18552260,MIXED,RANGE,-0.90585233,-0.84921894,-0.05663338,29.19254658,20.97152564,-69.03409091,4.49858965,0.21887667,0,2014.02.12 04:00:00,1,1,28.28259739,1.40,0.10860740,38.56491718,7.20911462,30.42294273,23.21382811,-99.82721956,1286.89,1284.99,1280.17,1273.01,-1.58773946,-0.22386157,8.35918645,1.36387789,8.58304802,E20>E50>E100>E200,UP,-0.21317586,0.47069399,-0.68386985,22.72128556,28.04948715,-90.94225689,6.51161055,0.10922695,0,2014.02.12 03:00:00,1,1,37.20221146,2.09,0.16247254,30.96767203,9.38586273,19.89107538,10.50521265,-45.33876903,1286.04,1280.25,1273.03,1265.59,-0.28374600,2.48924925,9.50939392,2.77299524,7.02014467,E20>E50>E100>E200,UP,2.08034270,3.23418922,-1.15384652,13.83293556,19.42487235,-47.26617490,6.20267044,0.39549012,0,2014.02.12 00:00:00,1,0,,,,,,,,,,,,,,,,,,,,,,,,,,,,,5,2,4,0,2,1,2,1
148,XAUUSD|PERIOD_M1|SELL|1392225720|1392225900|1392226200|1392226320|MARKET_EDGE_MFE_ATR_12_V1,XAUUSD,PERIOD_M1,SELL,BID_OHLC,2014.02.12 17:22:00,2014.02.12 17:25:00,2014.02.12 17:30:00,2014.02.12 17:32:00,2014.02.12 17:32:00,2014.02.12 17:33:01,2014.02.12 17:32:00,1295.91,0.42,4,PERIOD_M1,1,1,12,12,1,1.02,0.23,2.41420118,0.54201183,MARKET_EDGE_MFE_ATR_12_V1,1.0,1,6,0,60,,0,,NOT_EXECUTED_OR_UNRESOLVED,0,,0,,NOT_APPLICABLE_NON_EXECUTED,0,,,,5d926eed3daf312d7810863a3786293984c991b1,34c7e44e89019e46fb4b93a3ac7e556c392839a536990c8508c8c4378fe5fdce,V923_PASSIVE_MARKET_EDGE_V1,V924_MARKET_EDGE_SCHEMA_V2,MARKET_EDGE_FEATURE_SNAPSHOT_T0_V2,2014.02.12 17:33:01,0,H4,,2014,2,3,17,32,NEWYORK,3,5,8,3,5,8,1.66666667,1,1295.76,1295.80,1296.24,0.04,0.44,11.63157895,0.48,1.13609467,-0.33,-0.77869822,1,1,70.89884675,69.69272653,68.18008646,-1.20612022,-1.51264007,1.25413707,2.71876029,-0.40204007,-0.30252801,1,1,1295.84,1296.06,1295.66,1295.91,0.40,0.07,0.17750000,0.62500000,0.37500000,0.44750000,1,0.42,0.03260250,33,0.33,0.76923077,1,1,2014.02.12 17:32:00,1,1,66.79588434,0.42,0.03260250,37.50018396,22.36262894,15.45319166,6.90943728,124.92697362,1295.24,1294.39,1293.68,1292.69,1.58327192,3.60626171,7.62923763,2.02298979,4.02297592,E20>E50>E100>E200,UP,0.52549690,0.55388114,-0.02838424,59.70319635,64.43271664,-25.52366175,3.74094730,0.85171296,0,2014.02.12 17:25:00,1,1,74.41449765,1.12,0.08627590,42.63063249,27.83039823,5.06061575,22.76978247,142.06362610,1293.59,1292.22,1290.68,1289.09,1.76029532,2.98394935,5.78483984,1.22365403,2.80089049,E20>E50>E100>E200,UP,0.81006281,0.51609566,0.29396715,78.52743022,82.49134800,-12.12183577,3.91782009,1.00461924,0,2014.02.12 17:15:00,1,1,75.36444804,1.44,0.11126523,22.34285099,32.26897182,12.60983627,19.65913555,128.25735568,1292.07,1289.91,1287.94,1283.79,2.41636072,3.91336759,8.16037027,1.49700686,4.24700268,E20>E50>E100>E200,UP,1.58972565,1.50355580,0.08616985,82.13908093,62.88544286,-6.94657389,5.32137974,0.96055357,0,2014.02.12 17:00:00,1,1,75.14495578,2.48,0.19153983,31.50873437,24.79496520,12.51073391,12.28423128,136.72769740,1290.53,1288.01,1283.85,1276.68,2.02523681,3.04066424,7.60515697,1.01542744,4.56449273,E20>E50>E100>E200,UP,1.85519198,1.27575255,0.57943943,70.89617236,71.65769737,-6.07216495,4.71606691,1.00549350,0,2014.02.12 16:00:00,1,1,66.83296409,3.96,0.30628695,22.84498340,20.79317166,10.32071918,10.47245248,135.19331585,1288.53,1283.77,1276.63,1268.40,1.06339389,2.26526594,6.14721012,1.20187205,3.88194418,E20>E50>E100>E200,UP,2.00170257,1.47154437,0.53015820,72.26191477,71.30634039,-22.82904557,2.47737207,0.96114575,0,2014.02.12 12:00:00,1,0,,,,,,,,,,,,,,,,,,,,,,,,,,,,,5,0,0,0,5,0,5,1
149,XAUUSD|PERIOD_M1|BUY|1392246420|1392246600|1392246900|1392247020|MARKET_EDGE_MFE_ATR_12_V1,XAUUSD,PERIOD_M1,BUY,BID_OHLC,2014.02.12 23:07:00,2014.02.12 23:10:00,2014.02.12 23:15:00,2014.02.12 23:17:00,2014.02.12 23:17:00,2014.02.12 23:18:10,2014.02.12 23:17:00,1290.50,0.14,4,PERIOD_M1,1,1,12,12,1,1.44,0.03,10.50364964,0.24087591,MARKET_EDGE_MFE_ATR_12_V1,1.0,1,3,0,60,,0,,NOT_EXECUTED_OR_UNRESOLVED,0,,0,,NOT_APPLICABLE_NON_EXECUTED,0,,,,5d926eed3daf312d7810863a3786293984c991b1,34c7e44e89019e46fb4b93a3ac7e556c392839a536990c8508c8c4378fe5fdce,V923_PASSIVE_MARKET_EDGE_V1,V924_MARKET_EDGE_SCHEMA_V2,MARKET_EDGE_FEATURE_SNAPSHOT_T0_V2,2014.02.12 23:18:10,0,H4,,2014,2,3,23,17,ASIA,3,5,8,3,5,8,1.66666667,1,1290.39,1290.33,1290.31,-0.06,-0.03,0.43333333,0.09,0.62773723,0.20,1.43065693,1,1,23.91369433,33.08010822,52.20504940,9.16641390,19.12494118,2.08641475,28.29135508,3.05547130,3.82498824,1,1,1290.58,1290.58,1290.47,1290.50,0.11,0.07,0.68518519,0.31481481,0.00000000,0.31481481,1,0.14,0.01061602,35,0.35,2.54744526,1,1,2014.02.12 23:17:00,1,1,44.49997242,0.14,0.01061602,35.64827029,18.34477335,27.55336657,9.20859321,-14.04484098,1290.59,1290.70,1290.92,1291.46,-0.63905298,-1.42026217,-6.99603060,-0.78120919,-5.57576843,E200>E100>E50>E20,DOWN,-0.07239201,-0.08529708,0.01290507,82.89611752,81.61890695,-61.26482213,4.75155818,0.33086609,0,2014.02.12 23:10:00,1,1,32.80447179,0.38,0.02911840,23.13168861,9.23610728,23.19416587,13.95805859,-145.50943396,1290.94,1291.64,1291.57,1290.46,-1.36920748,-3.24239515,-0.10452566,-1.87318767,3.13786949,MIXED,RANGE,-0.36759022,-0.41916298,0.05157276,39.74932856,55.65678990,-87.33031674,4.00262157,0.29461232,0,2014.02.12 23:00:00,1,1,31.07025401,0.52,0.04058753,33.40785589,8.32594731,24.82336257,16.49741527,-77.56044802,1291.66,1291.04,1289.29,1285.26,-2.37422742,-1.18413843,9.85451089,1.19008899,11.03864931,E20>E50>E100>E200,UP,-0.37653405,-0.06065868,-0.31587537,43.19903581,46.36421625,-83.17152104,13.72354716,0.20661718,0,2014.02.12 21:30:00,1,1,40.42988204,1.68,0.13000781,34.20141077,7.06902070,19.95922636,12.89020565,-106.32420616,1291.49,1289.33,1285.27,1278.04,-0.36073866,0.92770919,7.65242865,1.28844785,6.72471945,E20>E50>E100>E200,UP,0.81578246,1.54029600,-0.72451354,24.15414156,24.31128689,-79.91051454,4.34908942,0.32179407,0,2014.02.12 21:00:00,1,1,49.76353502,2.85,0.22091451,21.15379614,15.39050487,14.61373567,0.77676921,14.61786553,1289.96,1285.32,1278.13,1269.57,0.32361289,1.95183596,7.47374464,1.62822307,5.52190867,E20>E50>E100>E200,UP,1.87854905,1.96563184,-0.08708279,21.97626083,43.72480183,-48.53700516,4.23294387,0.63672101,0,2014.02.12 16:00:00,1,0,,,,,,,,,,,,,,,,,,,,,,,,,,,,,5,3,1,0,3,1,1,1
150,XAUUSD|PERIOD_M1|SELL|1392271500|1392272100|1392272280|1392272400|MARKET_EDGE_MFE_ATR_12_V1,XAUUSD,PERIOD_M1,SELL,BID_OHLC,2014.02.13 06:05:00,2014.02.13 06:15:00,2014.02.13 06:18:00,2014.02.13 06:20:00,2014.02.13 06:20:00,2014.02.13 06:21:02,2014.02.13 06:20:00,1289.50,0.14,4,PERIOD_M1,1,1,12,12,1,0.12,0.32,0.88970588,2.36029412,MARKET_EDGE_MFE_ATR_12_V1,1.0,0,,0,60,,0,,NOT_EXECUTED_OR_UNRESOLVED,0,,0,,NOT_APPLICABLE_NON_EXECUTED,0,,,,5d926eed3daf312d7810863a3786293984c991b1,34c7e44e89019e46fb4b93a3ac7e556c392839a536990c8508c8c4378fe5fdce,V923_PASSIVE_MARKET_EDGE_V1,V924_MARKET_EDGE_SCHEMA_V2,MARKET_EDGE_FEATURE_SNAPSHOT_T0_V2,2014.02.13 06:21:02,0,H4,,2014,2,4,6,20,ASIA,10,3,13,10,3,13,0.30000000,1,1289.32,1289.73,1289.74,0.41,0.01,0.02195122,0.42,3.08088235,-0.24,-1.76470588,1,1,69.86505779,63.16334558,61.84295955,-6.70171221,-1.32038603,0.19702219,8.02209824,-0.67017122,-0.44012868,1,1,1289.58,1289.61,1289.46,1289.50,0.15,0.08,0.54362416,0.26174497,0.19463087,0.26174497,1,0.14,0.01054671,30,0.30,2.16911765,1,1,2014.02.13 06:20:00,1,1,46.91211528,0.14,0.01054671,21.67444191,27.40043383,22.59834904,4.80208479,60.18116355,1289.27,1289.23,1289.43,1289.88,1.73522532,1.96964128,-2.80294247,0.23441596,-4.77258374,MIXED,RANGE,0.15416768,0.07843681,0.07573088,63.79440665,72.99986282,-22.03856749,11.71374357,0.73624210,0,2014.02.13 06:15:00,1,1,50.88569662,0.74,0.05720802,36.17275294,14.71448742,17.28218947,2.56770206,53.90350877,1289.49,1290.11,1290.67,1290.60,0.14245314,-0.69792643,-1.36647136,-0.84037957,-0.66854493,MIXED,RANGE,-0.28778448,-0.33770397,0.04991949,78.70171674,65.70097298,-28.46590909,1.71152066,0.60865826,1,2014.02.13 06:00:00,1,1,34.66434006,0.92,0.07135804,53.20178810,7.62390797,23.38104294,15.75713497,-103.64927015,1290.27,1290.77,1289.94,1286.64,-1.08448387,-1.62900134,2.86663805,-0.54451747,4.49563939,MIXED,RANGE,-0.67535174,-0.54264549,-0.13270625,31.45358306,27.79957009,-71.85628743,4.49950533,0.19586029,0,2014.02.13 05:30:00,1,1,24.11732742,1.17,0.09092609,40.69675444,5.11020890,28.37896551,23.26875661,-144.95563323,1290.83,1289.99,1286.65,1279.73,-1.83332676,-1.11223761,7.63913133,0.72108915,8.75136894,E20>E50>E100>E200,UP,-0.33433937,0.14669149,-0.48103086,18.56472332,28.37046693,-92.81140260,3.63432455,-0.08357132,0,2014.02.13 05:00:00,1,1,29.63945438,1.70,0.13183992,21.82680726,11.23437057,22.08892610,10.85455553,-149.85743850,1290.24,1286.62,1279.77,1271.00,-0.91478050,1.21585592,10.40867260,2.13063643,9.19281668,E20>E50>E100>E200,UP,0.83983252,1.53578383,-0.69595131,16.04695132,27.66221863,-95.59827979,4.86507379,0.23991503,0,2014.02.13 00:00:00,1,0,,,,,,,,,,,,,,,,,,,,,,,,,,,,,5,2,4,1,2,0,2,1
151,XAUUSD|PERIOD_M1|SELL|1392272100|1392272280|1392272880|1392273000|MARKET_EDGE_MFE_ATR_12_V1,XAUUSD,PERIOD_M1,SELL,BID_OHLC,2014.02.13 06:15:00,2014.02.13 06:18:00,2014.02.13 06:28:00,2014.02.13 06:30:00,2014.02.13 06:30:00,2014.02.13 06:31:11,2014.02.13 06:30:00,1289.53,0.15,4,PERIOD_M1,1,1,12,12,1,0.34,0.33,2.36426117,2.29553265,MARKET_EDGE_MFE_ATR_12_V1,1.0,1,9,0,60,,0,,NOT_EXECUTED_OR_UNRESOLVED,0,,0,,NOT_APPLICABLE_NON_EXECUTED,0,,,,5d926eed3daf312d7810863a3786293984c991b1,34c7e44e89019e46fb4b93a3ac7e556c392839a536990c8508c8c4378fe5fdce,V923_PASSIVE_MARKET_EDGE_V1,V924_MARKET_EDGE_SCHEMA_V2,MARKET_EDGE_FEATURE_SNAPSHOT_T0_V2,2014.02.13 06:31:11,0,H4,,2014,2,4,6,30,ASIA,3,10,13,3,10,13,3.33333333,1,1289.73,1289.74,1289.82,0.01,0.08,9.00000000,0.09,0.61855670,-0.29,-1.99312715,1,1,63.16334558,61.84295955,61.57917439,-1.32038603,-0.26378517,0.19977882,1.58417120,-0.44012868,-0.02637852,1,1,1289.56,1289.56,1289.44,1289.53,0.12,0.03,0.25000000,0.75000000,0.00000000,0.75000000,1,0.15,0.01128315,34,0.34,2.36426117,1,1,2014.02.13 06:30:00,1,1,44.84685577,0.15,0.01128315,21.01893272,23.16367946,27.36948887,4.20580941,-65.38650004,1289.49,1289.36,1289.46,1289.86,0.32200457,1.20914746,-2.22329734,0.88714288,-3.43244479,MIXED,RANGE,0.14068866,0.15280008,-0.01211142,55.50527903,73.83361947,-65.61085973,6.49137470,0.52027538,0,2014.02.13 06:25:00,1,1,49.21987180,0.55,0.04230115,29.06098549,15.00394953,12.98084454,2.02310500,72.86684064,1289.51,1290.07,1290.63,1290.58,0.09381322,-0.92930092,-1.86590037,-1.02311414,-0.93659944,MIXED,RANGE,-0.20618349,-0.31596887,0.10978537,88.57994042,84.99397610,-30.11363636,1.97430585,0.63440313,1,2014.02.13 06:15:00,1,1,39.85194434,0.97,0.07529683,49.44192382,12.15741455,20.26357055,8.10615600,-45.18545142,1290.20,1290.72,1289.93,1286.66,-0.65944672,-1.19596495,2.98473695,-0.53651823,4.18070190,MIXED,RANGE,-0.64626994,-0.56851548,-0.07775446,47.71650559,33.82551466,-63.17365269,3.89399556,0.28313015,0,2014.02.13 06:00:00,1,1,39.57251394,1.18,0.09127123,44.53847118,4.42884771,24.62194908,20.19310137,-105.35132745,1290.71,1289.97,1286.71,1279.83,-0.97563669,-0.34632677,8.26876778,0.62930992,8.61509455,E20>E50>E100>E200,UP,-0.38426659,0.04718275,-0.43144934,29.64186600,26.55168349,-74.60776218,3.58609497,0.15712935,0,2014.02.13 05:00:00,1,1,29.63945438,1.70,0.13183992,21.82680726,11.23437057,22.08892610,10.85455553,-149.85743850,1290.24,1286.62,1279.77,1271.00,-0.91478050,1.21585592,10.40867260,2.13063643,9.19281668,E20>E50>E100>E200,UP,0.83983252,1.53578383,-0.69595131,16.04695132,27.66221863,-95.59827979,4.86507379,0.23991503,0,2014.02.13 00:00:00,1,0,,,,,,,,,,,,,,,,,,,,,,,,,,,,,5,2,4,1,2,0,2,1
152,XAUUSD|PERIOD_M1|BUY|1392275160|1392275520|1392275940|1392276060|MARKET_EDGE_MFE_ATR_12_V1,XAUUSD,PERIOD_M1,BUY,BID_OHLC,2014.02.13 07:06:00,2014.02.13 07:12:00,2014.02.13 07:19:00,2014.02.13 07:21:00,2014.02.13 07:21:00,2014.02.13 07:22:05,2014.02.13 07:21:00,1289.28,0.14,4,PERIOD_M1,1,1,12,12,1,0.47,0.57,3.38738739,4.12972973,MARKET_EDGE_MFE_ATR_12_V1,1.0,1,1,0,60,,0,,NOT_EXECUTED_OR_UNRESOLVED,0,,0,,NOT_APPLICABLE_NON_EXECUTED,0,,,,5d926eed3daf312d7810863a3786293984c991b1,34c7e44e89019e46fb4b93a3ac7e556c392839a536990c8508c8c4378fe5fdce,V923_PASSIVE_MARKET_EDGE_V1,V924_MARKET_EDGE_SCHEMA_V2,MARKET_EDGE_FEATURE_SNAPSHOT_T0_V2,2014.02.13 07:22:05,0,H4,,2014,2,4,7,21,LONDON,6,7,13,6,7,13,1.16666667,1,1289.31,1289.20,1289.12,-0.11,-0.09,0.82407407,0.20,1.41981982,0.17,1.20360360,1,1,46.27185070,46.54280344,50.82136866,0.27095274,4.27856522,15.79081708,4.54951796,0.04515879,0.61122360,1,1,1289.31,1289.34,1289.27,1289.28,0.07,0.02,0.32857143,0.14285714,0.52857143,0.14285714,1,0.14,0.01076180,28,0.28,1.98198198,1,1,2014.02.13 07:21:00,1,1,44.77263410,0.14,0.01076180,14.24066959,17.58664578,20.28570691,2.69906113,-45.61129290,1289.36,1289.41,1289.45,1289.69,-0.55812728,-0.88455507,-2.95523998,-0.32642779,-2.07068491,E200>E100>E50>E20,DOWN,-0.05018682,-0.04731297,-0.00287385,59.53109072,53.35038723,-71.05719237,3.03044989,0.30129612,0,2014.02.13 07:15:00,1,1,45.79519279,0.41,0.03170212,15.13664719,13.70596639,18.90078772,5.19482133,-93.95744363,1289.48,1289.87,1290.42,1290.48,-0.32541885,-1.28612837,-2.76303328,-0.96070952,-1.47690490,E200>E100>E50>E20,DOWN,-0.09372728,-0.11454747,0.02082020,37.95309168,42.22440828,-44.82484076,2.47311929,0.47383487,0,2014.02.13 07:00:00,1,1,35.51567165,0.65,0.05016549,39.07072253,9.21453646,13.90511964,4.69058318,-60.43719890,1289.99,1290.57,1289.90,1286.75,-1.17335055,-2.07267999,3.84625111,-0.89932944,5.91893109,MIXED,RANGE,-0.58936828,-0.61527105,0.02590277,64.73941368,64.80413975,-66.17812852,5.36425482,0.25858464,0,2014.02.13 06:30:00,1,1,39.74323476,1.11,0.08615255,46.56753395,5.37542137,21.33902254,15.96360117,-72.70014918,1290.60,1289.96,1286.77,1279.93,-0.92701399,-0.34386445,8.68172905,0.58314954,9.02559350,E20>E50>E100>E200,UP,-0.41820654,-0.04993113,-0.36827541,39.65104826,29.28587919,-74.40132122,3.88491904,0.19389351,0,2014.02.13 06:00:00,1,1,39.91261875,1.82,0.14080242,23.26759012,9.73645449,19.16911666,9.43266217,-117.81748106,1290.17,1286.73,1279.96,1271.18,-0.33146554,1.56346804,10.12723417,1.89493357,8.56376614,E20>E50>E100>E200,UP,0.69863715,1.38663412,-0.68799697,16.93699568,20.31175761,-84.32165887,4.39929376,0.33333787,0,2014.02.13 00:00:00,1,0,,,,,,,,,,,,,,,,,,,,,,,,,,,,,5,3,0,0,2,2,2,1
153,XAUUSD|PERIOD_M1|BUY|1392275520|1392275940|1392276120|1392276240|MARKET_EDGE_MFE_ATR_12_V1,XAUUSD,PERIOD_M1,BUY,BID_OHLC,2014.02.13 07:12:00,2014.02.13 07:19:00,2014.02.13 07:22:00,2014.02.13 07:24:00,2014.02.13 07:24:00,2014.02.13 07:25:00,2014.02.13 07:24:00,1289.34,0.27,4,PERIOD_M1,1,1,12,12,1,0.00,1.20,0.00000000,4.39963336,MARKET_EDGE_MFE_ATR_12_V1,1.0,0,,0,60,,0,,NOT_EXECUTED_OR_UNRESOLVED,0,,0,,NOT_APPLICABLE_NON_EXECUTED,0,,,,5d926eed3daf312d7810863a3786293984c991b1,34c7e44e89019e46fb4b93a3ac7e556c392839a536990c8508c8c4378fe5fdce,V923_PASSIVE_MARKET_EDGE_V1,V924_MARKET_EDGE_SCHEMA_V2,MARKET_EDGE_FEATURE_SNAPSHOT_T0_V2,2014.02.13 07:25:00,0,H4,,2014,2,4,7,24,LONDON,7,3,10,7,3,10,0.42857143,1,1289.20,1289.12,1289.09,-0.09,-0.02,0.25842697,0.11,0.41063245,0.25,0.91292392,1,1,46.54280344,50.82136866,56.95189583,4.27856522,6.13052717,1.43284649,10.40909238,0.61122360,2.04350906,1,1,1289.62,1289.62,1289.27,1289.34,0.35,0.28,0.80571429,0.19428571,0.00000000,0.19428571,1,0.27,0.02115420,27,0.27,0.97525206,1,1,2014.02.13 07:24:00,1,1,50.25175671,0.27,0.02115420,13.37225588,22.59377476,24.63687559,2.04310083,92.30583117,1289.39,1289.41,1289.45,1289.69,-0.16454208,-0.25815825,-1.26243157,-0.09361616,-1.00427332,E200>E100>E50>E20,DOWN,-0.01590566,-0.04063835,0.02473269,66.62700773,71.35777495,-62.27272727,1.72598311,0.42129779,1,2014.02.13 07:20:00,1,1,45.66683519,0.46,0.03596796,13.79836396,18.14113047,16.38068269,1.76044778,-61.34629668,1289.47,1289.85,1290.40,1290.46,-0.26731194,-1.09742799,-2.41964925,-0.83011605,-1.32222127,E200>E100>E50>E20,DOWN,-0.09481242,-0.10617540,0.01136299,25.97577389,33.76666653,-69.48529412,2.18038913,0.47201222,0,2014.02.13 07:00:00,1,1,35.51567165,0.65,0.05016549,39.07072253,9.21453646,13.90511964,4.69058318,-60.43719890,1289.99,1290.57,1289.90,1286.75,-1.17335055,-2.07267999,3.84625111,-0.89932944,5.91893109,MIXED,RANGE,-0.58936828,-0.61527105,0.02590277,64.73941368,64.80413975,-66.17812852,5.36425482,0.25858464,0,2014.02.13 06:30:00,1,1,39.74323476,1.11,0.08615255,46.56753395,5.37542137,21.33902254,15.96360117,-72.70014918,1290.60,1289.96,1286.77,1279.93,-0.92701399,-0.34386445,8.68172905,0.58314954,9.02559350,E20>E50>E100>E200,UP,-0.41820654,-0.04993113,-0.36827541,39.65104826,29.28587919,-74.40132122,3.88491904,0.19389351,0,2014.02.13 06:00:00,1,1,39.91261875,1.82,0.14080242,23.26759012,9.73645449,19.16911666,9.43266217,-117.81748106,1290.17,1286.73,1279.96,1271.18,-0.33146554,1.56346804,10.12723417,1.89493357,8.56376614,E20>E50>E100>E200,UP,0.69863715,1.38663412,-0.68799697,16.93699568,20.31175761,-84.32165887,4.39929376,0.33333787,0,2014.02.13 00:00:00,1,0,,,,,,,,,,,,,,,,,,,,,,,,,,,,,5,3,1,1,2,2,2,1
154,XAUUSD|PERIOD_M1|BUY|1392276960|1392277620|1392278460|1392278580|MARKET_EDGE_MFE_ATR_12_V1,XAUUSD,PERIOD_M1,BUY,BID_OHLC,2014.02.13 07:36:00,2014.02.13 07:47:00,2014.02.13 08:01:00,2014.02.13 08:03:00,2014.02.13 08:03:00,2014.02.13 08:04:00,2014.02.13 08:03:00,1287.89,0.36,4,PERIOD_M1,1,1,12,12,1,0.39,0.63,1.09090909,1.76223776,MARKET_EDGE_MFE_ATR_12_V1,1.0,1,3,0,60,,0,,EXECUTED,1,45,1,45,MATCHED_FINALIZED,1,0,0,2.20,5d926eed3daf312d7810863a3786293984c991b1,34c7e44e89019e46fb4b93a3ac7e556c392839a536990c8508c8c4378fe5fdce,V923_PASSIVE_MARKET_EDGE_V1,V924_MARKET_EDGE_SCHEMA_V2,MARKET_EDGE_FEATURE_SNAPSHOT_T0_V2,2014.02.13 08:04:00,0,H4,,2014,2,4,8,3,LONDON,11,14,25,11,14,25,1.27272727,1,1288.14,1288.03,1287.53,-0.11,-0.50,4.58715596,0.61,1.70349650,0.36,1.00699301,1,1,18.38950528,27.27167696,33.09129445,8.88217168,5.81961749,0.65520209,14.70178917,0.80747015,0.41568696,1,1,1287.77,1287.99,1287.77,1287.89,0.22,0.12,0.54545455,0.54545455,0.45454545,0.00000000,1,0.36,0.02775852,28,0.28,0.79440559,1,1,2014.02.13 08:03:00,1,1,38.98184199,0.36,0.02775852,17.91437431,27.70252271,24.27378921,3.42873350,-96.85717248,1288.30,1288.63,1288.92,1289.31,-1.12979766,-2.06169669,-3.95395755,-0.93189903,-1.89226086,E200>E100>E50>E20,DOWN,-0.22312206,-0.12337168,-0.09975037,26.39751553,18.20992027,-73.33333333,4.16925493,0.20278602,0,2014.02.13 07:55:00,1,1,35.59071364,0.63,0.04909331,22.73423473,16.67667509,27.70724836,11.03057327,-95.36878600,1289.03,1289.55,1290.17,1290.34,-1.06010718,-1.87930853,-3.12643685,-0.81920135,-1.24712832,E200>E100>E50>E20,DOWN,-0.29461031,-0.19290258,-0.10170773,37.75711468,33.15981555,-82.40938166,2.86690226,0.04376394,0,2014.02.13 07:45:00,1,1,24.34315168,0.81,0.06252120,42.52464764,5.99832195,22.28270511,16.28438316,-172.93694607,1289.65,1290.36,1289.83,1286.80,-1.59974994,-2.48048461,1.93635234,-0.88073468,4.41683695,MIXED,RANGE,-0.65354084,-0.62980164,-0.02373920,21.45652174,37.84772216,-86.74698795,3.58891867,0.05797105,0,2014.02.13 07:30:00,1,1,27.60025501,1.04,0.08066438,52.66640859,4.03753872,30.01242593,25.97488721,-118.20667096,1290.26,1289.86,1286.85,1280.10,-1.82609979,-1.44112230,7.94902891,0.38497749,9.39015121,E20>E50>E100>E200,UP,-0.57728047,-0.24408156,-0.33319891,39.01830283,43.83983799,-93.27765329,4.71063190,0.03382929,0,2014.02.13 07:00:00,1,1,31.82455301,1.64,0.12715749,25.27928258,8.43826056,18.93881584,10.50055528,-123.46852817,1290.00,1286.80,1280.13,1271.36,-1.00064129,0.95528152,10.38156255,1.95592281,9.42628103,E20>E50>E100>E200,UP,0.48352811,1.23163180,-0.74810369,16.31646108,16.43346936,-95.98002193,4.58489201,0.15229255,0,2014.02.13 04:00:00,1,0,,,,,,,,,,,,,,,,,,,,,,,,,,,,,5,3,1,0,2,2,2,1
155,XAUUSD|PERIOD_M1|BUY|1392277620|1392278460|1392279000|1392279120|MARKET_EDGE_MFE_ATR_12_V1,XAUUSD,PERIOD_M1,BUY,BID_OHLC,2014.02.13 07:47:00,2014.02.13 08:01:00,2014.02.13 08:10:00,2014.02.13 08:12:00,2014.02.13 08:12:00,2014.02.13 08:13:06,2014.02.13 08:12:00,1287.58,0.42,4,PERIOD_M1,1,1,12,12,1,0.06,1.13,0.14150943,2.66509434,MARKET_EDGE_MFE_ATR_12_V1,1.0,0,,0,60,,0,,NOT_EXECUTED_OR_UNRESOLVED,0,,0,,NOT_APPLICABLE_NON_EXECUTED,0,,,,5d926eed3daf312d7810863a3786293984c991b1,34c7e44e89019e46fb4b93a3ac7e556c392839a536990c8508c8c4378fe5fdce,V923_PASSIVE_MARKET_EDGE_V1,V924_MARKET_EDGE_SCHEMA_V2,MARKET_EDGE_FEATURE_SNAPSHOT_T0_V2,2014.02.13 08:13:06,0,H4,,2014,2,4,8,12,LONDON,14,9,23,14,9,23,0.64285714,1,1288.03,1287.53,1287.26,-0.50,-0.27,0.54000000,0.77,1.81603774,0.32,0.75471698,1,1,27.27167696,33.09129445,33.54708026,5.81961749,0.45578581,0.07831886,6.27540330,0.41568696,0.05064287,1,1,1287.77,1287.78,1287.55,1287.58,0.24,0.19,0.80508475,0.15254237,0.04237288,0.15254237,1,0.42,0.03292992,28,0.28,0.66981132,1,1,2014.02.13 08:12:00,1,1,36.76685863,0.42,0.03292992,12.28206651,18.00601383,21.12405459,3.11804076,-92.50865097,1287.99,1288.38,1288.74,1289.18,-0.97081268,-1.88687914,-3.76447309,-0.91606646,-1.87759395,E200>E100>E50>E20,DOWN,-0.23875040,-0.21668695,-0.02206345,42.27941176,35.33710381,-75.93984962,3.90382272,0.20064417,0,2014.02.13 08:05:00,1,1,28.64180373,0.70,0.05455112,27.30278215,12.52603596,29.99997712,17.47394116,-135.86471409,1288.84,1289.43,1290.08,1290.29,-1.49888049,-2.34231236,-3.57320852,-0.84343188,-1.23089616,E200>E100>E50>E20,DOWN,-0.38237322,-0.25118684,-0.13118637,28.60635697,37.14706395,-88.73873874,3.19023003,-0.05322375,0,2014.02.13 07:45:00,1,1,24.34315168,0.81,0.06252120,42.52464764,5.99832195,22.28270511,16.28438316,-172.93694607,1289.65,1290.36,1289.83,1286.80,-1.59974994,-2.48048461,1.93635234,-0.88073468,4.41683695,MIXED,RANGE,-0.65354084,-0.62980164,-0.02373920,21.45652174,37.84772216,-86.74698795,3.58891867,0.05797105,0,2014.02.13 07:30:00,1,1,27.60025501,1.04,0.08066438,52.66640859,4.03753872,30.01242593,25.97488721,-118.20667096,1290.26,1289.86,1286.85,1280.10,-1.82609979,-1.44112230,7.94902891,0.38497749,9.39015121,E20>E50>E100>E200,UP,-0.57728047,-0.24408156,-0.33319891,39.01830283,43.83983799,-93.27765329,4.71063190,0.03382929,0,2014.02.13 07:00:00,1,1,31.82455301,1.64,0.12715749,25.27928258,8.43826056,18.93881584,10.50055528,-123.46852817,1290.00,1286.80,1280.13,1271.36,-1.00064129,0.95528152,10.38156255,1.95592281,9.42628103,E20>E50>E100>E200,UP,0.48352811,1.23163180,-0.74810369,16.31646108,16.43346936,-95.98002193,4.58489201,0.15229255,0,2014.02.13 04:00:00,1,0,,,,,,,,,,,,,,,,,,,,,,,,,,,,,5,3,0,0,2,2,2,1
156,XAUUSD|PERIOD_M1|SELL|1392302340|1392303840|1392304320|1392304440|MARKET_EDGE_MFE_ATR_12_V1,XAUUSD,PERIOD_M1,SELL,BID_OHLC,2014.02.13 14:39:00,2014.02.13 15:04:00,2014.02.13 15:12:00,2014.02.13 15:14:00,2014.02.13 15:14:00,2014.02.13 15:15:00,2014.02.13 15:14:00,1296.69,0.70,4,PERIOD_M1,1,1,12,12,1,1.00,0.60,1.41894289,0.85136573,MARKET_EDGE_MFE_ATR_12_V1,1.0,1,2,0,60,,0,,NOT_EXECUTED_OR_UNRESOLVED,0,,0,,NOT_APPLICABLE_NON_EXECUTED,0,,,,5d926eed3daf312d7810863a3786293984c991b1,34c7e44e89019e46fb4b93a3ac7e556c392839a536990c8508c8c4378fe5fdce,V923_PASSIVE_MARKET_EDGE_V1,V924_MARKET_EDGE_SCHEMA_V2,MARKET_EDGE_FEATURE_SNAPSHOT_T0_V2,2014.02.13 15:15:00,0,H4,,2014,2,4,15,14,OVERLAP,25,8,33,25,8,33,0.32000000,1,1296.66,1296.72,1297.59,0.06,0.87,13.59375000,0.93,1.32529266,-0.90,-1.27704860,1,1,76.06289556,64.89930456,61.66426678,-11.16359100,-3.23503778,0.28978469,14.39862878,-0.44654364,-0.40437972,1,1,1296.77,1297.04,1296.66,1296.69,0.38,0.08,0.20942408,0.07853403,0.71204188,0.07853403,1,0.70,0.05434992,29,0.29,0.40723661,1,1,2014.02.13 15:14:00,1,1,58.55843094,0.70,0.05434992,18.65018422,28.52924993,20.64300035,7.88624958,107.02072018,1296.18,1295.53,1294.68,1293.59,0.71905923,1.64882844,4.39705455,0.92976920,2.74822611,E20>E50>E100>E200,UP,0.31238647,0.22963513,0.08275134,56.67134831,67.13971924,-42.45283019,2.96887174,0.82726949,0,2014.02.13 15:10:00,1,1,64.15565149,1.37,0.10582714,32.30794055,26.14970847,11.16048517,14.98922330,87.22623038,1294.82,1293.28,1292.07,1291.26,1.36245920,2.48442064,3.95991442,1.12196144,1.47549378,E20>E50>E100>E200,UP,1.05842080,0.89996924,0.15845156,52.67155230,54.86744476,-18.22969415,4.24654490,0.86225049,0,2014.02.13 15:00:00,1,1,72.54530075,2.40,0.18506736,38.43150714,22.03119867,5.80197815,16.22922052,175.48053134,1292.95,1291.58,1290.67,1288.00,1.56040993,2.13074904,3.62299619,0.57033911,1.49224715,E20>E50>E100>E200,UP,1.41223055,0.96610465,0.44612590,75.72789660,68.41378600,-11.90948789,2.82122112,1.07402077,0,2014.02.13 14:30:00,1,1,70.27170389,3.03,0.23390472,29.81653378,30.38061433,13.15852712,17.22208720,132.86140363,1291.70,1290.64,1287.98,1281.58,1.29169977,1.64173758,4.63102283,0.35003781,2.98928526,E20>E50>E100>E200,UP,0.92987202,0.34148868,0.58838333,65.73985479,62.36111299,-15.50394548,3.06868654,1.03163803,0,2014.02.13 14:00:00,1,1,65.11314785,3.85,0.29721452,21.86815145,26.50942041,15.23600404,11.27341637,168.14796264,1291.15,1288.07,1281.67,1272.74,1.15892724,1.95813091,5.93907573,0.79920366,3.98094482,E20>E50>E100>E200,UP,1.11351569,0.57848289,0.53503280,76.28771595,81.47927949,-15.50394548,2.06393214,1.06110038,0,2014.02.13 08:00:00,1,0,,,,,,,,,,,,,,,,,,,,,,,,,,,,,5,0,0,0,5,0,5,1
157,XAUUSD|PERIOD_M1|BUY|1392338760|1392338940|1392339600|1392339720|MARKET_EDGE_MFE_ATR_12_V1,XAUUSD,PERIOD_M1,BUY,BID_OHLC,2014.02.14 00:46:00,2014.02.14 00:49:00,2014.02.14 01:00:00,2014.02.14 01:02:00,2014.02.14 01:02:00,2014.02.14 01:03:00,2014.02.14 01:02:00,1302.46,0.41,4,PERIOD_M1,1,1,12,12,1,1.17,0.42,2.85888821,1.02626756,MARKET_EDGE_MFE_ATR_12_V1,1.0,1,1,0,60,,0,,EXECUTED,1,46,1,46,MATCHED_FINALIZED,1,0,0,2.06,5d926eed3daf312d7810863a3786293984c991b1,34c7e44e89019e46fb4b93a3ac7e556c392839a536990c8508c8c4378fe5fdce,V923_PASSIVE_MARKET_EDGE_V1,V924_MARKET_EDGE_SCHEMA_V2,MARKET_EDGE_FEATURE_SNAPSHOT_T0_V2,2014.02.14 01:03:00,0,H4,,2014,2,5,1,2,ASIA,3,11,14,3,11,14,3.66666667,1,1301.57,1301.42,1301.20,-0.14,-0.23,1.59154930,0.37,0.89920586,1.26,3.09102016,1,1,25.37960569,35.54374439,44.47529092,10.16413871,8.93154652,0.87873127,19.09568523,3.38804624,0.81195877,1,1,1302.18,1302.56,1302.12,1302.46,0.44,0.29,0.65079365,0.77324263,0.22675737,0.12244898,1,0.41,0.03142124,35,0.35,0.85522297,1,1,2014.02.14 01:02:00,1,1,66.63582315,0.41,0.03142124,24.70888967,37.07393609,22.38800501,14.68593108,294.37438514,1301.67,1301.46,1301.31,1301.15,1.93671458,2.46164139,3.21685351,0.52492681,0.75521212,E20>E50>E100>E200,UP,0.10143159,0.02675357,0.07467802,92.92817680,69.47503664,-7.32600733,2.48415628,1.31233202,0,2014.02.14 00:55:00,1,1,42.45601547,0.31,0.02368734,21.17267939,15.16330203,23.58933685,8.42603483,32.58059935,1301.30,1300.98,1299.64,1297.16,0.07887095,1.13140954,13.50826049,1.05253859,12.37685095,E20>E50>E100>E200,UP,0.10337333,-0.03305530,0.13642863,25.53669496,45.08244008,-44.50805009,8.42200840,0.61738834,0,2014.02.14 00:45:00,1,1,50.47926708,1.07,0.08258871,33.27581800,24.33698338,23.61430134,0.72268204,-5.46427740,1300.75,1298.28,1295.47,1291.56,0.53634979,2.83825515,9.09016328,2.30190536,6.25190813,E20>E50>E100>E200,UP,0.92120290,1.22973348,-0.30853057,73.59735974,59.47150808,-49.41291585,2.99783958,0.54415058,0,2014.02.14 00:30:00,1,1,55.53589811,1.66,0.12731225,36.10871040,22.35618064,13.21037871,9.14580193,65.14734037,1299.22,1295.59,1291.65,1284.62,1.27420154,3.46266117,10.08483700,2.18845963,6.62217583,E20>E50>E100>E200,UP,2.31975538,2.59204592,-0.27229054,45.16202909,41.68590493,-23.66817685,6.05928356,0.69130431,0,2014.02.14 00:00:00,1,1,65.43707826,2.35,0.18093056,45.40973330,25.23857127,7.94698776,17.29158352,76.55872836,1296.63,1291.73,1284.70,1275.09,1.99373656,4.07608736,11.14211824,2.08235080,7.06603088,E20>E50>E100>E200,UP,3.14491303,2.49946515,0.64544788,70.90222985,78.45503923,-10.34129693,8.63194444,0.81350262,0,2014.02.13 20:00:00,1,0,,,,,,,,,,,,,,,,,,,,,,,,,,,,,5,5,4,0,5,0,0,1
158,XAUUSD|PERIOD_M1|BUY|1392345600|1392345840|1392346740|1392346860|MARKET_EDGE_MFE_ATR_12_V1,XAUUSD,PERIOD_M1,BUY,BID_OHLC,2014.02.14 02:40:00,2014.02.14 02:44:00,2014.02.14 02:59:00,2014.02.14 03:01:00,2014.02.14 03:01:00,2014.02.14 03:02:00,2014.02.14 03:01:00,1304.53,0.22,4,PERIOD_M1,1,1,12,12,1,0.41,0.54,1.84892897,2.43517475,MARKET_EDGE_MFE_ATR_12_V1,1.0,1,12,0,60,,0,,NOT_EXECUTED_OR_UNRESOLVED,0,,0,,NOT_APPLICABLE_NON_EXECUTED,0,,,,5d926eed3daf312d7810863a3786293984c991b1,34c7e44e89019e46fb4b93a3ac7e556c392839a536990c8508c8c4378fe5fdce,V923_PASSIVE_MARKET_EDGE_V1,V924_MARKET_EDGE_SCHEMA_V2,MARKET_EDGE_FEATURE_SNAPSHOT_T0_V2,2014.02.14 03:02:00,0,H4,,2014,2,5,3,1,ASIA,4,15,19,4,15,19,3.75000000,1,1304.72,1304.63,1304.41,-0.09,-0.23,2.50000000,0.32,1.42051860,0.13,0.56369786,1,1,38.09296237,42.14768669,48.18444459,4.05472432,6.03675790,1.48882080,10.09148222,1.01368108,0.40245053,1,1,1304.64,1304.64,1304.47,1304.53,0.17,0.11,0.64497041,0.35502959,0.00000000,0.35502959,1,0.22,0.01699842,31,0.31,1.41600902,1,1,2014.02.14 03:01:00,1,1,43.19920056,0.22,0.01699842,25.51803940,13.94755012,28.49877467,14.55122455,-91.02374618,1304.90,1305.02,1304.76,1303.89,-1.63659079,-2.20397626,2.91729002,-0.56738547,5.12126628,MIXED,RANGE,-0.09416442,0.00073773,-0.09490216,16.46715328,12.02849654,-90.84249084,5.97843181,0.21343814,0,2014.02.14 02:55:00,1,1,46.83147152,0.71,0.05415399,29.94091728,17.01133272,19.09279795,2.08146523,-66.50590789,1304.80,1303.52,1301.70,1298.84,-0.26637479,1.54676418,8.16922045,1.81313897,6.62245627,E20>E50>E100>E200,UP,0.52059987,0.81157432,-0.29097444,46.32138114,44.82688900,-91.88761377,4.29027629,0.25455945,0,2014.02.14 02:45:00,1,1,55.33688597,1.12,0.08575340,30.05439442,29.38655980,19.42753040,9.95902941,55.59464371,1303.12,1300.13,1296.89,1292.59,1.33015800,4.00661517,10.74311087,2.67645717,6.73649570,E20>E50>E100>E200,UP,1.57440523,1.41274073,0.16166450,28.87995982,51.78843353,-34.87745758,7.07648895,0.72302510,0,2014.02.14 02:30:00,1,1,63.14717703,2.58,0.19793226,42.46582058,25.38550359,8.38083256,17.00467103,117.48380520,1301.15,1296.99,1292.68,1285.42,1.34206718,2.95108760,7.43202248,1.60902042,4.48093488,E20>E50>E100>E200,UP,2.69909764,2.57325180,0.12584584,74.39708491,78.83440698,-32.94746215,3.71632741,0.84232841,0,2014.02.14 02:00:00,1,1,67.81005627,3.34,0.25612960,50.21566479,27.86850799,5.96907081,21.89943719,122.73157664,1298.24,1292.79,1285.52,1275.70,1.90651966,3.53767372,8.65365048,1.63115405,5.11597676,E20>E50>E100>E200,UP,3.65625229,2.94987352,0.70637877,73.71002016,71.44980983,-15.08444962,6.66148488,0.85992288,0,2014.02.13 20:00:00,1,0,,,,,,,,,,,,,,,,,,,,,,,,,,,,,5,5,3,0,4,0,0,1
159,XAUUSD|PERIOD_M1|SELL|1392378540|1392379020|1392379440|1392379560|MARKET_EDGE_MFE_ATR_12_V1,XAUUSD,PERIOD_M1,SELL,BID_OHLC,2014.02.14 11:49:00,2014.02.14 11:57:00,2014.02.14 12:04:00,2014.02.14 12:06:00,2014.02.14 12:06:00,2014.02.14 12:07:00,2014.02.14 12:06:00,1317.98,0.69,4,PERIOD_M1,1,1,12,12,1,2.04,0.08,2.94100719,0.11510791,MARKET_EDGE_MFE_ATR_12_V1,1.0,1,1,0,60,,0,,NOT_EXECUTED_OR_UNRESOLVED,0,,0,,NOT_APPLICABLE_NON_EXECUTED,0,,,,5d926eed3daf312d7810863a3786293984c991b1,34c7e44e89019e46fb4b93a3ac7e556c392839a536990c8508c8c4378fe5fdce,V923_PASSIVE_MARKET_EDGE_V1,V924_MARKET_EDGE_SCHEMA_V2,MARKET_EDGE_FEATURE_SNAPSHOT_T0_V2,2014.02.14 12:07:00,0,H4,,2014,2,5,12,6,OVERLAP,8,7,15,8,7,15,0.87500000,1,1317.72,1318.54,1319.59,0.82,1.05,1.28205128,1.87,2.68920863,-1.61,-2.31510791,1,1,82.28182987,81.74537102,71.82456456,-0.53645885,-9.92080646,18.49313597,10.45726531,-0.06705736,-1.41725807,1,1,1318.59,1318.59,1317.91,1317.98,0.68,0.61,0.89705882,0.10294118,0.00000000,0.10294118,1,0.69,0.05273209,29,0.29,0.41438849,1,1,2014.02.14 12:06:00,1,1,50.55610595,0.69,0.05273209,35.57233434,23.01114951,24.98312396,1.97197444,25.82377797,1317.30,1315.34,1313.45,1311.53,0.98702552,3.80227723,9.29183027,2.81525171,5.48955304,E20>E50>E100>E200,UP,1.16875875,1.19975399,-0.03099524,39.44751381,63.29734094,-45.72321682,7.22593639,0.63612037,0,2014.02.14 12:00:00,1,1,82.44517999,2.40,0.18201284,65.72817357,38.85274263,3.04509715,35.80764548,159.10162961,1313.46,1310.93,1308.72,1305.44,2.25020340,3.30630952,5.59311867,1.05610612,2.28680915,E20>E50>E100>E200,UP,2.13232330,1.43932046,0.69300284,80.13930951,80.34800331,-7.83113116,4.49922850,1.06454864,0,2014.02.14 11:45:00,1,1,88.08196659,2.53,0.19173077,37.52831000,42.49040920,8.49958972,33.99081947,214.47756493,1310.21,1306.87,1302.80,1297.30,2.82313645,4.14717111,7.93646129,1.32403466,3.78929018,E20>E50>E100>E200,UP,2.14517903,1.39511535,0.75006368,87.68086198,86.02553338,-10.67710650,3.71550082,1.29667631,0,2014.02.14 11:30:00,1,1,87.67884429,3.56,0.27022216,46.87168186,35.41136762,8.92380971,26.48755791,263.88178026,1308.06,1302.93,1297.40,1289.16,2.60748511,4.04867278,7.91625980,1.44118767,3.86758702,E20>E50>E100>E200,UP,3.11570453,2.54524325,0.57046128,83.40101523,70.41576710,-8.53545771,3.46427542,1.28368357,0,2014.02.14 11:00:00,1,1,84.32604297,4.40,0.33436647,60.83647124,35.74016447,3.83725415,31.90291031,207.31028108,1304.85,1297.65,1289.34,1278.53,2.83521698,4.47087559,8.81168325,1.63565861,4.34080766,E20>E50>E100>E200,UP,4.82704158,4.04781091,0.77923067,81.04439664,77.00973978,-6.39488409,4.46411207,1.15849840,0,2014.02.14 08:00:00,1,0,,,,,,,,,,,,,,,,,,,,,,,,,,,,,5,0,1,0,5,0,5,1
160,XAUUSD|PERIOD_M1|BUY|1392398100|1392398820|1392399000|1392399120|MARKET_EDGE_MFE_ATR_12_V1,XAUUSD,PERIOD_M1,BUY,BID_OHLC,2014.02.14 17:15:00,2014.02.14 17:27:00,2014.02.14 17:30:00,2014.02.14 17:32:00,2014.02.14 17:32:00,2014.02.14 17:33:00,2014.02.14 17:32:00,1316.68,0.38,4,PERIOD_M1,1,1,12,12,1,1.06,0.23,2.82712766,0.61170213,MARKET_EDGE_MFE_ATR_12_V1,1.0,1,2,0,60,,0,,EXECUTED,1,47,1,47,MATCHED_FINALIZED,1,0,0,2.10,5d926eed3daf312d7810863a3786293984c991b1,34c7e44e89019e46fb4b93a3ac7e556c392839a536990c8508c8c4378fe5fdce,V923_PASSIVE_MARKET_EDGE_V1,V924_MARKET_EDGE_SCHEMA_V2,MARKET_EDGE_FEATURE_SNAPSHOT_T0_V2,2014.02.14 17:33:00,0,H4,,2014,2,5,17,32,NEWYORK,12,3,15,12,3,15,0.25000000,1,1315.71,1315.69,1315.63,-0.02,-0.06,3.15789474,0.08,0.21010638,1.05,2.78723404,1,1,21.11790223,35.67213675,55.65819147,14.55423452,19.98605472,1.37321236,34.54028924,1.21285288,6.66201824,1,1,1316.32,1316.88,1316.32,1316.68,0.56,0.36,0.64285714,0.64285714,0.35714286,0.00000000,1,0.38,0.02855661,33,0.33,0.86436170,1,1,2014.02.14 17:32:00,1,1,72.96037461,0.38,0.02855661,25.32078475,35.79419731,12.94699412,22.84720320,174.41692338,1316.19,1316.44,1316.73,1316.76,1.31456086,0.63757994,-0.20707041,-0.67698092,-0.84465035,E200>E100>E50>E20,DOWN,-0.09887253,-0.19718591,0.09831338,87.95472918,75.85412915,-16.02564103,2.65960553,1.11679280,0,2014.02.14 17:25:00,1,1,35.76189150,0.62,0.04747936,22.24417226,11.63283152,32.06449440,20.43166288,-134.50764419,1316.68,1316.54,1314.77,1310.98,-1.35438788,-1.12138592,7.77243888,0.23300196,8.89382480,E20>E50>E100>E200,UP,-0.34045520,-0.20772204,-0.13273315,12.37420798,14.52258342,-94.59041731,4.04096607,0.21411240,0,2014.02.14 17:15:00,1,1,41.96580342,1.58,0.11973386,17.87045941,13.90908238,15.05368222,1.14459984,-99.17022622,1316.29,1312.84,1307.88,1301.20,-0.28898165,1.90184851,9.29015919,2.19083016,7.38831068,E20>E50>E100>E200,UP,1.15586758,1.81266947,-0.65680189,37.81021898,50.77886048,-84.03800475,3.57368322,0.28310360,0,2014.02.14 17:00:00,1,1,52.65931078,2.64,0.20089905,30.03997245,18.05036365,16.49024457,1.56011908,7.08277430,1314.11,1307.98,1301.29,1292.07,0.65216526,2.97082977,8.98860731,2.31866450,6.01777754,E20>E50>E100>E200,UP,3.26210149,3.67885253,-0.41675104,36.82238058,42.26128668,-41.82362676,6.06607298,0.61274557,0,2014.02.14 16:00:00,1,1,70.44285367,4.61,0.34977986,62.26237744,25.89225073,5.93447578,19.95777496,80.50844927,1309.74,1301.20,1291.99,1280.42,1.69379445,3.54550664,8.05587828,1.85171218,4.51037164,E20>E50>E100>E200,UP,5.60216976,4.98228890,0.61988086,68.75141261,74.31084859,-20.75667570,5.22791059,0.85438143,0,2014.02.14 12:00:00,1,0,,,,,,,,,,,,,,,,,,,,,,,,,,,,,5,4,3,0,4,1,1,1
161,XAUUSD|PERIOD_M1|SELL|1392406380|1392408000|1392408480|1392408600|MARKET_EDGE_MFE_ATR_12_V1,XAUUSD,PERIOD_M1,SELL,BID_OHLC,2014.02.14 19:33:00,2014.02.14 20:00:00,2014.02.14 20:08:00,2014.02.14 20:10:00,2014.02.14 20:10:00,2014.02.14 20:11:00,2014.02.14 20:10:00,1319.97,0.25,4,PERIOD_M1,1,1,12,12,1,0.67,0.02,2.70707071,0.08484848,MARKET_EDGE_MFE_ATR_12_V1,1.0,1,2,0,60,,0,,NOT_EXECUTED_OR_UNRESOLVED,0,,0,,NOT_APPLICABLE_NON_EXECUTED,0,,,,5d926eed3daf312d7810863a3786293984c991b1,34c7e44e89019e46fb4b93a3ac7e556c392839a536990c8508c8c4378fe5fdce,V923_PASSIVE_MARKET_EDGE_V1,V924_MARKET_EDGE_SCHEMA_V2,MARKET_EDGE_FEATURE_SNAPSHOT_T0_V2,2014.02.14 20:11:00,0,H4,,2014,2,5,20,10,NEWYORK,27,8,35,27,8,35,0.29629630,1,1319.66,1320.02,1320.30,0.36,0.28,0.78309859,0.63,2.55757576,-0.32,-1.30909091,1,1,76.30049798,74.76922081,73.78937396,-1.53127718,-0.97984685,0.63988863,2.51112403,-0.05671397,-0.12248086,1,1,1320.07,1320.09,1319.97,1319.97,0.12,0.10,0.83050847,0.00000000,0.16949153,0.00000000,1,0.25,0.01875040,36,0.36,1.45454545,1,1,2014.02.14 20:10:00,1,1,55.99398302,0.25,0.01875040,26.55649878,17.82175121,16.36517673,1.45657448,65.91244251,1319.73,1319.34,1318.93,1318.39,0.96276437,2.56092156,6.41006277,1.59815719,3.84914121,E20>E50>E100>E200,UP,0.24929459,0.24821176,0.00108283,62.66666667,64.49527331,-33.96226415,5.51673376,0.70587500,0,2014.02.14 20:05:00,1,1,78.66506624,0.50,0.03753623,46.97245306,39.62880316,5.34394236,34.28486080,138.72765712,1318.96,1318.15,1316.61,1313.07,2.21263226,3.85382318,14.10628854,1.64119092,10.25246537,E20>E50>E100>E200,UP,0.51746638,0.40039771,0.11706867,88.07617996,81.51468289,-10.65830721,4.98609235,0.99880419,0,2014.02.14 19:45:00,1,1,79.68821900,0.76,0.05728288,35.85776393,27.26274722,6.30799487,20.95475235,110.37054081,1317.81,1314.74,1309.82,1302.85,2.58414358,6.64338938,22.37297209,4.05924580,15.72958271,E20>E50>E100>E200,UP,1.14105197,1.14452828,-0.00347632,79.96985430,62.43042939,-1.05389222,6.22836672,0.89746040,0,2014.02.14 19:30:00,1,1,70.20651773,1.53,0.11558867,31.56786469,24.35927159,8.06283112,16.29644048,104.69151011,1315.99,1309.95,1302.96,1293.38,2.47266936,6.43162627,17.29691807,3.95895691,10.86529181,E20>E50>E100>E200,UP,2.96335637,3.29051093,-0.32715456,78.95409182,75.31807008,-18.67028494,7.47201172,0.77948282,0,2014.02.14 19:00:00,1,1,75.06712158,2.62,0.19878524,64.78304482,22.30587860,3.86312393,18.44275467,80.72994094,1312.12,1303.20,1293.56,1281.55,2.91464321,6.31265182,14.56510283,3.39800860,8.25245101,E20>E50>E100>E200,UP,5.53782583,5.44906251,0.08876332,66.12500000,59.80367579,-8.25979951,9.13115332,0.84090804,0,2014.02.14 16:00:00,1,0,,,,,,,,,,,,,,,,,,,,,,,,,,,,,5,0,0,0,5,0,5,1
162,XAUUSD|PERIOD_M1|BUY|1392409860|1392410400|1392410580|1392410700|MARKET_EDGE_MFE_ATR_12_V1,XAUUSD,PERIOD_M1,BUY,BID_OHLC,2014.02.14 20:31:00,2014.02.14 20:40:00,2014.02.14 20:43:00,2014.02.14 20:45:00,2014.02.14 20:45:00,2014.02.14 20:46:05,2014.02.14 20:45:00,1318.24,0.36,4,PERIOD_M1,1,1,12,12,1,0.06,0.39,0.17512161,1.09798471,MARKET_EDGE_MFE_ATR_12_V1,1.0,0,,0,60,,0,,NOT_EXECUTED_OR_UNRESOLVED,0,,0,,NOT_APPLICABLE_NON_EXECUTED,0,,,,5d926eed3daf312d7810863a3786293984c991b1,34c7e44e89019e46fb4b93a3ac7e556c392839a536990c8508c8c4378fe5fdce,V923_PASSIVE_MARKET_EDGE_V1,V924_MARKET_EDGE_SCHEMA_V2,MARKET_EDGE_FEATURE_SNAPSHOT_T0_V2,2014.02.14 20:46:05,0,H4,,2014,2,5,20,45,NEWYORK,9,3,12,9,3,12,0.33333333,1,1319.31,1318.28,1318.23,-1.03,-0.05,0.04844961,1.08,3.00764420,0.01,0.03335650,1,1,16.13688883,16.16574806,27.58687312,0.02885923,11.42112506,395.75297806,11.44998429,0.00320658,3.80704169,1,1,1318.31,1318.38,1318.24,1318.24,0.14,0.07,0.47445255,0.00000000,0.52554745,0.00000000,1,0.36,0.02729013,31,0.31,0.84781098,1,1,2014.02.14 20:45:00,1,1,23.73933126,0.36,0.02729013,30.99372645,6.64767773,17.85350014,11.20582241,-116.46699725,1319.08,1319.30,1319.14,1318.68,-2.33249594,-2.92758059,-1.22131923,-0.59508465,1.70626136,MIXED,RANGE,-0.31463124,-0.15616972,-0.15846153,11.22448980,22.02301516,-99.15848527,5.50001059,-0.00335363,0,2014.02.14 20:40:00,1,1,27.57904288,0.50,0.03798490,33.90375032,15.20174849,28.19420572,12.99245723,-195.21848548,1319.14,1318.44,1316.97,1313.49,-1.69718532,-0.30785487,9.57167669,1.38933045,9.87953156,E20>E50>E100>E200,UP,0.27089273,0.44143261,-0.17053988,13.37883959,24.55848339,-97.24104550,4.49247906,0.09850799,0,2014.02.14 20:30:00,1,1,46.99960887,0.96,0.07255628,41.24166186,23.05670411,14.93376051,8.12294360,23.47466128,1318.13,1315.23,1310.36,1303.33,0.16205529,3.19338140,15.63556812,3.03132611,12.44218673,E20>E50>E100>E200,UP,1.01253193,1.11321766,-0.10068573,42.90191163,64.32112602,-43.10233855,5.04816871,0.56315530,0,2014.02.14 20:00:00,1,1,67.08367889,1.20,0.09091812,35.39359017,28.18044987,6.98778697,21.19266290,107.42557381,1316.34,1310.33,1303.29,1293.64,2.71489437,7.71946521,21.63251364,5.00457083,13.91304843,E20>E50>E100>E200,UP,2.89914857,3.19970901,-0.30056043,84.10132040,78.24095464,-21.00407056,7.57859399,0.77150643,0,2014.02.14 19:00:00,1,1,75.06712158,2.62,0.19878524,64.78304482,22.30587860,3.86312393,18.44275467,80.72994094,1312.12,1303.20,1293.56,1281.55,2.91464321,6.31265182,14.56510283,3.39800860,8.25245101,E20>E50>E100>E200,UP,5.53782583,5.44906251,0.08876332,66.12500000,59.80367579,-8.25979951,9.13115332,0.84090804,0,2014.02.14 16:00:00,1,0,,,,,,,,,,,,,,,,,,,,,,,,,,,,,5,4,3,0,4,0,0,1
163,XAUUSD|PERIOD_M1|BUY|1392603360|1392603660|1392604560|1392604680|MARKET_EDGE_MFE_ATR_12_V1,XAUUSD,PERIOD_M1,BUY,BID_OHLC,2014.02.17 02:16:00,2014.02.17 02:21:00,2014.02.17 02:36:00,2014.02.17 02:38:00,2014.02.17 02:38:00,2014.02.17 02:39:00,2014.02.17 02:38:00,1326.39,0.24,4,PERIOD_M1,1,1,12,12,1,0.89,0.06,3.78791092,0.24178155,MARKET_EDGE_MFE_ATR_12_V1,1.0,1,1,0,60,,0,,EXECUTED,1,48,1,48,MATCHED_FINALIZED,1,0,0,2.43,5d926eed3daf312d7810863a3786293984c991b1,34c7e44e89019e46fb4b93a3ac7e556c392839a536990c8508c8c4378fe5fdce,V923_PASSIVE_MARKET_EDGE_V1,V924_MARKET_EDGE_SCHEMA_V2,MARKET_EDGE_FEATURE_SNAPSHOT_T0_V2,2014.02.17 02:39:00,1,,,2014,2,1,2,38,ASIA,5,15,20,5,15,20,3.00000000,1,1326.54,1326.27,1326.00,-0.27,-0.28,1.02222222,0.55,2.31601273,0.39,1.66702015,1,1,24.86596789,27.85592669,34.42946071,2.98995880,6.57353402,2.19853666,9.56349282,0.59799176,0.43823560,1,1,1326.33,1326.42,1326.24,1326.39,0.18,0.06,0.31843575,0.84916201,0.15083799,0.53072626,1,0.24,0.01777381,33,0.33,1.39554613,1,1,2014.02.17 02:38:00,1,1,42.74571014,0.24,0.01777381,37.38321425,14.54979757,32.33688049,17.78708292,-58.42410409,1326.55,1326.71,1326.18,1324.69,-0.66338793,-1.33626072,7.21431752,-0.67287279,8.55057824,MIXED,RANGE,-0.16990060,-0.14233197,-0.02756863,57.05238918,34.14843228,-54.61893764,3.55343679,0.30458928,0,2014.02.17 02:30:00,1,1,34.31243086,0.42,0.03166745,28.92368258,11.77264940,30.83342413,19.06077473,-122.23292622,1326.22,1324.05,1321.61,1317.77,0.15297898,5.31867411,20.26914248,5.16569513,14.95046837,E20>E50>E100>E200,UP,0.96789405,1.38306847,-0.41517442,24.75638662,20.49052555,-99.66318626,14.63507075,0.41674435,0,2014.02.17 02:15:00,1,1,72.46982805,1.38,0.10437056,31.96277827,20.19497799,17.88933143,2.30564656,72.79644102,1323.31,1319.52,1314.34,1306.70,2.49696298,5.23342084,14.49151833,2.73645786,9.25809749,E20>E50>E100>E200,UP,2.36083647,1.87126189,0.48957458,58.63293813,66.08995105,-27.35788410,9.88173736,0.81974455,0,2014.02.17 02:00:00,1,1,71.43225255,3.50,0.26415795,39.04332335,26.38111562,8.95942467,17.42169096,136.07641196,1320.87,1314.50,1306.83,1296.41,1.68193493,3.49818023,8.66134567,1.81624530,5.16316544,E20>E50>E100>E200,UP,3.41988900,2.82376965,0.59611935,71.57499386,72.53501128,-24.47018236,3.88188829,0.96947648,0,2014.02.17 01:00:00,1,1,75.33255320,4.49,0.33872327,68.30746681,31.49323890,3.53635598,27.95688292,236.77452421,1316.13,1306.62,1296.27,1283.52,2.42688459,4.54221961,9.68132011,2.11533502,5.13910050,E20>E50>E100>E200,UP,5.64497645,5.46837502,0.17660143,78.59626684,75.78011873,-13.87532761,5.07604560,0.98577311,0,2014.02.16 20:00:00,1,1,86.61213091,5.02,0.37959295,62.62118213,36.63942954,3.10017556,33.53925398,114.75919593,1302.49,1285.87,1272.10,1256.34,4.18641700,7.49379159,13.37280811,3.30737459,5.87901652,E20>E50>E100>E200,UP,11.46700573,9.31439013,2.15261560,91.51601966,87.98962583,-1.35809972,9.93452157,0.97016455,0,6,6,4,0,5,0,0,1
164,XAUUSD|PERIOD_M1|BUY|1392608640|1392609420|1392609600|1392609720|MARKET_EDGE_MFE_ATR_12_V1,XAUUSD,PERIOD_M1,BUY,BID_OHLC,2014.02.17 03:44:00,2014.02.17 03:57:00,2014.02.17 04:00:00,2014.02.17 04:02:00,2014.02.17 04:02:00,2014.02.17 04:03:09,2014.02.17 04:02:00,1325.57,0.17,4,PERIOD_M1,1,1,12,12,1,0.38,0.03,2.20289855,0.17391304,MARKET_EDGE_MFE_ATR_12_V1,1.0,1,3,0,60,,0,,NOT_EXECUTED_OR_UNRESOLVED,0,,0,,NOT_APPLICABLE_NON_EXECUTED,0,,,,5d926eed3daf312d7810863a3786293984c991b1,34c7e44e89019e46fb4b93a3ac7e556c392839a536990c8508c8c4378fe5fdce,V923_PASSIVE_MARKET_EDGE_V1,V924_MARKET_EDGE_SCHEMA_V2,MARKET_EDGE_FEATURE_SNAPSHOT_T0_V2,2014.02.17 04:03:09,1,,,2014,2,1,4,2,ASIA,13,3,16,13,3,16,0.23076923,1,1325.53,1325.40,1325.35,-0.13,-0.05,0.38461538,0.18,1.04347826,0.22,1.27536232,1,1,12.78489931,43.15272389,47.21743766,30.36782459,4.06471377,0.13384936,34.43253835,2.33598651,1.35490459,1,1,1325.56,1325.78,1325.56,1325.57,0.22,0.01,0.04545455,0.04545455,0.95454545,0.00000000,1,0.17,0.01301324,31,0.31,1.82028986,1,1,2014.02.17 04:02:00,1,1,49.61217253,0.17,0.01301324,27.24382562,32.34553530,15.17581031,17.16972499,150.74447394,1325.70,1326.09,1326.26,1325.65,-0.74890082,-3.02075007,-0.43356032,-2.27184924,2.58718975,MIXED,RANGE,-0.22129329,-0.28778003,0.06648674,61.38613861,60.37335441,-34.42622951,4.36749853,0.52429010,0,2014.02.17 03:55:00,1,1,33.54190493,0.62,0.04704017,28.17749205,9.82981743,26.03134520,16.20152777,-126.28404600,1326.25,1325.21,1323.00,1319.13,-1.26985375,0.41080131,10.16066341,1.68065506,9.74986210,E20>E50>E100>E200,UP,-0.01501804,0.30228568,-0.31730372,9.46012070,8.96035177,-87.21903922,3.60824362,0.04305829,0,2014.02.17 03:45:00,1,1,42.26438913,1.02,0.07674677,20.86756198,14.64110849,22.90253131,8.26142282,-21.07874547,1324.73,1321.01,1315.72,1307.85,0.72111142,4.37836321,17.31295119,3.65725179,12.93458798,E20>E50>E100>E200,UP,1.88096875,2.23754813,-0.35657937,31.47785879,46.03828651,-48.62500000,9.54736911,0.56202082,0,2014.02.17 03:30:00,1,1,51.80842500,1.55,0.11661963,35.03579792,18.92463857,15.65457888,3.27005969,61.87992164,1322.34,1315.87,1307.98,1297.30,2.02257233,6.20827038,18.22038993,4.18569805,12.01211956,E20>E50>E100>E200,UP,3.38025199,3.15258106,0.22767094,59.95071750,65.62256079,-35.36363636,9.62444174,0.74736202,0,2014.02.17 03:00:00,1,1,68.09716522,3.87,0.29214320,67.44383392,23.65492166,7.49827060,16.15665106,122.48248371,1317.96,1308.13,1297.44,1284.37,1.93739393,4.47558444,10.61207876,2.53819051,6.13649432,E20>E50>E100>E200,UP,5.78015784,5.51101916,0.26913868,72.39020776,75.43641325,-26.79398873,5.60741762,0.84514754,0,2014.02.17 00:00:00,1,1,87.77752561,5.38,0.40600907,65.94206484,40.39811166,2.68681882,37.71129284,113.62651681,1304.68,1287.43,1273.15,1257.03,3.86224960,7.06797485,12.71711923,3.20572524,5.64914438,E20>E50>E100>E200,UP,11.88268866,9.81905378,2.06363488,84.76163679,86.88517862,-9.82503674,9.84657275,0.94300993,0,6,5,4,0,5,0,0,1
165,XAUUSD|PERIOD_M1|BUY|1392640860|1392641340|1392642120|1392642240|MARKET_EDGE_MFE_ATR_12_V1,XAUUSD,PERIOD_M1,BUY,BID_OHLC,2014.02.17 12:41:00,2014.02.17 12:49:00,2014.02.17 13:02:00,2014.02.17 13:04:00,2014.02.17 13:04:00,2014.02.17 13:05:01,2014.02.17 13:04:00,1325.94,0.63,4,PERIOD_M1,1,1,12,12,1,2.95,0.02,4.67246835,0.03164557,MARKET_EDGE_MFE_ATR_12_V1,1.0,1,2,0,60,,0,,EXECUTED,1,49,1,49,MATCHED_FINALIZED,1,0,0,3.32,5d926eed3daf312d7810863a3786293984c991b1,34c7e44e89019e46fb4b93a3ac7e556c392839a536990c8508c8c4378fe5fdce,V923_PASSIVE_MARKET_EDGE_V1,V924_MARKET_EDGE_SCHEMA_V2,MARKET_EDGE_FEATURE_SNAPSHOT_T0_V2,2014.02.17 13:05:01,1,,,2014,2,1,13,4,OVERLAP,8,13,21,8,13,21,1.62500000,1,1326.30,1325.79,1325.03,-0.51,-0.76,1.49312377,1.27,2.00791139,0.91,1.43987342,1,1,38.37797225,40.46305235,46.36152781,2.08508010,5.89847547,2.82889634,7.98355557,0.26063501,0.45372888,1,1,1325.74,1326.01,1325.74,1325.94,0.27,0.20,0.74074074,0.74074074,0.25925926,0.00000000,1,0.63,0.04766419,30,0.30,0.47468354,1,1,2014.02.17 13:04:00,1,1,51.31088297,0.63,0.04766419,29.60208095,31.88839273,25.50121889,6.38717384,-87.74776029,1326.28,1326.45,1326.47,1326.22,-0.53182871,-0.79973551,-0.43942345,-0.26790680,0.36031205,MIXED,RANGE,-0.16039482,-0.02839297,-0.13200185,32.44837758,21.91143066,-59.73451327,2.77668498,0.29989913,0,2014.02.17 13:00:00,1,1,44.21863991,1.05,0.07937747,16.03688047,18.69802702,23.48855867,4.79053165,-167.30861764,1326.51,1326.13,1325.56,1323.52,-0.54252051,-0.18180876,2.30003322,0.36071175,2.48184198,E20>E50>E100>E200,UP,0.09294237,0.20540225,-0.11245988,61.82795699,54.13782451,-60.26200873,1.06648901,-0.13128091,1,2014.02.17 12:45:00,1,1,58.73428288,0.98,0.07400524,16.69685013,13.36781081,17.07217462,3.70436381,43.55540569,1326.08,1324.69,1320.86,1313.25,0.87110112,2.28793195,13.93562433,1.41683083,11.64769238,E20>E50>E100>E200,UP,0.50318539,0.43021855,0.07296685,52.73127753,47.73507872,-19.34454139,4.88074095,0.77266444,0,2014.02.17 12:30:00,1,1,61.79819105,1.24,0.09341090,14.50307631,14.76274685,15.80495629,1.04220944,62.57158676,1325.32,1320.94,1313.34,1301.97,1.30129037,4.83509357,20.13621859,3.53380320,15.30112502,E20>E50>E100>E200,UP,1.39091267,1.47197474,-0.08106208,73.20731813,75.23182136,-22.77372263,3.57613406,0.77164532,0,2014.02.17 12:00:00,1,1,63.80369795,2.21,0.16654948,28.03986276,18.52207580,15.91649344,2.60558236,76.28359514,1322.55,1313.41,1302.07,1287.91,1.98222642,6.11915729,17.65597051,4.13693087,11.53681322,E20>E50>E100>E200,UP,4.20280032,4.86585918,-0.66305886,79.90440565,65.72067484,-25.79667554,6.17089143,0.76684177,0,2014.02.17 08:00:00,1,1,82.63260441,6.51,0.49058811,69.04910381,30.34347054,5.24227541,25.10119512,87.97776871,1308.40,1290.33,1275.19,1258.37,2.80764726,5.58440124,10.49378430,2.77675397,4.90938306,E20>E50>E100>E200,UP,12.06331984,10.77297854,1.29034130,68.06558151,76.50609777,-7.04674871,8.45357345,0.87798107,0,6,5,3,1,5,0,0,1
166,XAUUSD|PERIOD_M1|BUY|1392645180|1392645420|1392645900|1392646020|MARKET_EDGE_MFE_ATR_12_V1,XAUUSD,PERIOD_M1,BUY,BID_OHLC,2014.02.17 13:53:00,2014.02.17 13:57:00,2014.02.17 14:05:00,2014.02.17 14:07:00,2014.02.17 14:07:00,2014.02.17 14:08:04,2014.02.17 14:07:00,1327.17,0.29,4,PERIOD_M1,1,1,12,12,1,0.17,1.06,0.60383944,3.71029668,MARKET_EDGE_MFE_ATR_12_V1,1.0,0,,0,60,,0,,NOT_EXECUTED_OR_UNRESOLVED,0,,0,,NOT_APPLICABLE_NON_EXECUTED,0,,,,5d926eed3daf312d7810863a3786293984c991b1,34c7e44e89019e46fb4b93a3ac7e556c392839a536990c8508c8c4378fe5fdce,V923_PASSIVE_MARKET_EDGE_V1,V924_MARKET_EDGE_SCHEMA_V2,MARKET_EDGE_FEATURE_SNAPSHOT_T0_V2,2014.02.17 14:08:04,1,,,2014,2,1,14,7,OVERLAP,4,8,12,4,8,12,2.00000000,1,1327.05,1327.04,1326.81,-0.01,-0.24,47.40000000,0.24,0.84467714,0.37,1.28097731,1,1,41.39270831,50.66834005,51.66808083,9.27563174,0.99974077,0.10778142,10.27537252,2.31890794,0.12496760,1,1,1327.34,1327.35,1327.08,1327.17,0.27,0.17,0.63157895,0.33834586,0.03007519,0.33834586,1,0.29,0.02158724,29,0.29,1.00174520,1,1,2014.02.17 14:07:00,1,1,50.72027230,0.29,0.02158724,18.29680493,16.34897913,20.92855524,4.57957611,-38.91265177,1327.22,1327.11,1326.95,1326.65,-0.17925699,0.21102359,1.83467045,0.39028058,1.62364686,E20>E50>E100>E200,UP,0.03456408,0.08544053,-0.05087645,53.27418673,32.58929753,-69.84387839,3.00883930,0.34391539,0,2014.02.17 14:00:00,1,1,48.67527045,0.88,0.06618506,16.81523624,16.48522512,7.68154713,8.80367800,48.02082409,1326.94,1326.51,1325.89,1323.93,0.02689850,0.51587147,3.45312158,0.48897298,2.93725011,E20>E50>E100>E200,UP,0.20083760,0.18969023,0.01114737,68.66800089,70.40124383,-50.09060316,2.49792058,0.53865441,0,2014.02.17 13:45:00,1,1,59.72470686,2.07,0.15609783,11.58038371,12.54947358,12.32478325,0.22469033,95.81897401,1326.53,1325.10,1321.37,1313.81,0.56298270,1.25333321,6.70081442,0.69035051,5.44748121,E20>E50>E100>E200,UP,0.59622464,0.54127315,0.05495150,57.11450513,63.71163561,-31.14159979,2.12047138,0.82241278,0,2014.02.17 13:30:00,1,1,68.13020097,2.01,0.15125861,14.80789567,16.30237294,11.87127828,4.43109465,85.76645938,1325.74,1321.45,1313.90,1302.48,0.97373023,3.10694308,12.55374533,2.13321285,9.44680226,E20>E50>E100>E200,UP,1.42132985,1.41340278,0.00792706,66.86424474,69.81850076,-16.58624018,2.39818963,0.88166264,0,2014.02.17 13:00:00,1,1,66.98805289,2.66,0.20059231,27.20685285,21.48175209,13.79429431,7.68745777,93.04420806,1323.04,1313.97,1302.58,1288.31,1.74641057,5.15280455,14.78790086,3.40639398,9.63509631,E20>E50>E100>E200,UP,4.11962543,4.70368246,-0.58405703,81.92386094,75.06106969,-23.28409091,4.90845167,0.79769514,0,2014.02.17 08:00:00,1,1,82.63260441,6.51,0.49058811,69.04910381,30.34347054,5.24227541,25.10119512,87.97776871,1308.40,1290.33,1275.19,1258.37,2.80764726,5.58440124,10.49378430,2.77675397,4.90938306,E20>E50>E100>E200,UP,12.06331984,10.77297854,1.29034130,68.06558151,76.50609777,-7.04674871,8.45357345,0.87798107,0,6,6,5,0,6,0,0,1
167,XAUUSD|PERIOD_M1|BUY|1392684300|1392685560|1392685920|1392686040|MARKET_EDGE_MFE_ATR_12_V1,XAUUSD,PERIOD_M1,BUY,BID_OHLC,2014.02.18 00:45:00,2014.02.18 01:06:00,2014.02.18 01:12:00,2014.02.18 01:14:00,2014.02.18 01:14:00,2014.02.18 01:15:00,2014.02.18 01:14:00,1325.89,0.32,4,PERIOD_M1,1,1,12,12,1,0.00,2.90,0.00000000,9.15548540,MARKET_EDGE_MFE_ATR_12_V1,1.0,0,,0,60,,0,,EXECUTED,1,50,1,50,MATCHED_FINALIZED,1,1,0,6.49,5d926eed3daf312d7810863a3786293984c991b1,34c7e44e89019e46fb4b93a3ac7e556c392839a536990c8508c8c4378fe5fdce,V923_PASSIVE_MARKET_EDGE_V1,V924_MARKET_EDGE_SCHEMA_V2,MARKET_EDGE_FEATURE_SNAPSHOT_T0_V2,2014.02.18 01:15:00,1,,,2014,2,2,1,14,ASIA,21,6,27,21,6,27,0.28571429,1,1327.04,1325.55,1325.55,-1.49,-0.00,0.00201884,1.49,4.70086819,0.34,1.07971586,1,1,34.42734143,39.23344427,44.51073772,4.80610284,5.27729345,1.09804006,10.08339629,0.22886204,0.87954891,1,1,1325.68,1325.95,1325.66,1325.89,0.29,0.21,0.72413793,0.79310345,0.20689655,0.06896552,1,0.32,0.02388956,36,0.36,1.13654301,1,1,2014.02.18 01:14:00,1,1,50.86962300,0.32,0.02388956,14.88355090,26.11305817,17.99298125,8.12007692,-44.51371339,1326.42,1327.12,1327.75,1328.08,-1.66742403,-3.86255973,-6.91701052,-2.19513571,-3.05445079,E200>E100>E50>E20,DOWN,-0.49617110,-0.47881782,-0.01735328,26.98776758,21.21612862,-85.98934863,13.64012670,0.31570463,0,2014.02.18 01:10:00,1,1,41.12988678,1.31,0.09865049,27.97363010,17.53329781,25.31119334,7.77789553,-179.36035120,1327.69,1328.06,1327.64,1326.12,-1.37227951,-1.65369879,-0.17720682,-0.28141928,1.47649196,MIXED,RANGE,-0.67896817,-0.45407032,-0.22489784,10.64226217,25.95384255,-89.75741240,4.27311013,0.11582351,0,2014.02.18 01:00:00,1,1,43.27344005,1.51,0.11390436,25.07704525,18.80197850,22.59908952,3.79711102,-133.64821867,1328.01,1327.05,1324.09,1317.07,-1.40371464,-0.76491393,5.84367597,0.63880071,6.60858990,E20>E50>E100>E200,UP,0.10918519,0.58970646,-0.48052127,15.50779954,12.12097098,-94.67040673,3.24212964,0.00719160,0,2014.02.18 00:30:00,1,1,56.45213606,2.54,0.19138673,24.18669937,16.49061630,15.12888011,1.36173620,-9.78864103,1327.70,1324.24,1317.19,1305.63,0.29918384,1.65927229,8.98180649,1.36008845,7.32253420,E20>E50>E100>E200,UP,1.11386540,1.27311616,-0.15925076,20.18927445,41.17539892,-56.36655949,1.74199258,0.64651109,1,2014.02.18 00:00:00,1,1,66.34751853,1.81,0.13622896,33.76391829,21.92799328,13.39014683,8.53784644,63.95992817,1325.70,1317.46,1305.93,1291.01,1.52765608,6.07702713,20.69467320,4.54937105,14.61764607,E20>E50>E100>E200,UP,3.26450783,3.76238620,-0.49787837,45.44498686,67.72328471,-33.95641646,3.45600193,0.77669680,0,2014.02.17 20:00:00,1,1,82.28116572,3.92,0.29509184,71.72519094,33.84860339,3.41252714,30.43607625,98.11502193,1313.58,1294.63,1278.29,1260.44,3.78127513,8.61540189,17.33614169,4.83412676,8.72073979,E20>E50>E100>E200,UP,11.94382312,11.68891514,0.25490798,78.65662691,76.81281557,-11.08384331,14.36183499,0.80008316,0,6,4,4,1,4,1,1,1
168,XAUUSD|PERIOD_M1|SELL|1392705960|1392707280|1392708600|1392708720|MARKET_EDGE_MFE_ATR_12_V1,XAUUSD,PERIOD_M1,SELL,BID_OHLC,2014.02.18 06:46:00,2014.02.18 07:08:00,2014.02.18 07:30:00,2014.02.18 07:32:00,2014.02.18 07:32:00,2014.02.18 07:33:00,2014.02.18 07:32:00,1317.38,0.68,4,PERIOD_M1,1,1,12,12,1,0.00,1.30,0.00000000,1.90378259,MARKET_EDGE_MFE_ATR_12_V1,1.0,0,,0,60,,0,,NOT_EXECUTED_OR_UNRESOLVED,0,,0,,NOT_APPLICABLE_NON_EXECUTED,0,,,,5d926eed3daf312d7810863a3786293984c991b1,34c7e44e89019e46fb4b93a3ac7e556c392839a536990c8508c8c4378fe5fdce,V923_PASSIVE_MARKET_EDGE_V1,V924_MARKET_EDGE_SCHEMA_V2,MARKET_EDGE_FEATURE_SNAPSHOT_T0_V2,2014.02.18 07:33:00,1,,,2014,2,2,7,32,LONDON,22,22,44,22,22,44,1.00000000,1,1318.30,1318.54,1319.24,0.24,0.70,2.94537815,0.94,1.37936100,-1.87,-2.74109438,1,1,69.06057344,59.42803730,49.33838192,-9.63253614,-10.08965538,1.04745575,19.72219152,-0.43784255,-0.45862070,1,1,1317.67,1317.78,1317.38,1317.38,0.40,0.30,0.74500000,0.00500000,0.25000000,0.00500000,1,0.68,0.05167465,30,0.30,0.44362835,1,1,2014.02.18 07:32:00,1,1,41.67347575,0.68,0.05167465,19.25973896,20.78389888,20.04339634,0.74050254,-156.47889997,1318.02,1318.04,1318.30,1319.29,-0.94555740,-0.97811032,-2.81522861,-0.03255292,-1.83711829,E200>E100>E50>E20,DOWN,-0.07151754,-0.00349787,-0.06801967,4.13173653,20.59026657,-99.89293362,1.56152241,-0.14317582,1,2014.02.18 07:25:00,1,1,62.26850564,0.46,0.03485013,15.67698669,17.88359840,18.82021194,0.93661354,99.99742142,1318.38,1319.88,1321.87,1323.24,0.26287020,-2.98597589,-10.30967652,-3.24884609,-7.32370063,E200>E100>E50>E20,DOWN,-0.45773705,-0.70991988,0.25218283,73.31166486,62.23241889,-2.71739130,4.30238989,0.83662997,0,2014.02.18 07:15:00,1,1,38.11925256,1.08,0.08191108,44.89629015,11.05216577,27.51333474,16.46116898,-52.96072299,1320.40,1322.93,1322.81,1317.93,-1.75923542,-4.09961727,0.52654167,-2.34038185,4.62615894,MIXED,RANGE,-1.95065894,-1.92607177,-0.02458717,87.27272727,62.03898793,-62.32114467,7.88804006,0.26216338,0,2014.02.18 07:00:00,1,1,26.06474203,2.27,0.17225975,54.51672985,4.35133830,29.59424095,25.24290266,-103.60325830,1322.39,1322.87,1318.07,1307.51,-1.71292915,-1.92478614,4.83891763,-0.21185700,6.76370377,MIXED,RANGE,-2.11128892,-1.33953254,-0.77175639,33.58480471,23.61316047,-81.02633896,7.22303037,0.17536726,0,2014.02.18 06:00:00,1,1,24.50332889,2.91,0.22048959,31.86141795,9.58863423,31.97818618,22.38955195,-153.07419096,1323.47,1318.21,1307.64,1292.76,-1.69359685,0.11367780,8.86820872,1.80727465,8.75453092,E20>E50>E100>E200,UP,0.13078809,2.10724718,-1.97645909,14.26999006,10.98615575,-84.78054942,4.51654465,-0.01188722,0,2014.02.18 00:00:00,1,1,52.37883350,4.24,0.32078988,66.54010207,29.33545627,14.83213390,14.50332237,41.72226656,1314.41,1295.71,1279.16,1261.06,1.85689725,6.26412469,14.43398251,4.40722744,8.16985782,E20>E50>E100>E200,UP,11.18127824,11.74282466,-0.56154642,51.47028862,70.51500538,-30.08604890,12.72517188,0.67139616,0,6,2,4,1,2,2,2,1
169,XAUUSD|PERIOD_M1|SELL|1392723060|1392723360|1392723540|1392723660|MARKET_EDGE_MFE_ATR_12_V1,XAUUSD,PERIOD_M1,SELL,BID_OHLC,2014.02.18 11:31:00,2014.02.18 11:36:00,2014.02.18 11:39:00,2014.02.18 11:41:00,2014.02.18 11:41:00,2014.02.18 11:42:04,2014.02.18 11:41:00,1315.11,0.59,4,PERIOD_M1,1,1,12,12,1,0.82,0.15,1.40452798,0.25630073,MARKET_EDGE_MFE_ATR_12_V1,1.0,1,12,0,60,,0,,NOT_EXECUTED_OR_UNRESOLVED,0,,0,,NOT_APPLICABLE_NON_EXECUTED,0,,,,5d926eed3daf312d7810863a3786293984c991b1,34c7e44e89019e46fb4b93a3ac7e556c392839a536990c8508c8c4378fe5fdce,V923_PASSIVE_MARKET_EDGE_V1,V924_MARKET_EDGE_SCHEMA_V2,MARKET_EDGE_FEATURE_SNAPSHOT_T0_V2,2014.02.18 11:42:04,1,,,2014,2,2,11,41,LONDON,5,3,8,5,3,8,0.60000000,1,1315.75,1315.85,1316.15,0.10,0.30,2.88349515,0.40,0.68346860,-1.04,-1.77189235,1,1,72.03480042,67.24696516,63.76178359,-4.78783526,-3.48518157,0.72792429,8.27301683,-0.95756705,-1.16172719,1,1,1315.42,1315.50,1315.11,1315.11,0.39,0.31,0.79230769,0.00000000,0.20769231,0.00000000,1,0.59,0.04450188,37,0.37,0.63562580,1,1,2014.02.18 11:41:00,1,1,51.63933260,0.59,0.04450188,26.74527986,17.98837319,10.71130037,7.27707282,21.25693682,1314.98,1314.76,1315.23,1316.30,0.22380122,0.60584498,-2.03080855,0.38204377,-2.63665353,MIXED,RANGE,0.28609570,0.27356227,0.01253344,31.97925670,44.65376963,-50.90819833,3.08734608,0.60758941,0,2014.02.18 11:35:00,1,1,69.68286400,0.83,0.06318443,34.88491225,24.97621372,10.34472082,14.63149289,204.25979711,1315.19,1316.72,1318.62,1320.78,0.48306166,-1.35319775,-6.23972121,-1.83625941,-4.88652346,E200>E100>E50>E20,DOWN,-0.76654854,-1.12926620,0.36271766,79.28762244,81.89249960,-17.92149292,5.29875570,0.70109701,0,2014.02.18 11:15:00,1,1,44.57407630,1.23,0.09392927,39.49509848,5.11091565,18.41201847,13.30110282,-78.00790373,1317.09,1320.03,1321.21,1317.80,-2.05604590,-4.43222892,-2.63252085,-2.37618301,1.79970807,MIXED,RANGE,-1.87228701,-1.45147573,-0.42081128,25.55330678,23.16267180,-76.22386075,7.14148376,0.18295342,0,2014.02.18 11:00:00,1,1,31.51952226,2.94,0.22368820,42.21406113,8.69254201,25.65210777,16.95956576,-164.05253278,1319.30,1321.28,1317.93,1308.26,-1.61411433,-2.28694426,2.14167486,-0.67282993,4.42861912,MIXED,RANGE,-2.54986146,-2.15574139,-0.39412007,21.69655400,26.86721600,-80.00406628,4.02309607,0.08317110,0,2014.02.18 10:00:00,1,1,22.17872305,3.62,0.27589911,29.69527013,12.92436765,28.76552310,15.84115545,-124.96099596,1321.41,1318.09,1308.39,1293.73,-2.20257598,-1.28425519,5.43780951,0.91832079,6.72206471,E20>E50>E100>E200,UP,-1.27148199,0.36555007,-1.63703206,34.66840807,36.44626625,-95.62996595,5.14360050,-0.05479007,0,2014.02.18 04:00:00,1,1,41.13837616,4.85,0.36794419,57.87679065,25.42406210,24.64041960,0.78364250,-38.24393376,1314.72,1296.58,1279.92,1261.62,0.61962594,4.36248807,11.57171728,3.74286213,7.20922921,E20>E50>E100>E200,UP,10.09297922,11.64569151,-1.55271229,24.64300397,51.58997317,-51.25058481,10.29831974,0.56671553,0,6,3,3,0,2,1,2,1
170,XAUUSD|PERIOD_M1|SELL|1392816000|1392816420|1392816600|1392816720|MARKET_EDGE_MFE_ATR_12_V1,XAUUSD,PERIOD_M1,SELL,BID_OHLC,2014.02.19 13:20:00,2014.02.19 13:27:00,2014.02.19 13:30:00,2014.02.19 13:32:00,2014.02.19 13:32:00,2014.02.19 13:33:00,2014.02.19 13:32:00,1319.90,0.67,4,PERIOD_M1,1,1,12,12,1,0.45,0.77,0.67660209,1.14605067,MARKET_EDGE_MFE_ATR_12_V1,1.0,0,,0,60,,0,,NOT_EXECUTED_OR_UNRESOLVED,0,,0,,NOT_APPLICABLE_NON_EXECUTED,0,,,,5d926eed3daf312d7810863a3786293984c991b1,34c7e44e89019e46fb4b93a3ac7e556c392839a536990c8508c8c4378fe5fdce,V923_PASSIVE_MARKET_EDGE_V1,V924_MARKET_EDGE_SCHEMA_V2,MARKET_EDGE_FEATURE_SNAPSHOT_T0_V2,2014.02.19 13:33:00,1,,,2014,2,3,13,32,OVERLAP,7,3,10,7,3,10,0.42857143,1,1319.19,1320.25,1320.96,1.05,0.72,0.68091168,1.77,2.63785395,-1.07,-1.59016393,1,1,70.18386761,68.56396338,58.05582589,-1.61990423,-10.50813750,6.48688812,12.12804173,-0.23141489,-3.50271250,1,1,1319.65,1320.10,1319.52,1319.90,0.59,0.24,0.41709402,0.64444444,0.35555556,0.22735043,1,0.67,0.05083734,26,0.26,0.38748137,1,1,2014.02.19 13:32:00,1,1,64.33892252,0.67,0.05083734,33.76548987,27.50508656,13.76399211,13.74109445,57.70409902,1319.29,1318.66,1318.47,1318.61,0.90659441,1.84169205,1.91595923,0.93509764,0.07426718,MIXED,RANGE,0.43047088,0.45003923,-0.01956835,17.60471204,19.18159268,-43.00685208,3.42324731,0.79072717,0,2014.02.19 13:25:00,1,1,65.39087104,0.90,0.06784340,28.36430735,33.64240304,12.67303511,20.96936792,153.47039698,1318.46,1318.63,1318.69,1319.04,1.25916123,1.06600907,0.61024642,-0.19315216,-0.45576265,E200>E100>E50>E20,DOWN,0.07134569,-0.36028927,0.43163496,88.35380157,84.29766975,-15.71834993,4.21727600,0.94315793,0,2014.02.19 13:15:00,1,1,56.48809386,1.86,0.14114307,19.30858637,26.91396841,14.55270644,12.36126197,38.48300027,1318.64,1318.83,1319.40,1318.77,0.50760537,0.40358189,0.43847191,-0.10402349,0.03489002,MIXED,RANGE,-0.09979568,0.07014725,-0.16994293,67.93245328,44.85194514,-23.41663076,2.81072590,0.55902605,0,2014.02.19 13:00:00,1,1,51.87965688,2.49,0.18843074,20.95715641,20.39501422,18.45974059,1.93527362,4.61006003,1318.78,1319.41,1318.81,1312.65,0.32234298,0.07093268,2.78913667,-0.25141030,2.71820398,MIXED,RANGE,-0.14323797,-0.12426247,-0.01897550,44.29481610,29.75023352,-40.68554396,2.91077118,0.70559209,0,2014.02.19 12:00:00,1,1,43.71588966,2.38,0.18021743,19.37459031,13.94786902,23.79527511,9.84740609,-49.34706924,1319.17,1318.81,1312.69,1299.39,-0.43718732,-0.28415465,7.88776200,0.15303267,8.17191665,E20>E50>E100>E200,UP,-0.62736116,-0.82232705,0.19496589,37.90147509,51.66298513,-54.85938056,4.01984117,0.33187478,0,2014.02.19 08:00:00,1,1,44.00742412,4.67,0.35445770,29.23682737,22.90199143,25.98536421,3.08337278,-53.00942405,1316.88,1302.06,1285.03,1265.50,0.34550593,3.51632449,11.33840040,3.17081856,7.82207591,E20>E50>E100>E200,UP,5.44541758,7.99707951,-2.55166193,39.45442261,48.29858899,-69.52326901,3.69669926,0.32898180,0,6,0,2,0,2,1,2,1
171,XAUUSD|PERIOD_M1|SELL|1392820260|1392820500|1392822600|1392822720|MARKET_EDGE_MFE_ATR_12_V1,XAUUSD,PERIOD_M1,SELL,BID_OHLC,2014.02.19 14:31:00,2014.02.19 14:35:00,2014.02.19 15:10:00,2014.02.19 15:12:00,2014.02.19 15:12:00,2014.02.19 15:13:00,2014.02.19 15:12:00,1320.94,0.40,4,PERIOD_M1,1,1,12,12,1,1.01,0.07,2.51713396,0.17943925,MARKET_EDGE_MFE_ATR_12_V1,1.0,1,3,0,60,,0,,NOT_EXECUTED_OR_UNRESOLVED,0,,0,,NOT_APPLICABLE_NON_EXECUTED,0,,,,5d926eed3daf312d7810863a3786293984c991b1,34c7e44e89019e46fb4b93a3ac7e556c392839a536990c8508c8c4378fe5fdce,V923_PASSIVE_MARKET_EDGE_V1,V924_MARKET_EDGE_SCHEMA_V2,MARKET_EDGE_FEATURE_SNAPSHOT_T0_V2,2014.02.19 15:13:00,1,,,2014,2,3,15,12,OVERLAP,4,35,39,4,35,39,8.75000000,1,1321.02,1321.17,1321.42,0.15,0.25,1.68666667,0.40,1.00436137,-0.48,-1.19376947,1,1,75.51039448,64.81236875,56.90321880,-10.69802573,-7.90914994,0.73930930,18.60717567,-2.67450643,-0.22597571,1,1,1321.21,1321.24,1320.68,1320.94,0.56,0.26,0.46869410,0.46690519,0.06440072,0.46690519,1,0.40,0.03037600,26,0.26,0.64797508,1,1,2014.02.19 15:12:00,1,1,52.80670859,0.40,0.03037600,25.26086783,18.19629987,16.82444078,1.37185909,19.21923216,1320.95,1320.70,1320.28,1319.78,-0.01838796,0.61022685,2.89999027,0.62861481,2.28976343,E20>E50>E100>E200,UP,0.09601867,0.08571263,0.01030604,45.39603960,58.16341864,-50.26232949,2.89254588,0.43727566,0,2014.02.19 15:05:00,1,1,61.58122635,0.94,0.07133245,42.09806948,28.12047879,10.28796803,17.83251076,100.79181665,1320.27,1319.60,1319.23,1319.27,1.07205092,1.77786943,2.13109979,0.70581851,0.35323035,MIXED,RANGE,0.56652290,0.48041321,0.08610969,57.54063817,64.92307760,-24.62661799,2.64348471,0.89404221,0,2014.02.19 14:45:00,1,1,65.61391117,1.63,0.12326933,31.36243735,26.78219821,8.73984182,18.04235639,107.85611978,1319.31,1319.10,1319.47,1318.84,1.09280145,1.22255648,1.38078963,0.12975502,0.15823316,MIXED,RANGE,0.38690342,0.06327296,0.32363046,61.40811456,58.35537948,-15.50400534,2.96894748,0.89864065,0,2014.02.19 14:30:00,1,1,60.81670369,2.17,0.16437172,21.04470484,27.47182891,15.13793566,12.33389325,119.01333400,1319.19,1319.51,1318.89,1312.87,0.87315496,0.72679968,3.78362909,-0.14635528,3.05682941,MIXED,RANGE,0.20948565,-0.04840082,0.25788647,77.77241463,71.86761375,-19.44311854,3.10608555,0.84886541,0,2014.02.19 14:00:00,1,1,59.96432648,3.01,0.22761490,15.61880374,20.76208255,17.87289553,2.88918703,128.04241469,1319.39,1318.92,1312.99,1299.81,0.56713670,0.72091271,7.07807486,0.15377600,6.35716215,E20>E50>E100>E200,UP,-0.30537992,-0.69568779,0.39030786,60.47931268,46.30542906,-15.29986228,2.94592460,0.67888116,0,2014.02.19 08:00:00,1,1,44.00742412,4.67,0.35445770,29.23682737,22.90199143,25.98536421,3.08337278,-53.00942405,1316.88,1302.06,1285.03,1265.50,0.34550593,3.51632449,11.33840040,3.17081856,7.82207591,E20>E50>E100>E200,UP,5.44541758,7.99707951,-2.55166193,39.45442261,48.29858899,-69.52326901,3.69669926,0.32898180,0,6,0,1,0,3,0,3,1
172,XAUUSD|PERIOD_M1|SELL|1392855360|1392855600|1392856200|1392856320|MARKET_EDGE_MFE_ATR_12_V1,XAUUSD,PERIOD_M1,SELL,BID_OHLC,2014.02.20 00:16:00,2014.02.20 00:20:00,2014.02.20 00:30:00,2014.02.20 00:32:00,2014.02.20 00:32:00,2014.02.20 00:33:04,2014.02.20 00:32:00,1313.01,0.41,4,PERIOD_M1,1,1,12,12,1,1.70,0.02,4.15158924,0.04889976,MARKET_EDGE_MFE_ATR_12_V1,1.0,1,6,0,60,,0,,EXECUTED,1,51,1,51,MATCHED_FINALIZED,1,0,0,2.08,5d926eed3daf312d7810863a3786293984c991b1,34c7e44e89019e46fb4b93a3ac7e556c392839a536990c8508c8c4378fe5fdce,V923_PASSIVE_MARKET_EDGE_V1,V924_MARKET_EDGE_SCHEMA_V2,MARKET_EDGE_FEATURE_SNAPSHOT_T0_V2,2014.02.20 00:33:04,1,,,2014,2,4,0,32,ASIA,4,10,14,4,10,14,2.50000000,1,1313.31,1313.43,1313.63,0.12,0.20,1.73275862,0.32,0.77506112,-0.62,-1.50611247,1,1,86.94503632,80.39256395,56.69771790,-6.55247238,-23.69484605,3.61616878,30.24731843,-1.63811809,-2.36948460,1,1,1312.80,1313.01,1312.78,1313.01,0.23,0.21,0.91304348,1.00000000,0.00000000,0.08695652,1,0.41,0.03114971,24,0.24,0.59657702,1,1,2014.02.20 00:32:00,1,1,49.63944058,0.41,0.03114971,28.32073388,12.92830231,16.20940046,3.28109814,-152.79475131,1313.04,1312.71,1312.48,1312.88,-0.07295250,0.73858512,0.33530157,0.81153762,-0.40328355,MIXED,RANGE,0.15233094,0.23102979,-0.07869885,30.09781791,34.62872189,-61.84738956,1.44610153,0.23903363,1,2014.02.20 00:25:00,1,1,64.41472280,0.47,0.03563499,23.53356465,26.11139933,15.01471779,11.09668154,103.16488568,1312.50,1313.28,1314.95,1316.64,1.74142884,0.08627842,-7.10225836,-1.65515042,-7.18853678,E200>E100>E50>E20,DOWN,0.14457920,-0.10740464,0.25198384,91.34765625,94.27207983,-6.09649123,5.99387022,0.83251563,0,2014.02.20 00:15:00,1,1,62.70442853,1.07,0.08111148,22.66488825,26.17190922,21.81767372,4.35423550,96.60185287,1313.73,1315.98,1317.52,1317.97,-0.38613995,-2.50057627,-4.37226220,-2.11443632,-1.87168593,E200>E100>E50>E20,DOWN,-1.49306218,-1.95375570,0.46069352,74.17780062,60.59630453,-33.54222620,10.79922282,0.47129227,0,2014.02.20 00:00:00,1,1,50.43229743,1.66,0.12632146,26.97743474,18.07729786,18.28306768,0.20576982,-46.21892013,1315.32,1317.45,1317.96,1313.33,-1.20737638,-2.49259532,-0.01129747,-1.28521894,2.48129785,MIXED,RANGE,-1.95187217,-1.38991417,-0.56195800,68.03934871,50.37268051,-62.22542617,9.31230589,0.28538901,0,2014.02.19 23:00:00,1,1,31.66931073,4.40,0.33508713,23.24968858,16.19967123,23.43667389,7.23700266,-135.23127701,1317.02,1318.01,1313.40,1301.04,-1.18247524,-1.40775056,2.45296614,-0.22527532,3.86071670,MIXED,RANGE,-1.79399028,-0.64723391,-1.14675637,18.38265944,16.85746260,-77.49658003,2.83950664,0.04856531,0,2014.02.19 20:00:00,1,1,32.80011490,6.17,0.47031879,27.68937670,14.90834820,32.89426458,17.98591639,-152.13762180,1316.54,1303.61,1286.82,1266.99,-0.76465911,1.33147494,7.26646406,2.09613405,5.93498912,E20>E50>E100>E200,UP,3.50808857,6.10528286,-2.59719429,33.11950734,40.26975449,-87.18514672,3.09452355,0.01023538,0,6,3,4,1,1,2,1,1
173,XAUUSD|PERIOD_M1|BUY|1392876960|1392877380|1392879000|1392879120|MARKET_EDGE_MFE_ATR_12_V1,XAUUSD,PERIOD_M1,BUY,BID_OHLC,2014.02.20 06:16:00,2014.02.20 06:23:00,2014.02.20 06:50:00,2014.02.20 06:52:00,2014.02.20 06:52:00,2014.02.20 06:53:00,2014.02.20 06:52:00,1313.17,0.41,4,PERIOD_M1,1,1,12,12,1,0.73,0.37,1.79436965,0.91554468,MARKET_EDGE_MFE_ATR_12_V1,1.0,1,3,0,60,,0,,EXECUTED,1,52,1,52,MATCHED_FINALIZED,1,0,0,2.06,5d926eed3daf312d7810863a3786293984c991b1,34c7e44e89019e46fb4b93a3ac7e556c392839a536990c8508c8c4378fe5fdce,V923_PASSIVE_MARKET_EDGE_V1,V924_MARKET_EDGE_SCHEMA_V2,MARKET_EDGE_FEATURE_SNAPSHOT_T0_V2,2014.02.20 06:53:00,1,,,2014,2,4,6,52,ASIA,7,27,34,7,27,34,3.85714286,1,1313.07,1313.05,1312.64,-0.02,-0.41,25.68750000,0.43,1.04528764,0.53,1.30477356,1,1,29.06857265,46.51793490,47.89119134,17.44936225,1.37325644,0.07869952,18.82261869,2.49276604,0.05086135,1,1,1313.31,1313.36,1313.16,1313.17,0.20,0.13,0.68020305,0.06091371,0.25888325,0.06091371,1,0.41,0.03110781,30,0.30,0.72460220,1,1,2014.02.20 06:52:00,1,1,42.47487981,0.41,0.03110781,45.71803327,6.68956941,19.93050594,13.24093653,-46.71646313,1313.44,1313.41,1313.09,1312.62,-0.65818857,-0.57535079,1.34787143,0.08283777,1.92322223,E20>E50>E100>E200,UP,-0.12724265,-0.05180526,-0.07543740,79.04070939,56.95443986,-71.94736842,4.85119438,0.25811330,0,2014.02.20 06:45:00,1,1,46.09763690,0.84,0.06395011,31.42354602,24.20741546,20.63855061,3.56886485,-53.35889057,1313.02,1312.50,1312.82,1314.24,-0.33512017,0.28558712,-1.78114558,0.62070728,-2.06673270,MIXED,RANGE,0.40178016,0.48379442,-0.08201426,24.91921688,48.97696805,-73.44569288,3.02153369,0.38961504,0,2014.02.20 06:30:00,1,1,62.26231418,1.28,0.09745709,20.03184604,28.12555353,13.10175996,15.02379357,119.46127095,1312.47,1313.53,1315.36,1316.65,0.52684666,-0.30286035,-2.74247631,-0.82970700,-2.43961596,E200>E100>E50>E20,DOWN,0.06578676,-0.31131276,0.37709952,60.67429709,70.90592769,-30.78288306,3.69882613,0.78167942,0,2014.02.20 06:00:00,1,1,64.04872203,1.31,0.09967325,24.60027537,24.32020368,9.23795793,15.08224575,138.07057363,1313.09,1315.36,1316.67,1313.17,0.34891043,-1.39080977,0.28177482,-1.73972021,1.67258459,MIXED,RANGE,-1.08298882,-1.69602568,0.61303686,90.83893227,89.64396052,-15.35412718,4.24964283,0.77673309,0,2014.02.20 05:00:00,1,1,53.12943781,2.59,0.19693745,21.81735389,17.79358291,13.29257660,4.50100632,-22.62073667,1314.60,1316.64,1313.18,1301.65,-0.33341943,-1.11818773,4.67363203,-0.78476830,5.79181976,MIXED,RANGE,-2.12309126,-2.00812945,-0.11496181,61.38778793,48.20744245,-60.98603373,6.35154086,0.38566621,0,2014.02.20 00:00:00,1,1,31.13223188,6.42,0.48948509,29.11982644,12.92056844,29.04142025,16.12085182,-156.85141431,1315.98,1303.88,1287.30,1267.43,-0.82892515,1.05653590,6.73957084,1.88546105,5.68303494,E20>E50>E100>E200,UP,2.67617449,5.47547326,-2.79929877,16.92930093,30.19720975,-91.28888508,3.28507230,0.01951996,0,6,4,4,0,2,1,1,1
174,XAUUSD|PERIOD_M1|SELL|1392902340|1392902760|1392903060|1392903180|MARKET_EDGE_MFE_ATR_12_V1,XAUUSD,PERIOD_M1,SELL,BID_OHLC,2014.02.20 13:19:00,2014.02.20 13:26:00,2014.02.20 13:31:00,2014.02.20 13:33:00,2014.02.20 13:33:00,2014.02.20 13:34:00,2014.02.20 13:33:00,1314.53,2.15,4,PERIOD_M1,1,1,12,12,1,0.06,2.18,0.03026071,1.01675978,MARKET_EDGE_MFE_ATR_12_V1,1.0,0,,0,60,,0,,EXECUTED,1,53,1,53,MATCHED_FINALIZED,1,0,0,2.50,5d926eed3daf312d7810863a3786293984c991b1,34c7e44e89019e46fb4b93a3ac7e556c392839a536990c8508c8c4378fe5fdce,V923_PASSIVE_MARKET_EDGE_V1,V924_MARKET_EDGE_SCHEMA_V2,MARKET_EDGE_FEATURE_SNAPSHOT_T0_V2,2014.02.20 13:34:00,1,,,2014,2,4,13,33,OVERLAP,7,5,12,7,5,12,0.71428571,1,1312.22,1313.26,1317.44,1.04,4.18,4.02211538,5.22,2.43156425,-2.91,-1.35474860,1,1,78.89077148,75.09621035,73.56588617,-3.79456113,-1.53032418,0.40329412,5.32488531,-0.54208016,-0.30606484,1,1,1315.33,1315.88,1314.48,1314.53,1.40,0.79,0.56692913,0.03579098,0.39727989,0.03579098,1,2.15,0.16340404,28,0.28,0.13175047,1,1,2014.02.20 13:33:00,1,1,63.36696745,2.15,0.16340404,36.83798007,26.29123370,17.80753365,8.48370006,107.90689296,1312.75,1311.84,1311.99,1312.55,0.82960477,1.25273868,0.92376595,0.42313391,-0.32897273,MIXED,RANGE,1.09363684,0.74368925,0.34994759,60.61273161,66.16776124,-45.46164662,2.88430118,0.84540510,0,2014.02.20 13:25:00,1,1,57.85335535,1.43,0.10876591,40.88549956,26.73480734,17.28137691,9.45343043,60.30069689,1311.78,1312.66,1313.03,1313.71,0.14528366,-0.46908911,-1.20573186,-0.61437277,-0.73664276,E200>E100>E50>E20,DOWN,-0.61344236,-0.87264945,0.25920709,83.93113343,85.61167939,-25.10069277,4.05969083,0.52183603,0,2014.02.20 13:15:00,1,1,36.23566977,2.80,0.21333972,33.61025087,18.53471075,31.23676747,12.70205672,-53.36170693,1312.69,1313.27,1314.48,1315.86,-0.24953075,-0.45585066,-1.38345288,-0.20631991,-0.92760222,E200>E100>E50>E20,DOWN,-0.56154305,-0.09674996,-0.46479309,53.51690007,37.65364838,-39.85769728,2.00036834,0.26896002,0,2014.02.20 13:00:00,1,1,41.25331473,3.32,0.25341237,33.84741403,8.45538334,22.03818526,13.58280192,-156.92226352,1313.09,1314.47,1315.86,1313.20,-0.32970502,-0.74631655,-0.36330100,-0.41661152,0.38301555,MIXED,RANGE,-0.49738958,-0.22121738,-0.27617220,42.62168568,35.72936468,-44.43647663,1.54011741,0.28174029,1,2014.02.20 12:00:00,1,1,32.22590985,2.97,0.22687342,23.91168641,13.36700614,22.70603893,9.33903279,-120.21626527,1313.75,1315.75,1313.17,1302.42,-1.37965103,-2.05366276,2.43275297,-0.67401173,4.48641572,MIXED,RANGE,-1.44894250,-1.69465150,0.24570900,28.68185790,42.19527982,-72.41544162,4.05861607,0.19172819,0,2014.02.20 08:00:00,1,1,41.24685804,4.92,0.37421201,28.38860595,15.06313798,21.81333343,6.75019545,-70.62193852,1315.51,1304.61,1288.32,1268.34,-0.38291420,1.83341521,9.21364122,2.21632940,7.38022601,E20>E50>E100>E200,UP,1.82371278,4.20332647,-2.37961369,28.98408381,23.09655186,-69.55462134,4.49913206,0.22645896,0,6,3,4,1,1,2,1,1
175,XAUUSD|PERIOD_M1|SELL|1392927780|1392928260|1392928680|1392928800|MARKET_EDGE_MFE_ATR_12_V1,XAUUSD,PERIOD_M1,SELL,BID_OHLC,2014.02.20 20:23:00,2014.02.20 20:31:00,2014.02.20 20:38:00,2014.02.20 20:40:00,2014.02.20 20:40:00,2014.02.20 20:41:00,2014.02.20 20:40:00,1323.84,0.47,4,PERIOD_M1,1,1,12,12,1,0.26,1.14,0.55157895,2.39578947,MARKET_EDGE_MFE_ATR_12_V1,1.0,0,,0,60,,0,,NOT_EXECUTED_OR_UNRESOLVED,0,,0,,NOT_APPLICABLE_NON_EXECUTED,0,,,,5d926eed3daf312d7810863a3786293984c991b1,34c7e44e89019e46fb4b93a3ac7e556c392839a536990c8508c8c4378fe5fdce,V923_PASSIVE_MARKET_EDGE_V1,V924_MARKET_EDGE_SCHEMA_V2,MARKET_EDGE_FEATURE_SNAPSHOT_T0_V2,2014.02.20 20:41:00,1,,,2014,2,4,20,40,NEWYORK,8,7,15,8,7,15,0.87500000,1,1323.64,1323.94,1324.34,0.30,0.40,1.33333333,0.70,1.47368421,-0.50,-1.05263158,1,1,79.12204396,75.42253050,66.42178688,-3.69951346,-9.00074362,2.43295334,12.70025708,-0.46243918,-1.28582052,1,1,1323.44,1323.84,1323.34,1323.84,0.50,0.40,0.80000000,1.00000000,0.00000000,0.20000000,1,0.47,0.03588041,15,0.15,0.32000000,1,1,2014.02.20 20:40:00,1,1,58.48002941,0.47,0.03588041,57.67129937,25.23861426,12.00730838,13.23130588,21.76165804,1323.27,1322.03,1320.58,1318.91,1.20586221,3.81829523,10.39184770,2.61243301,6.57355247,E20>E50>E100>E200,UP,0.63663923,0.70364785,-0.06700862,30.76923077,54.03418803,-27.77777778,5.19052705,0.71271544,0,2014.02.20 20:35:00,1,1,76.93449915,1.23,0.09256167,66.49707209,39.79147815,3.73806474,36.05341341,126.76162209,1320.55,1318.33,1316.68,1315.57,2.36422740,4.17656906,6.42975727,1.81234166,2.25318821,E20>E50>E100>E200,UP,1.69510817,1.35651763,0.33859054,82.60533436,80.42624628,-12.32876712,7.38306521,0.88416653,0,2014.02.20 20:15:00,1,1,84.89544198,2.32,0.17512863,45.33126591,37.42734160,5.38006087,32.04728074,190.75000965,1317.57,1315.74,1315.40,1316.01,2.23096951,3.02459468,2.90679301,0.79362517,-0.11780166,MIXED,RANGE,1.75027210,1.10116066,0.64911144,80.94921269,78.70817585,-9.37500000,3.87532709,1.14125820,0,2014.02.20 20:00:00,1,1,80.95373383,2.92,0.22048895,34.58007448,30.73913942,6.26196257,24.47717685,226.00398513,1316.29,1315.47,1316.05,1313.64,2.21281664,2.49289490,3.12184039,0.28007826,0.62894548,MIXED,RANGE,1.60735310,0.69886694,0.90848615,81.50306748,81.33668737,-7.26275016,3.88705834,1.15648839,0,2014.02.20 19:00:00,1,1,70.95900453,3.43,0.25955035,22.37648417,25.96505739,8.33884749,17.62620990,257.09530204,1315.24,1315.94,1313.60,1303.37,1.63340201,1.43113098,5.09717603,-0.20227103,3.66604505,MIXED,RANGE,0.39074224,-0.69014057,1.08088281,84.94941319,83.32299894,-8.89518796,3.05908641,1.17534935,0,2014.02.20 16:00:00,1,1,59.99628645,6.51,0.49284850,26.52542950,18.47652435,22.63567826,4.15915391,38.10171564,1316.02,1305.66,1289.49,1269.32,0.74097294,2.33191499,7.91422554,1.59094205,5.58231055,E20>E50>E100>E200,UP,1.95131454,3.20067495,-1.24936041,71.04015765,49.63391670,-23.73446328,3.24113080,0.58807073,0,6,0,1,0,3,0,3,1
176,XAUUSD|PERIOD_M1|BUY|1392939300|1392940080|1392940920|1392941040|MARKET_EDGE_MFE_ATR_12_V1,XAUUSD,PERIOD_M1,BUY,BID_OHLC,2014.02.20 23:35:00,2014.02.20 23:48:00,2014.02.21 00:02:00,2014.02.21 00:04:00,2014.02.21 00:04:00,2014.02.21 00:05:01,2014.02.21 00:04:00,1320.22,0.16,4,PERIOD_M1,1,1,12,12,1,0.01,0.54,0.08874802,3.39778130,MARKET_EDGE_MFE_ATR_12_V1,1.0,0,,0,60,,0,,NOT_EXECUTED_OR_UNRESOLVED,0,,0,,NOT_APPLICABLE_NON_EXECUTED,0,,,,5d926eed3daf312d7810863a3786293984c991b1,34c7e44e89019e46fb4b93a3ac7e556c392839a536990c8508c8c4378fe5fdce,V923_PASSIVE_MARKET_EDGE_V1,V924_MARKET_EDGE_SCHEMA_V2,MARKET_EDGE_FEATURE_SNAPSHOT_T0_V2,2014.02.21 00:05:01,1,,,2014,2,5,0,4,ASIA,13,14,27,13,14,27,1.07692308,1,1320.82,1320.24,1320.07,-0.58,-0.17,0.29037801,0.75,4.76069731,0.15,0.92551506,1,1,6.90520174,20.69495705,28.63404965,13.78975530,7.93909260,0.57572397,21.72884791,1.06075041,0.56707804,1,1,1320.18,1320.22,1320.15,1320.22,0.07,0.04,0.61194030,0.98507463,0.01492537,0.37313433,1,0.16,0.01194878,36,0.36,2.28209192,1,1,2014.02.21 00:04:00,1,1,36.86718398,0.16,0.01194878,26.77218063,13.90290250,24.45258290,10.54968041,-117.63827712,1320.57,1321.08,1321.55,1321.26,-2.22501960,-5.46064345,-6.59918877,-3.23562386,-1.13854532,MIXED,RANGE,-0.23533983,-0.20760352,-0.02773631,13.23268206,10.41274171,-82.06388206,6.07737151,0.19328428,0,2014.02.21 00:00:00,1,1,20.10992861,0.60,0.04554169,46.78217598,10.77690527,35.12764690,24.35074163,-103.24806515,1321.49,1320.85,1319.10,1317.25,-2.10745549,-1.05383850,4.93506817,1.05361699,5.98890667,E20>E50>E100>E200,UP,-0.35223904,-0.03915470,-0.31308433,25.36071032,20.22559916,-94.88616462,6.34468348,0.06205414,0,2014.02.20 23:45:00,1,1,30.59406370,0.93,0.07064735,42.35601196,15.03882180,30.60137998,15.56255818,-75.72366580,1320.46,1317.90,1316.66,1316.62,0.19250549,2.93673547,4.31688491,2.74422998,1.38014944,E20>E50>E100>E200,UP,1.56714693,2.06841876,-0.50127182,7.03196347,7.99662846,-54.62333081,10.73736799,0.51248757,0,2014.02.20 23:30:00,1,1,49.20002262,1.49,0.11253979,37.99251055,21.84957054,25.07959536,3.23002482,38.40943964,1318.60,1316.70,1316.64,1314.06,1.37392111,2.65326655,4.43036086,1.27934544,1.77709430,E20>E50>E100>E200,UP,2.19584295,1.71173205,0.48411090,43.94079023,60.89550723,-37.37608827,9.52673245,0.70774970,0,2014.02.20 23:00:00,1,1,59.63040598,3.66,0.27685357,29.95202146,22.92913188,16.75725690,6.17187497,101.57697706,1317.08,1316.67,1314.11,1303.93,0.97398301,1.08766481,4.57102943,0.11368181,3.48336462,E20>E50>E100>E200,UP,1.52405455,0.17494277,1.34911179,76.32562776,83.94788005,-24.58467993,4.07311811,0.84493912,0,2014.02.20 20:00:00,1,1,59.40359506,6.63,0.50206566,24.31426426,23.94882568,19.61758782,4.33123785,96.48066063,1316.46,1306.25,1290.11,1269.83,0.63117716,2.17097458,7.66321797,1.53979743,5.49224338,E20>E50>E100>E200,UP,2.13521171,2.83287430,-0.69766259,82.20378813,67.37381814,-24.85310734,2.94395376,0.60374805,0,6,5,2,0,5,0,0,1
177,XAUUSD|PERIOD_M1|SELL|1393258200|1393258560|1393259040|1393259160|MARKET_EDGE_MFE_ATR_12_V1,XAUUSD,PERIOD_M1,SELL,BID_OHLC,2014.02.24 16:10:00,2014.02.24 16:16:00,2014.02.24 16:24:00,2014.02.24 16:26:00,2014.02.24 16:26:00,2014.02.24 16:27:08,2014.02.24 16:26:00,1338.44,0.40,4,PERIOD_M1,1,1,12,12,1,0.56,0.25,1.39937304,0.63949843,MARKET_EDGE_MFE_ATR_12_V1,1.0,1,4,0,60,,0,,NOT_EXECUTED_OR_UNRESOLVED,0,,0,,NOT_APPLICABLE_NON_EXECUTED,0,,,,5d926eed3daf312d7810863a3786293984c991b1,34c7e44e89019e46fb4b93a3ac7e556c392839a536990c8508c8c4378fe5fdce,V923_PASSIVE_MARKET_EDGE_V1,V924_MARKET_EDGE_SCHEMA_V2,MARKET_EDGE_FEATURE_SNAPSHOT_T0_V2,2014.02.24 16:27:08,1,,,2014,2,1,16,26,OVERLAP,6,8,14,6,8,14,1.33333333,1,1338.51,1338.67,1338.91,0.16,0.24,1.55769231,0.40,1.00062696,-0.47,-1.18119122,1,1,75.01358871,73.38846773,62.34831599,-1.62512098,-11.04015174,6.79343378,12.66527272,-0.27085350,-1.38001897,1,1,1338.24,1338.54,1338.18,1338.44,0.36,0.20,0.55865922,0.72067039,0.27932961,0.16201117,1,0.40,0.02979210,20,0.20,0.50909091,1,1,2014.02.24 16:26:00,1,1,61.02459497,0.40,0.02979210,28.94617592,28.64943077,19.32682694,9.32260383,40.92734850,1338.00,1337.22,1336.16,1334.89,1.09775217,3.05241333,8.91777848,1.95466116,5.86536515,E20>E50>E100>E200,UP,0.40067057,0.43344626,-0.03277569,42.65908283,58.48107662,-42.43243243,4.88741428,0.69144560,0,2014.02.24 16:20:00,1,1,71.98750607,1.14,0.08485612,52.29634222,29.49090248,4.11165200,25.37925048,163.41242850,1336.21,1334.48,1332.52,1329.60,1.96126802,3.49122492,7.78312672,1.52995690,4.29190180,E20>E50>E100>E200,UP,1.29528451,1.18401661,0.11126790,80.66743383,83.59204240,-11.07193230,6.62115766,0.82750753,0,2014.02.24 16:00:00,1,1,70.81416138,2.15,0.16076354,18.27606631,21.79631688,11.71835685,10.07796003,142.35899909,1333.99,1330.90,1327.61,1324.13,2.00445251,3.44187931,6.58671564,1.43742680,3.14483633,E20>E50>E100>E200,UP,1.72578544,1.20762699,0.51815845,84.73848356,82.70794580,-2.14458317,3.79719544,1.05089156,0,2014.02.24 15:30:00,1,1,67.41832126,4.09,0.30568246,21.48175198,19.98188411,14.45533819,5.52654592,180.01094053,1331.60,1327.53,1324.10,1319.97,1.26281560,2.25831928,4.11076493,0.99550368,1.85244565,E20>E50>E100>E200,UP,2.64184678,2.57839161,0.06345517,81.86306248,75.62687449,-13.13442344,2.86367086,0.92185841,0,2014.02.24 15:00:00,1,1,75.23582347,4.53,0.33878481,36.58012877,24.67713183,10.85719758,13.81993425,102.32329669,1328.80,1324.23,1320.07,1310.52,1.75875131,2.76650379,5.79411231,1.00775249,3.02760852,E20>E50>E100>E200,UP,3.49268689,2.91043123,0.58225566,53.34071759,46.72775919,-6.88407813,4.29240976,0.96610336,0,2014.02.24 12:00:00,1,1,78.77273944,9.31,0.69629022,24.12185393,26.71915849,11.99156878,14.72758971,193.75456975,1323.15,1313.11,1297.04,1275.59,1.46293002,2.54076594,6.57263884,1.07783592,4.03187289,E20>E50>E100>E200,UP,4.51268042,3.02226166,1.49041876,84.22905050,69.37720674,-4.03496754,2.84046599,1.10365347,0,6,0,0,0,6,0,6,1
178,XAUUSD|PERIOD_M1|SELL|1393259460|1393259640|1393259820|1393259940|MARKET_EDGE_MFE_ATR_12_V1,XAUUSD,PERIOD_M1,SELL,BID_OHLC,2014.02.24 16:31:00,2014.02.24 16:34:00,2014.02.24 16:37:00,2014.02.24 16:39:00,2014.02.24 16:39:00,2014.02.24 16:40:00,2014.02.24 16:39:00,1337.39,0.48,4,PERIOD_M1,1,1,12,12,1,0.85,0.55,1.74793388,1.14462810,MARKET_EDGE_MFE_ATR_12_V1,1.0,1,1,0,60,,0,,NOT_EXECUTED_OR_UNRESOLVED,0,,0,,NOT_APPLICABLE_NON_EXECUTED,0,,,,5d926eed3daf312d7810863a3786293984c991b1,34c7e44e89019e46fb4b93a3ac7e556c392839a536990c8508c8c4378fe5fdce,V923_PASSIVE_MARKET_EDGE_V1,V924_MARKET_EDGE_SCHEMA_V2,MARKET_EDGE_FEATURE_SNAPSHOT_T0_V2,2014.02.24 16:40:00,1,,,2014,2,1,16,39,OVERLAP,3,3,6,3,3,6,1.00000000,1,1338.66,1338.67,1338.70,0.00,0.03,9.66666667,0.03,0.06611570,-1.31,-2.70454545,1,1,56.18825247,54.12861279,48.72415827,-2.05963968,-5.40445452,2.62398058,7.46409420,-0.68654656,-1.80148484,1,1,1338.10,1338.12,1337.31,1337.39,0.81,0.71,0.87223587,0.09705160,0.03071253,0.09705160,1,0.48,0.03618995,25,0.25,0.52066116,1,1,2014.02.24 16:39:00,1,1,26.83701716,0.48,0.03618995,19.95959428,9.26192842,29.54984460,20.28791618,-287.94499005,1338.21,1337.67,1336.66,1335.31,-1.70319193,-0.59054860,4.29674484,1.11264333,4.88729344,E20>E50>E100>E200,UP,0.10387008,0.24981623,-0.14594616,25.97357441,54.27229180,-94.30835735,2.57471944,-0.27826822,0,2014.02.24 16:35:00,1,1,47.76966954,0.94,0.06996848,50.40528520,19.19748526,12.00278932,7.19469594,45.40180084,1336.70,1334.89,1332.85,1329.85,0.73542653,2.67248980,8.05139399,1.93706327,5.37890419,E20>E50>E100>E200,UP,1.21589479,1.23173045,-0.01583567,59.25482823,72.53999400,-42.26718404,4.87497222,0.61375007,0,2014.02.24 16:15:00,1,1,71.05900986,1.59,0.11908391,21.16923665,23.68293409,10.15590927,13.52702482,131.85785795,1334.40,1331.19,1327.82,1324.27,2.47149989,4.48890689,8.82880162,2.01740701,4.33989473,E20>E50>E100>E200,UP,1.86294678,1.31157346,0.55137332,88.31656839,85.31776856,-5.52705450,5.54060788,1.00290794,0,2014.02.24 16:00:00,1,1,71.93145149,3.42,0.25585762,23.14924521,25.42862543,12.52795977,12.90066566,190.47255343,1332.24,1327.96,1324.38,1320.15,1.78063914,3.03227013,5.31321058,1.25163099,2.28094045,E20>E50>E100>E200,UP,2.85583126,2.57119900,0.28463226,90.14296979,84.98241231,-5.52705450,3.26855571,1.02207973,0,2014.02.24 15:00:00,1,1,75.23582347,4.53,0.33878481,36.58012877,24.67713183,10.85719758,13.81993425,102.32329669,1328.80,1324.23,1320.07,1310.52,1.75875131,2.76650379,5.79411231,1.00775249,3.02760852,E20>E50>E100>E200,UP,3.49268689,2.91043123,0.58225566,53.34071759,46.72775919,-6.88407813,4.29240976,0.96610336,0,2014.02.24 12:00:00,1,1,78.77273944,9.31,0.69629022,24.12185393,26.71915849,11.99156878,14.72758971,193.75456975,1323.15,1313.11,1297.04,1275.59,1.46293002,2.54076594,6.57263884,1.07783592,4.03187289,E20>E50>E100>E200,UP,4.51268042,3.02226166,1.49041876,84.22905050,69.37720674,-4.03496754,2.84046599,1.10365347,0,6,0,1,0,6,0,6,1
179,XAUUSD|PERIOD_M1|BUY|1393262640|1393263360|1393263540|1393263660|MARKET_EDGE_MFE_ATR_12_V1,XAUUSD,PERIOD_M1,BUY,BID_OHLC,2014.02.24 17:24:00,2014.02.24 17:36:00,2014.02.24 17:39:00,2014.02.24 17:41:00,2014.02.24 17:41:00,2014.02.24 17:42:00,2014.02.24 17:41:00,1336.94,0.22,4,PERIOD_M1,1,1,12,12,1,0.10,0.90,0.44444444,4.00444444,MARKET_EDGE_MFE_ATR_12_V1,1.0,0,,0,60,,0,,EXECUTED,1,54,1,54,MATCHED_FINALIZED,1,0,0,2.24,5d926eed3daf312d7810863a3786293984c991b1,34c7e44e89019e46fb4b93a3ac7e556c392839a536990c8508c8c4378fe5fdce,V923_PASSIVE_MARKET_EDGE_V1,V924_MARKET_EDGE_SCHEMA_V2,MARKET_EDGE_FEATURE_SNAPSHOT_T0_V2,2014.02.24 17:42:00,1,,,2014,2,1,17,41,NEWYORK,12,3,15,12,3,15,0.25000000,1,1336.94,1336.76,1336.54,-0.18,-0.22,1.20994475,0.40,1.77777778,0.40,1.77777778,1,1,26.54404447,31.17842395,31.31622690,4.63437948,0.13780295,0.02973493,4.77218243,0.38619829,0.04593432,1,1,1336.74,1336.94,1336.64,1336.94,0.30,0.20,0.66666667,1.00000000,0.00000000,0.33333333,1,0.22,0.01682945,23,0.23,1.04444444,1,1,2014.02.24 17:41:00,1,1,46.85746649,0.22,0.01682945,32.90163362,18.40037927,26.80287424,8.40249497,-56.23064988,1337.09,1337.27,1337.09,1336.22,-0.65631669,-1.46296209,3.23023192,-0.80664540,4.69319401,MIXED,RANGE,-0.17636401,-0.14502418,-0.03133983,39.86332574,28.68912812,-60.00000000,4.17584173,0.34657784,0,2014.02.24 17:35:00,1,1,40.75557908,0.80,0.05984700,26.66556889,8.88619078,18.43796658,9.55177580,-88.89794493,1337.11,1335.81,1333.80,1330.70,-0.45730720,1.16865777,7.55689744,1.62596497,6.38823967,E20>E50>E100>E200,UP,0.41422652,0.65112662,-0.23690009,18.76935784,27.95547900,-86.54271802,3.17152172,0.18351155,0,2014.02.24 17:15:00,1,1,50.35264758,1.60,0.11945984,16.45318278,17.21300307,13.17055229,4.04245078,53.50158879,1335.38,1332.10,1328.56,1324.79,0.92070416,2.97323421,7.55536417,2.05253005,4.58212996,E20>E50>E100>E200,UP,1.77159075,1.68627211,0.08531864,38.88067061,52.59097724,-19.95934566,6.27687213,0.70421651,0,2014.02.24 17:00:00,1,1,62.09180616,2.19,0.16396741,25.84687871,19.09972310,9.40988978,9.68983332,102.28512243,1333.07,1328.64,1324.86,1320.48,1.72663286,3.74755299,7.46972059,2.02092013,3.72216760,E20>E50>E100>E200,UP,2.84189510,2.57837793,0.26351716,80.32162677,85.20828079,-19.95934566,4.57456145,0.84172734,0,2014.02.24 16:00:00,1,1,74.80101700,4.43,0.33136005,37.89283940,25.71745354,9.40957124,16.30788230,119.45853427,1329.55,1324.72,1320.40,1310.78,1.61167729,2.70145500,5.84856059,1.08977771,3.14710559,E20>E50>E100>E200,UP,3.68712122,3.11716625,0.56995497,71.17165242,54.95336801,-11.78370935,4.66054759,0.90493674,0,2014.02.24 12:00:00,1,1,78.77273944,9.31,0.69629022,24.12185393,26.71915849,11.99156878,14.72758971,193.75456975,1323.15,1313.11,1297.04,1275.59,1.46293002,2.54076594,6.57263884,1.07783592,4.03187289,E20>E50>E100>E200,UP,4.51268042,3.02226166,1.49041876,84.22905050,69.37720674,-4.03496754,2.84046599,1.10365347,0,6,6,4,0,5,0,0,1
180,XAUUSD|PERIOD_M1|SELL|1393264800|1393265100|1393265520|1393265640|MARKET_EDGE_MFE_ATR_12_V1,XAUUSD,PERIOD_M1,SELL,BID_OHLC,2014.02.24 18:00:00,2014.02.24 18:05:00,2014.02.24 18:12:00,2014.02.24 18:14:00,2014.02.24 18:14:00,2014.02.24 18:15:00,2014.02.24 18:14:00,1336.54,0.18,4,PERIOD_M1,1,1,12,12,1,0.00,1.30,0.00000000,7.16253444,MARKET_EDGE_MFE_ATR_12_V1,1.0,0,,0,60,,0,,NOT_EXECUTED_OR_UNRESOLVED,0,,0,,NOT_APPLICABLE_NON_EXECUTED,0,,,,5d926eed3daf312d7810863a3786293984c991b1,34c7e44e89019e46fb4b93a3ac7e556c392839a536990c8508c8c4378fe5fdce,V923_PASSIVE_MARKET_EDGE_V1,V924_MARKET_EDGE_SCHEMA_V2,MARKET_EDGE_FEATURE_SNAPSHOT_T0_V2,2014.02.24 18:15:00,1,,,2014,2,1,18,14,NEWYORK,5,7,12,5,7,12,1.40000000,1,1336.74,1336.87,1337.04,0.13,0.17,1.29007634,0.30,1.65289256,-0.50,-2.75482094,1,1,69.89514565,59.47062098,58.67248841,-10.42452467,-0.79813258,0.07656297,11.22265725,-2.08490493,-0.11401894,1,1,1336.74,1336.74,1336.44,1336.54,0.30,0.20,0.66666667,0.33333333,0.00000000,0.33333333,1,0.18,0.01357982,17,0.17,0.90909091,1,1,2014.02.24 18:14:00,1,1,41.90625255,0.18,0.01357982,15.51435741,24.57787490,37.74323481,13.16535991,-68.56324922,1336.64,1336.76,1336.83,1336.31,-0.55812516,-1.20570180,1.28275255,-0.64757664,2.48845435,MIXED,RANGE,0.01438361,-0.00207612,0.01645973,52.38095238,70.39044178,-71.42857143,4.21284079,0.44042875,0,2014.02.24 18:10:00,1,1,43.51922309,0.49,0.03653084,29.17398235,12.49847172,11.11998185,1.37848986,-53.75482429,1336.83,1335.99,1334.16,1331.09,-0.57984077,1.13258665,11.16115090,1.71242742,10.02856425,E20>E50>E100>E200,UP,0.03720293,0.22920855,-0.19200562,53.60456817,46.50890851,-78.22685789,4.53342220,0.27146468,0,2014.02.24 18:00:00,1,1,47.30431914,0.98,0.07296815,16.02282097,13.10978939,18.33726655,5.22747716,2.96909715,1335.70,1332.62,1329.03,1325.14,0.85883298,4.02613758,11.69600427,3.16730460,7.66986668,E20>E50>E100>E200,UP,1.44167279,1.73700767,-0.29533488,20.49263956,26.58147837,-31.91976306,9.86984972,0.61935915,0,2014.02.24 17:30:00,1,1,57.72420022,2.07,0.15472052,24.04254666,16.55309335,12.92326065,3.62983270,69.89062126,1333.39,1328.94,1325.09,1320.64,1.47710141,3.62690498,7.64394899,2.14980357,4.01704400,E20>E50>E100>E200,UP,2.76348483,2.60126003,0.16222480,62.38031619,75.95406292,-23.91830413,4.62563185,0.77765783,0,2014.02.24 17:00:00,1,1,73.13441317,4.25,0.31806468,38.80644333,22.28845973,8.50843124,13.78002849,109.32386020,1330.21,1325.18,1320.72,1311.04,1.46705664,2.64890537,5.97622212,1.18184873,3.32731675,E20>E50>E100>E200,UP,3.77781341,3.29306470,0.48474871,80.27593085,68.26276695,-13.08653744,5.00805074,0.85064402,0,2014.02.24 12:00:00,1,1,78.77273944,9.31,0.69629022,24.12185393,26.71915849,11.99156878,14.72758971,193.75456975,1323.15,1313.11,1297.04,1275.59,1.46293002,2.54076594,6.57263884,1.07783592,4.03187289,E20>E50>E100>E200,UP,4.51268042,3.02226166,1.49041876,84.22905050,69.37720674,-4.03496754,2.84046599,1.10365347,0,6,0,2,0,5,0,5,1
181,XAUUSD|PERIOD_M1|SELL|1393289280|1393289580|1393290000|1393290120|MARKET_EDGE_MFE_ATR_12_V1,XAUUSD,PERIOD_M1,SELL,BID_OHLC,2014.02.25 00:48:00,2014.02.25 00:53:00,2014.02.25 01:00:00,2014.02.25 01:02:00,2014.02.25 01:02:00,2014.02.25 01:03:03,2014.02.25 01:02:00,1335.79,0.62,4,PERIOD_M1,1,1,12,12,1,0.45,2.26,0.72904010,3.66788173,MARKET_EDGE_MFE_ATR_12_V1,1.0,0,,0,60,,0,,NOT_EXECUTED_OR_UNRESOLVED,0,,0,,NOT_APPLICABLE_NON_EXECUTED,0,,,,5d926eed3daf312d7810863a3786293984c991b1,34c7e44e89019e46fb4b93a3ac7e556c392839a536990c8508c8c4378fe5fdce,V923_PASSIVE_MARKET_EDGE_V1,V924_MARKET_EDGE_SCHEMA_V2,MARKET_EDGE_FEATURE_SNAPSHOT_T0_V2,2014.02.25 01:03:03,1,,,2014,2,2,1,2,ASIA,5,7,12,5,7,12,1.40000000,1,1336.29,1336.63,1336.96,0.34,0.34,1.00000000,0.68,1.09518023,-1.17,-1.90198461,1,1,76.47677870,66.72733549,53.25611111,-9.74944321,-13.47122438,1.38174295,23.22066759,-1.94988864,-1.92446063,1,1,1335.52,1335.80,1335.27,1335.79,0.53,0.27,0.51330798,0.98098859,0.01901141,0.46768061,1,0.62,0.04620865,33,0.33,0.54110976,1,1,2014.02.25 01:02:00,1,1,46.79167041,0.62,0.04620865,29.85669826,22.92521816,27.48580022,4.56058206,-212.66689387,1336.18,1336.03,1335.96,1336.09,-0.63103976,-0.39164055,-0.48563304,0.23939921,-0.09399249,MIXED,RANGE,0.05477205,0.17060581,-0.11583376,16.19576186,18.34945972,-69.46745562,2.15156351,0.16315340,0,2014.02.25 00:55:00,1,1,72.73990033,0.42,0.03159452,25.06891469,32.09210300,9.33301147,22.75909153,185.15760811,1335.95,1336.14,1335.80,1333.78,1.21894223,0.78171957,6.37171228,-0.43722266,5.58999271,MIXED,RANGE,0.02420479,-0.11332265,0.13752744,82.03810100,67.90724866,-26.17801047,4.42419017,0.87690413,0,2014.02.25 00:45:00,1,1,53.65139013,1.06,0.07929495,20.31203381,25.37061749,9.08981590,16.28080160,26.63359471,1336.18,1334.94,1331.81,1327.50,0.26543562,1.43935678,8.46381493,1.17392115,7.02445815,E20>E50>E100>E200,UP,-0.02839245,0.07736304,-0.10575549,62.44725738,55.78761420,-45.29729730,3.50544801,0.48907103,0,2014.02.25 00:30:00,1,1,49.74847535,1.91,0.14265234,22.15835092,12.25512887,16.12307955,3.86795067,-55.36879032,1335.61,1331.90,1327.58,1322.46,0.44641940,2.39316763,7.34556074,1.94674823,4.95239311,E20>E50>E100>E200,UP,1.35336272,1.99292109,-0.63955836,46.24389251,34.26697663,-49.40000000,2.94141834,0.49593424,0,2014.02.25 00:00:00,1,1,54.63277564,2.09,0.15664446,31.88343571,10.43343384,12.30253311,1.86909927,28.84301097,1333.25,1327.71,1322.56,1312.55,1.53572087,4.18293865,11.42205033,2.64721778,7.23911169,E20>E50>E100>E200,UP,3.46994915,3.75668257,-0.28673342,37.59808612,49.59353281,-23.68599361,8.10837469,0.68930617,0,2014.02.24 20:00:00,1,1,70.22920938,6.17,0.46210818,26.42428904,23.74253252,14.76916271,8.97336981,124.94596116,1325.59,1314.92,1298.60,1276.80,1.62445675,3.35278506,9.53043460,1.72832831,6.17764954,E20>E50>E100>E200,UP,5.37761129,3.66947884,1.70813245,90.23609375,87.67288739,-14.35167037,5.17841564,0.90474568,0,6,1,3,0,4,0,4,1
182,XAUUSD|PERIOD_M1|BUY|1393313160|1393313340|1393313580|1393313700|MARKET_EDGE_MFE_ATR_12_V1,XAUUSD,PERIOD_M1,BUY,BID_OHLC,2014.02.25 07:26:00,2014.02.25 07:29:00,2014.02.25 07:33:00,2014.02.25 07:35:00,2014.02.25 07:35:00,2014.02.25 07:36:00,2014.02.25 07:35:00,1333.28,0.58,4,PERIOD_M1,1,1,12,12,1,0.60,0.86,1.03875969,1.48148148,MARKET_EDGE_MFE_ATR_12_V1,1.0,1,6,0,60,,0,,NOT_EXECUTED_OR_UNRESOLVED,0,,0,,NOT_APPLICABLE_NON_EXECUTED,0,,,,5d926eed3daf312d7810863a3786293984c991b1,34c7e44e89019e46fb4b93a3ac7e556c392839a536990c8508c8c4378fe5fdce,V923_PASSIVE_MARKET_EDGE_V1,V924_MARKET_EDGE_SCHEMA_V2,MARKET_EDGE_FEATURE_SNAPSHOT_T0_V2,2014.02.25 07:36:00,1,,,2014,2,2,7,35,LONDON,3,4,7,3,4,7,1.33333333,1,1333.30,1333.26,1332.99,-0.04,-0.26,6.69230769,0.30,0.51679587,0.29,0.49095607,1,1,41.26792382,46.27514476,46.92170874,5.00722094,0.64656398,0.12912631,5.65378492,1.66907365,0.16164099,1,1,1333.68,1333.68,1333.06,1333.28,0.63,0.40,0.64171975,0.35828025,0.00000000,0.35828025,1,0.58,0.04353924,30,0.30,0.51507321,1,1,2014.02.25 07:35:00,1,1,44.66120520,0.58,0.04353924,14.90446558,19.50836720,27.37792799,7.86956079,-93.74045457,1333.68,1333.85,1333.94,1333.95,-0.68518299,-0.98478886,-1.15993832,-0.29960587,-0.17514946,E200>E100>E50>E20,DOWN,-0.11605860,-0.10058091,-0.01547769,28.16537468,32.91449720,-81.58914729,2.25066128,0.13919112,0,2014.02.25 07:30:00,1,1,47.87291102,0.96,0.07211326,19.51619059,12.93309199,13.51497708,0.58188509,-69.21218475,1333.94,1334.01,1334.31,1333.87,-0.28791976,-0.35398659,-0.21472202,-0.06606683,0.13926457,MIXED,RANGE,-0.07413549,0.04456033,-0.11869581,25.77850620,34.83271470,-72.58687259,2.08200941,0.26822495,0,2014.02.25 07:15:00,1,1,48.72010404,1.46,0.10983898,28.92236013,14.73805030,10.15775516,4.58029513,-12.65809889,1334.13,1334.30,1332.68,1328.98,-0.39845902,-0.51343351,3.11661179,-0.11497450,3.63004530,MIXED,RANGE,-0.19392541,-0.31698849,0.12306308,41.64736165,53.26412134,-61.89740420,1.85801491,0.46237407,1,2014.02.25 07:00:00,1,1,48.21090431,1.56,0.11700035,15.82710397,16.09751477,13.77381517,2.32369960,-18.79574727,1334.31,1332.66,1329.00,1323.84,-0.49249017,0.56293049,6.21899145,1.05542066,5.65606096,E20>E50>E100>E200,UP,-0.05301955,-0.03833731,-0.01468223,66.17038875,77.32517051,-78.53038482,4.03605266,0.32227166,0,2014.02.25 06:00:00,1,1,54.87030250,1.92,0.14364727,28.19687217,14.68687161,9.51501798,5.17185364,-51.47130710,1333.40,1328.95,1323.80,1313.77,0.67674139,2.99718565,10.91172231,2.32044426,7.91453666,E20>E50>E100>E200,UP,1.78683505,2.74113389,-0.95429883,33.20410041,20.61268715,-63.91034378,4.41689856,0.48861046,0,2014.02.25 00:00:00,1,1,58.93926149,5.43,0.40754275,23.88620866,20.57686152,17.74535333,2.83150819,86.58576325,1326.30,1315.63,1299.28,1277.36,1.23196629,3.19484252,10.24090374,1.96287623,7.04606122,E20>E50>E100>E200,UP,5.30420625,3.96294285,1.34126340,79.13654618,85.97538596,-25.80251753,5.80429160,0.79331804,0,6,4,4,1,3,1,1,1
183,XAUUSD|PERIOD_M1|SELL|1393331880|1393332780|1393333080|1393333200|MARKET_EDGE_MFE_ATR_12_V1,XAUUSD,PERIOD_M1,SELL,BID_OHLC,2014.02.25 12:38:00,2014.02.25 12:53:00,2014.02.25 12:58:00,2014.02.25 13:00:00,2014.02.25 13:00:00,2014.02.25 13:01:00,2014.02.25 13:00:00,1335.71,0.66,4,PERIOD_M1,1,1,12,12,1,0.93,0.76,1.40597806,1.15777526,MARKET_EDGE_MFE_ATR_12_V1,1.0,1,4,0,60,,0,,NOT_EXECUTED_OR_UNRESOLVED,0,,0,,NOT_APPLICABLE_NON_EXECUTED,0,,,,5d926eed3daf312d7810863a3786293984c991b1,34c7e44e89019e46fb4b93a3ac7e556c392839a536990c8508c8c4378fe5fdce,V923_PASSIVE_MARKET_EDGE_V1,V924_MARKET_EDGE_SCHEMA_V2,MARKET_EDGE_FEATURE_SNAPSHOT_T0_V2,2014.02.25 13:01:00,1,,,2014,2,2,13,0,OVERLAP,15,5,20,15,5,20,0.33333333,1,1335.26,1335.48,1336.21,0.22,0.73,3.40000000,0.95,1.43170639,-0.50,-0.75974272,1,1,83.38633621,70.81553778,63.84086173,-12.57079844,-6.97467605,0.55483159,19.54547448,-0.83805323,-1.39493521,1,1,1335.54,1336.08,1335.10,1335.71,0.98,0.17,0.16956078,0.62308478,0.37691522,0.45352400,1,0.66,0.04946815,26,0.26,0.39349224,1,1,2014.02.25 13:00:00,1,1,62.91297009,0.66,0.04946815,21.31024829,25.56293966,21.86852050,3.69441916,90.21646753,1334.92,1334.29,1334.03,1334.07,1.19987684,2.14378661,2.47876346,0.94390978,0.33497685,MIXED,RANGE,0.48944586,0.41701833,0.07242753,63.04441570,71.58019939,-19.84189723,3.86832551,0.86383076,0,2014.02.25 12:55:00,1,1,66.38457417,1.11,0.08343086,24.37375193,31.03919639,12.88722723,18.15196916,131.26858941,1334.07,1334.16,1334.32,1334.14,1.31855036,1.23989909,1.25614037,-0.07865127,0.01624128,MIXED,RANGE,0.18479050,-0.15858395,0.34337446,77.16099250,75.20346259,-15.72429907,3.07220103,0.99065202,0,2014.02.25 12:45:00,1,1,56.14405467,2.31,0.17303901,17.14234113,25.97866852,14.50850614,11.47016238,95.08890286,1334.13,1334.30,1333.28,1330.05,0.60909019,0.53588664,2.37459130,-0.07320354,1.83870466,MIXED,RANGE,-0.17143056,-0.25284415,0.08141359,62.41687251,46.02667509,-13.45192884,2.32044564,0.68566727,0,2014.02.25 12:30:00,1,1,56.34339482,2.46,0.18447636,17.66921641,16.54896549,19.90140108,3.35243558,18.45549376,1334.41,1333.34,1330.10,1324.96,0.45919325,0.89323542,4.29257490,0.43404217,3.39933948,E20>E50>E100>E200,UP,-0.03775604,0.11155464,-0.14931068,65.33507968,49.45603333,-33.75152999,1.92702091,0.77789258,1,2014.02.25 12:00:00,1,1,55.48873738,3.49,0.26122451,20.35536796,17.24646682,13.22917821,4.01728861,11.34370672,1334.01,1330.19,1325.04,1314.99,0.43751115,1.53358488,5.88817651,1.09607372,4.35459163,E20>E50>E100>E200,UP,1.26174837,1.61528469,-0.35353631,46.96042432,47.20281323,-36.75138767,2.00241254,0.54162661,0,2014.02.25 08:00:00,1,1,64.04364074,4.80,0.35991736,21.43403090,19.93735347,13.33944487,6.59790860,62.96051405,1327.72,1317.06,1300.64,1278.48,1.40559974,3.62618237,11.65798338,2.22058263,8.03180101,E20>E50>E100>E200,UP,5.20324506,4.49151771,0.71172734,46.14929528,63.12781956,-21.79568995,6.10915366,0.78994524,0,6,0,1,1,3,0,3,1
184,XAUUSD|PERIOD_M1|SELL|1393332780|1393333080|1393333800|1393333920|MARKET_EDGE_MFE_ATR_12_V1,XAUUSD,PERIOD_M1,SELL,BID_OHLC,2014.02.25 12:53:00,2014.02.25 12:58:00,2014.02.25 13:10:00,2014.02.25 13:12:00,2014.02.25 13:12:00,2014.02.25 13:13:00,2014.02.25 13:12:00,1335.57,0.45,4,PERIOD_M1,1,1,12,12,1,0.27,0.65,0.58823529,1.44506104,MARKET_EDGE_MFE_ATR_12_V1,1.0,0,,0,60,,0,,NOT_EXECUTED_OR_UNRESOLVED,0,,0,,NOT_APPLICABLE_NON_EXECUTED,0,,,,5d926eed3daf312d7810863a3786293984c991b1,34c7e44e89019e46fb4b93a3ac7e556c392839a536990c8508c8c4378fe5fdce,V923_PASSIVE_MARKET_EDGE_V1,V924_MARKET_EDGE_SCHEMA_V2,MARKET_EDGE_FEATURE_SNAPSHOT_T0_V2,2014.02.25 13:13:00,1,,,2014,2,2,13,12,OVERLAP,5,12,17,5,12,17,2.40000000,1,1335.48,1336.21,1336.47,0.73,0.26,0.35978112,0.99,2.20643729,-0.91,-2.01109878,1,1,70.81553778,63.84086173,62.86922791,-6.97467605,-0.97163382,0.13930881,7.94630987,-1.39493521,-0.08096949,1,1,1335.98,1336.02,1335.50,1335.57,0.52,0.41,0.78927203,0.13409962,0.07662835,0.13409962,1,0.45,0.03373099,18,0.18,0.40843507,1,1,2014.02.25 13:12:00,1,1,52.24717782,0.45,0.03373099,21.08368901,23.87304949,19.33137281,4.54167669,23.54228856,1335.43,1334.80,1334.37,1334.24,0.29318053,1.70001450,2.93518643,1.40683397,1.23517193,E20>E50>E100>E200,UP,0.34421836,0.35768815,-0.01346979,48.70755195,67.32868278,-53.48288076,3.32418478,0.52584229,0,2014.02.25 13:05:00,1,1,69.64291545,1.29,0.09679988,29.08192981,25.51626624,9.67973956,15.83652668,126.96243544,1334.38,1334.28,1334.38,1334.17,1.45415075,1.53200768,1.61753127,0.07785694,0.08552359,MIXED,RANGE,0.38406768,-0.01233956,0.39640724,78.99764460,77.52956743,0.00000000,3.17303941,1.03214578,0,2014.02.25 12:45:00,1,1,56.14405467,2.31,0.17303901,17.14234113,25.97866852,14.50850614,11.47016238,95.08890286,1334.13,1334.30,1333.28,1330.05,0.60909019,0.53588664,2.37459130,-0.07320354,1.83870466,MIXED,RANGE,-0.17143056,-0.25284415,0.08141359,62.41687251,46.02667509,-13.45192884,2.32044564,0.68566727,0,2014.02.25 12:30:00,1,1,56.34339482,2.46,0.18447636,17.66921641,16.54896549,19.90140108,3.35243558,18.45549376,1334.41,1333.34,1330.10,1324.96,0.45919325,0.89323542,4.29257490,0.43404217,3.39933948,E20>E50>E100>E200,UP,-0.03775604,0.11155464,-0.14931068,65.33507968,49.45603333,-33.75152999,1.92702091,0.77789258,1,2014.02.25 12:00:00,1,1,55.48873738,3.49,0.26122451,20.35536796,17.24646682,13.22917821,4.01728861,11.34370672,1334.01,1330.19,1325.04,1314.99,0.43751115,1.53358488,5.88817651,1.09607372,4.35459163,E20>E50>E100>E200,UP,1.26174837,1.61528469,-0.35353631,46.96042432,47.20281323,-36.75138767,2.00241254,0.54162661,0,2014.02.25 08:00:00,1,1,64.04364074,4.80,0.35991736,21.43403090,19.93735347,13.33944487,6.59790860,62.96051405,1327.72,1317.06,1300.64,1278.48,1.40559974,3.62618237,11.65798338,2.22058263,8.03180101,E20>E50>E100>E200,UP,5.20324506,4.49151771,0.71172734,46.14929528,63.12781956,-21.79568995,6.10915366,0.78994524,0,6,0,1,1,4,0,4,1
185,XAUUSD|PERIOD_M1|BUY|1393375620|1393375980|1393376460|1393376580|MARKET_EDGE_MFE_ATR_12_V1,XAUUSD,PERIOD_M1,BUY,BID_OHLC,2014.02.26 00:47:00,2014.02.26 00:53:00,2014.02.26 01:01:00,2014.02.26 01:03:00,2014.02.26 01:03:00,2014.02.26 01:04:01,2014.02.26 01:03:00,1340.29,0.63,4,PERIOD_M1,1,1,12,12,1,0.85,0.02,1.34978114,0.03342618,MARKET_EDGE_MFE_ATR_12_V1,1.0,1,1,0,60,,0,,EXECUTED,1,55,1,55,MATCHED_FINALIZED,1,0,0,3.20,5d926eed3daf312d7810863a3786293984c991b1,34c7e44e89019e46fb4b93a3ac7e556c392839a536990c8508c8c4378fe5fdce,V923_PASSIVE_MARKET_EDGE_V1,V924_MARKET_EDGE_SCHEMA_V2,MARKET_EDGE_FEATURE_SNAPSHOT_T0_V2,2014.02.26 01:04:01,1,,,2014,2,3,1,3,ASIA,6,8,14,6,8,14,1.33333333,1,1339.77,1339.77,1339.34,-0.01,-0.42,70.50000000,0.43,0.68284918,0.95,1.51372861,1,1,32.26483056,40.90677972,48.98743976,8.64194915,8.08066005,0.93505064,16.72260920,1.44032486,1.01008251,1,1,1340.03,1340.44,1340.01,1340.29,0.43,0.26,0.60930233,0.65116279,0.34883721,0.04186047,1,0.63,0.04687404,31,0.31,0.49820931,1,1,2014.02.26 01:03:00,1,1,56.75150302,0.63,0.04687404,17.98967952,21.51748955,14.47964863,7.03784091,159.10040802,1339.99,1340.17,1340.37,1340.65,0.48852011,0.20128445,-0.57055556,-0.28723566,-0.77184001,E200>E100>E50>E20,DOWN,-0.06383884,-0.10025148,0.03641264,68.54521625,49.21345906,-13.62397820,1.23318566,0.96647373,1,2014.02.26 00:55:00,1,1,25.27000156,0.41,0.03068213,29.17506638,10.23934971,26.75537125,16.51602154,-121.06698772,1340.35,1340.71,1340.36,1338.93,-1.96420802,-2.85026293,1.48189699,-0.88605491,4.33215991,MIXED,RANGE,-0.28016900,-0.19428834,-0.08588066,16.24288425,36.34783443,-96.13855764,4.44871641,-0.02362079,0,2014.02.26 00:45:00,1,1,24.46786371,0.71,0.05281656,21.53615129,12.67925399,32.96625829,20.28700430,-184.46210551,1340.67,1339.60,1337.53,1333.74,-1.59956509,-0.08752099,8.20176961,1.51204410,8.28929060,E20>E50>E100>E200,UP,-0.01320608,0.22416582,-0.23737190,26.74814666,41.30629164,-97.17138103,6.02843750,0.13559052,0,2014.02.26 00:30:00,1,1,31.70815911,1.08,0.08073655,22.35673544,17.35230964,19.85554618,2.50323654,-113.50671817,1339.99,1337.53,1333.77,1328.00,-0.40995885,1.86059059,10.67565632,2.27054944,8.81506573,E20>E50>E100>E200,UP,1.04031170,1.60581320,-0.56550150,35.87726200,37.37303380,-98.34388699,7.50567514,0.36469785,0,2014.02.26 00:00:00,1,1,45.65370073,2.16,0.16102519,26.03477862,14.79352654,14.78027966,0.01324688,26.13207588,1338.42,1333.86,1328.09,1317.65,0.51910963,2.63207658,10.15119524,2.11296695,7.51911866,E20>E50>E100>E200,UP,2.23720940,2.33362549,-0.09641609,19.98029880,33.14290699,-32.63557747,6.27095402,0.63191564,0,2014.02.25 20:00:00,1,1,70.20268441,5.76,0.42924872,28.87408742,24.49026255,8.68348456,15.80677799,110.54429529,1331.25,1319.80,1303.01,1280.34,1.70433799,3.69396252,10.54940357,1.98962453,6.85544105,E20>E50>E100>E200,UP,6.11182936,5.37767399,0.73415537,88.47963986,76.89127402,-10.10969583,5.44081709,0.86410686,0,6,5,3,1,4,1,1,1
186,XAUUSD|PERIOD_M1|SELL|1393395240|1393395480|1393396500|1393396620|MARKET_EDGE_MFE_ATR_12_V1,XAUUSD,PERIOD_M1,SELL,BID_OHLC,2014.02.26 06:14:00,2014.02.26 06:18:00,2014.02.26 06:35:00,2014.02.26 06:37:00,2014.02.26 06:37:00,2014.02.26 06:38:00,2014.02.26 06:37:00,1344.35,0.43,4,PERIOD_M1,1,1,12,12,1,0.85,0.53,1.98945518,1.23491506,MARKET_EDGE_MFE_ATR_12_V1,1.0,1,2,0,60,,0,,NOT_EXECUTED_OR_UNRESOLVED,0,,0,,NOT_APPLICABLE_NON_EXECUTED,0,,,,5d926eed3daf312d7810863a3786293984c991b1,34c7e44e89019e46fb4b93a3ac7e556c392839a536990c8508c8c4378fe5fdce,V923_PASSIVE_MARKET_EDGE_V1,V924_MARKET_EDGE_SCHEMA_V2,MARKET_EDGE_FEATURE_SNAPSHOT_T0_V2,2014.02.26 06:38:00,1,,,2014,2,3,6,37,ASIA,4,17,21,4,17,21,4.25000000,1,1344.23,1344.36,1344.93,0.13,0.57,4.38461538,0.70,1.64030463,-0.59,-1.37551260,1,1,74.45210268,68.07426114,66.56216464,-6.37784153,-1.51209650,0.23708593,7.88993804,-1.59446038,-0.08894685,1,1,1344.33,1344.45,1344.14,1344.35,0.31,0.02,0.05863192,0.66449511,0.33550489,0.60586319,1,0.43,0.03174406,30,0.30,0.70298770,1,1,2014.02.26 06:37:00,1,1,58.47954042,0.43,0.03174406,27.56735153,22.39558668,23.97185674,1.57627006,74.41664155,1343.96,1343.39,1342.56,1341.66,0.91250321,2.23836020,6.29502695,1.32585700,4.05666674,E20>E50>E100>E200,UP,0.25424408,0.16392219,0.09032189,53.54284020,69.25070804,-26.79141944,4.39309066,0.77753012,0,2014.02.26 06:30:00,1,1,74.28840409,0.99,0.07369378,51.52811622,34.16857564,11.48710352,22.68147212,94.54495791,1342.59,1341.44,1340.83,1339.81,2.18578000,3.34871627,4.98574099,1.16293627,1.63702472,E20>E50>E100>E200,UP,1.02302805,0.83726350,0.18576455,70.60860058,67.25494174,-0.55749129,6.77694249,0.89746425,0,2014.02.26 06:15:00,1,1,75.83047677,1.58,0.11743675,27.15625732,32.90218423,16.62438916,16.27779508,161.74498353,1341.26,1340.32,1338.64,1335.09,1.54934574,2.14544729,5.45941258,0.59610156,3.31396529,E20>E50>E100>E200,UP,0.76286827,0.25990295,0.50296532,89.77384464,92.00141902,-13.91578947,4.13309298,0.97936830,0,2014.02.26 06:00:00,1,1,72.75009888,1.84,0.13721420,24.68036498,32.06958844,13.97751919,18.09206925,215.81776884,1340.69,1338.68,1335.13,1329.31,1.63606589,2.72459326,7.80528498,1.08852737,5.08069172,E20>E50>E100>E200,UP,0.89660730,0.57141311,0.32519419,81.71275647,69.26973008,-9.76366322,2.92832976,1.06462105,0,2014.02.26 05:00:00,1,1,65.20886774,2.53,0.18869954,23.67583939,24.73557046,12.42601596,12.30955450,94.02542096,1339.35,1335.10,1329.28,1318.77,1.54736880,3.22497815,9.66834898,1.67760935,6.44337083,E20>E50>E100>E200,UP,1.87139305,2.12089643,-0.24950338,77.34279919,62.91661347,-8.31894522,4.64298056,0.83890046,0,2014.02.26 00:00:00,1,1,69.42238052,5.19,0.38742549,27.95138761,21.22489421,13.58318467,7.64170954,91.02184166,1332.17,1320.63,1303.76,1280.94,1.68064908,3.90292879,11.54263494,2.22227971,7.63970615,E20>E50>E100>E200,UP,6.13032729,5.55741253,0.57291475,84.56046769,84.39567234,-10.75661992,6.08903647,0.82339795,0,6,0,1,0,6,0,6,1
187,XAUUSD|PERIOD_M1|BUY|1393407660|1393408500|1393408740|1393408860|MARKET_EDGE_MFE_ATR_12_V1,XAUUSD,PERIOD_M1,BUY,BID_OHLC,2014.02.26 09:41:00,2014.02.26 09:55:00,2014.02.26 09:59:00,2014.02.26 10:01:00,2014.02.26 10:01:00,2014.02.26 10:02:00,2014.02.26 10:01:00,1340.75,0.35,4,PERIOD_M1,1,1,12,12,1,0.10,0.47,0.29331416,1.35154565,MARKET_EDGE_MFE_ATR_12_V1,1.0,0,,0,60,,0,,NOT_EXECUTED_OR_UNRESOLVED,0,,0,,NOT_APPLICABLE_NON_EXECUTED,0,,,,5d926eed3daf312d7810863a3786293984c991b1,34c7e44e89019e46fb4b93a3ac7e556c392839a536990c8508c8c4378fe5fdce,V923_PASSIVE_MARKET_EDGE_V1,V924_MARKET_EDGE_SCHEMA_V2,MARKET_EDGE_FEATURE_SNAPSHOT_T0_V2,2014.02.26 10:02:00,1,,,2014,2,3,10,1,LONDON,14,4,18,14,4,18,0.28571429,1,1340.92,1340.48,1340.35,-0.43,-0.13,0.30324074,0.56,1.61897915,0.40,1.14450036,1,1,22.20289176,24.85556084,36.60514914,2.65266909,11.74958830,4.42934566,14.40225739,0.18947636,2.93739707,1,1,1340.42,1340.75,1340.42,1340.75,0.34,0.34,1.00000000,1.00000000,0.00000000,0.00000000,1,0.35,0.02593694,28,0.28,0.80230050,1,1,2014.02.26 10:01:00,1,1,41.95024719,0.35,0.02593694,43.61301095,10.66541256,23.53753779,12.87212522,-56.22782863,1340.97,1341.34,1341.62,1341.85,-0.62935184,-1.68626081,-3.16225358,-1.05690897,-1.47599277,E200>E100>E50>E20,DOWN,-0.27241690,-0.25334718,-0.01906972,60.20979021,47.50559142,-65.89545844,4.33281020,0.30421239,0,2014.02.26 09:55:00,1,1,35.45586732,0.61,0.04540393,23.82908951,15.87009522,24.43728885,8.56719362,-162.40714448,1341.64,1341.86,1341.56,1340.63,-1.46952149,-1.83837753,0.18513518,-0.36885604,2.02351271,MIXED,RANGE,-0.30577605,-0.19489638,-0.11087967,21.92099148,24.08743377,-85.14700267,3.24325019,0.07132262,0,2014.02.26 09:45:00,1,1,40.31575705,1.37,0.10201433,18.20114648,14.83906391,18.85906367,4.01999976,-105.34457020,1341.81,1341.11,1339.51,1336.02,-0.77725724,-0.26532463,3.45078124,0.51193261,3.71610586,E20>E50>E100>E200,UP,0.12234097,0.39504193,-0.27270096,38.79565647,53.49105607,-92.27868202,3.60951956,0.18606948,0,2014.02.26 09:30:00,1,1,43.94580213,1.82,0.13606262,19.61450167,18.60738605,18.31221530,0.29517075,-41.58985124,1341.38,1339.53,1336.05,1330.18,-0.35114065,0.66706442,5.78947456,1.01820506,5.12241014,E20>E50>E100>E200,UP,0.68926712,0.88654321,-0.19727609,28.66481451,28.14435212,-80.44644402,3.42513560,0.44608937,0,2014.02.26 09:00:00,1,1,47.59358378,2.59,0.19293407,21.85916788,19.02550580,17.53469957,1.49080623,7.92667859,1340.23,1336.13,1330.27,1319.68,0.19733780,1.78317742,8.14218495,1.58583962,6.35900753,E20>E50>E100>E200,UP,1.70580809,1.86534386,-0.15953578,37.93684945,54.92097104,-59.61020644,2.82000753,0.49180907,0,2014.02.26 04:00:00,1,1,73.48628644,4.45,0.33181185,29.35352975,26.49088801,11.77209338,14.71879463,113.98930817,1333.16,1321.49,1304.53,1281.55,2.10838048,4.72885865,13.69345395,2.62047817,8.96459530,E20>E50>E100>E200,UP,6.20658261,5.67754360,0.52903901,78.97822446,84.00611067,-10.63335705,6.85531055,0.84681902,0,6,5,3,0,4,1,1,1
188,XAUUSD|PERIOD_M1|BUY|1393409340|1393410720|1393411080|1393411200|MARKET_EDGE_MFE_ATR_12_V1,XAUUSD,PERIOD_M1,BUY,BID_OHLC,2014.02.26 10:09:00,2014.02.26 10:32:00,2014.02.26 10:38:00,2014.02.26 10:40:00,2014.02.26 10:40:00,2014.02.26 10:41:03,2014.02.26 10:40:00,1340.02,0.41,4,PERIOD_M1,1,1,12,12,1,0.50,0.31,1.23815385,0.76307692,MARKET_EDGE_MFE_ATR_12_V1,1.0,1,4,0,60,,0,,NOT_EXECUTED_OR_UNRESOLVED,0,,0,,NOT_APPLICABLE_NON_EXECUTED,0,,,,5d926eed3daf312d7810863a3786293984c991b1,34c7e44e89019e46fb4b93a3ac7e556c392839a536990c8508c8c4378fe5fdce,V923_PASSIVE_MARKET_EDGE_V1,V924_MARKET_EDGE_SCHEMA_V2,MARKET_EDGE_FEATURE_SNAPSHOT_T0_V2,2014.02.26 10:41:03,1,,,2014,2,3,10,40,LONDON,23,6,29,23,6,29,0.26086957,1,1340.28,1339.93,1339.91,-0.35,-0.02,0.04545455,0.37,0.90584615,0.11,0.26092308,1,1,21.13965065,26.03043207,43.89929670,4.89078143,17.86886462,3.65358070,22.75964605,0.21264267,2.97814410,1,1,1340.47,1340.47,1340.02,1340.02,0.45,0.45,1.00000000,0.00000000,0.00000000,0.00000000,1,0.41,0.03031671,29,0.29,0.70892308,1,1,2014.02.26 10:40:00,1,1,38.23961772,0.41,0.03031671,19.34769608,22.58359205,27.58169229,4.99810024,-75.90899783,1340.45,1340.71,1341.05,1341.44,-1.05640853,-1.69049324,-3.50350563,-0.63408472,-1.81301239,E200>E100>E50>E20,DOWN,-0.14551429,-0.14332866,-0.00218562,42.24173986,52.23482636,-89.08341916,3.38802745,0.12426969,0,2014.02.26 10:35:00,1,1,39.55653845,0.67,0.05024458,20.36039973,13.98431947,21.00342587,7.01910639,-91.86892212,1341.06,1341.51,1341.42,1340.63,-0.90876565,-1.58990956,-0.27405045,-0.68114391,1.31585911,MIXED,RANGE,-0.41491530,-0.38253324,-0.03238206,38.51044505,51.75093659,-78.99960302,3.97786292,0.21178654,0,2014.02.26 10:15:00,1,1,42.16531503,1.06,0.07919170,15.72243894,15.90298743,15.61979772,0.28318971,-98.95434997,1341.59,1341.07,1339.56,1336.11,-0.80717249,-0.31485400,4.35119332,0.49231848,4.66604732,E20>E50>E100>E200,UP,-0.06407252,0.23502051,-0.29909303,14.12679266,23.63675133,-89.61158354,4.54372433,0.17437758,0,2014.02.26 10:00:00,1,1,43.86455564,1.55,0.11579478,17.34519947,16.12640124,16.98556917,0.85916792,-72.70462179,1341.32,1339.57,1336.14,1330.29,-0.37855374,0.74751944,6.72943605,1.12607318,5.98191661,E20>E50>E100>E200,UP,0.55763816,0.86916431,-0.31152615,24.07335154,26.66367641,-80.60218031,4.00809691,0.44143899,0,2014.02.26 09:00:00,1,1,47.59358378,2.59,0.19293407,21.85916788,19.02550580,17.53469957,1.49080623,7.92667859,1340.23,1336.13,1330.27,1319.68,0.19733780,1.78317742,8.14218495,1.58583962,6.35900753,E20>E50>E100>E200,UP,1.70580809,1.86534386,-0.15953578,37.93684945,54.92097104,-59.61020644,2.82000753,0.49180907,0,2014.02.26 04:00:00,1,1,73.48628644,4.45,0.33181185,29.35352975,26.49088801,11.77209338,14.71879463,113.98930817,1333.16,1321.49,1304.53,1281.55,2.10838048,4.72885865,13.69345395,2.62047817,8.96459530,E20>E50>E100>E200,UP,6.20658261,5.67754360,0.52903901,78.97822446,84.00611067,-10.63335705,6.85531055,0.84681902,0,6,4,3,0,4,1,1,1
189,XAUUSD|PERIOD_M1|BUY|1393418280|1393418760|1393419060|1393419180|MARKET_EDGE_MFE_ATR_12_V1,XAUUSD,PERIOD_M1,BUY,BID_OHLC,2014.02.26 12:38:00,2014.02.26 12:46:00,2014.02.26 12:51:00,2014.02.26 12:53:00,2014.02.26 12:53:00,2014.02.26 12:54:01,2014.02.26 12:53:00,1333.80,0.92,4,PERIOD_M1,1,1,12,12,1,0.79,4.02,0.86172236,4.36403151,MARKET_EDGE_MFE_ATR_12_V1,1.0,0,,0,60,,0,,NOT_EXECUTED_OR_UNRESOLVED,0,,0,,NOT_APPLICABLE_NON_EXECUTED,0,,,,5d926eed3daf312d7810863a3786293984c991b1,34c7e44e89019e46fb4b93a3ac7e556c392839a536990c8508c8c4378fe5fdce,V923_PASSIVE_MARKET_EDGE_V1,V924_MARKET_EDGE_SCHEMA_V2,MARKET_EDGE_FEATURE_SNAPSHOT_T0_V2,2014.02.26 12:54:01,1,,,2014,2,3,12,53,OVERLAP,8,5,13,8,5,13,0.62500000,1,1335.00,1334.13,1332.57,-0.87,-1.55,1.77663230,2.42,2.63406683,1.22,1.33116001,1,1,13.71872331,22.59492361,29.16666505,8.87620030,6.57174144,0.74037778,15.44794174,1.10952504,1.31434829,1,1,1333.96,1334.40,1333.80,1333.80,0.60,0.16,0.26578073,0.00000000,0.73421927,0.00000000,1,0.92,0.06899465,26,0.26,0.28253192,1,1,2014.02.26 12:53:00,1,1,31.74396304,0.92,0.06899465,31.43215393,20.82191738,25.38124279,4.55932541,-61.71320056,1334.81,1336.08,1337.31,1338.66,-1.10254373,-2.48185061,-5.27976663,-1.37930688,-2.79791601,E200>E100>E50>E20,DOWN,-0.76556212,-0.70837242,-0.05718971,65.14373717,47.75207539,-62.65243902,3.35472273,0.15978700,0,2014.02.26 12:45:00,1,1,12.28293146,0.92,0.06909032,61.38703066,5.81249776,46.72024382,40.90774606,-142.62834489,1337.50,1339.18,1340.09,1340.09,-3.27355707,-5.09099030,-6.07376636,-1.81743323,-0.98277606,MIXED,RANGE,-1.32512766,-0.95115346,-0.37397420,14.81566820,11.84656356,-93.20498301,6.87168187,-0.03856007,0,2014.02.26 12:30:00,1,1,12.95100317,1.56,0.11715319,43.41794221,4.38679717,34.46506438,30.07826720,-185.43399670,1339.47,1340.21,1339.35,1336.31,-2.58127803,-3.05654675,-0.55959439,-0.47526872,2.49695236,MIXED,RANGE,-1.22812003,-0.62771429,-0.60040575,12.76425653,14.89551752,-94.17619368,4.85876798,-0.11163244,0,2014.02.26 12:00:00,1,1,21.27986159,1.94,0.14520040,24.92413537,9.09799794,28.18067173,19.08267379,-173.12129555,1340.32,1339.39,1336.31,1330.60,-1.91528558,-1.43773401,3.09026019,0.47755157,4.52799420,E20>E50>E100>E200,UP,-0.36666854,0.43275554,-0.79942408,8.41513676,11.32450256,-96.67876388,3.62529691,-0.12481923,0,2014.02.26 11:00:00,1,1,36.51213215,2.19,0.16386396,21.55391234,14.29026880,22.11620950,7.82594070,-107.17685733,1340.00,1336.35,1330.61,1320.06,-0.56551986,1.10027875,8.52405420,1.66579862,7.42377545,E20>E50>E100>E200,UP,1.15142830,1.72017782,-0.56874952,10.91742630,24.08098610,-84.99807668,2.60479598,0.10684400,0,2014.02.26 08:00:00,1,1,54.69331743,4.57,0.34111714,28.79236919,22.95876961,13.73275081,9.22601880,64.78242981,1333.69,1322.16,1305.21,1282.12,1.10992606,3.63461925,12.40305495,2.52469320,8.76843569,E20>E50>E100>E200,UP,5.89326035,5.73483794,0.15842241,63.89070583,75.80979932,-26.13855921,6.41986935,0.70157454,0,6,3,1,0,3,1,1,1
190,XAUUSD|PERIOD_M1|SELL|1393450800|1393450980|1393451700|1393451820|MARKET_EDGE_MFE_ATR_12_V1,XAUUSD,PERIOD_M1,SELL,BID_OHLC,2014.02.26 21:40:00,2014.02.26 21:43:00,2014.02.26 21:55:00,2014.02.26 21:57:00,2014.02.26 21:57:00,2014.02.26 21:58:02,2014.02.26 21:57:00,1330.45,0.31,4,PERIOD_M1,1,1,12,12,1,1.24,0.29,4.03908795,0.94136808,MARKET_EDGE_MFE_ATR_12_V1,1.0,1,3,0,3660,,0,,EXECUTED,1,56,1,56,MATCHED_FINALIZED,1,0,0,2.19,5d926eed3daf312d7810863a3786293984c991b1,34c7e44e89019e46fb4b93a3ac7e556c392839a536990c8508c8c4378fe5fdce,V923_PASSIVE_MARKET_EDGE_V1,V924_MARKET_EDGE_SCHEMA_V2,MARKET_EDGE_FEATURE_SNAPSHOT_T0_V2,2014.02.26 21:58:02,1,,,2014,2,3,21,57,NEWYORK,3,12,15,3,12,15,4.00000000,1,1330.91,1330.98,1331.03,0.07,0.05,0.74242424,0.12,0.37459283,-0.57,-1.86319218,1,1,88.17258322,80.71104887,52.33603221,-7.46153435,-28.37501667,3.80283938,35.83655102,-2.48717812,-2.36458472,1,1,1330.74,1330.74,1330.42,1330.45,0.32,0.29,0.90189873,0.09810127,0.00000000,0.09810127,1,0.31,0.02307485,45,0.45,1.44951140,1,1,2014.02.26 21:57:00,1,1,45.15772921,0.31,0.02307485,13.72370969,18.99710694,22.82881485,3.83170790,-110.94486006,1330.57,1330.09,1329.58,1329.17,-0.38113330,1.19030328,4.18492676,1.57143659,2.99462348,E20>E50>E100>E200,UP,0.18391484,0.24745084,-0.06353600,32.46187364,56.66631679,-91.66666667,1.70468372,0.02459014,1,2014.02.26 21:50:00,1,1,85.60627274,0.43,0.03249620,47.24086055,40.56837122,10.40954757,30.15882365,109.82282602,1329.59,1329.19,1330.29,1332.85,3.08866119,4.01715098,-4.46029066,0.92848979,-8.47744164,MIXED,RANGE,0.55623546,0.31202032,0.24421515,85.18359459,88.76144457,-1.73824131,7.62323161,0.98992316,0,2014.02.26 21:30:00,1,1,81.17388238,0.91,0.06859038,21.24332641,31.53367438,10.44209193,21.09158245,294.15545242,1329.25,1331.74,1334.18,1334.21,1.61631500,-1.11207227,-3.82080955,-2.72838727,-2.70873728,E200>E100>E50>E20,DOWN,-0.51938314,-1.04982309,0.53043995,92.12068966,81.94236965,-6.88136526,4.92155281,1.00362329,0,2014.02.26 21:00:00,1,1,59.11137085,1.14,0.08610881,21.08369387,16.84764803,11.60922938,5.23841865,44.69016752,1330.83,1334.15,1334.19,1330.40,-0.97197905,-3.87843446,-0.59890334,-2.90645541,3.27953112,MIXED,RANGE,-2.46130384,-3.12473628,0.66343244,71.38359830,68.01059030,-44.06205287,12.50296790,0.46244036,0,2014.02.26 20:00:00,1,1,32.19917074,2.42,0.18238068,29.25042705,12.31781035,17.34972183,5.03191148,-61.63187077,1333.56,1334.22,1330.40,1320.87,-1.96007462,-2.23152144,3.27903698,-0.27144682,5.51055842,MIXED,RANGE,-2.71814593,-1.58665324,-1.13149269,62.13659802,52.23667505,-70.78485771,10.06881043,0.21716592,0,2014.02.26 16:00:00,1,1,40.91016450,8.52,0.64111969,24.42710132,17.24458695,21.61791945,4.37333250,-165.52633043,1332.46,1322.52,1306.06,1283.01,-0.40138656,0.76499238,5.40280283,1.16637894,4.63781045,E20>E50>E100>E200,UP,3.62042799,5.45826256,-1.83783457,18.84546313,38.13062225,-70.75777903,3.17902219,0.34160311,0,6,3,3,1,2,1,2,1
191,XAUUSD|PERIOD_M1|BUY|1393524900|1393525680|1393526520|1393526640|MARKET_EDGE_MFE_ATR_12_V1,XAUUSD,PERIOD_M1,BUY,BID_OHLC,2014.02.27 18:15:00,2014.02.27 18:28:00,2014.02.27 18:42:00,2014.02.27 18:44:00,2014.02.27 18:44:00,2014.02.27 18:45:00,2014.02.27 18:44:00,1330.65,0.40,4,PERIOD_M1,1,1,12,12,1,0.35,0.66,0.87150838,1.64866543,MARKET_EDGE_MFE_ATR_12_V1,1.0,0,,0,60,,0,,EXECUTED,1,57,1,57,MATCHED_FINALIZED,1,0,0,4.55,5d926eed3daf312d7810863a3786293984c991b1,34c7e44e89019e46fb4b93a3ac7e556c392839a536990c8508c8c4378fe5fdce,V923_PASSIVE_MARKET_EDGE_V1,V924_MARKET_EDGE_SCHEMA_V2,MARKET_EDGE_FEATURE_SNAPSHOT_T0_V2,2014.02.27 18:45:00,1,,,2014,2,4,18,44,NEWYORK,13,12,25,13,14,27,0.92307692,1,1332.36,1331.03,1330.35,-1.33,-0.68,0.50865312,2.00,4.97827436,0.30,0.73494724,1,1,13.65447539,18.79551559,21.13695044,5.14104020,2.34143485,0.45543990,7.48247506,0.39546463,0.19511957,1,1,1330.74,1331.09,1330.65,1330.65,0.44,0.09,0.20091324,0.00000000,0.79908676,0.00000000,1,0.40,0.03026719,30,0.30,0.73743017,1,1,2014.02.27 18:44:00,1,1,21.11079804,0.40,0.03026719,49.27167943,15.95794702,26.31983505,10.36188803,-47.00650827,1331.30,1332.10,1332.59,1332.73,-1.61932100,-3.60615736,-5.17026736,-1.98683636,-1.56411001,E200>E100>E50>E20,DOWN,-0.53852533,-0.52497187,-0.01355346,55.14861996,44.78757509,-80.02699055,6.59192236,0.22537538,0,2014.02.27 18:40:00,1,1,22.76831047,0.94,0.07067980,36.61994735,7.96727892,37.04636163,29.07908271,-147.99711828,1332.46,1332.60,1331.97,1331.33,-1.92863223,-2.07154510,-0.72501461,-0.14291287,1.34653049,MIXED,RANGE,-0.50042643,-0.09124687,-0.40917956,14.80484522,16.49372965,-92.40441365,4.23543973,-0.05658049,0,2014.02.27 18:30:00,1,1,26.78385602,1.47,0.11073544,21.34839252,12.50653382,27.26014286,14.75360904,-219.92928988,1332.40,1331.48,1331.53,1332.19,-1.18618494,-0.56352520,-1.04775846,0.62265974,-0.48423325,MIXED,RANGE,0.28538904,0.68933141,-0.40394237,8.29777678,36.93189267,-94.87623334,2.60975251,-0.03006520,0,2014.02.27 18:00:00,1,1,39.06858913,1.87,0.14054110,17.12261061,19.00098721,20.97163998,1.97065276,-24.28185878,1331.84,1331.59,1332.22,1330.37,-0.20349087,-0.07111648,0.58411193,0.13237438,0.65522842,MIXED,RANGE,0.90611647,0.92920964,-0.02309317,39.40879035,48.18963328,-70.55001511,4.66069295,0.46772852,0,2014.02.27 17:00:00,1,1,62.59774556,2.98,0.22348672,25.48883210,21.36340239,9.08597338,12.27742900,91.66416059,1331.49,1332.25,1330.38,1322.49,0.79614675,0.53969096,3.81511534,-0.25645578,3.27542438,MIXED,RANGE,0.04216545,-0.90676630,0.94893175,58.46495433,59.49709925,-18.41784990,3.44207813,0.86938027,0,2014.02.27 12:00:00,1,1,54.82776018,6.31,0.47331356,17.77802721,21.36520185,14.86457064,6.50063121,-20.29680417,1331.76,1323.98,1308.38,1285.32,0.18773673,1.42112293,7.54822891,1.23338620,6.12710598,E20>E50>E100>E200,UP,1.67282924,3.41590826,-1.74307902,64.23209219,46.87040979,-53.87544900,3.26153566,0.40960794,0,6,3,2,0,1,1,1,1
192,XAUUSD|PERIOD_M1|BUY|1393525680|1393526520|1393527300|1393527420|MARKET_EDGE_MFE_ATR_12_V1,XAUUSD,PERIOD_M1,BUY,BID_OHLC,2014.02.27 18:28:00,2014.02.27 18:42:00,2014.02.27 18:55:00,2014.02.27 18:57:00,2014.02.27 18:57:00,2014.02.27 18:58:08,2014.02.27 18:57:00,1330.38,0.40,4,PERIOD_M1,1,1,12,12,1,0.00,2.78,0.00000000,6.96927900,MARKET_EDGE_MFE_ATR_12_V1,1.0,0,,0,60,,0,,NOT_EXECUTED_OR_UNRESOLVED,0,,0,,NOT_APPLICABLE_NON_EXECUTED,0,,,,5d926eed3daf312d7810863a3786293984c991b1,34c7e44e89019e46fb4b93a3ac7e556c392839a536990c8508c8c4378fe5fdce,V923_PASSIVE_MARKET_EDGE_V1,V924_MARKET_EDGE_SCHEMA_V2,MARKET_EDGE_FEATURE_SNAPSHOT_T0_V2,2014.02.27 18:58:08,1,,,2014,2,4,18,57,NEWYORK,12,13,25,14,13,27,1.08333333,1,1331.03,1330.35,1329.98,-0.68,-0.37,0.54437870,1.04,2.61818182,0.39,0.98808777,1,1,18.79551559,21.13695044,38.19470074,2.34143485,17.05775029,7.28516972,19.39918514,0.19511957,1.31213464,1,1,1330.49,1330.49,1330.34,1330.38,0.15,0.11,0.75167785,0.24832215,0.00000000,0.24832215,1,0.40,0.02997266,28,0.28,0.69717868,1,1,2014.02.27 18:57:00,1,1,34.47153594,0.40,0.02997266,42.43493868,10.79392772,30.94996627,20.15603855,-108.81741280,1330.77,1331.50,1332.14,1332.48,-0.99293309,-2.80869987,-5.25841943,-1.81576678,-2.44971956,E200>E100>E50>E20,DOWN,-0.34204556,-0.36557863,0.02353307,50.80872011,39.78133125,-64.24682396,1.91838325,0.14847620,1,2014.02.27 18:50:00,1,1,20.85050598,0.81,0.06071314,44.43578085,5.98431172,35.27086777,29.28655605,-118.91466490,1332.09,1332.43,1331.91,1331.31,-2.55215119,-2.97587372,-1.59439670,-0.42372253,1.38147702,MIXED,RANGE,-0.67408114,-0.27513126,-0.39894988,11.38505025,12.62497359,-100.00000000,6.09482384,-0.01979345,0,2014.02.27 18:30:00,1,1,26.78385602,1.47,0.11073544,21.34839252,12.50653382,27.26014286,14.75360904,-219.92928988,1332.40,1331.48,1331.53,1332.19,-1.18618494,-0.56352520,-1.04775846,0.62265974,-0.48423325,MIXED,RANGE,0.28538904,0.68933141,-0.40394237,8.29777678,36.93189267,-94.87623334,2.60975251,-0.03006520,0,2014.02.27 18:00:00,1,1,39.06858913,1.87,0.14054110,17.12261061,19.00098721,20.97163998,1.97065276,-24.28185878,1331.84,1331.59,1332.22,1330.37,-0.20349087,-0.07111648,0.58411193,0.13237438,0.65522842,MIXED,RANGE,0.90611647,0.92920964,-0.02309317,39.40879035,48.18963328,-70.55001511,4.66069295,0.46772852,0,2014.02.27 17:00:00,1,1,62.59774556,2.98,0.22348672,25.48883210,21.36340239,9.08597338,12.27742900,91.66416059,1331.49,1332.25,1330.38,1322.49,0.79614675,0.53969096,3.81511534,-0.25645578,3.27542438,MIXED,RANGE,0.04216545,-0.90676630,0.94893175,58.46495433,59.49709925,-18.41784990,3.44207813,0.86938027,0,2014.02.27 12:00:00,1,1,54.82776018,6.31,0.47331356,17.77802721,21.36520185,14.86457064,6.50063121,-20.29680417,1331.76,1323.98,1308.38,1285.32,0.18773673,1.42112293,7.54822891,1.23338620,6.12710598,E20>E50>E100>E200,UP,1.67282924,3.41590826,-1.74307902,64.23209219,46.87040979,-53.87544900,3.26153566,0.40960794,0,6,3,2,1,1,1,1,1
193,XAUUSD|PERIOD_M1|SELL|1393533360|1393533720|1393533960|1393534080|MARKET_EDGE_MFE_ATR_12_V1,XAUUSD,PERIOD_M1,SELL,BID_OHLC,2014.02.27 20:36:00,2014.02.27 20:42:00,2014.02.27 20:46:00,2014.02.27 20:48:00,2014.02.27 20:48:00,2014.02.27 20:49:00,2014.02.27 20:48:00,1331.42,0.24,4,PERIOD_M1,1,1,12,12,1,1.35,0.00,5.67334036,0.00000000,MARKET_EDGE_MFE_ATR_12_V1,1.0,1,1,0,60,,0,,EXECUTED,1,58,1,58,MATCHED_FINALIZED,1,0,0,2.04,5d926eed3daf312d7810863a3786293984c991b1,34c7e44e89019e46fb4b93a3ac7e556c392839a536990c8508c8c4378fe5fdce,V923_PASSIVE_MARKET_EDGE_V1,V924_MARKET_EDGE_SCHEMA_V2,MARKET_EDGE_FEATURE_SNAPSHOT_T0_V2,2014.02.27 20:49:00,1,,,2014,2,4,20,48,NEWYORK,6,4,10,6,4,10,0.66666667,1,1331.04,1331.42,1331.48,0.38,0.06,0.14882507,0.44,1.85458377,-0.06,-0.24025290,1,1,80.80337722,76.14637061,65.02392900,-4.65700661,-11.12244161,2.38832420,15.77944822,-0.77616777,-2.78061040,1,1,1331.37,1331.42,1331.36,1331.42,0.06,0.05,0.80000000,1.00000000,0.00000000,0.20000000,1,0.24,0.01781932,26,0.26,1.09589041,1,1,2014.02.27 20:48:00,1,1,69.66367211,0.24,0.01781932,37.94921023,22.93987351,11.87906918,11.06080433,100.54701446,1330.76,1330.18,1330.02,1330.50,2.77154370,5.22653659,3.89751563,2.45499289,-1.32902096,MIXED,RANGE,0.43411723,0.38948605,0.04463118,77.91741472,78.80460848,-4.98251748,9.86876541,0.82451161,0,2014.02.27 20:40:00,1,1,71.81569751,0.74,0.05559897,33.92214191,38.34783356,10.85044612,27.49738743,177.92337882,1329.91,1330.65,1330.98,1330.91,1.42044344,0.42495273,0.07394408,-0.99549071,-0.35100865,MIXED,RANGE,-0.12313990,-0.47944112,0.35630123,80.93377211,75.69228614,-13.35656214,5.09293884,0.96471337,0,2014.02.27 20:30:00,1,1,55.74550044,1.29,0.09707279,25.71845561,29.66896034,19.94044407,9.72851628,-4.65978194,1330.74,1330.88,1331.20,1331.97,0.16846043,0.06063039,-0.77913736,-0.10783004,-0.83976775,E200>E100>E50>E20,DOWN,-0.60405799,-0.44078728,-0.16327071,80.35359743,69.79318179,-44.76190476,6.26379535,0.44522307,0,2014.02.27 20:00:00,1,1,35.34566542,2.37,0.17854779,25.06587841,12.00122571,26.08761594,14.08639023,-106.79237496,1330.98,1331.24,1331.99,1330.32,-0.57267178,-0.68472454,-0.29759234,-0.11205277,0.38713220,MIXED,RANGE,-0.04978771,0.66323638,-0.71302409,28.77955794,19.98861980,-70.57421452,2.68498825,0.13905844,0,2014.02.27 19:00:00,1,1,38.22548864,2.98,0.22430245,22.62457684,16.04628890,25.98326081,9.93697191,-57.21749035,1331.13,1332.04,1330.34,1322.63,-0.63508175,-0.94178669,2.21560729,-0.30670494,3.15739398,MIXED,RANGE,-0.28190835,-0.51478091,0.23287257,30.72972490,43.87547616,-55.96754564,3.42891997,0.41935109,0,2014.02.27 16:00:00,1,1,46.57076817,6.68,0.50263987,15.73805021,18.51650827,17.62094988,0.89555839,-48.66422515,1331.52,1324.18,1308.79,1285.76,-0.34214306,0.75566570,6.50684424,1.09780876,5.75117854,E20>E50>E100>E200,UP,1.30124740,2.87087102,-1.56962362,70.35792304,59.68115050,-69.93551738,3.15471204,0.24394162,0,6,2,2,0,1,1,1,1
194,XAUUSD|PERIOD_M1|SELL|1393586040|1393586940|1393587240|1393587360|MARKET_EDGE_MFE_ATR_12_V1,XAUUSD,PERIOD_M1,SELL,BID_OHLC,2014.02.28 11:14:00,2014.02.28 11:29:00,2014.02.28 11:34:00,2014.02.28 11:36:00,2014.02.28 11:36:00,2014.02.28 11:37:02,2014.02.28 11:36:00,1330.54,0.29,4,PERIOD_M1,1,1,12,12,1,0.28,0.61,0.95547945,2.09246575,MARKET_EDGE_MFE_ATR_12_V1,1.0,0,,0,60,,0,,EXECUTED,1,59,1,59,MATCHED_FINALIZED,1,0,0,2.00,5d926eed3daf312d7810863a3786293984c991b1,34c7e44e89019e46fb4b93a3ac7e556c392839a536990c8508c8c4378fe5fdce,V923_PASSIVE_MARKET_EDGE_V1,V924_MARKET_EDGE_SCHEMA_V2,MARKET_EDGE_FEATURE_SNAPSHOT_T0_V2,2014.02.28 11:37:02,1,,,2014,2,5,11,36,LONDON,15,5,20,15,5,20,0.33333333,1,1330.68,1330.93,1330.94,0.25,0.01,0.04000000,0.26,0.89041096,-0.40,-1.37328767,1,1,64.66986884,58.74937344,57.95710980,-5.92049541,-0.79226364,0.13381712,6.71275904,-0.39469969,-0.15845273,1,1,1330.74,1330.84,1330.50,1330.54,0.34,0.20,0.58997050,0.11504425,0.29498525,0.11504425,1,0.29,0.02194594,36,0.36,1.24657534,1,1,2014.02.28 11:36:00,1,1,51.24143070,0.29,0.02194594,37.70447389,21.06735744,13.57954760,7.48780984,48.55276153,1330.43,1330.01,1329.43,1329.13,0.39168540,1.83520797,4.83308470,1.44352257,2.99787673,E20>E50>E100>E200,UP,0.18436014,0.15901881,0.02534133,56.10142631,68.34806010,-30.84615385,4.85041253,0.65769736,0,2014.02.28 11:30:00,1,1,69.71835458,0.69,0.05168360,37.82011340,24.46305198,14.30710032,10.15595166,88.45083328,1329.45,1329.18,1329.59,1330.11,1.81171297,2.19546923,0.85321510,0.38375627,-1.34225413,MIXED,RANGE,0.60163312,0.46875262,0.13288051,52.12073901,49.36057476,-8.00768738,5.96763252,0.85562011,0,2014.02.28 11:15:00,1,1,61.58483712,1.31,0.09830246,26.30581620,27.58331923,14.04805979,13.53525943,96.22099615,1329.24,1329.90,1330.45,1331.23,0.83746939,0.33072703,-0.68834808,-0.50674236,-1.01907511,E200>E100>E50>E20,DOWN,-0.25292163,-0.78358966,0.53066802,89.90621915,90.79987369,-10.77966102,4.93916880,0.69930493,0,2014.02.28 11:00:00,1,1,54.30349014,2.09,0.15684043,16.97109427,28.87100857,17.33037260,11.54063597,46.48880809,1329.65,1330.40,1331.21,1330.30,0.32785028,-0.03400290,0.01462943,-0.36185318,0.04863233,MIXED,RANGE,-0.58985071,-0.57117461,-0.01867610,77.70356604,56.26356006,-29.75713904,3.45534931,0.55195860,0,2014.02.28 10:00:00,1,1,50.37467124,3.24,0.24323670,20.64796347,17.63080466,24.41429630,6.78349165,-70.25231866,1330.20,1331.23,1330.32,1323.63,-0.03672096,-0.35468476,1.99595234,-0.31796380,2.35063710,MIXED,RANGE,-0.68859423,-0.32792741,-0.36066682,35.92062173,25.99290527,-38.80888455,2.18463923,0.40192214,0,2014.02.28 04:00:00,1,1,43.14445935,4.46,0.33537909,13.54646564,19.14096849,18.69292640,0.44804210,-38.62599494,1331.25,1324.90,1310.06,1287.08,-0.48473814,0.94005004,9.42467915,1.42478818,8.48462911,E20>E50>E100>E200,UP,0.75311114,1.64825532,-0.89514418,50.81759150,55.31107005,-70.53706669,4.81479461,0.28491001,0,6,1,1,0,2,1,2,1
195,XAUUSD|PERIOD_M1|SELL|1393591680|1393592460|1393593060|1393593180|MARKET_EDGE_MFE_ATR_12_V1,XAUUSD,PERIOD_M1,SELL,BID_OHLC,2014.02.28 12:48:00,2014.02.28 13:01:00,2014.02.28 13:11:00,2014.02.28 13:13:00,2014.02.28 13:13:00,2014.02.28 13:14:01,2014.02.28 13:13:00,1332.56,0.63,4,PERIOD_M1,1,1,12,12,1,1.53,0.35,2.42433821,0.54681944,MARKET_EDGE_MFE_ATR_12_V1,1.0,1,9,0,60,,0,,NOT_EXECUTED_OR_UNRESOLVED,0,,0,,NOT_APPLICABLE_NON_EXECUTED,0,,,,5d926eed3daf312d7810863a3786293984c991b1,34c7e44e89019e46fb4b93a3ac7e556c392839a536990c8508c8c4378fe5fdce,V923_PASSIVE_MARKET_EDGE_V1,V924_MARKET_EDGE_SCHEMA_V2,MARKET_EDGE_FEATURE_SNAPSHOT_T0_V2,2014.02.28 13:14:01,1,,,2014,2,5,13,13,OVERLAP,13,10,23,13,10,23,0.76923077,1,1329.99,1332.08,1332.88,2.09,0.80,0.38229665,2.89,4.56578427,-0.32,-0.51047017,1,1,87.23092776,77.75534462,71.67584979,-9.47558314,-6.07949484,0.64159585,15.55507797,-0.72889101,-0.60794948,1,1,1332.20,1332.78,1332.20,1332.56,0.58,0.36,0.61273666,0.61273666,0.38726334,0.00000000,1,0.63,0.04748383,27,0.27,0.42986962,1,1,2014.02.28 13:13:00,1,1,69.03531483,0.63,0.04748383,42.62619583,32.61728450,7.71427366,24.90301083,146.72044818,1331.33,1330.32,1329.79,1329.45,1.94246127,3.54400414,4.90994216,1.60154287,1.36593802,E20>E50>E100>E200,UP,0.74348432,0.69715078,0.04633355,72.19602214,74.12288607,-15.17144199,5.66687061,0.85799023,0,2014.02.28 13:05:00,1,1,78.82039899,1.28,0.09608506,38.60270639,36.49585172,8.45135854,28.04449318,180.69049012,1329.68,1329.37,1329.56,1330.00,1.92829116,2.17426306,1.68484498,0.24597190,-0.48941808,MIXED,RANGE,0.44073925,-0.02336317,0.46410242,86.75157958,80.13370329,-1.49572650,3.85297438,1.03417538,0,2014.02.28 12:45:00,1,1,61.45468670,1.51,0.11384019,20.62821675,30.46920439,19.79784066,10.67136373,92.62439546,1329.27,1329.77,1330.32,1331.12,1.01989887,0.68854438,-0.20242231,-0.33135449,-0.89096669,E200>E100>E50>E20,DOWN,-0.09607582,-0.26218221,0.16610639,46.85816876,25.63502140,-10.16578042,3.90804010,0.84541636,0,2014.02.28 12:30:00,1,1,55.94868121,2.32,0.17399139,14.17407228,26.02675100,21.82081646,4.20593453,48.38599625,1329.54,1330.27,1331.09,1330.27,0.54872643,0.23572323,0.23489320,-0.31300320,-0.00083004,MIXED,RANGE,-0.45055050,-0.68265787,0.23210736,56.42807505,66.11676509,-23.35201495,2.84224067,0.69572394,0,2014.02.28 12:00:00,1,1,53.98251959,3.22,0.24208886,17.85423212,16.85617233,22.31744106,5.46126873,-14.76596641,1330.13,1331.12,1330.30,1323.75,0.21146143,-0.09506259,2.19314692,-0.30652402,2.28820951,MIXED,RANGE,-0.57306680,-0.46581752,-0.10724928,71.54851210,52.95840975,-29.89992678,2.13759821,0.54406251,0,2014.02.28 08:00:00,1,1,41.73777400,4.14,0.31165496,13.71107274,16.58883936,22.34342466,5.75458530,-62.06176335,1331.01,1325.05,1310.43,1287.50,-0.55511879,0.88404989,9.95321743,1.43916868,9.06916755,E20>E50>E100>E200,UP,0.49075399,1.36267718,-0.87192319,43.31402915,49.81398849,-72.18158999,5.28763368,0.28158430,0,6,1,2,0,2,1,2,1
196,XAUUSD|PERIOD_M1|SELL|1393602660|1393602840|1393603080|1393603200|MARKET_EDGE_MFE_ATR_12_V1,XAUUSD,PERIOD_M1,SELL,BID_OHLC,2014.02.28 15:51:00,2014.02.28 15:54:00,2014.02.28 15:58:00,2014.02.28 16:00:00,2014.02.28 16:00:00,2014.02.28 16:01:05,2014.02.28 16:00:00,1325.38,0.86,4,PERIOD_M1,1,1,12,12,1,0.34,0.78,0.39336631,0.91358743,MARKET_EDGE_MFE_ATR_12_V1,1.0,0,,0,60,,0,,EXECUTED,1,60,1,60,MATCHED_FINALIZED,1,0,0,4.02,5d926eed3daf312d7810863a3786293984c991b1,34c7e44e89019e46fb4b93a3ac7e556c392839a536990c8508c8c4378fe5fdce,V923_PASSIVE_MARKET_EDGE_V1,V924_MARKET_EDGE_SCHEMA_V2,MARKET_EDGE_FEATURE_SNAPSHOT_T0_V2,2014.02.28 16:01:05,1,,,2014,2,5,16,0,OVERLAP,3,4,7,3,4,7,1.33333333,1,1325.51,1325.67,1326.34,0.16,0.67,4.15527950,0.83,0.96595868,-0.96,-1.11725342,1,1,63.80343066,63.59666387,57.59230862,-0.20676679,-6.00435525,29.03926373,6.21112203,-0.06892226,-1.50108881,1,1,1326.18,1326.28,1325.38,1325.38,0.90,0.80,0.88925803,0.00000000,0.11074197,0.00000000,1,0.86,0.06483046,23,0.23,0.26767530,1,1,2014.02.28 16:00:00,1,1,53.59473517,0.86,0.06483046,29.11977267,19.02659726,10.61880205,8.40779521,66.98472484,1325.27,1325.67,1326.77,1327.93,0.12341931,-0.34044171,-2.96657005,-0.46386102,-2.62612834,E200>E100>E50>E20,DOWN,0.16987363,0.03090584,0.13896779,43.37829552,61.93368969,-53.51170569,2.52528173,0.64134629,0,2014.02.28 15:55:00,1,1,54.78074350,1.14,0.08605524,30.43014852,25.27167806,18.76509410,6.50658395,-7.65070834,1326.81,1328.24,1328.94,1329.58,-0.54953198,-1.80171143,-2.97261562,-1.25217945,-1.17090419,E200>E100>E50>E20,DOWN,-1.30110485,-1.24124104,-0.05986381,81.40329090,58.03240625,-52.29546389,7.87684323,0.38093818,0,2014.02.28 15:45:00,1,1,41.74661731,3.06,0.23081279,20.96215600,18.16601736,24.51067515,6.34465779,-104.47460844,1328.29,1329.24,1329.94,1330.84,-0.68834487,-0.99789991,-1.52086722,-0.30955504,-0.52296731,E200>E100>E50>E20,DOWN,-0.96541105,-0.16698799,-0.79842306,24.82354398,18.62442226,-65.88258355,2.95436359,0.18173700,0,2014.02.28 15:30:00,1,1,41.32901652,3.76,0.28380322,17.24011427,15.39730603,29.30708029,13.90977426,-135.73096077,1328.75,1329.79,1330.75,1330.15,-0.68289227,-0.95824119,-1.05282847,-0.27534892,-0.09458729,MIXED,RANGE,-0.86672058,-0.46270652,-0.40401406,17.26647157,23.47944070,-65.88258355,2.19760692,0.17785979,0,2014.02.28 15:00:00,1,1,37.85696112,4.51,0.34014913,18.03786278,14.70339823,29.87660033,15.17320211,-192.09229996,1329.46,1330.72,1330.14,1323.86,-0.72678694,-1.00661347,0.51432304,-0.27982653,1.52093651,MIXED,RANGE,-0.91595764,-0.64826521,-0.26769242,35.20888375,52.66346527,-66.99848312,1.56233493,-0.01469326,1,2014.02.28 12:00:00,1,1,35.54847666,5.96,0.44918386,14.80791015,14.37699411,22.45750925,8.08051514,-93.12964239,1330.55,1325.10,1310.74,1287.88,-0.73340041,0.18239105,6.42963494,0.91579146,6.24724389,E20>E50>E100>E200,UP,0.07778752,1.11383190,-1.03604438,32.16208753,42.09790273,-81.15815932,3.82734929,0.19598263,0,6,4,4,1,1,3,1,1
197,XAUUSD|PERIOD_M1|BUY|1393609920|1393610220|1393610400|1393610520|MARKET_EDGE_MFE_ATR_12_V1,XAUUSD,PERIOD_M1,BUY,BID_OHLC,2014.02.28 17:52:00,2014.02.28 17:57:00,2014.02.28 18:00:00,2014.02.28 18:02:00,2014.02.28 18:02:00,2014.02.28 18:03:00,2014.02.28 18:02:00,1322.64,0.45,4,PERIOD_M1,1,1,12,12,1,1.19,0.00,2.66442953,0.00000000,MARKET_EDGE_MFE_ATR_12_V1,1.0,1,1,0,60,,0,,NOT_EXECUTED_OR_UNRESOLVED,0,,0,,NOT_APPLICABLE_NON_EXECUTED,0,,,,5d926eed3daf312d7810863a3786293984c991b1,34c7e44e89019e46fb4b93a3ac7e556c392839a536990c8508c8c4378fe5fdce,V923_PASSIVE_MARKET_EDGE_V1,V924_MARKET_EDGE_SCHEMA_V2,MARKET_EDGE_FEATURE_SNAPSHOT_T0_V2,2014.02.28 18:03:00,1,,,2014,2,5,18,2,NEWYORK,5,3,8,5,3,8,0.60000000,1,1322.83,1322.22,1321.90,-0.61,-0.32,0.52892562,0.92,2.06935123,0.74,1.65324385,1,1,27.79382304,29.94053311,40.20757744,2.14671007,10.26704433,4.78268793,12.41375440,0.42934201,3.42234811,1,1,1322.57,1322.69,1322.46,1322.64,0.23,0.07,0.30434783,0.77826087,0.22173913,0.47391304,1,0.45,0.03379599,27,0.27,0.59955257,1,1,2014.02.28 18:02:00,1,1,41.63516528,0.45,0.03379599,43.68213776,8.61757528,22.75138631,14.13381103,-54.48085464,1323.13,1323.96,1324.64,1325.64,-1.09842863,-2.94732213,-6.71778789,-1.84889349,-3.77046576,E200>E100>E50>E20,DOWN,-0.52017160,-0.54497785,0.02480624,73.34470990,55.11417347,-61.06427819,5.12682053,0.30913639,0,2014.02.28 17:55:00,1,1,23.94715124,1.42,0.10769026,30.04311152,7.64323049,31.20911457,23.56588409,-152.64190211,1324.73,1326.12,1327.39,1328.58,-1.53653419,-2.51046990,-4.24142290,-0.97393572,-1.73095300,E200>E100>E50>E20,DOWN,-0.80466328,-0.53914625,-0.26551703,41.41384389,38.42879719,-72.26020707,2.54774344,-0.12837876,0,2014.02.28 17:45:00,1,1,25.22007326,1.91,0.14474010,32.33162286,7.10433168,31.23129291,24.12696124,-180.71298544,1326.33,1328.03,1329.19,1330.38,-1.97953920,-2.86703617,-4.09408078,-0.88749696,-1.22704461,E200>E100>E50>E20,DOWN,-1.42152259,-1.18775954,-0.23376304,38.40861502,55.68674389,-86.23897665,6.05719344,0.09941294,0,2014.02.28 17:30:00,1,1,32.50806563,2.71,0.20500279,24.76336037,9.68437488,26.52571062,16.84133574,-122.58499245,1327.35,1329.01,1330.27,1329.93,-1.77254774,-2.38660317,-2.72337130,-0.61405544,-0.33676813,MIXED,RANGE,-1.48781961,-0.80194449,-0.68587512,36.77647783,33.20850975,-87.94771686,3.69772267,-0.01525365,0,2014.02.28 17:00:00,1,1,29.09182400,4.48,0.33893038,23.50011143,11.04388578,29.21801184,18.17412606,-185.47950810,1328.45,1330.20,1329.90,1323.86,-1.31680721,-1.70805050,-0.29472174,-0.39124329,1.41332876,MIXED,RANGE,-1.50992285,-0.83852230,-0.67140055,23.35342364,27.31789347,-87.94771686,2.25332233,-0.16134731,0,2014.02.28 12:00:00,1,1,35.54847666,5.96,0.44918386,14.80791015,14.37699411,22.45750925,8.08051514,-93.12964239,1330.55,1325.10,1310.74,1287.88,-0.73340041,0.18239105,6.42963494,0.91579146,6.24724389,E20>E50>E100>E200,UP,0.07778752,1.11383190,-1.03604438,32.16208753,42.09790273,-81.15815932,3.82734929,0.19598263,0,6,1,0,0,1,3,3,1
198,XAUUSD|PERIOD_M1|SELL|1393623780|1393624080|1393624320|1393624440|MARKET_EDGE_MFE_ATR_12_V1,XAUUSD,PERIOD_M1,SELL,BID_OHLC,2014.02.28 21:43:00,2014.02.28 21:48:00,2014.02.28 21:52:00,2014.02.28 21:54:00,2014.02.28 21:54:00,2014.02.28 21:55:00,2014.02.28 21:54:00,1326.25,0.14,4,PERIOD_M1,1,1,12,4,0,,,,,MARKET_EDGE_MFE_ATR_12_V1,1.0,,,0,60,EA_DEINIT,0,,NOT_EXECUTED_OR_UNRESOLVED,0,,0,,NOT_APPLICABLE_NON_EXECUTED,0,,,,5d926eed3daf312d7810863a3786293984c991b1,34c7e44e89019e46fb4b93a3ac7e556c392839a536990c8508c8c4378fe5fdce,V923_PASSIVE_MARKET_EDGE_V1,V924_MARKET_EDGE_SCHEMA_V2,MARKET_EDGE_FEATURE_SNAPSHOT_T0_V2,2014.02.28 21:55:00,1,,,2014,2,5,21,54,NEWYORK,5,4,9,5,4,9,0.80000000,1,1325.97,1326.11,1326.26,0.14,0.15,1.07142857,0.29,2.14022140,-0.01,-0.07380074,1,1,71.52812713,70.20024807,69.82208065,-1.32787906,-0.37816742,0.28479056,1.70604648,-0.26557581,-0.09454185,1,1,1326.24,1326.25,1326.24,1326.25,0.01,0.01,1.00000000,1.00000000,0.00000000,0.00000000,1,0.14,0.01021675,50,0.50,3.65313653,1,1,2014.02.28 21:54:00,1,1,74.56971203,0.14,0.01021675,55.22396687,27.21290084,5.47812345,21.73477739,130.79725182,1325.85,1325.74,1325.56,1325.14,3.00399663,3.77031551,8.18247447,0.76631888,4.41215895,E20>E50>E100>E200,UP,0.17417069,0.10846566,0.06570503,86.78260870,79.50377737,-1.38696255,11.22214818,0.85883836,0,2014.02.28 21:50:00,1,1,65.97949677,0.49,0.03696504,25.16390148,28.48632383,15.34938329,13.13694054,59.49386586,1325.56,1325.11,1325.66,1326.99,1.41509242,2.33772252,-1.49404283,0.92263010,-3.83176535,MIXED,RANGE,0.33850899,0.40652455,-0.06801555,85.22414225,61.04938241,-32.16767022,8.68143766,0.53571366,0,2014.02.28 21:30:00,1,1,61.52686914,2.15,0.16199075,30.61050663,20.98561752,14.70310279,6.28251473,51.00263025,1325.00,1326.31,1327.87,1329.49,0.32388654,-0.28944534,-1.76961230,-0.61333188,-1.48016696,E200>E100>E50>E20,DOWN,-0.22157242,-0.78159259,0.56002017,40.98019427,39.13257477,-33.08650286,3.91791625,0.68627302,0,2014.02.28 21:00:00,1,1,54.04042152,3.56,0.26890724,24.15705649,22.80949996,16.78714058,6.02235938,26.24200493,1325.77,1327.79,1329.45,1329.52,-0.03455722,-0.60295222,-1.08762732,-0.56839500,-0.48467510,E200>E100>E50>E20,DOWN,-1.28792012,-1.62490071,0.33698059,68.05970149,71.66194130,-49.50909246,3.46838688,0.46280310,0,2014.02.28 20:00:00,1,1,40.41217677,4.67,0.35287399,26.03997493,19.33858968,22.36131121,3.02272153,-45.52253190,1327.10,1329.41,1329.51,1323.84,-0.72640384,-1.22136098,-0.03030871,-0.49495715,1.19105228,MIXED,RANGE,-1.96590338,-1.23560743,-0.73029595,35.35530381,25.44197214,-69.84669095,2.72023906,0.16058794,0,2014.02.28 16:00:00,1,1,32.26096359,6.88,0.51969056,17.41637849,12.46006156,25.51138952,13.05132795,-207.97500372,1329.97,1325.07,1311.01,1288.25,-0.80313442,-0.09135987,5.25883349,0.71177455,5.35019336,E20>E50>E100>E200,UP,-0.38553137,0.87310444,-1.25863581,35.57518933,37.01710200,-75.19995790,3.48226563,0.15909747,0,6,4,2,0,2,2,2,1
