sep=,
RecordID,SetupID,ResearchSignalID,ResearchP3Time,ResearchJoinStatus,ActualOutcomeSource,ActualOutcomeJoinKey,PositionID,StepNo,OpenTime,Signal,SignalSource,IndicatorShiftUsed,FillPrice,PlannedEntryLevel,DollarStopUSD,TP1,TP2,TP3,TP4,TP5,EMA200_At_Open,UseEMA200Target,OpenHour,OpenDayOfWeek,OpenMonth,SessionName,SessionID,SetupFinalEvent,StrategyOutcomeComplete,SetupFinalStop,SetupFinalTarget,SetupReachedStep5,SetupProfitPositive,SetupMaxStep,SetupFinalProfit,SetupMaxDDMoney,SetupMaxDDPct,SetupDurationMin,SetupHitTP1,SetupHitTP2,SetupHitEMA200,PositionRealizedProfit,DIV_P1_Price,DIV_P2_Price,DIV_P3_Price,DIV_P1_RSI,DIV_P2_RSI,DIV_P3_RSI,DIV_P1_Shift,DIV_P2_Shift,DIV_P3_Shift,DIV_Gap12,DIV_Gap23,DIV_Span,DIV_GapRatio,DIV_RSISpread,DIV_PriceSpreadATR,DIV_ProminenceATR_P3,DIV_DistToEntry,MTF_EMA200_Align,MTF_DI_Align,MTF_Squeeze_Count,MTF_Valid_Count,M1_RSI,M1_ADX,M1_CCI,M1_DI_PLUS,M1_DI_MINUS,M1_DI_GAP,M1_ATR,M1_ATR_PCT_PRICE,M1_EMA20,M1_EMA50,M1_EMA100,M1_EMA200,M1_EMA200_DIST_POINTS,M1_EMA200_DIST_ATR,M1_DI_STATUS,M1_EMA_ORDER,M1_POSITION_STATUS,M1_TREND_REGIME,M1_PRICE_ABOVE_EMA200,M1_MACD_MAIN,M1_MACD_SIGNAL,M1_MACD_HIST,M1_STOCH_K,M1_STOCH_D,M1_WPR,M1_BB_UPPER,M1_BB_LOWER,M1_BB_MIDDLE,M1_BB_WIDTH,M1_BB_WIDTH_ATR,M1_BB_POSITION,M1_BB_DIST_MIDDLE_ATR,M1_BB_SQUEEZE,M1_RSI_SLOPE5,M1_RSI_DIST50,M1_CCI_SLOPE5,M1_ADX_SLOPE5,M1_ATR_SLOPE5,M1_ATR_REGIME,M1_EMA20_SLOPE5_ATR,M1_EMA50_SLOPE5_ATR,M1_EMA200_SLOPE5_ATR,M1_EMA_GAP_20_50_ATR,M1_EMA_GAP_50_200_ATR,M1_EMA_COMPRESSION_ATR,M1_EMA20_DIST_ATR,M1_EMA50_DIST_ATR,M1_HAS_MACD,M1_HAS_STOCH,M1_HAS_BB,M1_HAS_WPR,M5_RSI,M5_ADX,M5_CCI,M5_DI_PLUS,M5_DI_MINUS,M5_DI_GAP,M5_ATR,M5_ATR_PCT_PRICE,M5_EMA20,M5_EMA50,M5_EMA100,M5_EMA200,M5_EMA200_DIST_POINTS,M5_EMA200_DIST_ATR,M5_DI_STATUS,M5_EMA_ORDER,M5_POSITION_STATUS,M5_TREND_REGIME,M5_PRICE_ABOVE_EMA200,M5_MACD_MAIN,M5_MACD_SIGNAL,M5_MACD_HIST,M5_STOCH_K,M5_STOCH_D,M5_WPR,M5_BB_UPPER,M5_BB_LOWER,M5_BB_MIDDLE,M5_BB_WIDTH,M5_BB_WIDTH_ATR,M5_BB_POSITION,M5_BB_DIST_MIDDLE_ATR,M5_BB_SQUEEZE,M5_RSI_SLOPE5,M5_RSI_DIST50,M5_CCI_SLOPE5,M5_ADX_SLOPE5,M5_ATR_SLOPE5,M5_ATR_REGIME,M5_EMA20_SLOPE5_ATR,M5_EMA50_SLOPE5_ATR,M5_EMA200_SLOPE5_ATR,M5_EMA_GAP_20_50_ATR,M5_EMA_GAP_50_200_ATR,M5_EMA_COMPRESSION_ATR,M5_EMA20_DIST_ATR,M5_EMA50_DIST_ATR,M5_HAS_MACD,M5_HAS_STOCH,M5_HAS_BB,M5_HAS_WPR,M15_RSI,M15_ADX,M15_CCI,M15_DI_PLUS,M15_DI_MINUS,M15_DI_GAP,M15_ATR,M15_ATR_PCT_PRICE,M15_EMA20,M15_EMA50,M15_EMA100,M15_EMA200,M15_EMA200_DIST_POINTS,M15_EMA200_DIST_ATR,M15_DI_STATUS,M15_EMA_ORDER,M15_POSITION_STATUS,M15_TREND_REGIME,M15_PRICE_ABOVE_EMA200,M15_MACD_MAIN,M15_MACD_SIGNAL,M15_MACD_HIST,M15_STOCH_K,M15_STOCH_D,M15_WPR,M15_BB_UPPER,M15_BB_LOWER,M15_BB_MIDDLE,M15_BB_WIDTH,M15_BB_WIDTH_ATR,M15_BB_POSITION,M15_BB_DIST_MIDDLE_ATR,M15_BB_SQUEEZE,M15_RSI_SLOPE5,M15_RSI_DIST50,M15_CCI_SLOPE5,M15_ADX_SLOPE5,M15_ATR_SLOPE5,M15_ATR_REGIME,M15_EMA20_SLOPE5_ATR,M15_EMA50_SLOPE5_ATR,M15_EMA200_SLOPE5_ATR,M15_EMA_GAP_20_50_ATR,M15_EMA_GAP_50_200_ATR,M15_EMA_COMPRESSION_ATR,M15_EMA20_DIST_ATR,M15_EMA50_DIST_ATR,M15_HAS_MACD,M15_HAS_STOCH,M15_HAS_BB,M15_HAS_WPR,M30_RSI,M30_ADX,M30_CCI,M30_DI_PLUS,M30_DI_MINUS,M30_DI_GAP,M30_ATR,M30_ATR_PCT_PRICE,M30_EMA20,M30_EMA50,M30_EMA100,M30_EMA200,M30_EMA200_DIST_POINTS,M30_EMA200_DIST_ATR,M30_DI_STATUS,M30_EMA_ORDER,M30_POSITION_STATUS,M30_TREND_REGIME,M30_PRICE_ABOVE_EMA200,M30_MACD_MAIN,M30_MACD_SIGNAL,M30_MACD_HIST,M30_STOCH_K,M30_STOCH_D,M30_WPR,M30_BB_UPPER,M30_BB_LOWER,M30_BB_MIDDLE,M30_BB_WIDTH,M30_BB_WIDTH_ATR,M30_BB_POSITION,M30_BB_DIST_MIDDLE_ATR,M30_BB_SQUEEZE,M30_RSI_SLOPE5,M30_RSI_DIST50,M30_CCI_SLOPE5,M30_ADX_SLOPE5,M30_ATR_SLOPE5,M30_ATR_REGIME,M30_EMA20_SLOPE5_ATR,M30_EMA50_SLOPE5_ATR,M30_EMA200_SLOPE5_ATR,M30_EMA_GAP_20_50_ATR,M30_EMA_GAP_50_200_ATR,M30_EMA_COMPRESSION_ATR,M30_EMA20_DIST_ATR,M30_EMA50_DIST_ATR,M30_HAS_MACD,M30_HAS_STOCH,M30_HAS_BB,M30_HAS_WPR,H1_RSI,H1_ADX,H1_CCI,H1_DI_PLUS,H1_DI_MINUS,H1_DI_GAP,H1_ATR,H1_ATR_PCT_PRICE,H1_EMA20,H1_EMA50,H1_EMA100,H1_EMA200,H1_EMA200_DIST_POINTS,H1_EMA200_DIST_ATR,H1_DI_STATUS,H1_EMA_ORDER,H1_POSITION_STATUS,H1_TREND_REGIME,H1_PRICE_ABOVE_EMA200,H1_MACD_MAIN,H1_MACD_SIGNAL,H1_MACD_HIST,H1_STOCH_K,H1_STOCH_D,H1_WPR,H1_BB_UPPER,H1_BB_LOWER,H1_BB_MIDDLE,H1_BB_WIDTH,H1_BB_WIDTH_ATR,H1_BB_POSITION,H1_BB_DIST_MIDDLE_ATR,H1_BB_SQUEEZE,H1_RSI_SLOPE5,H1_RSI_DIST50,H1_CCI_SLOPE5,H1_ADX_SLOPE5,H1_ATR_SLOPE5,H1_ATR_REGIME,H1_EMA20_SLOPE5_ATR,H1_EMA50_SLOPE5_ATR,H1_EMA200_SLOPE5_ATR,H1_EMA_GAP_20_50_ATR,H1_EMA_GAP_50_200_ATR,H1_EMA_COMPRESSION_ATR,H1_EMA20_DIST_ATR,H1_EMA50_DIST_ATR,H1_HAS_MACD,H1_HAS_STOCH,H1_HAS_BB,H1_HAS_WPR,H4_RSI,H4_ADX,H4_CCI,H4_DI_PLUS,H4_DI_MINUS,H4_DI_GAP,H4_ATR,H4_ATR_PCT_PRICE,H4_EMA20,H4_EMA50,H4_EMA100,H4_EMA200,H4_EMA200_DIST_POINTS,H4_EMA200_DIST_ATR,H4_DI_STATUS,H4_EMA_ORDER,H4_POSITION_STATUS,H4_TREND_REGIME,H4_PRICE_ABOVE_EMA200,H4_MACD_MAIN,H4_MACD_SIGNAL,H4_MACD_HIST,H4_STOCH_K,H4_STOCH_D,H4_WPR,H4_BB_UPPER,H4_BB_LOWER,H4_BB_MIDDLE,H4_BB_WIDTH,H4_BB_WIDTH_ATR,H4_BB_POSITION,H4_BB_DIST_MIDDLE_ATR,H4_BB_SQUEEZE,H4_RSI_SLOPE5,H4_RSI_DIST50,H4_CCI_SLOPE5,H4_ADX_SLOPE5,H4_ATR_SLOPE5,H4_ATR_REGIME,H4_EMA20_SLOPE5_ATR,H4_EMA50_SLOPE5_ATR,H4_EMA200_SLOPE5_ATR,H4_EMA_GAP_20_50_ATR,H4_EMA_GAP_50_200_ATR,H4_EMA_COMPRESSION_ATR,H4_EMA20_DIST_ATR,H4_EMA50_DIST_ATR,H4_HAS_MACD,H4_HAS_STOCH,H4_HAS_BB,H4_HAS_WPR
1,1,0,1970.01.01 00:00:00,PROTOCOL_DISABLED,ACTUAL_PROFILE_D_EXECUTION,1,2,1,2014.01.03 04:17:09,BUY,PROFILE_D_FULL,0,1229.95,1229.95,300.00,1230.79,1229.81,1229.04,1227.47,1225.74,1230.29,0,4,5,1,Asia,0,EMA->TP1,1,0,1,0,1,1,2.02,0.95,0.00,74,1,0,1,2.02,1229.52,1229.51,1229.29,9.1571,28.7113,32.2041,24,14,3,10,11,21,1.100000,23.0470,2.035242,0.000000,3,1,1,0,2,44.5284,28.6226,108.5681,20.9789,14.0341,6.9447,0.11,0.009230,1229.64,1230.15,1230.55,1230.28,65.77,-5.794801,+,E100>E200>E50>E20,Down_EMA200,RANGE,0,-0.21288731,-0.28851611,0.07562879,97.8678,70.7061,-19.9041,1229.81,1229.28,1229.54,0.53,4.689875,0.649727,0.702203,0,2.289555,-5.4716,45.902520,-2.288459,-0.00760000,0.749175,-0.147504,-0.253074,-0.070748,-4.493398,-1.141851,8.002396,-0.159552,-4.652950,1,1,1,1,40.5863,48.9837,-88.2999,7.1870,28.8275,21.6405,0.31,0.024947,1230.44,1229.93,1228.35,1225.57,405.36,13.214754,-,E20>E50>E100>E200,Btw_100-50,UP,1,-0.32704102,-0.02450365,-0.30253737,11.8219,7.3070,-88.6895,1233.01,1228.90,1230.95,4.11,13.386067,0.176000,-4.337082,0,0.234244,-9.4137,23.850690,3.699266,-0.07910000,0.436810,-0.387081,-0.056647,0.132584,1.686609,14.200461,15.887070,-2.672316,-0.985707,1,1,1,1,0.0000,0.0000,0.0000,0.0000,0.0000,0.0000,0.00,0.000000,0.00,0.00,0.00,0.00,0.00,0.000000,,,,,0,0.00000000,0.00000000,0.00000000,0.0000,0.0000,0.0000,0.00,0.00,0.00,0.00,0.000000,0.000000,0.000000,0,0.000000,0.0000,0.000000,0.000000,0.00000000,0.000000,0.000000,0.000000,0.000000,0.000000,0.000000,0.000000,0.000000,0.000000,0,0,0,0,0.0000,0.0000,0.0000,0.0000,0.0000,0.0000,0.00,0.000000,0.00,0.00,0.00,0.00,0.00,0.000000,,,,,0,0.00000000,0.00000000,0.00000000,0.0000,0.0000,0.0000,0.00,0.00,0.00,0.00,0.000000,0.000000,0.000000,0,0.000000,0.0000,0.000000,0.000000,0.00000000,0.000000,0.000000,0.000000,0.000000,0.000000,0.000000,0.000000,0.000000,0.000000,0,0,0,0,0.0000,0.0000,0.0000,0.0000,0.0000,0.0000,0.00,0.000000,0.00,0.00,0.00,0.00,0.00,0.000000,,,,,0,0.00000000,0.00000000,0.00000000,0.0000,0.0000,0.0000,0.00,0.00,0.00,0.00,0.000000,0.000000,0.000000,0,0.000000,0.0000,0.000000,0.000000,0.00000000,0.000000,0.000000,0.000000,0.000000,0.000000,0.000000,0.000000,0.000000,0.000000,0,0,0,0,0.0000,0.0000,0.0000,0.0000,0.0000,0.0000,0.00,0.000000,0.00,0.00,0.00,0.00,0.00,0.000000,,,,,0,0.00000000,0.00000000,0.00000000,0.0000,0.0000,0.0000,0.00,0.00,0.00,0.00,0.000000,0.000000,0.000000,0,0.000000,0.0000,0.000000,0.000000,0.00000000,0.000000,0.000000,0.000000,0.000000,0.000000,0.000000,0.000000,0.000000,0.000000,0,0,0,0
2,2,0,1970.01.01 00:00:00,PROTOCOL_DISABLED,ACTUAL_PROFILE_D_EXECUTION,2,4,1,2014.01.03 13:15:00,BUY,PROFILE_D_FULL,0,1230.98,1230.98,300.00,1233.32,1230.59,1228.44,1224.07,1219.26,1231.36,0,13,5,1,Overlap,3,TP2,1,0,1,0,1,2,3.73,7.40,0.00,29,0,1,0,-0.37,1230.11,1229.96,1229.18,33.0805,38.6920,41.9287,28,17,12,11,5,16,0.454545,8.8482,2.620592,0.000000,12,1,2,1,2,54.7972,29.5252,166.8504,23.3640,5.8511,17.5129,0.35,0.028806,1230.26,1230.51,1230.87,1231.35,71.63,-2.020692,+,E200>E100>E50>E20,Btw_100-50,DOWN,0,-0.08304689,-0.22042640,0.13737951,77.5928,75.6213,-18.0791,1230.99,1229.33,1230.16,1.66,4.691637,0.786258,1.343018,0,2.351150,4.7972,41.901770,2.319424,-0.02405000,0.746709,0.035682,-0.021521,-0.029712,-0.700265,-2.381409,3.081674,1.060982,0.360717,1,1,1,1,45.9506,20.7144,-13.3040,17.3672,12.4680,4.8992,1.19,0.097044,1230.86,1231.45,1231.43,1229.82,81.40,0.681558,+,E50>E100>E20>E200,Btw_200-100,RANGE,1,-0.41254612,-0.42285836,0.01031224,40.8501,30.9332,-55.1084,1231.84,1229.81,1230.83,2.04,1.704273,0.404905,-0.162068,1,1.008774,-4.0494,-6.386630,-2.023628,0.00280000,1.011862,-0.056427,-0.041749,0.004294,-0.497259,1.366541,1.366541,-0.187724,-0.684982,1,1,1,1,0.0000,0.0000,0.0000,0.0000,0.0000,0.0000,0.00,0.000000,0.00,0.00,0.00,0.00,0.00,0.000000,,,,,0,0.00000000,0.00000000,0.00000000,0.0000,0.0000,0.0000,0.00,0.00,0.00,0.00,0.000000,0.000000,0.000000,0,0.000000,0.0000,0.000000,0.000000,0.00000000,0.000000,0.000000,0.000000,0.000000,0.000000,0.000000,0.000000,0.000000,0.000000,0,0,0,0,0.0000,0.0000,0.0000,0.0000,0.0000,0.0000,0.00,0.000000,0.00,0.00,0.00,0.00,0.00,0.000000,,,,,0,0.00000000,0.00000000,0.00000000,0.0000,0.0000,0.0000,0.00,0.00,0.00,0.00,0.000000,0.000000,0.000000,0,0.000000,0.0000,0.000000,0.000000,0.00000000,0.000000,0.000000,0.000000,0.000000,0.000000,0.000000,0.000000,0.000000,0.000000,0,0,0,0,0.0000,0.0000,0.0000,0.0000,0.0000,0.0000,0.00,0.000000,0.00,0.00,0.00,0.00,0.00,0.000000,,,,,0,0.00000000,0.00000000,0.00000000,0.0000,0.0000,0.0000,0.00,0.00,0.00,0.00,0.000000,0.000000,0.000000,0,0.000000,0.0000,0.000000,0.000000,0.00000000,0.000000,0.000000,0.000000,0.000000,0.000000,0.000000,0.000000,0.000000,0.000000,0,0,0,0,0.0000,0.0000,0.0000,0.0000,0.0000,0.0000,0.00,0.000000,0.00,0.00,0.00,0.00,0.00,0.000000,,,,,0,0.00000000,0.00000000,0.00000000,0.0000,0.0000,0.0000,0.00,0.00,0.00,0.00,0.000000,0.000000,0.000000,0,0.000000,0.0000,0.000000,0.000000,0.00000000,0.000000,0.000000,0.000000,0.000000,0.000000,0.000000,0.000000,0.000000,0.000000,0,0,0,0
3,2,0,1970.01.01 00:00:00,PROTOCOL_DISABLED,ACTUAL_PROFILE_D_EXECUTION,2,5,2,2014.01.03 13:21:41,BUY,LADDER,0,1228.56,1228.64,300.00,1233.32,1230.59,1228.44,1224.07,1219.26,1231.36,0,13,5,1,Overlap,3,TP2,1,0,1,0,1,2,3.73,7.40,0.00,29,0,1,0,4.10,1230.11,1229.96,1229.18,33.0805,38.6920,41.9287,34,23,18,11,5,16,0.454545,8.8482,0.762569,0.000000,18,0,0,2,2,33.2771,22.7032,-240.0354,17.5311,24.9268,7.3957,1.22,0.099186,1229.98,1230.33,1230.74,1231.25,300.88,-2.469773,-,E200>E100>E50>E20,Down_EMA20,DOWN,0,-0.24757515,-0.12763084,-0.11994431,22.5361,23.2914,-100.0000,1230.93,1228.91,1229.92,2.02,1.659132,-0.326399,-1.371106,1,-3.224691,-16.7229,-68.064534,-1.144483,0.15080000,2.624125,-0.046853,-0.027375,-0.013943,-0.287955,-0.756247,1.044202,-1.425570,-1.713525,1,1,1,1,31.5468,18.3408,-205.2968,15.0515,18.5012,3.4497,1.64,0.133381,1230.54,1231.29,1231.35,1229.80,154.91,-0.945571,-,E100>E50>E20>E200,Down_EMA200,RANGE,0,-0.62250152,-0.45412217,-0.16837934,22.4499,27.7949,-100.0000,1232.09,1229.12,1230.61,2.97,1.812854,-0.295311,-1.441782,1,-2.236688,-18.4532,-17.478030,-2.141985,0.10585000,1.477232,-0.072802,-0.044120,-0.000706,-0.462551,0.914677,0.949610,-1.397698,-1.860248,1,1,1,1,0.0000,0.0000,0.0000,0.0000,0.0000,0.0000,0.00,0.000000,0.00,0.00,0.00,0.00,0.00,0.000000,,,,,0,0.00000000,0.00000000,0.00000000,0.0000,0.0000,0.0000,0.00,0.00,0.00,0.00,0.000000,0.000000,0.000000,0,0.000000,0.0000,0.000000,0.000000,0.00000000,0.000000,0.000000,0.000000,0.000000,0.000000,0.000000,0.000000,0.000000,0.000000,0,0,0,0,0.0000,0.0000,0.0000,0.0000,0.0000,0.0000,0.00,0.000000,0.00,0.00,0.00,0.00,0.00,0.000000,,,,,0,0.00000000,0.00000000,0.00000000,0.0000,0.0000,0.0000,0.00,0.00,0.00,0.00,0.000000,0.000000,0.000000,0,0.000000,0.0000,0.000000,0.000000,0.00000000,0.000000,0.000000,0.000000,0.000000,0.000000,0.000000,0.000000,0.000000,0.000000,0,0,0,0,0.0000,0.0000,0.0000,0.0000,0.0000,0.0000,0.00,0.000000,0.00,0.00,0.00,0.00,0.00,0.000000,,,,,0,0.00000000,0.00000000,0.00000000,0.0000,0.0000,0.0000,0.00,0.00,0.00,0.00,0.000000,0.000000,0.000000,0,0.000000,0.0000,0.000000,0.000000,0.00000000,0.000000,0.000000,0.000000,0.000000,0.000000,0.000000,0.000000,0.000000,0.000000,0,0,0,0,0.0000,0.0000,0.0000,0.0000,0.0000,0.0000,0.00,0.000000,0.00,0.00,0.00,0.00,0.00,0.000000,,,,,0,0.00000000,0.00000000,0.00000000,0.0000,0.0000,0.0000,0.00,0.00,0.00,0.00,0.000000,0.000000,0.000000,0,0.000000,0.0000,0.000000,0.000000,0.00000000,0.000000,0.000000,0.000000,0.000000,0.000000,0.000000,0.000000,0.000000,0.000000,0,0,0,0
4,3,0,1970.01.01 00:00:00,PROTOCOL_DISABLED,ACTUAL_PROFILE_D_EXECUTION,3,8,1,2014.01.06 00:14:00,BUY,PROFILE_D_FULL,0,1235.23,1235.23,300.00,1239.39,1234.54,1230.73,1222.96,1214.42,1236.21,0,0,1,1,Asia,0,EMA->TP1,1,0,1,0,1,1,4.21,2.21,0.00,77,1,0,1,4.21,1235.04,1233.34,1232.85,20.6961,21.9847,33.1293,29,14,3,15,11,26,0.733333,12.4331,3.433725,0.000000,3,1,0,0,2,52.5367,35.3491,103.7419,19.6506,22.9668,3.3162,0.64,0.051628,1234.32,1235.06,1235.71,1236.20,140.39,-2.202235,-,E200>E100>E50>E20,Btw_50-20,DOWN,0,-0.34744985,-0.48120446,0.13375460,87.7589,62.5863,-4.9020,1235.55,1232.92,1234.23,2.63,4.120111,0.713377,0.879137,0,4.307836,2.5367,63.853874,-1.556800,0.02345000,1.225372,-0.046676,-0.070945,-0.035030,-1.164768,-1.775677,2.940445,0.738210,-0.426558,1,1,1,1,42.8481,47.6603,-95.9782,6.8251,31.6098,24.7846,1.77,0.143141,1235.64,1236.23,1235.80,1234.12,67.12,0.379755,-,E50>E100>E20>E200,Btw_200-100,RANGE,1,-0.71229800,-0.37061548,-0.34168252,35.3640,23.1462,-64.7273,1238.48,1233.54,1236.01,4.94,2.796203,0.254233,-0.687214,0,1.412099,-7.1519,12.660889,3.433465,0.21945000,2.637076,-0.102182,-0.049008,0.000951,-0.332854,1.192129,1.192129,-0.479520,-0.812374,1,1,1,1,0.0000,0.0000,0.0000,0.0000,0.0000,0.0000,0.00,0.000000,0.00,0.00,0.00,0.00,0.00,0.000000,,,,,0,0.00000000,0.00000000,0.00000000,0.0000,0.0000,0.0000,0.00,0.00,0.00,0.00,0.000000,0.000000,0.000000,0,0.000000,0.0000,0.000000,0.000000,0.00000000,0.000000,0.000000,0.000000,0.000000,0.000000,0.000000,0.000000,0.000000,0.000000,0,0,0,0,0.0000,0.0000,0.0000,0.0000,0.0000,0.0000,0.00,0.000000,0.00,0.00,0.00,0.00,0.00,0.000000,,,,,0,0.00000000,0.00000000,0.00000000,0.0000,0.0000,0.0000,0.00,0.00,0.00,0.00,0.000000,0.000000,0.000000,0,0.000000,0.0000,0.000000,0.000000,0.00000000,0.000000,0.000000,0.000000,0.000000,0.000000,0.000000,0.000000,0.000000,0.000000,0,0,0,0,0.0000,0.0000,0.0000,0.0000,0.0000,0.0000,0.00,0.000000,0.00,0.00,0.00,0.00,0.00,0.000000,,,,,0,0.00000000,0.00000000,0.00000000,0.0000,0.0000,0.0000,0.00,0.00,0.00,0.00,0.000000,0.000000,0.000000,0,0.000000,0.0000,0.000000,0.000000,0.00000000,0.000000,0.000000,0.000000,0.000000,0.000000,0.000000,0.000000,0.000000,0.000000,0,0,0,0,0.0000,0.0000,0.0000,0.0000,0.0000,0.0000,0.00,0.000000,0.00,0.00,0.00,0.00,0.00,0.000000,,,,,0,0.00000000,0.00000000,0.00000000,0.0000,0.0000,0.0000,0.00,0.00,0.00,0.00,0.000000,0.000000,0.000000,0,0.000000,0.0000,0.000000,0.000000,0.00000000,0.000000,0.000000,0.000000,0.000000,0.000000,0.000000,0.000000,0.000000,0.000000,0,0,0,0
5,4,0,1970.01.01 00:00:00,PROTOCOL_DISABLED,ACTUAL_PROFILE_D_EXECUTION,4,10,1,2014.01.07 23:45:17,BUY,PROFILE_D_FULL,0,1230.91,1230.91,300.00,1231.43,1230.83,1230.35,1229.39,1228.33,1231.24,0,23,2,1,Asia,0,NET_BASKET_BE,1,0,0,0,1,4,2.13,21.36,0.00,49,0,0,0,-1.58,1230.41,1230.41,1230.34,12.2928,21.1214,27.5967,18,11,3,7,8,15,1.142857,15.3038,0.713568,0.000000,3,0,0,0,3,40.0538,34.4990,-15.9252,26.5805,29.9280,3.3475,0.10,0.008085,1230.78,1231.14,1231.36,1231.23,59.47,-5.977064,-,E100>E200>E50>E20,Down_EMA200,RANGE,0,-0.21211692,-0.22868842,0.01657151,61.8838,44.0394,-58.9136,1231.15,1230.35,1230.75,0.80,7.997329,0.356987,-1.143719,0,1.443500,-9.9462,14.162786,-1.680731,-0.00690000,0.742537,-0.305417,-0.268698,-0.071937,-3.661792,-0.921132,5.912388,-1.394140,-5.055932,1,1,1,1,40.8191,34.9488,-95.6294,8.0176,28.0771,20.0595,0.36,0.029131,1231.31,1231.15,1231.55,1233.36,272.19,-7.592578,-,E200>E100>E20>E50,Down_EMA200,RANGE,0,-0.18515303,0.03422071,-0.21937374,24.1705,21.7426,-85.2130,1232.69,1230.42,1231.56,2.27,6.341442,0.095123,-2.567503,0,-0.811532,-9.1809,12.457234,3.335976,-0.06345000,0.530522,-0.216240,-0.052680,-0.075093,0.443710,-6.150040,6.150040,-1.886248,-1.442538,1,1,1,1,46.3170,31.2359,-95.4068,11.2535,13.2099,1.9564,0.95,0.077358,1231.05,1232.37,1234.45,1234.60,396.02,-4.159829,-,E200>E100>E50>E20,Down_EMA20,DOWN,0,-0.01675437,0.02290044,-0.03965481,19.5377,29.8769,-88.6320,1232.90,1228.90,1230.90,4.00,4.199908,0.434060,-0.276943,0,-1.754472,-3.6830,-33.419129,-3.818999,0.00845000,1.046441,0.007899,-0.056706,-0.036921,-1.386940,-2.343324,3.730264,-0.429565,-1.816506,1,1,1,1,0.0000,0.0000,0.0000,0.0000,0.0000,0.0000,0.00,0.000000,0.00,0.00,0.00,0.00,0.00,0.000000,,,,,0,0.00000000,0.00000000,0.00000000,0.0000,0.0000,0.0000,0.00,0.00,0.00,0.00,0.000000,0.000000,0.000000,0,0.000000,0.0000,0.000000,0.000000,0.00000000,0.000000,0.000000,0.000000,0.000000,0.000000,0.000000,0.000000,0.000000,0.000000,0,0,0,0,0.0000,0.0000,0.0000,0.0000,0.0000,0.0000,0.00,0.000000,0.00,0.00,0.00,0.00,0.00,0.000000,,,,,0,0.00000000,0.00000000,0.00000000,0.0000,0.0000,0.0000,0.00,0.00,0.00,0.00,0.000000,0.000000,0.000000,0,0.000000,0.0000,0.000000,0.000000,0.00000000,0.000000,0.000000,0.000000,0.000000,0.000000,0.000000,0.000000,0.000000,0.000000,0,0,0,0,0.0000,0.0000,0.0000,0.0000,0.0000,0.0000,0.00,0.000000,0.00,0.00,0.00,0.00,0.00,0.000000,,,,,0,0.00000000,0.00000000,0.00000000,0.0000,0.0000,0.0000,0.00,0.00,0.00,0.00,0.000000,0.000000,0.000000,0,0.000000,0.0000,0.000000,0.000000,0.00000000,0.000000,0.000000,0.000000,0.000000,0.000000,0.000000,0.000000,0.000000,0.000000,0,0,0,0
6,4,0,1970.01.01 00:00:00,PROTOCOL_DISABLED,ACTUAL_PROFILE_D_EXECUTION,4,11,2,2014.01.07 23:49:40,BUY,LADDER,0,1230.64,1230.39,300.00,1231.43,1230.83,1230.35,1229.39,1228.33,1231.24,0,23,2,1,Asia,0,NET_BASKET_BE,1,0,0,0,1,4,2.13,21.36,0.00,49,0,0,0,-2.63,1230.41,1230.41,1230.34,12.2928,21.1214,27.5967,22,15,7,7,8,15,1.142857,15.3038,0.277073,0.000000,7,0,0,0,3,34.5386,25.5299,-101.0296,23.4369,34.9502,11.5133,0.26,0.020827,1230.74,1231.07,1231.31,1231.21,85.71,-3.344707,-,E100>E200>E50>E20,Down_EMA200,RANGE,0,-0.16228465,-0.19961563,0.03733098,31.9747,58.2205,-98.1513,1231.09,1230.32,1230.71,0.77,3.003510,0.040440,-1.380293,0,-0.252689,-15.4614,-9.342583,-2.673069,0.03065000,2.487864,-0.040911,-0.069856,-0.021552,-1.300266,-0.542385,2.237428,-1.502056,-2.802322,1,1,1,1,37.6396,32.6193,-105.1589,12.5838,28.0771,15.4932,0.48,0.039237,1231.29,1231.14,1231.54,1233.36,300.31,-6.220846,-,E200>E100>E20>E50,Down_EMA200,RANGE,0,-0.20780830,0.03170345,-0.23951176,16.0469,19.0348,-99.4486,1232.73,1230.35,1231.54,2.38,4.922916,-0.000834,-2.465562,0,-1.447429,-12.3604,10.551331,2.870083,-0.03860000,0.714391,-0.171790,-0.043736,-0.056937,0.296550,-4.584362,4.584362,-1.933034,-1.636484,1,1,1,1,44.6159,31.2359,-104.0585,11.2535,13.2099,1.9564,1.08,0.087475,1231.02,1232.36,1234.45,1234.59,424.13,-3.940843,-,E200>E100>E50>E20,Down_EMA20,DOWN,0,-0.03940964,0.02038319,-0.05979282,14.8154,28.3028,-99.5761,1232.90,1228.88,1230.89,4.02,3.736024,0.367331,-0.495656,0,-2.094682,-5.3841,-35.149464,-3.818999,0.03330000,1.183017,0.001961,-0.052229,-0.033184,-1.241605,-2.080516,3.322122,-0.618721,-1.860326,1,1,1,1,0.0000,0.0000,0.0000,0.0000,0.0000,0.0000,0.00,0.000000,0.00,0.00,0.00,0.00,0.00,0.000000,,,,,0,0.00000000,0.00000000,0.00000000,0.0000,0.0000,0.0000,0.00,0.00,0.00,0.00,0.000000,0.000000,0.000000,0,0.000000,0.0000,0.000000,0.000000,0.00000000,0.000000,0.000000,0.000000,0.000000,0.000000,0.000000,0.000000,0.000000,0.000000,0,0,0,0,0.0000,0.0000,0.0000,0.0000,0.0000,0.0000,0.00,0.000000,0.00,0.00,0.00,0.00,0.00,0.000000,,,,,0,0.00000000,0.00000000,0.00000000,0.0000,0.0000,0.0000,0.00,0.00,0.00,0.00,0.000000,0.000000,0.000000,0,0.000000,0.0000,0.000000,0.000000,0.00000000,0.000000,0.000000,0.000000,0.000000,0.000000,0.000000,0.000000,0.000000,0.000000,0,0,0,0,0.0000,0.0000,0.0000,0.0000,0.0000,0.0000,0.00,0.000000,0.00,0.00,0.00,0.00,0.00,0.000000,,,,,0,0.00000000,0.00000000,0.00000000,0.0000,0.0000,0.0000,0.00,0.00,0.00,0.00,0.000000,0.000000,0.000000,0,0.000000,0.0000,0.000000,0.000000,0.00000000,0.000000,0.000000,0.000000,0.000000,0.000000,0.000000,0.000000,0.000000,0.000000,0,0,0,0
7,4,0,1970.01.01 00:00:00,PROTOCOL_DISABLED,ACTUAL_PROFILE_D_EXECUTION,4,12,3,2014.01.07 23:57:48,BUY,LADDER,0,1229.67,1229.62,300.00,1231.43,1230.83,1230.35,1229.39,1228.33,1231.24,0,23,2,1,Asia,0,NET_BASKET_BE,1,0,0,0,1,4,2.13,21.36,0.00,49,0,0,0,-1.02,1230.41,1230.34,1229.94,21.1214,27.5967,27.7609,23,15,6,8,9,17,1.125000,6.6395,1.742056,0.000000,6,0,0,0,3,20.5992,25.1945,-150.4890,19.0797,35.9827,16.9030,0.27,0.021760,1230.28,1230.76,1231.11,1231.11,182.10,-6.807505,-,E200>E100>E50>E20,Down_EMA20,DOWN,0,-0.32145763,-0.23726717,-0.08419046,8.9955,13.9328,-100.0000,1231.12,1229.59,1230.35,1.53,5.709287,-0.195211,-3.969159,0,-1.289436,-29.4008,8.818226,-0.773815,0.00475000,1.097436,-0.218994,-0.150872,-0.048069,-1.786537,-1.312622,3.099159,-3.708346,-5.494884,1,1,1,1,29.1542,39.1546,-162.2724,9.4518,42.1274,32.6755,0.56,0.045941,1230.99,1231.03,1231.47,1233.28,399.05,-7.066001,-,E200>E100>E50>E20,Down_EMA20,DOWN,0,-0.38512686,-0.09114786,-0.29397900,4.4697,11.1909,-100.0000,1232.83,1229.74,1231.29,3.09,5.469831,-0.145450,-3.530500,0,-2.204628,-20.8458,3.557502,2.774055,0.00400000,1.036714,-0.196625,-0.066716,-0.055975,-0.066848,-3.988906,4.055754,-3.010247,-3.077095,1,1,1,1,39.4583,34.4012,-165.2832,11.2535,21.7176,10.4641,1.34,0.109107,1230.92,1232.31,1234.43,1234.58,529.08,-3.944667,-,E200>E100>E50>E20,Down_EMA20,DOWN,0,-0.12396804,0.01098781,-0.13495585,12.4593,27.5174,-100.0000,1232.95,1228.72,1230.83,4.23,3.156714,0.136167,-1.148518,0,-3.126196,-10.5417,-47.394420,-3.185935,0.08630000,1.474306,-0.013480,-0.048108,-0.028200,-1.040568,-1.692583,2.733151,-1.211516,-2.252084,1,1,1,1,0.0000,0.0000,0.0000,0.0000,0.0000,0.0000,0.00,0.000000,0.00,0.00,0.00,0.00,0.00,0.000000,,,,,0,0.00000000,0.00000000,0.00000000,0.0000,0.0000,0.0000,0.00,0.00,0.00,0.00,0.000000,0.000000,0.000000,0,0.000000,0.0000,0.000000,0.000000,0.00000000,0.000000,0.000000,0.000000,0.000000,0.000000,0.000000,0.000000,0.000000,0.000000,0,0,0,0,0.0000,0.0000,0.0000,0.0000,0.0000,0.0000,0.00,0.000000,0.00,0.00,0.00,0.00,0.00,0.000000,,,,,0,0.00000000,0.00000000,0.00000000,0.0000,0.0000,0.0000,0.00,0.00,0.00,0.00,0.000000,0.000000,0.000000,0,0.000000,0.0000,0.000000,0.000000,0.00000000,0.000000,0.000000,0.000000,0.000000,0.000000,0.000000,0.000000,0.000000,0.000000,0,0,0,0,0.0000,0.0000,0.0000,0.0000,0.0000,0.0000,0.00,0.000000,0.00,0.00,0.00,0.00,0.00,0.000000,,,,,0,0.00000000,0.00000000,0.00000000,0.0000,0.0000,0.0000,0.00,0.00,0.00,0.00,0.000000,0.000000,0.000000,0,0.000000,0.0000,0.000000,0.000000,0.00000000,0.000000,0.000000,0.000000,0.000000,0.000000,0.000000,0.000000,0.000000,0.000000,0,0,0,0
8,4,0,1970.01.01 00:00:00,PROTOCOL_DISABLED,ACTUAL_PROFILE_D_EXECUTION,4,13,4,2014.01.08 00:14:04,BUY,LADDER,0,1228.64,1228.33,300.00,1231.43,1230.83,1230.35,1229.39,1228.33,1231.24,0,0,3,1,Asia,0,NET_BASKET_BE,1,0,0,0,1,4,2.13,21.36,0.00,49,0,0,0,7.36,1229.94,1229.29,1229.27,27.7609,24.0783,31.6760,23,17,9,6,8,14,1.333333,3.9151,1.547429,0.000000,9,0,0,0,3,21.6175,20.3336,-212.9469,20.8383,36.3279,15.4896,0.44,0.035618,1229.37,1230.02,1230.58,1230.83,252.60,-5.773727,-,E200>E100>E50>E20,Down_EMA20,DOWN,0,-0.39723769,-0.31280038,-0.08443730,2.2528,12.2693,-100.0000,1230.20,1228.55,1229.37,1.65,3.778904,-0.146567,-2.443314,0,-4.252062,-28.3825,-52.169518,0.246099,0.06055000,3.246753,-0.155852,-0.114083,-0.044915,-1.471800,-1.852726,3.324526,-2.449201,-3.921001,1,1,1,1,25.7912,48.9541,-157.5344,6.1528,37.9369,31.7841,0.77,0.062647,1230.51,1230.82,1231.33,1233.16,485.85,-6.313855,-,E200>E100>E50>E20,Down_EMA20,DOWN,0,-0.61484570,-0.29831247,-0.31653323,11.0638,10.3853,-100.0000,1233.03,1228.77,1230.90,4.26,5.535679,-0.109162,-3.372125,0,-2.461530,-24.2088,-10.827089,3.266954,0.05735000,1.593993,-0.203894,-0.085180,-0.050708,-0.403886,-3.046484,3.450369,-2.863485,-3.267371,1,1,1,1,35.3431,36.2280,-209.6752,9.7530,27.8322,18.0791,1.33,0.108605,1230.67,1232.16,1234.31,1234.52,621.85,-4.661534,-,E200>E100>E50>E20,Down_EMA20,DOWN,0,-0.32304208,-0.00461243,-0.31842965,2.5130,15.3293,-100.0000,1233.11,1228.41,1230.76,4.69,3.517592,-0.023786,-1.842466,0,-3.701758,-14.6569,-54.901618,-2.680674,0.11585000,1.767473,-0.063479,-0.067555,-0.033420,-1.114284,-1.772417,2.886701,-1.774833,-2.889117,1,1,1,1,0.0000,0.0000,0.0000,0.0000,0.0000,0.0000,0.00,0.000000,0.00,0.00,0.00,0.00,0.00,0.000000,,,,,0,0.00000000,0.00000000,0.00000000,0.0000,0.0000,0.0000,0.00,0.00,0.00,0.00,0.000000,0.000000,0.000000,0,0.000000,0.0000,0.000000,0.000000,0.00000000,0.000000,0.000000,0.000000,0.000000,0.000000,0.000000,0.000000,0.000000,0.000000,0,0,0,0,0.0000,0.0000,0.0000,0.0000,0.0000,0.0000,0.00,0.000000,0.00,0.00,0.00,0.00,0.00,0.000000,,,,,0,0.00000000,0.00000000,0.00000000,0.0000,0.0000,0.0000,0.00,0.00,0.00,0.00,0.000000,0.000000,0.000000,0,0.000000,0.0000,0.000000,0.000000,0.00000000,0.000000,0.000000,0.000000,0.000000,0.000000,0.000000,0.000000,0.000000,0.000000,0,0,0,0,0.0000,0.0000,0.0000,0.0000,0.0000,0.0000,0.00,0.000000,0.00,0.00,0.00,0.00,0.00,0.000000,,,,,0,0.00000000,0.00000000,0.00000000,0.0000,0.0000,0.0000,0.00,0.00,0.00,0.00,0.000000,0.000000,0.000000,0,0.000000,0.0000,0.000000,0.000000,0.00000000,0.000000,0.000000,0.000000,0.000000,0.000000,0.000000,0.000000,0.000000,0.000000,0,0,0,0
9,5,0,1970.01.01 00:00:00,PROTOCOL_DISABLED,ACTUAL_PROFILE_D_EXECUTION,5,18,1,2014.01.09 02:46:12,BUY,PROFILE_D_FULL,0,1226.82,1226.82,300.00,1228.23,1226.59,1225.29,1222.66,1219.76,1226.14,0,2,4,1,Asia,0,EMA->TP2,1,0,1,0,1,2,2.00,3.40,0.00,198,0,1,1,-0.06,1226.12,1226.04,1225.77,27.2113,37.7976,38.4406,17,9,3,8,6,14,0.750000,11.2292,1.825641,0.000000,3,2,3,0,4,50.8983,32.1476,139.3702,35.1949,19.1873,16.0076,0.20,0.015900,1226.35,1226.54,1226.48,1226.15,30.61,1.569894,+,E50>E100>E20>E200,Btw_50-20,RANGE,1,-0.12166228,-0.18305010,0.06138782,100.0000,80.0153,0.0000,1226.72,1225.89,1226.30,0.83,4.242809,0.682088,0.772564,0,2.262536,0.8983,42.553098,-1.374530,0.01330000,1.517510,-0.059177,-0.066589,0.004702,-0.950274,2.012289,2.012289,0.507879,-0.442395,1,1,1,1,51.0376,24.0585,-76.3811,15.9411,19.8900,3.9489,0.42,0.034062,1226.46,1225.97,1225.41,1225.59,86.69,2.075214,-,E20>E50>E200>E100,Btw_50-20,RANGE,1,0.14832506,0.29879664,-0.15047159,40.1605,25.0359,-65.2284,1227.67,1225.60,1226.64,2.07,4.953591,0.411132,-0.440215,0,-0.862360,1.0376,-15.799876,-0.663145,-0.03665000,0.695092,-0.041911,0.036613,0.017954,1.160654,0.929339,2.500883,-0.014779,1.145875,1,1,1,1,54.8656,21.4757,31.9677,17.0911,16.7460,0.3452,0.80,0.065005,1225.95,1225.48,1226.52,1228.75,230.09,-2.886032,+,E200>E100>E20>E50,Btw_100-50,RANGE,0,0.55766285,0.56087134,-0.00320849,34.8716,54.6633,-36.2585,1227.32,1224.58,1225.95,2.74,3.436019,0.681995,0.625337,0,-0.778285,4.8656,-25.433463,-1.267962,-0.18750000,0.459576,0.111051,0.065181,-0.026924,0.591569,-4.110199,4.110199,0.632599,1.224167,1,1,1,1,53.5066,26.7209,58.6177,16.3847,12.6266,3.7581,1.81,0.147866,1225.53,1226.54,1228.77,1228.31,185.59,-1.023364,+,E100>E200>E50>E20,Btw_50-20,RANGE,0,0.31474798,-0.00210583,0.31685381,66.9865,70.1533,-22.4176,1228.60,1220.93,1224.77,7.67,4.231420,0.719549,0.929005,0,0.439553,3.5066,1.807412,0.257227,0.14375000,1.656543,0.070428,-0.000691,-0.010143,-0.557670,-0.973295,1.784005,0.507601,-0.050069,1,1,1,1,0.0000,0.0000,0.0000,0.0000,0.0000,0.0000,0.00,0.000000,0.00,0.00,0.00,0.00,0.00,0.000000,,,,,0,0.00000000,0.00000000,0.00000000,0.0000,0.0000,0.0000,0.00,0.00,0.00,0.00,0.000000,0.000000,0.000000,0,0.000000,0.0000,0.000000,0.000000,0.00000000,0.000000,0.000000,0.000000,0.000000,0.000000,0.000000,0.000000,0.000000,0.000000,0,0,0,0,0.0000,0.0000,0.0000,0.0000,0.0000,0.0000,0.00,0.000000,0.00,0.00,0.00,0.00,0.00,0.000000,,,,,0,0.00000000,0.00000000,0.00000000,0.0000,0.0000,0.0000,0.00,0.00,0.00,0.00,0.000000,0.000000,0.000000,0,0.000000,0.0000,0.000000,0.000000,0.00000000,0.000000,0.000000,0.000000,0.000000,0.000000,0.000000,0.000000,0.000000,0.000000,0,0,0,0
10,5,0,1970.01.01 00:00:00,PROTOCOL_DISABLED,ACTUAL_PROFILE_D_EXECUTION,5,19,2,2014.01.09 05:59:55,BUY,LADDER,0,1225.72,1225.41,300.00,1228.23,1226.59,1225.29,1222.66,1219.76,1226.14,0,5,4,1,Asia,0,EMA->TP2,1,0,1,0,1,2,2.00,3.40,0.00,198,0,1,1,2.06,1226.53,1226.81,1226.04,29.5669,45.0568,20.4734,24,13,6,11,7,18,0.636364,9.0935,1.020833,0.000000,6,0,0,2,4,27.8772,26.0419,-202.6857,15.9433,33.8126,17.8693,0.48,0.039172,1226.56,1226.77,1226.88,1226.85,148.57,-3.095146,-,E100>E200>E50>E20,Down_EMA200,RANGE,0,-0.24311139,-0.14427068,-0.09884071,34.3750,58.1865,-100.0000,1227.90,1225.66,1226.78,2.24,4.656749,-0.133959,-2.952187,0,-2.108717,-22.1228,-15.780377,-1.162345,0.02460000,1.344538,-0.092764,-0.048073,-0.012445,-0.433414,-0.157818,0.647536,-2.503914,-2.937327,1,1,1,1,34.0637,20.5153,-286.7619,13.4775,29.7551,16.2776,0.93,0.075916,1226.76,1226.72,1226.25,1226.04,67.24,-0.722869,-,E20>E50>E100>E200,Down_EMA200,UP,0,-0.17112126,-0.04674152,-0.12437974,10.3110,26.7032,-100.0000,1227.62,1225.99,1226.80,1.63,1.755200,-0.382424,-1.548831,1,-1.997016,-15.9363,-43.240039,0.179346,0.11570000,2.644634,-0.037426,-0.008309,0.005865,0.043555,0.731686,0.775240,-1.498109,-1.454555,1,1,1,1,41.9410,17.6908,-225.0355,16.6914,23.0876,6.3962,1.17,0.095094,1226.65,1226.08,1226.64,1228.57,320.23,-2.748208,-,E200>E20>E100>E50,Down_EMA200,RANGE,0,0.28851971,0.52706131,-0.23854161,30.7358,40.6160,-100.0000,1228.03,1225.74,1226.89,2.29,1.963886,-0.166618,-1.309161,1,-3.067132,-8.0590,-48.712132,-0.689350,0.11685000,2.005594,-0.000254,0.023013,-0.016459,0.495155,-2.136954,2.136954,-1.106409,-0.611255,1,1,1,1,47.1416,26.4643,-40.5960,11.9955,14.5031,2.5076,1.28,0.104194,1226.12,1226.62,1228.56,1228.23,286.64,-2.245105,-,E100>E200>E50>E20,Down_EMA200,RANGE,0,0.39335947,0.42883543,-0.03547596,27.3304,45.4367,-69.1374,1228.88,1222.95,1225.91,5.94,4.648739,0.407081,-0.431956,0,-1.955301,-2.8584,-37.214535,-0.582410,-0.01680000,0.938269,0.053337,0.002448,-0.012146,-0.392560,-1.257978,1.910242,-0.594567,-0.987127,1,1,1,1,0.0000,0.0000,0.0000,0.0000,0.0000,0.0000,0.00,0.000000,0.00,0.00,0.00,0.00,0.00,0.000000,,,,,0,0.00000000,0.00000000,0.00000000,0.0000,0.0000,0.0000,0.00,0.00,0.00,0.00,0.000000,0.000000,0.000000,0,0.000000,0.0000,0.000000,0.000000,0.00000000,0.000000,0.000000,0.000000,0.000000,0.000000,0.000000,0.000000,0.000000,0.000000,0,0,0,0,0.0000,0.0000,0.0000,0.0000,0.0000,0.0000,0.00,0.000000,0.00,0.00,0.00,0.00,0.00,0.000000,,,,,0,0.00000000,0.00000000,0.00000000,0.0000,0.0000,0.0000,0.00,0.00,0.00,0.00,0.000000,0.000000,0.000000,0,0.000000,0.0000,0.000000,0.000000,0.00000000,0.000000,0.000000,0.000000,0.000000,0.000000,0.000000,0.000000,0.000000,0.000000,0,0,0,0
11,6,0,1970.01.01 00:00:00,PROTOCOL_DISABLED,ACTUAL_PROFILE_D_EXECUTION,6,22,1,2014.01.10 00:03:00,BUY,PROFILE_D_FULL,0,1229.35,1229.35,300.00,1230.26,1229.19,1228.36,1226.65,1224.79,1228.23,0,0,5,1,Asia,0,EMA->TP2,1,0,1,0,1,2,2.04,4.32,0.00,88,0,1,1,0.24,1228.75,1228.72,1228.60,28.0864,36.0201,52.6732,11,7,3,4,4,8,1.000000,24.5868,0.830189,0.000000,3,4,3,0,4,58.2975,16.5970,169.9113,30.8139,18.1048,12.7091,0.17,0.014016,1228.87,1228.66,1228.44,1228.24,74.05,4.299000,+,E20>E50>E100>E200,Up_EMA20,UP,1,0.05755150,0.06495450,-0.00740301,88.9847,86.4996,0.0000,1229.19,1228.66,1228.93,0.53,3.073261,0.595869,0.294630,0,0.585209,8.2975,40.421118,-0.759588,0.01915000,2.251634,0.028914,0.061930,0.039509,1.196511,2.464623,3.661134,0.637865,1.834376,1,1,1,1,62.8978,24.0599,69.8206,18.1538,20.7382,2.5843,0.26,0.021542,1228.47,1228.18,1227.84,1227.43,154.72,5.843859,-,E20>E50>E100>E200,Up_EMA20,UP,1,0.23376656,0.11757786,0.11618870,62.8144,69.8308,-13.0193,1229.25,1227.26,1228.26,1.99,7.510853,0.863289,2.728612,0,-0.513368,12.8978,-27.276753,-0.900943,-0.04300000,0.551850,0.235056,0.129836,0.058913,1.107424,2.805525,3.912949,1.930911,3.038335,1,1,1,1,58.6595,17.6001,110.6010,20.1049,18.7535,1.3514,0.65,0.052523,1228.21,1227.69,1227.37,1228.04,93.73,1.451976,+,E20>E200>E50>E100,Up_EMA200,RANGE,1,0.34765893,0.29468952,0.05296941,88.1671,84.7085,-13.0193,1229.44,1227.46,1228.45,1.98,3.066868,0.767748,0.821146,0,1.753805,8.6595,48.324195,-0.685745,0.04210000,1.483908,0.096137,0.066356,0.009461,0.805295,-0.551408,1.301334,1.198089,2.003384,1,1,1,1,56.3069,25.5235,67.9473,18.8520,8.5242,10.3278,0.79,0.064647,1227.94,1227.45,1228.09,1228.03,94.60,1.190714,+,E100>E200>E20>E50,Up_EMA200,RANGE,1,0.45283916,0.39478078,0.05805839,75.4747,54.2623,-22.0476,1230.30,1224.68,1227.49,5.62,7.074583,0.765213,1.876274,0,0.704189,6.3069,2.118802,-0.045473,-0.10735000,0.596808,0.080405,0.052655,0.004360,0.617246,-0.740218,0.804967,1.313687,1.930933,1,1,1,1,0.0000,0.0000,0.0000,0.0000,0.0000,0.0000,0.00,0.000000,0.00,0.00,0.00,0.00,0.00,0.000000,,,,,0,0.00000000,0.00000000,0.00000000,0.0000,0.0000,0.0000,0.00,0.00,0.00,0.00,0.000000,0.000000,0.000000,0,0.000000,0.0000,0.000000,0.000000,0.00000000,0.000000,0.000000,0.000000,0.000000,0.000000,0.000000,0.000000,0.000000,0.000000,0,0,0,0,0.0000,0.0000,0.0000,0.0000,0.0000,0.0000,0.00,0.000000,0.00,0.00,0.00,0.00,0.00,0.000000,,,,,0,0.00000000,0.00000000,0.00000000,0.0000,0.0000,0.0000,0.00,0.00,0.00,0.00,0.000000,0.000000,0.000000,0,0.000000,0.0000,0.000000,0.000000,0.00000000,0.000000,0.000000,0.000000,0.000000,0.000000,0.000000,0.000000,0.000000,0.000000,0,0,0,0
12,6,0,1970.01.01 00:00:00,PROTOCOL_DISABLED,ACTUAL_PROFILE_D_EXECUTION,6,23,2,2014.01.10 00:06:52,BUY,LADDER,0,1228.69,1228.43,300.00,1230.26,1229.19,1228.36,1226.65,1224.79,1228.23,0,0,5,1,Asia,0,EMA->TP2,1,0,1,0,1,2,2.04,4.32,0.00,88,0,1,1,1.80,1228.75,1228.72,1228.60,28.0864,36.0201,52.6732,14,10,6,4,4,8,1.000000,24.5868,0.694175,0.000000,6,4,1,0,4,36.2771,20.7503,-229.6235,11.9262,30.4849,18.5587,0.21,0.016770,1228.76,1228.64,1228.44,1228.25,13.64,0.661942,-,E20>E50>E100>E200,Btw_200-100,UP,1,-0.03462236,0.03343451,-0.06805687,8.6461,24.5256,-100.0000,1229.18,1228.48,1228.83,0.70,3.388786,-0.141393,-2.173544,0,-2.593408,-13.7229,-37.727595,0.707077,0.01180000,1.401361,-0.082407,0.001478,0.020341,0.595319,1.913608,2.508927,-1.846985,-1.251666,1,1,1,1,50.5053,24.5719,5.7982,15.7333,26.2463,10.5130,0.28,0.022957,1228.42,1228.17,1227.85,1227.44,94.39,3.347283,-,E20>E50>E100>E200,Btw_50-20,UP,1,0.17031388,0.13520584,0.03510804,24.3864,47.0659,-43.3131,1229.20,1227.31,1228.26,1.89,6.688883,0.566719,0.446277,0,-3.330386,0.5053,-36.598985,-1.200638,-0.04070000,0.580844,0.124130,0.085345,0.046610,0.908074,2.586889,3.494963,-0.147680,0.760394,1,1,1,1,53.2617,17.7704,65.6744,20.1049,22.1126,2.0076,0.70,0.057047,1228.15,1227.66,1227.35,1228.04,34.52,0.492616,-,E20>E200>E50>E100,Up_EMA200,RANGE,1,0.29995522,0.28938911,0.01056611,77.9710,81.3098,-43.3131,1229.38,1227.46,1228.42,1.92,2.738916,0.480175,-0.054299,0,0.674239,3.2617,39.338883,-0.651675,0.05315000,1.610920,0.072302,0.054431,0.007016,0.693994,-0.532907,1.134356,0.331529,1.025523,1,1,1,1,53.3639,25.5235,51.4759,18.8520,8.5242,10.3278,0.85,0.069176,1227.88,1227.42,1228.07,1228.03,35.40,0.416561,+,E100>E200>E20>E50,Up_EMA200,RANGE,1,0.40513546,0.38948037,0.01565509,64.9613,50.7578,-30.5154,1230.22,1224.70,1227.46,5.52,6.492613,0.667226,1.085731,0,0.115605,3.3639,-1.175479,-0.045473,-0.09630000,0.638310,0.061772,0.043712,0.002676,0.537688,-0.712685,0.766291,0.591558,1.129246,1,1,1,1,0.0000,0.0000,0.0000,0.0000,0.0000,0.0000,0.00,0.000000,0.00,0.00,0.00,0.00,0.00,0.000000,,,,,0,0.00000000,0.00000000,0.00000000,0.0000,0.0000,0.0000,0.00,0.00,0.00,0.00,0.000000,0.000000,0.000000,0,0.000000,0.0000,0.000000,0.000000,0.00000000,0.000000,0.000000,0.000000,0.000000,0.000000,0.000000,0.000000,0.000000,0.000000,0,0,0,0,0.0000,0.0000,0.0000,0.0000,0.0000,0.0000,0.00,0.000000,0.00,0.00,0.00,0.00,0.00,0.000000,,,,,0,0.00000000,0.00000000,0.00000000,0.0000,0.0000,0.0000,0.00,0.00,0.00,0.00,0.000000,0.000000,0.000000,0,0.000000,0.0000,0.000000,0.000000,0.00000000,0.000000,0.000000,0.000000,0.000000,0.000000,0.000000,0.000000,0.000000,0.000000,0,0,0,0
13,7,0,1970.01.01 00:00:00,PROTOCOL_DISABLED,ACTUAL_PROFILE_D_EXECUTION,7,26,1,2014.01.10 12:43:00,BUY,PROFILE_D_FULL,0,1233.23,1233.23,300.00,1233.89,1233.12,1232.52,1231.30,1229.95,1233.38,0,12,5,1,Overlap,3,EMA->TP1,1,0,1,0,1,1,2.01,1.27,0.00,27,1,0,1,2.01,1232.88,1232.79,1232.73,30.4544,30.9738,38.3422,21,12,4,9,8,17,0.888889,7.8878,1.422434,0.000000,4,3,3,0,4,43.1951,20.2467,-56.3840,17.5234,16.2972,1.2262,0.10,0.008496,1233.05,1233.24,1233.29,1233.37,50.13,-4.785390,+,E200>E100>E50>E20,Down_EMA20,DOWN,0,-0.15338643,-0.14294709,-0.01043934,32.0826,28.4706,-72.8516,1233.57,1232.61,1233.09,0.96,9.195043,0.274030,-2.077804,0,0.704116,-6.8049,10.312445,-0.460590,-0.02420000,0.464009,-0.244199,-0.164002,-0.050243,-1.821428,-1.195897,3.017325,-1.768065,-3.589492,1,1,1,1,44.4630,13.9083,-138.0687,16.7037,22.0429,5.3392,0.53,0.043111,1233.26,1233.38,1233.18,1232.02,84.84,1.596145,-,E50>E20>E100>E200,Btw_200-100,RANGE,1,-0.04774550,0.04832539,-0.09607089,16.7634,24.1376,-93.2785,1233.98,1232.62,1233.30,1.36,2.566691,0.183843,-0.811477,0,-0.612557,-5.5370,-30.328174,-0.454356,-0.06470000,0.621637,-0.033258,-0.019306,0.022047,-0.224125,2.563393,2.563393,-0.743123,-0.967249,1,1,1,1,46.9272,16.1323,-24.1775,15.1240,14.5575,0.5665,1.18,0.095732,1233.35,1232.62,1231.09,1230.05,281.89,2.388354,+,E20>E50>E100>E200,Btw_50-20,UP,1,-0.05965030,-0.03528737,-0.02436293,21.7529,40.0357,-56.2391,1235.38,1231.60,1233.49,3.78,3.201315,0.335629,-0.526202,0,-0.640636,-3.0728,0.537755,-0.629518,-0.01710000,0.932451,-0.012364,0.023675,0.027850,0.619545,2.176687,2.796232,-0.407878,0.211667,1,1,1,1,51.6681,29.8667,-67.5947,20.3797,12.1728,8.2069,1.13,0.091555,1232.98,1231.15,1230.11,1229.17,369.85,3.276621,+,E20>E50>E100>E200,Btw_50-20,UP,1,0.73923536,1.14761276,-0.40837739,60.3746,59.4289,-77.4082,1236.27,1231.45,1233.86,4.82,4.271711,0.293672,-0.881373,0,0.303415,1.6681,7.061250,-0.383931,-0.26215000,0.462697,0.035255,0.084110,0.037555,1.616064,1.757772,3.373836,-0.097215,1.518849,1,1,1,1,0.0000,0.0000,0.0000,0.0000,0.0000,0.0000,0.00,0.000000,0.00,0.00,0.00,0.00,0.00,0.000000,,,,,0,0.00000000,0.00000000,0.00000000,0.0000,0.0000,0.0000,0.00,0.00,0.00,0.00,0.000000,0.000000,0.000000,0,0.000000,0.0000,0.000000,0.000000,0.00000000,0.000000,0.000000,0.000000,0.000000,0.000000,0.000000,0.000000,0.000000,0.000000,0,0,0,0,0.0000,0.0000,0.0000,0.0000,0.0000,0.0000,0.00,0.000000,0.00,0.00,0.00,0.00,0.00,0.000000,,,,,0,0.00000000,0.00000000,0.00000000,0.0000,0.0000,0.0000,0.00,0.00,0.00,0.00,0.000000,0.000000,0.000000,0,0.000000,0.0000,0.000000,0.000000,0.00000000,0.000000,0.000000,0.000000,0.000000,0.000000,0.000000,0.000000,0.000000,0.000000,0,0,0,0
14,8,0,1970.01.01 00:00:00,PROTOCOL_DISABLED,ACTUAL_PROFILE_D_EXECUTION,8,28,1,2014.01.10 17:19:00,BUY,PROFILE_D_FULL,0,1244.14,1244.14,300.00,1245.52,1243.91,1242.65,1240.08,1237.24,1242.87,0,17,5,1,NewYork,2,EMA->TP1,1,0,1,0,1,1,2.02,1.30,0.00,32,1,0,1,2.02,1243.56,1243.46,1243.22,30.7902,35.7796,36.0790,16,13,5,3,8,11,2.666667,5.2888,1.664160,0.000000,5,4,1,0,4,49.2596,25.1693,41.6698,15.9400,21.0205,5.0805,0.20,0.016040,1243.77,1243.97,1243.98,1242.88,91.63,4.593181,-,E100>E50>E20>E200,Btw_50-20,RANGE,1,-0.09730686,-0.10348948,0.00618262,74.4816,60.5032,-26.4516,1244.20,1243.38,1243.79,0.83,4.143669,0.502601,0.010777,0,1.418722,-0.7404,41.280353,0.349455,-0.01620000,0.711230,-0.079147,-0.073381,0.038977,-0.999116,5.481877,5.519533,0.110420,-0.888696,1,1,1,1,51.3557,21.7530,-72.2704,10.4622,18.8494,8.3873,0.61,0.049245,1243.92,1242.11,1239.41,1236.28,751.32,12.266445,-,E20>E50>E100>E200,Btw_50-20,UP,1,0.30370465,0.55383447,-0.25012982,41.8002,49.7356,-78.9823,1245.76,1242.97,1244.36,2.79,4.548716,0.295574,-0.929878,0,-0.103666,1.3557,0.388349,-0.386402,-0.02395000,0.836463,-0.016181,0.126449,0.126989,2.960645,9.518877,12.479522,-0.213078,2.747567,1,1,1,1,61.7735,19.8820,-5.3004,9.5238,10.0083,0.4844,0.99,0.079254,1241.58,1237.74,1234.51,1232.07,1172.27,11.892192,-,E20>E50>E100>E200,Up_EMA20,UP,1,2.56999273,2.91058274,-0.34059000,22.7175,21.4175,-42.5543,1250.75,1231.46,1241.11,19.29,19.566858,0.639200,2.723713,0,-1.876425,11.7735,-18.224066,-2.799806,-0.18345000,0.517998,0.299628,0.275380,0.122752,3.901953,5.748043,9.649996,2.242195,6.144149,1,1,1,1,65.7437,34.6741,66.7685,16.5061,7.9326,8.5735,1.90,0.152859,1238.67,1234.47,1232.06,1230.27,1352.78,7.115222,+,E20>E50>E100>E200,Up_EMA20,UP,1,3.33256449,2.22164476,1.11091973,47.9534,67.7061,-19.1045,1247.90,1226.60,1237.25,21.30,11.205164,0.807203,3.442262,0,-0.368983,15.7437,-28.160061,1.556296,-1.45865000,0.206781,0.389211,0.231462,0.076402,2.207959,2.213341,4.421300,2.693922,4.901881,1,1,1,1,0.0000,0.0000,0.0000,0.0000,0.0000,0.0000,0.00,0.000000,0.00,0.00,0.00,0.00,0.00,0.000000,,,,,0,0.00000000,0.00000000,0.00000000,0.0000,0.0000,0.0000,0.00,0.00,0.00,0.00,0.000000,0.000000,0.000000,0,0.000000,0.0000,0.000000,0.000000,0.00000000,0.000000,0.000000,0.000000,0.000000,0.000000,0.000000,0.000000,0.000000,0.000000,0,0,0,0,0.0000,0.0000,0.0000,0.0000,0.0000,0.0000,0.00,0.000000,0.00,0.00,0.00,0.00,0.00,0.000000,,,,,0,0.00000000,0.00000000,0.00000000,0.0000,0.0000,0.0000,0.00,0.00,0.00,0.00,0.000000,0.000000,0.000000,0,0.000000,0.0000,0.000000,0.000000,0.00000000,0.000000,0.000000,0.000000,0.000000,0.000000,0.000000,0.000000,0.000000,0.000000,0,0,0,0
15,9,0,1970.01.01 00:00:00,PROTOCOL_DISABLED,ACTUAL_PROFILE_D_EXECUTION,9,30,1,2014.01.13 05:38:00,BUY,PROFILE_D_FULL,0,1251.89,1251.89,300.00,1254.25,1251.49,1249.33,1244.93,1240.10,1250.46,0,5,1,1,Asia,0,EMA->TP3,1,0,1,0,1,3,5.39,30.05,0.01,622,0,0,1,-2.55,1250.69,1250.65,1250.64,24.3476,39.6357,55.6240,13,10,5,3,5,8,1.666667,31.2764,0.181292,0.000000,5,4,4,0,4,56.5475,22.5357,106.7560,33.8400,15.0417,18.7983,0.26,0.020715,1251.23,1250.92,1250.65,1250.47,105.82,4.081642,+,E20>E50>E100>E200,Up_EMA20,UP,1,0.12342847,0.07580349,0.04762499,51.2814,47.4868,-42.3927,1251.76,1250.59,1251.17,1.18,4.547906,0.799692,1.362970,0,0.007329,6.5475,9.841337,-0.490005,-0.06465000,0.445064,0.092224,0.084376,0.037046,1.224535,1.721918,2.946452,1.135190,2.359724,1,1,1,1,57.8363,18.9448,69.2409,22.4050,18.7952,3.6098,0.81,0.064581,1250.73,1250.38,1249.16,1245.95,557.80,6.901286,+,E20>E50>E100>E200,Up_EMA20,UP,1,0.27896321,0.07414337,0.20481984,56.8205,58.7298,-18.7626,1252.13,1248.62,1250.38,3.50,4.335174,0.828519,1.424188,0,-1.008667,7.8363,-38.418207,-1.617463,-0.07940000,0.670608,0.090113,0.049728,0.067680,0.438177,5.481296,5.919473,0.981813,1.419990,1,1,1,1,61.6628,21.6861,74.0266,12.5059,12.4005,0.1053,1.71,0.136333,1250.30,1247.61,1243.19,1238.17,1335.92,7.829579,+,E20>E50>E100>E200,Up_EMA20,UP,1,0.87362057,0.97827698,-0.10465641,82.5980,86.1448,-20.6800,1252.71,1248.89,1250.80,3.82,2.238582,0.690505,0.426462,0,1.276802,11.6628,37.595804,-0.726007,0.17590000,2.063804,0.056448,0.087838,0.076945,1.574097,5.533328,7.107425,0.722154,2.296251,1,1,1,1,68.1103,23.7515,77.3358,16.5593,15.8863,0.6730,1.71,0.136453,1248.68,1243.33,1238.30,1234.08,1744.43,10.214780,+,E20>E50>E100>E200,Up_EMA20,UP,1,2.53481298,2.95964044,-0.42482747,63.4570,46.0736,-45.6010,1253.35,1244.57,1248.96,8.78,5.139800,0.792356,1.502650,0,0.610231,18.1103,-0.077715,-2.680560,0.00105000,1.003084,0.150186,0.188751,0.099070,3.134309,5.413428,8.547737,1.667043,4.801352,1,1,1,1,0.0000,0.0000,0.0000,0.0000,0.0000,0.0000,0.00,0.000000,0.00,0.00,0.00,0.00,0.00,0.000000,,,,,0,0.00000000,0.00000000,0.00000000,0.0000,0.0000,0.0000,0.00,0.00,0.00,0.00,0.000000,0.000000,0.000000,0,0.000000,0.0000,0.000000,0.000000,0.00000000,0.000000,0.000000,0.000000,0.000000,0.000000,0.000000,0.000000,0.000000,0.000000,0,0,0,0,0.0000,0.0000,0.0000,0.0000,0.0000,0.0000,0.00,0.000000,0.00,0.00,0.00,0.00,0.00,0.000000,,,,,0,0.00000000,0.00000000,0.00000000,0.0000,0.0000,0.0000,0.00,0.00,0.00,0.00,0.000000,0.000000,0.000000,0,0.000000,0.0000,0.000000,0.000000,0.00000000,0.000000,0.000000,0.000000,0.000000,0.000000,0.000000,0.000000,0.000000,0.000000,0,0,0,0
16,9,0,1970.01.01 00:00:00,PROTOCOL_DISABLED,ACTUAL_PROFILE_D_EXECUTION,9,31,2,2014.01.13 06:34:58,BUY,LADDER,0,1249.84,1249.53,300.00,1254.25,1251.49,1249.33,1244.93,1240.10,1250.46,0,6,1,1,Asia,0,EMA->TP3,1,0,1,0,1,3,5.39,30.05,0.01,622,0,0,1,-1.00,1251.23,1251.26,1250.98,57.7807,44.3360,49.0204,22,16,8,6,8,14,1.333333,8.7603,0.396707,0.000000,8,3,0,0,4,17.9112,60.6012,-221.0526,3.6787,43.0483,39.3695,0.64,0.051043,1251.01,1251.19,1251.08,1250.83,139.11,-2.181294,-,E50>E100>E20>E200,Down_EMA200,RANGE,0,-0.30473638,-0.09058461,-0.21415177,17.4433,31.0378,-100.0000,1252.26,1250.13,1251.20,2.13,3.341746,-0.324466,-2.755155,0,-4.682503,-32.0888,-12.415655,4.016165,0.06645000,2.087561,-0.128674,-0.053756,-0.006358,-0.290388,0.560942,0.560942,-2.451848,-2.742236,1,1,1,1,35.9142,16.1522,-336.4901,10.3744,24.6007,14.2263,0.83,0.066210,1250.97,1250.66,1249.56,1246.50,294.67,3.562065,-,E20>E50>E100>E200,Btw_200-100,UP,1,0.07457828,0.25705488,-0.18247660,13.7160,42.7170,-100.0000,1252.34,1250.06,1251.20,2.27,2.748689,-0.272961,-2.124630,0,-4.203799,-14.0858,-77.379205,0.429335,0.09105000,2.223790,-0.011393,0.016084,0.055651,0.380344,5.029499,5.409843,-1.847778,-1.467434,1,1,1,1,46.4010,21.8208,-55.3294,7.0554,21.1617,14.1063,1.02,0.081616,1250.44,1248.08,1243.77,1238.66,1077.89,10.570168,-,E20>E50>E100>E200,Btw_50-20,UP,1,0.61454593,0.81676263,-0.20221670,38.3286,58.5491,-78.7914,1252.26,1249.33,1250.80,2.93,2.876026,0.037750,-1.329443,0,-2.577695,-3.5990,-23.374707,-0.627326,-0.13520000,0.601356,0.052852,0.122631,0.123276,2.314521,9.230007,11.544528,-0.974361,1.340160,1,1,1,1,57.6758,22.0842,-35.6005,12.4379,23.1159,10.6781,1.72,0.137942,1248.93,1243.85,1238.76,1234.40,1504.15,8.727300,-,E20>E50>E100>E200,Up_EMA20,UP,1,2.17162472,2.72894779,-0.55732307,53.5156,60.4343,-73.8809,1253.14,1245.73,1249.43,7.41,4.297758,0.501235,0.005309,0,-1.225325,7.6758,-11.083497,-1.797115,0.07115000,1.260099,0.122997,0.173194,0.096367,2.950772,5.481304,8.432076,0.295223,3.245995,1,1,1,1,0.0000,0.0000,0.0000,0.0000,0.0000,0.0000,0.00,0.000000,0.00,0.00,0.00,0.00,0.00,0.000000,,,,,0,0.00000000,0.00000000,0.00000000,0.0000,0.0000,0.0000,0.00,0.00,0.00,0.00,0.000000,0.000000,0.000000,0,0.000000,0.0000,0.000000,0.000000,0.00000000,0.000000,0.000000,0.000000,0.000000,0.000000,0.000000,0.000000,0.000000,0.000000,0,0,0,0,0.0000,0.0000,0.0000,0.0000,0.0000,0.0000,0.00,0.000000,0.00,0.00,0.00,0.00,0.00,0.000000,,,,,0,0.00000000,0.00000000,0.00000000,0.0000,0.0000,0.0000,0.00,0.00,0.00,0.00,0.000000,0.000000,0.000000,0,0.000000,0.0000,0.000000,0.000000,0.00000000,0.000000,0.000000,0.000000,0.000000,0.000000,0.000000,0.000000,0.000000,0.000000,0,0,0,0
17,9,0,1970.01.01 00:00:00,PROTOCOL_DISABLED,ACTUAL_PROFILE_D_EXECUTION,9,32,3,2014.01.13 09:11:40,BUY,LADDER,0,1246.36,1245.99,300.00,1254.25,1251.49,1249.33,1244.93,1240.10,1250.46,0,9,1,1,London,1,EMA->TP3,1,0,1,0,1,3,5.39,30.05,0.01,622,0,0,1,8.94,1248.04,1246.54,1246.96,39.5755,15.2622,70.1323,31,21,11,10,10,20,1.000000,30.5568,2.567342,0.000000,11,2,0,0,4,21.5168,46.4737,-213.3821,6.4167,48.7759,42.3592,0.42,0.033669,1247.26,1247.70,1248.28,1249.00,303.42,-7.232864,-,E200>E100>E50>E20,Down_EMA20,DOWN,0,-0.27929433,-0.10290472,-0.17638961,0.9383,3.3510,-100.0000,1248.30,1246.29,1247.30,2.00,4.775534,-0.164367,-3.172706,0,-4.102299,-28.4832,-40.627070,4.036781,0.04310000,2.056373,-0.165135,-0.099283,-0.054267,-1.061367,-3.095214,4.156581,-3.076283,-4.137649,1,1,1,1,30.6771,43.6467,-155.6555,11.1335,32.0763,20.9428,1.06,0.085034,1248.06,1249.07,1249.13,1247.11,114.82,-1.083740,-,E100>E50>E20>E200,Down_EMA200,RANGE,0,-0.80351758,-0.65937732,-0.14414025,31.0427,44.5079,-100.0000,1249.92,1246.40,1248.16,3.52,3.324920,-0.122085,-2.068381,0,-0.326250,-19.3229,6.696266,0.210929,0.08940000,1.729796,-0.130653,-0.085102,-0.000625,-0.948177,1.845425,1.903201,-1.980988,-2.929165,1,1,1,1,28.9761,57.0792,-158.6066,3.7140,32.9294,29.2154,1.42,0.114289,1249.14,1248.25,1244.66,1239.62,634.66,4.456866,-,E20>E50>E100>E200,Btw_100-50,UP,1,-0.58110797,-0.00509405,-0.57601392,13.8577,20.4698,-100.0000,1252.70,1246.82,1249.76,5.88,4.131656,-0.145460,-2.666819,0,-3.262927,-21.0239,-4.502584,2.950248,0.06195000,1.277990,-0.139486,-0.017185,0.058461,0.627260,6.059906,6.687166,-2.230300,-1.603040,1,1,1,1,42.3899,37.5565,-196.2641,6.0814,28.5876,22.5062,2.11,0.169307,1248.55,1244.61,1239.65,1235.07,1089.46,5.164522,-,E20>E50>E100>E200,Btw_50-20,UP,1,0.87615073,1.89655386,-1.02040313,10.7329,19.2370,-100.0000,1252.75,1246.72,1249.74,6.04,2.861280,-0.124806,-1.787746,0,-2.874358,-7.6101,-30.288946,3.081486,0.06595000,1.185279,-0.034312,0.073483,0.063702,1.866656,4.524513,6.391170,-1.226648,0.640008,1,1,1,1,0.0000,0.0000,0.0000,0.0000,0.0000,0.0000,0.00,0.000000,0.00,0.00,0.00,0.00,0.00,0.000000,,,,,0,0.00000000,0.00000000,0.00000000,0.0000,0.0000,0.0000,0.00,0.00,0.00,0.00,0.000000,0.000000,0.000000,0,0.000000,0.0000,0.000000,0.000000,0.00000000,0.000000,0.000000,0.000000,0.000000,0.000000,0.000000,0.000000,0.000000,0.000000,0,0,0,0,0.0000,0.0000,0.0000,0.0000,0.0000,0.0000,0.00,0.000000,0.00,0.00,0.00,0.00,0.00,0.000000,,,,,0,0.00000000,0.00000000,0.00000000,0.0000,0.0000,0.0000,0.00,0.00,0.00,0.00,0.000000,0.000000,0.000000,0,0.000000,0.0000,0.000000,0.000000,0.00000000,0.000000,0.000000,0.000000,0.000000,0.000000,0.000000,0.000000,0.000000,0.000000,0,0,0,0
18,10,0,1970.01.01 00:00:00,PROTOCOL_DISABLED,ACTUAL_PROFILE_D_EXECUTION,10,36,1,2014.01.15 16:12:00,SELL,PROFILE_D_FULL,0,1241.24,1241.24,300.00,1238.03,1241.78,1244.72,1250.70,1257.27,1238.28,0,16,3,1,NewYork,2,EMA->TP1,1,0,1,0,1,1,2.91,2.22,0.00,188,1,0,1,2.91,1241.79,1242.24,1242.26,74.3427,73.8853,61.3260,17,7,3,10,4,14,0.400000,13.0167,0.914894,0.000000,3,2,1,0,5,55.8366,22.6563,-60.8412,18.1286,20.0871,1.9585,0.52,0.041652,1241.10,1239.99,1238.95,1238.31,293.29,5.672998,-,E20>E50>E100>E200,Up_EMA20,UP,1,0.55271991,0.69407119,-0.14135129,30.1509,43.3211,-62.6543,1242.57,1239.89,1241.23,2.67,5.171665,0.505460,0.028240,0,-1.631153,5.8366,-23.118122,-2.044055,0.00755000,1.078769,0.115632,0.136406,0.065075,2.146160,3.244186,5.390345,0.282653,2.428813,1,1,1,1,65.5282,51.1482,109.5798,24.7807,6.1598,18.6209,1.33,0.107131,1239.09,1238.32,1238.60,1240.05,119.50,0.898637,+,E200>E20>E100>E50,Up_EMA200,RANGE,1,1.09961157,0.62033093,0.47928065,85.1290,85.7734,-16.0221,1242.18,1234.66,1238.42,7.52,5.658668,0.874930,2.121602,0,0.571048,15.5282,-4.132312,3.254217,-0.02090000,0.927140,0.202628,0.093303,0.008113,0.580178,-1.297821,1.297821,1.616280,2.196458,1,1,1,1,63.5031,27.0843,194.4407,28.0948,10.8255,17.2693,2.24,0.180303,1238.46,1239.33,1241.46,1243.14,189.47,-0.846587,+,E200>E100>E50>E20,Btw_100-50,DOWN,0,0.15021427,-0.49247570,0.64268997,80.7882,81.9352,-12.6622,1240.99,1235.36,1238.18,5.63,2.515080,1.044855,1.370353,0,3.302219,13.5031,45.737548,0.080362,0.06070000,1.156888,0.064030,0.002266,-0.017170,-0.390222,-1.699827,2.090049,1.243462,0.853241,1,1,1,1,55.7027,23.6256,187.6266,25.5510,14.5245,11.0265,2.69,0.217020,1239.22,1241.54,1243.15,1241.53,28.97,-0.107564,+,E100>E50>E200>E20,Btw_50-20,RANGE,0,-0.68737007,-1.27855584,0.59118577,82.5133,68.3629,-12.6622,1242.16,1235.57,1238.87,6.60,2.448301,0.860388,0.882339,0,3.677844,5.7027,58.453976,-0.211143,-0.05030000,0.914608,-0.005524,-0.042728,-0.010172,-0.861629,0.003340,1.458889,0.750725,-0.110904,1,1,1,1,48.5314,16.1576,103.2728,22.6086,19.3403,3.2683,4.17,0.335893,1240.82,1243.12,1241.58,1236.01,522.94,1.254283,+,E50>E100>E20>E200,Btw_50-20,RANGE,1,-1.95899401,-2.47714721,0.51815321,78.5837,60.2544,-13.8444,1244.95,1235.73,1240.34,9.22,2.212572,0.597948,0.216718,0,1.846803,-1.4686,35.346198,-0.189685,0.34470000,1.704692,-0.056448,-0.045301,0.006815,-0.552786,1.705038,1.705038,0.102032,-0.450754,1,1,1,1,0.0000,0.0000,0.0000,0.0000,0.0000,0.0000,0.00,0.000000,0.00,0.00,0.00,0.00,0.00,0.000000,,,,,0,0.00000000,0.00000000,0.00000000,0.0000,0.0000,0.0000,0.00,0.00,0.00,0.00,0.000000,0.000000,0.000000,0,0.000000,0.0000,0.000000,0.000000,0.00000000,0.000000,0.000000,0.000000,0.000000,0.000000,0.000000,0.000000,0.000000,0.000000,0,0,0,0
19,11,0,1970.01.01 00:00:00,PROTOCOL_DISABLED,ACTUAL_PROFILE_D_EXECUTION,11,38,1,2014.01.16 12:39:00,SELL,PROFILE_D_FULL,0,1238.94,1238.94,300.00,1236.52,1239.35,1241.56,1246.07,1251.02,1238.04,0,12,4,1,Overlap,3,EMA->TP3,1,0,1,0,1,3,2.58,22.35,0.00,139,0,0,1,-2.72,1238.59,1238.68,1239.74,76.6201,67.6090,66.5366,30,21,3,9,18,27,2.000000,10.0834,4.220183,0.000000,3,3,1,0,5,55.3189,33.4531,24.1907,20.1491,26.5190,6.3699,0.27,0.021995,1238.81,1238.41,1238.08,1238.05,89.17,3.272404,-,E20>E50>E100>E200,Up_EMA20,UP,1,0.22015571,0.21046409,0.00969162,25.5701,41.3950,-58.9443,1239.34,1238.28,1238.81,1.07,3.920009,0.620904,0.473945,0,-1.072588,5.3189,-18.427997,0.978046,0.02690000,1.974638,0.162991,0.123019,0.042524,1.452487,1.333107,2.785593,0.486811,1.939298,1,1,1,1,61.3130,44.2993,130.7678,33.3842,8.6472,24.7369,0.55,0.044332,1238.10,1238.17,1238.81,1239.45,50.97,-0.928043,+,E200>E100>E50>E20,Btw_200-100,DOWN,0,0.30185010,0.12867512,0.17317498,62.3762,77.5424,-28.1119,1239.11,1236.74,1237.93,2.37,4.314112,0.926077,1.838143,0,1.414366,11.3130,3.670858,1.878301,-0.02360000,0.823155,0.153398,0.045882,-0.013288,-0.129571,-2.324362,2.453933,1.525890,1.396319,1,1,1,1,52.4783,36.2909,183.1694,30.4437,8.3558,22.0879,1.07,0.085981,1238.28,1239.16,1239.96,1241.30,235.87,-2.214223,+,E200>E100>E50>E20,Btw_50-20,DOWN,0,-0.50158897,-0.83960029,0.33801132,72.3812,66.4500,-24.5122,1239.18,1236.27,1237.73,2.91,2.730959,0.915928,1.135884,0,2.370662,2.4783,39.057233,0.087113,-0.00125000,0.994167,-0.014616,-0.043365,-0.030883,-0.822015,-2.010190,2.832205,0.617982,-0.204033,1,1,1,1,48.9104,24.8236,10.7302,26.6157,12.2051,14.4106,1.32,0.106280,1238.92,1239.91,1241.25,1240.95,201.00,-1.526460,+,E100>E200>E50>E20,Btw_50-20,RANGE,0,-0.68442751,-0.65472684,-0.02970067,69.8287,54.8420,-65.1634,1243.65,1235.41,1239.53,8.24,6.258402,0.428714,-0.446136,0,2.304898,-1.0896,22.158332,-1.221718,-0.13540000,0.660439,-0.090011,-0.065829,-0.023525,-0.753608,-0.788167,1.774137,0.015315,-0.738293,1,1,1,1,45.8598,17.1454,-55.8402,19.5134,14.9389,4.5745,2.05,0.165444,1239.68,1241.29,1241.00,1236.66,227.78,1.111264,+,E50>E100>E20>E200,Btw_200-100,RANGE,1,-0.81179851,-0.53355819,-0.27824032,30.7795,25.4792,-65.1634,1242.76,1236.94,1239.85,5.82,2.837091,0.343500,-0.444005,0,0.453661,-4.1402,-0.620553,-0.660614,-0.04100000,0.909081,-0.097193,-0.068369,0.007290,-0.787644,2.258271,2.258271,-0.359363,-1.147007,1,1,1,1,0.0000,0.0000,0.0000,0.0000,0.0000,0.0000,0.00,0.000000,0.00,0.00,0.00,0.00,0.00,0.000000,,,,,0,0.00000000,0.00000000,0.00000000,0.0000,0.0000,0.0000,0.00,0.00,0.00,0.00,0.000000,0.000000,0.000000,0,0.000000,0.0000,0.000000,0.000000,0.00000000,0.000000,0.000000,0.000000,0.000000,0.000000,0.000000,0.000000,0.000000,0.000000,0,0,0,0
20,11,0,1970.01.01 00:00:00,PROTOCOL_DISABLED,ACTUAL_PROFILE_D_EXECUTION,11,39,2,2014.01.16 13:33:29,SELL,LADDER,0,1241.08,1241.36,300.00,1236.52,1239.35,1241.56,1246.07,1251.02,1238.04,0,13,4,1,Overlap,3,EMA->TP3,1,0,1,0,1,3,2.58,22.35,0.00,139,0,0,1,-1.15,1238.14,1238.44,1239.35,61.1764,60.0400,63.5576,24,19,8,5,11,16,2.200000,2.3812,0.743527,0.000000,8,1,0,2,5,67.5798,16.8723,194.0192,24.2026,15.4410,8.7617,1.62,0.130692,1239.15,1238.65,1238.39,1238.24,284.76,1.755605,+,E20>E50>E100>E200,Up_EMA20,UP,1,0.59462594,0.35157577,0.24305017,84.9158,81.3901,-0.6225,1240.82,1236.97,1238.89,3.85,2.373086,1.068646,1.349445,0,2.446122,17.5798,30.889404,-0.530671,0.23745000,3.730880,0.081735,0.040048,0.011664,0.313154,0.252756,0.565909,1.189696,1.502849,1,1,1,1,67.4732,24.1173,161.3594,26.7668,13.9817,12.7851,1.89,0.152226,1238.51,1238.34,1238.77,1239.36,172.20,0.911499,+,E200>E100>E20>E50,Up_EMA200,RANGE,1,0.34851692,0.18745869,0.16105823,85.2793,73.8621,-0.6031,1240.07,1236.99,1238.53,3.07,1.626720,1.330611,1.351171,1,3.612994,17.4732,54.973797,-1.188027,0.15390000,1.687207,0.038136,0.015356,-0.002197,0.093435,-0.541291,0.541291,1.359354,1.452789,1,1,1,1,62.6496,33.2788,200.5477,27.8544,12.4582,15.3962,2.39,0.192574,1238.49,1239.11,1239.87,1241.20,11.62,-0.048632,+,E200>E100>E50>E20,Btw_200-100,DOWN,0,-0.11975832,-0.56203813,0.44227981,66.8109,49.6011,-0.5429,1239.80,1235.94,1237.87,3.86,1.615861,1.331429,1.343473,1,2.645148,12.6496,7.614678,0.032588,0.30520000,2.766204,0.023029,-0.004838,-0.010224,-0.259750,-0.875242,1.134992,1.086360,0.826610,1,1,1,1,57.3894,24.5872,127.9759,23.4278,11.9727,11.4551,2.50,0.201034,1238.97,1239.85,1241.17,1240.91,17.13,0.068648,+,E100>E200>E50>E20,Btw_100-50,RANGE,1,-0.44862255,-0.71755396,0.26893141,65.5744,57.7497,-15.4967,1243.61,1235.15,1239.38,8.46,3.389631,0.701534,0.683126,0,3.406529,7.3894,39.019928,-0.351154,0.14955000,1.427958,-0.010809,-0.020778,-0.009342,-0.352149,-0.425539,0.881130,0.846336,0.494187,1,1,1,1,53.2440,18.1121,-1.0888,21.3024,12.9470,8.3554,2.50,0.201719,1239.70,1241.24,1240.98,1236.69,438.98,1.753463,+,E50>E100>E20>E200,Btw_50-20,RANGE,1,-0.67893651,-0.56170346,-0.11723305,53.5472,33.4426,-36.5577,1242.95,1236.80,1239.87,6.15,2.456946,0.696969,0.483942,0,2.584080,3.2440,36.330612,-0.301576,-0.02875000,0.945698,-0.055710,-0.047289,0.007529,-0.611655,1.814634,1.814634,0.550484,-0.061171,1,1,1,1,0.0000,0.0000,0.0000,0.0000,0.0000,0.0000,0.00,0.000000,0.00,0.00,0.00,0.00,0.00,0.000000,,,,,0,0.00000000,0.00000000,0.00000000,0.0000,0.0000,0.0000,0.00,0.00,0.00,0.00,0.000000,0.000000,0.000000,0,0.000000,0.0000,0.000000,0.000000,0.00000000,0.000000,0.000000,0.000000,0.000000,0.000000,0.000000,0.000000,0.000000,0.000000,0,0,0,0
21,11,0,1970.01.01 00:00:00,PROTOCOL_DISABLED,ACTUAL_PROFILE_D_EXECUTION,11,40,3,2014.01.16 14:03:00,SELL,LADDER,0,1243.81,1244.98,300.00,1236.52,1239.35,1241.56,1246.07,1251.02,1238.04,0,14,4,1,Overlap,3,EMA->TP3,1,0,1,0,1,3,2.58,22.35,0.00,139,0,0,1,6.45,1239.35,1241.57,1242.03,63.5576,65.4367,58.6063,38,27,18,11,9,20,0.818182,4.9513,3.343731,0.000000,18,0,0,0,5,77.8173,35.1149,260.8314,44.8418,7.1399,37.7019,0.80,0.064439,1241.40,1240.49,1239.66,1239.00,480.99,6.001164,+,E20>E50>E100>E200,Up_EMA20,UP,1,0.61151361,0.33130612,0.28020749,97.5286,92.2293,0.0000,1242.91,1239.58,1241.25,3.33,4.155515,1.268605,3.193949,0,3.876974,27.8173,45.155526,3.438704,0.06820000,1.740499,0.158541,0.099932,0.041609,1.142721,1.854390,2.997111,3.004054,4.146775,1,1,1,1,74.4354,29.9643,146.3682,30.8962,9.1196,21.7766,1.58,0.126848,1239.89,1239.01,1239.07,1239.48,432.66,2.742285,+,E20>E200>E100>E50,Up_EMA200,RANGE,1,1.02641419,0.55629083,0.47012336,79.5763,76.2992,0.0000,1242.65,1236.29,1239.47,6.36,4.033223,1.182000,2.750658,0,1.428208,24.4354,-19.045134,0.803622,-0.06605000,0.826913,0.144971,0.072165,0.013418,0.557556,-0.299933,0.557556,2.484662,3.042218,1,1,1,1,70.2969,37.6271,234.0457,32.6049,9.3575,23.2474,2.85,0.229175,1239.24,1239.38,1239.98,1241.23,258.15,0.905642,+,E200>E100>E50>E20,Up_EMA200,DOWN,1,0.49719858,-0.29873534,0.79593393,93.4609,79.9079,0.0000,1241.87,1234.87,1238.37,7.00,2.455489,1.276434,1.906525,0,5.002328,20.2969,33.622246,0.339191,0.30950000,2.187644,0.071374,0.019565,-0.002431,-0.047094,-0.648502,0.695596,1.601238,1.554144,1,1,1,1,64.8315,28.0565,288.5077,29.8287,10.3763,19.4523,3.09,0.248792,1239.43,1240.01,1241.22,1240.94,286.83,0.926887,+,E100>E200>E50>E20,Up_EMA200,RANGE,1,-0.00690163,-0.66033702,0.65343540,83.6307,65.7261,0.0000,1244.02,1234.94,1239.48,9.08,2.935637,0.976381,1.398481,0,4.360939,14.8315,69.259064,0.925173,0.32800000,2.127535,0.030186,-0.000416,-0.003479,-0.184900,-0.302064,0.578000,1.413851,1.228950,1,1,1,1,60.3557,21.8327,131.2354,28.1845,11.2207,16.9638,2.91,0.233697,1240.10,1241.34,1241.03,1236.76,704.48,2.423598,+,E50>E100>E20>E200,Up_EMA200,RANGE,1,-0.27241530,-0.56002383,0.28760854,81.9170,51.8849,-0.1868,1243.60,1236.57,1240.08,7.03,2.419981,1.029514,1.281414,0,3.391166,10.3557,56.766465,0.586137,0.03050000,1.055369,-0.009579,-0.025197,0.009956,-0.426709,1.573436,1.573436,1.276871,0.850162,1,1,1,1,0.0000,0.0000,0.0000,0.0000,0.0000,0.0000,0.00,0.000000,0.00,0.00,0.00,0.00,0.00,0.000000,,,,,0,0.00000000,0.00000000,0.00000000,0.0000,0.0000,0.0000,0.00,0.00,0.00,0.00,0.000000,0.000000,0.000000,0,0.000000,0.0000,0.000000,0.000000,0.00000000,0.000000,0.000000,0.000000,0.000000,0.000000,0.000000,0.000000,0.000000,0.000000,0,0,0,0
22,12,0,1970.01.01 00:00:00,PROTOCOL_DISABLED,ACTUAL_PROFILE_D_EXECUTION,12,44,1,2014.01.17 02:06:00,SELL,PROFILE_D_FULL,0,1243.23,1243.23,300.00,1242.22,1243.40,1244.33,1246.22,1248.29,1242.48,0,2,5,1,Asia,0,TP2->EMA->TP2,1,0,1,0,1,2,2.37,2.28,0.00,94,0,1,1,0.32,1242.95,1243.05,1243.64,73.5236,70.0814,64.8642,28,22,3,6,19,25,3.166667,8.6595,4.380952,0.000000,3,0,0,1,5,53.0917,34.4762,-88.2928,26.7183,21.8593,4.8590,0.16,0.012669,1243.22,1242.89,1242.66,1242.49,74.08,4.703377,+,E20>E50>E100>E200,Up_EMA20,UP,1,0.16722084,0.21349235,-0.04627150,29.2998,51.6858,-70.6897,1243.67,1242.90,1243.28,0.77,4.872117,0.436601,-0.308889,0,-1.230519,3.0917,-26.169748,-1.755242,-0.02000000,0.611650,0.123938,0.137822,0.058140,2.090222,2.523941,4.614163,0.089213,2.179435,1,1,1,1,60.8871,37.3842,91.4990,22.1593,6.6496,15.5097,0.49,0.039132,1242.69,1242.44,1242.06,1241.47,176.36,3.625128,+,E20>E50>E100>E200,Up_EMA20,UP,1,0.23627751,0.07058240,0.16569511,66.1017,73.6772,-16.5323,1243.63,1241.39,1242.51,2.24,4.604496,0.821684,1.481192,0,-0.006333,10.8871,-3.892209,2.669626,-0.01815000,0.842789,0.147532,0.072676,0.037187,0.512698,1.989308,2.502006,1.123123,1.635820,1,1,1,1,60.1366,21.5613,164.7268,22.5528,16.3536,6.1992,0.87,0.069617,1242.40,1241.73,1241.23,1241.53,170.63,1.971474,+,E20>E50>E200>E100,Up_EMA200,RANGE,1,0.32567583,0.29560232,0.03007351,83.7719,70.3705,-16.5323,1243.20,1241.71,1242.46,1.49,1.718555,1.021914,0.896938,1,1.621975,10.1366,37.792460,-0.518462,0.01775000,1.114258,0.044022,0.047239,0.013013,0.781813,0.229976,1.355440,0.959684,1.741497,1,1,1,1,59.7242,21.6913,206.5602,16.9018,10.0083,6.8935,1.08,0.087071,1241.99,1241.25,1241.52,1241.15,207.94,1.920926,+,E20>E100>E50>E200,Up_EMA200,RANGE,1,0.66534947,0.65068227,0.01466720,71.3779,60.4365,-12.0944,1243.38,1240.88,1242.13,2.50,2.310380,0.940486,1.017691,0,0.952654,9.7242,28.097081,0.989533,0.07135000,1.491560,0.092306,0.061336,0.014984,0.692427,0.084742,0.777169,1.143756,1.836183,1,1,1,1,59.1309,29.4910,134.8958,14.3395,7.9655,6.3740,1.43,0.115244,1241.50,1241.59,1241.22,1237.30,592.83,4.137675,+,E50>E20>E100>E200,Up_EMA200,RANGE,1,0.61939044,0.33514931,0.28424113,70.7047,67.9493,-23.8616,1244.67,1236.96,1240.82,7.71,5.379390,0.813267,1.685186,0,0.648773,9.1309,11.553254,0.835928,-0.03085000,0.902804,0.101983,0.030800,0.037649,-0.063508,2.989030,2.989030,1.212153,1.148645,1,1,1,1,0.0000,0.0000,0.0000,0.0000,0.0000,0.0000,0.00,0.000000,0.00,0.00,0.00,0.00,0.00,0.000000,,,,,0,0.00000000,0.00000000,0.00000000,0.0000,0.0000,0.0000,0.00,0.00,0.00,0.00,0.000000,0.000000,0.000000,0,0.000000,0.0000,0.000000,0.000000,0.00000000,0.000000,0.000000,0.000000,0.000000,0.000000,0.000000,0.000000,0.000000,0.000000,0,0,0,0
23,12,0,1970.01.01 00:00:00,PROTOCOL_DISABLED,ACTUAL_PROFILE_D_EXECUTION,12,45,2,2014.01.17 02:53:56,SELL,LADDER,0,1243.94,1244.24,300.00,1242.22,1243.40,1244.33,1246.22,1248.29,1242.48,0,2,5,1,Asia,0,TP2->EMA->TP2,1,0,1,0,1,2,2.37,2.28,0.00,94,0,1,1,2.05,1243.89,1243.69,1243.84,63.3030,59.2176,50.7291,24,19,8,5,11,16,2.200000,12.5739,0.128415,0.000000,8,0,0,0,5,62.3919,23.6319,120.6088,24.0345,23.4457,0.5888,0.37,0.029423,1243.54,1243.43,1243.18,1242.87,106.92,2.921225,+,E20>E50>E100>E200,Up_EMA20,UP,1,0.02107720,0.00471736,0.01635984,88.2528,62.1002,0.0000,1243.94,1243.16,1243.55,0.78,2.129882,0.999720,1.064344,0,4.576569,12.3919,57.993533,0.452339,0.03255000,1.800738,-0.001684,0.009817,0.017612,0.301728,1.529275,1.831003,1.090222,1.391950,1,1,1,1,62.5127,41.4392,89.6735,14.4649,11.0591,3.4059,0.59,0.047289,1243.22,1242.78,1242.31,1241.65,229.34,3.898599,+,E20>E50>E100>E200,Up_EMA20,UP,1,0.33512411,0.31090280,0.02422131,67.5247,59.0810,0.0000,1244.22,1242.03,1243.12,2.19,3.722753,0.873691,1.391160,0,-0.597403,12.5127,-0.807324,-1.514221,0.04100000,1.534899,0.090694,0.063574,0.034351,0.744857,1.917900,2.662757,1.235842,1.980699,1,1,1,1,65.2794,20.9173,108.1534,18.4947,15.7432,2.7515,0.67,0.053479,1242.78,1241.97,1241.38,1241.60,234.63,3.526992,+,E20>E50>E200>E100,Up_EMA200,RANGE,1,0.49888544,0.33009711,0.16878834,94.5007,90.5418,0.0000,1243.90,1241.49,1242.69,2.41,3.619428,1.018102,1.875235,0,1.506747,15.2794,-0.006360,-0.517137,-0.05165000,0.720357,0.163697,0.108248,0.030587,1.222909,0.558452,2.101789,1.745631,2.968540,1,1,1,1,62.9225,23.9222,187.5250,18.0304,9.6537,8.3767,1.18,0.094679,1242.22,1241.37,1241.57,1241.19,275.65,2.340496,+,E20>E100>E50>E200,Up_EMA200,RANGE,1,0.76456963,0.66565717,0.09891246,89.8934,73.7820,0.0000,1243.77,1240.68,1242.23,3.09,2.622755,1.054735,1.454935,0,0.787455,12.9225,14.339736,0.787506,0.04095000,1.210432,0.099516,0.063692,0.016073,0.721380,0.154045,0.875426,1.465070,2.186450,1,1,1,1,61.5811,30.9872,156.8157,18.4972,7.9655,10.5317,1.52,0.122393,1241.56,1241.62,1241.23,1237.31,663.02,4.354810,+,E50>E20>E100>E200,Up_EMA200,RANGE,1,0.67594885,0.34143358,0.33451527,77.6476,70.2636,-15.2520,1244.81,1236.90,1240.85,7.91,5.193563,0.890530,2.028243,0,1.138825,11.5811,15.937235,1.135179,-0.01290000,0.959357,0.104841,0.032637,0.036356,-0.033676,2.826458,2.826458,1.562028,1.528353,1,1,1,1,0.0000,0.0000,0.0000,0.0000,0.0000,0.0000,0.00,0.000000,0.00,0.00,0.00,0.00,0.00,0.000000,,,,,0,0.00000000,0.00000000,0.00000000,0.0000,0.0000,0.0000,0.00,0.00,0.00,0.00,0.000000,0.000000,0.000000,0,0.000000,0.0000,0.000000,0.000000,0.00000000,0.000000,0.000000,0.000000,0.000000,0.000000,0.000000,0.000000,0.000000,0.000000,0,0,0,0
24,13,0,1970.01.01 00:00:00,PROTOCOL_DISABLED,ACTUAL_PROFILE_D_EXECUTION,13,48,1,2014.01.17 03:44:01,BUY,PROFILE_D_FULL,0,1243.31,1243.31,300.00,1244.25,1243.16,1242.30,1240.55,1238.63,1243.06,0,3,5,1,Asia,0,EMA->TP2,1,0,1,0,1,2,2.03,4.82,0.00,122,0,1,1,0.24,1243.04,1242.90,1242.61,29.3164,31.4164,39.4884,20,12,3,8,9,17,1.125000,10.1720,2.942761,0.000000,3,4,1,0,5,45.1625,29.2516,36.2324,19.7045,22.2274,2.5228,0.15,0.011947,1243.04,1243.24,1243.26,1243.06,7.65,-0.515293,-,E100>E50>E200>E20,Down_EMA200,RANGE,0,-0.13011868,-0.15498473,0.02486605,82.7023,67.5148,-29.4227,1243.32,1242.72,1243.02,0.60,4.039455,0.436902,-0.254882,0,1.807240,-4.8375,30.573852,-1.063713,-0.00505000,0.854676,-0.110132,-0.098540,-0.010816,-1.326841,1.196027,1.441261,-0.384479,-1.711320,1,1,1,1,46.4623,41.3969,-144.5424,6.4246,31.8214,25.3968,0.33,0.026308,1243.22,1242.94,1242.49,1241.81,117.87,3.604674,-,E20>E50>E100>E200,Btw_50-20,UP,1,0.04952397,0.20408079,-0.15455682,17.7828,14.5996,-75.5484,1243.99,1242.83,1243.41,1.15,3.529336,0.130922,-1.302599,0,-1.525030,-3.5377,-15.107811,2.531015,0.00820000,1.143357,-0.081758,0.011485,0.038388,0.860708,3.469825,4.330532,-0.725858,0.134849,1,1,1,1,53.4991,20.3702,-4.4605,15.0354,27.2624,12.2270,0.72,0.057905,1242.89,1242.11,1241.49,1241.64,134.10,1.863191,-,E20>E50>E200>E100,Up_EMA200,RANGE,1,0.41134806,0.39619267,0.01515538,29.0348,53.1725,-39.1377,1244.03,1241.59,1242.81,2.44,3.394517,0.570543,0.239458,0,-1.939436,3.4991,-34.629485,-0.381543,-0.00235000,0.983937,0.097742,0.083050,0.026021,1.084167,0.643104,1.942485,0.135919,1.220087,1,1,1,1,56.2815,22.5954,41.3390,15.7543,16.6186,0.8643,0.88,0.070395,1242.36,1241.49,1241.63,1241.22,176.20,2.013721,-,E20>E100>E50>E200,Up_EMA200,RANGE,1,0.70385057,0.67677403,0.02707654,70.8403,81.1637,-39.1377,1243.92,1240.75,1242.34,3.18,3.632138,0.704051,0.741143,0,0.328088,6.2815,7.990703,0.421244,-0.04815000,0.784226,0.143139,0.093291,0.024845,0.994043,0.311833,1.305876,0.707844,1.701888,1,1,1,1,56.8349,29.7409,137.9412,16.0309,10.3271,5.7038,1.62,0.130533,1241.69,1241.66,1241.27,1237.37,561.71,3.462020,+,E20>E50>E100>E200,Up_EMA20,UP,1,0.68902316,0.41848435,0.27053881,77.1872,72.9621,-26.8852,1244.92,1236.88,1240.90,8.04,4.954418,0.758909,1.282743,0,0.313207,6.8349,13.087009,0.850215,0.05040000,1.183874,0.096808,0.032597,0.034576,0.014522,2.648171,2.662692,0.799328,0.813850,1,1,1,1,0.0000,0.0000,0.0000,0.0000,0.0000,0.0000,0.00,0.000000,0.00,0.00,0.00,0.00,0.00,0.000000,,,,,0,0.00000000,0.00000000,0.00000000,0.0000,0.0000,0.0000,0.00,0.00,0.00,0.00,0.000000,0.000000,0.000000,0,0.000000,0.0000,0.000000,0.000000,0.00000000,0.000000,0.000000,0.000000,0.000000,0.000000,0.000000,0.000000,0.000000,0.000000,0,0,0,0
25,13,0,1970.01.01 00:00:00,PROTOCOL_DISABLED,ACTUAL_PROFILE_D_EXECUTION,13,49,2,2014.01.17 04:34:59,BUY,LADDER,0,1242.65,1242.37,300.00,1244.25,1243.16,1242.30,1240.55,1238.63,1243.06,0,4,5,1,Asia,0,EMA->TP2,1,0,1,0,1,2,2.03,4.82,0.00,122,0,1,1,1.79,1242.96,1242.95,1242.69,41.3425,45.7192,41.3562,22,16,9,6,7,13,1.166667,0.0137,1.653905,0.000000,9,4,1,0,5,29.9547,19.7131,-168.3992,21.2704,49.9265,28.6562,0.16,0.013140,1242.88,1243.01,1243.10,1243.04,68.46,-4.193862,-,E100>E200>E50>E20,Down_EMA200,RANGE,0,-0.13909436,-0.07224839,-0.06684598,3.4412,9.7904,-100.0000,1243.49,1242.43,1242.96,1.06,6.500379,-0.066394,-3.681776,0,-3.392729,-20.0453,-23.298839,0.926997,0.01065000,1.484091,-0.195813,-0.100148,-0.024555,-0.851345,-0.182313,1.376210,-3.160204,-4.011549,1,1,1,1,38.0313,22.8371,-224.4349,13.8737,18.9887,5.1150,0.52,0.041836,1243.05,1242.96,1242.58,1241.92,44.08,0.848024,-,E20>E50>E100>E200,Btw_200-100,UP,1,-0.09025603,-0.00366318,-0.08659285,8.8468,15.3460,-100.0000,1243.87,1242.48,1243.17,1.39,2.673216,-0.083632,-1.560173,0,-2.152999,-11.9687,-42.277696,-2.344172,0.03045000,1.414286,-0.057434,-0.009696,0.018388,0.186160,1.993917,2.180078,-1.332054,-1.145894,1,1,1,1,45.2926,19.0246,-113.4036,14.8304,25.5222,10.6918,0.63,0.051032,1242.88,1242.22,1241.60,1241.69,66.82,1.053930,-,E20>E50>E200>E100,Btw_50-20,RANGE,1,0.23053742,0.39752680,-0.16698938,21.3645,28.1053,-67.5320,1244.08,1241.72,1242.90,2.36,3.716197,0.270380,-0.853312,0,-2.201323,-4.7074,-31.638214,-0.006452,-0.01085000,0.921177,0.000438,0.047365,0.019658,1.036461,0.833341,2.021713,-0.815871,0.220590,1,1,1,1,51.5663,19.6179,-27.9642,16.9877,19.3876,2.3999,0.84,0.067251,1242.43,1241.59,1241.67,1241.25,110.80,1.326127,-,E20>E100>E50>E200,Btw_50-20,RANGE,1,0.58704834,0.67187913,-0.08483078,24.5044,49.6098,-59.9933,1243.96,1240.98,1242.47,2.97,3.560510,0.463527,-0.129862,0,-2.011833,1.5663,-52.612391,-0.665899,-0.06170000,0.730332,0.094159,0.078530,0.022560,1.003434,0.404359,1.407793,-0.081666,0.921768,1,1,1,1,53.6907,27.0501,71.2176,13.8935,11.4688,2.4247,1.56,0.125889,1241.76,1241.70,1241.29,1237.42,494.20,3.159832,+,E20>E50>E100>E200,Up_EMA20,UP,1,0.65950107,0.47978148,0.17971959,66.2673,73.6569,-53.3860,1245.06,1237.09,1241.08,7.98,5.101013,0.661062,0.821579,0,-0.212502,3.6907,0.523799,-0.099402,0.09160000,1.414105,0.095953,0.034628,0.036061,0.043197,2.735571,2.778768,0.381064,0.424261,1,1,1,1,0.0000,0.0000,0.0000,0.0000,0.0000,0.0000,0.00,0.000000,0.00,0.00,0.00,0.00,0.00,0.000000,,,,,0,0.00000000,0.00000000,0.00000000,0.0000,0.0000,0.0000,0.00,0.00,0.00,0.00,0.000000,0.000000,0.000000,0,0.000000,0.0000,0.000000,0.000000,0.00000000,0.000000,0.000000,0.000000,0.000000,0.000000,0.000000,0.000000,0.000000,0.000000,0,0,0,0
26,14,0,1970.01.01 00:00:00,PROTOCOL_DISABLED,ACTUAL_PROFILE_D_EXECUTION,14,52,1,2014.01.17 07:56:01,BUY,PROFILE_D_FULL,0,1241.00,1241.00,300.00,1243.65,1240.56,1238.13,1233.19,1227.76,1242.76,0,7,5,1,London,1,EMA->TP1,1,0,1,0,1,1,2.73,1.76,0.00,96,1,0,1,2.73,1240.54,1240.40,1239.77,17.6845,36.4064,37.3693,22,8,3,14,5,19,0.357143,19.6848,1.724405,0.000000,3,1,0,1,5,43.8958,22.0277,8.8616,21.2420,24.0041,2.7621,0.45,0.036410,1240.93,1241.76,1242.39,1242.74,201.45,-4.459286,-,E200>E100>E50>E20,Down_EMA20,DOWN,0,-0.43357966,-0.47406455,0.04048489,45.5944,26.7677,-51.8612,1241.82,1239.97,1240.89,1.85,4.090272,0.407213,-0.379524,0,0.900266,-6.1042,5.243608,-1.369451,-0.03375000,0.728042,-0.151349,-0.133780,-0.053402,-1.820081,-2.170232,3.990313,-0.468972,-2.289053,1,1,1,1,35.1152,43.9511,-100.3373,9.0042,24.2934,15.2892,1.05,0.084930,1242.18,1242.68,1242.65,1242.20,147.34,-1.398260,-,E50>E100>E200>E20,Down_EMA200,RANGE,0,-0.69411694,-0.28858826,-0.40552868,24.3120,20.6050,-79.8441,1245.31,1240.09,1242.70,5.22,4.953562,0.121931,-1.872788,0,1.901263,-14.8848,35.279056,2.226960,0.01075000,1.053750,-0.173853,-0.078872,-0.013444,-0.468139,0.456506,0.468139,-1.386627,-1.854766,1,1,1,1,34.2996,18.8356,-161.3922,16.1610,32.3323,16.1713,1.70,0.137118,1242.73,1242.45,1241.87,1241.83,110.79,-0.651253,-,E20>E50>E100>E200,Down_EMA200,UP,0,-0.16093161,0.19348683,-0.35441844,15.6981,22.1389,-79.8441,1244.77,1241.05,1242.91,3.72,2.184207,-0.088178,-1.284702,0,-4.113430,-15.7004,-43.655819,0.370694,0.14320000,1.726719,-0.044296,-0.004915,0.002927,0.166602,0.364497,0.531099,-1.182352,-1.015750,1,1,1,1,41.3636,17.8708,-211.7957,13.6481,26.7767,13.1286,1.90,0.153419,1242.61,1241.87,1241.82,1241.35,62.74,-0.329627,-,E20>E50>E100>E200,Down_EMA200,UP,0,0.31597934,0.57825954,-0.26228020,42.3073,65.0127,-79.8441,1244.49,1241.15,1242.82,3.34,1.753568,-0.128626,-1.102338,1,-2.661794,-8.6364,-33.494143,-0.558914,0.15725000,1.703737,0.018973,0.026047,0.009099,0.387301,0.272333,0.659633,-0.989260,-0.601959,1,1,1,1,46.1881,22.1959,-89.6067,11.7929,18.9336,7.1407,2.78,0.223801,1242.01,1241.82,1241.38,1237.58,314.58,1.132914,-,E20>E50>E100>E200,Btw_200-100,UP,1,0.57948951,0.61037077,-0.03088126,59.4918,62.5808,-79.8441,1245.18,1238.40,1241.79,6.78,2.440908,0.342176,-0.385235,0,-2.987219,-3.8119,-48.644312,-1.758259,0.25085000,1.823810,0.032749,0.014796,0.019142,0.068497,1.526559,1.595056,-0.462142,-0.393645,1,1,1,1,0.0000,0.0000,0.0000,0.0000,0.0000,0.0000,0.00,0.000000,0.00,0.00,0.00,0.00,0.00,0.000000,,,,,0,0.00000000,0.00000000,0.00000000,0.0000,0.0000,0.0000,0.00,0.00,0.00,0.00,0.000000,0.000000,0.000000,0,0.000000,0.0000,0.000000,0.000000,0.00000000,0.000000,0.000000,0.000000,0.000000,0.000000,0.000000,0.000000,0.000000,0.000000,0,0,0,0
27,15,0,1970.01.01 00:00:00,PROTOCOL_DISABLED,ACTUAL_PROFILE_D_EXECUTION,15,54,1,2014.01.17 10:14:10,BUY,PROFILE_D_FULL,0,1241.59,1241.59,300.00,1242.54,1241.43,1240.56,1238.79,1236.85,1241.55,0,10,5,1,London,1,EMA->TP1->TP3,1,0,1,0,1,3,4.04,17.88,0.00,144,1,0,1,-0.43,1241.36,1241.27,1240.77,22.7337,23.4447,24.1266,28,17,7,11,10,21,0.909091,1.3929,3.979764,0.000000,7,1,2,1,5,47.3924,20.5275,24.6769,22.8434,20.0563,2.7871,0.15,0.011943,1241.33,1241.43,1241.36,1241.54,24.03,-1.620651,+,E200>E50>E100>E20,Down_EMA200,RANGE,0,-0.14192197,-0.16315256,0.02123060,84.9087,69.6212,-33.7484,1241.83,1240.86,1241.34,0.97,6.531139,0.459721,-0.263069,0,1.041890,-2.6076,26.269723,-2.172673,-0.02670000,0.526176,-0.128197,-0.075025,-0.025797,-0.646004,-0.791241,1.437245,-0.183406,-0.829409,1,1,1,1,48.4336,27.6930,-36.8441,11.7225,27.6455,15.9230,0.55,0.044127,1241.41,1241.67,1241.99,1241.92,61.73,-1.126902,-,E100>E200>E50>E20,Down_EMA200,RANGE,0,0.04835083,0.09062349,-0.04227266,28.2065,23.6277,-66.4653,1243.05,1239.21,1241.13,3.84,7.011881,0.544731,0.313647,0,-1.023439,-1.5664,-15.227001,0.440428,-0.05245000,0.676235,0.004006,-0.018764,-0.008879,-0.480667,-0.455455,1.068553,-0.190779,-0.671446,1,1,1,1,45.9111,25.7875,-21.1006,14.1978,28.4773,14.2796,1.67,0.134617,1241.84,1242.06,1241.75,1241.77,46.61,-0.278917,-,E50>E20>E200>E100,Down_EMA200,RANGE,0,-0.38208788,-0.45697341,0.07488554,49.1407,59.3713,-64.0080,1244.93,1239.38,1242.16,5.55,3.322304,0.346377,-0.510383,0,1.182915,-4.0889,14.383970,-0.691113,0.11260000,1.508123,-0.020050,-0.012965,-0.001267,-0.130217,0.174128,0.183972,-0.322828,-0.453045,1,1,1,1,45.9981,18.3170,-73.8128,16.7516,23.7199,6.9682,1.98,0.159349,1242.14,1241.78,1241.77,1241.35,4.73,-0.023894,-,E20>E50>E100>E200,Down_EMA200,UP,0,-0.09063110,0.23354708,-0.32417818,53.2417,45.0130,-64.0080,1244.79,1240.32,1242.55,4.47,2.257730,0.220094,-0.631951,0,1.172262,-4.0019,29.072297,0.089241,0.01490000,1.039138,-0.044234,-0.007602,0.000404,0.180517,0.217328,0.397845,-0.421739,-0.241222,1,1,1,1,48.5760,18.7333,-106.3291,15.5159,13.8487,1.6671,2.79,0.224562,1241.79,1241.74,1241.36,1237.68,362.09,1.298991,+,E20>E50>E100>E200,Btw_200-100,UP,1,0.24392304,0.55740882,-0.31348578,35.1545,32.4842,-64.0080,1244.28,1240.00,1242.14,4.28,1.536692,0.304250,-0.300807,1,-2.265117,-1.4240,-47.631629,-1.038403,0.18530000,1.497851,-0.011110,-0.002299,0.014486,0.018830,1.456547,1.475377,-0.176386,-0.157556,1,1,1,1,0.0000,0.0000,0.0000,0.0000,0.0000,0.0000,0.00,0.000000,0.00,0.00,0.00,0.00,0.00,0.000000,,,,,0,0.00000000,0.00000000,0.00000000,0.0000,0.0000,0.0000,0.00,0.00,0.00,0.00,0.000000,0.000000,0.000000,0,0.000000,0.0000,0.000000,0.000000,0.00000000,0.000000,0.000000,0.000000,0.000000,0.000000,0.000000,0.000000,0.000000,0.000000,0,0,0,0
28,15,0,1970.01.01 00:00:00,PROTOCOL_DISABLED,ACTUAL_PROFILE_D_EXECUTION,15,55,2,2014.01.17 11:58:38,BUY,LADDER,0,1240.86,1240.64,300.00,1242.54,1241.43,1240.56,1238.79,1236.85,1241.55,0,11,5,1,London,1,EMA->TP1->TP3,1,0,1,0,1,3,4.04,17.88,0.00,144,1,0,1,0.60,1241.84,1241.09,1240.68,32.7970,26.9241,29.6642,38,25,12,13,13,26,1.000000,3.1329,4.487899,0.000000,12,1,1,1,5,32.9340,29.6645,-126.6541,11.8462,35.9564,24.1102,0.26,0.020816,1241.19,1241.51,1241.63,1241.66,105.46,-4.083725,-,E200>E100>E50>E20,Down_EMA20,DOWN,0,-0.23558602,-0.21100774,-0.02457829,16.7317,14.4695,-100.0000,1241.86,1240.56,1241.21,1.30,5.038161,0.039199,-2.321588,0,-2.045648,-17.0660,-23.492464,2.453888,0.02600000,2.013645,-0.154007,-0.106563,-0.030464,-1.262998,-0.585698,1.848696,-2.235030,-3.498028,1,1,1,1,36.0082,20.4012,-146.9058,17.6619,36.3816,18.7197,0.50,0.040504,1241.60,1241.71,1241.92,1241.89,128.46,-2.556328,-,E100>E200>E50>E20,Down_EMA200,RANGE,0,-0.13605267,0.08802230,-0.22407497,19.8731,25.6982,-100.0000,1242.88,1240.71,1241.80,2.18,4.329980,-0.045336,-2.361294,0,-1.939386,-13.9918,-13.738510,-0.380855,-0.00305000,0.970546,-0.121655,-0.048496,-0.014688,-0.217790,-0.367091,0.628849,-1.971447,-2.189237,1,1,1,1,42.4051,22.3166,-65.7561,16.6566,37.0620,20.4054,0.75,0.060535,1241.77,1241.98,1241.75,1241.77,115.93,-1.543672,-,E50>E20>E200>E100,Down_EMA200,RANGE,0,-0.23905079,-0.25298641,0.01393563,20.7062,47.8582,-73.6805,1243.37,1239.64,1241.51,3.73,4.969528,0.259372,-1.195806,0,-0.974384,-7.5949,-18.202394,-0.276166,-0.03875000,0.794919,-0.012462,-0.013148,0.000307,-0.282160,0.286594,0.306577,-1.548106,-1.830266,1,1,1,1,42.6957,15.4093,-77.3103,17.5445,24.8299,7.2854,1.41,0.113734,1242.08,1241.80,1241.79,1241.37,75.97,-0.538443,-,E20>E50>E100>E200,Down_EMA200,UP,0,-0.12430702,0.02366048,-0.14796750,46.5707,57.5087,-77.8265,1244.80,1240.16,1242.48,4.65,3.293042,0.097448,-1.325620,0,-1.863735,-7.3043,-6.913997,-1.155531,-0.14405000,0.662053,-0.027540,0.000235,0.003301,0.195382,0.306485,0.501867,-1.040311,-0.844929,1,1,1,1,46.2464,18.0815,-94.6129,15.8597,12.0022,3.8575,2.40,0.193211,1241.79,1241.75,1241.37,1237.72,288.63,1.204139,+,E20>E50>E100>E200,Btw_200-100,UP,1,0.19829158,0.51679796,-0.31850638,42.9578,38.1422,-77.8265,1244.28,1240.16,1242.22,4.12,1.717933,0.108780,-0.672090,1,-2.471858,-3.7536,-48.476030,-0.790768,0.08395000,1.212290,-0.029145,-0.009524,0.014945,0.018982,1.677867,1.696849,-0.492710,-0.473728,1,1,1,1,0.0000,0.0000,0.0000,0.0000,0.0000,0.0000,0.00,0.000000,0.00,0.00,0.00,0.00,0.00,0.000000,,,,,0,0.00000000,0.00000000,0.00000000,0.0000,0.0000,0.0000,0.00,0.00,0.00,0.00,0.000000,0.000000,0.000000,0,0.000000,0.0000,0.000000,0.000000,0.00000000,0.000000,0.000000,0.000000,0.000000,0.000000,0.000000,0.000000,0.000000,0.000000,0,0,0,0
29,15,0,1970.01.01 00:00:00,PROTOCOL_DISABLED,ACTUAL_PROFILE_D_EXECUTION,15,56,3,2014.01.17 12:00:04,BUY,LADDER,0,1239.87,1239.22,300.00,1242.54,1241.43,1240.56,1238.79,1236.85,1241.55,0,12,5,1,Overlap,3,EMA->TP1->TP3,1,0,1,0,1,3,4.04,17.88,0.00,144,1,0,1,3.87,1241.84,1241.09,1240.68,32.7970,26.9241,29.6642,40,27,14,13,13,26,1.000000,3.1329,1.488760,0.000000,14,1,0,0,5,16.5503,36.8411,-357.2451,8.8978,40.1482,31.2503,0.78,0.062854,1240.90,1241.37,1241.55,1241.63,303.23,-3.895104,-,E200>E100>E50>E20,Down_EMA20,DOWN,0,-0.41466144,-0.23348955,-0.18117189,9.4841,22.0274,-100.0000,1242.22,1239.77,1241.00,2.45,3.143954,-0.482159,-3.087861,0,-4.159243,-33.4497,-57.088013,3.373540,0.13050000,6.178571,-0.107177,-0.059674,-0.016784,-0.599320,-0.326547,0.925867,-2.969236,-3.568557,1,1,1,1,23.1184,24.1536,-237.7787,15.3070,43.8275,28.5205,0.91,0.073753,1241.32,1241.59,1241.85,1241.86,326.98,-3.579406,-,E200>E100>E50>E20,Down_EMA20,DOWN,0,-0.35010922,0.02302955,-0.37313877,9.5603,19.5281,-100.0000,1243.38,1239.88,1241.63,3.50,3.834748,-0.367303,-3.325889,0,-5.093918,-26.8816,-35.775461,0.820037,0.08615000,1.892284,-0.123945,-0.051683,-0.014602,-0.293716,-0.296431,0.590148,-2.989258,-3.282975,1,1,1,1,34.1416,26.2258,-199.2915,14.4357,44.6168,30.1811,1.14,0.092000,1241.48,1241.86,1241.69,1241.74,314.58,-2.760664,-,E50>E200>E100>E20,Down_EMA200,RANGE,0,-0.45671445,-0.26014184,-0.19657261,5.0945,25.5311,-100.0000,1243.29,1239.25,1241.27,4.04,3.544578,-0.161753,-2.345634,0,-3.813982,-15.8584,-60.375843,1.130174,0.02060000,1.099373,-0.072246,-0.034972,-0.006555,-0.330310,0.102586,0.330310,-2.532939,-2.863250,1,1,1,1,35.4543,18.4304,-165.1416,15.2052,33.6900,18.4848,1.60,0.129542,1241.76,1241.68,1241.72,1241.34,275.02,-1.714053,-,E20>E100>E50>E200,Down_EMA200,RANGE,0,-0.37544418,-0.04936188,-0.32608229,19.9627,43.8321,-100.0000,1245.03,1239.44,1242.23,5.59,3.485734,-0.150821,-2.268588,0,-2.540719,-14.5457,-29.843854,-0.011145,-0.08090000,0.798656,-0.058529,-0.014849,-0.000940,0.046728,0.210215,0.256943,-1.970996,-1.924268,1,1,1,1,40.5222,18.8775,-208.5630,13.6636,22.4377,8.7741,2.51,0.202992,1241.50,1241.63,1241.32,1237.73,85.96,0.341886,-,E50>E20>E100>E200,Btw_200-100,RANGE,1,-0.07303149,0.43177954,-0.50481103,28.3245,38.5298,-100.0000,1244.62,1239.45,1242.04,5.16,2.052422,-0.167044,-1.369056,0,-0.943892,-9.4778,-21.802160,-0.663687,-0.05250000,0.905465,-0.038098,-0.014040,0.012760,-0.051750,1.548227,1.548227,-1.154591,-1.206341,1,1,1,1,0.0000,0.0000,0.0000,0.0000,0.0000,0.0000,0.00,0.000000,0.00,0.00,0.00,0.00,0.00,0.000000,,,,,0,0.00000000,0.00000000,0.00000000,0.0000,0.0000,0.0000,0.00,0.00,0.00,0.00,0.000000,0.000000,0.000000,0,0.000000,0.0000,0.000000,0.000000,0.00000000,0.000000,0.000000,0.000000,0.000000,0.000000,0.000000,0.000000,0.000000,0.000000,0,0,0,0
30,16,0,1970.01.01 00:00:00,PROTOCOL_DISABLED,ACTUAL_PROFILE_D_EXECUTION,16,60,1,2014.01.17 20:52:02,BUY,PROFILE_D_FULL,0,1252.52,1252.52,300.00,1253.65,1252.33,1251.30,1249.20,1246.89,1252.03,0,20,5,1,NewYork,2,EMA->TP1,1,0,1,0,1,1,7.32,2.87,0.00,3009,1,0,1,7.32,1251.67,1251.67,1251.56,26.7671,36.0387,57.3955,18,13,6,5,7,12,1.400000,30.6284,0.528814,0.000000,6,5,4,0,5,54.1459,15.8156,183.8975,21.4057,19.8351,1.5705,0.22,0.017670,1251.94,1252.14,1252.25,1252.03,12.45,0.562647,+,E100>E50>E200>E20,Btw_100-50,RANGE,1,-0.05964536,-0.14199845,0.08235309,83.1061,63.4099,-12.3726,1252.18,1251.49,1251.84,0.69,3.104240,0.966357,1.447684,0,1.571589,4.1459,19.578774,-0.155114,-0.00955000,0.822491,0.016345,-0.036545,-0.003942,-0.883203,0.474391,1.380002,0.971460,0.088256,1,1,1,1,49.3374,25.8061,-57.9367,15.6344,17.9434,2.3090,0.43,0.034600,1252.21,1251.77,1250.04,1247.48,468.02,10.802447,-,E20>E50>E100>E200,Btw_50-20,UP,1,-0.08360646,0.06191605,-0.14552251,29.3419,14.0533,-69.7031,1253.26,1251.41,1252.33,1.85,4.263315,0.403848,-0.409925,0,0.909867,-0.6626,5.947973,0.009568,-0.01145000,0.883282,-0.117974,0.004075,0.102347,1.026944,9.901739,10.928683,-0.126236,0.900707,1,1,1,1,57.8105,24.3041,-61.5812,21.0370,20.3434,0.6936,0.72,0.057720,1251.54,1248.70,1246.10,1244.23,792.60,10.966397,+,E20>E50>E100>E200,Up_EMA20,UP,1,1.23715889,1.66962360,-0.43246471,18.6473,28.7162,-66.6566,1253.64,1251.25,1252.45,2.39,3.306215,0.377488,-0.405050,0,-0.719432,7.8105,-11.094256,-0.197040,-0.07915000,0.646178,0.133543,0.221161,0.114870,3.926196,6.187841,10.114037,0.852360,4.778556,1,1,1,1,65.7524,30.7761,26.0518,26.4491,16.4541,9.9950,0.99,0.078684,1249.58,1246.16,1244.26,1242.76,939.52,9.535847,+,E20>E50>E100>E200,Up_EMA20,UP,1,2.54451569,2.67384306,-0.12932738,35.0189,39.8993,-34.4871,1257.86,1239.79,1248.82,18.07,18.343909,0.684437,3.383304,0,-0.588749,15.7524,-9.090503,1.500163,-0.18900000,0.510426,0.365455,0.278714,0.099948,3.469578,3.448899,6.918477,2.617370,6.086948,1,1,1,1,67.2315,33.9824,79.6238,19.8135,6.1097,13.7038,2.38,0.190352,1247.17,1244.38,1242.85,1238.80,1335.57,5.603398,+,E20>E50>E100>E200,Up_EMA20,UP,1,2.95193075,1.81681395,1.13511681,66.5681,75.3478,-15.9202,1255.17,1236.59,1245.88,18.59,7.797872,0.837799,2.634110,0,-0.146750,17.2315,-20.077884,2.816588,-0.51405000,0.481151,0.299329,0.154441,0.059824,1.170101,2.340251,3.510352,2.093046,3.263147,1,1,1,1,0.0000,0.0000,0.0000,0.0000,0.0000,0.0000,0.00,0.000000,0.00,0.00,0.00,0.00,0.00,0.000000,,,,,0,0.00000000,0.00000000,0.00000000,0.0000,0.0000,0.0000,0.00,0.00,0.00,0.00,0.000000,0.000000,0.000000,0,0.000000,0.0000,0.000000,0.000000,0.00000000,0.000000,0.000000,0.000000,0.000000,0.000000,0.000000,0.000000,0.000000,0.000000,0,0,0,0
31,17,0,1970.01.01 00:00:00,PROTOCOL_DISABLED,ACTUAL_PROFILE_D_EXECUTION,17,62,1,2014.01.20 04:37:05,BUY,PROFILE_D_FULL,0,1255.63,1255.63,300.00,1256.59,1255.47,1254.59,1252.80,1250.82,1255.75,0,4,1,1,Asia,0,EMA->TP1->TP2,1,0,1,0,1,2,2.00,3.49,0.00,169,1,1,1,0.23,1255.03,1254.94,1254.90,24.4515,37.6152,54.2591,43,28,3,15,25,40,1.666667,29.8076,0.758017,0.000000,3,4,2,0,5,60.1297,18.9481,159.7622,22.0234,15.7045,6.3189,0.17,0.013662,1255.16,1255.21,1255.44,1255.75,43.11,-2.513675,+,E200>E100>E50>E20,Btw_100-50,DOWN,0,0.02388905,-0.00349318,0.02738223,88.1369,76.9035,-8.7719,1255.35,1254.88,1255.12,0.47,2.750430,0.925801,1.171137,0,2.831041,10.1297,33.947261,-0.989644,0.01560000,1.834225,0.048241,0.002074,-0.031943,-0.275322,-3.136572,3.411895,0.898220,0.622897,1,1,1,1,44.1440,32.2955,22.7291,14.4767,23.0124,8.5358,0.25,0.020214,1255.44,1255.74,1254.90,1252.29,302.57,11.923771,-,E50>E20>E100>E200,Btw_100-50,RANGE,1,-0.29027090,-0.35623296,0.06596206,85.7827,73.3051,-48.5507,1256.03,1254.68,1255.36,1.35,5.315094,0.472084,-0.148374,0,0.856846,-5.8560,14.646494,0.550366,0.00950000,1.230303,-0.128032,-0.097413,0.116764,-1.182412,13.602354,13.602354,-0.496171,-1.678582,1,1,1,1,49.8812,34.4980,-81.3191,8.4254,17.5352,9.1098,0.39,0.030849,1255.66,1253.61,1250.31,1247.06,825.81,21.324923,-,E20>E50>E100>E200,Btw_50-20,UP,1,0.30987746,0.71248231,-0.40260485,47.2003,43.6932,-75.0780,1257.94,1254.71,1256.33,3.24,8.361438,0.189234,-2.598451,0,-0.141294,-0.1188,21.599263,2.501456,-0.11815000,0.395961,-0.128939,0.190345,0.217578,5.286653,16.917718,22.204371,-0.879448,4.407205,1,1,1,1,58.5192,38.0218,-45.9058,10.2673,18.6837,8.4165,0.86,0.068250,1254.40,1250.40,1247.15,1244.50,1081.60,12.624506,-,E20>E50>E100>E200,Up_EMA20,UP,1,1.91848640,2.59580170,-0.67731530,27.9155,24.8181,-68.6581,1258.98,1250.95,1254.97,8.03,9.376462,0.543650,0.409279,0,-0.745880,8.5192,-18.774492,-2.412306,-0.12920000,0.570121,0.151369,0.258893,0.130676,4.661855,6.887983,11.549839,1.074668,5.736523,1,1,1,1,67.4956,37.7372,44.3125,15.3695,14.6723,0.6972,1.44,0.114712,1251.59,1247.22,1244.57,1239.97,1535.32,10.661945,+,E20>E50>E100>E200,Up_EMA20,UP,1,3.53672799,3.45806763,0.07866036,32.3961,42.2372,-41.3435,1261.93,1239.01,1250.47,22.92,15.917831,0.711470,3.366146,0,-1.416497,17.4956,-13.972921,-0.946561,-0.41970000,0.406952,0.397155,0.271863,0.114807,3.039307,5.036449,8.075756,2.586189,5.625496,1,1,1,1,0.0000,0.0000,0.0000,0.0000,0.0000,0.0000,0.00,0.000000,0.00,0.00,0.00,0.00,0.00,0.000000,,,,,0,0.00000000,0.00000000,0.00000000,0.0000,0.0000,0.0000,0.00,0.00,0.00,0.00,0.000000,0.000000,0.000000,0,0.000000,0.0000,0.000000,0.000000,0.00000000,0.000000,0.000000,0.000000,0.000000,0.000000,0.000000,0.000000,0.000000,0.000000,0,0,0,0
32,17,0,1970.01.01 00:00:00,PROTOCOL_DISABLED,ACTUAL_PROFILE_D_EXECUTION,17,63,2,2014.01.20 07:16:22,BUY,LADDER,0,1254.97,1254.67,300.00,1256.59,1255.47,1254.59,1252.80,1250.82,1255.75,0,7,1,1,London,1,EMA->TP1->TP2,1,0,1,0,1,2,2.00,3.49,0.00,169,1,1,1,1.77,1256.46,1255.62,1255.06,39.6542,25.0653,24.5238,26,13,3,13,10,23,0.769231,15.1304,4.446910,0.000000,3,4,0,0,5,20.3231,35.5625,-186.9850,14.3680,42.6851,28.3171,0.32,0.025146,1255.74,1256.16,1256.25,1256.16,150.58,-4.772760,-,E100>E50>E200>E20,Down_EMA200,RANGE,0,-0.37423144,-0.28534386,-0.08888758,24.4124,28.2534,-100.0000,1256.79,1254.84,1255.82,1.95,6.187638,-0.098197,-3.701426,0,-2.103852,-29.6769,-21.651976,1.416452,0.02765000,1.779972,-0.232786,-0.136379,-0.031108,-1.338611,0.021352,1.613076,-3.455501,-4.794112,1,1,1,1,31.9817,27.8527,-203.4574,9.6780,29.4910,19.8131,0.78,0.062468,1256.14,1256.07,1255.50,1253.35,129.77,1.655713,-,E20>E50>E100>E200,Btw_200-100,UP,1,-0.11095100,0.18992029,-0.30087130,13.3396,16.8334,-100.0000,1257.71,1255.19,1256.45,2.52,3.213969,-0.212917,-2.291292,0,-5.432233,-18.0183,-38.751436,0.642029,0.09820000,2.677199,-0.092087,-0.024733,0.030182,0.085700,3.469385,3.555084,-1.899371,-1.813671,1,1,1,1,42.0290,25.5161,-106.8528,13.6703,28.2484,14.5780,0.87,0.069203,1255.92,1254.49,1251.45,1248.00,664.99,7.658948,-,E20>E50>E100>E200,Btw_50-20,UP,1,0.17124284,0.31731159,-0.14606874,18.9965,40.9908,-100.0000,1257.22,1254.52,1255.87,2.70,3.107068,0.048840,-1.401785,0,-3.228248,-7.9710,-53.918585,0.036814,-0.00895000,0.950986,0.007948,0.079333,0.095442,1.644174,7.473527,9.117701,-1.458752,0.185421,1,1,1,1,51.7945,28.1065,-79.9730,18.4668,20.8153,2.3484,1.39,0.110848,1255.11,1251.46,1248.02,1245.08,957.40,6.884068,-,E20>E50>E100>E200,Btw_50-20,UP,1,1.46998033,1.92595226,-0.45597193,48.9372,71.6724,-92.4558,1258.77,1253.12,1255.95,5.65,4.065586,0.270905,-0.931404,0,-1.452238,1.7945,-8.974338,-1.400039,0.08245000,1.421308,0.100444,0.151574,0.082315,2.622822,4.592982,7.215804,-0.331736,2.291085,1,1,1,1,60.7162,31.7476,10.2500,19.2840,21.0863,1.8022,1.56,0.124058,1252.77,1248.23,1245.24,1240.45,1420.57,9.126675,-,E20>E50>E100>E200,Up_EMA20,UP,1,3.21107987,3.57559012,-0.36451025,52.7592,49.8348,-64.5327,1261.92,1243.37,1252.65,18.55,11.917621,0.607910,1.286026,0,-1.894809,10.7162,-14.945847,-3.545047,-0.38860000,0.444778,0.254666,0.216009,0.101303,2.913752,5.001307,7.915059,1.211616,4.125369,1,1,1,1,0.0000,0.0000,0.0000,0.0000,0.0000,0.0000,0.00,0.000000,0.00,0.00,0.00,0.00,0.00,0.000000,,,,,0,0.00000000,0.00000000,0.00000000,0.0000,0.0000,0.0000,0.00,0.00,0.00,0.00,0.000000,0.000000,0.000000,0,0.000000,0.0000,0.000000,0.000000,0.00000000,0.000000,0.000000,0.000000,0.000000,0.000000,0.000000,0.000000,0.000000,0.000000,0,0,0,0
33,18,0,1970.01.01 00:00:00,PROTOCOL_DISABLED,ACTUAL_PROFILE_D_EXECUTION,18,66,1,2014.01.21 06:55:02,BUY,PROFILE_D_FULL,0,1252.80,1252.80,300.00,1253.75,1252.64,1251.77,1250.00,1248.04,1252.75,0,6,2,1,Asia,0,EMA->TP1->TP3,1,0,1,0,1,3,2.06,9.02,0.00,82,1,0,1,-0.89,1252.47,1252.18,1251.90,26.4426,29.0611,34.5189,40,23,9,17,14,31,0.823529,8.0763,3.659711,0.000000,9,3,1,0,5,55.9897,24.7642,199.0696,18.6786,11.5058,7.1729,0.16,0.012435,1252.24,1252.50,1252.67,1252.75,27.21,-1.747268,+,E200>E100>E50>E20,Btw_50-20,DOWN,0,-0.09474500,-0.16609087,0.07134587,79.8502,56.9685,-8.0645,1252.64,1251.78,1252.21,0.86,5.519193,0.803566,1.675441,0,3.278241,5.9897,53.675923,-0.280966,-0.00030000,0.990461,-0.016399,-0.084297,-0.036309,-1.672903,-1.586078,3.258981,1.511713,-0.161190,1,1,1,1,46.1397,36.0025,-47.7625,15.4505,26.1196,10.6691,0.43,0.034352,1252.66,1252.78,1253.21,1253.61,114.02,-2.650053,-,E200>E100>E50>E20,Down_EMA20,DOWN,0,-0.11473270,-0.00155956,-0.11317314,42.5985,31.6735,-74.5422,1253.88,1251.89,1252.88,1.99,4.625548,0.293532,-0.955026,0,0.843585,-3.8603,17.411722,0.279026,0.02525000,1.415296,-0.097994,-0.046589,-0.030610,-0.293633,-1.932179,2.225813,-0.424241,-0.717874,1,1,1,1,45.1385,21.9382,-36.9272,15.9659,20.6075,4.6416,0.77,0.061239,1252.80,1253.50,1253.24,1251.04,143.19,1.866930,-,E50>E100>E20>E200,Btw_200-100,RANGE,1,-0.32668940,-0.40871389,0.08202448,11.2068,14.0511,-67.5982,1253.50,1251.58,1252.54,1.92,2.506600,0.463538,-0.091395,0,-0.896829,-4.8615,-24.778303,-0.196971,0.06910000,1.819692,-0.029235,-0.048608,0.021868,-0.918558,3.205943,3.205943,-0.420455,-1.339013,1,1,1,1,43.7171,22.3124,-45.3454,18.8142,20.2758,1.4616,1.03,0.081998,1253.35,1253.25,1251.05,1247.76,471.76,4.593584,-,E20>E50>E100>E200,Btw_100-50,UP,1,-0.59193165,-0.64734538,0.05541373,48.0468,65.6308,-69.1194,1256.60,1250.57,1253.58,6.03,5.875307,0.316181,-1.079990,0,1.277404,-6.2829,8.491049,-1.910336,0.04300000,1.264778,-0.058758,-0.015056,0.051484,0.092555,5.351202,5.443757,-0.850173,-0.757618,1,1,1,1,47.0108,25.4163,-79.0298,15.1802,22.3713,7.1911,1.50,0.119863,1253.69,1251.16,1247.85,1242.61,985.97,6.567637,-,E20>E50>E100>E200,Btw_50-20,UP,1,0.34852930,1.04768090,-0.69915160,52.9836,42.4295,-78.7800,1257.63,1251.62,1254.62,6.02,4.008341,0.142511,-1.432939,0,0.037401,-2.9892,25.893592,1.006192,-0.09335000,0.762830,-0.075070,0.048567,0.069614,1.682350,5.696240,7.378589,-0.810952,0.871397,1,1,1,1,0.0000,0.0000,0.0000,0.0000,0.0000,0.0000,0.00,0.000000,0.00,0.00,0.00,0.00,0.00,0.000000,,,,,0,0.00000000,0.00000000,0.00000000,0.0000,0.0000,0.0000,0.00,0.00,0.00,0.00,0.000000,0.000000,0.000000,0,0.000000,0.0000,0.000000,0.000000,0.00000000,0.000000,0.000000,0.000000,0.000000,0.000000,0.000000,0.000000,0.000000,0.000000,0,0,0,0
34,18,0,1970.01.01 00:00:00,PROTOCOL_DISABLED,ACTUAL_PROFILE_D_EXECUTION,18,67,2,2014.01.21 08:02:07,BUY,LADDER,0,1252.16,1251.85,300.00,1253.75,1252.64,1251.77,1250.00,1248.04,1252.75,0,8,2,1,London,1,EMA->TP1->TP3,1,0,1,0,1,3,2.06,9.02,0.00,82,1,0,1,-0.50,1252.88,1253.04,1253.14,53.2506,40.0249,38.9094,23,15,7,8,8,16,1.000000,14.3412,0.609770,0.000000,7,3,0,1,5,29.4469,29.9404,-232.0831,15.9463,58.2597,42.3134,0.42,0.033930,1253.09,1253.16,1253.09,1252.99,114.37,-2.692658,-,E50>E100>E20>E200,Down_EMA200,RANGE,0,-0.21627935,-0.00755778,-0.20872157,3.9642,7.1165,-100.0000,1254.32,1252.25,1253.29,2.07,4.863149,-0.198893,-3.398823,0,-4.764454,-20.5531,-61.261023,1.952004,0.02250000,1.360288,-0.162919,-0.058664,-0.008750,-0.182537,0.415189,0.415189,-2.925310,-3.107847,1,1,1,1,37.1461,19.4025,-181.4087,21.1741,27.5417,6.3676,0.89,0.071215,1253.01,1252.95,1253.21,1253.57,172.23,-1.931930,-,E200>E100>E20>E50,Down_EMA200,RANGE,0,0.02787187,0.13199583,-0.10412396,17.3516,44.7377,-100.0000,1254.06,1251.79,1252.93,2.27,2.543647,0.021666,-1.216713,0,-3.834975,-12.8539,-47.329192,-0.354624,0.05730000,1.473554,0.000778,0.005758,-0.005436,0.065742,-0.688825,0.688825,-1.308847,-1.243105,1,1,1,1,42.4883,18.8377,-137.2870,14.3345,23.0621,8.7276,1.34,0.107182,1252.90,1253.43,1253.23,1251.14,70.04,0.521997,-,E50>E100>E20>E200,Btw_200-100,RANGE,1,-0.15821995,-0.21288546,0.05466551,42.7208,54.0641,-100.0000,1253.93,1251.41,1252.67,2.52,1.877212,0.172754,-0.614310,1,-1.178546,-7.5117,-29.755180,-0.305092,0.08245000,1.443518,0.010500,-0.012475,0.014751,-0.395179,1.704370,1.704370,-0.787194,-1.182373,1,1,1,1,41.1012,19.6784,-71.5541,17.5206,21.5612,4.0406,1.52,0.121581,1253.17,1253.19,1251.15,1247.90,394.19,2.589923,-,E50>E20>E100>E200,Btw_100-50,RANGE,1,-0.53860850,-0.60847729,0.06986879,29.1571,37.1292,-86.1786,1255.29,1250.87,1253.08,4.43,2.907754,0.220343,-0.813173,0,-1.786370,-8.8988,-20.141340,-1.346439,0.12165000,1.665663,-0.049563,-0.017080,0.031701,-0.012026,3.473742,3.473742,-0.871792,-0.883818,1,1,1,1,44.6503,21.8285,-82.3596,14.5721,19.4638,4.8917,1.70,0.135939,1253.50,1251.28,1248.03,1242.81,903.16,5.307234,-,E20>E50>E100>E200,Btw_50-20,UP,1,0.13737210,0.69448536,-0.55711326,35.5090,51.9242,-89.0393,1257.02,1251.38,1254.20,5.64,3.315760,0.082072,-1.385750,0,-0.139281,-5.3497,14.140252,-1.029262,-0.05130000,0.869016,-0.049862,0.041613,0.060756,1.302436,4.975210,6.277646,-0.970412,0.332024,1,1,1,1,0.0000,0.0000,0.0000,0.0000,0.0000,0.0000,0.00,0.000000,0.00,0.00,0.00,0.00,0.00,0.000000,,,,,0,0.00000000,0.00000000,0.00000000,0.0000,0.0000,0.0000,0.00,0.00,0.00,0.00,0.000000,0.000000,0.000000,0,0.000000,0.0000,0.000000,0.000000,0.00000000,0.000000,0.000000,0.000000,0.000000,0.000000,0.000000,0.000000,0.000000,0.000000,0,0,0,0
35,18,0,1970.01.01 00:00:00,PROTOCOL_DISABLED,ACTUAL_PROFILE_D_EXECUTION,18,68,3,2014.01.21 08:10:29,BUY,LADDER,0,1250.76,1250.42,300.00,1253.75,1252.64,1251.77,1250.00,1248.04,1252.75,0,8,2,1,London,1,EMA->TP1->TP3,1,0,1,0,1,3,2.06,9.02,0.00,82,1,0,1,3.45,1253.04,1253.14,1251.14,40.0249,38.9094,28.4637,23,15,8,8,7,15,0.875000,11.5612,3.305483,0.000000,8,2,0,1,5,19.7137,41.6712,-170.9908,10.2395,41.8142,31.5747,0.57,0.045945,1252.23,1252.75,1252.88,1252.89,247.49,-4.308006,-,E200>E100>E50>E20,Down_EMA20,DOWN,0,-0.59807737,-0.34793656,-0.25014081,2.8565,14.0967,-100.0000,1254.45,1250.67,1252.56,3.78,6.583925,-0.068426,-3.742472,0,-2.692618,-30.2863,-14.350919,1.978004,-0.00275000,0.976626,-0.227326,-0.112750,-0.028138,-0.891156,-0.245770,1.136926,-3.171080,-4.062236,1,1,1,1,27.8377,20.4152,-217.2805,15.9041,26.5355,10.6314,1.30,0.104006,1252.60,1252.78,1253.12,1253.51,309.77,-2.381932,-,E200>E100>E50>E20,Down_EMA20,DOWN,0,-0.30841704,0.05870284,-0.36711989,13.4461,24.0851,-100.0000,1254.56,1250.96,1252.76,3.60,2.770017,-0.152231,-1.806690,0,-5.288933,-22.1623,-55.433942,-0.158918,0.13810000,2.131967,-0.079706,-0.030133,-0.012324,-0.143721,-0.559909,0.703630,-1.678302,-1.822023,1,1,1,1,36.3213,18.9829,-251.4795,14.3345,23.6008,9.2663,1.70,0.135915,1252.76,1253.37,1253.20,1251.13,71.64,-0.421519,-,E50>E100>E20>E200,Down_EMA200,RANGE,0,-0.27237380,-0.22556922,-0.04680457,35.8286,51.7667,-100.0000,1254.16,1251.03,1252.60,3.13,1.840843,-0.197999,-1.284907,1,-2.411936,-13.6787,-52.593676,-0.276065,0.15400000,1.828402,-0.007748,-0.016453,0.009971,-0.359164,1.320953,1.320953,-1.383308,-1.742472,1,1,1,1,35.6291,20.2570,-191.5529,17.5206,23.5488,6.0282,1.88,0.150330,1253.03,1253.13,1251.12,1247.89,252.51,1.343318,-,E50>E20>E100>E200,Btw_200-100,RANGE,1,-0.65276235,-0.62116105,-0.03160130,24.4532,35.5613,-100.0000,1255.46,1250.56,1253.01,4.90,2.604881,-0.030396,-1.381620,0,-2.880795,-14.3709,-44.141107,-1.230726,0.19320000,2.057182,-0.054630,-0.019800,0.024153,-0.052385,2.790348,2.790348,-1.394644,-1.447030,1,1,1,1,40.2912,23.4407,-120.0248,14.5721,25.0603,10.4882,2.06,0.164706,1253.36,1251.22,1248.01,1242.80,761.48,3.697414,-,E20>E50>E100>E200,Btw_100-50,UP,1,0.02321825,0.68180160,-0.65858335,28.8616,49.7084,-100.0000,1257.24,1251.02,1254.13,6.23,3.024289,-0.096875,-1.805123,0,-1.011084,-9.7088,6.607202,-0.706822,0.02025000,1.051704,-0.054435,0.028935,0.048820,1.037268,4.090646,5.127913,-1.430499,-0.393231,1,1,1,1,0.0000,0.0000,0.0000,0.0000,0.0000,0.0000,0.00,0.000000,0.00,0.00,0.00,0.00,0.00,0.000000,,,,,0,0.00000000,0.00000000,0.00000000,0.0000,0.0000,0.0000,0.00,0.00,0.00,0.00,0.000000,0.000000,0.000000,0,0.000000,0.0000,0.000000,0.000000,0.00000000,0.000000,0.000000,0.000000,0.000000,0.000000,0.000000,0.000000,0.000000,0.000000,0,0,0,0
36,19,0,1970.01.01 00:00:00,PROTOCOL_DISABLED,ACTUAL_PROFILE_D_EXECUTION,19,72,1,2014.01.21 16:36:02,SELL,PROFILE_D_FULL,0,1240.77,1240.77,300.00,1238.31,1241.18,1243.44,1248.03,1253.07,1240.74,0,16,2,1,NewYork,2,EMA->TP2,1,0,1,0,1,2,2.48,3.23,0.00,64,0,1,1,-0.69,1241.50,1241.60,1241.84,69.3205,62.1449,57.9739,22,13,3,9,10,19,1.111111,11.3465,0.892105,0.000000,3,4,5,0,5,48.0864,22.6251,-44.5852,21.4539,26.5615,5.1076,0.38,0.030626,1240.93,1240.72,1240.40,1240.74,3.37,0.088767,-,E20>E200>E50>E100,Btw_50-20,RANGE,1,0.03545847,0.06453272,-0.02907425,23.1312,38.8780,-60.7732,1241.71,1240.38,1241.05,1.33,3.490326,0.293866,-0.719474,0,-1.005058,-1.9136,-2.747902,-0.029318,-0.00645000,0.921771,0.016219,0.032382,0.007225,0.551265,-0.054845,1.389984,-0.407653,0.143612,1,1,1,1,52.7586,22.6397,4.3890,19.5701,20.0592,0.4891,0.86,0.068909,1240.43,1241.18,1243.62,1246.89,611.71,-7.154461,-,E200>E100>E50>E20,Btw_50-20,DOWN,0,0.23410564,0.16511036,0.06899529,48.3045,62.3213,-42.7429,1241.82,1238.78,1240.30,3.04,3.556585,0.654495,0.549474,0,-0.874104,2.7586,-22.109137,-1.855861,-0.04045000,0.808702,0.071478,-0.013594,-0.071554,-0.871675,-6.678347,7.550023,0.395561,-0.476114,1,1,1,1,40.6957,37.7640,95.6112,12.5413,17.5403,4.9990,1.52,0.122121,1241.68,1245.46,1248.37,1249.01,823.34,-5.433685,-,E200>E100>E50>E20,Down_EMA20,DOWN,0,-1.85795103,-2.60144608,0.74349505,74.8692,79.8192,-17.1617,1246.20,1235.70,1240.95,10.50,6.927346,0.483204,-0.116350,0,0.993834,-9.3043,23.166008,-3.245151,-0.17690000,0.631420,-0.071567,-0.135143,-0.055312,-2.497276,-2.340527,4.837802,-0.595883,-3.093159,1,1,1,1,33.1832,37.0759,-31.4347,12.5920,18.4703,5.8783,2.09,0.168262,1244.14,1248.15,1248.88,1247.21,643.39,-3.081730,-,E100>E50>E200>E20,Down_EMA200,RANGE,0,-3.29906904,-3.25167662,-0.04739242,84.8544,70.9913,-61.3772,1254.81,1235.13,1244.97,19.68,9.424839,0.286758,-2.009771,0,3.607590,-16.8168,25.117652,-1.439166,-0.35240000,0.542308,-0.223135,-0.161681,-0.032874,-1.921537,0.450628,2.273966,-1.610821,-3.532358,1,1,1,1,28.0137,47.4935,-95.5393,8.6685,27.7221,19.0537,5.06,0.407427,1247.47,1248.98,1247.29,1242.83,205.73,-0.406972,-,E50>E20>E100>E200,Down_EMA200,RANGE,0,-3.22353019,-1.69869812,-1.52483207,39.5381,31.8648,-72.4800,1260.46,1238.33,1249.39,22.12,4.376157,0.110274,-1.705504,0,-0.724606,-21.9863,11.712193,3.098006,0.44195000,1.776577,-0.169320,-0.070525,-0.003803,-0.298073,1.216390,1.216390,-1.325289,-1.623362,1,1,1,1,0.0000,0.0000,0.0000,0.0000,0.0000,0.0000,0.00,0.000000,0.00,0.00,0.00,0.00,0.00,0.000000,,,,,0,0.00000000,0.00000000,0.00000000,0.0000,0.0000,0.0000,0.00,0.00,0.00,0.00,0.000000,0.000000,0.000000,0,0.000000,0.0000,0.000000,0.000000,0.00000000,0.000000,0.000000,0.000000,0.000000,0.000000,0.000000,0.000000,0.000000,0.000000,0,0,0,0
37,19,0,1970.01.01 00:00:00,PROTOCOL_DISABLED,ACTUAL_PROFILE_D_EXECUTION,19,73,2,2014.01.21 17:06:58,SELL,LADDER,0,1243.04,1243.23,300.00,1238.31,1241.18,1243.44,1248.03,1253.07,1240.74,0,17,2,1,NewYork,2,EMA->TP2,1,0,1,0,1,2,2.48,3.23,0.00,64,0,1,1,3.17,1241.84,1241.54,1242.26,57.9739,70.0724,84.3282,33,22,16,11,6,17,0.545455,26.3542,0.957362,0.000000,16,3,1,0,5,74.5396,25.7733,255.3166,38.6743,13.3842,25.2901,0.44,0.035377,1241.80,1241.39,1240.95,1240.96,208.26,4.735870,+,E20>E50>E200>E100,Up_EMA200,RANGE,1,0.27711647,0.17507800,0.10203847,86.0325,83.2998,0.0000,1242.55,1241.05,1241.80,1.50,3.414444,1.328970,2.830472,0,3.117997,24.5396,39.568730,0.763102,0.03110000,1.547054,0.122374,0.079838,0.028268,0.930115,0.987630,1.936947,2.818125,3.748240,1,1,1,1,65.1639,28.5571,188.7672,34.4236,14.2680,20.1555,0.84,0.067556,1241.12,1241.34,1243.42,1246.60,355.68,-4.235491,+,E200>E100>E50>E20,Btw_100-50,DOWN,0,0.53250140,0.33616268,0.19633872,77.0677,74.5745,0.0000,1242.52,1239.53,1241.02,2.99,3.559155,1.175455,2.404049,0,1.713134,15.1639,17.375041,1.155388,-0.02555000,0.867959,0.144531,0.036258,-0.056062,-0.254879,-6.267116,6.521995,2.286504,2.031625,1,1,1,1,51.7014,31.2667,139.5084,19.9980,13.1747,6.8234,1.43,0.115201,1241.83,1245.23,1248.14,1248.88,583.62,-4.075526,+,E200>E100>E50>E20,Btw_50-20,DOWN,0,-1.33235271,-2.21535965,0.88300693,85.6094,80.0776,0.0000,1244.87,1236.37,1240.62,8.50,5.936419,0.785333,1.693855,0,2.164033,1.7014,22.870836,-2.834692,-0.07360000,0.795556,-0.015291,-0.112108,-0.052230,-2.376961,-2.544396,4.921357,0.845831,-1.531129,1,1,1,1,42.2004,32.4289,4.5933,19.5670,16.0076,3.5595,1.91,0.153434,1244.09,1247.97,1248.78,1247.17,412.99,-2.165391,+,E100>E50>E200>E20,Down_EMA200,RANGE,0,-2.93748875,-3.33055341,0.39306466,89.4047,81.9856,-44.3937,1253.64,1235.38,1244.51,18.26,9.571451,0.419456,-0.770927,0,2.532354,-7.7996,20.963383,-2.401169,-0.52445000,0.421073,-0.186064,-0.155508,-0.031919,-2.036257,0.419653,2.460050,-0.548786,-2.585044,1,1,1,1,35.8252,43.2578,-58.5485,15.4605,24.0258,8.5653,3.30,0.265277,1247.11,1248.77,1247.22,1242.84,20.30,0.061577,-,E50>E100>E20>E200,Btw_200-100,RANGE,1,-3.11265433,-2.03178557,-1.08086876,54.8895,42.6075,-60.3787,1259.52,1237.97,1248.75,21.55,6.534784,0.235192,-1.730462,0,1.826295,-14.1748,23.331996,1.401415,0.08270000,1.143377,-0.238171,-0.105156,-0.006085,-0.504612,1.799113,1.799113,-1.232924,-1.737536,1,1,1,1,0.0000,0.0000,0.0000,0.0000,0.0000,0.0000,0.00,0.000000,0.00,0.00,0.00,0.00,0.00,0.000000,,,,,0,0.00000000,0.00000000,0.00000000,0.0000,0.0000,0.0000,0.00,0.00,0.00,0.00,0.000000,0.000000,0.000000,0,0.000000,0.0000,0.000000,0.000000,0.00000000,0.000000,0.000000,0.000000,0.000000,0.000000,0.000000,0.000000,0.000000,0.000000,0,0,0,0
38,20,0,1970.01.01 00:00:00,PROTOCOL_DISABLED,ACTUAL_PROFILE_D_EXECUTION,20,76,1,2014.01.22 00:54:01,BUY,PROFILE_D_FULL,0,1243.05,1243.05,300.00,1243.98,1242.90,1242.04,1240.30,1238.39,1242.38,0,0,3,1,Asia,0,EMA->TP2,1,0,1,0,1,2,2.13,5.39,0.00,167,0,1,1,0.29,1242.84,1242.59,1242.54,27.1602,35.0189,39.8193,15,8,3,7,5,12,0.714286,12.6591,2.962963,0.000000,3,1,3,0,5,46.5724,18.3827,-43.8600,20.0028,16.1807,3.8221,0.10,0.008147,1242.81,1242.80,1242.62,1242.39,33.47,3.305339,+,E20>E50>E100>E200,Btw_100-50,UP,1,-0.06934103,-0.04994188,-0.01939914,37.7778,28.6420,-70.0000,1243.37,1242.41,1242.89,0.95,9.419967,0.326111,-1.638025,0,-0.091351,-3.4276,6.327257,-1.378423,-0.02570000,0.440696,-0.164434,-0.052407,0.029290,0.114843,4.055771,4.170614,-0.865275,-0.750432,1,1,1,1,52.5955,17.0836,-40.1122,13.6330,14.5483,0.9153,0.45,0.036573,1242.65,1242.34,1242.50,1244.17,145.13,-3.193117,-,E200>E20>E100>E50,Btw_200-100,RANGE,0,0.23434816,0.26188203,-0.02753388,39.8493,53.5951,-54.5079,1243.42,1241.94,1242.68,1.47,3.243547,0.529609,0.096040,0,-0.833949,2.5955,-24.787833,-0.166811,0.00055000,1.006087,0.082919,0.059845,-0.027390,0.680028,-4.038922,4.038922,0.165777,0.845805,1,1,1,1,53.1669,16.9776,78.9349,13.8685,15.1816,1.3131,0.71,0.057052,1242.28,1243.23,1245.64,1247.28,456.07,-6.432614,-,E200>E100>E50>E20,Btw_50-20,DOWN,0,0.12908292,-0.08423686,0.21331978,66.7376,73.3037,-23.7136,1243.67,1240.77,1242.22,2.90,4.093159,0.671965,0.703879,0,0.130657,3.1669,8.553078,-0.949741,-0.03710000,0.792622,0.100591,-0.025028,-0.064504,-1.336496,-5.723741,7.060237,0.627623,-0.708873,1,1,1,1,45.9819,19.4899,91.7168,20.5522,10.9995,9.5526,1.18,0.094892,1242.76,1245.64,1247.27,1246.56,384.08,-3.256963,+,E100>E200>E50>E20,Down_EMA200,RANGE,0,-1.02135583,-1.53621512,0.51485929,82.5054,72.8725,-37.7309,1244.31,1238.84,1241.57,5.47,4.641133,0.710001,0.974645,0,1.221693,-4.0181,17.119296,0.276371,-0.05770000,0.803441,-0.031315,-0.119982,-0.036022,-2.435829,-0.786796,3.823351,-0.034338,-2.470167,1,1,1,1,38.7172,27.4673,12.5431,18.1753,14.0750,4.1003,1.69,0.136354,1244.82,1247.32,1246.62,1242.79,6.48,-0.038239,+,E50>E100>E20>E200,Down_EMA200,RANGE,0,-2.67514248,-3.03116154,0.35601906,48.4848,45.7936,-46.7814,1254.81,1235.66,1245.24,19.16,11.305293,0.368835,-1.482856,0,1.189696,-11.2828,13.035596,-2.969416,-0.20785000,0.619845,-0.204087,-0.135752,-0.004059,-1.477818,2.676896,2.676896,-1.237316,-2.715134,1,1,1,1,0.0000,0.0000,0.0000,0.0000,0.0000,0.0000,0.00,0.000000,0.00,0.00,0.00,0.00,0.00,0.000000,,,,,0,0.00000000,0.00000000,0.00000000,0.0000,0.0000,0.0000,0.00,0.00,0.00,0.00,0.000000,0.000000,0.000000,0,0.000000,0.0000,0.000000,0.000000,0.00000000,0.000000,0.000000,0.000000,0.000000,0.000000,0.000000,0.000000,0.000000,0.000000,0,0,0,0
39,20,0,1970.01.01 00:00:00,PROTOCOL_DISABLED,ACTUAL_PROFILE_D_EXECUTION,20,77,2,2014.01.22 01:03:32,BUY,LADDER,0,1242.42,1242.12,300.00,1243.98,1242.90,1242.04,1240.30,1238.39,1242.38,0,1,3,1,Asia,0,EMA->TP2,1,0,1,0,1,2,2.13,5.39,0.00,167,0,1,1,1.84,1242.84,1242.59,1242.54,27.1602,35.0189,39.8193,24,17,12,7,5,12,0.714286,12.6591,0.888889,0.000000,12,0,1,0,5,33.7787,28.5592,-158.5641,20.4692,40.1773,19.7080,0.34,0.027172,1242.80,1242.82,1242.66,1242.43,34.99,-1.036698,-,E50>E20>E100>E200,Down_EMA200,RANGE,0,-0.10082056,0.01138525,-0.11220581,0.0000,7.0728,-100.0000,1243.47,1242.15,1242.81,1.32,3.916333,-0.050023,-2.154074,0,-4.696530,-16.2213,-54.580837,-0.174535,0.03250000,1.928571,-0.098886,-0.031752,0.004932,-0.056891,1.146794,1.146794,-2.126601,-2.183492,1,1,1,1,44.4007,18.3591,-159.5277,13.2564,19.7857,6.5292,0.74,0.059175,1242.69,1242.39,1242.52,1244.15,206.75,-2.812966,-,E200>E20>E100>E50,Down_EMA200,RANGE,0,0.20190911,0.26355508,-0.06164597,51.2129,62.0501,-100.0000,1243.53,1241.99,1242.76,1.54,2.091796,0.058691,-0.923129,0,-2.269409,-5.5993,-49.320398,-0.452244,0.04345000,1.419604,0.033417,0.031320,-0.017227,0.420683,-2.401008,2.401008,-0.832640,-0.411957,1,1,1,1,48.1791,16.6484,33.5696,12.0194,17.0325,5.0131,0.87,0.069963,1242.30,1243.20,1245.58,1247.24,515.40,-5.930954,-,E200>E100>E50>E20,Down_EMA20,DOWN,0,0.12339045,-0.03104158,0.15443203,55.3141,69.4244,-46.7434,1243.75,1240.76,1242.26,2.99,3.441846,0.441173,-0.202474,0,-1.434937,-1.8209,-8.161999,-0.767192,-0.03810000,0.820198,0.066175,-0.022688,-0.052849,-1.031774,-4.645569,5.677343,-0.253611,-1.285385,1,1,1,1,43.3530,18.0931,28.5680,17.8119,14.8663,2.9456,0.99,0.079745,1242.74,1245.52,1247.18,1246.52,444.12,-4.483809,+,E100>E200>E50>E20,Down_EMA200,RANGE,0,-0.93401400,-1.41465227,0.48063827,75.9234,82.0533,-54.6174,1243.66,1240.05,1241.86,3.61,3.642629,0.563123,0.229934,0,1.088557,-6.6470,10.875651,0.153199,-0.05175000,0.792876,-0.008128,-0.126475,-0.039698,-2.799797,-1.018056,4.479246,-0.665956,-3.465754,1,1,1,1,37.4622,23.8221,17.2646,15.7520,15.7925,0.0406,1.35,0.108427,1244.60,1247.14,1246.54,1242.79,70.28,-0.521854,-,E50>E100>E20>E200,Down_EMA200,RANGE,0,-2.52918261,-2.97041128,0.44122867,64.9863,52.8037,-51.5719,1253.68,1235.76,1244.72,17.92,13.309689,0.352983,-1.956748,0,0.537378,-12.5378,10.550770,-2.750905,-0.22345000,0.546571,-0.233724,-0.164515,-0.005138,-1.881970,3.231248,3.231248,-1.871132,-3.753102,1,1,1,1,0.0000,0.0000,0.0000,0.0000,0.0000,0.0000,0.00,0.000000,0.00,0.00,0.00,0.00,0.00,0.000000,,,,,0,0.00000000,0.00000000,0.00000000,0.0000,0.0000,0.0000,0.00,0.00,0.00,0.00,0.000000,0.000000,0.000000,0,0.000000,0.0000,0.000000,0.000000,0.00000000,0.000000,0.000000,0.000000,0.000000,0.000000,0.000000,0.000000,0.000000,0.000000,0,0,0,0
40,21,0,1970.01.01 00:00:00,PROTOCOL_DISABLED,ACTUAL_PROFILE_D_EXECUTION,21,80,1,2014.01.22 05:23:07,BUY,PROFILE_D_FULL,0,1242.66,1242.66,300.00,1243.49,1242.53,1241.77,1240.22,1238.52,1242.69,0,5,3,1,Asia,0,EMA->TP3,1,0,1,0,1,3,2.02,14.34,0.00,143,0,0,1,-0.74,1242.68,1242.58,1241.98,23.6545,29.2754,37.1706,34,30,4,4,26,30,6.500000,13.5161,6.472222,0.000000,4,0,1,0,5,48.0889,19.6501,45.9176,24.3604,13.4360,10.9243,0.11,0.008693,1242.36,1242.58,1242.71,1242.68,31.33,-2.900643,+,E100>E200>E50>E20,Btw_50-20,RANGE,0,-0.11726110,-0.14786671,0.03060560,86.2852,74.9808,-37.3183,1242.62,1242.04,1242.33,0.58,5.374079,0.571416,0.383796,0,2.820778,-1.9111,34.595751,-0.878829,-0.01755000,0.551724,-0.108353,-0.131349,-0.040607,-2.065698,-0.961129,3.302195,0.126184,-1.939514,1,1,1,1,42.8376,26.5929,-112.9121,12.0061,25.2175,13.2114,0.34,0.027287,1242.68,1242.63,1242.57,1243.50,113.21,-3.339434,-,E200>E20>E50>E100,Down_EMA200,RANGE,0,-0.10588872,0.03104938,-0.13693810,17.6547,10.1120,-71.9856,1243.62,1242.13,1242.87,1.49,4.383452,0.161404,-1.484218,0,-0.271581,-7.1624,9.165411,0.022784,0.00915000,1.156010,-0.133355,-0.037786,-0.035171,0.153330,-2.587465,2.749228,-0.905299,-0.751969,1,1,1,1,48.5000,21.5383,-104.2017,13.5570,27.1250,13.5680,0.56,0.044914,1242.56,1242.89,1244.70,1246.50,412.94,-7.400272,-,E200>E100>E50>E20,Down_EMA20,DOWN,0,0.10604656,0.16343156,-0.05738500,11.0837,19.5840,-65.0219,1243.71,1241.40,1242.56,2.31,4.141504,0.420055,-0.331093,0,-0.962775,-1.5000,-36.727527,-0.383309,-0.02595000,0.811341,0.017433,-0.017766,-0.070282,-0.582854,-6.476795,7.059649,-0.340623,-0.923477,1,1,1,1,46.1901,19.1664,0.6509,15.8813,18.8273,2.9459,0.84,0.067532,1242.66,1244.70,1246.49,1246.22,384.61,-4.584175,-,E100>E200>E50>E20,Down_EMA200,RANGE,0,-0.41509204,-0.67796199,0.26286994,50.2840,68.9824,-41.1092,1243.64,1241.13,1242.38,2.52,2.998965,0.494496,-0.016508,0,0.436317,-3.8099,0.634359,0.377099,-0.11855000,0.585996,0.026203,-0.097849,-0.041006,-2.440350,-1.803688,4.572793,-0.340137,-2.780487,1,1,1,1,40.1291,19.3608,45.1007,11.1974,18.6574,7.4600,1.29,0.104196,1243.92,1246.46,1246.23,1242.78,40.46,-0.312521,-,E50>E100>E20>E200,Down_EMA200,RANGE,0,-1.96849911,-2.53883877,0.57033966,70.0234,66.7240,-29.4108,1247.38,1238.16,1242.77,9.23,7.126612,0.456761,-0.308150,0,-0.065985,-9.8709,5.427347,-1.621299,-0.08000000,0.763942,-0.146485,-0.137191,-0.002675,-1.958860,2.843002,2.843002,-1.196663,-3.155523,1,1,1,1,0.0000,0.0000,0.0000,0.0000,0.0000,0.0000,0.00,0.000000,0.00,0.00,0.00,0.00,0.00,0.000000,,,,,0,0.00000000,0.00000000,0.00000000,0.0000,0.0000,0.0000,0.00,0.00,0.00,0.00,0.000000,0.000000,0.000000,0,0.000000,0.0000,0.000000,0.000000,0.00000000,0.000000,0.000000,0.000000,0.000000,0.000000,0.000000,0.000000,0.000000,0.000000,0,0,0,0
41,21,0,1970.01.01 00:00:00,PROTOCOL_DISABLED,ACTUAL_PROFILE_D_EXECUTION,21,81,2,2014.01.22 05:44:08,BUY,LADDER,0,1242.12,1241.83,300.00,1243.49,1242.53,1241.77,1240.22,1238.52,1242.69,0,5,3,1,Asia,0,EMA->TP3,1,0,1,0,1,3,2.02,14.34,0.00,143,0,0,1,-0.41,1241.98,1242.36,1242.02,37.1706,58.8618,36.5251,25,12,5,13,7,20,0.538462,0.6455,0.202817,0.000000,5,0,0,0,5,32.3303,38.1339,-129.8314,6.7544,28.3255,21.5711,0.18,0.014294,1242.26,1242.43,1242.59,1242.62,81.38,-4.584907,-,E200>E100>E50>E20,Down_EMA20,DOWN,0,-0.12068823,-0.05955971,-0.06112853,27.9318,33.6891,-100.0000,1242.84,1241.89,1242.36,0.95,5.325366,-0.087938,-3.130986,0,-1.436849,-17.6697,14.528756,0.899171,-0.00900000,0.797753,-0.152841,-0.092630,-0.032110,-0.959139,-1.060758,2.019897,-2.565010,-3.524149,1,1,1,1,34.7303,19.9910,-146.6168,16.0327,27.6616,11.6289,0.40,0.032110,1242.53,1242.57,1242.55,1243.45,164.56,-4.126880,-,E200>E50>E100>E20,Down_EMA200,RANGE,0,-0.17135297,-0.07753261,-0.09382037,26.5122,48.5454,-100.0000,1243.51,1241.86,1242.69,1.65,4.147460,-0.030596,-2.200627,0,-0.315381,-15.2697,4.814958,-1.046553,-0.00175000,0.978528,-0.090038,-0.032728,-0.030020,-0.101273,-2.215730,2.317003,-1.809877,-1.911150,1,1,1,1,43.9775,22.1088,-112.3862,11.7494,22.7520,11.0026,0.73,0.058825,1242.51,1242.85,1244.65,1246.46,464.69,-6.361203,-,E200>E100>E50>E20,Down_EMA20,DOWN,0,0.04629262,0.16243978,-0.11614716,14.7386,14.0492,-95.8333,1243.67,1241.33,1242.50,2.34,3.197350,0.203660,-0.947502,0,-2.215518,-6.0225,-36.565562,-0.098219,0.04020000,1.379603,-0.016351,-0.024599,-0.056067,-0.470700,-4.932842,5.403542,-0.957661,-1.428361,1,1,1,1,43.3056,18.7126,-70.5734,13.7638,18.9149,5.1511,0.89,0.071992,1242.59,1244.60,1246.40,1246.18,436.64,-4.884170,-,E100>E200>E50>E20,Down_EMA200,RANGE,0,-0.42954566,-0.61418092,0.18463526,29.0434,51.8224,-60.5893,1243.66,1241.10,1242.38,2.57,2.870846,0.278008,-0.637304,0,-1.230217,-6.6944,-25.883650,0.093837,-0.06065000,0.746711,0.001323,-0.096736,-0.040244,-2.241464,-1.763733,4.261414,-0.878973,-3.120437,1,1,1,1,38.5497,19.6381,20.9040,11.1974,19.5087,8.3113,1.34,0.107746,1243.87,1246.43,1246.22,1242.77,96.10,-0.718211,-,E50>E100>E20>E200,Down_EMA200,RANGE,0,-2.01333102,-2.54382009,0.53048907,63.0963,64.4150,-38.6863,1247.37,1238.11,1242.74,9.26,6.919128,0.399242,-0.697160,0,-0.381859,-11.4503,0.588013,-1.565845,-0.07130000,0.789613,-0.149723,-0.136025,-0.003424,-1.918706,2.738280,2.738280,-1.537785,-3.456491,1,1,1,1,0.0000,0.0000,0.0000,0.0000,0.0000,0.0000,0.00,0.000000,0.00,0.00,0.00,0.00,0.00,0.000000,,,,,0,0.00000000,0.00000000,0.00000000,0.0000,0.0000,0.0000,0.00,0.00,0.00,0.00,0.000000,0.000000,0.000000,0,0.000000,0.0000,0.000000,0.000000,0.00000000,0.000000,0.000000,0.000000,0.000000,0.000000,0.000000,0.000000,0.000000,0.000000,0,0,0,0
42,21,0,1970.01.01 00:00:00,PROTOCOL_DISABLED,ACTUAL_PROFILE_D_EXECUTION,21,82,3,2014.01.22 06:10:44,BUY,LADDER,0,1240.86,1240.59,300.00,1243.49,1242.53,1241.77,1240.22,1238.52,1242.69,0,6,3,1,Asia,0,EMA->TP3,1,0,1,0,1,3,2.02,14.34,0.00,143,0,0,1,3.17,1241.76,1241.91,1241.92,27.0065,38.7135,56.1420,26,19,14,7,5,12,0.714286,29.1356,0.459016,0.000000,14,0,0,0,5,16.7391,46.1281,-262.5018,5.9270,46.3750,40.4479,0.35,0.028274,1241.84,1242.10,1242.33,1242.47,191.04,-5.446730,-,E200>E100>E50>E20,Down_EMA20,DOWN,0,-0.22268138,-0.06923350,-0.15344788,0.0000,2.5218,-100.0000,1242.68,1241.19,1241.93,1.49,4.249481,-0.421164,-3.914469,0,-5.791498,-33.2609,-39.592558,3.294197,0.03630000,2.072378,-0.165465,-0.084180,-0.029920,-0.729390,-1.067196,1.796586,-3.650144,-4.379534,1,1,1,1,25.3266,21.4293,-299.0579,13.4044,33.7131,20.3087,0.62,0.049635,1242.13,1242.38,1242.45,1243.35,279.48,-4.538810,-,E200>E100>E50>E20,Down_EMA20,DOWN,0,-0.35092501,-0.19417634,-0.15674867,10.5850,25.5127,-100.0000,1243.41,1241.15,1242.28,2.25,3.659179,-0.263268,-2.792935,0,-3.245470,-24.6734,-38.425436,0.127457,0.03265000,1.360773,-0.118767,-0.055571,-0.028652,-0.410951,-1.573548,1.984499,-2.554311,-2.965262,1,1,1,1,36.2866,27.1954,-197.6989,8.8251,26.5411,17.7160,0.98,0.079158,1242.29,1242.74,1244.52,1246.36,579.60,-5.902266,-,E200>E100>E50>E20,Down_EMA20,DOWN,0,-0.14072488,0.11285284,-0.25357772,8.3863,16.7307,-100.0000,1243.75,1241.02,1242.39,2.74,2.786279,-0.167970,-1.861151,0,-2.780217,-13.7134,-43.248075,1.267078,0.09185000,1.878527,-0.064962,-0.039919,-0.046774,-0.451258,-3.684408,4.135665,-1.766601,-2.217858,1,1,1,1,37.6991,21.1720,-187.5320,11.9286,25.3359,13.4073,1.19,0.095663,1242.43,1244.45,1246.29,1246.12,556.36,-4.688062,-,E100>E200>E50>E20,Down_EMA200,RANGE,0,-0.53084112,-0.56686515,0.03602403,15.9034,35.2853,-100.0000,1243.78,1240.80,1242.29,2.97,2.506017,-0.081789,-1.457973,0,-2.641485,-12.3009,-61.592409,0.104721,0.01375000,1.061494,-0.038565,-0.086153,-0.034095,-1.706000,-1.407922,3.258937,-1.574140,-3.280140,1,1,1,1,35.1760,23.0652,-118.6294,9.7044,25.5517,15.8473,1.46,0.117769,1243.58,1246.21,1246.12,1242.75,219.20,-1.500316,-,E50>E100>E20>E200,Down_EMA200,RANGE,0,-2.01678196,-2.42287547,0.40609351,34.0627,55.9889,-74.6883,1246.45,1238.33,1242.39,8.13,5.561523,0.274558,-1.253799,0,-0.423619,-14.8240,-23.676610,-0.506181,-0.03415000,0.895358,-0.139430,-0.125926,-0.004675,-1.805003,2.370907,2.370907,-2.066219,-3.871222,1,1,1,1,0.0000,0.0000,0.0000,0.0000,0.0000,0.0000,0.00,0.000000,0.00,0.00,0.00,0.00,0.00,0.000000,,,,,0,0.00000000,0.00000000,0.00000000,0.0000,0.0000,0.0000,0.00,0.00,0.00,0.00,0.000000,0.000000,0.000000,0,0.000000,0.0000,0.000000,0.000000,0.00000000,0.000000,0.000000,0.000000,0.000000,0.000000,0.000000,0.000000,0.000000,0.000000,0,0,0,0
43,22,0,1970.01.01 00:00:00,PROTOCOL_DISABLED,ACTUAL_PROFILE_D_EXECUTION,22,86,1,2014.01.22 07:50:01,SELL,PROFILE_D_FULL,0,1241.38,1241.38,300.00,1239.77,1241.65,1243.13,1246.14,1249.44,1241.18,0,7,3,1,London,1,EMA->TP1,1,0,1,0,1,1,2.00,2.39,0.00,64,1,0,1,2.00,1241.57,1241.65,1241.94,81.4317,67.6650,58.2408,14,8,4,6,4,10,0.666667,23.1909,1.804878,0.000000,4,4,1,0,5,57.3191,28.2576,9.1519,27.3020,19.8036,7.4984,0.21,0.016514,1241.19,1240.81,1240.80,1241.18,20.12,0.981519,+,E20>E200>E50>E100,Up_EMA200,RANGE,1,0.28387040,0.29350916,-0.00963876,10.1796,28.2257,-48.3592,1241.90,1240.46,1241.18,1.44,7.025199,0.641511,0.994146,0,-3.407931,7.3191,-33.023425,0.139529,-0.02000000,0.672131,0.187297,0.146738,0.015624,1.844255,-1.802634,1.922602,0.939898,2.784152,1,1,1,1,56.4947,29.2971,120.3228,25.2844,9.6821,15.6023,0.58,0.047085,1240.83,1241.32,1241.78,1242.81,143.13,-2.448757,+,E200>E100>E50>E20,Btw_100-50,DOWN,0,-0.08144426,-0.37270896,0.29126470,79.6999,80.5083,-20.8955,1241.56,1239.16,1240.36,2.40,4.103464,0.925937,1.747819,0,2.982772,6.4947,14.341880,1.171859,-0.01105000,0.913638,0.093379,-0.006921,-0.027910,-0.842041,-2.548188,3.390229,0.941471,0.099430,1,1,1,1,48.2772,29.3293,12.8435,20.1924,15.2692,4.9232,0.97,0.078300,1241.45,1242.20,1244.00,1245.96,457.70,-4.708840,+,E200>E100>E50>E20,Down_EMA20,DOWN,0,-0.44712727,-0.38915826,-0.05796901,82.5529,59.6461,-48.3557,1244.22,1239.43,1241.82,4.78,4.922314,0.408068,-0.452521,0,3.401859,-1.7228,40.080817,-1.041452,-0.09060000,0.682105,-0.083121,-0.064611,-0.054827,-0.776053,-3.866581,4.642634,-0.066206,-0.842259,1,1,1,1,44.2326,21.2432,-66.3338,19.4881,19.1295,0.3586,1.78,0.143469,1241.98,1244.02,1245.97,1245.96,457.78,-2.570361,+,E100>E200>E50>E20,Down_EMA200,RANGE,0,-0.69464831,-0.53977404,-0.15487427,37.8141,29.6005,-50.6288,1243.93,1240.21,1242.07,3.72,2.089517,0.314896,-0.386777,0,-0.620570,-5.7674,-15.326975,0.415363,0.18840000,2.122765,-0.078794,-0.077415,-0.029031,-1.149519,-1.087961,2.240482,-0.332880,-1.482400,1,1,1,1,39.1076,26.7095,-124.0600,8.4105,23.8555,15.4450,1.91,0.153559,1243.36,1246.02,1246.02,1242.74,135.32,-0.709874,-,E100>E50>E20>E200,Down_EMA200,RANGE,0,-1.95697614,-2.30294916,0.34597302,39.8947,49.5155,-56.6462,1245.30,1238.82,1242.06,6.48,3.397852,0.394946,-0.356957,0,0.408270,-10.8924,-32.114742,0.547010,0.02140000,1.059469,-0.103149,-0.095417,-0.004233,-1.396628,1.723156,1.723429,-1.036402,-2.433030,1,1,1,1,0.0000,0.0000,0.0000,0.0000,0.0000,0.0000,0.00,0.000000,0.00,0.00,0.00,0.00,0.00,0.000000,,,,,0,0.00000000,0.00000000,0.00000000,0.0000,0.0000,0.0000,0.00,0.00,0.00,0.00,0.000000,0.000000,0.000000,0,0.000000,0.0000,0.000000,0.000000,0.00000000,0.000000,0.000000,0.000000,0.000000,0.000000,0.000000,0.000000,0.000000,0.000000,0,0,0,0
44,23,0,1970.01.01 00:00:00,PROTOCOL_DISABLED,ACTUAL_PROFILE_D_EXECUTION,23,88,1,2014.01.22 10:56:06,SELL,PROFILE_D_FULL,0,1239.91,1239.91,300.00,1238.93,1240.08,1240.97,1242.80,1244.81,1239.81,0,10,3,1,London,1,EMA->TP2->TP3,1,0,1,0,1,3,2.02,13.88,0.00,126,0,1,1,-0.94,1239.79,1240.06,1240.17,72.0908,69.0169,62.1279,17,8,4,9,4,13,0.444444,9.9629,2.405063,0.000000,4,4,2,0,5,56.8479,38.8779,21.6390,19.3685,14.8773,4.4913,0.16,0.012743,1239.79,1239.58,1239.56,1239.81,10.22,0.646932,+,E200>E20>E50>E100,Up_EMA200,RANGE,1,0.16400747,0.16875077,-0.00474330,41.4485,54.7548,-34.8000,1240.19,1239.36,1239.78,0.83,5.261433,0.662515,0.855063,0,-1.945745,6.8479,-27.628389,-1.091878,-0.00980000,0.763285,0.153599,0.110985,0.011183,1.295575,-1.429059,1.590973,0.780416,2.075991,1,1,1,1,54.0695,21.7518,129.3754,20.0545,9.0265,11.0280,0.37,0.029599,1239.62,1239.98,1240.64,1241.82,191.29,-5.212238,+,E200>E100>E50>E20,Btw_50-20,DOWN,0,-0.01052092,-0.14953072,0.13900979,83.1787,85.7236,-17.2848,1240.15,1238.94,1239.55,1.21,3.288053,0.803758,0.998774,0,1.104185,4.0695,29.277863,1.305065,-0.03975000,0.648696,0.081680,-0.016921,-0.055558,-0.984261,-5.022369,6.006630,0.794392,-0.189869,1,1,1,1,47.0626,27.3050,14.1191,20.1671,15.2507,4.9163,0.72,0.057887,1240.09,1241.17,1243.04,1245.23,531.80,-7.409276,+,E200>E100>E50>E20,Down_EMA20,DOWN,0,-0.60361309,-0.70173590,0.09812281,64.1149,55.7159,-51.1329,1241.45,1238.36,1239.91,3.09,4.305506,0.501812,0.007802,0,0.534000,-2.9374,13.225970,-0.091487,-0.14750000,0.493214,-0.112810,-0.106726,-0.082828,-1.510732,-5.652658,7.163389,-0.245887,-1.756619,1,1,1,1,43.3156,22.0115,-62.2139,13.7832,18.5298,4.7466,1.30,0.105088,1240.82,1243.04,1245.22,1245.58,566.59,-4.348335,-,E200>E100>E50>E20,Down_EMA20,DOWN,0,-0.99435420,-0.87980779,-0.11454640,42.3713,36.6682,-65.2088,1244.10,1238.24,1241.17,5.86,4.499334,0.285625,-0.964543,0,-0.265143,-6.6844,4.074567,0.363603,-0.08565000,0.752635,-0.147714,-0.126710,-0.049478,-1.697410,-1.950410,3.647820,-0.700514,-2.397925,1,1,1,1,37.7840,36.8570,-107.4261,6.2696,20.3380,14.0684,2.33,0.188138,1242.18,1245.20,1245.59,1242.62,270.41,-1.159195,-,E100>E50>E200>E20,Down_EMA200,RANGE,0,-2.15755606,-2.15974217,0.00218610,22.9772,17.3770,-65.2524,1244.07,1238.68,1241.38,5.39,2.309310,0.228051,-0.628014,0,-0.320847,-12.2160,-27.386193,3.431694,0.19660000,1.728283,-0.147293,-0.107223,-0.013450,-1.293567,1.105552,1.464752,-0.971180,-2.264747,1,1,1,1,0.0000,0.0000,0.0000,0.0000,0.0000,0.0000,0.00,0.000000,0.00,0.00,0.00,0.00,0.00,0.000000,,,,,0,0.00000000,0.00000000,0.00000000,0.0000,0.0000,0.0000,0.00,0.00,0.00,0.00,0.000000,0.000000,0.000000,0,0.000000,0.0000,0.000000,0.000000,0.00000000,0.000000,0.000000,0.000000,0.000000,0.000000,0.000000,0.000000,0.000000,0.000000,0,0,0,0
45,23,0,1970.01.01 00:00:00,PROTOCOL_DISABLED,ACTUAL_PROFILE_D_EXECUTION,23,89,2,2014.01.22 11:13:05,SELL,LADDER,0,1240.54,1240.89,300.00,1238.93,1240.08,1240.97,1242.80,1244.81,1239.81,0,11,3,1,London,1,EMA->TP2->TP3,1,0,1,0,1,3,2.02,13.88,0.00,126,0,1,1,-0.63,1240.17,1240.27,1240.49,62.1279,64.9021,51.2906,21,17,4,4,13,17,3.250000,10.8373,2.144054,0.000000,4,4,1,0,5,65.6547,27.2921,141.0106,37.0093,13.2006,23.8087,0.15,0.012031,1240.14,1239.89,1239.74,1239.87,67.34,4.511726,+,E20>E50>E200>E100,Up_EMA200,RANGE,1,0.15539030,0.11045328,0.04493701,92.4731,81.6136,0.0000,1240.55,1239.76,1240.15,0.79,5.278520,0.992626,2.600335,0,1.757361,15.6547,26.850303,-0.231945,-0.01380000,0.683849,0.208226,0.143027,0.033907,1.710541,0.119805,2.687408,2.681380,4.391920,1,1,1,1,62.4232,30.3454,128.6787,19.6183,8.4349,11.1834,0.53,0.042985,1239.79,1240.02,1240.62,1241.78,123.64,-2.318683,+,E200>E100>E50>E20,Btw_100-50,DOWN,0,0.11445608,-0.04486612,0.15932219,68.1818,71.0081,0.0000,1240.45,1238.82,1239.63,1.62,3.039954,1.060283,1.703235,0,1.703588,12.4232,-7.253326,2.980347,-0.00205000,0.981141,0.094999,0.012972,-0.031010,-0.416349,-3.306365,3.722714,1.404031,0.987682,1,1,1,1,50.8971,27.3324,68.4273,22.6552,13.2173,9.4379,0.75,0.060478,1240.15,1241.16,1243.00,1245.19,464.27,-6.188264,+,E200>E100>E50>E20,Btw_50-20,DOWN,0,-0.47935798,-0.67309008,0.19373210,88.7984,69.3078,-35.2467,1241.49,1238.37,1239.93,3.12,4.162421,0.697031,0.820127,0,1.617189,0.8971,28.129451,-0.132244,-0.06240000,0.706284,-0.062404,-0.083447,-0.074715,-1.339095,-5.369611,6.708706,0.520441,-0.818654,1,1,1,1,46.4474,19.2744,-15.3789,17.0677,16.0591,1.0086,1.02,0.082222,1240.82,1242.95,1245.13,1245.53,498.72,-4.889369,+,E200>E100>E50>E20,Down_EMA20,DOWN,0,-0.88235985,-0.90436772,0.02200786,63.3611,49.0591,-52.3439,1244.06,1238.21,1241.14,5.85,5.731137,0.398499,-0.581716,0,2.772263,-3.5526,24.520739,-0.244469,-0.24935000,0.449983,-0.121370,-0.135091,-0.057380,-2.087344,-2.531729,4.619073,-0.270295,-2.357639,1,1,1,1,40.4843,34.6515,-57.9021,10.7839,17.6263,6.8423,1.98,0.159225,1242.04,1245.02,1245.50,1242.60,205.49,-1.040303,-,E100>E50>E200>E20,Down_EMA200,RANGE,0,-2.01314840,-2.11074767,0.09759927,45.3247,28.2707,-53.9563,1244.05,1238.77,1241.41,5.27,2.670353,0.335798,-0.438476,0,1.117862,-9.5157,20.853151,2.239429,0.03805000,1.106583,-0.154308,-0.120342,-0.015384,-1.508222,1.227123,1.749881,-0.759205,-2.267427,1,1,1,1,0.0000,0.0000,0.0000,0.0000,0.0000,0.0000,0.00,0.000000,0.00,0.00,0.00,0.00,0.00,0.000000,,,,,0,0.00000000,0.00000000,0.00000000,0.0000,0.0000,0.0000,0.00,0.00,0.00,0.00,0.000000,0.000000,0.000000,0,0.000000,0.0000,0.000000,0.000000,0.00000000,0.000000,0.000000,0.000000,0.000000,0.000000,0.000000,0.000000,0.000000,0.000000,0,0,0,0
46,23,0,1970.01.01 00:00:00,PROTOCOL_DISABLED,ACTUAL_PROFILE_D_EXECUTION,23,90,3,2014.01.22 12:46:35,SELL,LADDER,0,1242.05,1242.36,300.00,1238.93,1240.08,1240.97,1242.80,1244.81,1239.81,0,12,3,1,Overlap,3,EMA->TP2->TP3,1,0,1,0,1,3,2.02,13.88,0.00,126,0,1,1,3.59,1241.09,1240.90,1241.83,63.7230,42.1369,49.9713,28,21,5,7,16,23,2.285714,13.7517,2.147612,0.000000,5,3,1,0,5,66.9352,29.6738,142.9158,38.4489,15.0650,23.3839,0.35,0.027817,1241.36,1241.11,1240.87,1240.59,146.25,4.232897,+,E20>E50>E100>E200,Up_EMA20,UP,1,0.25555927,0.21123875,0.04432052,79.6830,57.9695,0.0000,1242.27,1240.15,1241.21,2.12,6.148163,0.896316,2.436614,0,2.361146,16.9352,16.735378,-0.484129,0.01640000,1.311195,0.119701,0.070051,0.031377,0.722039,1.508813,2.230851,2.002046,2.724085,1,1,1,1,61.8440,19.7765,110.3253,22.2448,16.4908,5.7540,0.74,0.059941,1240.99,1240.62,1240.78,1241.67,38.52,0.517369,+,E200>E20>E100>E50,Up_EMA200,RANGE,1,0.35991856,0.28951241,0.07040616,92.5817,88.1970,0.0000,1242.07,1240.11,1241.09,1.96,2.632132,0.989303,1.287911,0,1.689884,11.8440,30.738301,-0.987353,0.02920000,1.243943,0.080934,0.047381,-0.003735,0.501795,-1.405929,1.405929,1.421504,1.923299,1,1,1,1,57.5300,34.9614,131.8013,24.5539,8.7085,15.8454,1.17,0.094179,1240.68,1241.16,1242.76,1244.91,286.22,-2.446834,+,E200>E100>E50>E20,Btw_100-50,DOWN,0,0.10851559,-0.20879380,0.31730938,65.0809,51.8021,0.0000,1242.22,1238.22,1240.22,4.00,3.423604,0.957031,1.564693,0,0.016940,7.5300,-5.520516,0.667411,0.02810000,1.136507,0.055849,-0.000533,-0.033169,-0.409494,-3.206866,3.616360,1.169525,0.760032,1,1,1,1,53.9325,21.3890,145.5480,23.5419,14.0483,9.4936,1.52,0.122237,1240.89,1242.73,1244.90,1245.40,334.51,-2.203245,+,E200>E100>E50>E20,Btw_50-20,DOWN,0,-0.54268978,-0.88037157,0.33768179,72.1283,68.3426,-8.9063,1243.81,1238.12,1240.96,5.69,3.747351,0.691118,0.716186,0,2.870685,3.9325,47.362541,-0.349803,-0.05630000,0.843589,-0.004683,-0.056857,-0.031319,-1.216604,-1.755090,2.971694,0.768449,-0.448155,1,1,1,1,46.5482,27.9042,-0.6213,14.7270,15.2761,0.5491,1.98,0.159414,1242.07,1244.92,1245.44,1242.60,54.31,-0.274287,-,E100>E50>E200>E20,Down_EMA200,RANGE,0,-1.75512352,-2.05673997,0.30161644,72.4690,48.0792,-26.9424,1244.10,1238.85,1241.48,5.26,2.654440,0.609631,0.291010,0,2.572822,-3.4518,33.868879,0.238928,0.00570000,1.014604,-0.116735,-0.106004,-0.012816,-1.438722,1.171899,1.701655,-0.007464,-1.446186,1,1,1,1,0.0000,0.0000,0.0000,0.0000,0.0000,0.0000,0.00,0.000000,0.00,0.00,0.00,0.00,0.00,0.000000,,,,,0,0.00000000,0.00000000,0.00000000,0.0000,0.0000,0.0000,0.00,0.00,0.00,0.00,0.000000,0.000000,0.000000,0,0.000000,0.0000,0.000000,0.000000,0.00000000,0.000000,0.000000,0.000000,0.000000,0.000000,0.000000,0.000000,0.000000,0.000000,0,0,0,0
47,24,0,1970.01.01 00:00:00,PROTOCOL_DISABLED,ACTUAL_PROFILE_D_EXECUTION,24,94,1,2014.01.22 16:19:00,SELL,PROFILE_D_FULL,0,1240.79,1240.79,300.00,1239.67,1240.98,1242.01,1244.10,1246.39,1240.50,0,16,3,1,NewYork,2,EMA->TP1,1,0,1,0,1,1,2.04,1.45,0.00,246,1,0,1,2.04,1240.68,1241.16,1241.22,68.4251,66.4171,54.5490,16,9,3,7,6,13,0.857143,13.8761,2.825688,0.000000,3,4,2,1,5,55.5375,27.7705,-64.6730,14.0225,18.4368,4.4144,0.19,0.015373,1240.75,1240.40,1240.36,1240.50,29.39,1.540553,-,E20>E200>E50>E100,Up_EMA200,RANGE,1,0.22162299,0.29263283,-0.07100983,8.4034,21.0780,-56.8548,1241.26,1240.34,1240.80,0.92,4.818672,0.490372,-0.046396,0,-2.363513,5.5375,-33.497633,-2.555451,0.00450000,1.133730,0.102361,0.117993,0.022237,1.821383,-0.523813,2.004209,0.242983,2.064366,1,1,1,1,53.3854,35.8822,96.3870,28.7108,7.7162,20.9945,0.44,0.035441,1240.39,1240.55,1240.70,1241.33,53.86,-1.224741,+,E200>E100>E50>E20,Btw_200-100,DOWN,0,-0.04061007,-0.30513795,0.26452788,85.8084,90.1482,-14.7541,1242.10,1238.53,1240.31,3.57,8.108314,0.634296,1.088914,0,0.514868,3.3854,17.751741,1.907255,-0.07505000,0.539571,0.109643,0.019522,-0.013836,-0.371556,-1.773607,2.145163,0.920422,0.548866,1,1,1,1,50.7624,20.2374,19.6489,24.1916,15.2690,8.9226,1.01,0.081702,1240.61,1240.94,1242.25,1244.36,356.66,-3.518270,+,E200>E100>E50>E20,Btw_50-20,DOWN,0,-0.07038525,-0.02376997,-0.04661529,74.5985,54.9486,-46.9157,1242.51,1239.19,1240.85,3.32,3.271565,0.483009,-0.055586,0,0.435612,0.7624,12.233252,-0.285802,-0.06455000,0.758511,-0.049970,-0.034417,-0.042937,-0.324830,-3.375285,3.700115,0.181845,-0.142985,1,1,1,1,49.3753,16.5620,24.6920,21.9531,15.0024,6.9507,2.05,0.164995,1240.71,1242.20,1244.33,1245.07,427.83,-2.089797,+,E200>E100>E50>E20,Btw_50-20,DOWN,0,-0.36909682,-0.45238881,0.08329198,36.6501,31.4129,-48.6986,1242.32,1238.31,1240.32,4.02,1.961883,0.618848,0.233166,1,0.377176,-0.6247,-11.796295,-1.195541,-0.09415000,0.813046,-0.021754,-0.039626,-0.023524,-0.729863,-1.401205,2.131068,0.041272,-0.688592,1,1,1,1,42.9022,21.4049,-11.3263,10.7615,14.5824,3.8208,2.41,0.194593,1241.57,1244.27,1245.06,1242.51,171.99,-0.712309,-,E100>E50>E200>E20,Down_EMA200,RANGE,0,-1.39043689,-1.84982254,0.45938566,52.0675,53.0064,-49.4808,1243.72,1238.60,1241.16,5.12,2.121950,0.428203,-0.152350,0,0.260567,-7.0978,3.721511,-2.102142,0.01630000,1.034934,-0.041336,-0.063521,-0.007262,-1.116652,0.725861,1.444469,-0.321518,-1.438170,1,1,1,1,0.0000,0.0000,0.0000,0.0000,0.0000,0.0000,0.00,0.000000,0.00,0.00,0.00,0.00,0.00,0.000000,,,,,0,0.00000000,0.00000000,0.00000000,0.0000,0.0000,0.0000,0.00,0.00,0.00,0.00,0.000000,0.000000,0.000000,0,0.000000,0.0000,0.000000,0.000000,0.00000000,0.000000,0.000000,0.000000,0.000000,0.000000,0.000000,0.000000,0.000000,0.000000,0,0,0,0
48,25,0,1970.01.01 00:00:00,PROTOCOL_DISABLED,ACTUAL_PROFILE_D_EXECUTION,25,96,1,2014.01.22 20:47:01,BUY,PROFILE_D_FULL,0,1238.06,1238.06,300.00,1239.42,1237.83,1236.59,1234.05,1231.26,1239.24,0,20,3,1,NewYork,2,EMA->TP3,1,0,1,0,1,3,4.34,33.36,0.01,613,0,0,1,-1.95,1238.32,1237.47,1237.24,20.4823,32.2253,40.5896,22,9,3,13,6,19,0.461538,20.1073,4.460104,0.000000,3,0,0,0,5,37.2221,50.4979,-31.3077,11.3362,19.5790,8.2428,0.24,0.019491,1237.98,1238.51,1238.90,1239.23,149.63,-6.202129,-,E200>E100>E50>E20,Down_EMA20,DOWN,0,-0.30936904,-0.35340434,0.04403530,60.2045,58.0222,-60.2595,1238.64,1237.29,1237.96,1.34,5.564582,0.326847,-0.963523,0,1.387090,-12.7779,14.354695,-1.289769,-0.00485000,0.908663,-0.152767,-0.150741,-0.065373,-2.207548,-2.960989,5.168537,-1.033593,-3.241140,1,1,1,1,28.7216,46.5348,-111.8447,10.4864,33.2317,22.7453,0.53,0.042618,1238.82,1239.30,1239.75,1240.49,275.94,-5.231091,-,E200>E100>E50>E20,Down_EMA20,DOWN,0,-0.42989707,-0.18634796,-0.24354910,21.0662,14.3967,-82.0051,1240.59,1237.65,1239.12,2.94,5.582031,0.028056,-2.634408,0,-1.840638,-21.2784,20.545351,3.349204,0.04460000,1.732348,-0.217539,-0.112879,-0.049063,-0.918468,-2.258769,3.177237,-2.053854,-2.972322,1,1,1,1,35.8888,29.0246,-180.3487,7.9243,27.5240,19.5998,0.85,0.068492,1239.28,1240.03,1241.33,1243.52,578.37,-6.822415,-,E200>E100>E50>E20,Down_EMA20,DOWN,0,-0.52879345,-0.35641877,-0.17237468,15.1712,19.9934,-82.9328,1241.05,1237.80,1239.43,3.25,3.829722,-0.021677,-1.997877,0,-2.380339,-14.1112,-42.003637,2.038727,0.04150000,1.324092,-0.124004,-0.077870,-0.059806,-0.879105,-4.112195,4.991300,-1.831115,-2.710220,1,1,1,1,39.1974,19.5529,-205.4131,9.5814,29.4627,19.8813,1.11,0.089983,1239.74,1241.28,1243.48,1244.56,683.22,-6.134390,-,E200>E100>E50>E20,Down_EMA20,DOWN,0,-0.67226399,-0.51797893,-0.15428506,26.2995,45.3944,-89.7938,1242.29,1237.75,1240.02,4.53,4.069774,-0.004830,-2.054545,0,-0.547227,-10.8026,-16.000030,0.618905,-0.02520000,0.898367,-0.093156,-0.090622,-0.050968,-1.382788,-2.950293,4.333081,-1.801309,-3.184097,1,1,1,1,32.9217,28.6267,-149.5473,8.0523,22.8676,14.8153,1.61,0.130279,1240.64,1243.45,1244.57,1242.37,463.30,-2.873197,-,E100>E50>E200>E20,Down_EMA200,RANGE,0,-1.49761073,-1.55288215,0.05527142,25.1516,26.2528,-91.6539,1243.28,1237.69,1240.49,5.59,3.468064,0.007247,-1.708899,0,-1.680543,-17.0783,-17.831266,1.249635,-0.26825000,0.545916,-0.125851,-0.118857,-0.020481,-1.744226,0.672175,2.440416,-1.801146,-3.545371,1,1,1,1,0.0000,0.0000,0.0000,0.0000,0.0000,0.0000,0.00,0.000000,0.00,0.00,0.00,0.00,0.00,0.000000,,,,,0,0.00000000,0.00000000,0.00000000,0.0000,0.0000,0.0000,0.00,0.00,0.00,0.00,0.000000,0.000000,0.000000,0,0.000000,0.0000,0.000000,0.000000,0.00000000,0.000000,0.000000,0.000000,0.000000,0.000000,0.000000,0.000000,0.000000,0.000000,0,0,0,0
49,25,0,1970.01.01 00:00:00,PROTOCOL_DISABLED,ACTUAL_PROFILE_D_EXECUTION,25,97,2,2014.01.22 20:52:21,BUY,LADDER,0,1237.03,1236.70,300.00,1239.42,1237.83,1236.59,1234.05,1231.26,1239.24,0,20,3,1,NewYork,2,EMA->TP3,1,0,1,0,1,3,4.34,33.36,0.01,613,0,0,1,-1.84,1238.32,1237.47,1237.24,20.4823,32.2253,40.5896,27,14,8,13,6,19,0.461538,20.1073,2.964187,0.000000,8,0,0,0,5,20.9476,58.6837,-219.3394,5.5428,39.8347,34.2920,0.36,0.029353,1237.63,1238.26,1238.73,1239.13,245.97,-6.776100,-,E200>E100>E50>E20,Down_EMA20,DOWN,0,-0.40772929,-0.34192697,-0.06580232,2.0841,9.0314,-100.0000,1238.45,1236.84,1237.64,1.60,4.413717,-0.111012,-2.696832,0,-2.875781,-29.0524,-33.545549,1.290251,0.01810000,1.332110,-0.189458,-0.138010,-0.055997,-1.738422,-2.385277,4.123699,-2.652401,-4.390824,1,1,1,1,20.9557,50.9383,-152.8476,6.8287,40.6020,33.7733,0.75,0.060404,1238.58,1239.19,1239.68,1240.45,378.44,-5.066107,-,E200>E100>E50>E20,Down_EMA20,DOWN,0,-0.56450216,-0.25209848,-0.31240368,12.4626,13.9185,-100.0000,1240.82,1237.11,1238.97,3.71,4.960732,-0.120482,-3.078046,0,-2.780741,-29.0443,8.674775,3.520684,0.06690000,1.810909,-0.191959,-0.098573,-0.039904,-0.803821,-1.693541,2.497362,-2.568745,-3.372565,1,1,1,1,30.9229,29.8279,-237.2471,7.9243,33.0452,25.1210,1.11,0.089596,1239.18,1239.99,1241.31,1243.51,683.91,-6.172469,-,E200>E100>E50>E20,Down_EMA20,DOWN,0,-0.61383049,-0.36586733,-0.24796316,7.9222,17.5770,-100.0000,1241.26,1237.48,1239.37,3.78,3.412116,-0.215861,-2.442599,0,-3.373536,-19.0771,-53.383312,2.199397,0.09355000,1.730574,-0.113204,-0.067125,-0.047673,-0.726517,-3.174468,3.900985,-2.271484,-2.998001,1,1,1,1,35.8930,19.6616,-246.0531,9.5814,30.1222,20.5408,1.26,0.101705,1239.64,1241.24,1243.46,1244.55,788.76,-6.271175,-,E200>E100>E50>E20,Down_EMA20,DOWN,0,-0.75730103,-0.52742749,-0.22987353,16.7436,42.2092,-100.0000,1242.48,1237.45,1239.97,5.03,4.000077,-0.156109,-2.624488,0,-1.208104,-14.1070,-24.128026,0.640644,0.00360000,1.014519,-0.098635,-0.086894,-0.046819,-1.271954,-2.637317,3.909271,-2.361904,-3.633857,1,1,1,1,30.1662,28.7939,-185.1431,8.0523,23.6301,15.5778,1.76,0.142035,1240.53,1243.41,1244.55,1242.35,568.84,-3.238498,-,E100>E50>E200>E20,Down_EMA200,RANGE,0,-1.58264777,-1.56233071,-0.02031706,19.6108,24.4059,-100.0000,1243.47,1237.40,1240.43,6.07,3.455360,-0.120875,-2.145346,0,-2.231651,-19.8338,-24.950432,1.283062,-0.23945000,0.594668,-0.127094,-0.113873,-0.020010,-1.635231,0.599308,2.286129,-2.202575,-3.837807,1,1,1,1,0.0000,0.0000,0.0000,0.0000,0.0000,0.0000,0.00,0.000000,0.00,0.00,0.00,0.00,0.00,0.000000,,,,,0,0.00000000,0.00000000,0.00000000,0.0000,0.0000,0.0000,0.00,0.00,0.00,0.00,0.000000,0.000000,0.000000,0,0.000000,0.0000,0.000000,0.000000,0.00000000,0.000000,0.000000,0.000000,0.000000,0.000000,0.000000,0.000000,0.000000,0.000000,0,0,0,0
50,25,0,1970.01.01 00:00:00,PROTOCOL_DISABLED,ACTUAL_PROFILE_D_EXECUTION,25,98,3,2014.01.23 00:07:13,BUY,LADDER,0,1235.00,1234.66,300.00,1239.42,1237.83,1236.59,1234.05,1231.26,1239.24,0,0,4,1,Asia,0,EMA->TP3,1,0,1,0,1,3,4.34,33.36,0.01,613,0,0,1,8.13,1237.15,1236.54,1236.82,35.0450,20.1257,48.6459,37,29,19,8,10,18,1.250000,13.6009,0.459431,0.000000,19,0,0,0,5,9.9834,37.6848,-198.6406,7.8692,46.8026,38.9334,0.71,0.057648,1236.38,1236.70,1236.86,1237.33,267.91,-3.764043,-,E200>E100>E50>E20,Down_EMA20,DOWN,0,-0.42145277,-0.12277415,-0.29867861,3.1963,5.1428,-100.0000,1238.02,1235.21,1236.62,2.81,3.946164,-0.199047,-2.758553,0,-5.515933,-40.0166,3.755887,5.027321,0.11120000,4.569823,-0.162668,-0.071387,-0.025182,-0.446656,-0.887624,1.334279,-2.429764,-2.876420,1,1,1,1,24.4829,21.5879,-279.0400,15.1183,35.6289,20.5106,0.73,0.059146,1236.74,1237.50,1238.40,1239.54,489.05,-6.696998,-,E200>E100>E50>E20,Down_EMA20,DOWN,0,-0.35899425,-0.21747921,-0.14151504,12.9126,36.7506,-100.0000,1237.88,1235.52,1236.70,2.36,3.233309,-0.365160,-2.797330,0,-4.237995,-25.5171,-61.987574,-0.503007,0.07465000,2.045518,-0.082359,-0.070148,-0.044517,-1.042112,-2.802149,3.844261,-2.852737,-3.894850,1,1,1,1,28.9087,39.6482,-125.4802,9.3372,28.8084,19.4712,1.12,0.090997,1237.59,1238.94,1240.52,1242.91,825.28,-7.345619,-,E200>E100>E50>E20,Down_EMA20,DOWN,0,-0.98588899,-0.88751123,-0.09837776,41.4627,67.0708,-100.0000,1240.84,1234.90,1237.87,5.94,5.286342,-0.042152,-2.865999,0,-1.812951,-21.0913,-9.512887,-0.583894,0.08865000,1.651599,-0.127732,-0.094422,-0.057760,-1.204376,-3.527483,4.731859,-2.613760,-3.818136,1,1,1,1,32.1162,34.5179,-128.8152,7.4833,29.9405,22.4571,1.53,0.124164,1238.35,1240.36,1242.79,1244.16,950.43,-6.199816,-,E200>E100>E50>E20,Down_EMA20,DOWN,0,-1.23658568,-0.84337543,-0.39321025,32.6949,33.5128,-100.0000,1242.34,1235.29,1238.82,7.05,4.600776,-0.090204,-2.715395,0,-0.518761,-17.8838,28.457059,2.958224,0.01945000,1.067735,-0.162066,-0.111873,-0.051137,-1.310292,-2.475695,3.785987,-2.413829,-3.724121,1,1,1,1,27.7063,34.4815,-164.6232,8.0061,21.9439,13.9378,2.42,0.195885,1239.37,1242.58,1244.06,1242.17,751.61,-3.107754,-,E100>E50>E200>E20,Down_EMA200,RANGE,0,-1.95541881,-1.59192686,-0.36349196,18.7804,20.3910,-100.0000,1243.37,1235.60,1239.49,7.76,3.209666,-0.122622,-1.998408,0,-1.977185,-22.2937,-14.828521,1.791320,0.10375000,1.273062,-0.141750,-0.105124,-0.022380,-1.326940,0.168728,1.938841,-1.949542,-3.276482,1,1,1,1,0.0000,0.0000,0.0000,0.0000,0.0000,0.0000,0.00,0.000000,0.00,0.00,0.00,0.00,0.00,0.000000,,,,,0,0.00000000,0.00000000,0.00000000,0.0000,0.0000,0.0000,0.00,0.00,0.00,0.00,0.000000,0.000000,0.000000,0,0.000000,0.0000,0.000000,0.000000,0.00000000,0.000000,0.000000,0.000000,0.000000,0.000000,0.000000,0.000000,0.000000,0.000000,0,0,0,0
51,26,0,1970.01.01 00:00:00,PROTOCOL_DISABLED,ACTUAL_PROFILE_D_EXECUTION,26,102,1,2014.01.24 07:13:00,BUY,PROFILE_D_FULL,0,1259.30,1259.30,300.00,1261.05,1259.00,1257.40,1254.13,1250.54,1259.85,0,7,5,1,London,1,EMA->TP2,1,0,1,0,1,2,2.00,5.68,0.00,78,0,1,1,-0.29,1258.80,1258.17,1258.15,24.1856,33.5906,50.5032,15,10,4,5,6,11,1.200000,26.3176,3.396325,0.000000,4,4,1,0,5,51.7372,29.6344,104.0207,19.4921,13.8862,5.6059,0.19,0.015131,1258.81,1259.17,1259.51,1259.84,86.25,-4.527397,+,E200>E100>E50>E20,Btw_50-20,DOWN,0,-0.14837421,-0.23968632,0.09131211,96.7448,87.4863,-20.9770,1259.39,1258.17,1258.78,1.22,6.418023,0.662232,1.041207,0,4.491319,1.7372,43.279790,-2.583459,-0.00950000,0.800420,0.001233,-0.084954,-0.055947,-1.872528,-3.510645,5.383173,0.855776,-1.016752,1,1,1,1,39.9399,42.7754,-93.9723,11.4893,24.9894,13.5001,0.64,0.050537,1259.52,1259.97,1260.19,1258.18,79.93,1.256242,-,E100>E50>E20>E200,Btw_200-100,RANGE,1,-0.33777619,-0.20358179,-0.13419440,41.4714,32.7119,-64.9979,1261.53,1258.20,1259.86,3.32,5.224181,0.232737,-1.396228,0,-0.537578,-10.0601,-1.091921,1.177905,0.03575000,1.390710,-0.125329,-0.073633,0.011890,-0.708501,2.816225,3.170327,-0.851482,-1.559983,1,1,1,1,39.8190,28.1261,-137.4539,10.2718,29.6789,19.4071,0.90,0.071705,1260.05,1259.43,1255.59,1251.05,792.41,8.777686,-,E20>E50>E100>E200,Btw_100-50,UP,1,-0.44660126,-0.37661502,-0.06998624,15.6908,15.7317,-77.1595,1261.20,1258.64,1259.92,2.56,2.834151,0.132386,-1.041872,0,-2.027469,-10.1810,-45.648613,0.659932,-0.02520000,0.877521,-0.100449,-0.002232,0.094807,0.687471,9.278006,9.965477,-1.187790,-0.500319,1,1,1,1,49.1096,33.7705,-145.9797,13.8359,35.4793,21.6434,1.27,0.101074,1259.91,1255.68,1251.15,1248.23,1074.22,8.441786,-,E20>E50>E100>E200,Btw_50-20,UP,1,0.74907054,1.42097251,-0.67190196,24.9380,38.4366,-82.2657,1263.98,1258.03,1261.00,5.95,4.677565,0.159496,-1.592731,0,-0.717285,-0.8904,-7.633695,-0.693083,0.03890000,1.180427,-0.025100,0.140302,0.092665,3.324870,5.850660,9.175530,-0.733744,2.591126,1,1,1,1,60.7071,34.4530,-123.6340,13.5856,28.4253,14.8397,1.69,0.133978,1257.36,1251.47,1248.48,1244.99,1398.57,8.291505,-,E20>E50>E100>E200,Up_EMA20,UP,1,3.82120492,5.21959844,-1.39839352,27.7902,25.5792,-87.7396,1268.47,1250.73,1259.60,17.74,10.517548,0.464961,-0.368519,0,-1.440561,10.7071,-25.753433,-1.651487,-0.04865000,0.873964,0.169215,0.213167,0.088830,3.492802,3.840809,7.333612,0.957893,4.450696,1,1,1,1,0.0000,0.0000,0.0000,0.0000,0.0000,0.0000,0.00,0.000000,0.00,0.00,0.00,0.00,0.00,0.000000,,,,,0,0.00000000,0.00000000,0.00000000,0.0000,0.0000,0.0000,0.00,0.00,0.00,0.00,0.000000,0.000000,0.000000,0,0.000000,0.0000,0.000000,0.000000,0.00000000,0.000000,0.000000,0.000000,0.000000,0.000000,0.000000,0.000000,0.000000,0.000000,0,0,0,0
52,26,0,1970.01.01 00:00:00,PROTOCOL_DISABLED,ACTUAL_PROFILE_D_EXECUTION,26,103,2,2014.01.24 07:58:27,BUY,LADDER,0,1257.86,1257.55,300.00,1261.05,1259.00,1257.40,1254.13,1250.54,1259.85,0,7,5,1,London,1,EMA->TP2,1,0,1,0,1,2,2.00,5.68,0.00,78,0,1,1,2.29,1258.50,1257.65,1257.95,27.7027,14.4027,28.9247,18,12,6,6,6,12,1.000000,1.2220,2.067542,0.000000,6,3,0,0,5,32.0002,29.6576,-167.8227,10.4199,35.5553,25.1354,0.27,0.021192,1258.40,1258.84,1259.17,1259.54,199.97,-7.503733,-,E200>E100>E50>E20,Down_EMA20,DOWN,0,-0.34188409,-0.31882717,-0.02305692,17.8133,34.7156,-100.0000,1259.16,1257.55,1258.36,1.62,6.069204,-0.002182,-3.047842,0,-1.814916,-17.9998,-24.202393,0.492158,-0.01340000,0.799100,-0.185213,-0.132161,-0.057246,-1.642387,-2.639641,4.282027,-3.221705,-4.864092,1,1,1,1,28.8153,29.9180,-151.8453,10.0331,28.6819,18.6488,0.76,0.060356,1259.11,1259.66,1260.00,1258.25,70.66,-0.930986,-,E100>E50>E20>E200,Down_EMA200,RANGE,0,-0.42670290,-0.24219299,-0.18450991,18.4730,18.9733,-100.0000,1260.48,1257.91,1259.20,2.57,3.388369,-0.142495,-2.177009,0,-4.702583,-21.1847,-37.600975,0.551480,-0.01120000,0.931288,-0.136953,-0.076694,0.001604,-0.728911,1.862474,2.302884,-2.064549,-2.793460,1,1,1,1,33.8274,33.6309,-205.9822,8.6164,32.6156,23.9993,1.52,0.120652,1259.71,1259.36,1255.78,1251.28,626.10,4.126574,-,E20>E50>E100>E200,Btw_100-50,UP,1,-0.57790020,-0.37853779,-0.19936241,27.6936,41.6166,-100.0000,1261.37,1258.07,1259.72,3.30,2.176776,-0.159972,-1.436612,0,-1.389466,-16.1726,-24.228531,2.043729,0.11185000,1.583768,-0.075286,-0.013914,0.051521,0.230769,5.321914,5.552683,-1.426109,-1.195340,1,1,1,1,43.4543,34.3413,-173.2392,11.9912,29.9873,17.9962,1.82,0.144707,1259.76,1255.78,1251.29,1248.33,920.84,5.060276,-,E20>E50>E100>E200,Btw_50-20,UP,1,0.54565084,1.23860270,-0.69295186,18.1241,29.7222,-100.0000,1263.93,1257.63,1260.78,6.30,3.461540,-0.014475,-1.780876,0,-2.322363,-6.5457,-19.739863,-0.748992,0.13620000,1.598024,-0.034997,0.086589,0.062233,2.182882,4.093059,6.275940,-1.215665,0.967217,1,1,1,1,56.2044,33.9239,-133.4465,13.5856,25.9967,12.4111,2.14,0.170392,1257.22,1251.41,1248.45,1244.98,1256.70,5.864872,-,E20>E50>E100>E200,Up_EMA20,UP,1,3.70689153,5.20689695,-1.50000542,19.0127,22.6534,-100.0000,1268.44,1250.61,1259.53,17.82,8.318483,0.388751,-0.925423,0,-2.341100,6.2044,-27.715918,-1.757307,0.04255000,1.110233,0.120466,0.162557,0.068595,2.712031,3.003873,5.715903,0.148969,2.861000,1,1,1,1,0.0000,0.0000,0.0000,0.0000,0.0000,0.0000,0.00,0.000000,0.00,0.00,0.00,0.00,0.00,0.000000,,,,,0,0.00000000,0.00000000,0.00000000,0.0000,0.0000,0.0000,0.00,0.00,0.00,0.00,0.000000,0.000000,0.000000,0,0.000000,0.0000,0.000000,0.000000,0.00000000,0.000000,0.000000,0.000000,0.000000,0.000000,0.000000,0.000000,0.000000,0.000000,0,0,0,0
53,27,0,1970.01.01 00:00:00,PROTOCOL_DISABLED,ACTUAL_PROFILE_D_EXECUTION,27,106,1,2014.01.27 06:41:02,BUY,PROFILE_D_FULL,0,1269.73,1269.73,300.00,1271.29,1269.47,1268.04,1265.12,1261.93,1271.36,0,6,1,1,Asia,0,EMA->TP2,1,0,1,0,1,2,2.18,9.18,0.00,98,0,1,1,-0.07,1268.82,1268.68,1268.65,15.9824,18.1679,27.8130,10,7,3,3,4,7,1.333333,11.8307,0.704663,0.000000,3,4,0,0,5,40.7813,54.6726,46.7108,16.5098,25.6618,9.1520,0.24,0.019006,1269.53,1270.25,1270.81,1271.34,199.92,-8.286755,-,E200>E100>E50>E20,Down_EMA20,DOWN,0,-0.43609573,-0.52841431,0.09231858,91.2049,71.0805,-59.6368,1270.83,1268.25,1269.54,2.58,10.676638,0.422372,-0.828808,0,1.879355,-9.2187,19.852163,-2.457547,-0.00415000,0.920802,-0.212496,-0.207250,-0.094807,-2.976766,-4.532349,7.509115,-0.777640,-3.754406,1,1,1,1,31.8762,33.2283,-110.7721,12.7850,30.6400,17.8550,0.79,0.062237,1270.61,1271.32,1270.97,1269.04,29.83,0.377585,-,E50>E100>E20>E200,Btw_200-100,RANGE,1,-0.68855108,-0.40973265,-0.27881844,16.6355,10.4851,-80.1441,1272.89,1268.95,1270.92,3.94,4.990593,0.099385,-1.999304,0,-0.718653,-18.1238,20.132900,2.683406,0.02180000,1.160059,-0.209523,-0.110083,0.004276,-0.904327,2.885385,2.885385,-1.603473,-2.507800,1,1,1,1,39.8108,27.0493,-220.7753,10.5665,33.8635,23.2970,1.14,0.089692,1271.27,1270.05,1266.91,1261.30,804.64,7.067532,-,E20>E50>E100>E200,Btw_100-50,UP,1,-0.16977635,0.29962018,-0.46939653,15.8137,24.9181,-86.7219,1274.79,1269.27,1272.03,5.53,4.854350,0.013469,-2.361792,0,-2.070626,-10.1892,-31.820057,0.785913,0.06565000,1.405122,-0.098102,0.017162,0.083179,1.071692,7.688605,8.760297,-1.692765,-0.621073,1,1,1,1,48.8326,24.3726,-166.3757,13.6008,26.6280,13.0272,1.36,0.106985,1270.41,1266.89,1261.34,1255.35,1399.27,10.303908,-,E20>E50>E100>E200,Btw_50-20,UP,1,1.07119956,1.92343779,-0.85223823,15.6712,17.5531,-91.1496,1275.59,1267.32,1271.45,8.27,6.086311,0.244417,-1.555560,0,-1.358040,-1.1674,-27.963860,-1.776789,-0.12270000,0.688816,-0.007999,0.114169,0.113859,2.591051,8.501815,11.092866,-0.788958,1.802093,1,1,1,1,56.6758,24.1467,10.9477,18.6848,25.3906,6.7058,2.14,0.168769,1268.10,1261.37,1255.42,1249.49,1985.51,9.268341,-,E20>E50>E100>E200,Up_EMA20,UP,1,3.31745889,3.79616399,-0.47870510,10.2185,17.5499,-52.6886,1276.45,1260.61,1268.53,15.85,7.397500,0.551305,0.379531,0,-1.903423,6.6758,-17.875447,-1.489251,-0.51770000,0.452835,0.176484,0.201062,0.103651,3.141836,5.548450,8.690286,0.578055,3.719890,1,1,1,1,0.0000,0.0000,0.0000,0.0000,0.0000,0.0000,0.00,0.000000,0.00,0.00,0.00,0.00,0.00,0.000000,,,,,0,0.00000000,0.00000000,0.00000000,0.0000,0.0000,0.0000,0.00,0.00,0.00,0.00,0.000000,0.000000,0.000000,0,0.000000,0.0000,0.000000,0.000000,0.00000000,0.000000,0.000000,0.000000,0.000000,0.000000,0.000000,0.000000,0.000000,0.000000,0,0,0,0
54,27,0,1970.01.01 00:00:00,PROTOCOL_DISABLED,ACTUAL_PROFILE_D_EXECUTION,27,107,2,2014.01.27 07:01:12,BUY,LADDER,0,1268.54,1268.17,300.00,1271.29,1269.47,1268.04,1265.12,1261.93,1271.36,0,7,1,1,London,1,EMA->TP2,1,0,1,0,1,2,2.18,9.18,0.00,98,0,1,1,2.25,1268.68,1268.65,1268.85,18.1679,27.8130,19.7721,27,23,10,4,13,17,3.250000,1.6042,0.745143,0.000000,10,3,0,0,5,27.6380,53.3718,-139.2395,6.6010,43.6479,37.0468,0.22,0.017249,1268.94,1269.56,1270.23,1270.93,276.96,-12.660882,-,E200>E100>E50>E20,Down_EMA20,DOWN,0,-0.35598900,-0.26185269,-0.09413630,7.6389,7.6229,-100.0000,1270.12,1268.10,1269.11,2.02,9.224803,0.030657,-4.329600,0,-2.225872,-22.3620,-7.860779,2.905165,-0.01360000,0.762860,-0.330777,-0.236216,-0.118600,-2.848481,-6.263023,9.111504,-3.549378,-6.397860,1,1,1,1,27.3861,35.7820,-116.8975,10.7986,34.5058,23.7073,0.64,0.050171,1270.01,1270.95,1270.80,1269.04,87.33,-1.372525,-,E50>E100>E20>E200,Down_EMA200,RANGE,0,-0.84120718,-0.63134781,-0.20985937,11.6242,26.9265,-100.0000,1272.86,1267.91,1270.38,4.96,7.789650,0.051851,-3.490923,0,-0.032379,-22.6139,7.765785,0.753476,-0.02870000,0.815967,-0.231330,-0.141330,-0.001396,-1.490381,3.014776,3.014776,-2.896920,-4.387301,1,1,1,1,36.1609,33.7735,-174.3187,7.9366,29.7102,21.7736,1.36,0.107597,1270.76,1269.93,1266.97,1261.44,672.52,4.928663,-,E20>E50>E100>E200,Btw_100-50,UP,1,-0.51641573,0.07275154,-0.58916727,11.6011,15.3572,-100.0000,1274.91,1268.19,1271.55,6.71,4.920226,-0.004309,-2.481312,0,-2.570273,-13.8391,-23.373748,2.890665,0.13055000,1.917106,-0.147375,-0.020664,0.059328,0.607924,6.221755,6.829678,-1.901015,-1.293092,1,1,1,1,45.4956,25.8470,-184.6521,11.7873,25.8177,14.0303,1.43,0.112643,1270.11,1266.91,1261.45,1255.47,1269.61,8.887686,-,E20>E50>E100>E200,Btw_50-20,UP,1,0.71322883,1.70786705,-0.99463822,1.8425,9.9591,-100.0000,1275.62,1267.22,1271.42,8.40,5.879033,0.111941,-2.281414,0,-1.671212,-4.5044,-26.969723,-0.619991,-0.03290000,0.896736,-0.054693,0.084284,0.102049,2.244381,8.008312,10.252693,-1.365007,0.879374,1,1,1,1,53.9962,24.1753,-30.7650,16.1935,26.2135,10.0199,1.68,0.132653,1268.02,1261.60,1255.65,1249.66,1850.01,10.997249,-,E20>E50>E100>E200,Up_EMA20,UP,1,2.86928066,3.73798027,-0.86869961,4.9507,8.5964,-61.2856,1275.76,1262.02,1268.89,13.74,8.168357,0.446879,-0.433913,0,-2.333052,3.9962,-26.552351,-1.738463,-0.59765000,0.360186,0.141440,0.220251,0.124113,3.817201,7.096913,10.914114,0.083135,3.900336,1,1,1,1,0.0000,0.0000,0.0000,0.0000,0.0000,0.0000,0.00,0.000000,0.00,0.00,0.00,0.00,0.00,0.000000,,,,,0,0.00000000,0.00000000,0.00000000,0.0000,0.0000,0.0000,0.00,0.00,0.00,0.00,0.000000,0.000000,0.000000,0,0.000000,0.0000,0.000000,0.000000,0.00000000,0.000000,0.000000,0.000000,0.000000,0.000000,0.000000,0.000000,0.000000,0.000000,0,0,0,0
55,28,0,1970.01.01 00:00:00,PROTOCOL_DISABLED,ACTUAL_PROFILE_D_EXECUTION,28,110,1,2014.01.28 02:18:04,SELL,PROFILE_D_FULL,0,1258.56,1258.56,300.00,1257.75,1258.70,1259.44,1260.96,1262.62,1257.31,0,2,2,1,Asia,0,TP1->EMA->TP1,1,0,1,0,1,1,2.03,0.21,0.00,2,1,0,1,2.03,1258.60,1258.86,1258.92,83.4758,76.1844,66.6338,18,13,6,5,7,12,1.400000,16.8420,2.327273,0.000000,6,2,1,0,5,51.1885,21.8266,-178.7715,15.8225,23.0783,7.2558,0.14,0.010925,1258.62,1258.26,1257.81,1257.32,123.92,9.012359,-,E20>E50>E100>E200,Btw_50-20,UP,1,0.15817514,0.21570738,-0.05753224,11.7021,47.1309,-84.0909,1259.04,1258.32,1258.68,0.72,5.258358,0.338871,-0.847273,0,-2.540086,1.1885,-53.107777,-1.795558,-0.01405000,0.661853,0.101875,0.155246,0.105997,2.637781,6.790083,9.427864,-0.415504,2.222277,1,1,1,1,63.7848,46.2175,116.6064,34.5914,6.3616,28.2297,0.39,0.031186,1257.84,1257.30,1258.03,1260.30,173.49,-4.420225,+,E200>E100>E20>E50,Btw_200-100,RANGE,0,0.53856940,0.45878898,0.07978042,84.4560,89.1331,-17.7885,1259.29,1255.93,1257.61,3.36,8.551871,0.783500,2.424459,0,0.494223,13.7848,8.251590,3.714440,-0.00355000,0.956734,0.251847,0.145409,-0.044851,1.374991,-7.640746,7.640746,1.845531,3.220522,1,1,1,1,54.3223,33.5508,124.6870,28.9661,9.0900,19.8761,0.57,0.045548,1257.46,1259.21,1261.47,1261.00,243.93,-4.255235,+,E100>E200>E50>E20,Btw_50-20,RANGE,0,-0.05029989,-0.55571767,0.50541778,93.4667,94.1146,-7.8707,1259.25,1254.18,1256.72,5.06,8.830601,0.864954,3.222765,0,0.790790,4.3223,10.146133,1.505817,-0.08460000,0.575408,0.194900,-0.071291,-0.048774,-3.056628,-3.119154,6.991628,1.920547,-1.136081,1,1,1,1,47.6019,20.1751,95.1859,34.6833,15.5050,19.1783,1.22,0.097174,1258.51,1261.42,1260.95,1257.10,146.02,1.193981,+,E50>E100>E20>E200,Btw_50-20,RANGE,1,-1.75300885,-2.53295128,0.77994243,90.8148,78.3196,-41.5768,1265.29,1251.13,1258.21,14.16,11.579940,0.525187,0.291660,0,0.555445,-2.3981,22.882624,-0.043218,-0.18165000,0.573842,-0.098701,-0.141372,0.003205,-2.379595,3.530801,3.530801,0.042774,-2.336820,1,1,1,1,44.8945,22.6714,-14.5925,25.1355,14.4467,10.6889,2.28,0.180960,1260.73,1260.90,1257.14,1251.49,706.86,3.103668,+,E50>E20>E100>E200,Btw_100-50,RANGE,1,-2.29658595,-1.92316368,-0.37342228,75.5430,59.3229,-52.1673,1271.61,1251.79,1261.70,19.81,8.699832,0.341639,-1.377717,0,1.827133,-5.1055,28.189361,-1.572878,-0.57410000,0.442405,-0.178257,-0.064917,0.027211,-0.073733,4.128939,4.128939,-0.951538,-1.025271,1,1,1,1,0.0000,0.0000,0.0000,0.0000,0.0000,0.0000,0.00,0.000000,0.00,0.00,0.00,0.00,0.00,0.000000,,,,,0,0.00000000,0.00000000,0.00000000,0.0000,0.0000,0.0000,0.00,0.00,0.00,0.00,0.000000,0.000000,0.000000,0,0.000000,0.0000,0.000000,0.000000,0.00000000,0.000000,0.000000,0.000000,0.000000,0.000000,0.000000,0.000000,0.000000,0.000000,0,0,0,0
56,29,0,1970.01.01 00:00:00,PROTOCOL_DISABLED,ACTUAL_PROFILE_D_EXECUTION,29,112,1,2014.01.28 07:48:03,BUY,PROFILE_D_FULL,0,1257.12,1257.12,300.00,1258.87,1256.83,1255.23,1251.96,1248.38,1258.36,0,7,2,1,London,1,EMA->TP3,1,0,1,0,1,3,3.57,13.64,0.00,205,0,0,1,-1.89,1257.14,1256.31,1256.17,17.2599,25.5331,25.7157,14,8,3,6,5,11,0.833333,8.4558,3.118971,0.000000,3,1,1,0,5,40.2826,40.6566,-14.8459,12.7242,22.3607,9.6365,0.31,0.024746,1257.01,1257.71,1258.24,1258.34,155.68,-5.005850,-,E200>E100>E50>E20,Down_EMA20,DOWN,0,-0.37033542,-0.41767595,0.04734053,83.3002,63.7992,-55.1825,1257.76,1256.22,1256.99,1.55,4.968116,0.366771,-0.661897,0,2.199473,-9.7174,18.874842,-1.092486,-0.01405000,0.815738,-0.149195,-0.152115,-0.056257,-2.257641,-2.037494,4.295135,-0.710715,-2.968355,1,1,1,1,33.8603,65.1372,-118.0665,2.5188,37.9804,35.4615,0.71,0.056692,1258.15,1258.26,1258.20,1259.28,249.87,-3.506939,-,E200>E50>E100>E20,Down_EMA200,RANGE,0,-0.51484412,-0.13640331,-0.37844082,15.6385,8.0381,-85.6609,1261.08,1256.31,1258.70,4.78,6.705820,0.100441,-2.679368,0,-1.363372,-16.1397,5.663754,3.970841,-0.02865000,0.832603,-0.227810,-0.083244,-0.033826,-0.154453,-1.434005,1.588458,-1.918482,-2.072934,1,1,1,1,42.1178,26.0172,-123.7345,16.9762,30.5959,13.6198,1.23,0.097729,1258.03,1258.55,1260.26,1260.42,363.19,-2.956950,-,E200>E100>E50>E20,Down_EMA20,DOWN,0,0.00592031,0.33994944,-0.33402913,8.4009,7.5264,-87.3922,1260.44,1255.64,1258.04,4.80,3.904071,0.238956,-1.019133,0,-4.026194,-7.8822,-44.478243,-1.167617,0.00910000,1.038470,-0.052355,-0.033820,-0.023094,-0.421136,-1.519410,1.940546,-1.016404,-1.437540,1,1,1,1,43.7241,20.6491,-98.6983,21.4925,28.8754,7.3829,1.82,0.144874,1258.17,1260.19,1260.36,1257.19,40.48,-0.222343,-,E100>E50>E20>E200,Down_EMA200,RANGE,0,-0.62215351,-0.94470257,0.32254905,24.9769,48.0693,-83.3040,1259.98,1255.07,1257.52,4.91,2.694226,0.349608,-0.405190,0,-1.130196,-6.2759,-42.927154,1.026330,0.09720000,1.364113,0.014837,-0.041664,0.007539,-1.109746,1.648775,1.739169,-0.761373,-1.871119,1,1,1,1,43.2229,21.4816,-10.2734,23.0255,17.8339,5.1916,2.45,0.194663,1259.58,1260.33,1257.20,1251.80,498.82,2.038896,+,E50>E20>E100>E200,Btw_200-100,RANGE,1,-1.84779720,-2.23793585,0.39013866,55.1356,62.8387,-65.0264,1265.54,1252.56,1259.05,12.98,5.305776,0.325616,-0.925240,0,-0.000021,-6.7771,4.899375,0.289524,-0.06855000,0.877118,-0.085992,-0.043288,0.025669,-0.306435,3.486256,3.486256,-1.140925,-1.447360,1,1,1,1,0.0000,0.0000,0.0000,0.0000,0.0000,0.0000,0.00,0.000000,0.00,0.00,0.00,0.00,0.00,0.000000,,,,,0,0.00000000,0.00000000,0.00000000,0.0000,0.0000,0.0000,0.00,0.00,0.00,0.00,0.000000,0.000000,0.000000,0,0.000000,0.0000,0.000000,0.000000,0.00000000,0.000000,0.000000,0.000000,0.000000,0.000000,0.000000,0.000000,0.000000,0.000000,0,0,0,0
57,29,0,1970.01.01 00:00:00,PROTOCOL_DISABLED,ACTUAL_PROFILE_D_EXECUTION,29,113,2,2014.01.28 08:25:36,BUY,LADDER,0,1255.76,1255.37,300.00,1258.87,1256.83,1255.23,1251.96,1248.38,1258.36,0,8,2,1,London,1,EMA->TP3,1,0,1,0,1,3,3.57,13.64,0.00,205,0,0,1,-1.07,1257.07,1256.46,1256.10,40.8013,33.4484,26.5629,11,8,5,3,3,6,1.000000,14.2383,1.310924,0.000000,5,1,1,0,5,31.5360,20.7308,-172.5093,18.4202,30.9626,12.5425,0.74,0.059246,1256.84,1257.17,1257.61,1257.94,258.16,-3.471097,-,E200>E100>E50>E20,Down_EMA20,DOWN,0,-0.29483697,-0.13350774,-0.16132923,29.9396,51.5273,-100.0000,1258.62,1255.69,1257.16,2.93,3.940795,-0.112699,-2.414521,0,0.015419,-18.4640,-6.279997,-0.575165,0.05590000,1.602046,-0.086346,-0.047148,-0.021427,-0.442796,-1.045094,1.487891,-1.983206,-2.426002,1,1,1,1,31.7152,43.2835,-184.9681,12.4530,31.6627,19.2097,1.16,0.092782,1257.37,1257.86,1258.00,1259.10,373.25,-3.204524,-,E200>E100>E50>E20,Down_EMA20,DOWN,0,-0.63541321,-0.52582396,-0.10958925,6.7783,24.2747,-100.0000,1259.62,1255.41,1257.51,4.21,3.613105,-0.010531,-1.844602,0,-2.255859,-18.2848,-28.573010,-4.276470,0.09940000,1.744291,-0.082714,-0.044068,-0.020740,-0.423640,-1.060399,1.484039,-1.720486,-2.144126,1,1,1,1,36.3297,21.8879,-144.8797,21.6759,30.0977,8.4218,1.55,0.123869,1257.69,1258.37,1260.10,1260.33,497.12,-3.196923,-,E200>E100>E50>E20,Down_EMA20,DOWN,0,-0.26693179,0.22787148,-0.49480326,13.4811,12.0083,-100.0000,1260.52,1255.16,1257.84,5.36,3.449807,0.038704,-1.591383,0,-2.751630,-13.6703,-32.762284,-1.497026,0.04600000,1.173585,-0.093206,-0.049731,-0.024326,-0.434010,-1.263488,1.697498,-1.499425,-1.933435,1,1,1,1,39.9124,18.6335,-121.3878,22.4016,25.0253,2.6237,2.14,0.170508,1257.89,1260.00,1260.26,1257.17,180.82,-0.844773,-,E100>E50>E20>E200,Down_EMA200,RANGE,0,-0.79087511,-0.87140382,0.08052871,3.9399,24.6180,-100.0000,1259.95,1255.11,1257.53,4.83,2.258056,0.051917,-1.011796,0,-2.663332,-10.0876,-58.689200,0.130296,0.15590000,1.572741,-0.029910,-0.051097,0.002020,-0.983718,1.320631,1.441025,-1.181685,-2.165403,1,1,1,1,40.9960,18.9975,-43.0139,19.9554,18.8491,1.1063,2.89,0.230491,1259.16,1260.13,1257.16,1251.83,353.11,1.220354,+,E50>E20>E100>E200,Btw_200-100,RANGE,1,-1.96080771,-2.19270589,0.23189818,23.1046,49.0524,-73.4009,1264.87,1252.35,1258.61,12.52,4.326996,0.240822,-1.121462,0,-0.124540,-9.0040,-0.988059,0.161542,0.08355000,1.168737,-0.073481,-0.038357,0.020675,-0.332926,2.866772,2.866772,-1.313493,-1.646419,1,1,1,1,0.0000,0.0000,0.0000,0.0000,0.0000,0.0000,0.00,0.000000,0.00,0.00,0.00,0.00,0.00,0.000000,,,,,0,0.00000000,0.00000000,0.00000000,0.0000,0.0000,0.0000,0.00,0.00,0.00,0.00,0.000000,0.000000,0.000000,0,0.000000,0.0000,0.000000,0.000000,0.00000000,0.000000,0.000000,0.000000,0.000000,0.000000,0.000000,0.000000,0.000000,0.000000,0,0,0,0
58,29,0,1970.01.01 00:00:00,PROTOCOL_DISABLED,ACTUAL_PROFILE_D_EXECUTION,29,114,3,2014.01.28 10:29:06,BUY,LADDER,0,1253.05,1252.75,300.00,1258.87,1256.83,1255.23,1251.96,1248.38,1258.36,0,10,2,1,London,1,EMA->TP3,1,0,1,0,1,3,3.57,13.64,0.00,205,0,0,1,6.53,1253.30,1253.30,1253.24,26.2444,40.3823,44.7432,23,18,14,5,4,9,0.800000,18.4987,0.281250,0.000000,14,1,0,0,5,33.3990,32.0987,-120.1465,6.6114,25.8693,19.2579,0.19,0.015327,1253.38,1253.85,1254.48,1255.45,274.99,-14.322401,-,E200>E100>E50>E20,Down_EMA20,DOWN,0,-0.30635092,-0.21850366,-0.08784726,7.1766,11.2795,-100.0000,1254.21,1252.67,1253.44,1.53,7.988299,0.020653,-3.829167,0,-1.295404,-16.6010,2.068092,2.323896,-0.06945000,0.356050,-0.326080,-0.218809,-0.136018,-2.471793,-8.344025,10.815818,-3.506584,-5.978377,1,1,1,1,31.0853,30.0536,-170.0745,10.8030,23.3698,12.5669,0.78,0.061926,1254.39,1255.72,1256.66,1258.12,541.87,-6.985081,-,E200>E100>E50>E20,Down_EMA20,DOWN,0,-0.85049343,-0.79191903,-0.05857440,14.4044,20.7613,-100.0000,1256.34,1252.65,1254.49,3.68,4.746388,0.013893,-2.307251,0,-1.538969,-18.9147,-22.647541,0.815890,-0.03215000,0.828350,-0.173962,-0.133278,-0.062456,-1.708581,-3.100201,4.808782,-2.176300,-3.884880,1,1,1,1,27.7056,29.5661,-128.4742,10.1960,27.1435,16.9475,1.52,0.121697,1255.87,1257.31,1259.28,1259.89,718.73,-4.714515,-,E200>E100>E50>E20,Down_EMA20,DOWN,0,-1.14558050,-0.68265188,-0.46292863,14.4076,20.1639,-100.0000,1261.25,1252.34,1256.80,8.91,5.844617,0.040971,-2.682847,0,-2.112361,-22.2944,-9.405425,1.512032,-0.04920000,0.861056,-0.172067,-0.098938,-0.040043,-0.949555,-1.691092,2.640648,-2.073867,-3.023423,1,1,1,1,33.1202,20.5618,-155.5822,14.2053,26.2528,12.0475,2.35,0.187434,1256.74,1259.18,1259.81,1257.07,436.16,-1.857569,-,E100>E50>E200>E20,Down_EMA200,RANGE,0,-1.33094838,-0.82580231,-0.50514607,14.3874,19.5455,-100.0000,1260.57,1253.53,1257.05,7.04,2.999609,-0.116676,-1.849787,0,-2.042990,-16.8798,-10.705561,-0.017456,0.10545000,1.289578,-0.121251,-0.085835,-0.010463,-1.041041,0.899898,1.310559,-1.716425,-2.757466,1,1,1,1,36.9109,18.1681,-171.5756,14.9887,22.1831,7.1944,3.40,0.271253,1258.17,1259.63,1257.03,1251.87,83.51,0.245765,-,E50>E20>E100>E200,Btw_200-100,RANGE,1,-2.29116558,-2.12435885,-0.16680673,13.4436,21.4782,-97.3607,1263.88,1251.54,1257.71,12.34,3.632339,0.094776,-1.471910,0,-2.314654,-13.0891,-39.067616,-0.139013,0.21095000,1.450123,-0.104612,-0.052429,0.011565,-0.430993,2.285197,2.285197,-1.608438,-2.039431,1,1,1,1,0.0000,0.0000,0.0000,0.0000,0.0000,0.0000,0.00,0.000000,0.00,0.00,0.00,0.00,0.00,0.000000,,,,,0,0.00000000,0.00000000,0.00000000,0.0000,0.0000,0.0000,0.00,0.00,0.00,0.00,0.000000,0.000000,0.000000,0,0.000000,0.0000,0.000000,0.000000,0.00000000,0.000000,0.000000,0.000000,0.000000,0.000000,0.000000,0.000000,0.000000,0.000000,0,0,0,0
59,30,0,1970.01.01 00:00:00,PROTOCOL_DISABLED,ACTUAL_PROFILE_D_EXECUTION,30,118,1,2014.01.28 21:23:00,SELL,PROFILE_D_FULL,0,1254.25,1254.25,300.00,1253.08,1254.44,1255.51,1257.69,1260.08,1252.51,0,21,2,1,Unknown,-1,TP2,1,0,1,0,1,2,2.19,6.48,0.00,98,0,1,0,0.10,1254.16,1254.24,1254.74,65.1125,63.6108,62.7778,27,18,3,9,15,24,1.666667,2.3347,2.783654,0.000000,3,3,1,0,5,51.1379,15.8986,-68.9722,16.0282,22.4113,6.3831,0.21,0.016584,1254.31,1253.85,1253.13,1252.53,172.80,8.307780,-,E20>E50>E100>E200,Btw_50-20,UP,1,0.14857085,0.19754779,-0.04897694,15.7703,30.7533,-71.5543,1254.71,1253.91,1254.31,0.81,3.888935,0.430646,-0.269712,0,-2.722760,1.1379,-36.473919,-0.959484,0.02565000,2.608150,0.064269,0.122602,0.093792,2.218058,6.350399,8.568457,-0.260676,1.957381,1,1,1,1,67.3383,55.7481,69.8048,29.7379,10.5654,19.1725,0.37,0.029101,1253.22,1252.53,1252.96,1254.38,12.80,-0.350664,+,E200>E20>E100>E50,Btw_200-100,RANGE,0,0.83312818,0.73495556,0.09817262,77.6857,71.4143,-13.9429,1255.46,1250.41,1252.93,5.05,13.829122,0.761707,3.619178,0,-1.207978,17.3383,-7.847319,0.310889,-0.09990000,0.422209,0.391696,0.216131,-0.002089,1.892079,-5.069219,5.069219,2.826476,4.718555,1,1,1,1,58.2421,32.3592,128.3863,28.7262,9.4636,19.2626,1.18,0.094179,1252.73,1253.70,1255.72,1257.57,331.10,-2.802997,+,E200>E100>E50>E20,Btw_100-50,DOWN,0,0.08572957,-0.59428112,0.68001069,88.2088,91.2995,-8.8582,1254.70,1249.22,1251.96,5.49,4.643654,0.917980,1.940952,0,2.572076,8.2421,19.200778,1.878508,0.05695000,1.317624,0.142815,0.010846,-0.031184,-0.821545,-3.268482,4.090027,1.287031,0.465485,1,1,1,1,51.6496,24.6007,163.3650,25.8389,12.2430,13.5959,1.57,0.125393,1253.22,1255.61,1257.46,1256.32,206.65,-1.313917,+,E100>E200>E50>E20,Btw_50-20,RANGE,0,-0.93152387,-1.44852082,0.51699695,91.4025,82.8619,-46.8244,1258.05,1248.27,1253.16,9.78,6.216073,0.611929,0.695756,0,2.169624,1.6496,49.931156,0.754372,0.00955000,1.031311,-0.026631,-0.079494,-0.023422,-1.519676,-0.453715,2.700055,0.659474,-0.860202,1,1,1,1,46.4499,16.3026,20.9410,23.5521,14.3285,9.2236,2.15,0.171417,1254.81,1257.38,1256.31,1252.03,222.39,1.034362,+,E50>E100>E20>E200,Btw_200-100,RANGE,1,-2.06405537,-2.25613028,0.19207491,80.4594,50.2442,-56.3601,1260.53,1249.24,1254.89,11.29,5.250989,0.443944,-0.294349,0,1.381972,-3.5501,27.769433,-0.096237,-0.78645000,0.353488,-0.138808,-0.102944,0.001371,-1.195054,2.488514,2.488514,-0.259097,-1.454151,1,1,1,1,0.0000,0.0000,0.0000,0.0000,0.0000,0.0000,0.00,0.000000,0.00,0.00,0.00,0.00,0.00,0.000000,,,,,0,0.00000000,0.00000000,0.00000000,0.0000,0.0000,0.0000,0.00,0.00,0.00,0.00,0.000000,0.000000,0.000000,0,0.000000,0.0000,0.000000,0.000000,0.00000000,0.000000,0.000000,0.000000,0.000000,0.000000,0.000000,0.000000,0.000000,0.000000,0,0,0,0
60,30,0,1970.01.01 00:00:00,PROTOCOL_DISABLED,ACTUAL_PROFILE_D_EXECUTION,30,119,2,2014.01.28 21:40:10,SELL,LADDER,0,1255.20,1255.42,300.00,1253.08,1254.44,1255.51,1257.69,1260.08,1252.51,0,21,2,1,Unknown,-1,TP2,1,0,1,0,1,2,2.19,6.48,0.00,98,0,1,0,2.09,1254.24,1254.74,1254.63,63.6108,62.7778,59.9903,35,20,16,15,4,19,0.266667,3.6205,1.416974,0.000000,16,2,0,0,5,70.1657,39.3706,172.7411,39.2840,7.3440,31.9400,0.27,0.021590,1254.59,1254.22,1253.55,1252.85,235.76,8.699528,+,E20>E50>E100>E200,Up_EMA20,UP,1,0.17516587,0.09245575,0.08271011,90.1793,87.1849,0.0000,1255.03,1254.03,1254.53,1.00,3.685551,1.172668,2.479151,0,2.758324,20.1657,30.031523,3.651103,0.03620000,3.011111,0.142185,0.105554,0.075847,1.368969,5.053976,6.422944,2.276583,3.645552,1,1,1,1,75.2674,55.4274,162.1863,30.7817,6.4740,24.3077,0.42,0.033759,1253.74,1252.86,1253.10,1254.40,80.57,1.901310,+,E200>E20>E100>E50,Up_EMA200,RANGE,1,0.85249024,0.82224499,0.03024525,79.5509,67.2878,0.0000,1255.93,1251.30,1253.61,4.63,10.926351,0.844047,3.759174,0,0.218854,25.2674,14.998706,-0.315749,0.00115000,1.013756,0.296581,0.190161,0.006627,2.071470,-3.617663,3.617663,3.447503,5.518973,1,1,1,1,62.6659,35.8648,121.4418,31.6120,8.2018,23.4102,0.88,0.070307,1252.98,1253.77,1255.71,1257.54,233.95,-2.650950,+,E200>E100>E50>E20,Btw_100-50,DOWN,0,0.26726021,-0.43360180,0.70086202,93.1031,91.6060,0.0000,1255.24,1249.05,1252.14,6.19,7.008656,0.994823,3.468045,0,2.326926,12.6659,5.816998,2.641448,-0.02280000,0.885600,0.232225,0.038401,-0.035114,-0.894616,-4.278751,5.173367,2.522417,1.627801,1,1,1,1,54.5336,27.5508,176.3406,29.2234,10.6106,18.6128,1.52,0.121494,1253.41,1255.59,1257.42,1256.31,110.73,-0.726079,+,E100>E200>E50>E20,Btw_50-20,RANGE,0,-0.66113077,-1.36490568,0.70377492,93.9059,90.6842,0.0000,1258.12,1248.26,1253.19,9.86,6.467058,0.703964,1.319049,0,2.746424,4.5336,49.637911,0.612700,-0.01755000,0.945590,0.029434,-0.056389,-0.018233,-1.429845,-0.469301,2.627092,1.173067,-0.256778,1,1,1,1,48.5248,17.2003,36.4706,27.2527,14.3285,12.9242,2.27,0.180469,1254.90,1257.42,1256.32,1252.04,316.34,1.396506,+,E50>E100>E20>E200,Btw_50-20,RANGE,1,-1.98835167,-2.24771876,0.25936709,84.1114,51.4615,-48.8994,1260.57,1249.30,1254.93,11.28,4.978424,0.523826,0.118618,0,1.796960,-1.4752,30.875358,0.083300,-0.76340000,0.372436,-0.123766,-0.094421,0.002135,-1.110783,2.374165,2.374165,0.133125,-0.977659,1,1,1,1,0.0000,0.0000,0.0000,0.0000,0.0000,0.0000,0.00,0.000000,0.00,0.00,0.00,0.00,0.00,0.000000,,,,,0,0.00000000,0.00000000,0.00000000,0.0000,0.0000,0.0000,0.00,0.00,0.00,0.00,0.000000,0.000000,0.000000,0,0.000000,0.0000,0.000000,0.000000,0.00000000,0.000000,0.000000,0.000000,0.000000,0.000000,0.000000,0.000000,0.000000,0.000000,0,0,0,0
61,31,0,1970.01.01 00:00:00,PROTOCOL_DISABLED,ACTUAL_PROFILE_D_EXECUTION,31,122,1,2014.01.29 23:48:10,BUY,PROFILE_D_FULL,0,1267.66,1267.66,300.00,1268.89,1267.45,1266.32,1264.02,1261.50,1266.67,0,23,3,1,Asia,0,EMA->TP2->SL$,1,1,0,1,0,5,-315.03,291.34,0.06,822,0,1,1,-29.73,1266.68,1266.59,1266.57,28.4394,35.4264,43.9496,10,6,3,4,3,7,0.750000,15.5102,0.533019,0.000000,3,5,2,0,5,57.2535,34.5689,158.2955,25.1614,15.7600,9.4014,0.21,0.016728,1267.06,1267.21,1267.25,1266.68,63.32,2.986732,+,E100>E50>E20>E200,Up_EMA200,RANGE,1,-0.02901656,-0.09593892,0.06692236,99.6165,86.1768,-0.5362,1267.43,1266.60,1267.02,0.83,3.910727,0.854009,1.384434,0,4.524696,7.2535,56.025964,-1.961815,0.00295000,1.074778,0.032165,-0.026245,0.019322,-0.745104,2.525683,2.710502,1.206153,0.461049,1,1,1,1,52.0545,34.9183,-37.4082,11.4158,25.8591,14.4433,0.46,0.036140,1267.20,1266.31,1264.77,1262.15,515.82,11.262505,-,E20>E50>E100>E200,Up_EMA20,UP,1,0.14821735,0.30637668,-0.15815933,42.5452,46.6386,-61.0406,1269.16,1266.03,1267.60,3.13,6.836611,0.408740,-0.623908,0,-0.122917,2.0545,0.897057,1.619834,-0.03065000,0.749284,-0.043069,0.071691,0.109738,1.946041,9.079941,11.025982,0.236523,2.182564,1,1,1,1,56.9600,30.8727,8.6369,15.7911,24.4549,8.6639,0.86,0.067722,1266.24,1263.58,1260.81,1259.26,805.41,9.384350,-,E20>E50>E100>E200,Up_EMA20,UP,1,1.23118716,1.47484908,-0.24366193,28.4339,27.8325,-33.3451,1270.62,1261.19,1265.90,9.43,10.982051,0.649247,1.639033,0,-1.167027,6.9600,-19.518940,-3.457934,-0.29635000,0.366774,0.129239,0.181763,0.093720,3.105273,5.033208,8.138481,1.245869,4.351142,1,1,1,1,59.8022,23.0740,60.6454,14.1740,14.2258,0.0518,1.93,0.151896,1264.62,1260.96,1259.34,1257.64,967.01,5.023437,-,E20>E50>E100>E200,Up_EMA20,UP,1,2.46479156,2.37825943,0.08653213,54.6358,72.5119,-18.8131,1269.80,1260.85,1265.32,8.96,4.652229,0.721790,1.031818,0,-0.433570,9.8022,-4.950701,-0.993738,-0.98975000,0.280051,0.220986,0.161199,0.055234,1.899654,1.726481,3.626135,1.397301,3.296956,1,1,1,1,62.8453,33.1600,80.6693,21.6156,20.4684,1.1473,5.73,0.452119,1262.13,1259.53,1257.77,1253.68,1363.01,2.378825,+,E20>E50>E100>E200,Up_EMA20,UP,1,3.17193228,2.49726504,0.67466724,86.3991,84.0441,-16.2337,1271.85,1249.34,1260.60,22.51,3.928234,0.798319,1.171866,0,1.023515,12.8453,5.266547,-2.679011,0.43120000,1.603288,0.113973,0.058465,0.023952,0.452728,1.021071,1.473799,0.905026,1.357753,1,1,1,1,0.0000,0.0000,0.0000,0.0000,0.0000,0.0000,0.00,0.000000,0.00,0.00,0.00,0.00,0.00,0.000000,,,,,0,0.00000000,0.00000000,0.00000000,0.0000,0.0000,0.0000,0.00,0.00,0.00,0.00,0.000000,0.000000,0.000000,0,0.000000,0.0000,0.000000,0.000000,0.00000000,0.000000,0.000000,0.000000,0.000000,0.000000,0.000000,0.000000,0.000000,0.000000,0,0,0,0
62,31,0,1970.01.01 00:00:00,PROTOCOL_DISABLED,ACTUAL_PROFILE_D_EXECUTION,31,123,2,2014.01.30 00:06:13,BUY,LADDER,0,1266.77,1266.43,300.00,1268.89,1267.45,1266.32,1264.02,1261.50,1266.67,0,0,4,1,Asia,0,EMA->TP2->SL$,1,1,0,1,0,5,-315.03,291.34,0.06,822,0,1,1,-50.21,1266.57,1267.06,1266.65,43.9496,41.7296,21.3225,21,14,7,7,7,14,1.000000,22.6270,0.368018,0.000000,7,4,1,0,5,34.0564,48.2215,-178.0780,5.7746,39.2742,33.4995,0.23,0.018023,1266.90,1267.07,1267.17,1266.73,31.42,-1.376397,-,E100>E50>E20>E200,Down_EMA200,RANGE,0,-0.12689297,-0.05983822,-0.06705475,2.1107,19.1717,-100.0000,1267.56,1266.48,1267.02,1.08,4.725186,-0.064058,-2.665279,0,-3.096330,-15.9436,-28.335540,2.381823,-0.00720000,0.863765,-0.128469,-0.073256,-0.000951,-0.747570,1.519588,1.921356,-2.148414,-2.895985,1,1,1,1,45.2070,40.0187,-125.6600,8.1251,33.0848,24.9597,0.42,0.033145,1267.04,1266.37,1264.92,1262.33,408.08,9.721922,-,E20>E50>E100>E200,Btw_50-20,UP,1,-0.01612132,0.14867611,-0.16479743,7.6350,31.7132,-78.5853,1268.96,1265.73,1267.34,3.23,7.686608,0.211339,-2.218821,0,-0.304580,-4.7930,-8.889346,1.137916,0.01515000,1.220203,-0.073043,0.048273,0.110205,1.586829,9.624002,11.210831,-1.488909,0.097920,1,1,1,1,53.5740,29.3960,-40.8521,14.9439,24.1074,9.1635,0.68,0.053359,1266.20,1263.66,1260.91,1259.32,709.12,10.493805,-,E20>E50>E100>E200,Up_EMA20,UP,1,1.05950661,1.42768948,-0.36818287,18.5180,21.8886,-51.2577,1270.36,1261.87,1266.11,8.50,12.571599,0.535102,0.441287,0,-0.677034,3.5740,-19.420389,-3.051399,-0.20055000,0.402592,0.111970,0.206339,0.113869,3.757741,6.425528,10.183269,0.310536,4.068277,1,1,1,1,57.4122,21.4304,42.3615,12.2841,15.2422,2.9581,1.47,0.116194,1264.74,1261.15,1259.46,1257.72,869.11,5.906290,-,E20>E50>E100>E200,Up_EMA20,UP,1,2.26986661,2.37245893,-0.10259231,32.8365,53.1715,-24.7807,1269.82,1261.03,1265.43,8.79,5.975038,0.612258,0.670744,0,-1.846941,7.4122,-28.605045,-1.568022,-0.95085000,0.236357,0.209713,0.181070,0.066047,2.434877,2.332408,4.767285,1.139005,3.573882,1,1,1,1,60.8816,29.1021,69.1632,18.7335,17.7392,0.9943,2.95,0.232645,1262.48,1259.78,1257.92,1253.80,1261.17,4.280580,+,E20>E50>E100>E200,Up_EMA20,UP,1,3.06700122,2.63785792,0.42914330,77.3923,82.4355,-23.6477,1272.19,1250.21,1261.20,21.98,7.458848,0.737140,1.768791,0,-0.500120,10.8816,-3.018780,-3.240682,-0.21470000,0.732944,0.203092,0.110198,0.046348,0.916963,2.028319,2.945282,1.335297,2.252260,1,1,1,1,0.0000,0.0000,0.0000,0.0000,0.0000,0.0000,0.00,0.000000,0.00,0.00,0.00,0.00,0.00,0.000000,,,,,0,0.00000000,0.00000000,0.00000000,0.0000,0.0000,0.0000,0.00,0.00,0.00,0.00,0.000000,0.000000,0.000000,0,0.000000,0.0000,0.000000,0.000000,0.00000000,0.000000,0.000000,0.000000,0.000000,0.000000,0.000000,0.000000,0.000000,0.000000,0,0,0,0
63,31,0,1970.01.01 00:00:00,PROTOCOL_DISABLED,ACTUAL_PROFILE_D_EXECUTION,31,124,3,2014.01.30 01:16:25,BUY,LADDER,0,1264.87,1264.58,300.00,1268.89,1267.45,1266.32,1264.02,1261.50,1266.67,0,1,4,1,Asia,0,EMA->TP2->SL$,1,1,0,1,0,5,-315.03,291.34,0.06,822,0,1,1,-69.59,1266.59,1266.29,1265.12,34.5524,40.6456,23.4861,25,16,6,9,10,19,1.111111,11.0663,4.861386,0.000000,6,4,0,0,5,25.0325,55.7154,-145.6531,5.5862,43.0700,37.4839,0.30,0.023961,1265.63,1266.18,1266.51,1266.54,199.17,-6.573116,-,E200>E100>E50>E20,Down_EMA20,DOWN,0,-0.48478119,-0.39144884,-0.09333235,9.6607,12.3329,-100.0000,1267.14,1264.45,1265.79,2.69,8.886771,0.039866,-4.089109,0,-2.406196,-24.9675,-11.712000,2.281612,-0.00920000,0.868195,-0.290862,-0.176254,-0.052924,-1.814724,-1.218621,3.033344,-3.539772,-5.354496,1,1,1,1,32.6823,45.3955,-182.0792,7.0180,43.9640,36.9460,0.79,0.062176,1266.33,1266.31,1265.25,1262.85,170.42,2.167496,-,E20>E50>E100>E200,Btw_200-100,UP,1,-0.40683714,-0.11535290,-0.29148424,2.6425,8.8340,-100.0000,1267.99,1264.92,1266.45,3.08,3.914613,-0.117863,-2.418696,0,-3.052999,-17.3177,-35.289629,2.555934,0.07425000,1.894578,-0.142413,-0.043962,0.035409,0.019189,4.402944,4.422133,-2.254637,-2.235448,1,1,1,1,44.7722,31.9096,-202.7620,12.0218,41.6856,29.6639,0.90,0.071013,1266.07,1264.08,1261.39,1259.65,490.61,5.463339,-,E20>E50>E100>E200,Btw_50-20,UP,1,0.44157752,0.97627726,-0.53469974,11.4207,33.2231,-100.0000,1269.71,1263.81,1266.76,5.89,6.564017,0.125811,-2.456180,0,-1.420599,-5.2278,-28.435436,0.301930,0.01975000,1.123553,-0.020618,0.095730,0.073272,2.221653,4.934825,7.156477,-1.693139,0.528514,1,1,1,1,51.5793,21.7282,-13.7235,13.2896,26.0002,12.7106,1.39,0.109861,1264.96,1261.53,1259.72,1257.89,666.55,4.797916,-,E20>E50>E100>E200,Btw_50-20,UP,1,1.91239323,2.38063244,-0.46823921,20.2578,28.1169,-37.1411,1269.73,1260.94,1265.34,8.79,6.324383,0.410917,-0.563398,0,-1.577461,1.5793,-25.391408,-1.786245,-0.44105000,0.386493,0.132821,0.156777,0.063422,2.470472,2.622253,5.092724,-0.294809,2.175663,1,1,1,1,56.2809,27.7270,23.7423,16.2357,24.6488,8.4131,2.08,0.164880,1262.71,1259.98,1258.06,1253.91,1064.11,5.103650,-,E20>E50>E100>E200,Up_EMA20,UP,1,2.86357052,2.73536990,0.12820062,66.2456,76.4759,-37.1411,1272.24,1251.34,1261.79,20.90,10.025503,0.632064,1.324005,0,-1.449452,6.2809,-2.761547,-2.719342,-0.80650000,0.340826,0.253608,0.147199,0.064239,1.309069,2.909501,4.218570,0.885080,2.194149,1,1,1,1,0.0000,0.0000,0.0000,0.0000,0.0000,0.0000,0.00,0.000000,0.00,0.00,0.00,0.00,0.00,0.000000,,,,,0,0.00000000,0.00000000,0.00000000,0.0000,0.0000,0.0000,0.00,0.00,0.00,0.00,0.000000,0.000000,0.000000,0,0.000000,0.0000,0.000000,0.000000,0.00000000,0.000000,0.000000,0.000000,0.000000,0.000000,0.000000,0.000000,0.000000,0.000000,0,0,0,0
64,31,0,1970.01.01 00:00:00,PROTOCOL_DISABLED,ACTUAL_PROFILE_D_EXECUTION,31,125,4,2014.01.30 03:14:31,BUY,LADDER,0,1261.85,1261.50,300.00,1268.89,1267.45,1266.32,1264.02,1261.50,1266.67,0,3,4,1,Asia,0,EMA->TP2->SL$,1,1,0,1,0,5,-315.03,291.34,0.06,822,0,1,1,-80.71,1262.60,1262.67,1261.94,45.0277,41.8641,22.7587,17,12,4,5,8,13,1.600000,22.2690,3.505319,0.000000,4,3,0,0,5,22.6957,51.8706,-125.7271,4.5886,44.8005,40.2119,0.19,0.014903,1262.38,1262.78,1263.38,1264.28,279.57,-14.870882,-,E200>E100>E50>E20,Down_EMA20,DOWN,0,-0.31140080,-0.19318251,-0.11821829,5.7841,10.2862,-100.0000,1263.44,1261.61,1262.52,1.83,9.725858,-0.065503,-5.500000,0,-1.414024,-27.3043,19.363238,4.121241,-0.01895000,0.664898,-0.349036,-0.211234,-0.130254,-2.166353,-7.973596,10.139949,-4.730933,-6.897286,1,1,1,1,26.0609,41.8223,-256.8904,7.3392,32.6631,25.3240,0.64,0.050991,1263.28,1264.46,1264.54,1262.96,147.46,-2.292414,-,E100>E50>E20>E200,Down_EMA200,RANGE,0,-0.85088720,-0.81830274,-0.03258446,10.2310,18.4546,-100.0000,1264.87,1261.59,1263.23,3.28,5.097861,-0.031029,-2.707112,0,-1.957371,-23.9391,-41.261948,0.835179,0.02895000,1.290371,-0.194425,-0.144394,-0.009229,-1.828533,2.328499,2.460865,-2.792379,-4.620913,1,1,1,1,34.3560,55.8807,-119.2668,4.4366,36.1717,31.7351,1.07,0.085138,1264.49,1263.82,1261.61,1259.88,160.84,1.497611,-,E20>E50>E100>E200,Btw_200-100,UP,1,-0.73052914,-0.07369654,-0.65683261,14.3935,16.6926,-100.0000,1269.66,1261.35,1265.51,8.31,7.737780,0.016051,-3.744693,0,-1.445374,-15.6440,8.663409,3.512092,-0.02235000,0.905756,-0.235963,-0.051709,0.025805,0.619274,3.670094,4.289368,-2.791757,-2.172484,1,1,1,1,43.5390,35.5276,-136.8383,7.4975,33.3312,25.8336,1.41,0.111634,1264.23,1261.72,1259.96,1258.08,340.54,2.418146,-,E20>E50>E100>E200,Btw_100-50,UP,1,0.63597593,1.77408157,-1.13810564,5.5302,8.6686,-100.0000,1269.83,1260.17,1265.00,9.67,6.863387,0.136573,-2.494337,0,-2.865323,-6.4610,-36.709198,3.086740,0.03785000,1.155250,-0.110410,0.044276,0.037087,1.781925,2.582785,4.364710,-1.946564,-0.164639,1,1,1,1,49.7307,32.2605,-126.4878,12.1948,36.0054,23.8106,2.03,0.161040,1262.53,1260.11,1258.21,1254.07,742.04,3.652669,-,E20>E50>E100>E200,Btw_50-20,UP,1,2.05769171,2.74112640,-0.68343469,3.2713,36.5744,-57.5159,1271.79,1253.18,1262.49,18.62,9.165092,0.446388,-0.491361,0,-2.572659,-0.2693,-46.065509,-1.116321,-1.03440000,0.282016,0.093873,0.088528,0.051456,1.191234,2.976372,4.167606,-0.514937,0.676297,1,1,1,1,0.0000,0.0000,0.0000,0.0000,0.0000,0.0000,0.00,0.000000,0.00,0.00,0.00,0.00,0.00,0.000000,,,,,0,0.00000000,0.00000000,0.00000000,0.0000,0.0000,0.0000,0.00,0.00,0.00,0.00,0.000000,0.000000,0.000000,0,0.000000,0.0000,0.000000,0.000000,0.00000000,0.000000,0.000000,0.000000,0.000000,0.000000,0.000000,0.000000,0.000000,0.000000,0,0,0,0
65,31,0,1970.01.01 00:00:00,PROTOCOL_DISABLED,ACTUAL_PROFILE_D_EXECUTION,31,126,5,2014.01.30 07:24:28,BUY,LADDER,0,1258.63,1258.42,300.00,1268.89,1267.45,1266.32,1264.02,1261.50,1266.67,0,7,4,1,London,1,EMA->TP2->SL$,1,1,0,1,0,5,-315.03,291.34,0.06,822,0,1,1,-84.79,1260.58,1260.80,1259.77,13.6445,28.9788,16.9418,21,16,6,5,10,15,2.000000,3.2973,1.106297,0.000000,6,1,0,0,5,16.7523,40.6733,-226.1600,18.6266,48.5999,29.9733,0.74,0.058693,1260.35,1261.28,1261.92,1262.43,417.38,-5.651753,-,E200>E100>E50>E20,Down_EMA20,DOWN,0,-0.64695353,-0.53234586,-0.11460767,6.4921,23.1550,-100.0000,1261.83,1259.06,1260.44,2.77,3.753908,-0.290889,-2.968923,0,-1.160009,-33.2477,-16.711578,-2.559698,0.07395000,2.002712,-0.136336,-0.098918,-0.038429,-1.257917,-1.550118,2.808034,-2.843719,-4.101635,1,1,1,1,19.4594,46.7103,-181.5662,5.3081,42.2549,36.9468,1.26,0.099761,1261.76,1262.55,1263.17,1262.75,449.61,-3.581800,-,E100>E200>E50>E20,Down_EMA200,RANGE,0,-0.78336152,-0.25097385,-0.53238766,4.2408,11.7482,-100.0000,1264.87,1259.62,1262.24,5.25,4.183128,-0.260064,-3.179446,0,-3.490935,-30.5406,16.496310,4.758671,0.15020000,2.489341,-0.170453,-0.082910,-0.020459,-0.628760,-0.156890,1.123674,-2.796149,-3.424909,1,1,1,1,26.3299,29.4835,-254.6558,12.8243,40.7545,27.9302,1.48,0.117266,1262.51,1263.06,1261.82,1260.27,201.42,-1.365064,-,E50>E20>E100>E200,Down_EMA200,RANGE,0,-0.90192847,-0.54900680,-0.35292166,2.2561,15.0698,-100.0000,1264.77,1260.02,1262.39,4.76,3.223432,-0.370679,-2.806574,0,-4.020140,-23.6701,-61.525732,-0.423614,0.13490000,1.842072,-0.117370,-0.051921,0.007902,-0.370534,1.892709,1.892709,-2.887239,-3.257773,1,1,1,1,34.5722,35.7025,-222.7731,13.1173,37.9098,24.7925,1.80,0.143334,1262.96,1261.82,1260.28,1258.39,14.19,-0.078675,-,E20>E50>E100>E200,Down_EMA200,UP,0,-0.49409317,0.13287753,-0.62697070,18.1859,47.2007,-100.0000,1269.90,1258.78,1264.34,11.13,6.169567,-0.047187,-3.375908,0,-2.587843,-15.4278,-30.653720,-1.231814,0.06380000,1.214887,-0.092285,0.000095,0.019871,0.633954,1.897436,2.531390,-2.610064,-1.976110,1,1,1,1,42.2429,36.4913,-146.5511,10.8640,38.2662,27.4021,2.34,0.185595,1262.20,1260.34,1258.48,1254.37,388.46,1.663467,-,E20>E50>E100>E200,Btw_200-100,UP,1,0.91211534,2.17197414,-1.25985880,18.7100,24.0914,-79.0138,1269.21,1258.67,1263.94,10.54,4.515117,-0.039472,-2.435778,0,-2.022265,-7.7571,-14.196446,1.373496,0.06200000,1.153068,-0.038269,0.024422,0.032148,0.794002,2.558524,3.352526,-1.689060,-0.895058,1,1,1,1,0.0000,0.0000,0.0000,0.0000,0.0000,0.0000,0.00,0.000000,0.00,0.00,0.00,0.00,0.00,0.000000,,,,,0,0.00000000,0.00000000,0.00000000,0.0000,0.0000,0.0000,0.00,0.00,0.00,0.00,0.000000,0.000000,0.000000,0,0.000000,0.0000,0.000000,0.000000,0.00000000,0.000000,0.000000,0.000000,0.000000,0.000000,0.000000,0.000000,0.000000,0.000000,0,0,0,0
66,32,0,1970.01.01 00:00:00,PROTOCOL_DISABLED,ACTUAL_PROFILE_D_EXECUTION,32,132,1,2014.01.30 20:35:00,BUY,PROFILE_D_FULL,0,1243.74,1243.74,300.00,1244.98,1243.54,1242.39,1240.07,1237.52,1244.11,0,20,4,1,NewYork,2,TP2->EMA->TP2,1,0,1,0,1,2,2.04,2.65,0.00,48,0,1,1,0.02,1243.34,1243.05,1242.94,29.4164,37.5546,41.9511,17,10,4,7,6,13,0.857143,12.5347,2.785340,0.000000,4,0,0,0,5,43.3508,24.4606,-19.7663,18.6257,20.7997,2.1740,0.14,0.011521,1243.57,1243.94,1244.09,1244.11,72.08,-5.031980,-,E200>E100>E50>E20,Down_EMA20,DOWN,0,-0.23896378,-0.25092559,0.01196181,63.9698,46.5968,-55.8000,1244.21,1242.93,1243.57,1.27,8.883290,0.354031,-1.296684,0,1.286245,-6.6492,21.972151,-1.080926,-0.03930000,0.421634,-0.234022,-0.194693,-0.056886,-2.569367,-1.139471,3.708838,-1.323143,-3.892510,1,1,1,1,42.9154,29.9653,-108.0258,6.3158,19.2549,12.9391,0.53,0.042485,1243.99,1244.20,1245.97,1249.94,655.86,-12.415621,-,E200>E100>E50>E20,Down_EMA20,DOWN,0,-0.14534783,0.07485068,-0.22019851,27.7551,19.5545,-80.2679,1245.78,1243.03,1244.40,2.75,5.203156,0.129989,-1.925225,0,-1.195368,-7.0846,0.918139,3.193142,-0.01610000,0.867762,-0.139958,-0.064415,-0.126430,-0.388090,-10.880916,11.269007,-1.146614,-1.534704,1,1,1,1,43.2315,18.0308,-79.0585,15.6301,30.0613,14.4312,0.86,0.069166,1244.38,1248.01,1252.23,1255.17,1178.15,-13.699413,-,E200>E100>E50>E20,Down_EMA20,DOWN,0,-0.97073890,-1.31411849,0.34337959,15.1574,30.7801,-65.0891,1246.03,1241.16,1243.60,4.87,5.658777,0.456232,-0.247674,0,-0.906735,-6.7685,-39.607019,0.005704,-0.13595000,0.558532,-0.065067,-0.207068,-0.133018,-4.223541,-8.320767,12.544308,-1.155105,-5.378646,1,1,1,1,36.2041,17.5422,-4.9623,14.8011,18.5116,3.7104,1.41,0.113058,1246.41,1251.91,1254.96,1255.91,1252.56,-8.910284,-,E200>E100>E50>E20,Down_EMA20,DOWN,0,-3.37940691,-4.16915920,0.78975230,43.4779,56.2312,-38.5977,1255.12,1236.05,1245.58,19.07,13.565708,0.384680,-1.564396,0,0.889307,-13.7959,7.669813,-1.133557,-0.32055000,0.467259,-0.225280,-0.249110,-0.086759,-3.911810,-2.846013,6.757823,-2.152461,-6.064271,1,1,1,1,29.7954,32.3192,-57.3526,17.6243,22.4396,4.8153,2.65,0.213349,1250.62,1255.00,1255.96,1253.55,1016.46,-3.831705,-,E100>E50>E200>E20,Down_EMA200,RANGE,0,-4.71096463,-3.79216221,-0.91880242,63.3040,50.9934,-77.4571,1269.45,1236.23,1252.84,33.21,12.520129,0.215308,-3.564377,0,0.520381,-20.2046,16.670299,-2.962075,-0.97375000,0.352689,-0.327846,-0.184913,-0.037203,-1.652622,0.546689,2.014990,-2.725772,-4.378394,1,1,1,1,0.0000,0.0000,0.0000,0.0000,0.0000,0.0000,0.00,0.000000,0.00,0.00,0.00,0.00,0.00,0.000000,,,,,0,0.00000000,0.00000000,0.00000000,0.0000,0.0000,0.0000,0.00,0.00,0.00,0.00,0.000000,0.000000,0.000000,0,0.000000,0.0000,0.000000,0.000000,0.00000000,0.000000,0.000000,0.000000,0.000000,0.000000,0.000000,0.000000,0.000000,0.000000,0,0,0,0
67,32,0,1970.01.01 00:00:00,PROTOCOL_DISABLED,ACTUAL_PROFILE_D_EXECUTION,32,133,2,2014.01.30 20:56:08,BUY,LADDER,0,1242.76,1242.50,300.00,1244.98,1243.54,1242.39,1240.07,1237.52,1244.11,0,20,4,1,NewYork,2,TP2->EMA->TP2,1,0,1,0,1,2,2.04,2.65,0.00,48,0,1,1,2.02,1243.03,1242.85,1242.95,37.9300,46.2220,48.0956,19,13,8,6,5,11,0.833333,10.1656,0.374449,0.000000,8,0,0,0,5,33.2193,25.0183,-206.4936,10.1954,38.3793,28.1839,0.23,0.018270,1243.10,1243.46,1243.76,1243.92,142.80,-6.290713,-,E200>E100>E50>E20,Down_EMA20,DOWN,0,-0.21173951,-0.14029984,-0.07143966,1.9655,3.8226,-100.0000,1243.67,1242.63,1243.15,1.05,4.612448,-0.126393,-2.889207,0,-2.284854,-16.7807,-33.223871,2.792106,-0.01040000,0.813620,-0.188578,-0.131671,-0.050690,-1.604345,-2.011640,3.615985,-2.674728,-4.279073,1,1,1,1,34.9534,33.1419,-126.9671,8.0749,26.8166,18.7418,0.59,0.047707,1243.65,1244.01,1245.74,1249.67,717.77,-12.109109,-,E200>E100>E50>E20,Down_EMA20,DOWN,0,-0.32629206,-0.13032328,-0.19596878,9.6973,24.7544,-100.0000,1245.41,1242.50,1243.95,2.90,4.899947,-0.003246,-2.465879,0,-1.592387,-15.0466,5.392085,1.270276,-0.03815000,0.756541,-0.137681,-0.072228,-0.114312,-0.621387,-9.541870,10.163257,-1.945852,-2.567239,1,1,1,1,40.3599,20.9741,-102.8562,13.5461,30.7235,17.1775,1.05,0.084347,1244.20,1247.79,1252.04,1255.04,1254.75,-11.972823,-,E200>E100>E50>E20,Down_EMA20,DOWN,0,-1.01781804,-1.20668671,0.18886867,11.2954,19.2009,-87.7863,1246.04,1241.09,1243.57,4.95,4.721176,0.283206,-1.023521,0,-1.265479,-9.6401,-32.945334,0.939890,-0.03685000,0.850477,-0.084446,-0.178133,-0.111843,-3.430151,-6.913904,10.344055,-1.628768,-5.058919,1,1,1,1,34.5378,18.5437,-27.5628,14.8011,21.5872,6.7861,1.59,0.128089,1246.33,1251.87,1254.94,1255.90,1340.88,-8.425231,-,E200>E100>E50>E20,Down_EMA20,DOWN,0,-3.45056360,-4.17706550,0.72650190,35.5841,53.5999,-48.8506,1255.12,1235.96,1245.54,19.17,12.043915,0.341060,-1.914263,0,0.556051,-15.4622,3.149721,-0.933266,-0.28340000,0.529001,-0.209663,-0.224431,-0.077748,-3.486647,-2.530246,6.016894,-2.408338,-5.894985,1,1,1,1,28.7236,32.7011,-61.7015,17.6243,23.7878,6.1635,2.77,0.222557,1250.53,1254.96,1255.94,1253.54,1104.77,-3.995183,-,E100>E50>E200>E20,Down_EMA200,RANGE,0,-4.78212133,-3.80006851,-0.98205282,58.9839,49.5534,-81.2213,1269.51,1236.08,1252.80,33.42,12.087283,0.191758,-3.725811,0,0.306010,-21.2764,15.800523,-2.885696,-0.95125000,0.367646,-0.320652,-0.179920,-0.036332,-1.603459,0.515007,1.957347,-2.906731,-4.510190,1,1,1,1,0.0000,0.0000,0.0000,0.0000,0.0000,0.0000,0.00,0.000000,0.00,0.00,0.00,0.00,0.00,0.000000,,,,,0,0.00000000,0.00000000,0.00000000,0.0000,0.0000,0.0000,0.00,0.00,0.00,0.00,0.000000,0.000000,0.000000,0,0.000000,0.0000,0.000000,0.000000,0.00000000,0.000000,0.000000,0.000000,0.000000,0.000000,0.000000,0.000000,0.000000,0.000000,0,0,0,0
68,33,0,1970.01.01 00:00:00,PROTOCOL_DISABLED,ACTUAL_PROFILE_D_EXECUTION,33,136,1,2014.01.31 07:09:00,SELL,PROFILE_D_FULL,0,1242.58,1242.58,300.00,1241.31,1242.79,1243.95,1246.32,1248.91,1243.01,0,7,5,1,London,1,EMA->TP1->TP2,1,0,1,0,1,2,2.29,5.02,0.00,42,1,1,1,0.12,1242.93,1242.95,1243.16,54.2205,52.8852,52.7171,57,54,3,3,51,54,17.000000,1.5034,1.030371,0.000000,3,5,2,0,5,45.7892,20.4541,-98.4288,16.6905,19.5187,2.8281,0.22,0.017886,1242.71,1242.73,1242.86,1243.01,42.99,-1.934429,-,E200>E100>E50>E20,Down_EMA20,DOWN,0,0.01056827,0.01782528,-0.00725702,14.5726,35.8094,-80.8599,1242.99,1242.46,1242.72,0.53,2.394904,0.234626,-0.635546,0,-2.039331,-4.2108,-47.820642,-0.945372,-0.00795000,0.848282,0.008817,0.000449,-0.012645,-0.100363,-1.264382,1.364744,-0.569685,-0.670047,1,1,1,1,45.1450,15.2156,114.3491,18.3138,10.1628,8.1510,0.46,0.037281,1242.81,1243.03,1243.42,1245.37,278.50,-6.011920,+,E200>E100>E50>E20,Down_EMA20,DOWN,0,-0.18003715,-0.19523603,0.01519888,42.1962,36.3179,-72.6933,1243.53,1242.07,1242.80,1.46,3.151476,0.347115,-0.481813,0,0.503833,-4.8550,36.960351,-0.147270,0.02170000,1.305849,-0.058615,-0.041202,-0.061375,-0.465099,-5.047748,5.512847,-0.499073,-0.964172,1,1,1,1,44.8298,19.1874,-48.1908,13.7306,12.6720,1.0586,0.57,0.046174,1242.98,1244.17,1247.40,1251.38,880.04,-15.338324,+,E200>E100>E50>E20,Down_EMA20,DOWN,0,-0.26027981,-0.18192094,-0.07835887,16.5815,15.1613,-82.4561,1244.05,1241.82,1242.94,2.23,3.886820,0.340206,-0.621089,0,0.163497,-5.1702,-1.832483,-0.224989,-0.06795000,0.628079,-0.095434,-0.124141,-0.157557,-2.074950,-12.565448,14.640398,-0.697926,-2.772876,1,1,1,1,40.6841,15.7401,-53.0895,12.4920,14.3498,1.8578,0.92,0.073697,1243.52,1247.22,1251.22,1253.70,1112.39,-12.147342,-,E200>E100>E50>E20,Down_EMA20,DOWN,0,-1.18460356,-1.46913942,0.28453586,10.9375,18.6115,-75.4325,1244.76,1241.61,1243.19,3.14,3.432296,0.307262,-0.661534,0,-0.856045,-9.3159,-17.295089,-0.040948,-0.08790000,0.675706,-0.113694,-0.216743,-0.122601,-4.046709,-7.076780,11.123489,-1.023853,-5.070562,1,1,1,1,35.9389,15.5548,-78.7368,15.0920,14.3470,0.7450,1.41,0.113856,1245.72,1251.01,1253.60,1252.54,995.80,-7.038708,+,E100>E200>E50>E20,Down_EMA200,RANGE,0,-3.47990738,-4.08715517,0.60724778,21.1019,30.8202,-84.0330,1251.42,1237.13,1244.27,14.29,10.101607,0.381627,-1.195759,0,0.386390,-14.0611,-5.331853,-1.412895,-0.05195000,0.844879,-0.274730,-0.259097,-0.071018,-3.743270,-1.079109,5.570239,-2.216329,-5.959599,1,1,1,1,0.0000,0.0000,0.0000,0.0000,0.0000,0.0000,0.00,0.000000,0.00,0.00,0.00,0.00,0.00,0.000000,,,,,0,0.00000000,0.00000000,0.00000000,0.0000,0.0000,0.0000,0.00,0.00,0.00,0.00,0.000000,0.000000,0.000000,0,0.000000,0.0000,0.000000,0.000000,0.00000000,0.000000,0.000000,0.000000,0.000000,0.000000,0.000000,0.000000,0.000000,0.000000,0,0,0,0
69,33,0,1970.01.01 00:00:00,PROTOCOL_DISABLED,ACTUAL_PROFILE_D_EXECUTION,33,137,2,2014.01.31 07:39:35,SELL,LADDER,0,1243.54,1243.85,300.00,1241.31,1242.79,1243.95,1246.32,1248.91,1243.01,0,7,5,1,London,1,EMA->TP1->TP2,1,0,1,0,1,2,2.29,5.02,0.00,42,1,1,1,2.17,1243.16,1242.51,1243.24,52.7171,42.5673,81.7272,33,14,4,19,10,29,0.526316,29.0101,0.235645,0.000000,4,4,3,2,5,67.5170,35.2026,122.5047,41.7207,11.3758,30.3449,0.34,0.026959,1242.52,1242.40,1242.55,1242.79,75.67,2.257208,+,E200>E100>E20>E50,Up_EMA200,RANGE,1,0.30962643,0.09830716,0.21131928,94.6462,86.5409,0.0000,1243.63,1240.75,1242.19,2.87,8.570619,0.970034,4.028486,0,1.008645,17.5170,-5.307385,2.002521,0.01340000,1.249767,0.270300,0.105958,0.012545,0.353414,-1.148914,1.148914,3.052709,3.406123,1,1,1,1,58.8186,18.7611,163.2137,25.3990,16.1785,9.2206,1.16,0.093302,1242.64,1242.89,1243.30,1245.19,164.76,-1.420018,+,E200>E100>E50>E20,Btw_200-100,DOWN,0,-0.12899769,-0.22693257,0.09793487,80.8915,62.8149,0.0000,1243.33,1241.78,1242.55,1.54,1.331524,1.140106,0.852316,1,3.806155,8.8186,102.274429,0.662821,0.10675000,1.851955,-0.014546,-0.016328,-0.024344,-0.210930,-1.982809,2.193739,0.773720,0.562790,1,1,1,1,53.7945,26.8069,-5.0361,13.9921,19.6862,5.6942,1.39,0.111536,1242.90,1244.04,1247.21,1251.20,766.23,-5.524348,-,E200>E100>E50>E20,Btw_50-20,DOWN,0,-0.24868218,-0.21867013,-0.03001205,65.8150,40.6317,-24.8309,1244.12,1241.60,1242.86,2.52,1.814483,0.771289,0.492249,1,1.918817,3.7945,9.530153,0.956999,0.12540000,1.825000,-0.034083,-0.048659,-0.064275,-0.822145,-5.162996,5.985141,0.460793,-0.361352,1,1,1,1,46.9105,20.7534,8.6182,11.8843,20.1306,8.2462,1.33,0.107234,1243.46,1247.05,1251.06,1253.60,1005.37,-7.539319,-,E200>E100>E50>E20,Btw_50-20,DOWN,0,-1.09692267,-1.38574055,0.28881787,44.3442,24.9693,-24.8309,1244.84,1241.58,1243.21,3.26,2.442800,0.603055,0.251744,0,0.490965,-3.0895,-10.334613,1.212694,0.00585000,1.022427,-0.082097,-0.147962,-0.084645,-2.695305,-4.907357,7.602662,0.063343,-2.631962,1,1,1,1,39.1141,18.7199,-91.6399,12.8544,22.0140,9.1596,1.93,0.155142,1245.81,1251.05,1253.62,1252.55,900.56,-4.667920,-,E100>E200>E50>E20,Down_EMA200,RANGE,0,-3.40316664,-4.07862842,0.67546177,43.8491,38.4026,-46.3514,1251.43,1237.21,1244.32,14.22,7.373125,0.445320,-0.403162,0,1.021426,-10.8859,-7.912487,-0.779870,0.05095000,1.152135,-0.191966,-0.186089,-0.051087,-2.717065,-0.776735,4.047131,-1.174119,-3.891185,1,1,1,1,0.0000,0.0000,0.0000,0.0000,0.0000,0.0000,0.00,0.000000,0.00,0.00,0.00,0.00,0.00,0.000000,,,,,0,0.00000000,0.00000000,0.00000000,0.0000,0.0000,0.0000,0.00,0.00,0.00,0.00,0.000000,0.000000,0.000000,0,0.000000,0.0000,0.000000,0.000000,0.00000000,0.000000,0.000000,0.000000,0.000000,0.000000,0.000000,0.000000,0.000000,0.000000,0,0,0,0
70,34,0,1970.01.01 00:00:00,PROTOCOL_DISABLED,ACTUAL_PROFILE_D_EXECUTION,34,140,1,2014.01.31 08:03:03,BUY,PROFILE_D_FULL,0,1242.20,1242.20,300.00,1244.73,1241.78,1239.46,1234.73,1229.54,1242.71,0,8,5,1,London,1,EMA->TP2,1,0,1,0,1,2,3.24,8.75,0.00,83,0,1,1,-0.41,1241.45,1241.39,1241.20,23.7666,25.9167,29.0475,12,6,3,6,3,9,0.500000,5.2808,0.598086,0.000000,3,0,1,2,5,43.9480,34.4547,-2.3409,27.6881,25.5453,2.1428,0.42,0.033660,1242.06,1242.31,1242.48,1242.71,87.46,-2.092341,+,E200>E100>E50>E20,Down_EMA20,DOWN,0,-0.28896989,-0.27274518,-0.01622471,59.2419,43.0660,-59.6692,1243.61,1240.82,1242.22,2.79,6.673915,0.360971,-0.927871,0,0.425714,-6.0520,10.952671,-2.277741,0.02770000,1.495528,-0.127891,-0.071479,-0.026282,-0.606722,-0.938275,1.544997,-0.547344,-1.154066,1,1,1,1,42.3250,19.0931,-85.2309,15.2173,24.7538,9.5365,1.07,0.085901,1242.50,1242.79,1243.21,1245.05,321.99,-3.018444,-,E200>E100>E50>E20,Down_EMA20,DOWN,0,-0.20280308,-0.16447965,-0.03832343,17.7547,34.3925,-67.0675,1243.53,1241.42,1242.47,2.12,1.983753,0.196243,-0.602578,1,-3.438439,-7.6750,-52.821630,0.043507,-0.02925000,0.879431,-0.029489,-0.020011,-0.026157,-0.272238,-2.123482,2.395720,-0.622724,-0.894962,1,1,1,1,42.9017,25.8609,-128.2157,11.3518,20.2432,8.8914,1.80,0.144826,1242.70,1243.87,1247.00,1251.02,918.64,-5.107815,-,E200>E100>E50>E20,Down_EMA20,DOWN,0,-0.35441993,-0.26869197,-0.08572796,49.2034,54.9909,-71.1117,1244.19,1241.38,1242.78,2.80,1.558580,0.160216,-0.529580,1,-0.112741,-7.0983,-11.044803,0.867692,0.25340000,3.383819,-0.036161,-0.040879,-0.050198,-0.651023,-3.975055,4.626077,-0.481738,-1.132760,1,1,1,1,37.8746,21.2164,-149.8725,11.4302,20.5392,9.1090,1.63,0.131640,1243.14,1246.78,1250.84,1253.46,1162.95,-7.113934,-,E200>E100>E50>E20,Down_EMA20,DOWN,0,-1.22023144,-1.33279924,0.11256781,30.4527,24.4200,-71.1117,1244.84,1241.21,1243.02,3.62,2.217260,0.171183,-0.729072,0,-0.472184,-12.1254,-19.570344,1.039982,0.03025000,1.101955,-0.088285,-0.127861,-0.071444,-2.222686,-4.087969,6.310654,-0.803280,-3.025966,1,1,1,1,34.5541,19.1304,-169.5604,11.1405,18.1281,6.9876,1.74,0.139814,1245.27,1250.62,1253.35,1252.42,1059.18,-6.100409,-,E100>E200>E50>E20,Down_EMA200,RANGE,0,-3.42482426,-3.97035139,0.54552713,24.5952,28.2423,-79.3822,1248.89,1238.25,1243.57,10.64,6.129172,0.336329,-1.003168,0,0.261987,-15.4459,-16.396736,-0.947367,0.03870000,1.125425,-0.216608,-0.208856,-0.058848,-3.080352,-1.039337,4.651421,-1.980720,-5.061072,1,1,1,1,0.0000,0.0000,0.0000,0.0000,0.0000,0.0000,0.00,0.000000,0.00,0.00,0.00,0.00,0.00,0.000000,,,,,0,0.00000000,0.00000000,0.00000000,0.0000,0.0000,0.0000,0.00,0.00,0.00,0.00,0.000000,0.000000,0.000000,0,0.000000,0.0000,0.000000,0.000000,0.00000000,0.000000,0.000000,0.000000,0.000000,0.000000,0.000000,0.000000,0.000000,0.000000,0,0,0,0
71,34,0,1970.01.01 00:00:00,PROTOCOL_DISABLED,ACTUAL_PROFILE_D_EXECUTION,34,141,2,2014.01.31 08:09:46,BUY,LADDER,0,1239.96,1239.67,300.00,1244.73,1241.78,1239.46,1234.73,1229.54,1242.71,0,8,5,1,London,1,EMA->TP2,1,0,1,0,1,2,3.24,8.75,0.00,83,0,1,1,3.65,1241.45,1241.39,1241.20,23.7666,25.9167,29.0475,18,12,9,6,3,9,0.500000,5.2808,0.356379,0.000000,9,0,0,1,5,23.6222,35.3945,-241.4304,11.1640,41.1214,29.9574,0.70,0.056591,1241.48,1242.01,1242.30,1242.60,300.98,-4.290531,-,E200>E100>E50>E20,Down_EMA20,DOWN,0,-0.54287932,-0.33096815,-0.21191116,2.1784,9.8179,-100.0000,1242.91,1240.18,1241.55,2.73,3.889210,-0.217320,-2.789808,0,-5.005599,-26.3778,-66.930641,1.139703,0.05765000,1.697520,-0.168532,-0.086458,-0.028252,-0.745254,-0.848112,1.593366,-2.697165,-3.442419,1,1,1,1,30.3197,21.6590,-187.6175,13.1883,29.8172,16.6289,1.37,0.110702,1242.24,1242.67,1243.14,1245.00,540.72,-3.940382,-,E200>E100>E50>E20,Down_EMA20,DOWN,0,-0.39320459,-0.17495142,-0.21825317,12.4690,21.0478,-100.0000,1243.97,1240.71,1242.34,3.26,2.374146,-0.343268,-2.002040,0,-5.625949,-19.6803,-74.652287,0.217530,0.06560000,1.314101,-0.072278,-0.036084,-0.025484,-0.312601,-1.697110,2.009711,-1.930671,-2.243271,1,1,1,1,32.9888,27.4919,-229.0739,11.3518,26.7252,15.3734,2.21,0.178627,1242.48,1243.78,1246.95,1251.00,1140.31,-5.149882,-,E200>E100>E50>E20,Down_EMA20,DOWN,0,-0.53302962,-0.28853749,-0.24449213,34.1193,49.9629,-100.0000,1244.61,1240.73,1242.67,3.88,1.753743,-0.293027,-1.390764,1,-2.095340,-17.0112,-31.216441,1.193898,0.33655000,4.166040,-0.048632,-0.041134,-0.042785,-0.585435,-3.258287,3.843721,-1.306161,-1.891596,1,1,1,1,30.0027,22.8237,-258.6152,11.4302,27.0212,15.5910,2.05,0.165417,1242.93,1246.69,1250.79,1253.44,1384.62,-6.752609,-,E200>E100>E50>E20,Down_EMA20,DOWN,0,-1.39884113,-1.35264477,-0.04619636,17.9056,20.2376,-100.0000,1245.21,1240.61,1242.91,4.61,2.246420,-0.220516,-1.618581,0,-2.046576,-19.9973,-41.318884,1.361432,0.11340000,1.382204,-0.091183,-0.110500,-0.059131,-1.833197,-3.291067,5.124263,-1.628346,-3.461543,1,1,1,1,30.4467,20.9106,-266.6636,11.1405,24.3535,13.2130,2.15,0.173606,1245.06,1250.53,1253.30,1252.40,1280.86,-5.951932,-,E100>E200>E50>E20,Down_EMA200,RANGE,0,-3.60343395,-3.99019692,0.38676296,12.2566,24.1295,-100.0000,1249.01,1237.91,1243.46,11.10,5.159813,0.151582,-1.797770,0,-0.559505,-19.5533,-35.817366,-0.591315,0.12185000,1.394912,-0.194578,-0.176667,-0.049549,-2.543539,-0.868994,3.831287,-2.539399,-5.082938,1,1,1,1,0.0000,0.0000,0.0000,0.0000,0.0000,0.0000,0.00,0.000000,0.00,0.00,0.00,0.00,0.00,0.000000,,,,,0,0.00000000,0.00000000,0.00000000,0.0000,0.0000,0.0000,0.00,0.00,0.00,0.00,0.000000,0.000000,0.000000,0,0.000000,0.0000,0.000000,0.000000,0.00000000,0.000000,0.000000,0.000000,0.000000,0.000000,0.000000,0.000000,0.000000,0.000000,0,0,0,0
72,35,0,1970.01.01 00:00:00,PROTOCOL_DISABLED,ACTUAL_PROFILE_D_EXECUTION,35,144,1,2014.01.31 13:40:00,SELL,PROFILE_D_FULL,0,1252.85,1252.85,300.00,1248.58,1253.56,1257.47,1265.44,1274.19,1247.89,0,13,5,1,Overlap,3,EMA->TP1,1,0,1,0,1,1,3.96,2.87,0.00,85,1,0,1,3.96,1253.47,1253.94,1254.91,83.7383,75.4589,69.1632,12,8,3,4,5,9,1.250000,14.5752,2.393020,0.000000,3,0,0,0,5,55.2595,44.7002,-95.4366,21.6986,20.5457,1.1529,0.60,0.048030,1252.75,1251.23,1249.79,1247.94,491.31,8.164675,+,E20>E50>E100>E200,Up_EMA20,UP,1,0.81724700,1.02636519,-0.20911818,2.2990,24.4460,-87.8465,1254.70,1251.14,1252.92,3.56,5.911860,0.481827,-0.107437,0,-3.230043,5.2595,-37.550694,-2.726306,0.00715000,1.063163,0.155966,0.168654,0.095661,2.515007,5.473703,7.988710,0.175964,2.690972,1,1,1,1,73.3853,53.4514,89.8198,31.0183,4.5707,26.4476,1.31,0.104841,1250.08,1247.51,1245.71,1245.45,740.27,5.635893,+,E20>E50>E100>E200,Up_EMA20,UP,1,1.75486053,1.30981968,0.44504085,73.0806,83.0964,-28.6828,1253.67,1245.72,1249.70,7.95,6.052029,0.896775,2.401294,0,-0.383709,23.3853,-47.754864,3.330212,-0.05285000,0.832515,0.281030,0.181765,0.058105,1.952496,1.568831,3.521326,2.114567,4.067063,1,1,1,1,80.2163,63.3020,192.8561,40.0298,3.3480,36.6818,2.30,0.183282,1247.12,1245.32,1246.59,1249.95,290.24,1.263979,+,E200>E20>E100>E50,Up_EMA200,RANGE,1,2.28377101,1.52653438,0.75723663,78.4231,71.4559,-17.1452,1253.08,1238.99,1246.03,14.09,6.134742,0.984205,2.970474,0,1.413965,30.2163,11.677934,2.504069,0.05095000,1.124786,0.200456,0.099978,0.002095,0.785358,-2.017559,2.017559,2.496180,3.281538,1,1,1,1,76.5018,42.6320,164.7357,40.3333,6.8038,33.5295,3.10,0.247715,1246.08,1246.78,1249.99,1252.72,12.82,0.041299,+,E200>E100>E50>E20,Up_EMA200,DOWN,1,1.63833220,0.11009764,1.52823456,81.6242,80.3811,-12.5304,1251.80,1237.54,1244.67,14.26,4.596216,1.073829,2.637442,0,3.982220,26.5018,6.882322,3.577548,0.17945000,1.406686,0.177941,0.047978,-0.008841,-0.226838,-1.915499,2.142337,2.183636,1.956799,1,1,1,1,62.8463,23.3604,232.6540,34.1616,12.9798,21.1818,4.53,0.361934,1246.17,1250.00,1252.75,1252.16,69.16,0.152524,+,E100>E200>E50>E20,Up_EMA200,RANGE,1,-1.03050961,-2.88524808,1.85473848,86.2391,84.5245,-12.5304,1249.51,1238.59,1244.05,10.92,2.407961,1.306226,1.941361,0,6.233189,12.8463,101.264651,0.392542,0.42055000,1.864706,0.046039,-0.024540,-0.010888,-0.844699,-0.475698,1.450961,1.472921,0.628222,1,1,1,1,0.0000,0.0000,0.0000,0.0000,0.0000,0.0000,0.00,0.000000,0.00,0.00,0.00,0.00,0.00,0.000000,,,,,0,0.00000000,0.00000000,0.00000000,0.0000,0.0000,0.0000,0.00,0.00,0.00,0.00,0.000000,0.000000,0.000000,0,0.000000,0.0000,0.000000,0.000000,0.00000000,0.000000,0.000000,0.000000,0.000000,0.000000,0.000000,0.000000,0.000000,0.000000,0,0,0,0
73,36,0,1970.01.01 00:00:00,PROTOCOL_DISABLED,ACTUAL_PROFILE_D_EXECUTION,36,146,1,2014.01.31 17:01:01,SELL,PROFILE_D_FULL,0,1242.21,1242.21,300.00,1239.57,1242.65,1245.07,1250.00,1255.42,1245.48,0,17,5,1,NewYork,2,EMA->TP1,1,0,1,0,1,1,2.28,2.26,0.00,88,1,0,1,2.28,1243.34,1243.48,1243.54,70.4690,63.0493,54.2069,30,17,3,13,14,27,1.076923,16.2622,0.431670,0.000000,3,5,5,0,5,45.4983,16.3982,-130.4668,19.9997,26.8779,6.8782,0.46,0.037111,1242.60,1242.70,1243.78,1245.45,324.20,-7.032460,-,E200>E100>E50>E20,Down_EMA20,DOWN,0,0.05124426,0.13478543,-0.08354117,10.0592,30.0426,-97.3703,1243.48,1242.06,1242.77,1.42,3.077460,0.102315,-1.223861,0,-2.326079,-4.5017,-35.703290,-0.289895,0.01825000,1.246788,-0.002898,-0.006622,-0.062453,-0.200040,-5.977862,6.177902,-0.854558,-1.054598,1,1,1,1,38.2327,27.6130,8.4217,17.3296,19.0131,1.6835,0.88,0.071103,1243.57,1245.64,1245.87,1245.78,356.84,-4.040038,-,E100>E200>E50>E20,Down_EMA200,RANGE,0,-1.53669847,-1.95911696,0.42241848,45.7316,59.7819,-47.7617,1246.83,1239.54,1243.19,7.29,8.249610,0.365888,-1.106369,0,0.085863,-11.7673,10.003400,-4.166273,-0.12600000,0.583678,-0.154225,-0.156099,-0.037609,-2.351314,-0.149974,2.607180,-1.538750,-3.890064,1,1,1,1,37.4355,39.2357,-75.9144,10.4129,22.8686,12.4557,2.00,0.161366,1245.63,1245.60,1246.52,1249.49,728.17,-3.632692,-,E200>E100>E20>E50,Down_EMA200,RANGE,0,-1.00456846,0.24829111,-1.25285958,49.5021,36.1166,-79.7119,1255.40,1239.87,1247.64,15.53,7.748350,0.150393,-2.708880,0,-0.134394,-12.5645,14.902507,0.371725,-0.37610000,0.515959,-0.220901,-0.075059,-0.037310,0.014991,-1.939089,1.939089,-1.708594,-1.693603,1,1,1,1,41.5401,25.9405,-101.3951,16.1256,18.9240,2.7984,3.41,0.274571,1245.38,1246.36,1249.36,1252.22,1001.01,-2.934856,-,E200>E100>E50>E20,Down_EMA20,DOWN,0,-0.10449577,1.07974068,-1.18423645,18.9675,17.8929,-81.6295,1253.37,1237.59,1245.48,15.78,4.626470,0.292595,-0.959554,0,-5.460535,-8.4599,-39.186058,-3.566914,0.00205000,1.003014,-0.089610,-0.041913,-0.027156,-0.287441,-1.718102,2.005543,-0.929313,-1.216754,1,1,1,1,40.9280,19.7530,-56.2847,19.2729,22.4776,3.2047,4.45,0.358474,1245.61,1249.21,1252.13,1251.87,965.97,-2.169252,-,E100>E200>E50>E20,Down_EMA200,RANGE,0,-1.18479761,-1.67815769,0.49336008,19.2079,36.9255,-77.2749,1250.24,1238.27,1244.26,11.97,2.687606,0.329026,-0.459510,0,-2.828655,-9.0720,-57.287080,-0.057722,0.09735000,1.122723,0.006115,-0.030564,-0.012834,-0.808535,-0.597604,1.465251,-0.763113,-1.571648,1,1,1,1,0.0000,0.0000,0.0000,0.0000,0.0000,0.0000,0.00,0.000000,0.00,0.00,0.00,0.00,0.00,0.000000,,,,,0,0.00000000,0.00000000,0.00000000,0.0000,0.0000,0.0000,0.00,0.00,0.00,0.00,0.000000,0.000000,0.000000,0,0.000000,0.0000,0.000000,0.000000,0.00000000,0.000000,0.000000,0.000000,0.000000,0.000000,0.000000,0.000000,0.000000,0.000000,0,0,0,0
74,37,0,1970.01.01 00:00:00,PROTOCOL_DISABLED,ACTUAL_PROFILE_D_EXECUTION,37,148,1,2014.01.31 20:17:03,SELL,PROFILE_D_FULL,0,1242.54,1242.54,300.00,1240.16,1242.94,1245.12,1249.56,1254.44,1241.63,0,20,5,1,NewYork,2,TP2->EMA->TP2,1,0,1,0,1,2,2.03,4.94,0.00,3042,0,1,1,-0.73,1241.65,1241.84,1243.23,78.5164,75.6133,74.4133,41,24,3,17,21,38,1.235294,4.1031,4.973228,0.000000,3,4,0,0,5,64.8739,48.3624,75.9092,23.4083,9.7201,13.6882,0.32,0.025552,1242.05,1241.50,1241.20,1241.64,90.21,2.841228,+,E20>E200>E50>E100,Up_EMA200,RANGE,1,0.37033262,0.34134810,0.02898451,41.2646,50.8501,-47.3721,1242.95,1241.01,1241.98,1.93,6.092742,0.791453,1.775748,0,0.324549,14.8739,1.735728,1.628909,0.00670000,1.117958,0.218779,0.152800,0.031100,1.737865,-0.431782,2.688959,1.535146,3.273010,1,1,1,1,61.8365,33.1909,149.5620,36.6440,11.2805,25.3635,0.75,0.060099,1241.32,1242.04,1243.26,1244.25,171.05,-2.290658,+,E200>E100>E50>E20,Btw_100-50,DOWN,0,0.22085496,-0.12647916,0.34733412,80.9591,81.8273,-19.4602,1242.58,1239.17,1240.87,3.41,4.564845,0.989351,2.233813,0,1.454282,11.8365,3.689422,1.817751,0.02215000,1.174135,0.139002,0.002190,-0.030231,-0.959924,-2.966365,3.926289,1.635632,0.675708,1,1,1,1,48.2563,35.2332,141.4695,20.8107,12.6966,8.1140,1.22,0.097804,1242.36,1243.75,1245.25,1248.45,591.13,-4.864305,+,E200>E100>E50>E20,Btw_50-20,DOWN,0,-1.14203463,-1.59838565,0.45635102,78.6623,74.0616,-18.1746,1244.75,1238.64,1241.70,6.12,5.033242,0.638426,0.696729,0,2.744104,-1.7437,47.977392,-3.475266,0.02890000,1.134952,-0.072292,-0.077626,-0.057954,-1.143519,-3.872658,5.016177,0.151872,-0.991647,1,1,1,1,46.0976,23.6269,-34.0000,24.0708,13.9588,10.1121,1.50,0.120418,1243.37,1245.19,1248.39,1251.56,901.34,-6.023984,+,E200>E100>E50>E20,Down_EMA20,DOWN,0,-1.13973999,-0.58317750,-0.55656249,56.8167,35.6258,-79.4898,1253.54,1236.71,1245.13,16.83,11.247633,0.346256,-1.729256,0,1.438917,-3.9024,14.220641,-0.191971,-0.33340000,0.473010,-0.207137,-0.126526,-0.073208,-1.211269,-4.257194,5.468463,-0.555521,-1.766790,1,1,1,1,43.8863,17.5137,-42.1234,20.8418,17.8665,2.9753,2.41,0.193756,1244.39,1248.26,1251.47,1251.54,899.80,-3.737475,+,E200>E100>E50>E20,Down_EMA20,DOWN,0,-1.68592268,-1.29039705,-0.39552563,17.5487,12.9862,-75.2494,1250.32,1237.36,1243.84,12.96,5.382829,0.399619,-0.540332,0,-0.043215,-6.1137,-12.453547,-1.248240,-0.63760000,0.430256,-0.159411,-0.125636,-0.043073,-1.607996,-1.363881,2.971877,-0.765598,-2.373593,1,1,1,1,0.0000,0.0000,0.0000,0.0000,0.0000,0.0000,0.00,0.000000,0.00,0.00,0.00,0.00,0.00,0.000000,,,,,0,0.00000000,0.00000000,0.00000000,0.0000,0.0000,0.0000,0.00,0.00,0.00,0.00,0.000000,0.000000,0.000000,0,0.000000,0.0000,0.000000,0.000000,0.00000000,0.000000,0.000000,0.000000,0.000000,0.000000,0.000000,0.000000,0.000000,0.000000,0,0,0,0
75,37,0,1970.01.01 00:00:00,PROTOCOL_DISABLED,ACTUAL_PROFILE_D_EXECUTION,37,149,2,2014.01.31 20:50:24,SELL,LADDER,0,1244.64,1244.92,300.00,1240.16,1242.94,1245.12,1249.56,1254.44,1241.63,0,20,5,1,NewYork,2,TP2->EMA->TP2,1,0,1,0,1,2,2.03,4.94,0.00,3042,0,1,1,2.76,1243.35,1242.86,1244.05,78.8686,49.9169,63.3526,31,17,10,14,7,21,0.500000,15.5160,2.156923,0.000000,10,3,0,0,5,71.9172,40.3204,123.2847,34.3622,8.3946,25.9676,0.32,0.026112,1243.65,1242.93,1242.24,1242.11,252.97,7.783810,+,E20>E50>E100>E200,Up_EMA20,UP,1,0.47657026,0.34811323,0.12845703,91.5479,87.6442,0.0000,1244.78,1242.09,1243.44,2.70,8.296121,0.946974,3.708154,0,0.837858,21.9172,1.714355,2.465902,-0.02400000,0.730337,0.302049,0.200433,0.071917,2.235325,2.504590,4.739915,3.043894,5.279220,1,1,1,1,73.7241,43.5722,153.1698,37.0662,8.5796,28.4866,0.78,0.063050,1242.48,1242.41,1243.30,1244.20,43.86,0.558948,+,E200>E100>E20>E50,Up_EMA200,RANGE,1,0.75354530,0.44553209,0.30801321,86.4450,70.3626,0.0000,1244.68,1239.43,1242.06,5.25,6.691863,0.992579,3.296273,0,2.296509,23.7241,8.237212,0.973028,-0.00450000,0.972128,0.209208,0.071616,-0.007299,0.087892,-2.288165,2.288165,2.759221,2.847113,1,1,1,1,58.0611,38.1419,168.6888,28.3267,9.5366,18.7901,1.49,0.119713,1242.68,1243.78,1245.21,1248.37,372.56,-2.500411,+,E200>E100>E50>E20,Btw_100-50,DOWN,0,-0.62741482,-1.38515909,0.75774428,88.6333,84.2628,0.0000,1244.12,1239.06,1241.59,5.05,3.390541,1.104148,2.048389,0,3.951111,8.0611,35.582261,-1.236788,0.09215000,1.447656,0.032479,-0.024309,-0.037552,-0.735866,-3.081403,3.817269,1.316859,0.580993,1,1,1,1,52.3638,26.0928,8.9362,29.3867,12.0976,17.2891,1.77,0.142350,1243.52,1245.18,1248.33,1251.49,684.76,-3.864852,+,E200>E100>E50>E20,Btw_50-20,DOWN,0,-0.87253304,-0.73621389,-0.13631914,80.9333,56.8533,-62.4468,1253.51,1236.71,1245.11,16.80,9.481303,0.472268,-0.262932,0,3.068676,2.3638,22.436367,0.311325,-0.14945000,0.703355,-0.105080,-0.080686,-0.055624,-0.934477,-3.563711,4.498188,0.633336,-0.301141,1,1,1,1,48.3215,18.1062,-20.5797,22.7995,17.8665,4.9330,2.76,0.221851,1244.59,1248.34,1251.51,1251.56,691.89,-2.505701,+,E200>E100>E50>E20,Btw_50-20,DOWN,0,-1.51840131,-1.27178357,-0.24661775,24.0451,15.1517,-62.4757,1250.41,1237.49,1243.95,12.92,4.678959,0.553728,0.251390,0,0.843828,-1.6785,-8.144819,-1.129732,-0.56685000,0.493477,-0.124503,-0.103575,-0.036042,-1.359385,-1.166894,2.526279,0.020579,-1.338806,1,1,1,1,0.0000,0.0000,0.0000,0.0000,0.0000,0.0000,0.00,0.000000,0.00,0.00,0.00,0.00,0.00,0.000000,,,,,0,0.00000000,0.00000000,0.00000000,0.0000,0.0000,0.0000,0.00,0.00,0.00,0.00,0.000000,0.000000,0.000000,0,0.000000,0.0000,0.000000,0.000000,0.00000000,0.000000,0.000000,0.000000,0.000000,0.000000,0.000000,0.000000,0.000000,0.000000,0,0,0,0
76,38,0,1970.01.01 00:00:00,PROTOCOL_DISABLED,ACTUAL_PROFILE_D_EXECUTION,38,152,1,2014.02.04 01:05:00,BUY,PROFILE_D_FULL,0,1257.45,1257.45,300.00,1258.93,1257.21,1255.86,1253.10,1250.07,1257.80,0,1,2,2,Asia,0,EMA->TP1,1,0,1,0,1,1,2.09,1.80,0.00,307,1,0,1,2.09,1257.31,1256.71,1256.58,21.0991,21.8217,29.6428,22,17,3,5,14,19,2.800000,8.5437,3.867198,0.000000,3,4,1,0,5,48.1699,24.2251,29.5412,16.4409,20.2099,3.7690,0.19,0.014974,1257.12,1257.44,1257.66,1257.79,64.85,-3.444897,-,E200>E100>E50>E20,Btw_50-20,DOWN,0,-0.14907488,-0.16669768,0.01762280,85.2169,55.7909,-41.4508,1257.45,1256.67,1257.06,0.78,4.126512,0.601826,0.420186,0,1.436802,-1.8301,10.914567,0.759401,0.00915000,1.321053,-0.133785,-0.124388,-0.048246,-1.689925,-1.851662,3.541587,0.096690,-1.593234,1,1,1,1,43.2459,44.2401,-76.9992,7.7999,27.0133,19.2134,0.42,0.033111,1257.63,1257.81,1257.07,1254.39,275.62,6.621547,-,E50>E20>E100>E200,Btw_100-50,RANGE,1,-0.21206766,-0.06668074,-0.14538692,42.9750,37.4296,-81.9026,1259.66,1256.43,1258.05,3.23,7.750235,0.219175,-2.176456,0,-0.165041,-6.7541,5.558751,2.207457,-0.02450000,0.772622,-0.158438,-0.073442,0.067291,-0.434413,8.222619,8.222619,-1.166659,-1.601072,1,1,1,1,48.4495,19.4557,-88.6352,12.2695,25.3733,13.1038,0.84,0.067196,1257.75,1255.70,1252.47,1250.61,653.02,7.730319,-,E20>E50>E100>E200,Btw_50-20,UP,1,0.17410365,0.41202841,-0.23792476,12.2595,16.1215,-76.5485,1260.20,1255.45,1257.82,4.75,5.624230,0.356317,-0.808109,0,-2.027919,-1.5505,-41.441546,-0.012232,-0.08215000,0.672840,-0.063340,0.086757,0.082037,2.420717,6.027975,8.448691,-0.718373,1.702344,1,1,1,1,54.9728,16.7631,-79.5425,15.6876,15.8171,0.1296,1.71,0.136003,1256.55,1252.59,1250.70,1251.32,582.58,3.407385,-,E20>E50>E200>E100,Up_EMA200,RANGE,1,1.93677115,2.68514318,-0.74837203,21.1059,45.9008,-72.1253,1265.05,1252.31,1258.68,12.74,7.450853,0.378987,-0.901652,0,-0.537706,4.9728,-0.035213,-0.280233,-0.02950000,0.920582,0.087763,0.133571,0.038672,2.315386,0.743041,3.419539,0.348958,2.664344,1,1,1,1,58.4401,21.0680,18.0365,17.6600,15.4449,2.2151,2.12,0.168915,1253.91,1250.89,1251.42,1251.39,575.48,2.710060,+,E20>E100>E200>E50,Up_EMA200,RANGE,1,3.47474061,3.58182440,-0.10708379,45.5619,38.5753,-41.1225,1266.98,1237.90,1252.44,29.08,13.695624,0.661689,2.214434,0,-0.581066,8.4401,-11.692324,-2.313572,-0.49285000,0.462863,0.239841,0.145416,0.031320,1.422827,-0.235824,1.422827,1.523057,2.945883,1,1,1,1,0.0000,0.0000,0.0000,0.0000,0.0000,0.0000,0.00,0.000000,0.00,0.00,0.00,0.00,0.00,0.000000,,,,,0,0.00000000,0.00000000,0.00000000,0.0000,0.0000,0.0000,0.00,0.00,0.00,0.00,0.000000,0.000000,0.000000,0,0.000000,0.0000,0.000000,0.000000,0.00000000,0.000000,0.000000,0.000000,0.000000,0.000000,0.000000,0.000000,0.000000,0.000000,0,0,0,0
77,39,0,1970.01.01 00:00:00,PROTOCOL_DISABLED,ACTUAL_PROFILE_D_EXECUTION,39,154,1,2014.02.04 13:33:00,BUY,PROFILE_D_FULL,0,1250.28,1250.28,300.00,1252.56,1249.90,1247.81,1243.55,1238.87,1253.55,0,13,2,2,Overlap,3,TP2,1,0,1,0,1,2,4.07,5.61,0.00,63,0,1,0,-0.34,1249.48,1249.13,1249.06,14.3566,21.8672,30.9645,13,10,3,3,7,10,2.333333,16.6079,1.067174,0.000000,3,0,0,0,5,37.3330,36.1468,69.6706,16.3299,18.9326,2.6027,0.39,0.031560,1250.43,1251.75,1252.60,1253.52,353.20,-8.953157,-,E200>E100>E50>E20,Down_EMA20,DOWN,0,-0.85380585,-1.03541568,0.18160982,84.6021,66.0646,-34.2857,1252.57,1248.09,1250.33,4.48,11.353484,0.421946,-0.886185,0,2.372341,-12.6670,30.182579,-2.877731,-0.01270000,0.861354,-0.230649,-0.229054,-0.099300,-3.345060,-4.485990,7.831050,-1.122107,-4.467167,1,1,1,1,32.3595,31.1671,-134.5004,9.5479,28.9439,19.3960,1.55,0.124342,1252.50,1253.82,1255.00,1255.30,532.16,-3.423872,-,E200>E100>E50>E20,Down_EMA20,DOWN,0,-0.98559166,-0.39287038,-0.59272128,14.6198,12.0494,-85.6921,1255.99,1249.63,1252.81,6.36,4.090360,0.055741,-1.817179,0,-1.571504,-17.6405,-13.936391,2.340567,0.03315000,1.119373,-0.171490,-0.093899,-0.031229,-0.851486,-0.952209,1.803695,-1.620176,-2.471663,1,1,1,1,31.6485,33.3134,-260.1755,11.4609,25.2531,13.7921,2.39,0.191603,1253.78,1255.21,1254.48,1252.69,270.90,-1.131096,-,E50>E100>E20>E200,Down_EMA200,RANGE,0,-1.46968365,-1.13094861,-0.33873504,13.0248,29.4568,-85.6921,1257.90,1250.10,1254.00,7.81,3.259854,-0.014451,-1.677035,0,-0.910442,-18.3515,-35.298197,-1.380142,0.20235000,1.731430,-0.101278,-0.058034,-0.002320,-0.596182,1.051393,1.051393,-1.586306,-2.182488,1,1,1,1,36.0908,23.6604,-156.2194,11.2636,21.0599,9.7962,2.85,0.228123,1254.50,1254.26,1252.60,1252.28,229.48,-0.804778,-,E20>E50>E100>E200,Down_EMA200,UP,0,-1.32570966,-0.49889548,-0.82681417,19.4271,25.5864,-91.5596,1261.11,1249.92,1255.52,11.19,3.924558,0.005285,-1.941540,0,-1.787358,-13.9092,-8.623523,0.392344,0.06790000,1.135151,-0.123882,-0.036570,-0.001133,0.084490,0.693750,0.778240,-1.583018,-1.498528,1,1,1,1,40.9912,22.6956,-178.2879,11.2355,24.3738,13.1384,3.52,0.281324,1254.72,1252.65,1252.32,1251.88,189.38,-0.538542,-,E20>E50>E100>E200,Down_EMA200,UP,0,0.55355958,1.95476927,-1.40120968,16.8872,16.0122,-92.2552,1261.79,1251.79,1256.79,10.00,2.843456,-0.180852,-1.935973,0,-2.949841,-9.0088,-36.712261,0.656056,0.08800000,1.143020,-0.066047,0.004764,0.003491,0.588008,0.219238,0.807246,-1.345788,-0.757780,1,1,1,1,0.0000,0.0000,0.0000,0.0000,0.0000,0.0000,0.00,0.000000,0.00,0.00,0.00,0.00,0.00,0.000000,,,,,0,0.00000000,0.00000000,0.00000000,0.0000,0.0000,0.0000,0.00,0.00,0.00,0.00,0.000000,0.000000,0.000000,0,0.000000,0.0000,0.000000,0.000000,0.00000000,0.000000,0.000000,0.000000,0.000000,0.000000,0.000000,0.000000,0.000000,0.000000,0,0,0,0
78,39,0,1970.01.01 00:00:00,PROTOCOL_DISABLED,ACTUAL_PROFILE_D_EXECUTION,39,155,2,2014.02.04 13:51:27,BUY,LADDER,0,1247.74,1248.00,300.00,1252.56,1249.90,1247.81,1243.55,1238.87,1253.55,0,13,2,2,Overlap,3,TP2,1,0,1,0,1,2,4.07,5.61,0.00,63,0,1,0,4.41,1249.13,1249.06,1249.32,21.8672,30.9645,28.1604,28,21,6,7,15,22,2.142857,6.2932,0.182775,0.000000,6,0,0,0,5,27.6491,25.4675,-255.7047,15.0731,41.7446,26.6715,1.05,0.083775,1250.12,1250.97,1251.91,1252.99,559.73,-5.356264,-,E200>E100>E50>E20,Down_EMA20,DOWN,0,-0.42597596,-0.24831576,-0.17766020,16.4070,46.7798,-100.0000,1252.00,1248.63,1250.31,3.37,3.221528,-0.367430,-2.794450,0,-3.348862,-22.3509,-34.000843,0.282146,0.08630000,1.703341,-0.052137,-0.048929,-0.030567,-0.812520,-1.929907,2.742427,-2.613837,-3.426357,1,1,1,1,29.2597,30.2528,-116.5053,11.4895,31.5515,20.0620,1.85,0.148149,1251.58,1253.23,1254.60,1255.09,769.87,-4.165979,-,E200>E100>E50>E20,Down_EMA20,DOWN,0,-1.26342339,-0.81982398,-0.44359941,27.4629,39.0171,-100.0000,1256.26,1248.05,1252.15,8.21,4.444635,-0.079837,-2.577165,0,0.328145,-20.7403,15.021175,0.408605,0.04130000,1.125800,-0.128522,-0.081340,-0.028929,-0.893460,-1.006994,1.900454,-2.265525,-3.158985,1,1,1,1,25.7699,34.9585,-209.2047,9.9328,27.0930,17.1602,3.25,0.260483,1253.17,1254.90,1254.34,1252.64,524.64,-1.614665,-,E50>E100>E20>E200,Down_EMA200,RANGE,0,-1.79921028,-1.21773849,-0.58147179,5.3541,13.9845,-100.0000,1258.09,1248.92,1253.50,9.18,2.824865,-0.165966,-1.881265,0,-3.475964,-24.2301,-31.857390,-0.872082,0.36075000,2.247838,-0.106949,-0.057336,-0.005814,-0.533580,0.696162,0.696162,-1.777247,-2.310827,1,1,1,1,30.6517,24.9040,-179.2195,11.2636,26.0538,14.7902,3.60,0.288342,1254.25,1254.15,1252.55,1252.25,486.00,-1.351232,-,E20>E50>E100>E200,Down_EMA200,UP,0,-1.53239911,-0.52186098,-1.01053814,12.3231,23.2184,-100.0000,1261.58,1249.20,1255.39,12.38,3.442274,-0.145970,-2.223605,0,-2.875170,-19.3483,-13.223529,0.641053,0.21695000,1.431827,-0.111935,-0.034642,-0.002332,0.026626,0.528922,0.555549,-1.906781,-1.880154,1,1,1,1,37.1171,22.9827,-211.2764,11.2355,25.6318,14.3964,3.93,0.315398,1254.47,1252.55,1252.27,1251.85,445.90,-1.133380,-,E20>E50>E100>E200,Down_EMA200,UP,0,0.34687013,1.93180377,-1.58493365,12.3820,14.5104,-100.0000,1262.43,1250.89,1256.66,11.55,2.934683,-0.302830,-2.356053,0,-3.724662,-12.8829,-43.309958,0.713476,0.17155000,1.278807,-0.071578,-0.000907,0.001810,0.488677,0.176685,0.665362,-1.798742,-1.310065,1,1,1,1,0.0000,0.0000,0.0000,0.0000,0.0000,0.0000,0.00,0.000000,0.00,0.00,0.00,0.00,0.00,0.000000,,,,,0,0.00000000,0.00000000,0.00000000,0.0000,0.0000,0.0000,0.00,0.00,0.00,0.00,0.000000,0.000000,0.000000,0,0.000000,0.0000,0.000000,0.000000,0.00000000,0.000000,0.000000,0.000000,0.000000,0.000000,0.000000,0.000000,0.000000,0.000000,0,0,0,0
79,40,0,1970.01.01 00:00:00,PROTOCOL_DISABLED,ACTUAL_PROFILE_D_EXECUTION,40,158,1,2014.02.05 13:03:00,BUY,PROFILE_D_FULL,0,1258.91,1258.91,300.00,1261.00,1258.56,1256.65,1252.74,1248.45,1257.90,0,13,3,2,Overlap,3,EMA->TP1,1,0,1,0,1,1,2.20,0.51,0.00,3,1,0,1,2.20,1258.48,1258.47,1258.12,28.0739,28.5432,28.6549,19,14,3,5,11,16,2.200000,0.5810,1.054466,0.000000,3,5,4,1,5,49.1751,16.2277,49.3736,14.8238,14.9705,0.1467,0.34,0.027352,1258.60,1258.67,1258.44,1257.91,70.66,2.052457,-,E50>E20>E100>E200,Btw_50-20,RANGE,1,-0.10963518,-0.12721239,0.01757720,57.3737,33.5302,-52.9020,1258.88,1258.24,1258.56,0.64,1.869053,0.578953,0.147567,1,1.490852,-0.8249,19.193368,-0.959814,-0.00555000,0.925403,-0.058148,-0.030611,0.015280,-0.198126,2.204194,2.204194,0.046389,-0.151737,1,1,1,1,53.6166,30.9413,-85.8289,16.3898,10.4858,5.9040,0.59,0.046639,1258.45,1257.68,1256.71,1255.70,291.77,4.970475,+,E20>E50>E100>E200,Up_EMA20,UP,1,0.32825525,0.48045322,-0.15219797,17.2261,13.4926,-68.5888,1259.62,1257.50,1258.56,2.12,3.612018,0.527709,0.100085,0,-1.535905,3.6166,-40.917912,-2.152930,-0.06040000,0.660292,0.016180,0.064280,0.049550,1.321194,3.377665,4.698859,0.271616,1.592810,1,1,1,1,62.1952,37.0994,53.5631,19.2612,9.1246,10.1366,1.04,0.082988,1257.59,1256.21,1255.22,1253.96,465.05,4.452399,+,E20>E50>E100>E200,Up_EMA20,UP,1,0.91506384,0.89334252,0.02172132,35.9776,57.7962,-36.2567,1259.54,1255.66,1257.60,3.88,3.710365,0.761091,0.968741,0,-1.280829,12.1952,-16.878485,2.208396,0.01550000,1.080145,0.146895,0.109795,0.047593,1.321575,2.148451,3.470026,0.982372,2.303947,1,1,1,1,62.2480,46.2836,88.6175,26.7057,8.3115,18.3942,1.36,0.107817,1256.70,1255.29,1254.00,1253.14,546.96,4.030630,+,E20>E50>E100>E200,Up_EMA20,UP,1,1.21193958,0.96632796,0.24561162,68.3954,78.3143,-23.3110,1259.87,1252.46,1256.17,7.42,5.464787,0.830218,1.804569,0,0.432865,12.2480,-0.497618,1.382574,-0.06425000,0.808580,0.174170,0.104825,0.040412,1.038951,1.581211,2.620162,1.410468,2.449419,1,1,1,1,63.6523,46.2457,115.2096,25.4154,4.3530,21.0624,1.70,0.135188,1255.72,1254.08,1253.21,1252.43,618.01,3.632138,+,E20>E50>E100>E200,Up_EMA20,UP,1,1.19439522,0.61839623,0.57599899,77.1113,79.2694,-18.6341,1259.10,1250.95,1255.02,8.15,4.789014,0.940915,2.111549,0,1.146351,13.6523,-13.422565,3.843136,0.00350000,1.010392,0.176293,0.101617,0.033300,0.964645,0.966860,1.931506,1.700632,2.665278,1,1,1,1,0.0000,0.0000,0.0000,0.0000,0.0000,0.0000,0.00,0.000000,0.00,0.00,0.00,0.00,0.00,0.000000,,,,,0,0.00000000,0.00000000,0.00000000,0.0000,0.0000,0.0000,0.00,0.00,0.00,0.00,0.000000,0.000000,0.000000,0,0.000000,0.0000,0.000000,0.000000,0.00000000,0.000000,0.000000,0.000000,0.000000,0.000000,0.000000,0.000000,0.000000,0.000000,0,0,0,0
80,41,0,1970.01.01 00:00:00,PROTOCOL_DISABLED,ACTUAL_PROFILE_D_EXECUTION,41,160,1,2014.02.06 20:13:07,BUY,PROFILE_D_FULL,0,1257.86,1257.86,300.00,1258.63,1257.73,1257.03,1255.60,1254.02,1257.18,0,20,4,2,NewYork,2,EMA->TP2,1,0,1,0,1,2,2.10,1.98,0.00,20,0,1,1,0.37,1257.23,1257.14,1257.04,39.7336,47.8086,55.9900,22,16,7,6,9,15,1.500000,16.2565,1.700224,0.000000,7,4,5,0,5,54.7589,50.1076,118.2260,23.4123,4.0928,19.3195,0.11,0.008886,1257.41,1257.37,1257.27,1257.18,35.55,3.180880,+,E20>E50>E100>E200,Up_EMA20,UP,1,0.01620740,-0.01849676,0.03470417,72.2575,73.8029,-17.6962,1257.67,1257.08,1257.37,0.59,5.280432,0.776569,1.460403,0,1.694097,4.7589,26.641486,2.700307,-0.04060000,0.355044,0.086279,0.040233,0.026904,0.283484,1.734992,2.018476,1.162403,1.445888,1,1,1,1,56.6517,28.0744,58.2532,20.3482,10.7257,9.6224,0.41,0.032782,1257.28,1257.22,1257.59,1257.87,33.83,-0.820573,+,E200>E100>E20>E50,Btw_100-50,RANGE,0,0.14944128,0.16611856,-0.01667729,29.4554,21.3236,-51.5016,1257.77,1256.80,1257.29,0.97,2.351765,0.754251,0.597938,0,0.351496,6.6517,-12.449096,-0.449908,-0.03445000,0.705304,0.038925,0.019498,-0.011715,0.146432,-1.580316,1.580316,0.613311,0.759743,1,1,1,1,50.4714,43.1852,88.8816,18.0336,4.9223,13.1113,0.84,0.066658,1257.31,1257.79,1257.79,1256.91,62.70,0.747964,+,E50>E100>E20>E200,Btw_50-20,RANGE,1,-0.22339084,-0.45296686,0.22957602,55.9885,59.2085,-29.5346,1258.46,1254.78,1256.62,3.68,4.387540,0.749833,1.096153,0,0.722136,0.4714,4.382162,3.409053,-0.02905000,0.852313,0.016808,-0.020314,0.006040,-0.573616,1.055424,1.055424,0.266156,-0.307460,1,1,1,1,48.8770,34.1393,15.3772,18.2414,6.7624,11.4791,0.89,0.070912,1257.66,1257.78,1256.93,1255.47,206.92,2.320434,+,E50>E20>E100>E200,Btw_100-50,RANGE,1,-0.37516897,-0.44480848,0.06963951,62.5246,65.6328,-65.9862,1263.08,1253.57,1258.32,9.51,10.665833,0.417445,-0.880516,0,0.168224,-1.1230,11.439151,2.491954,-0.22720000,0.439773,-0.058855,-0.026718,0.020260,-0.127599,2.590446,2.590446,-0.142412,-0.270012,1,1,1,1,49.5216,35.0325,-35.2694,18.6439,7.6940,10.9498,1.38,0.109719,1257.79,1256.88,1255.44,1253.93,361.01,2.616465,+,E20>E50>E100>E200,Btw_50-20,UP,1,0.00523917,0.44115768,-0.43591850,63.2868,47.5028,-65.9862,1261.95,1253.87,1257.91,8.08,5.856362,0.453628,-0.271571,0,1.564961,-0.4784,19.168380,0.160245,-1.01795000,0.213270,-0.058124,0.008761,0.023866,0.663717,2.138930,2.802646,-0.186182,0.477535,1,1,1,1,0.0000,0.0000,0.0000,0.0000,0.0000,0.0000,0.00,0.000000,0.00,0.00,0.00,0.00,0.00,0.000000,,,,,0,0.00000000,0.00000000,0.00000000,0.0000,0.0000,0.0000,0.00,0.00,0.00,0.00,0.000000,0.000000,0.000000,0,0.000000,0.0000,0.000000,0.000000,0.00000000,0.000000,0.000000,0.000000,0.000000,0.000000,0.000000,0.000000,0.000000,0.000000,0,0,0,0
81,41,0,1970.01.01 00:00:00,PROTOCOL_DISABLED,ACTUAL_PROFILE_D_EXECUTION,41,161,2,2014.02.06 20:16:24,BUY,LADDER,0,1257.36,1257.09,300.00,1258.63,1257.73,1257.03,1255.60,1254.02,1257.18,0,20,4,2,NewYork,2,EMA->TP2,1,0,1,0,1,2,2.10,1.98,0.00,20,0,1,1,1.73,1257.14,1257.04,1257.34,47.8086,55.9900,66.8092,19,10,3,9,7,16,0.777778,19.0006,0.880613,0.000000,3,3,3,0,5,38.1466,37.7499,-157.4032,20.2479,29.3911,9.1432,0.23,0.018158,1257.37,1257.36,1257.27,1257.18,18.69,-0.818814,-,E20>E50>E100>E200,Down_EMA200,UP,0,-0.01816792,-0.00520259,-0.01296533,15.9292,43.1441,-100.0000,1257.61,1257.05,1257.33,0.56,2.453810,-0.097234,-1.465498,0,-2.773543,-11.8534,-58.860729,-1.137333,0.01495000,1.486971,-0.002829,0.003596,0.009287,0.037819,0.792675,0.830494,-1.649308,-1.611489,1,1,1,1,46.1264,25.1068,-73.5679,16.7050,19.5933,2.8883,0.38,0.030251,1257.25,1257.21,1257.58,1257.86,86.76,-2.281725,-,E200>E100>E20>E50,Down_EMA200,RANGE,0,0.10248888,0.16086790,-0.05837903,26.9299,23.7642,-85.9425,1257.75,1256.78,1257.26,0.97,2.560794,0.227289,-0.698356,0,-2.054728,-3.8736,-23.256539,-0.758696,-0.03785000,0.667691,0.009076,0.008216,-0.015658,0.098381,-1.720517,1.720517,-0.659590,-0.561209,1,1,1,1,46.9312,43.6938,8.3073,15.6291,5.6350,9.9941,0.75,0.059388,1257.27,1257.76,1257.77,1256.91,8.80,0.117926,+,E100>E50>E20>E200,Btw_200-100,RANGE,1,-0.23065140,-0.40292126,0.17226986,31.3808,48.9179,-54.0378,1258.47,1254.87,1256.67,3.60,4.817340,0.590333,0.435164,0,0.014089,-3.0688,-9.784585,3.261170,-0.02260000,0.868528,0.016309,-0.022287,0.006614,-0.648670,1.138612,1.150337,-0.372016,-1.020686,1,1,1,1,46.6935,33.5407,4.6827,18.2414,7.5561,10.6853,0.90,0.071858,1257.61,1257.76,1256.92,1255.46,153.56,1.700094,+,E50>E20>E100>E200,Btw_100-50,RANGE,1,-0.41816612,-0.44958594,0.03141982,53.6885,62.6874,-69.8200,1263.07,1253.52,1258.29,9.56,10.582169,0.364281,-1.436203,0,-0.268473,-3.3065,9.300261,2.372238,-0.22490000,0.445444,-0.069472,-0.031058,0.018814,-0.159405,2.540001,2.540001,-0.680501,-0.839907,1,1,1,1,47.8978,35.0325,-41.9186,18.6439,7.6940,10.9498,1.39,0.110680,1257.74,1256.86,1255.43,1253.92,307.64,2.211271,+,E20>E50>E100>E200,Btw_50-20,UP,1,-0.03775798,0.43638021,-0.47413819,60.5529,46.5915,-69.8200,1261.94,1253.83,1257.88,8.11,5.832096,0.390712,-0.637376,0,1.240201,-2.1022,17.838544,0.160245,-1.01565000,0.215048,-0.065023,0.005650,0.022897,0.636526,2.109912,2.746438,-0.535167,0.101359,1,1,1,1,0.0000,0.0000,0.0000,0.0000,0.0000,0.0000,0.00,0.000000,0.00,0.00,0.00,0.00,0.00,0.000000,,,,,0,0.00000000,0.00000000,0.00000000,0.0000,0.0000,0.0000,0.00,0.00,0.00,0.00,0.000000,0.000000,0.000000,0,0.000000,0.0000,0.000000,0.000000,0.00000000,0.000000,0.000000,0.000000,0.000000,0.000000,0.000000,0.000000,0.000000,0.000000,0,0,0,0
82,42,0,1970.01.01 00:00:00,PROTOCOL_DISABLED,ACTUAL_PROFILE_D_EXECUTION,42,164,1,2014.02.10 07:43:03,BUY,PROFILE_D_FULL,0,1272.37,1272.37,300.00,1274.34,1272.04,1270.24,1266.56,1262.51,1271.06,0,7,1,2,London,1,EMA->TP1,1,0,1,0,1,1,2.00,1.76,0.00,73,1,0,1,2.00,1272.19,1272.01,1271.55,32.3450,32.5077,34.3459,19,11,3,8,8,16,1.000000,2.0009,2.397749,0.000000,3,5,4,0,5,44.4932,24.6193,8.8871,25.2414,22.2110,3.0305,0.27,0.020948,1272.30,1272.43,1272.00,1271.07,112.42,4.218393,+,E50>E20>E100>E200,Btw_100-50,RANGE,1,-0.18827970,-0.21504987,0.02677017,62.4917,54.2774,-56.4189,1272.97,1271.66,1272.32,1.31,4.915132,0.404610,-0.468856,0,1.152761,-5.5068,18.139753,-2.401137,0.00300000,1.059642,-0.086902,-0.051962,0.040252,-0.483520,5.108972,5.108972,-0.407059,-0.890579,1,1,1,1,54.1646,24.2545,-117.9584,14.2193,22.4312,8.2119,0.80,0.062569,1272.06,1270.76,1269.33,1267.22,497.64,6.251814,-,E20>E50>E100>E200,Up_EMA20,UP,1,0.65800517,0.92206544,-0.26406027,21.2263,25.2497,-72.3295,1273.73,1271.22,1272.48,2.51,3.149144,0.385927,-0.359234,0,-2.736451,4.1646,-44.031810,-2.648899,0.02890000,1.221796,0.045564,0.088686,0.066299,1.632691,4.453515,6.086207,0.165607,1.798298,1,1,1,1,65.6188,33.6121,56.8734,23.6774,15.3715,8.3058,1.34,0.105605,1270.58,1268.25,1265.72,1262.80,938.76,6.987417,+,E20>E50>E100>E200,Up_EMA20,UP,1,1.43628583,1.11246706,0.32381877,62.8989,68.6216,-37.9037,1273.87,1266.64,1270.26,7.23,5.380917,0.767724,1.440603,0,-1.437911,15.6188,-29.335039,1.332829,-0.17235000,0.609228,0.212450,0.149486,0.076245,1.731065,4.056214,5.787280,1.200138,2.931203,1,1,1,1,67.9972,29.2608,106.5655,22.6827,15.9476,6.7352,2.55,0.200147,1269.10,1265.84,1262.90,1259.75,1244.22,4.886464,+,E20>E50>E100>E200,Up_EMA20,UP,1,2.08417519,1.79376507,0.29041013,69.0581,68.3261,-25.5870,1273.17,1264.79,1268.98,8.38,3.290165,0.883434,1.261561,0,1.580776,17.9972,14.947261,-0.114984,0.37940000,3.921833,0.150207,0.106828,0.049130,1.281171,2.392532,3.673703,1.212761,2.493932,1,1,1,1,69.8919,68.3771,154.9193,36.0748,5.7171,30.3577,2.35,0.184642,1266.81,1262.97,1259.79,1256.78,1541.44,6.562118,+,E20>E50>E100>E200,Up_EMA20,UP,1,2.83707782,2.34404800,0.49302982,73.6486,75.7194,-18.5050,1273.64,1258.24,1265.94,15.40,6.554557,0.906111,2.661877,0,0.635575,19.8919,8.812415,0.362745,-0.09455000,0.832462,0.209607,0.141329,0.059452,1.634116,2.634948,4.269064,2.293054,3.927170,1,1,1,1,0.0000,0.0000,0.0000,0.0000,0.0000,0.0000,0.00,0.000000,0.00,0.00,0.00,0.00,0.00,0.000000,,,,,0,0.00000000,0.00000000,0.00000000,0.0000,0.0000,0.0000,0.00,0.00,0.00,0.00,0.000000,0.000000,0.000000,0,0.000000,0.0000,0.000000,0.000000,0.00000000,0.000000,0.000000,0.000000,0.000000,0.000000,0.000000,0.000000,0.000000,0.000000,0,0,0,0
83,43,0,1970.01.01 00:00:00,PROTOCOL_DISABLED,ACTUAL_PROFILE_D_EXECUTION,43,166,1,2014.02.11 12:44:00,BUY,PROFILE_D_FULL,0,1284.54,1284.54,300.00,1285.65,1284.36,1283.34,1281.27,1279.00,1284.10,0,12,2,2,Overlap,3,EMA->TP1,1,0,1,0,1,1,2.11,0.70,0.00,6,1,0,1,2.11,1284.16,1283.83,1283.73,34.5747,43.6371,46.6055,33,8,5,25,3,28,0.120000,12.0308,2.572714,0.000000,5,5,5,0,5,50.3346,16.0381,18.3549,14.9563,11.4180,3.5383,0.17,0.012985,1284.13,1284.24,1284.22,1284.10,7.88,0.472561,+,E50>E100>E20>E200,Btw_50-20,RANGE,1,-0.05586951,-0.06791978,0.01205026,67.9379,54.8589,-48.8453,1284.47,1283.75,1284.11,0.72,4.298604,0.591310,0.392504,0,0.722314,0.3346,20.466756,-0.853546,-0.05035000,0.398447,-0.045531,-0.046025,-0.002233,-0.648756,0.841045,0.841045,0.280272,-0.368485,1,1,1,1,49.8849,30.9346,-75.6140,14.9067,13.6618,1.2449,0.69,0.053634,1284.24,1284.04,1283.44,1281.42,275.44,3.999079,+,E20>E50>E100>E200,Btw_50-20,UP,1,0.08726115,0.18659365,-0.09933251,56.6766,46.8203,-63.7590,1285.06,1283.64,1284.35,1.42,2.066099,0.376109,-0.255971,0,-1.128870,-0.1151,-27.189179,-5.033437,-0.00060000,0.995663,-0.026065,0.002834,0.039576,0.283636,3.805581,4.089217,-0.090138,0.193498,1,1,1,1,52.7575,20.1213,17.5492,17.3205,12.9177,4.4028,1.22,0.094964,1284.00,1282.52,1279.38,1274.24,993.57,8.147357,+,E20>E50>E100>E200,Up_EMA20,UP,1,0.35810110,0.37483772,-0.01673662,42.4320,53.0321,-41.4604,1285.59,1282.43,1284.01,3.16,2.595140,0.552547,0.136367,0,-0.417907,2.7575,-2.414251,0.611404,-0.03465000,0.875606,0.038442,0.067087,0.085193,1.211460,6.789757,8.001217,0.146140,1.357600,1,1,1,1,57.1064,18.4640,12.2844,16.0443,12.8650,3.1793,1.53,0.119240,1283.22,1279.53,1274.39,1268.12,1605.27,10.483414,+,E20>E50>E100>E200,Up_EMA20,UP,1,1.42019911,1.76653794,-0.34633883,62.7478,65.0228,-43.0953,1285.46,1282.39,1283.93,3.07,2.008023,0.581664,0.163984,0,0.287830,7.1064,23.782428,-0.509069,-0.15720000,0.660805,0.093029,0.138487,0.108449,2.408177,7.447852,9.856029,0.627385,3.035562,1,1,1,1,64.6573,33.0571,46.1641,16.7846,7.5865,9.1981,2.29,0.178538,1281.01,1274.57,1268.25,1262.24,2193.25,9.566012,+,E20>E50>E100>E200,Up_EMA20,UP,1,3.48243291,3.86231545,-0.37988254,62.0909,57.3627,-23.7546,1289.69,1271.75,1280.72,17.94,7.824384,0.692616,1.507098,0,-1.170907,14.6573,-5.956023,-0.862011,-0.09070000,0.834866,0.184960,0.187368,0.098519,2.806819,5.376624,8.183443,1.382569,4.189388,1,1,1,1,0.0000,0.0000,0.0000,0.0000,0.0000,0.0000,0.00,0.000000,0.00,0.00,0.00,0.00,0.00,0.000000,,,,,0,0.00000000,0.00000000,0.00000000,0.0000,0.0000,0.0000,0.00,0.00,0.00,0.00,0.000000,0.000000,0.000000,0,0.000000,0.0000,0.000000,0.000000,0.00000000,0.000000,0.000000,0.000000,0.000000,0.000000,0.000000,0.000000,0.000000,0.000000,0,0,0,0
84,44,0,1970.01.01 00:00:00,PROTOCOL_DISABLED,ACTUAL_PROFILE_D_EXECUTION,44,168,1,2014.02.11 20:48:00,BUY,PROFILE_D_FULL,0,1291.14,1291.14,300.00,1293.55,1290.74,1288.53,1284.03,1279.08,1290.22,0,20,2,2,NewYork,2,EMA->TP3,1,0,1,0,1,3,2.69,25.61,0.01,925,0,0,1,-3.58,1290.11,1290.10,1290.00,23.6040,29.5988,40.6014,19,8,3,11,5,16,0.454545,16.9974,0.278755,0.000000,3,5,3,0,5,53.6126,30.5901,107.3705,36.5976,11.1271,25.4705,0.37,0.028625,1290.58,1290.80,1290.75,1290.23,61.18,1.655713,+,E50>E100>E20>E200,Up_EMA200,RANGE,1,-0.11911075,-0.20007460,0.08096384,76.2357,53.6154,-2.7778,1290.95,1289.97,1290.46,0.98,2.655614,0.890115,1.035995,0,1.865035,3.6126,26.034143,0.509401,0.01880000,1.341198,-0.010578,-0.031500,0.008390,-0.592419,1.547175,1.547175,0.700957,0.108538,1,1,1,1,51.8567,25.0378,-89.4609,12.6220,22.0599,9.4379,0.63,0.048747,1290.81,1289.94,1288.29,1285.74,510.09,8.106379,-,E20>E50>E100>E200,Up_EMA20,UP,1,0.19087554,0.39633482,-0.20545928,43.4204,30.4498,-62.5000,1292.42,1289.55,1290.99,2.87,4.558135,0.449149,-0.231784,0,-0.527929,1.8567,-20.577900,-0.720518,0.01595000,1.145132,-0.046796,0.044443,0.078515,1.392687,6.668016,8.060703,0.045676,1.438363,1,1,1,1,58.2512,18.4705,16.8062,13.2966,15.5130,2.2164,0.99,0.076404,1289.66,1287.06,1283.63,1278.08,1276.39,12.941896,-,E20>E50>E100>E200,Up_EMA20,UP,1,1.37750348,1.58552371,-0.20802023,32.1088,49.0640,-35.8974,1291.92,1288.77,1290.34,3.15,3.189048,0.658257,0.504689,0,-1.231573,8.2512,-21.056356,-0.874351,-0.07540000,0.723455,0.171956,0.176874,0.134569,2.633732,9.110253,11.743985,1.197911,3.831642,1,1,1,1,61.4313,31.7037,53.0506,18.9083,11.6571,7.2512,1.71,0.132491,1287.87,1283.71,1278.15,1271.06,1977.89,11.564895,+,E20>E50>E100>E200,Up_EMA20,UP,1,2.25462276,2.13894548,0.11567728,66.3333,60.1038,-17.6762,1294.60,1279.74,1287.17,14.87,8.691927,0.747078,2.147581,0,-0.141482,11.4313,-3.983529,-1.336841,-0.24260000,0.585051,0.203248,0.176183,0.116538,2.429885,7.395283,9.825168,1.739727,4.169612,1,1,1,1,64.3846,35.6803,98.4219,21.0923,8.9187,12.1736,2.49,0.193072,1285.46,1278.45,1271.26,1264.27,2657.58,10.663367,+,E20>E50>E100>E200,Up_EMA20,UP,1,3.89489137,3.50497572,0.38991564,75.4076,78.0164,-16.8928,1292.74,1279.08,1285.91,13.66,5.482151,0.861058,1.979376,0,-0.292704,14.3846,-18.758362,0.909688,-1.15410000,0.301625,0.275491,0.218023,0.108785,2.811605,5.690462,8.502068,2.161300,4.972905,1,1,1,1,0.0000,0.0000,0.0000,0.0000,0.0000,0.0000,0.00,0.000000,0.00,0.00,0.00,0.00,0.00,0.000000,,,,,0,0.00000000,0.00000000,0.00000000,0.0000,0.0000,0.0000,0.00,0.00,0.00,0.00,0.000000,0.000000,0.000000,0,0.000000,0.0000,0.000000,0.000000,0.00000000,0.000000,0.000000,0.000000,0.000000,0.000000,0.000000,0.000000,0.000000,0.000000,0,0,0,0
85,44,0,1970.01.01 00:00:00,PROTOCOL_DISABLED,ACTUAL_PROFILE_D_EXECUTION,44,169,2,2014.02.11 23:34:37,BUY,LADDER,0,1289.06,1288.73,300.00,1293.55,1290.74,1288.53,1284.03,1279.08,1290.22,0,23,2,2,Asia,0,EMA->TP3,1,0,1,0,1,3,2.69,25.61,0.01,925,0,0,1,-2.99,1289.94,1290.30,1290.19,29.2436,42.9309,25.5944,29,19,7,10,12,22,1.200000,3.6492,0.642447,0.000000,7,4,1,0,5,18.1401,38.0111,-170.2242,9.1689,47.3423,38.1734,0.39,0.030437,1289.97,1290.41,1290.61,1290.51,178.69,-4.555515,-,E100>E200>E50>E20,Down_EMA200,RANGE,0,-0.39292429,-0.19868523,-0.19423906,2.0423,2.1165,-100.0000,1291.23,1289.04,1290.13,2.18,5.567083,-0.144162,-3.586106,0,-4.922061,-31.8599,-18.744243,3.191052,0.05400000,3.208589,-0.247395,-0.129989,-0.032404,-1.117785,-0.269163,1.633552,-3.168567,-4.286352,1,1,1,1,30.5477,26.6231,-177.9317,15.3054,31.8184,16.5130,0.64,0.049293,1290.57,1290.34,1289.10,1286.68,205.28,3.231447,-,E20>E50>E100>E200,Btw_200-100,UP,1,-0.20290797,0.06190804,-0.26481601,29.3370,40.3183,-100.0000,1292.11,1289.29,1290.70,2.83,4.452164,-0.197537,-3.105549,0,-2.646508,-19.4523,-19.880602,-0.957841,-0.03445000,0.786687,-0.114166,-0.019612,0.054901,0.368731,5.764598,6.133329,-2.901882,-2.533151,1,1,1,1,46.3663,21.2067,-170.9845,12.5119,28.2287,15.7167,1.14,0.088362,1289.99,1287.87,1284.51,1278.91,981.83,8.622016,-,E20>E50>E100>E200,Btw_50-20,UP,1,0.71433153,1.12929855,-0.41496702,17.0856,41.6582,-100.0000,1292.16,1288.70,1290.43,3.45,3.031625,0.007222,-1.493919,0,-2.165538,-3.6337,-38.487779,0.445565,0.05995000,1.357271,0.039637,0.099271,0.104037,1.861607,7.866883,9.728490,-1.106473,0.755133,1,1,1,1,53.4508,24.5763,-118.6254,19.4888,25.0776,5.5888,1.37,0.106578,1288.56,1284.64,1279.06,1271.81,1692.19,12.320242,-,E20>E50>E100>E200,Up_EMA20,UP,1,1.80710686,2.14305942,-0.33595256,27.4071,40.8762,-80.4214,1295.49,1280.82,1288.15,14.68,10.684468,0.539093,0.417692,0,-1.283758,3.4508,-35.604823,-1.671036,-0.06500000,0.808655,0.147033,0.177849,0.137138,2.855444,9.344802,12.200246,0.119995,2.975439,1,1,1,1,58.3685,31.5861,48.6076,15.8427,13.2413,2.6014,2.53,0.196259,1286.19,1279.30,1271.97,1264.77,2396.17,9.473854,+,E20>E50>E100>E200,Up_EMA20,UP,1,3.58804002,3.55782059,0.03021943,40.3348,61.3884,-28.7967,1293.40,1279.39,1286.39,14.01,5.538411,0.666626,0.922843,0,-1.307419,8.3685,-23.851977,-0.742034,-0.77350000,0.395396,0.209329,0.192765,0.103629,2.725316,5.746094,8.471410,1.002444,3.727760,1,1,1,1,0.0000,0.0000,0.0000,0.0000,0.0000,0.0000,0.00,0.000000,0.00,0.00,0.00,0.00,0.00,0.000000,,,,,0,0.00000000,0.00000000,0.00000000,0.0000,0.0000,0.0000,0.00,0.00,0.00,0.00,0.000000,0.000000,0.000000,0,0.000000,0.0000,0.000000,0.000000,0.00000000,0.000000,0.000000,0.000000,0.000000,0.000000,0.000000,0.000000,0.000000,0.000000,0,0,0,0
86,44,0,1970.01.01 00:00:00,PROTOCOL_DISABLED,ACTUAL_PROFILE_D_EXECUTION,44,170,3,2014.02.12 00:20:28,BUY,LADDER,0,1285.46,1285.11,300.00,1293.55,1290.74,1288.53,1284.03,1279.08,1290.22,0,0,3,2,Asia,0,EMA->TP3,1,0,1,0,1,3,2.69,25.61,0.01,925,0,0,1,9.26,1287.59,1285.74,1285.16,13.0808,36.0871,28.0019,28,10,5,18,5,23,0.277778,14.9211,10.909091,0.000000,5,3,0,0,5,27.6971,36.9943,-117.2261,8.4488,29.2649,20.8162,0.22,0.017333,1286.00,1287.16,1288.33,1289.21,411.09,-18.455016,-,E200>E100>E50>E20,Down_EMA20,DOWN,0,-0.59812346,-0.57171826,-0.02640520,13.0417,19.3105,-100.0000,1286.80,1285.06,1285.93,1.73,7.784305,0.019566,-3.739843,0,0.191622,-22.3029,32.598393,1.111049,-0.04355000,0.505675,-0.396659,-0.362619,-0.178050,-5.195293,-9.205979,14.401273,-4.053743,-9.249036,1,1,1,1,14.8606,62.4753,-117.7808,3.6590,49.4762,45.8172,0.51,0.039491,1287.94,1289.11,1288.66,1286.68,158.26,-3.118514,-,E50>E100>E20>E200,Down_EMA200,RANGE,0,-1.39452225,-0.95017757,-0.44434468,1.3370,2.1543,-100.0000,1292.97,1284.34,1288.66,8.62,16.991177,0.087239,-7.013300,0,-1.184917,-35.1394,2.959104,4.058951,-0.03765000,0.729429,-0.596658,-0.301597,-0.020322,-2.294504,4.788779,4.788779,-5.612789,-7.907294,1,1,1,1,34.4705,36.1964,-180.3685,8.1448,48.9734,40.8286,1.42,0.110109,1288.86,1287.62,1284.58,1279.11,598.74,4.231373,-,E20>E50>E100>E200,Btw_100-50,UP,1,-0.31594936,0.68238504,-0.99833440,0.6675,2.5475,-100.0000,1293.61,1286.04,1289.83,7.57,5.352317,-0.124828,-3.344276,0,-3.834365,-15.5295,-28.188661,3.336085,0.08485000,1.428211,-0.175407,-0.016313,0.058417,0.878008,6.012252,6.890260,-2.658886,-1.780879,1,1,1,1,43.7897,26.7727,-292.2629,16.8903,36.3011,19.4108,2.02,0.157381,1288.07,1284.59,1279.14,1271.92,1317.63,6.514859,-,E20>E50>E100>E200,Btw_50-20,UP,1,1.19918387,2.01651335,-0.81732948,5.1552,25.3275,-100.0000,1295.41,1280.73,1288.07,14.67,7.255870,0.297370,-1.470260,0,-3.118734,-6.2103,-67.883505,-0.942620,0.05595000,1.160522,0.028407,0.090128,0.085575,1.721594,6.263484,7.985078,-1.470219,0.251376,1,1,1,1,51.3972,31.0323,-32.5056,13.7303,26.7939,13.0636,2.66,0.206619,1285.92,1279.46,1272.20,1264.95,2014.61,7.587288,-,E20>E50>E100>E200,Btw_50-20,UP,1,2.95372147,3.55465413,-0.60093265,17.5954,40.8904,-49.2483,1293.21,1279.54,1286.38,13.67,5.149537,0.406416,-0.481913,0,-2.607550,1.3972,-29.326581,-0.605947,-0.54365000,0.494138,0.134765,0.157309,0.092840,2.436409,5.462968,7.899377,-0.312088,2.124320,1,1,1,1,0.0000,0.0000,0.0000,0.0000,0.0000,0.0000,0.00,0.000000,0.00,0.00,0.00,0.00,0.00,0.000000,,,,,0,0.00000000,0.00000000,0.00000000,0.0000,0.0000,0.0000,0.00,0.00,0.00,0.00,0.000000,0.000000,0.000000,0,0.000000,0.0000,0.000000,0.000000,0.00000000,0.000000,0.000000,0.000000,0.000000,0.000000,0.000000,0.000000,0.000000,0.000000,0,0,0,0
87,45,0,1970.01.01 00:00:00,PROTOCOL_DISABLED,ACTUAL_PROFILE_D_EXECUTION,45,174,1,2014.02.13 08:04:00,BUY,PROFILE_D_FULL,0,1288.16,1288.16,300.00,1289.95,1287.86,1286.23,1282.89,1279.22,1289.31,0,8,4,2,London,1,TP2,1,0,1,0,1,2,2.20,2.96,0.00,46,0,1,0,-0.29,1288.14,1288.03,1287.53,18.3895,27.2717,33.0913,28,17,3,11,14,25,1.272727,14.7018,3.635821,0.000000,3,3,1,0,5,38.8920,16.4054,-82.5139,24.0089,21.0373,2.9716,0.17,0.013006,1288.26,1288.60,1288.90,1289.29,141.93,-8.473288,+,E200>E100>E50>E20,Down_EMA20,DOWN,0,-0.22918801,-0.14326446,-0.08592355,33.5593,25.0391,-74.8148,1289.05,1287.54,1288.30,1.51,9.042354,0.219727,-2.534328,0,-1.036405,-11.1080,-15.049391,-1.127302,-0.02450000,0.577586,-0.353806,-0.213630,-0.092070,-2.052759,-4.130792,6.183551,-2.289737,-4.342496,1,1,1,1,33.6572,25.1817,-150.8705,14.4531,34.6154,20.1622,0.69,0.053577,1288.92,1289.49,1290.12,1290.32,244.29,-3.540463,-,E200>E100>E50>E20,Down_EMA20,DOWN,0,-0.35066784,-0.22145153,-0.12921630,38.6010,37.9197,-85.6902,1290.14,1288.06,1289.10,2.08,3.020140,-0.088489,-1.777319,0,-0.258079,-16.3428,20.868764,1.083550,0.03520000,1.342412,-0.105635,-0.071002,-0.028649,-0.815711,-1.203024,2.018735,-1.521728,-2.337439,1,1,1,1,31.7644,45.9281,-194.3113,5.1985,27.3438,22.1453,0.87,0.067786,1289.48,1290.26,1289.79,1286.81,105.91,1.213159,-,E50>E100>E20>E200,Btw_200-100,RANGE,1,-0.71476861,-0.63442925,-0.08033936,19.9727,25.8795,-86.7187,1290.91,1288.03,1289.47,2.87,3.292889,-0.055833,-1.830298,0,-2.299055,-18.2356,-33.718353,0.793556,0.01130000,1.069198,-0.135060,-0.083565,0.021415,-0.894905,3.951373,3.951373,-1.843308,-2.738214,1,1,1,1,36.4625,56.4920,-148.1239,3.4992,34.0429,30.5437,0.87,0.067883,1290.03,1289.78,1286.87,1280.18,769.37,8.800348,-,E20>E50>E100>E200,Btw_100-50,UP,1,-0.68825886,-0.33941957,-0.34883929,23.3215,38.3967,-93.2406,1293.21,1287.77,1290.49,5.44,6.225045,0.019399,-2.991764,0,-0.446325,-13.5375,-0.633649,3.159054,-0.05950000,0.746106,-0.182747,-0.046789,0.102133,0.286679,10.984778,11.271458,-2.471109,-2.184430,1,1,1,1,44.6435,29.1015,-140.6157,7.3132,24.4458,17.1326,1.47,0.114200,1289.80,1286.84,1280.28,1271.52,1635.32,11.118981,-,E20>E50>E100>E200,Btw_50-20,UP,1,0.27039677,1.06163195,-0.79123519,18.8381,17.3639,-95.8937,1294.60,1287.44,1291.02,7.16,4.871603,0.060888,-2.139181,0,-1.536676,-5.3565,-11.030869,1.782361,-0.06855000,0.811001,-0.094627,0.058177,0.120439,2.012132,10.416731,12.428863,-1.309883,0.702250,1,1,1,1,0.0000,0.0000,0.0000,0.0000,0.0000,0.0000,0.00,0.000000,0.00,0.00,0.00,0.00,0.00,0.000000,,,,,0,0.00000000,0.00000000,0.00000000,0.0000,0.0000,0.0000,0.00,0.00,0.00,0.00,0.000000,0.000000,0.000000,0,0.000000,0.0000,0.000000,0.000000,0.00000000,0.000000,0.000000,0.000000,0.000000,0.000000,0.000000,0.000000,0.000000,0.000000,0,0,0,0
88,45,0,1970.01.01 00:00:00,PROTOCOL_DISABLED,ACTUAL_PROFILE_D_EXECUTION,45,175,2,2014.02.13 08:29:13,BUY,LADDER,0,1286.62,1286.37,300.00,1289.95,1287.86,1286.23,1282.89,1279.22,1289.31,0,8,4,2,London,1,TP2,1,0,1,0,1,2,2.20,2.96,0.00,46,0,1,0,2.49,1287.53,1287.26,1286.45,33.0913,33.5471,12.9947,28,19,11,9,8,17,0.888889,20.0966,4.472050,0.000000,11,2,0,0,5,27.9410,28.7864,-144.2846,12.1613,34.2787,22.1174,0.24,0.018774,1287.09,1287.69,1288.24,1288.84,249.20,-10.318782,-,E200>E100>E50>E20,Down_EMA20,DOWN,0,-0.37761847,-0.32230265,-0.05531582,2.9311,3.9782,-100.0000,1287.97,1286.29,1287.13,1.67,6.931530,0.034638,-3.225673,0,-2.122016,-22.0590,-15.950550,0.760552,-0.00535000,0.900280,-0.271299,-0.199018,-0.094626,-2.481856,-4.773202,7.255057,-3.063724,-5.545580,1,1,1,1,24.3715,41.1564,-148.2032,7.0668,33.6189,26.5522,0.88,0.068663,1288.20,1289.06,1289.84,1290.16,381.25,-4.316444,-,E200>E100>E50>E20,Down_EMA20,DOWN,0,-0.66889995,-0.41874530,-0.25015465,16.5790,19.0701,-100.0000,1290.40,1286.63,1288.51,3.77,4.272709,-0.073602,-2.450835,0,-2.312895,-25.6285,-1.383918,3.194939,0.03865000,1.280072,-0.168110,-0.098283,-0.035303,-0.970516,-1.246424,2.216940,-2.099504,-3.070020,1,1,1,1,24.7077,50.2088,-233.0568,4.5054,34.6192,30.1138,1.05,0.081704,1289.16,1290.10,1289.72,1286.81,45.62,-0.434103,-,E50>E100>E20>E200,Down_EMA200,RANGE,0,-0.89517947,-0.66160226,-0.23357721,8.1092,16.0023,-100.0000,1291.16,1287.32,1289.24,3.84,3.653665,-0.251484,-2.745671,0,-3.214264,-25.2923,-34.523914,2.227621,0.08085000,1.625048,-0.158834,-0.090427,0.011571,-0.895453,3.132321,3.132321,-2.670971,-3.566424,1,1,1,1,31.3174,56.6825,-198.1441,3.4992,37.1583,33.6591,1.17,0.090955,1289.89,1289.72,1286.84,1280.16,618.59,5.287059,-,E20>E50>E100>E200,Btw_200-100,UP,1,-0.80975173,-0.35291878,-0.45683296,14.9749,35.6145,-100.0000,1293.48,1287.34,1290.41,6.14,5.251680,-0.161148,-3.472137,0,-1.475347,-18.6826,-10.637684,3.197145,-0.00035000,0.998507,-0.161347,-0.045171,0.073725,0.141288,8.169975,8.311264,-3.024205,-2.882917,1,1,1,1,40.6392,29.6500,-172.9065,7.3132,27.5612,20.2480,1.77,0.137327,1289.65,1286.78,1280.25,1271.50,1484.54,8.403847,-,E20>E50>E100>E200,Btw_100-50,UP,1,0.14890389,1.04813275,-0.89922886,13.8668,15.7068,-100.0000,1294.84,1287.05,1290.94,7.80,4.412804,-0.089214,-2.600085,0,-2.337520,-9.3608,-17.489039,1.892071,-0.00940000,0.974083,-0.095206,0.041675,0.098559,1.626958,8.647515,10.274473,-1.870627,-0.243669,1,1,1,1,0.0000,0.0000,0.0000,0.0000,0.0000,0.0000,0.00,0.000000,0.00,0.00,0.00,0.00,0.00,0.000000,,,,,0,0.00000000,0.00000000,0.00000000,0.0000,0.0000,0.0000,0.00,0.00,0.00,0.00,0.000000,0.000000,0.000000,0,0.000000,0.0000,0.000000,0.000000,0.00000000,0.000000,0.000000,0.000000,0.000000,0.000000,0.000000,0.000000,0.000000,0.000000,0,0,0,0
89,46,0,1970.01.01 00:00:00,PROTOCOL_DISABLED,ACTUAL_PROFILE_D_EXECUTION,46,178,1,2014.02.14 01:03:00,BUY,PROFILE_D_FULL,0,1302.82,1302.82,300.00,1304.87,1302.48,1300.60,1296.78,1292.58,1301.15,0,1,5,2,Asia,0,EMA->TP1,1,0,1,0,1,1,2.06,1.20,0.00,31,1,0,1,2.06,1301.57,1301.42,1301.20,25.3796,35.5437,44.4753,17,14,3,3,11,14,3.666667,19.0957,1.003408,0.000000,3,5,5,0,5,71.0117,24.7074,208.3524,32.1307,19.4029,12.7278,0.37,0.028158,1301.75,1301.50,1301.33,1301.16,131.33,3.580909,+,E20>E50>E100>E200,Up_EMA20,UP,1,0.15319857,0.03709497,0.11610361,94.2077,88.3912,-6.5934,1302.29,1301.05,1301.67,1.25,3.396466,1.144280,2.188275,0,5.644778,21.0117,75.548154,-0.368054,0.05085000,3.260000,0.106241,0.062026,0.023215,0.685386,0.915530,1.600916,1.979993,2.665379,1,1,1,1,61.1784,18.9414,86.9779,22.3430,20.4441,1.8989,0.60,0.045836,1301.42,1301.04,1299.70,1297.22,525.61,8.804181,+,E20>E50>E100>E200,Up_EMA20,UP,1,0.18296529,0.02336783,0.15959747,42.9075,38.9034,-3.5420,1302.54,1299.67,1301.10,2.88,4.822371,0.975242,2.291792,0,0.980056,11.1784,-12.569467,-1.912897,-0.06525000,0.646629,0.079437,0.053884,0.077979,0.631875,6.400198,7.032072,1.772109,2.403984,1,1,1,1,61.8826,31.1664,74.5986,29.1214,20.4657,8.6556,1.21,0.092785,1300.92,1298.44,1295.61,1291.67,1080.60,8.941704,+,E20>E50>E100>E200,Up_EMA20,UP,1,0.95494014,1.14516017,-0.19022004,74.1324,70.9320,-12.0678,1302.95,1299.64,1301.29,3.31,2.736530,0.856839,0.976500,0,1.682606,11.8826,29.026371,-3.528558,0.03140000,1.149311,0.075548,0.114688,0.083841,2.046664,5.606256,7.652920,1.288784,3.335448,1,1,1,1,68.5893,34.6173,85.0422,19.3754,11.6444,7.7310,1.51,0.115761,1299.53,1295.86,1291.87,1284.80,1767.54,11.723039,+,E20>E50>E100>E200,Up_EMA20,UP,1,2.29772955,2.56366135,-0.26593180,73.0929,51.1497,-6.3782,1304.22,1295.51,1299.86,8.71,5.776222,0.799738,1.731355,0,-2.399287,18.5893,-4.077937,-3.541539,-0.01835000,0.942638,0.168229,0.163473,0.112913,2.431408,7.337769,9.769177,1.953862,4.385270,1,1,1,1,70.2267,46.3025,85.2963,21.8734,6.8874,14.9860,2.09,0.160406,1297.19,1292.15,1285.06,1275.37,2710.67,12.974363,+,E20>E50>E100>E200,Up_EMA20,UP,1,3.21798476,2.70005316,0.51793160,61.1121,70.4755,-2.8884,1305.95,1285.26,1295.60,20.68,9.900320,0.832069,3.287591,0,-0.442245,20.2267,-7.833797,1.866610,-0.18640000,0.691518,0.281506,0.202688,0.129313,2.411274,8.034367,10.445641,2.528722,4.939996,1,1,1,1,0.0000,0.0000,0.0000,0.0000,0.0000,0.0000,0.00,0.000000,0.00,0.00,0.00,0.00,0.00,0.000000,,,,,0,0.00000000,0.00000000,0.00000000,0.0000,0.0000,0.0000,0.00,0.00,0.00,0.00,0.000000,0.000000,0.000000,0,0.000000,0.0000,0.000000,0.000000,0.00000000,0.000000,0.000000,0.000000,0.000000,0.000000,0.000000,0.000000,0.000000,0.000000,0,0,0,0
90,47,0,1970.01.01 00:00:00,PROTOCOL_DISABLED,ACTUAL_PROFILE_D_EXECUTION,47,180,1,2014.02.14 17:33:00,BUY,PROFILE_D_FULL,0,1317.03,1317.03,300.00,1318.91,1316.72,1315.00,1311.49,1307.63,1316.76,0,17,5,2,NewYork,2,EMA->TP1,1,0,1,0,1,1,2.10,1.22,0.00,25,1,0,1,2.10,1315.71,1315.69,1315.63,21.1179,35.6721,55.6582,18,6,3,12,3,15,0.250000,34.5403,0.224751,0.000000,3,4,4,0,5,59.6336,28.1946,151.0768,31.0216,11.2207,19.8009,0.35,0.026695,1316.24,1316.45,1316.73,1316.76,5.73,-0.162967,+,E200>E100>E50>E20,Btw_100-50,DOWN,0,-0.04708366,-0.18146957,0.13438591,88.2134,88.2798,-14.4231,1316.67,1315.53,1316.10,1.14,3.249284,1.027789,1.714936,0,3.907108,9.6336,47.567525,0.767648,0.04450000,2.724806,0.049228,-0.013942,-0.012595,-0.613803,-0.872908,1.486712,1.323745,0.709942,1,1,1,1,49.3963,21.2609,-42.4355,20.5946,27.7892,7.1946,0.66,0.049878,1316.68,1316.54,1314.81,1311.04,566.69,8.628668,-,E20>E50>E100>E200,Up_EMA20,UP,1,-0.29400775,-0.22154934,-0.07245841,30.9212,18.4839,-59.6677,1317.80,1315.42,1316.61,2.38,3.616659,0.538775,0.140236,0,0.468300,-0.6037,-4.554580,1.073226,-0.05775000,0.694606,-0.112856,-0.030124,0.078867,0.214820,8.383751,8.598572,0.030096,0.244916,1,1,1,1,54.2647,17.3446,-69.8531,17.2682,13.0465,4.2217,1.38,0.104427,1316.33,1312.99,1308.05,1301.35,1535.04,11.163906,+,E20>E50>E100>E200,Up_EMA20,UP,1,1.06129435,1.65040153,-0.58910718,21.7485,37.1644,-70.2930,1319.87,1314.29,1317.08,5.58,4.057166,0.431667,-0.277236,0,-1.325328,4.2647,-17.065275,-2.153181,-0.14105000,0.660978,0.019575,0.114957,0.113495,2.428665,8.463674,10.892340,0.271566,2.700232,1,1,1,1,61.5639,26.3447,-11.1927,15.6436,14.9326,0.7111,2.00,0.152027,1314.36,1308.32,1301.60,1292.32,2438.43,12.181499,+,E20>E50>E100>E200,Up_EMA20,UP,1,3.07848846,3.61146988,-0.53298142,34.0529,37.2551,-40.8785,1322.15,1306.69,1314.42,15.46,7.722886,0.647707,1.140727,0,-2.573282,11.5639,-22.402938,-3.812056,-0.18820000,0.680231,0.159041,0.188007,0.125547,3.014478,7.995475,11.009953,1.171546,4.186024,1,1,1,1,68.4510,62.3217,63.3849,22.4400,5.1432,17.2967,4.11,0.311877,1310.40,1301.81,1292.48,1280.78,3592.45,8.748196,+,E20>E50>E100>E200,Up_EMA20,UP,1,5.46767082,5.12966779,0.33800303,48.4433,63.1573,-26.1718,1321.77,1297.73,1309.75,24.03,5.851985,0.789335,1.693182,0,-2.632639,18.4510,-25.266177,-0.278209,-0.13005000,0.863300,0.211089,0.164642,0.090644,2.091613,5.121836,7.213449,1.534747,3.626359,1,1,1,1,0.0000,0.0000,0.0000,0.0000,0.0000,0.0000,0.00,0.000000,0.00,0.00,0.00,0.00,0.00,0.000000,,,,,0,0.00000000,0.00000000,0.00000000,0.0000,0.0000,0.0000,0.00,0.00,0.00,0.00,0.000000,0.000000,0.000000,0,0.000000,0.0000,0.000000,0.000000,0.00000000,0.000000,0.000000,0.000000,0.000000,0.000000,0.000000,0.000000,0.000000,0.000000,0,0,0,0
91,48,0,1970.01.01 00:00:00,PROTOCOL_DISABLED,ACTUAL_PROFILE_D_EXECUTION,48,182,1,2014.02.17 02:39:00,BUY,PROFILE_D_FULL,0,1326.71,1326.71,300.00,1327.89,1326.51,1325.43,1323.23,1320.81,1324.69,0,2,1,2,Asia,0,EMA->TP3,1,0,1,0,1,3,2.43,12.25,0.00,160,0,0,1,-1.24,1326.54,1326.27,1326.00,24.8660,27.8559,34.4295,23,18,3,5,15,20,3.000000,9.5635,3.012414,0.000000,3,6,3,0,6,42.3745,37.4570,-41.5864,12.6098,28.0253,15.4155,0.18,0.013665,1326.53,1326.69,1326.18,1324.71,167.20,9.224671,-,E50>E20>E100>E200,Btw_100-50,RANGE,1,-0.16256107,-0.14829005,-0.01427101,78.9621,55.8301,-56.0046,1326.96,1326.12,1326.54,0.85,4.669400,0.308408,-0.894621,0,1.351704,-7.6255,26.592517,1.932391,-0.00055000,0.985054,-0.163122,-0.097238,0.089607,-0.892926,10.958183,10.958183,-0.840586,-1.733512,1,1,1,1,54.6078,32.3952,-128.5291,10.2030,35.1033,24.9003,0.46,0.034587,1326.23,1324.14,1321.71,1317.86,852.24,18.577412,-,E20>E50>E100>E200,Up_EMA20,UP,1,0.86927973,1.28536281,-0.41608308,30.0170,26.2038,-85.0997,1329.14,1324.90,1327.02,4.23,9.227559,0.348611,-1.396948,0,-0.632843,4.6078,-17.445943,1.509036,-0.05270000,0.635168,0.085919,0.232549,0.194461,4.563339,13.699993,18.263331,0.314080,4.877419,1,1,1,1,68.1583,28.6505,55.9698,17.5023,20.1860,2.6837,1.02,0.077165,1323.60,1319.79,1314.58,1306.89,1948.63,19.038874,-,E20>E50>E100>E200,Up_EMA20,UP,1,2.31283564,1.97228177,0.34055386,45.5792,57.6216,-31.2872,1329.57,1316.01,1322.79,13.56,13.250020,0.764409,3.503420,0,-1.115096,18.1583,-27.470037,-0.067284,-0.35670000,0.364624,0.407868,0.305140,0.199956,3.725303,12.597368,16.322671,2.716204,6.441507,1,1,1,1,70.4136,37.7710,100.6315,22.8636,12.4468,10.4169,3.32,0.249948,1321.39,1314.97,1307.22,1296.71,2967.26,8.950346,+,E20>E50>E100>E200,Up_EMA20,UP,1,3.44405228,2.92323304,0.52081924,65.7462,69.8183,-27.8017,1327.86,1313.93,1320.90,13.93,4.202952,0.893463,1.653706,0,0.651221,20.4136,-9.596700,1.018949,0.18940000,1.399873,0.181922,0.146641,0.090292,1.937872,5.508810,7.446682,1.503664,3.441536,1,1,1,1,73.4423,69.8410,180.9173,27.2941,3.0648,24.2293,4.73,0.356309,1317.11,1307.40,1296.86,1283.95,4242.71,8.977387,+,E20>E50>E100>E200,Up_EMA20,UP,1,5.77598711,5.48768806,0.28829905,73.1819,75.2078,-21.0645,1328.21,1305.80,1317.00,22.41,4.741027,0.918393,1.983612,0,0.799713,23.4423,21.575742,0.771383,0.44110000,1.875025,0.184537,0.151760,0.085763,2.054484,4.961594,7.016078,1.961309,4.015793,1,1,1,1,83.3544,65.9421,115.1232,40.3981,2.6868,37.7113,5.38,0.405729,1304.77,1287.46,1273.17,1257.03,6934.31,12.885454,+,E20>E50>E100>E200,Up_EMA20,UP,1,11.95568012,9.82716394,2.12851618,86.6006,87.4982,-7.7241,1328.69,1275.37,1302.03,53.32,9.907757,0.956577,4.523655,0,-0.052419,33.3544,-13.364665,3.457190,-0.30040000,0.781797,0.398926,0.275975,0.121597,3.215251,5.654120,8.869371,4.016084,7.231334,1,1,1,1
92,48,0,1970.01.01 00:00:00,PROTOCOL_DISABLED,ACTUAL_PROFILE_D_EXECUTION,48,183,2,2014.02.17 03:47:28,BUY,LADDER,0,1325.77,1325.53,300.00,1327.89,1326.51,1325.43,1323.23,1320.81,1324.69,0,3,1,2,Asia,0,EMA->TP3,1,0,1,0,1,3,2.43,12.25,0.00,160,0,0,1,-0.61,1326.55,1326.59,1325.53,35.5910,32.4601,12.7849,23,11,3,12,8,20,0.666667,22.8061,3.682310,0.000000,3,5,3,0,6,19.9049,54.6016,-137.3006,7.1522,45.9403,38.7881,0.28,0.020898,1326.35,1326.58,1326.52,1325.67,21.01,-0.758616,-,E50>E100>E20>E200,Down_EMA200,RANGE,0,-0.29156096,-0.12497496,-0.16658599,10.8682,14.0097,-100.0000,1327.64,1325.52,1326.58,2.13,7.679393,-0.024612,-4.028700,0,-4.116950,-30.0951,-5.028838,3.254503,0.03550000,2.783920,-0.291080,-0.134002,0.002933,-0.844667,3.281386,3.281386,-3.195335,-4.040002,1,1,1,1,42.9705,21.6803,-259.8956,13.0131,29.7832,16.7701,0.56,0.042004,1326.46,1325.20,1322.91,1319.00,646.03,11.603535,-,E20>E50>E100>E200,Btw_50-20,UP,1,0.16306446,0.42668423,-0.26361977,9.8035,28.8018,-100.0000,1327.44,1325.82,1326.63,1.61,2.900002,-0.223905,-2.099326,0,-2.016138,-7.0295,-44.641850,1.552762,0.01090000,1.108512,-0.034231,0.093150,0.136177,2.264802,11.125587,13.390389,-1.786854,0.477948,1,1,1,1,59.2871,19.3161,-17.1382,14.6411,18.0286,3.3875,0.94,0.071277,1324.73,1321.01,1315.72,1307.85,1761.16,18.641545,-,E20>E50>E100>E200,Up_EMA20,UP,1,1.88096875,2.23754813,-0.35657937,27.7517,44.7962,-48.6250,1329.72,1320.00,1324.86,9.71,10.280033,0.562021,0.637576,0,-2.174515,9.2871,-15.312189,-1.835187,-0.02020000,0.903419,0.233059,0.256450,0.202486,3.937909,13.927187,17.865096,0.776449,4.714358,1,1,1,1,65.1167,35.4245,63.6690,18.9246,14.7576,4.1671,1.47,0.111150,1322.34,1315.87,1307.98,1297.30,2816.42,19.117032,+,E20>E50>E100>E200,Up_EMA20,UP,1,3.38025199,3.15258106,0.22767094,59.3816,65.4328,-35.3636,1329.22,1314.34,1321.78,14.88,10.098069,0.747362,2.497879,0,-1.812999,15.1167,-27.807273,0.006438,-0.44220000,0.399878,0.380663,0.325330,0.204680,4.391680,12.603247,16.994927,2.122105,6.513785,1,1,1,1,70.7755,68.2862,124.0540,23.6549,6.2540,17.4009,3.80,0.286673,1317.96,1308.13,1297.44,1284.37,4109.26,10.814559,+,E20>E50>E100>E200,Up_EMA20,UP,1,5.78015784,5.51101916,0.26913868,72.3902,75.4364,-26.7940,1328.83,1307.11,1317.97,21.71,5.714408,0.845148,1.972314,0,0.497214,20.7755,13.874508,0.727605,0.38335000,2.017924,0.246274,0.197326,0.109672,2.586620,6.253580,8.840200,1.974360,4.560979,1,1,1,1,82.9953,65.9421,113.6265,40.3981,2.6868,37.7113,5.38,0.406009,1304.68,1287.43,1273.15,1257.03,6843.72,12.717119,+,E20>E50>E100>E200,Up_EMA20,UP,1,11.88268866,9.81905378,2.06363488,84.7616,86.8852,-9.8250,1328.48,1275.49,1301.99,52.99,9.846573,0.943010,4.362130,0,-0.124242,32.9953,-13.663999,3.457190,-0.30040000,0.781797,0.395688,0.274642,0.121259,3.205725,5.649144,8.854870,3.862250,7.067975,1,1,1,1
93,48,0,1970.01.01 00:00:00,PROTOCOL_DISABLED,ACTUAL_PROFILE_D_EXECUTION,48,184,3,2014.02.17 05:00:03,BUY,LADDER,0,1324.04,1323.76,300.00,1327.89,1326.51,1325.43,1323.23,1320.81,1324.69,0,5,1,2,Asia,0,EMA->TP3,1,0,1,0,1,3,2.43,12.25,0.00,160,0,0,1,4.28,1325.59,1325.53,1325.47,42.8970,58.0133,47.1237,31,25,18,6,7,13,1.166667,4.2267,0.213144,0.000000,18,5,1,0,6,13.1362,44.2728,-296.8279,9.3234,38.1945,28.8711,0.56,0.042534,1325.24,1325.54,1325.78,1325.62,198.10,-3.518729,-,E100>E200>E50>E20,Down_EMA200,RANGE,0,-0.30991798,-0.11316418,-0.19675380,6.0681,13.1580,-100.0000,1326.48,1324.35,1325.41,2.13,3.774904,-0.333376,-3.145915,0,-3.398281,-36.8638,-27.394611,2.002986,0.08365000,3.889465,-0.129130,-0.063522,-0.015742,-0.535043,-0.147336,0.965903,-2.836350,-3.371393,1,1,1,1,27.4293,23.9494,-299.6890,11.3692,37.3810,26.0118,0.66,0.049711,1325.50,1325.26,1323.54,1319.89,375.19,5.701933,-,E20>E50>E100>E200,Btw_100-50,UP,1,-0.39121499,-0.18045777,-0.21075721,2.8748,15.5034,-100.0000,1327.17,1324.12,1325.64,3.05,4.638767,-0.155193,-3.039286,0,-3.861544,-22.5707,-54.356184,1.403179,0.08435000,2.785185,-0.135207,-0.025314,0.078287,0.366000,8.154903,8.520903,-2.818970,-2.452970,1,1,1,1,46.9960,26.0435,-185.4892,9.0393,31.4124,22.3731,0.80,0.060307,1324.79,1321.72,1316.60,1308.69,1495.50,18.734709,-,E20>E50>E100>E200,Btw_50-20,UP,1,1.00012742,1.72426064,-0.72413322,9.8042,17.0601,-100.0000,1329.20,1321.96,1325.58,7.25,9.078860,0.232531,-2.428312,0,-2.458213,-3.0040,-32.882084,1.035180,-0.04380000,0.784714,0.015156,0.179064,0.209362,3.841076,16.331703,20.172779,-1.438069,2.403007,1,1,1,1,57.5280,30.9514,-13.5604,12.3192,27.3118,14.9926,1.31,0.098780,1322.88,1316.84,1308.94,1298.10,2553.91,19.532756,-,E20>E50>E100>E200,Up_EMA20,UP,1,2.68740855,3.23329366,-0.54588511,5.2600,19.9941,-50.5427,1329.53,1316.07,1322.80,13.46,10.293471,0.562837,0.646807,0,-2.982074,7.5280,-24.247040,-1.551625,-0.42655000,0.380060,0.218479,0.282553,0.212778,4.621293,14.331475,18.952768,0.579988,5.201281,1,1,1,1,65.7815,54.1121,52.7531,17.7675,21.3871,3.6196,1.71,0.128868,1319.04,1309.35,1298.48,1285.15,3848.81,22.563725,-,E20>E50>E100>E200,Up_EMA20,UP,1,5.31033867,5.48985134,-0.17951267,43.7015,58.9359,-40.8984,1329.00,1309.92,1319.46,19.08,11.187717,0.718980,2.449890,0,-0.823293,15.7815,-20.625398,-2.485164,-0.25450000,0.572736,0.475844,0.416972,0.242336,5.684066,14.183606,19.867672,2.696053,8.380120,1,1,1,1,79.3273,68.8202,93.2796,35.0117,2.3286,32.6831,4.86,0.367339,1306.48,1288.85,1274.15,1257.69,6595.33,13.564364,+,E20>E50>E100>E200,Up_EMA20,UP,1,11.92768596,10.30893557,1.61875039,76.8800,84.3859,-14.0062,1330.85,1276.95,1303.90,53.91,11.086462,0.866275,4.060692,0,-0.319730,29.3273,-13.182339,3.236790,-0.64140000,0.602565,0.426243,0.304407,0.136008,3.627429,6.408192,10.035621,3.528743,7.156172,1,1,1,1
94,49,0,1970.01.01 00:00:00,PROTOCOL_DISABLED,ACTUAL_PROFILE_D_EXECUTION,49,188,1,2014.02.17 13:05:01,BUY,PROFILE_D_FULL,0,1326.24,1326.24,300.00,1329.40,1325.72,1322.82,1316.92,1310.44,1326.22,0,13,1,2,Overlap,3,EMA->TP1,1,0,1,0,1,1,3.32,3.15,0.00,595,1,0,1,3.32,1326.30,1325.79,1325.03,38.3780,40.4631,46.3615,24,16,3,8,13,21,1.625000,7.9836,3.554622,0.000000,3,5,2,1,6,43.1247,27.1391,-71.0804,27.6366,22.1011,5.5356,0.36,0.026924,1326.25,1326.43,1326.46,1326.22,27.50,-0.770174,+,E100>E50>E20>E200,Down_EMA200,RANGE,0,-0.16659803,-0.05054664,-0.11605139,41.1382,31.4089,-59.7345,1327.17,1325.39,1326.28,1.78,4.989967,0.312481,-0.935714,0,-0.158854,-6.8753,-17.219217,-3.358595,-0.04010000,0.640359,-0.168964,-0.081739,-0.013063,-0.508424,0.590083,0.667582,-0.851834,-1.360258,1,1,1,1,45.0033,15.4127,-161.7245,16.2050,20.3568,4.1518,0.89,0.067311,1326.46,1326.13,1325.56,1323.55,239.67,2.685375,-,E20>E50>E100>E200,Btw_100-50,UP,1,0.03877003,0.17516696,-0.13639693,50.3401,58.1129,-60.2620,1327.26,1325.98,1326.62,1.28,1.435498,-0.025335,-0.754118,1,-0.941641,-4.9967,-10.243442,0.111302,0.06995000,1.644404,-0.022991,0.009396,0.031901,0.372854,2.891369,3.264223,-0.578848,-0.205994,1,1,1,1,50.6683,17.7944,-8.9532,11.5854,19.2797,7.6942,1.33,0.100457,1326.06,1324.74,1320.96,1313.37,1256.85,9.435786,-,E20>E50>E100>E200,Btw_50-20,UP,1,0.43120761,0.45595121,-0.02474360,47.9029,47.0866,-40.4129,1327.82,1323.75,1325.78,4.07,3.055531,0.540013,0.122260,0,-1.318976,0.6683,-18.635232,-0.884610,0.08065000,1.434186,0.045936,0.060465,0.101530,0.997918,8.529281,9.527199,-0.091413,0.906505,1,1,1,1,55.9345,14.8881,25.5984,12.7944,18.1814,5.3870,1.41,0.106509,1325.38,1321.14,1313.59,1302.21,2373.03,16.803220,-,E20>E50>E100>E200,Up_EMA20,UP,1,1.28266914,1.41991021,-0.13724107,60.3858,69.5446,-37.2263,1327.77,1323.56,1325.66,4.21,2.983893,0.566350,0.197982,0,-0.846877,5.9345,-15.237953,-0.739218,-0.12680000,0.690165,0.110541,0.171249,0.177107,3.004622,13.399503,16.404125,0.399094,3.403716,1,1,1,1,62.5569,25.1656,37.6400,16.0525,18.2781,2.2256,2.26,0.170633,1322.88,1313.90,1302.54,1288.29,3765.13,16.641454,-,E20>E50>E100>E200,Up_EMA20,UP,1,3.98002429,4.68817122,-0.70814693,76.7386,73.3327,-43.1705,1330.08,1317.34,1323.71,12.74,5.631146,0.674962,0.985238,0,-0.260548,12.5569,3.022725,-2.803666,-0.28820000,0.610909,0.188072,0.239013,0.171312,3.966426,11.319096,15.285523,1.355931,5.322358,1,1,1,1,79.2227,69.2475,86.1597,26.2977,4.5433,21.7544,5.66,0.426866,1310.07,1291.72,1276.20,1259.05,6689.65,11.819164,+,E20>E50>E100>E200,Up_EMA20,UP,1,11.97944080,11.16587235,0.81356845,65.0031,69.9199,-9.5671,1335.22,1280.42,1307.82,54.80,9.682007,0.830630,3.201157,0,-0.111856,29.2227,-5.938029,1.995310,-0.15510000,0.879497,0.346069,0.260994,0.119567,3.241451,5.773340,9.014790,2.804374,6.045824,1,1,1,1
95,50,0,1970.01.01 00:00:00,PROTOCOL_DISABLED,ACTUAL_PROFILE_D_EXECUTION,50,190,1,2014.02.18 01:15:00,BUY,PROFILE_D_FULL,0,1326.20,1326.20,300.00,1327.78,1325.94,1324.49,1321.53,1318.28,1328.08,0,1,2,2,Asia,0,NET_BASKET_BE,1,0,0,1,1,5,6.49,102.46,0.02,736,0,0,0,-6.43,1327.04,1325.55,1325.55,34.4273,39.2334,44.5107,30,9,3,21,6,27,0.285714,10.0834,7.510719,0.000000,3,4,3,1,6,37.0888,15.3538,-37.4696,22.6313,15.5939,7.0374,0.20,0.014953,1326.37,1327.07,1327.71,1328.06,222.56,-11.226206,+,E200>E100>E50>E20,Down_EMA20,DOWN,0,-0.48093894,-0.48416089,0.00322195,34.7527,24.7540,-86.6760,1328.70,1324.47,1326.59,4.23,21.345817,0.322747,-3.783607,0,0.490875,-12.9112,3.929178,-1.307574,-0.03965000,0.500000,-0.394055,-0.292641,-0.119445,-3.535052,-5.020650,8.555702,-2.670504,-6.205556,1,1,1,1,35.6278,26.6643,-140.2805,15.1955,21.9364,6.7408,1.13,0.085173,1327.51,1327.97,1327.60,1326.12,28.59,-0.253188,-,E50>E100>E20>E200,Down_EMA200,RANGE,0,-0.73805080,-0.50447108,-0.23357972,13.6285,17.1748,-90.7257,1330.55,1325.08,1327.81,5.47,4.847577,0.138737,-1.751251,0,-1.771629,-14.3722,-21.695026,-2.309886,0.12385000,2.214216,-0.138400,-0.062938,0.002466,-0.405058,1.635656,1.635656,-1.483787,-1.888845,1,1,1,1,41.2560,22.9563,-155.8597,16.2950,19.5859,3.2908,1.33,0.100616,1327.81,1327.00,1324.12,1317.15,868.12,6.507619,-,E20>E50>E100>E200,Btw_100-50,UP,1,-0.07161295,0.50567126,-0.57728421,19.9713,16.8438,-95.5587,1330.87,1325.60,1328.24,5.27,3.951814,0.044333,-1.800712,0,-1.156742,-8.7440,-19.338634,-2.822007,-0.15805000,0.627986,-0.089787,-0.001906,0.075468,0.603416,7.380688,7.984104,-1.476485,-0.873069,1,1,1,1,45.8813,23.0976,-128.6299,14.2919,19.7440,5.4521,2.45,0.185091,1327.52,1324.31,1317.36,1305.83,2000.91,8.153686,-,E20>E50>E100>E200,Btw_50-20,UP,1,0.83635149,1.22017653,-0.38382503,13.6606,24.9332,-95.5587,1330.10,1325.44,1327.77,4.66,1.899456,0.085145,-0.787999,1,-3.366527,-4.1187,-52.217953,0.092922,0.27670000,2.292387,0.031837,0.071264,0.093990,1.311294,7.530116,8.841410,-0.687724,0.623570,1,1,1,1,56.0233,29.5367,-26.8056,19.0043,18.2371,0.7672,2.18,0.164406,1325.71,1317.79,1306.33,1291.36,3447.97,15.818170,+,E20>E50>E100>E200,Up_EMA20,UP,1,2.89836863,3.61744935,-0.71908071,20.3834,44.3304,-59.3898,1329.82,1323.52,1326.67,6.29,2.887865,0.367335,-0.383117,0,-2.203020,6.0233,-28.249584,0.206252,-0.03945000,0.917017,0.130074,0.206754,0.172408,3.632582,12.128026,15.760609,0.057561,3.690143,1,1,1,1,75.1379,67.1848,64.9141,29.3355,13.2809,16.0545,3.28,0.247184,1314.74,1295.85,1279.23,1261.09,6474.30,19.755280,+,E20>E50>E100>E200,Up_EMA20,UP,1,11.46470844,11.77431690,-0.30960847,63.5348,74.5365,-19.0488,1340.48,1285.93,1313.21,54.55,16.645055,0.731472,3.852864,0,-0.803674,25.1379,-6.328021,-0.327075,-0.46900000,0.582907,0.504630,0.427680,0.207810,5.765018,10.605988,16.371006,3.384274,9.149292,1,1,1,1
96,50,0,1970.01.01 00:00:00,PROTOCOL_DISABLED,ACTUAL_PROFILE_D_EXECUTION,50,191,2,2014.02.18 01:16:23,BUY,LADDER,0,1324.95,1324.62,300.00,1327.78,1325.94,1324.49,1321.53,1318.28,1328.08,0,1,2,2,Asia,0,NET_BASKET_BE,1,0,0,1,1,5,6.49,102.46,0.02,736,0,0,0,-10.38,1327.04,1325.55,1325.55,34.4273,39.2334,44.5107,31,10,4,21,6,27,0.285714,10.0834,3.407323,0.000000,4,4,1,1,6,25.9664,14.7064,-268.8449,19.6138,30.9478,11.3340,0.44,0.032991,1326.17,1326.96,1327.64,1328.02,343.02,-7.849418,-,E200>E100>E50>E20,Down_EMA20,DOWN,0,-0.58070863,-0.50018434,-0.08052429,13.8568,21.0323,-100.0000,1328.58,1324.21,1326.40,4.37,9.998488,0.087569,-4.123684,0,-0.799658,-24.0336,-40.285059,-0.874036,0.00345000,1.041096,-0.215442,-0.149961,-0.059373,-1.800541,-2.439296,4.239837,-3.609580,-5.410122,1,1,1,1,30.3945,28.9473,-194.8978,15.1955,31.7593,16.5638,1.44,0.108694,1327.39,1327.92,1327.58,1326.11,151.56,-1.052651,-,E50>E100>E20>E200,Down_EMA200,RANGE,0,-0.83712773,-0.51547963,-0.32164810,9.5449,15.8136,-100.0000,1330.71,1324.79,1327.75,5.92,4.113109,-0.033195,-2.193089,0,-2.818288,-19.6055,-32.618477,-1.853294,0.18595000,2.823039,-0.124984,-0.056131,0.000217,-0.366030,1.257661,1.257661,-1.944282,-2.310312,1,1,1,1,37.2697,25.5592,-193.5588,16.2950,29.4088,13.1138,1.64,0.124151,1327.69,1326.95,1324.10,1317.14,745.15,4.531178,-,E20>E50>E100>E200,Btw_100-50,UP,1,-0.17068987,0.49466272,-0.66535258,15.8028,15.4543,-100.0000,1331.08,1325.27,1328.18,5.81,3.531986,-0.116707,-2.178200,0,-1.954008,-12.7303,-26.878453,-2.301437,-0.09595000,0.774156,-0.087220,-0.007470,0.059716,0.447174,5.965029,6.412202,-1.881024,-1.433851,1,1,1,1,42.3646,23.6178,-179.1242,14.2919,21.4019,7.1101,2.69,0.203326,1327.41,1324.26,1317.34,1305.81,1877.95,6.972804,-,E20>E50>E100>E200,Btw_50-20,UP,1,0.73727457,1.20916798,-0.47189341,11.2312,24.1235,-100.0000,1330.29,1325.12,1327.71,5.17,1.920102,-0.102100,-1.156094,1,-4.069855,-7.6354,-62.316826,0.196944,0.32455000,2.515880,0.020225,0.061316,0.084723,1.168973,6.847696,8.016669,-1.043865,0.125108,1,1,1,1,52.0881,29.5674,-62.7765,19.0043,19.8950,0.8908,2.42,0.182622,1325.59,1317.74,1306.30,1291.34,3325.00,13.745355,-,E20>E50>E100>E200,Btw_50-20,UP,1,2.79929171,3.60644080,-0.80714909,17.6471,43.4183,-71.4189,1329.87,1323.35,1326.61,6.52,2.693624,0.190755,-0.832989,0,-2.990062,2.0881,-35.443766,0.212386,0.00840000,1.017669,0.107430,0.182278,0.154334,3.244540,10.913484,14.158024,-0.412669,2.831871,1,1,1,1,72.5872,66.9181,58.1492,29.3355,13.9092,15.4263,3.52,0.265478,1314.63,1295.80,1279.20,1261.08,6351.34,18.061524,+,E20>E50>E100>E200,Up_EMA20,UP,1,11.36563151,11.76330836,-0.39767684,59.3175,73.1307,-22.9070,1340.31,1285.98,1313.15,54.33,15.450112,0.710691,3.255197,0,-1.313823,22.5872,-7.681002,-0.380410,-0.42115000,0.625461,0.463569,0.395812,0.192968,5.353000,9.874059,15.227059,2.834466,8.187466,1,1,1,1
97,50,0,1970.01.01 00:00:00,PROTOCOL_DISABLED,ACTUAL_PROFILE_D_EXECUTION,50,192,3,2014.02.18 01:34:41,BUY,LADDER,0,1322.46,1322.24,300.00,1327.78,1325.94,1324.49,1321.53,1318.28,1328.08,0,1,2,2,Asia,0,NET_BASKET_BE,1,0,0,1,1,5,6.49,102.46,0.02,736,0,0,0,-8.09,1324.03,1322.99,1323.10,26.2814,26.1464,33.8046,16,10,6,6,4,10,0.666667,7.5232,1.820852,0.000000,6,4,1,0,6,20.7726,36.5919,-273.5702,8.2906,34.3929,26.1023,0.51,0.038632,1323.80,1325.17,1326.40,1327.29,518.33,-10.148325,-,E200>E100>E50>E20,Down_EMA20,DOWN,0,-0.82216654,-0.81094716,-0.01121938,10.4118,27.2382,-100.0000,1325.17,1322.28,1323.73,2.89,5.664075,-0.060505,-3.174743,0,-1.846004,-29.2274,-41.692333,0.257929,0.01230000,1.136895,-0.220363,-0.190582,-0.086225,-2.689293,-4.145972,6.835265,-3.313061,-6.002353,1,1,1,1,22.6679,37.1433,-154.7107,9.8917,36.8747,26.9830,1.40,0.106062,1326.21,1327.35,1327.30,1326.01,390.96,-2.788121,-,E50>E100>E20>E200,Down_EMA200,RANGE,0,-1.41619891,-0.79341842,-0.62278049,7.5698,7.6530,-100.0000,1330.36,1322.90,1326.63,7.46,5.321584,-0.106497,-3.227527,0,-2.929566,-27.3321,10.610736,1.531789,0.01520000,1.057304,-0.237173,-0.113597,-0.016184,-0.808605,0.951489,0.951489,-2.931005,-3.739610,1,1,1,1,31.0176,28.0799,-220.4853,14.1224,34.5341,20.4117,2.25,0.170259,1327.05,1326.72,1324.04,1317.18,492.38,2.187365,-,E20>E50>E100>E200,Btw_200-100,UP,1,-0.65920600,0.31406145,-0.97326744,4.8482,12.4881,-100.0000,1331.98,1323.67,1327.83,8.31,3.692368,-0.188346,-2.541626,0,-3.370602,-18.9824,-28.927425,-1.065906,0.09140000,1.254738,-0.113659,-0.028535,0.037252,0.149545,4.236884,4.386428,-2.199064,-2.049519,1,1,1,1,36.5247,25.8247,-270.1178,12.3863,27.1947,14.8084,2.67,0.202026,1326.80,1324.13,1317.41,1305.96,1613.90,6.042315,-,E20>E50>E100>E200,Btw_100-50,UP,1,0.16263681,1.07210433,-0.90946752,8.0259,13.5820,-100.0000,1331.18,1323.66,1327.42,7.53,2.817690,-0.206513,-1.990734,0,-6.951076,-13.4753,-105.327991,-0.439514,0.25535000,1.915725,-0.055120,0.028915,0.076817,0.999908,6.800172,7.800080,-1.757765,-0.757857,1,1,1,1,45.6584,30.1969,-132.2367,19.0043,21.8701,2.8658,3.04,0.230050,1325.36,1317.65,1306.25,1291.32,3078.48,10.121581,-,E20>E50>E100>E200,Btw_50-20,UP,1,2.60065923,3.58437052,-0.98371129,15.4537,42.6872,-95.5351,1330.20,1322.77,1326.48,7.43,2.442688,-0.089614,-1.440243,0,-4.276018,-4.3416,-49.335801,0.338288,0.13290000,1.279554,0.069848,0.138550,0.121117,2.534620,8.655876,11.190496,-1.068914,1.465705,1,1,1,1,67.9618,66.5741,42.4655,29.3355,14.7474,14.5881,4.14,0.313062,1314.39,1295.71,1279.15,1261.06,6104.81,14.749487,+,E20>E50>E100>E200,Up_EMA20,UP,1,11.16699904,11.74123808,-0.57423905,50.8625,70.3124,-30.6421,1340.00,1286.05,1313.02,53.95,13.035195,0.668322,2.194105,0,-2.238904,17.9618,-10.817748,-0.449203,-0.29665000,0.736182,0.382390,0.331564,0.162749,4.514213,8.371408,12.885621,1.863866,6.378079,1,1,1,1
98,50,0,1970.01.01 00:00:00,PROTOCOL_DISABLED,ACTUAL_PROFILE_D_EXECUTION,50,193,4,2014.02.18 05:49:20,BUY,LADDER,0,1318.37,1318.28,300.00,1327.78,1325.94,1324.49,1321.53,1318.28,1328.08,0,5,2,2,Asia,0,NET_BASKET_BE,1,0,0,1,1,5,6.49,102.46,0.02,736,0,0,0,5.58,1320.35,1318.54,1318.49,21.6637,19.4247,48.4537,23,15,9,8,6,14,0.750000,26.7900,5.356371,0.000000,9,4,1,0,6,29.1911,30.0920,-129.4889,11.1910,23.9529,12.7619,0.35,0.026343,1319.13,1320.04,1320.82,1321.87,368.37,-10.608161,-,E200>E100>E50>E20,Down_EMA20,DOWN,0,-0.55088740,-0.58248852,0.03160113,12.3802,14.5591,-100.0000,1320.25,1317.72,1318.99,2.53,7.274536,0.182176,-2.312023,0,-1.354751,-20.8089,-25.337764,-1.346340,0.00005000,1.000720,-0.215599,-0.188073,-0.097156,-2.629160,-5.248789,7.877949,-2.730212,-5.359372,1,1,1,1,26.4742,27.9327,-138.6075,12.4212,27.4712,15.0500,1.15,0.087393,1320.71,1322.29,1323.84,1324.43,625.16,-5.426739,-,E200>E100>E50>E20,Down_EMA20,DOWN,0,-0.99790390,-0.59763726,-0.40026664,4.9233,5.5578,-100.0000,1323.48,1318.45,1320.97,5.03,4.364136,-0.053686,-2.416363,0,-2.566749,-23.5258,-13.127282,2.764030,0.08205000,1.553084,-0.203105,-0.127601,-0.048401,-1.365506,-1.863687,3.229193,-2.197546,-3.563052,1,1,1,1,24.8169,44.6472,-206.9759,7.2645,33.9878,26.7233,1.47,0.111365,1322.38,1324.28,1323.43,1317.94,24.79,0.168849,-,E50>E100>E20>E200,Btw_200-100,RANGE,1,-1.81975736,-1.52036916,-0.29938820,8.5947,23.8764,-100.0000,1325.75,1318.94,1322.34,6.81,4.640030,-0.110609,-2.833243,0,-2.564051,-25.1831,-22.862912,1.014799,0.02230000,1.082197,-0.211701,-0.126196,0.015503,-1.295773,4.323534,4.323534,-2.858912,-4.154685,1,1,1,1,27.1392,43.8091,-122.2973,6.6845,38.5461,31.8616,1.94,0.147248,1323.91,1323.49,1318.07,1307.19,1099.03,5.662167,-,E20>E50>E100>E200,Btw_100-50,UP,1,-1.59013813,-0.65919787,-0.93094026,12.5117,20.8794,-100.0000,1332.41,1318.35,1325.38,14.06,7.243918,-0.011637,-3.706260,0,-2.576620,-22.8608,-5.297730,3.005742,0.03275000,1.092137,-0.218606,-0.062640,0.071883,0.213048,8.397122,8.610170,-2.948003,-2.734955,1,1,1,1,35.9590,28.2494,-163.9501,11.0638,29.4532,18.3894,2.57,0.194984,1324.05,1318.22,1307.44,1292.51,2567.47,9.989203,-,E20>E50>E100>E200,Btw_100-50,UP,1,0.65134975,2.50719293,-1.85584319,6.0213,10.1534,-100.0000,1331.39,1320.07,1325.73,11.32,4.403688,-0.166775,-2.936271,0,-6.142904,-14.0410,-45.582004,-1.102895,0.15210000,1.420224,-0.128425,0.059170,0.116598,2.265300,10.005353,12.270654,-2.281451,-0.016151,1,1,1,1,61.3144,58.0822,-28.1722,25.4241,23.8923,1.5318,4.34,0.328938,1314.77,1296.59,1279.93,1261.63,5655.69,13.043573,+,E20>E50>E100>E200,Up_EMA20,UP,1,10.12935529,11.64973329,-1.52037800,21.4811,50.5360,-49.6095,1339.40,1289.44,1314.42,49.96,11.521521,0.575352,0.868173,0,-3.882062,11.3144,-23.229992,-2.193374,-0.43450000,0.666206,0.293669,0.289042,0.149994,4.191147,8.064413,12.255560,0.788014,4.979161,1,1,1,1
99,50,0,1970.01.01 00:00:00,PROTOCOL_DISABLED,ACTUAL_PROFILE_D_EXECUTION,50,194,5,2014.02.18 10:12:08,BUY,LADDER,0,1314.60,1314.32,300.00,1327.78,1325.94,1324.49,1321.53,1318.28,1328.08,0,10,2,2,London,1,NET_BASKET_BE,1,0,0,1,1,5,6.49,102.46,0.02,736,0,0,0,25.81,1318.39,1318.09,1318.50,32.4481,29.6669,49.5312,20,16,8,4,8,12,2.000000,17.0831,0.103481,0.000000,8,3,0,0,6,13.7745,37.6643,-176.4407,8.3690,45.9065,37.5375,1.06,0.080879,1317.49,1318.30,1318.66,1318.91,460.95,-4.336274,-,E200>E100>E50>E20,Down_EMA20,DOWN,0,-0.83902852,-0.31611971,-0.52290881,3.2258,4.1857,-100.0000,1320.44,1315.29,1317.86,5.14,4.838163,-0.192674,-3.351270,0,-6.155822,-36.2255,-26.953138,3.676245,0.15720000,3.837545,-0.214650,-0.102804,-0.029289,-0.756193,-0.579165,1.335358,-3.000916,-3.757109,1,1,1,1,21.9969,32.2506,-321.9298,12.0142,39.0905,27.0763,1.43,0.108784,1318.28,1318.93,1320.32,1321.96,765.63,-5.354969,-,E200>E100>E50>E20,Down_EMA20,DOWN,0,-0.57638911,-0.05200468,-0.52438443,5.3233,21.6474,-100.0000,1321.59,1316.15,1318.87,5.44,3.806657,-0.338777,-3.192936,0,-5.566491,-28.0031,-53.893865,1.951840,0.06110000,1.271737,-0.114650,-0.055167,-0.033987,-0.457026,-2.114927,2.571953,-2.783016,-3.240042,1,1,1,1,27.7290,25.8817,-252.9886,9.9267,24.9490,15.0223,2.45,0.186087,1318.99,1321.33,1321.95,1317.99,368.90,-1.508321,-,E100>E50>E20>E200,Down_EMA200,RANGE,0,-1.27258571,-1.25115415,-0.02143156,17.2873,29.7118,-100.0000,1321.07,1315.81,1318.44,5.27,2.153566,-0.285634,-1.691915,0,-3.953613,-22.2710,-81.716692,-0.914627,0.17660000,1.565030,-0.071158,-0.064546,-0.000743,-0.954574,1.363578,1.618763,-1.917325,-2.871899,1,1,1,1,27.0525,40.3707,-148.5603,11.5729,29.4164,17.8435,2.63,0.200125,1320.40,1321.86,1318.08,1308.13,616.97,2.345683,-,E50>E20>E100>E200,Btw_200-100,RANGE,1,-2.20702748,-2.04701639,-0.16001109,23.0896,51.7403,-100.0000,1326.81,1314.48,1320.64,12.33,4.689478,-0.014054,-2.410645,0,-0.448711,-22.9475,-11.499206,-2.691665,0.16865000,1.471880,-0.117762,-0.062157,0.039390,-0.553187,5.217411,5.217411,-2.318541,-2.871728,1,1,1,1,33.1095,29.5019,-113.3352,12.9244,27.8126,14.8882,3.19,0.243076,1321.50,1318.12,1308.41,1293.74,2056.56,6.437316,-,E20>E50>E100>E200,Btw_100-50,UP,1,-1.20216005,0.37325251,-1.57541256,33.3386,36.0030,-100.0000,1332.95,1314.68,1323.82,18.27,5.717216,-0.020953,-2.978402,0,-0.332511,-16.8905,12.161595,0.205097,0.07090000,1.124813,-0.155734,-0.004891,0.077289,1.056874,7.632683,8.689557,-2.252241,-1.195367,1,1,1,1,55.5863,51.0214,-89.9991,22.0342,25.0783,3.0441,5.99,0.455394,1314.68,1297.27,1280.60,1262.15,5215.63,8.714137,-,E20>E50>E100>E200,Btw_50-20,UP,1,8.85208421,11.35514467,-2.50306046,5.0974,27.0702,-71.3605,1337.62,1293.76,1315.69,43.86,7.328727,0.468294,-0.232363,0,-5.150781,5.5863,-36.718196,-3.728123,-0.01360000,0.988766,0.147762,0.182735,0.102896,2.909158,5.868581,8.777739,-0.063602,2.845556,1,1,1,1
100,51,0,1970.01.01 00:00:00,PROTOCOL_DISABLED,ACTUAL_PROFILE_D_EXECUTION,51,200,1,2014.02.20 00:36:14,SELL,PROFILE_D_FULL,0,1312.84,1312.84,300.00,1312.10,1312.97,1313.65,1315.03,1316.54,1312.88,0,0,4,2,Asia,0,EMA->TP1->TP2->TP3,1,0,1,0,1,3,2.08,7.58,0.00,64,1,1,1,-0.56,1313.31,1313.43,1313.63,86.9450,80.3926,56.6977,20,16,6,4,10,14,2.500000,30.2473,3.512465,0.000000,6,4,3,0,6,46.5321,24.3327,-106.9763,9.0296,17.9621,8.9325,0.09,0.006874,1313.00,1312.74,1312.51,1312.88,3.49,-0.386401,-,E20>E200>E50>E100,Btw_50-20,RANGE,0,0.06465212,0.15969685,-0.09504472,35.5969,37.1545,-78.9157,1313.46,1312.76,1313.11,0.70,7.742746,0.118265,-2.955679,0,0.158660,-3.4679,17.263394,-1.322533,-0.06275000,0.223391,-0.097115,0.097347,0.007511,2.876877,-1.499788,5.428863,-1.763491,1.113386,1,1,1,1,52.8217,18.8109,48.8691,19.6126,17.9024,1.7101,0.48,0.036524,1312.58,1313.25,1314.87,1316.57,372.24,-7.763020,+,E200>E100>E50>E20,Btw_50-20,DOWN,0,0.15901060,-0.01343388,0.17244449,52.9753,73.6213,-32.0163,1313.81,1311.26,1312.54,2.54,5.301760,0.621411,0.643691,0,-1.100778,2.8217,-10.184190,-0.927137,-0.04730000,0.669693,0.142255,-0.012377,-0.073691,-1.399287,-6.918728,8.318015,0.554995,-0.844292,1,1,1,1,42.0432,21.4991,94.5432,25.0250,18.9087,6.1164,1.02,0.077389,1313.64,1315.86,1317.42,1317.92,507.85,-4.998535,+,E200>E100>E50>E20,Down_EMA20,DOWN,0,-1.38362802,-1.86182770,0.47819968,84.8267,72.1407,-38.1485,1318.06,1308.46,1313.26,9.60,9.450741,0.456644,-0.409744,0,0.734516,-7.9568,19.753751,-1.919047,-0.00465000,0.977628,-0.122028,-0.139842,-0.053438,-2.178701,-2.033212,4.211913,-0.786622,-2.965324,1,1,1,1,40.0222,24.2329,-35.4472,18.0097,15.8453,2.1644,1.75,0.133070,1315.08,1317.27,1317.86,1313.33,48.59,-0.278111,+,E100>E50>E20>E200,Down_EMA200,RANGE,0,-1.90081204,-1.58966850,-0.31114355,76.1212,64.1783,-66.2285,1324.07,1308.53,1316.30,15.54,8.894871,0.277880,-1.975730,0,1.480626,-9.9778,21.174585,-1.460270,-0.17235000,0.669669,-0.193823,-0.122596,-0.005381,-1.251987,2.255685,2.592806,-1.281809,-2.533795,1,1,1,1,38.4615,22.1248,-94.2657,15.0707,20.3118,5.2411,3.31,0.252467,1316.62,1317.81,1313.39,1301.16,1168.62,3.525774,-,E50>E20>E100>E200,Btw_200-100,RANGE,1,-1.89620606,-0.82399237,-1.07221369,26.9503,19.9748,-69.7370,1323.77,1310.66,1317.22,13.11,3.955582,0.166297,-1.319988,0,-2.314801,-11.5385,-24.815310,1.535353,0.14120000,1.270654,-0.173923,-0.074840,0.034229,-0.357646,5.023583,5.023583,-1.140163,-1.497809,1,1,1,1,48.6774,29.0142,-133.6317,12.9206,28.5084,15.5878,5.45,0.414863,1316.19,1303.97,1287.34,1267.45,4539.70,8.335080,-,E20>E50>E100>E200,Btw_50-20,UP,1,2.85015739,5.49480469,-2.64464730,22.5915,32.0846,-82.7664,1331.05,1310.74,1320.90,20.31,3.728792,0.103407,-1.478812,0,-1.410635,-1.3226,-5.246907,-0.750060,0.20210000,1.227795,-0.019081,0.094799,0.090941,2.243342,6.705837,8.949178,-0.614098,1.629244,1,1,1,1
101,51,0,1970.01.01 00:00:00,PROTOCOL_DISABLED,ACTUAL_PROFILE_D_EXECUTION,51,201,2,2014.02.20 01:04:26,SELL,LADDER,0,1313.25,1313.58,300.00,1312.10,1312.97,1313.65,1315.03,1316.54,1312.88,0,1,4,2,Asia,0,EMA->TP1->TP2->TP3,1,0,1,0,1,3,2.08,7.58,0.00,64,1,1,1,-0.31,1313.43,1313.63,1312.56,80.3926,56.6977,63.8570,44,34,9,10,25,35,2.500000,16.5356,1.568663,0.000000,9,3,5,0,6,64.0566,21.2984,173.5440,26.5280,15.3076,11.2204,0.56,0.042281,1312.42,1312.42,1312.39,1312.72,53.48,0.963195,+,E200>E50>E20>E100,Up_EMA200,RANGE,1,0.10106437,-0.06832989,0.16939426,96.6514,93.3632,-1.3711,1313.20,1311.32,1312.26,1.88,3.390604,1.027426,1.788294,0,7.121443,14.0566,74.541031,-1.410009,0.03490000,1.458306,0.096588,0.029714,0.001108,-0.010714,-0.531005,0.583471,1.504914,1.494200,1,1,1,1,55.8921,16.7633,4.6828,22.2095,23.6837,1.4742,1.12,0.085189,1312.40,1313.04,1314.60,1316.35,309.38,-2.765407,-,E200>E100>E50>E20,Btw_100-50,DOWN,0,-0.00879154,0.04832259,-0.05711413,54.2165,40.1388,-14.4611,1313.72,1311.07,1312.39,2.65,2.370672,0.824619,0.769564,0,2.011697,5.8921,4.380146,-0.720875,0.07540000,1.508257,-0.018863,-0.032512,-0.037954,-0.568051,-2.957276,3.525327,0.759920,0.191869,1,1,1,1,46.6608,17.0557,62.6991,21.3182,21.4215,0.1032,1.64,0.125014,1313.34,1315.55,1317.21,1317.80,454.94,-2.771044,-,E200>E100>E50>E20,Down_EMA20,DOWN,0,-1.29112813,-1.68141868,0.39029055,42.0114,52.6918,-7.9069,1315.94,1309.26,1312.60,6.68,4.070892,0.597279,0.396010,0,2.244136,-3.3392,19.276050,-2.226987,0.06240000,1.234631,-0.059003,-0.079297,-0.032344,-1.349248,-1.370956,2.720204,-0.050840,-1.400087,1,1,1,1,43.2964,22.7978,-37.9981,13.5781,17.2164,3.6384,1.98,0.150790,1314.77,1317.05,1317.74,1313.31,6.07,-0.030651,-,E100>E50>E20>E200,Down_EMA200,RANGE,0,-1.90278502,-1.76888761,-0.13389741,68.5590,66.1381,-62.7597,1323.67,1308.06,1315.86,15.61,7.880503,0.332679,-1.318571,0,2.218318,-6.7036,14.094576,-2.262892,-0.07310000,0.844186,-0.150207,-0.102408,-0.004363,-1.151257,1.888854,2.234182,-0.768248,-1.919505,1,1,1,1,40.5499,21.7365,-79.6393,12.8831,18.7830,5.8999,2.32,0.176984,1316.17,1317.57,1313.35,1301.26,1199.02,5.158750,-,E50>E20>E100>E200,Btw_200-100,RANGE,1,-2.01831948,-1.04365389,-0.97466559,32.5885,24.4883,-66.6287,1324.00,1310.08,1317.04,13.92,5.990773,0.228093,-1.628934,0,0.481244,-9.4501,18.446155,1.055032,-0.27950000,0.624505,-0.251045,-0.113806,0.045429,-0.603860,7.016532,7.016532,-1.253923,-1.857782,1,1,1,1,49.1953,29.0142,-135.0888,12.9206,28.5084,15.5878,5.62,0.427678,1316.23,1303.99,1287.35,1267.45,4580.19,8.154891,-,E20>E50>E100>E200,Btw_50-20,UP,1,2.88278417,5.49842989,-2.61564572,23.7562,32.4729,-80.9963,1331.01,1310.83,1320.92,20.18,3.593312,0.120163,-1.364871,0,-1.307053,-0.8047,-5.538323,-0.750060,0.23610000,1.266118,-0.017116,0.092501,0.088334,2.179520,6.504996,8.684516,-0.529624,1.649895,1,1,1,1
102,51,0,1970.01.01 00:00:00,PROTOCOL_DISABLED,ACTUAL_PROFILE_D_EXECUTION,51,202,3,2014.02.20 01:27:37,SELL,LADDER,0,1314.39,1314.69,300.00,1312.10,1312.97,1313.65,1315.03,1316.54,1312.88,0,1,4,2,Asia,0,EMA->TP1->TP2->TP3,1,0,1,0,1,3,2.08,7.58,0.00,64,1,1,1,2.95,1312.56,1314.02,1313.86,63.8570,64.0197,62.5981,32,23,17,9,6,15,0.666667,1.2589,3.933685,0.000000,17,2,2,0,6,68.8878,23.6686,142.3262,27.4209,14.1875,13.2334,0.33,0.025240,1313.47,1313.08,1312.80,1312.87,151.57,4.568670,+,E20>E50>E200>E100,Up_EMA200,RANGE,1,0.30070391,0.21414176,0.08656215,81.8713,83.1938,0.0000,1314.16,1312.75,1313.46,1.42,4.269193,1.159780,2.816729,0,1.364901,18.8878,0.329007,1.223630,-0.00705000,0.903951,0.179911,0.112420,0.032090,1.194463,0.610756,2.036886,2.763451,3.957914,1,1,1,1,61.3400,13.1456,134.5699,26.0594,17.2970,8.7624,0.78,0.059058,1312.93,1313.17,1314.52,1316.22,182.94,-2.356731,+,E200>E100>E50>E20,Btw_100-50,DOWN,0,0.33489162,0.10483096,0.23006066,86.5483,80.4910,0.0000,1314.48,1311.12,1312.80,3.36,4.328193,0.974007,2.051594,0,0.355991,11.3400,15.039424,-0.679120,-0.10520000,0.596084,0.120582,0.026006,-0.034539,-0.297450,-3.934116,4.231566,1.874835,1.577385,1,1,1,1,51.5719,16.8261,164.8804,23.3738,18.5653,4.8086,2.08,0.158077,1313.44,1315.51,1317.15,1317.77,337.88,-1.626159,+,E200>E100>E50>E20,Btw_50-20,DOWN,0,-1.05205628,-1.56738387,0.51532759,65.0788,49.3338,0.0000,1315.57,1309.47,1312.52,6.10,2.936723,0.806804,0.900999,0,1.515977,1.5719,24.708838,-1.585962,0.18880000,1.832635,-0.031844,-0.055936,-0.024219,-0.995087,-1.088385,2.083472,0.457313,-0.537774,1,1,1,1,46.5993,21.4476,-22.4285,16.5877,16.0370,0.5507,2.26,0.171696,1314.88,1317.10,1317.76,1313.33,106.50,0.471913,+,E100>E50>E20>E200,Btw_200-100,RANGE,1,-1.81208417,-1.75880974,-0.05327442,74.7464,68.2005,-53.1168,1323.66,1308.18,1315.92,15.48,6.861274,0.401128,-0.678387,0,2.878902,-3.4007,17.208493,-2.532949,-0.01780000,0.962059,-0.122207,-0.085909,-0.002826,-0.981978,1.672173,1.965411,-0.218282,-1.200260,1,1,1,1,43.6167,19.9334,-67.0540,15.8927,17.6035,1.7109,2.60,0.197867,1316.28,1317.62,1313.37,1301.27,1311.59,5.043126,-,E50>E20>E100>E200,Btw_100-50,RANGE,1,-1.92761863,-1.03357602,-0.89404261,36.3806,25.7523,-57.9875,1323.95,1310.24,1317.10,13.71,5.271698,0.302638,-1.040431,0,1.094619,-6.3833,20.963224,0.694393,-0.22420000,0.698798,-0.216028,-0.098278,0.041469,-0.515168,6.283360,6.283360,-0.725066,-1.240234,1,1,1,1,50.5817,29.0142,-124.7659,12.9206,28.5084,15.5878,5.81,0.441764,1316.34,1304.03,1287.37,1267.46,4692.76,8.081914,-,E20>E50>E100>E200,Btw_50-20,UP,1,2.97348503,5.50850776,-2.53502274,26.9942,33.5522,-76.0755,1330.90,1311.05,1320.98,19.86,3.419974,0.168364,-1.134186,0,-1.029782,0.5817,-3.473739,-0.750060,0.27410000,1.308950,-0.012827,0.091010,0.085833,2.119172,6.297870,8.417042,-0.335128,1.784044,1,1,1,1
103,52,0,1970.01.01 00:00:00,PROTOCOL_DISABLED,ACTUAL_PROFILE_D_EXECUTION,52,206,1,2014.02.20 06:55:00,BUY,PROFILE_D_FULL,0,1313.82,1313.82,300.00,1314.83,1313.65,1312.73,1310.84,1308.78,1312.64,0,6,4,2,Asia,0,EMA->TP2,1,0,1,0,1,2,2.06,2.07,0.00,25,0,1,1,0.23,1313.07,1313.05,1312.64,29.0686,46.5179,47.8912,39,32,5,7,27,34,3.857143,18.8226,2.860972,0.000000,5,4,5,0,6,51.1672,36.6595,68.3692,15.1398,12.9740,2.1658,0.15,0.011363,1313.44,1313.41,1313.10,1312.65,87.56,5.866593,+,E20>E50>E100>E200,Up_EMA20,UP,1,-0.08448767,-0.10446779,0.01998012,86.6502,79.6157,-34.2537,1314.57,1312.59,1313.58,1.98,13.289040,0.469950,-0.399330,0,0.572018,1.1672,27.975073,-1.627977,-0.07050000,0.297459,-0.071495,-0.019418,0.047553,0.176528,5.107119,5.283647,0.582946,0.759474,1,1,1,1,56.7611,24.5806,12.4370,18.1825,16.8076,1.3749,0.71,0.053863,1313.11,1312.58,1312.85,1314.22,70.00,-0.989413,+,E200>E20>E100>E50,Btw_200-100,RANGE,0,0.38110100,0.45990443,-0.07880343,28.7687,23.5260,-46.8998,1314.37,1311.88,1313.13,2.48,3.511195,0.659852,0.561272,0,-2.100295,6.7611,-13.597965,-1.727165,0.03685000,1.352126,0.056252,0.053194,-0.011401,0.752870,-2.321870,2.321870,0.579588,1.332457,1,1,1,1,55.0349,19.0959,75.4366,24.3755,18.7623,5.6132,1.09,0.083154,1312.57,1313.53,1315.32,1316.62,309.76,-2.835938,+,E200>E100>E50>E20,Btw_50-20,DOWN,0,0.13232638,-0.21597773,0.34830411,58.0841,65.3112,-23.2696,1314.15,1309.91,1312.03,4.25,3.887120,0.851496,1.366308,0,1.055673,5.0349,1.443941,0.873122,0.06815000,1.453426,0.102296,-0.003862,-0.029887,-0.879891,-2.830145,3.710036,0.874098,-0.005793,1,1,1,1,49.4379,28.0620,115.5254,24.3833,8.0062,16.3771,1.56,0.118707,1313.13,1315.29,1316.61,1313.18,34.64,0.222179,+,E100>E50>E200>E20,Btw_50-20,RANGE,1,-0.92369174,-1.57335311,0.64966137,82.9494,88.5747,-19.4303,1314.43,1309.42,1311.92,5.01,3.211864,0.819293,1.025525,0,0.926502,-0.5621,21.009623,1.702651,-0.04205000,0.881181,0.002447,-0.061868,-0.000569,-1.387769,1.355906,2.234510,0.254042,-1.133727,1,1,1,1,45.2751,22.8856,-2.4525,21.3147,11.5202,9.7945,2.19,0.166651,1314.50,1316.51,1313.19,1301.77,1175.47,5.369903,+,E50>E20>E100>E200,Btw_100-50,RANGE,1,-1.94474883,-2.09836422,0.15361539,76.3019,63.0697,-61.2742,1323.38,1307.26,1315.32,16.11,7.360949,0.388566,-0.820260,0,2.898393,-4.7249,21.047350,-0.054681,-0.20415000,0.681985,-0.115912,-0.081720,0.049977,-0.918851,6.735819,6.735819,-0.447065,-1.365916,1,1,1,1,49.8128,29.9399,-107.2954,12.0439,25.1692,13.1253,5.98,0.455359,1315.75,1304.26,1287.82,1267.88,4563.90,7.630350,-,E20>E50>E100>E200,Btw_50-20,UP,1,2.22204038,4.83111371,-2.60907333,24.3979,24.8156,-76.1886,1331.20,1309.38,1320.29,21.83,3.649293,0.190008,-1.131252,0,-1.402528,-0.1872,-10.857197,0.140624,0.26155000,1.279822,-0.037832,0.073674,0.079615,1.920019,6.082139,8.002158,-0.371808,1.548211,1,1,1,1
104,52,0,1970.01.01 00:00:00,PROTOCOL_DISABLED,ACTUAL_PROFILE_D_EXECUTION,52,207,2,2014.02.20 07:04:32,BUY,LADDER,0,1313.13,1312.81,300.00,1314.83,1313.65,1312.73,1310.84,1308.78,1312.64,0,7,4,2,London,1,EMA->TP2,1,0,1,0,1,2,2.06,2.07,0.00,25,0,1,1,1.83,1313.05,1312.64,1313.11,46.5179,47.8912,42.2889,41,14,3,27,11,38,0.407407,4.2290,0.276029,0.000000,3,3,4,0,6,37.6079,29.9419,-142.2060,10.8456,27.8402,16.9946,0.21,0.015730,1313.36,1313.39,1313.15,1312.71,9.08,0.439739,-,E50>E20>E100>E200,Btw_200-100,RANGE,1,-0.11181776,-0.03753723,-0.07428052,7.1628,8.5921,-100.0000,1313.91,1312.72,1313.31,1.19,5.776703,0.069910,-2.484504,0,-2.851546,-12.3921,-41.088334,-0.473622,-0.01795000,0.697046,-0.167261,-0.062527,0.019618,-0.171701,3.302184,3.302184,-2.690744,-2.862445,1,1,1,1,48.7581,24.0292,-111.9422,25.3500,25.1289,0.2211,0.74,0.056406,1313.09,1312.59,1312.85,1314.21,140.88,-1.902507,+,E200>E20>E100>E50,Btw_50-20,RANGE,0,0.31641518,0.44277106,-0.12635588,34.9181,27.3850,-92.2853,1314.37,1311.93,1313.15,2.44,3.291710,0.357375,-0.469480,0,-4.460646,-1.2419,-48.159232,-2.453942,0.01905000,1.147617,0.012946,0.034195,-0.014491,0.673796,-2.183993,2.183993,-0.392310,0.281487,1,1,1,1,50.7264,19.7540,49.0083,21.1254,14.4047,6.7207,1.12,0.085200,1312.60,1313.50,1315.27,1316.58,378.25,-3.381755,+,E200>E100>E50>E20,Btw_50-20,DOWN,0,0.13126781,-0.13174070,0.26300851,40.4999,53.4816,-37.5074,1314.25,1309.95,1312.10,4.30,3.844117,0.663595,0.628878,0,-1.210495,0.7264,-20.398872,0.935974,0.02740000,1.139582,0.075836,-0.009576,-0.030400,-0.809726,-2.752893,3.562619,0.180864,-0.628862,1,1,1,1,47.1382,31.0621,72.9732,21.1322,6.9387,14.1935,1.53,0.116678,1313.10,1315.20,1316.54,1313.17,37.28,-0.243367,+,E100>E50>E200>E20,Down_EMA200,RANGE,0,-0.84004269,-1.45091731,0.61087462,63.2207,79.2932,-31.3190,1314.53,1309.45,1311.99,5.08,3.314991,0.659727,0.529492,0,0.341361,-2.8618,3.915407,2.392406,0.01555000,1.053473,0.011156,-0.056816,0.000367,-1.366165,1.320690,2.241450,-0.197892,-1.564056,1,1,1,1,43.6318,23.8115,-5.9062,18.4727,9.9842,8.4885,1.80,0.136769,1314.35,1316.37,1313.19,1301.88,1092.20,6.082981,+,E50>E20>E100>E200,Btw_200-100,RANGE,1,-1.83454224,-2.13096524,0.29642300,77.9873,72.0759,-65.3082,1322.93,1307.08,1315.01,15.84,8.824773,0.360876,-1.227736,0,0.765150,-6.3682,15.349816,-0.033280,-0.37105000,0.491817,-0.118693,-0.091926,0.061290,-1.126765,8.071307,8.071307,-0.861562,-1.988326,1,1,1,1,48.8960,29.9399,-111.3621,12.0439,25.1692,13.1253,5.98,0.455610,1315.68,1304.23,1287.80,1267.88,4492.42,7.510841,-,E20>E50>E100>E200,Btw_50-20,UP,1,2.16444494,4.82471422,-2.66026928,22.6162,24.2217,-79.7022,1331.26,1309.25,1320.25,22.01,3.680611,0.161489,-1.245927,0,-1.585895,-1.1040,-11.670526,0.140624,0.26155000,1.279822,-0.040131,0.072727,0.079375,1.913257,6.078607,7.991863,-0.481022,1.432234,1,1,1,1
105,53,0,1970.01.01 00:00:00,PROTOCOL_DISABLED,ACTUAL_PROFILE_D_EXECUTION,53,210,1,2014.02.20 14:32:00,SELL,PROFILE_D_FULL,0,1314.08,1314.08,300.00,1310.86,1314.62,1317.57,1323.58,1330.18,1313.81,0,14,4,2,Overlap,3,EMA->TP2,1,0,1,0,1,2,2.50,11.55,0.00,57,0,1,1,0.02,1312.22,1313.26,1317.44,78.8908,75.0962,73.5659,73,66,61,7,5,12,0.714286,5.3249,9.850071,0.000000,61,1,6,2,6,34.0838,24.2827,-222.6460,10.8238,25.3674,14.5436,0.53,0.040351,1315.03,1314.94,1314.31,1313.81,27.06,0.510388,-,E20>E50>E100>E200,Btw_200-100,UP,1,-0.22828692,-0.09237208,-0.13591485,29.4810,37.3268,-78.1380,1316.06,1314.29,1315.17,1.78,3.352475,-0.114829,-2.061198,0,-3.214354,-15.9162,-31.721229,0.472352,0.03255000,1.442857,-0.105797,-0.025772,0.016110,0.168314,2.121252,2.289566,-1.779178,-1.610864,1,1,1,1,50.4182,29.8106,-93.1544,12.6967,17.7624,5.0656,1.05,0.080075,1314.26,1313.71,1313.55,1313.90,17.78,0.168953,-,E20>E200>E50>E100,Btw_50-20,RANGE,1,0.64022568,0.73993474,-0.09970906,23.2823,29.3795,-61.6584,1318.28,1309.19,1313.73,9.09,8.637551,0.538239,0.330292,0,-1.932542,0.4182,-30.222254,-0.987384,-0.04010000,0.839952,0.083961,0.053317,0.010665,0.521373,-0.181659,0.680053,-0.170760,0.350613,1,1,1,1,52.6418,20.7507,45.0403,14.8349,25.0370,10.2021,1.48,0.112474,1313.60,1313.59,1314.54,1315.82,174.29,-1.179201,-,E200>E100>E20>E50,Btw_100-50,RANGE,0,0.26518060,-0.15784840,0.42302900,63.8389,72.3385,-33.2772,1316.59,1310.32,1313.46,6.27,4.241166,0.599666,0.422700,0,1.448193,2.6418,19.680396,-2.571909,-0.26420000,0.528046,0.123283,0.043451,-0.005335,0.008436,-1.512741,1.512741,0.325103,0.333540,1,1,1,1,51.4563,26.5913,40.3107,13.1893,23.1390,9.9497,3.22,0.245380,1313.52,1314.51,1315.80,1313.25,83.53,0.259050,-,E100>E50>E20>E200,Btw_50-20,RANGE,1,-0.04432023,-0.20678768,0.16246745,73.7063,68.2634,-33.2772,1316.00,1311.17,1313.59,4.83,1.498493,0.602175,0.153109,1,1.017964,1.4563,32.203067,-0.742391,0.33075000,2.052841,-0.003618,-0.016648,-0.000070,-0.306388,0.390901,0.791408,0.174537,-0.131851,1,1,1,1,49.0631,19.4889,87.8740,15.0811,17.0548,1.9737,4.80,0.365046,1313.91,1315.67,1313.23,1302.66,1141.75,2.380144,-,E50>E20>E100>E200,Btw_50-20,RANGE,1,-1.01009015,-1.43972766,0.42963752,59.1312,46.6497,-33.2772,1317.54,1308.25,1312.89,9.29,1.936698,0.628257,0.248395,1,0.374104,-0.9369,-0.477387,-1.563673,0.55770000,2.388350,-0.018324,-0.022907,0.022446,-0.366973,2.710378,2.710378,0.036739,-0.330234,1,1,1,1,50.6365,29.0499,-81.5758,13.0547,26.1181,13.0634,5.77,0.438728,1315.37,1304.99,1288.83,1268.79,4529.18,7.855993,-,E20>E50>E100>E200,Btw_50-20,UP,1,1.55302078,3.63512035,-2.08209957,44.8858,32.4154,-61.9266,1330.37,1308.04,1319.20,22.33,3.873008,0.270644,-0.888296,0,-0.136485,0.6365,0.338406,0.577821,0.02735000,1.024296,-0.057725,0.059419,0.078057,1.801779,6.278207,8.079986,-0.223993,1.577786,1,1,1,1
106,53,0,1970.01.01 00:00:00,PROTOCOL_DISABLED,ACTUAL_PROFILE_D_EXECUTION,53,211,2,2014.02.20 15:00:00,SELL,LADDER,0,1315.30,1317.30,300.00,1310.86,1314.62,1317.57,1323.58,1330.18,1313.81,0,15,4,2,Overlap,3,EMA->TP2,1,0,1,0,1,2,2.50,11.55,0.00,57,0,1,1,2.48,1315.38,1313.31,1314.47,41.0558,23.7228,85.1314,32,22,7,10,15,25,1.500000,44.0755,1.920509,0.000000,7,1,3,2,6,67.6876,48.9241,149.4075,40.0714,9.9001,30.1713,0.47,0.035866,1313.82,1313.88,1313.85,1313.66,164.66,3.490437,+,E50>E100>E20>E200,Up_EMA200,RANGE,1,0.28390225,0.06628476,0.21761749,82.2249,64.9559,0.0000,1315.28,1311.48,1313.38,3.81,8.066036,1.005328,4.075994,0,2.035906,17.6876,10.941611,-0.569319,0.00400000,1.044272,0.168199,0.048501,0.015782,-0.127717,0.479109,0.479109,3.139045,3.011328,1,1,1,1,58.5186,30.4871,37.4967,29.8329,10.4173,19.4155,1.09,0.082852,1313.95,1313.65,1313.52,1313.87,143.11,1.313277,+,E20>E200>E50>E100,Up_EMA200,RANGE,1,0.23575333,0.33447690,-0.09872358,88.5163,68.1932,-18.1414,1317.18,1311.88,1314.53,5.30,4.865678,0.645265,0.706813,0,3.767155,8.5186,62.092347,-0.047442,-0.13940000,0.609906,0.003099,0.009696,-0.000261,0.275884,-0.203536,0.389797,1.240928,1.516812,1,1,1,1,56.3646,19.9243,77.5414,22.0161,20.8037,1.2124,2.28,0.173192,1313.67,1313.61,1314.51,1315.79,48.31,-0.212075,+,E200>E100>E20>E50,Btw_200-100,RANGE,0,0.28482584,-0.05709700,0.34192284,49.3744,50.6800,-21.1980,1316.72,1310.15,1313.44,6.57,2.885623,0.783923,0.819293,0,-0.512556,6.3646,-8.466569,-1.136597,-0.14100000,0.763661,0.044371,0.016403,-0.005962,0.024990,-0.954615,0.954615,0.717550,0.742540,1,1,1,1,55.1604,27.7681,84.8444,11.7448,22.3593,10.6145,2.96,0.225233,1313.71,1314.55,1315.79,1313.27,203.29,0.686203,-,E100>E50>E20>E200,Btw_100-50,RANGE,1,0.10931028,-0.17718478,0.28649506,73.4398,73.5132,-21.1980,1316.21,1311.27,1313.74,4.94,1.668852,0.815576,0.526650,1,3.930110,5.1604,84.415968,-0.886753,0.06220000,1.117292,0.033940,-0.001937,0.003855,-0.283403,0.430978,0.851825,0.538628,0.255225,1,1,1,1,51.7801,17.7093,106.8126,13.0703,14.7808,1.7105,5.20,0.395061,1314.06,1315.66,1313.27,1302.79,1250.98,2.407471,-,E50>E20>E100>E200,Btw_50-20,RANGE,1,-0.77078083,-1.30835610,0.53757527,75.0627,62.3445,-21.1980,1316.37,1309.00,1312.68,7.38,1.419906,0.854769,0.503738,1,1.371044,1.7801,6.052199,-1.523186,0.62730000,2.522758,-0.007087,-0.016917,0.021380,-0.308562,2.476257,2.476257,0.239777,-0.068785,1,1,1,1,52.2865,29.0499,-74.2688,13.0547,26.1181,13.0634,5.77,0.438321,1315.49,1305.03,1288.85,1268.80,4649.96,8.065500,-,E20>E50>E100>E200,Btw_50-20,UP,1,1.65034272,3.64593389,-1.99559118,48.2630,33.5411,-55.0339,1330.33,1308.20,1319.26,22.13,3.838419,0.320951,-0.687264,0,0.193513,2.2865,1.799817,0.577821,0.02735000,1.024296,-0.053694,0.061079,0.078478,1.813634,6.284400,8.098034,-0.032534,1.781100,1,1,1,1
107,54,0,1970.01.01 00:00:00,PROTOCOL_DISABLED,ACTUAL_PROFILE_D_EXECUTION,54,214,1,2014.02.24 17:42:00,BUY,PROFILE_D_FULL,0,1337.18,1337.18,300.00,1338.31,1336.99,1335.96,1333.86,1331.55,1336.22,0,17,1,2,NewYork,2,EMA->TP2,1,0,1,0,1,2,2.24,1.80,0.00,37,0,1,1,0.17,1336.94,1336.76,1336.54,26.5440,31.1784,31.3162,18,6,3,12,3,15,0.250000,4.7722,2.285714,0.000000,3,6,3,0,6,45.1255,30.9932,-6.6334,15.9470,23.2292,7.2822,0.18,0.013090,1337.08,1337.26,1337.09,1336.22,71.96,4.111830,-,E50>E100>E20>E200,Btw_200-100,RANGE,1,-0.16596750,-0.14943170,-0.01653580,61.6016,40.3782,-55.5556,1337.50,1336.62,1337.06,0.88,5.052940,0.365821,-0.678000,0,0.130188,-4.8745,11.007866,0.326532,-0.01765000,0.664767,-0.181872,-0.109570,0.035180,-1.043718,5.919019,5.919019,-0.763470,-1.807188,1,1,1,1,50.8581,27.7711,-82.7487,7.7014,15.9796,8.2782,0.65,0.048618,1337.09,1335.85,1333.86,1330.76,618.34,9.512882,-,E20>E50>E100>E200,Btw_50-20,UP,1,0.35652164,0.60488077,-0.24835913,27.9991,24.3562,-77.6892,1338.79,1336.33,1337.56,2.46,3.791124,0.249212,-0.950769,0,-1.437480,0.8581,-21.143699,0.305647,-0.06000000,0.684211,-0.019488,0.078302,0.098525,1.908416,7.835314,9.743730,-0.230848,1.677568,1,1,1,1,58.7477,14.6671,36.7324,14.9179,15.8589,0.9410,1.35,0.101052,1335.53,1332.29,1328.73,1324.91,1203.60,8.908921,-,E20>E50>E100>E200,Up_EMA20,UP,1,1.68195691,1.73138689,-0.04942998,40.5169,45.1354,-19.0785,1340.01,1330.02,1335.02,9.99,7.397213,0.692713,1.425537,0,-1.895644,8.7477,-19.025097,-1.300430,-0.04855000,0.847686,0.166734,0.163540,0.093997,2.395868,5.467411,7.863278,1.045643,3.441510,1,1,1,1,66.2699,26.9324,78.8847,16.5531,8.1552,8.3979,1.94,0.145294,1333.44,1328.96,1325.10,1320.64,1630.08,8.391660,+,E20>E50>E100>E200,Up_EMA20,UP,1,2.80337087,2.60569181,0.19767906,65.1637,76.8818,-19.0785,1338.65,1328.97,1333.81,9.68,4.985786,0.823256,1.611686,0,-0.811602,16.2699,-22.030175,0.922934,-0.44035000,0.468722,0.244602,0.185718,0.086964,2.302840,4.283591,6.586431,1.805229,4.108069,1,1,1,1,73.2467,39.0305,114.7858,22.2885,8.1550,14.1335,4.13,0.308577,1330.25,1325.20,1320.73,1311.04,2589.85,6.277651,+,E20>E50>E100>E200,Up_EMA20,UP,1,3.81769945,3.29749648,0.52020296,81.9382,68.8168,-10.4385,1339.72,1318.29,1329.00,21.43,5.195056,0.870447,1.924494,0,0.520756,23.2467,5.459036,0.243724,0.07940000,1.106477,0.151027,0.103698,0.058961,1.224519,3.431881,4.656400,1.621251,2.845771,1,1,1,1,72.2127,26.9227,181.7180,27.4872,10.3927,17.0945,8.16,0.610273,1324.46,1314.05,1297.83,1276.20,6074.50,7.445150,+,E20>E50>E100>E200,Up_EMA20,UP,1,5.06158536,3.33439848,1.72718688,87.1682,79.3194,-7.7191,1336.59,1306.64,1321.62,29.95,3.670359,1.011798,1.878484,0,2.211323,22.2127,17.370941,1.005215,0.67340000,1.702629,0.122749,0.095941,0.069499,1.276096,4.639243,5.915340,1.529810,2.805906,1,1,1,1
108,54,0,1970.01.01 00:00:00,PROTOCOL_DISABLED,ACTUAL_PROFILE_D_EXECUTION,54,215,2,2014.02.24 17:46:34,BUY,LADDER,0,1336.31,1336.05,300.00,1338.31,1336.99,1335.96,1333.86,1331.55,1336.22,0,17,1,2,NewYork,2,EMA->TP2,1,0,1,0,1,2,2.24,1.80,0.00,37,0,1,1,2.07,1336.94,1336.76,1336.54,26.5440,31.1784,31.3162,22,10,7,12,3,15,0.250000,4.7722,1.038961,0.000000,7,5,3,0,6,32.3310,27.4505,-224.6656,13.9878,32.5041,18.5163,0.39,0.028816,1336.89,1337.15,1337.04,1336.23,18.89,-0.490578,-,E50>E100>E20>E200,Down_EMA200,RANGE,0,-0.23743528,-0.17791859,-0.05951669,22.7687,42.7436,-100.0000,1337.53,1336.30,1336.92,1.22,3.172958,-0.211819,-2.258571,0,-2.558894,-17.6690,-33.686986,-1.090236,0.03200000,1.711111,-0.104242,-0.062653,0.010221,-0.679361,2.378407,2.378407,-2.189624,-2.868985,1,1,1,1,44.6565,31.3461,-148.8582,6.6745,22.7180,16.0435,0.72,0.054190,1336.99,1335.86,1333.90,1330.81,523.48,7.230335,-,E20>E50>E100>E200,Btw_50-20,UP,1,0.23577256,0.54760879,-0.31183624,13.5166,20.0950,-100.0000,1338.88,1336.08,1337.48,2.79,3.857194,-0.013552,-1.980870,0,-1.594618,-5.3435,-19.267582,1.274861,-0.01520000,0.905000,-0.044822,0.055604,0.084546,1.565224,6.972331,8.537555,-1.307220,0.258004,1,1,1,1,54.9047,15.9207,-2.2038,12.9289,21.1254,8.1965,1.25,0.093485,1335.58,1332.44,1328.87,1325.02,1102.91,8.830350,-,E20>E50>E100>E200,Up_EMA20,UP,1,1.52108759,1.74328849,-0.22220090,13.0441,30.8139,-38.5972,1340.08,1330.30,1335.19,9.78,7.831192,0.587796,0.687550,0,-2.068625,4.9047,-19.224384,-0.831408,-0.07630000,0.766023,0.137310,0.159309,0.097959,2.513073,5.943012,8.456085,0.374265,2.887338,1,1,1,1,62.8722,24.0581,66.3214,16.5531,12.8926,3.6605,2.07,0.154673,1333.35,1328.93,1325.09,1320.63,1541.37,7.458851,+,E20>E50>E100>E200,Up_EMA20,UP,1,2.73189509,2.59775005,0.13414503,60.1759,75.2193,-27.7514,1338.51,1329.03,1333.77,9.48,4.588709,0.740389,1.103073,0,-1.491143,12.8722,-24.542817,0.348092,-0.41555000,0.498643,0.221666,0.171174,0.080882,2.140368,4.013866,6.154234,1.304617,3.444985,1,1,1,1,70.5056,38.8242,107.1756,22.2885,8.4802,13.8083,4.25,0.318065,1330.17,1325.17,1320.71,1311.03,2501.14,5.885720,+,E20>E50>E100>E200,Up_EMA20,UP,1,3.74622366,3.28955473,0.45666893,78.9594,67.8239,-15.1838,1339.55,1318.37,1328.96,21.18,4.983977,0.834679,1.668032,0,-0.027468,20.5056,3.936982,0.202455,0.10420000,1.139734,0.142604,0.099018,0.056821,1.176976,3.325568,4.502544,1.383176,2.560152,1,1,1,1,70.6498,26.9063,178.6970,27.4026,10.3927,17.0099,8.17,0.611730,1324.37,1314.01,1297.81,1276.19,5985.79,7.323858,+,E20>E50>E100>E200,Up_EMA20,UP,1,4.99010957,3.32645672,1.66365285,85.6166,78.8022,-11.2282,1336.36,1306.78,1321.57,29.59,3.620169,0.989236,1.771118,0,1.898737,20.6498,16.766739,1.001940,0.67620000,1.705551,0.120451,0.094917,0.069162,1.267769,4.628088,5.895857,1.428001,2.695770,1,1,1,1
109,55,0,1970.01.01 00:00:00,PROTOCOL_DISABLED,ACTUAL_PROFILE_D_EXECUTION,55,218,1,2014.02.26 01:04:01,BUY,PROFILE_D_FULL,0,1340.61,1340.61,300.00,1343.75,1340.09,1337.21,1331.35,1324.91,1340.65,0,1,3,2,Asia,0,EMA->TP1,1,0,1,0,1,1,3.20,3.55,0.00,289,1,0,1,3.20,1339.77,1339.77,1339.34,32.2648,40.9068,48.9874,17,11,3,6,8,14,1.333333,16.7226,0.988479,0.000000,3,5,2,1,6,57.3650,18.1979,142.3369,18.6485,12.5490,6.0995,0.43,0.032381,1340.02,1340.17,1340.37,1340.65,35.49,-0.817707,+,E200>E100>E50>E20,Btw_100-50,DOWN,0,-0.03229907,-0.09045754,0.05815847,77.8989,64.9212,-13.6240,1340.33,1339.54,1339.93,0.79,1.820207,0.954701,0.827650,1,4.776398,7.3650,56.229828,-0.862885,0.02160000,1.331288,0.005746,-0.016285,-0.015297,-0.359874,-1.097656,1.457530,0.639823,0.279949,1,1,1,1,47.6534,29.5676,-60.7415,11.9138,23.1880,11.2742,0.61,0.045643,1340.34,1340.70,1340.36,1338.95,134.75,2.202725,-,E50>E100>E20>E200,Btw_200-100,RANGE,1,-0.24988834,-0.21095677,-0.03893157,40.2065,31.3198,-49.7357,1341.40,1339.57,1340.48,1.83,2.996418,0.396948,-0.308786,0,0.533741,-2.3466,3.119455,0.571824,0.01010000,1.089978,-0.078529,-0.052222,0.017272,-0.577008,2.861505,2.861505,-0.081772,-0.658780,1,1,1,1,47.9461,23.4429,-99.3769,13.4955,28.5708,15.0753,0.79,0.058942,1340.64,1339.63,1337.58,1333.80,648.95,8.214596,-,E20>E50>E100>E200,Btw_50-20,UP,1,-0.03301826,0.17447341,-0.20749167,30.2961,32.5615,-62.4852,1343.07,1338.91,1340.99,4.16,5.264490,0.331724,-0.885886,0,-1.133441,-2.0539,-17.183264,1.209063,0.03890000,1.326616,-0.078247,0.030475,0.082774,1.274112,7.375334,8.649445,-0.434850,0.839262,1,1,1,1,54.1838,20.8560,-86.4120,15.0387,18.7946,3.7559,1.10,0.081960,1340.01,1337.64,1333.90,1328.12,1217.54,11.083620,-,E20>E50>E100>E200,Up_EMA20,UP,1,0.94501931,1.46278732,-0.51776801,28.6553,35.2171,-77.5549,1343.66,1338.24,1340.95,5.42,4.932774,0.378208,-0.600774,0,-0.385298,4.1838,-5.464341,-2.443898,-0.14370000,0.604568,0.039053,0.110218,0.114512,2.163488,8.665935,10.829423,0.254198,2.417686,1,1,1,1,59.0001,23.3350,16.6463,12.8211,14.3960,1.5750,1.53,0.113800,1338.60,1334.12,1328.33,1317.87,2242.28,14.701048,-,E20>E50>E100>E200,Up_EMA20,UP,1,2.11853665,2.38207846,-0.26354182,21.2263,22.8900,-28.2060,1344.62,1331.61,1338.11,13.01,8.526748,0.667584,1.428946,0,-2.449795,9.0001,-20.852490,-2.858965,-0.13090000,0.699736,0.146621,0.180593,0.151081,2.939712,10.651052,13.590764,1.110284,4.049996,1,1,1,1,67.3953,30.4617,93.1573,21.2249,8.9281,12.2968,4.60,0.342873,1332.11,1320.60,1303.75,1280.93,5936.10,12.917212,+,E20>E50>E100>E200,Up_EMA20,UP,1,6.08174609,5.55201462,0.52973147,82.9198,83.8488,-13.2037,1346.38,1314.90,1330.64,31.48,6.849977,0.806596,2.100174,0,0.596798,17.3953,5.271395,1.756104,0.14170000,1.182274,0.222077,0.185305,0.131259,2.504760,8.632456,11.137216,1.779996,4.284756,1,1,1,1
110,56,0,1970.01.01 00:00:00,PROTOCOL_DISABLED,ACTUAL_PROFILE_D_EXECUTION,56,220,1,2014.02.26 23:01:00,SELL,PROFILE_D_FULL,0,1329.74,1329.74,300.00,1327.39,1330.13,1332.29,1336.68,1341.50,1329.20,0,23,3,2,Asia,0,EMA->TP1,1,0,1,0,1,1,2.19,1.70,0.00,120,1,0,1,2.19,1330.91,1330.98,1331.03,88.1726,80.7110,52.3360,21,18,6,3,12,15,4.000000,35.8366,0.293930,0.000000,6,3,1,0,6,34.3633,22.1761,-208.2600,10.7176,27.3280,16.6105,0.39,0.029423,1330.41,1330.09,1329.62,1329.21,53.66,1.371559,-,E20>E50>E100>E200,Btw_100-50,UP,1,-0.00763688,0.16529297,-0.17292985,31.9422,26.4221,-70.8057,1331.19,1329.96,1330.58,1.23,3.149907,-0.178553,-2.137380,0,-4.860551,-15.6367,-37.101028,1.550091,0.03030000,1.631908,-0.088707,0.008880,0.025591,0.814717,2.261100,3.075817,-1.704258,-0.889541,1,1,1,1,53.4012,45.7124,-14.2096,32.1509,19.7224,12.4286,0.72,0.053845,1329.68,1329.26,1330.28,1332.80,305.76,-4.270452,+,E200>E100>E20>E50,Btw_100-50,RANGE,0,0.49067459,0.40400705,0.08666755,51.4785,69.8313,-49.6709,1331.13,1327.74,1329.44,3.39,4.727925,0.590674,0.428701,0,-4.011128,3.4012,-41.473673,1.428969,0.04895000,1.519363,0.139153,0.075196,-0.033132,0.589477,-4.946823,4.946823,0.086894,0.676371,1,1,1,1,49.7760,23.3432,63.3202,24.5083,19.7468,4.7615,1.01,0.076143,1329.40,1331.61,1334.02,1334.13,439.01,-4.335895,+,E200>E100>E50>E20,Btw_50-20,DOWN,0,-0.31394664,-0.80748279,0.49353615,75.4009,85.3162,-37.9361,1330.67,1327.06,1328.87,3.61,3.569890,0.742412,0.865383,0,0.919157,-0.2240,10.363617,1.275008,0.04920000,1.320939,0.073538,-0.072672,-0.042447,-2.184791,-2.486182,4.670973,0.335077,-1.849714,1,1,1,1,42.8451,24.4904,84.3503,23.4614,14.0150,9.4463,1.19,0.089585,1330.69,1333.84,1334.03,1330.39,65.09,-0.546427,+,E100>E50>E20>E200,Down_EMA200,RANGE,0,-2.01498650,-2.79582866,0.78084216,77.4000,77.9344,-27.5879,1334.64,1324.35,1329.49,10.29,8.633811,0.524191,0.208856,0,0.784432,-7.1549,19.735824,-0.084328,-0.13055000,0.646014,-0.124461,-0.161194,-0.007830,-2.644183,2.895397,3.054404,-0.797641,-3.441824,1,1,1,1,39.9822,25.7582,-35.5667,17.7102,13.0316,4.6786,1.63,0.122731,1332.93,1333.91,1330.39,1321.05,869.18,5.325871,+,E50>E20>E100>E200,Btw_200-100,RANGE,1,-2.54545709,-2.18760181,-0.35785529,82.6738,73.4405,-63.9549,1347.14,1322.44,1334.79,24.70,15.134465,0.295714,-3.091759,0,0.536700,-10.0178,13.600326,-2.016331,-0.88715000,0.268963,-0.274935,-0.121030,0.052641,-0.595184,7.876794,7.876794,-1.955739,-2.550923,1,1,1,1,49.2904,21.5338,-106.5951,19.7861,18.7355,1.0505,7.82,0.588216,1332.20,1322.81,1306.52,1283.47,4627.09,5.915671,+,E20>E50>E100>E200,Btw_50-20,UP,1,2.98836461,5.21216473,-2.22380012,23.7533,24.7515,-67.7284,1346.61,1320.62,1333.61,25.99,3.322610,0.351089,-0.494774,0,-3.867610,-0.7096,-39.523393,-1.283523,0.52535000,1.505630,0.000793,0.055729,0.064745,1.201303,5.029010,6.230313,-0.314643,0.886661,1,1,1,1
111,57,0,1970.01.01 00:00:00,PROTOCOL_DISABLED,ACTUAL_PROFILE_D_EXECUTION,57,222,1,2014.02.27 18:48:02,BUY,PROFILE_D_FULL,0,1331.16,1331.16,300.00,1332.84,1330.88,1329.33,1326.19,1322.74,1332.68,0,18,4,2,NewYork,2,TP3,1,0,1,0,1,3,4.55,10.34,0.00,53,0,0,0,-1.78,1332.36,1331.03,1330.35,13.6545,18.7955,21.1370,31,18,6,13,12,25,0.923077,7.4825,8.822882,0.000000,6,3,2,0,6,37.9264,38.7969,22.8462,11.9754,20.0488,8.0734,0.23,0.017074,1331.16,1331.92,1332.46,1332.66,171.12,-7.529889,-,E200>E100>E50>E20,Down_EMA20,DOWN,0,-0.41581325,-0.51665983,0.10084658,68.3099,61.2582,-58.4615,1331.98,1330.18,1331.08,1.80,7.909966,0.427874,-0.570517,0,1.731983,-12.0736,18.685930,-2.856888,-0.02470000,0.647897,-0.184755,-0.212683,-0.082804,-3.340354,-3.252663,6.593017,-0.936872,-4.277226,1,1,1,1,35.6649,40.3507,-114.0588,6.9050,32.1068,25.2019,0.67,0.050678,1332.32,1332.53,1331.95,1331.33,38.01,-0.563464,-,E50>E20>E100>E200,Down_EMA200,RANGE,0,-0.55439990,-0.17904835,-0.37535156,14.1411,14.8086,-84.7575,1334.88,1330.60,1332.74,4.28,6.338665,0.080522,-2.658933,0,-1.495401,-14.3351,13.355636,4.006255,0.00860000,1.068092,-0.249030,-0.097444,-0.004052,-0.317364,1.787271,1.787271,-2.033372,-2.350735,1,1,1,1,44.0764,23.4487,-168.9818,10.8390,23.6255,12.7865,1.35,0.101338,1332.26,1331.46,1331.52,1332.18,123.35,-0.914532,-,E20>E200>E100>E50,Down_EMA200,RANGE,0,0.14170507,0.61328786,-0.47158280,12.0018,18.6090,-89.7178,1334.68,1330.59,1332.64,4.09,3.033009,0.086814,-1.253197,0,-2.831298,-5.9236,-44.979203,1.053943,0.05195000,1.238522,-0.051004,0.011786,-0.002416,0.593353,-0.535309,0.593353,-0.972577,-0.379224,1,1,1,1,47.7925,17.3900,-103.4739,16.4675,24.2573,7.7898,1.72,0.129513,1331.76,1331.57,1332.20,1330.37,57.33,0.332565,-,E100>E20>E50>E200,Btw_200-100,RANGE,1,0.71860974,0.93007849,-0.21146875,29.4525,40.3060,-78.3167,1335.30,1328.74,1332.02,6.56,3.804953,0.336334,-0.622741,0,-2.100236,-2.2075,-38.487625,-0.923425,-0.24580000,0.583778,0.053473,0.025215,0.013192,0.108986,0.693232,1.057517,-0.469653,-0.360668,1,1,1,1,48.1374,22.7070,36.8532,18.5149,16.8779,1.6370,3.18,0.238928,1331.44,1332.20,1330.39,1322.57,837.57,2.633862,+,E50>E20>E100>E200,Btw_100-50,RANGE,1,-0.02292151,-0.66186323,0.63894172,48.2963,53.9707,-42.0527,1335.29,1325.07,1330.18,10.22,3.213962,0.575388,0.242296,0,-0.689897,-1.8626,-11.886627,0.627418,-0.08115000,0.886844,0.046598,0.005500,0.032346,-0.240487,3.027899,3.027899,-0.153550,-0.394037,1,1,1,1,50.6065,17.8000,-29.8734,18.5165,12.8826,5.6339,5.82,0.437132,1331.68,1324.25,1308.83,1285.78,4517.18,7.764144,+,E20>E50>E100>E200,Btw_50-20,UP,1,1.43805652,2.88607203,-1.44801551,75.1610,61.2822,-62.5135,1345.10,1324.33,1334.71,20.78,3.571157,0.318655,-0.647611,0,0.059473,0.6065,14.476431,-0.757434,-0.40360000,0.742471,-0.020916,0.048402,0.078895,1.277211,6.613141,7.890352,-0.126208,1.151003,1,1,1,1
112,57,0,1970.01.01 00:00:00,PROTOCOL_DISABLED,ACTUAL_PROFILE_D_EXECUTION,57,223,2,2014.02.27 19:03:12,BUY,LADDER,0,1329.41,1329.48,300.00,1332.84,1330.88,1329.33,1326.19,1322.74,1332.68,0,19,4,2,NewYork,2,TP3,1,0,1,0,1,3,4.55,10.34,0.00,53,0,0,0,-0.05,1331.03,1330.35,1329.98,18.7955,21.1370,38.1947,33,21,8,12,13,25,1.083333,19.3992,2.716981,0.000000,8,2,1,0,6,26.7155,59.7438,-139.6456,4.5740,41.7539,37.1799,0.38,0.028907,1330.25,1331.10,1331.86,1332.31,302.63,-7.875820,-,E200>E100>E50>E20,Down_EMA20,DOWN,0,-0.48600577,-0.40321808,-0.08278770,9.1089,9.5189,-100.0000,1331.35,1329.34,1330.35,2.02,5.244585,-0.026341,-2.760442,0,-0.820046,-23.2845,6.787523,2.957160,0.00850000,1.124360,-0.228788,-0.174246,-0.072432,-2.206583,-3.145584,5.352167,-2.523652,-4.730236,1,1,1,1,25.8509,52.4477,-123.2984,4.4949,37.6275,33.1326,0.77,0.058039,1331.62,1332.21,1331.82,1331.28,199.23,-2.582338,-,E50>E100>E20>E200,Down_EMA200,RANGE,0,-0.87436514,-0.46985027,-0.40451486,1.4191,7.1030,-100.0000,1335.17,1329.21,1332.19,5.95,7.714518,0.012026,-3.764485,0,-1.155729,-24.1491,8.836653,4.026494,-0.02460000,0.862493,-0.267735,-0.122244,-0.015672,-0.757264,1.202827,1.202827,-3.027901,-3.785165,1,1,1,1,37.1630,28.9798,-180.4155,9.3938,33.4107,24.0169,1.31,0.098455,1331.88,1331.33,1331.46,1332.14,285.52,-2.181652,-,E200>E20>E100>E50,Down_EMA200,RANGE,0,-0.17650879,0.49241693,-0.66892572,2.8012,6.0067,-100.0000,1335.13,1329.82,1332.48,5.31,4.056289,-0.101168,-2.438510,0,-4.265644,-12.8370,-50.164526,1.828546,0.08480000,1.479231,-0.129416,-0.022427,-0.011168,0.417235,-0.619446,0.619446,-1.979441,-1.562206,1,1,1,1,42.2400,20.3053,-158.4015,14.2719,30.0952,15.8234,1.84,0.138176,1331.42,1331.44,1332.12,1330.35,106.65,-0.580635,-,E100>E50>E20>E200,Down_EMA200,RANGE,0,0.35948740,0.87861993,-0.51913253,4.0148,22.4118,-100.0000,1334.79,1329.40,1332.09,5.40,2.937562,-0.020436,-1.528814,0,-3.332690,-7.7600,-40.231099,0.085990,-0.17260000,0.680341,-0.007698,0.000593,0.006602,-0.007739,0.590149,0.960927,-1.163045,-1.170784,1,1,1,1,44.5030,21.6551,-37.4352,16.0463,22.3289,6.2826,2.31,0.174022,1331.13,1332.04,1330.35,1322.63,665.83,2.878334,-,E50>E20>E100>E200,Btw_200-100,RANGE,1,-0.27768042,-0.51431115,0.23663072,22.7370,41.2112,-55.5375,1335.17,1324.95,1330.06,10.22,4.418031,0.424252,-0.334659,0,-1.401213,-5.4970,-22.611177,0.546597,-0.22330000,0.674466,0.027651,-0.005435,0.040772,-0.394022,4.070170,4.070170,-0.797814,-1.191836,1,1,1,1,48.6427,17.5005,-39.8902,18.5165,13.4922,5.0243,6.08,0.457765,1331.52,1324.19,1308.80,1285.76,4352.63,7.153053,+,E20>E50>E100>E200,Btw_50-20,UP,1,1.30547532,2.87134078,-1.56586546,70.5064,59.7306,-69.7061,1345.17,1324.10,1334.63,21.07,3.462056,0.246200,-0.878669,0,-0.333290,-1.3573,12.473084,-0.817333,-0.35020000,0.776544,-0.025201,0.044136,0.074890,1.205868,6.314973,7.520841,-0.367788,0.838079,1,1,1,1
113,57,0,1970.01.01 00:00:00,PROTOCOL_DISABLED,ACTUAL_PROFILE_D_EXECUTION,57,224,3,2014.02.27 19:15:47,BUY,LADDER,0,1327.26,1326.95,300.00,1332.84,1330.88,1329.33,1326.19,1322.74,1332.68,0,19,4,2,NewYork,2,TP3,1,0,1,0,1,3,4.55,10.34,0.00,53,0,0,0,6.38,1330.35,1329.98,1327.60,21.1370,38.1947,12.0240,33,20,9,13,11,24,0.846154,9.1130,5.848115,0.000000,9,2,1,0,6,25.4576,60.7621,-158.2798,9.4537,44.5702,35.1165,0.47,0.035476,1328.53,1329.87,1331.01,1331.81,486.91,-10.343357,-,E200>E100>E50>E20,Down_EMA20,DOWN,0,-0.85779949,-0.78656569,-0.07123380,3.2078,21.8772,-100.0000,1330.76,1326.61,1328.68,4.15,8.805828,0.079962,-3.698779,0,-0.390976,-24.5424,-13.591660,-0.874312,0.00040000,1.004267,-0.277976,-0.216928,-0.092167,-2.842500,-4.132078,6.974578,-3.368779,-6.211278,1,1,1,1,17.9266,64.3647,-152.9660,2.9260,45.3515,42.4255,1.07,0.080542,1330.48,1331.64,1331.55,1331.16,421.39,-3.942866,-,E50>E100>E200>E20,Down_EMA200,RANGE,0,-1.41014441,-0.84237697,-0.56776744,6.3737,8.9980,-100.0000,1335.66,1326.88,1331.27,8.78,8.213993,0.007513,-4.045287,0,-2.311739,-32.0734,-6.810274,3.985784,0.05225000,1.323529,-0.301282,-0.147484,-0.029106,-1.089140,0.451896,1.089140,-3.305623,-4.394762,1,1,1,1,30.3683,34.3652,-196.0449,8.1413,39.3416,31.2003,1.51,0.113456,1331.22,1331.08,1331.32,1332.07,512.46,-3.403912,-,E200>E100>E20>E50,Down_EMA200,RANGE,0,-0.66901657,0.31305319,-0.98206976,1.0583,3.6864,-100.0000,1336.14,1328.09,1332.11,8.06,5.351224,-0.141898,-3.434939,0,-4.063854,-19.6317,-34.458060,3.297844,0.08325000,1.382144,-0.196079,-0.058177,-0.019702,0.096490,-0.657681,0.657681,-2.842720,-2.746231,1,1,1,1,36.0316,21.1137,-223.4674,14.2719,34.7110,20.4392,2.42,0.182544,1331.20,1331.34,1332.07,1330.33,338.52,-1.397534,-,E100>E50>E20>E200,Down_EMA200,RANGE,0,0.17266119,0.85786146,-0.68520027,3.3908,22.2038,-100.0000,1335.29,1328.67,1331.98,6.62,2.732330,-0.260450,-2.077800,0,-4.574368,-13.9684,-53.244275,0.247657,-0.05550000,0.897213,-0.024254,-0.007133,0.003082,-0.060035,0.419204,0.719129,-1.756704,-1.816739,1,1,1,1,40.0217,22.8523,-79.0103,16.0463,26.9447,10.8984,2.90,0.218453,1330.91,1331.95,1330.30,1322.60,433.96,1.497062,-,E50>E20>E100>E200,Btw_200-100,RANGE,1,-0.46450664,-0.53506961,0.07056298,20.3544,40.4170,-74.5396,1335.22,1324.66,1329.94,10.56,3.643022,0.216005,-1.034601,0,-2.297485,-9.9783,-30.926199,0.786034,-0.10620000,0.845178,0.006677,-0.010674,0.030929,-0.359699,3.224418,3.224418,-1.367657,-1.727356,1,1,1,1,46.1207,15.7572,-56.6081,18.5165,17.5704,0.9461,6.67,0.502697,1331.30,1324.09,1308.75,1285.74,4120.76,6.177592,+,E20>E50>E100>E200,Btw_50-20,UP,1,1.11864911,2.85058232,-1.73193321,63.9472,57.5443,-79.8416,1345.33,1323.70,1334.51,21.63,3.243152,0.150005,-1.135087,0,-0.837691,-3.8793,9.129490,-1.165993,-0.23310000,0.851263,-0.029676,0.037508,0.067618,1.080354,5.750404,6.830758,-0.653166,0.427188,1,1,1,1
114,58,0,1970.01.01 00:00:00,PROTOCOL_DISABLED,ACTUAL_PROFILE_D_EXECUTION,58,228,1,2014.02.27 20:50:00,SELL,PROFILE_D_FULL,0,1330.82,1330.82,300.00,1329.52,1331.04,1332.23,1334.67,1337.34,1330.50,0,20,4,2,NewYork,2,EMA->TP2,1,0,1,0,1,2,2.04,6.98,0.00,384,0,1,1,0.03,1331.04,1331.42,1331.48,80.8034,76.1464,65.0239,14,8,4,6,4,10,0.666667,15.7794,2.125604,0.000000,4,2,3,0,6,54.3296,29.9323,-52.7453,17.2304,19.3282,2.0979,0.21,0.015554,1330.77,1330.23,1330.06,1330.50,32.11,1.551010,-,E20>E200>E50>E100,Up_EMA200,RANGE,1,0.34328207,0.39960164,-0.05631958,28.0234,53.5962,-61.8732,1331.75,1329.79,1330.77,1.96,9.486699,0.525665,0.243478,0,-3.300738,4.3296,-33.268745,-2.266388,-0.01610000,0.720000,0.213622,0.193167,0.031684,2.631245,-1.313851,3.472160,0.233616,2.864860,1,1,1,1,56.1760,39.6786,106.7169,29.8015,8.1499,21.6516,0.60,0.045104,1330.08,1330.66,1330.97,1330.90,8.08,-0.134594,+,E100>E200>E50>E20,Btw_100-50,RANGE,0,0.02262199,-0.31615294,0.33877494,71.5028,75.3179,-22.5440,1331.30,1327.75,1329.52,3.55,5.922139,0.865439,2.164182,0,1.767076,6.1760,9.934484,2.630751,0.01370000,1.128820,0.140389,0.003723,-0.003437,-0.972598,-0.406633,1.495607,1.244637,0.272039,1,1,1,1,49.6269,25.1836,19.6206,26.8646,17.2817,9.5829,1.09,0.082092,1330.75,1330.88,1331.19,1331.96,113.23,-1.036399,+,E200>E100>E50>E20,Btw_50-20,DOWN,0,-0.51658564,-0.52989558,0.01330994,81.4534,77.0270,-46.6259,1335.29,1327.31,1331.30,7.98,7.304719,0.440567,-0.434142,0,1.411171,-0.3731,24.771075,-1.803936,-0.17525000,0.554921,-0.075309,-0.033187,-0.018045,-0.118384,-0.984806,1.103191,0.066792,-0.051593,1,1,1,1,49.6347,22.7556,-47.3274,19.3611,22.6093,3.2481,2.33,0.174798,1330.96,1331.23,1331.97,1330.33,49.55,0.213019,-,E100>E50>E20>E200,Btw_200-100,RANGE,1,-0.05073632,0.54729466,-0.59803099,45.7284,31.2525,-57.4973,1334.98,1328.63,1331.80,6.35,2.728902,0.345497,-0.421623,0,-0.027044,-0.3653,-4.609113,1.126607,0.09100000,1.243153,-0.075726,-0.031721,-0.003483,-0.113542,0.385882,0.704830,-0.059322,-0.172863,1,1,1,1,48.5913,20.7239,-17.9083,19.0406,22.5188,3.4782,3.04,0.228486,1331.10,1331.99,1330.35,1322.71,811.53,2.668839,-,E50>E20>E100>E200,Btw_100-50,RANGE,1,-0.28218884,-0.40707337,0.12488453,28.0342,33.7319,-43.0588,1335.18,1324.95,1330.07,10.23,3.365083,0.574074,0.249264,0,-1.050279,-1.4087,-26.739541,-0.098744,-0.20070000,0.751870,0.005452,-0.009572,0.029287,-0.294509,3.053354,3.053354,-0.090006,-0.384515,1,1,1,1,50.5580,13.9701,-41.2788,16.0476,15.2715,0.7762,6.70,0.503561,1331.45,1324.44,1309.23,1286.21,4461.64,6.657681,+,E20>E50>E100>E200,Btw_50-20,UP,1,1.12221037,2.34075435,-1.21854398,58.3719,64.3206,-63.0502,1344.95,1323.72,1334.33,21.23,3.168226,0.334727,-0.523622,0,0.800016,0.5580,14.214797,-1.316569,-0.29145000,0.821388,-0.010721,0.042611,0.068365,1.045761,5.705743,6.751504,-0.093824,0.951937,1,1,1,1
115,58,0,1970.01.01 00:00:00,PROTOCOL_DISABLED,ACTUAL_PROFILE_D_EXECUTION,58,229,2,2014.02.28 00:37:43,SELL,LADDER,0,1331.84,1332.12,300.00,1329.52,1331.04,1332.23,1334.67,1337.34,1330.50,0,0,5,2,Asia,0,EMA->TP2,1,0,1,0,1,2,2.04,6.98,0.00,384,0,1,1,2.01,1331.25,1331.22,1331.46,67.6126,65.7179,66.1664,22,11,4,11,7,18,0.636364,1.4462,1.534050,0.000000,4,1,0,0,6,74.8283,48.9979,174.1746,34.4216,5.2968,29.1248,0.14,0.010474,1331.28,1331.14,1331.02,1330.90,93.95,6.734506,+,E20>E50>E100>E200,Up_EMA20,UP,1,0.14670107,0.08286665,0.06383442,96.0000,91.4213,0.0000,1331.69,1330.71,1331.20,0.98,7.005919,1.160476,4.627240,0,1.591819,24.8283,-4.710714,2.196852,0.00390000,1.162500,0.223806,0.118513,0.044314,1.041514,1.688807,2.730322,4.004184,5.045698,1,1,1,1,62.6649,39.2489,214.6052,37.3002,6.4851,30.8151,0.31,0.023182,1331.08,1330.92,1330.98,1330.92,92.34,2.990839,+,E20>E100>E50>E200,Up_EMA200,RANGE,1,0.19255774,0.13916791,0.05338983,95.1281,75.0909,0.0000,1331.68,1330.32,1331.00,1.36,4.417167,1.117099,2.725830,0,1.509636,12.6649,32.855148,2.438543,-0.04220000,0.594036,0.106834,0.054856,0.012286,0.504495,0.003264,0.507760,2.483080,2.987575,1,1,1,1,55.7026,26.2814,147.3669,27.1722,9.6967,17.4755,0.66,0.049724,1331.04,1330.97,1331.18,1331.87,2.51,-0.037876,+,E200>E100>E20>E50,Btw_200-100,RANGE,0,0.05021225,-0.12297051,0.17318276,80.8289,79.3322,0.0000,1332.67,1328.02,1330.35,4.65,7.020406,0.821965,2.260325,0,1.226535,5.7026,19.737038,1.216999,0.00295000,1.022780,0.065982,0.026233,-0.007888,0.104205,-1.352154,1.352154,1.210073,1.314278,1,1,1,1,54.0417,15.1463,38.2792,22.2722,14.3907,7.8815,0.84,0.063239,1331.07,1331.21,1331.88,1330.38,146.78,1.742672,+,E100>E50>E20>E200,Btw_100-50,RANGE,1,0.08794796,-0.01019411,0.09814207,89.5866,86.1346,-32.7483,1334.71,1328.37,1331.54,6.34,7.525526,0.547291,0.355892,0,0.780331,4.0417,15.243810,-1.121422,-0.19380000,0.465010,0.036270,0.003871,0.010973,-0.167314,0.994541,1.780882,0.915445,0.748130,1,1,1,1,51.4296,15.8935,-13.6671,16.5226,14.6589,1.8637,1.69,0.127061,1331.17,1331.92,1330.41,1322.96,888.08,5.247933,+,E50>E20>E100>E200,Btw_50-20,RANGE,1,-0.15057985,-0.21048109,0.05990124,69.7136,55.7840,-46.4464,1335.23,1325.89,1330.56,9.34,5.517031,0.637379,0.757926,0,1.166441,1.4296,-6.927782,-1.314894,-0.32980000,0.506472,-0.018837,-0.028002,0.047559,-0.444492,5.292025,5.292025,0.400399,-0.044093,1,1,1,1,51.7894,13.9942,-20.8342,17.5985,13.2353,4.3632,4.52,0.339605,1331.53,1324.75,1309.69,1286.67,4517.71,9.988311,+,E20>E50>E100>E200,Up_EMA20,UP,1,1.08316092,1.97182740,-0.88866648,56.8303,62.3312,-58.6359,1344.58,1323.55,1334.06,21.04,4.651047,0.394442,-0.490957,0,0.820704,1.7894,14.589355,-1.132479,-0.04425000,0.953365,0.003103,0.067906,0.102131,1.499216,8.420930,9.920146,0.068165,1.567381,1,1,1,1
116,59,0,1970.01.01 00:00:00,PROTOCOL_DISABLED,ACTUAL_PROFILE_D_EXECUTION,59,232,1,2014.02.28 11:37:02,SELL,PROFILE_D_FULL,0,1330.53,1330.53,300.00,1329.07,1330.78,1332.11,1334.84,1337.83,1329.13,0,11,5,2,London,1,EMA->TP1,1,0,1,0,1,1,2.00,0.96,0.00,23,1,0,1,2.00,1330.68,1330.93,1330.94,64.6699,58.7494,57.9571,23,8,3,15,5,20,0.333333,6.7128,1.256039,0.000000,3,1,2,0,6,53.6282,35.5588,14.4485,18.2584,11.7689,6.4894,0.21,0.015558,1330.44,1330.03,1329.45,1329.14,138.83,6.706801,+,E20>E50>E100>E200,Up_EMA20,UP,1,0.17051212,0.16472781,0.00578431,41.1171,58.3474,-35.9649,1331.04,1329.62,1330.33,1.43,6.900622,0.642009,0.979952,0,-0.847610,3.6282,-12.104717,-0.090210,-0.04570000,0.475316,0.149213,0.141227,0.076683,1.984937,4.261300,6.246238,0.460564,2.445501,1,1,1,1,61.9004,36.2701,81.1598,21.2013,12.3995,8.8018,0.62,0.046598,1329.55,1329.24,1329.61,1330.11,42.26,0.681535,+,E200>E100>E20>E50,Up_EMA200,RANGE,1,0.60973025,0.51668775,0.09304250,67.6342,53.2697,-13.1326,1331.32,1327.47,1329.39,3.86,6.219021,0.795426,1.837258,0,-0.715998,11.9004,-9.414061,-2.729310,-0.01835000,0.871092,0.164560,0.077070,0.003207,0.507127,-1.410393,1.410393,1.584801,2.091928,1,1,1,1,55.0117,27.1842,98.3413,24.1107,12.1750,11.9357,1.12,0.083951,1329.36,1329.93,1330.45,1331.23,69.32,-0.620609,+,E200>E100>E50>E20,Btw_200-100,DOWN,0,-0.12331525,-0.69331780,0.57000255,87.5445,90.1615,-7.3898,1331.95,1325.98,1328.97,5.98,5.350036,0.762358,1.403626,0,1.889588,5.0117,23.501533,1.115433,-0.09780000,0.695517,0.093126,0.007866,-0.010304,-0.505053,-1.164659,1.669712,1.049103,0.544050,1,1,1,1,52.1604,18.0898,54.0211,25.2267,15.0197,10.2070,1.67,0.125232,1329.73,1330.41,1331.19,1330.30,22.82,0.136973,+,E100>E50>E200>E20,Btw_100-50,RANGE,1,-0.44520780,-0.60380887,0.15860107,91.5658,76.4571,-27.0883,1333.38,1326.39,1329.88,6.99,4.193108,0.592754,0.388927,0,3.446783,2.1604,51.507123,0.336246,-0.12015000,0.735002,-0.021553,-0.027968,-0.006148,-0.405624,0.062559,0.875605,0.480038,0.074414,1,1,1,1,50.0696,17.9619,2.1398,20.9475,21.1591,0.2116,2.93,0.219931,1330.23,1331.20,1330.32,1323.69,683.87,2.337010,-,E50>E100>E20>E200,Btw_50-20,RANGE,1,-0.57717793,-0.38937633,-0.18780160,59.9793,38.6801,-33.3171,1334.20,1327.21,1330.71,6.99,2.389357,0.475107,-0.059479,0,0.724336,0.0696,9.260907,0.538815,-0.01490000,0.975173,-0.056360,-0.035031,0.018076,-0.331413,2.566020,2.566020,0.102403,-0.229010,1,1,1,1,50.1894,13.7667,-51.7265,16.5888,22.5350,5.9462,4.10,0.307771,1331.19,1325.12,1310.47,1287.51,4301.82,10.505046,-,E20>E50>E100>E200,Btw_50-20,UP,1,0.63593918,1.37880887,-0.74286969,49.2354,51.7878,-64.3052,1344.40,1322.77,1333.59,21.63,5.283027,0.358859,-0.745653,0,-0.599157,0.1894,-6.285945,-0.802263,-0.44280000,0.649073,-0.028009,0.055990,0.107136,1.480234,9.184050,10.664284,-0.159238,1.320996,1,1,1,1
117,60,0,1970.01.01 00:00:00,PROTOCOL_DISABLED,ACTUAL_PROFILE_D_EXECUTION,60,234,1,2014.02.28 16:01:05,SELL,PROFILE_D_FULL,0,1325.38,1325.38,300.00,1321.08,1326.10,1330.04,1338.06,1346.86,1327.93,0,16,5,2,NewYork,2,EMA->TP1,1,0,1,0,1,1,4.02,2.74,0.00,148,1,0,1,4.02,1325.51,1325.67,1326.34,63.8034,63.5967,57.5923,10,7,3,3,4,7,1.333333,6.2111,1.324820,0.000000,3,4,4,0,6,51.0690,29.0186,6.8626,16.4897,9.2030,7.2868,0.63,0.047269,1325.28,1325.66,1326.74,1327.90,252.37,-4.028191,+,E200>E100>E50>E20,Btw_50-20,DOWN,0,0.15301792,0.06560598,0.08741194,34.6855,50.8529,-53.6613,1326.15,1324.11,1325.13,2.05,3.270074,0.622248,0.399761,0,-0.563375,1.0690,-18.654787,0.795952,0.06200000,1.979463,0.089019,0.005297,-0.035295,-0.601758,-3.579583,4.181341,0.153150,-0.448608,1,1,1,1,39.6600,28.3428,-7.8828,21.9021,16.2631,5.6390,1.02,0.076846,1326.67,1328.13,1328.87,1329.53,415.38,-4.078303,+,E200>E100>E50>E20,Down_EMA20,DOWN,0,-1.25228279,-1.29839382,0.04611104,85.6170,74.6330,-61.1940,1331.35,1322.67,1327.01,8.69,8.528916,0.312409,-1.599951,0,2.517339,-10.3400,23.876821,-1.815249,-0.19145000,0.515500,-0.168504,-0.122142,-0.042625,-1.426735,-1.381123,2.807858,-1.270445,-2.697180,1,1,1,1,39.3753,20.1494,-83.2234,15.7439,21.2426,5.4987,2.62,0.197566,1328.01,1329.09,1329.85,1330.78,540.41,-2.063801,-,E200>E100>E50>E20,Down_EMA20,DOWN,0,-1.07184471,-0.32144967,-0.75039504,36.7674,26.5447,-73.7528,1333.54,1324.07,1328.80,9.47,3.617259,0.138770,-1.306664,0,0.072396,-10.6247,10.842547,0.810411,0.08020000,1.180834,-0.128751,-0.061862,-0.020944,-0.409935,-0.648374,1.058310,-1.005491,-1.415427,1,1,1,1,41.0564,19.0901,-106.5956,13.3443,25.3995,12.0551,3.56,0.268678,1328.43,1329.62,1330.64,1330.10,471.82,-1.324955,-,E100>E200>E50>E20,Down_EMA200,RANGE,0,-1.02573708,-0.51107809,-0.51465899,24.8590,20.4286,-73.7528,1332.61,1324.40,1328.51,8.21,2.304425,0.118836,-0.878363,0,-1.861680,-8.9436,-35.140850,0.926641,0.17225000,1.319011,-0.073642,-0.038275,-0.010058,-0.332682,-0.135217,0.621252,-0.857056,-1.189738,1,1,1,1,38.6254,20.1709,-152.5202,12.7429,25.8931,13.1501,3.76,0.283447,1329.07,1330.51,1330.05,1323.88,150.20,0.399818,-,E50>E100>E20>E200,Btw_200-100,RANGE,1,-1.12716228,-0.73609504,-0.39106725,23.6245,37.2322,-73.7528,1333.63,1325.60,1329.62,8.03,2.137994,-0.027620,-1.128050,0,-1.342187,-11.3746,-22.364002,0.342939,0.10915000,1.169963,-0.052556,-0.032874,0.010742,-0.383697,1.766497,1.766497,-0.982982,-1.366679,1,1,1,1,43.2820,15.7585,-143.5261,12.4601,19.4632,7.0031,5.47,0.412731,1330.06,1325.11,1311.03,1288.25,3712.52,6.786750,-,E20>E50>E100>E200,Btw_50-20,UP,1,-0.31070516,0.88141846,-1.19212362,32.3499,35.9420,-81.1831,1344.52,1320.80,1332.66,23.73,4.337158,0.193163,-1.330798,0,-1.580170,-6.7180,-20.869540,0.357686,-0.24815000,0.815117,-0.052755,0.023518,0.074693,0.905204,6.736956,7.642160,-0.855410,0.049794,1,1,1,1
