RunID,SetupID,PositionID,SignalTime,Step1FillTime,FeatureAsOfTime,Direction,SignalSource,FillPrice,PlannedEntry,SpreadPoints,Balance,Equity,ATRDistance,Step2Level,Step3Level,Step4Level,Step5Level,BE2,BE3,BE4,BE5Nominal,TP1,TP2,TP3,EMA200AtEntry,UseEMA200Target,CounterEMA200,P1Time,P2Time,P3Time,P1Price,P2Price,P3Price,P1RSI,P2RSI,P3RSI,DivGap12,DivGap23,DivSpan,DivGapRatio,PriceDivStrength,RSIDivStrength,DivPriceSlope,DivRSISlope,DivergenceAngle,ConfirmationAfterP3,RSIReclaimAfterP3,MTFValid,MTFEMA200Align,MTFDIAlign,M1_BarTime,M1_Shift,M1_Forming,M1_Valid,M1_RSI,M1_ADX,M1_CCI,M1_ATR,M1_DIPlus,M1_DIMinus,M1_DIGap,M1_EMA20,M1_EMA50,M1_EMA100,M1_EMA200,M1_EMA200DistATR,M1_RSISlope5,M1_CCISlope5,M1_ADXSlope5,M1_ATRRegime,M1_EMA20Slope5ATR,M1_EMA50Slope5ATR,M1_EMA200Slope5ATR,M1_EMAGap2050ATR,M1_EMAGap50200ATR,M1_EMACompressionATR,M1_DIStatus,M1_EMAOrder,M1_TrendRegime,M1_PriceAboveEMA200,M1_FormingBarTime,M1_RSIForming,M1_ADXForming,M1_CCIForming,M1_ATRForming,M1_DIPlusForming,M1_DIMinusForming,M1_EMA20Forming,M1_EMA50Forming,M1_EMA100Forming,M1_EMA200Forming,M5_BarTime,M5_Shift,M5_Forming,M5_Valid,M5_RSI,M5_ADX,M5_CCI,M5_ATR,M5_DIPlus,M5_DIMinus,M5_DIGap,M5_EMA20,M5_EMA50,M5_EMA100,M5_EMA200,M5_EMA200DistATR,M5_RSISlope5,M5_CCISlope5,M5_ADXSlope5,M5_ATRRegime,M5_EMA20Slope5ATR,M5_EMA50Slope5ATR,M5_EMA200Slope5ATR,M5_EMAGap2050ATR,M5_EMAGap50200ATR,M5_EMACompressionATR,M5_DIStatus,M5_EMAOrder,M5_TrendRegime,M5_PriceAboveEMA200,M5_FormingBarTime,M5_RSIForming,M5_ADXForming,M5_CCIForming,M5_ATRForming,M5_DIPlusForming,M5_DIMinusForming,M5_EMA20Forming,M5_EMA50Forming,M5_EMA100Forming,M5_EMA200Forming,M15_BarTime,M15_Shift,M15_Forming,M15_Valid,M15_RSI,M15_ADX,M15_CCI,M15_ATR,M15_DIPlus,M15_DIMinus,M15_DIGap,M15_EMA20,M15_EMA50,M15_EMA100,M15_EMA200,M15_EMA200DistATR,M15_RSISlope5,M15_CCISlope5,M15_ADXSlope5,M15_ATRRegime,M15_EMA20Slope5ATR,M15_EMA50Slope5ATR,M15_EMA200Slope5ATR,M15_EMAGap2050ATR,M15_EMAGap50200ATR,M15_EMACompressionATR,M15_DIStatus,M15_EMAOrder,M15_TrendRegime,M15_PriceAboveEMA200,M15_FormingBarTime,M15_RSIForming,M15_ADXForming,M15_CCIForming,M15_ATRForming,M15_DIPlusForming,M15_DIMinusForming,M15_EMA20Forming,M15_EMA50Forming,M15_EMA100Forming,M15_EMA200Forming,M30_BarTime,M30_Shift,M30_Forming,M30_Valid,M30_RSI,M30_ADX,M30_CCI,M30_ATR,M30_DIPlus,M30_DIMinus,M30_DIGap,M30_EMA20,M30_EMA50,M30_EMA100,M30_EMA200,M30_EMA200DistATR,M30_RSISlope5,M30_CCISlope5,M30_ADXSlope5,M30_ATRRegime,M30_EMA20Slope5ATR,M30_EMA50Slope5ATR,M30_EMA200Slope5ATR,M30_EMAGap2050ATR,M30_EMAGap50200ATR,M30_EMACompressionATR,M30_DIStatus,M30_EMAOrder,M30_TrendRegime,M30_PriceAboveEMA200,M30_FormingBarTime,M30_RSIForming,M30_ADXForming,M30_CCIForming,M30_ATRForming,M30_DIPlusForming,M30_DIMinusForming,M30_EMA20Forming,M30_EMA50Forming,M30_EMA100Forming,M30_EMA200Forming,H1_BarTime,H1_Shift,H1_Forming,H1_Valid,H1_RSI,H1_ADX,H1_CCI,H1_ATR,H1_DIPlus,H1_DIMinus,H1_DIGap,H1_EMA20,H1_EMA50,H1_EMA100,H1_EMA200,H1_EMA200DistATR,H1_RSISlope5,H1_CCISlope5,H1_ADXSlope5,H1_ATRRegime,H1_EMA20Slope5ATR,H1_EMA50Slope5ATR,H1_EMA200Slope5ATR,H1_EMAGap2050ATR,H1_EMAGap50200ATR,H1_EMACompressionATR,H1_DIStatus,H1_EMAOrder,H1_TrendRegime,H1_PriceAboveEMA200,H1_FormingBarTime,H1_RSIForming,H1_ADXForming,H1_CCIForming,H1_ATRForming,H1_DIPlusForming,H1_DIMinusForming,H1_EMA20Forming,H1_EMA50Forming,H1_EMA100Forming,H1_EMA200Forming,H4_BarTime,H4_Shift,H4_Forming,H4_Valid,H4_RSI,H4_ADX,H4_CCI,H4_ATR,H4_DIPlus,H4_DIMinus,H4_DIGap,H4_EMA20,H4_EMA50,H4_EMA100,H4_EMA200,H4_EMA200DistATR,H4_RSISlope5,H4_CCISlope5,H4_ADXSlope5,H4_ATRRegime,H4_EMA20Slope5ATR,H4_EMA50Slope5ATR,H4_EMA200Slope5ATR,H4_EMAGap2050ATR,H4_EMAGap50200ATR,H4_EMACompressionATR,H4_DIStatus,H4_EMAOrder,H4_TrendRegime,H4_PriceAboveEMA200,H4_FormingBarTime,H4_RSIForming,H4_ADXForming,H4_CCIForming,H4_ATRForming,H4_DIPlusForming,H4_DIMinusForming,H4_EMA20Forming,H4_EMA50Forming,H4_EMA100Forming,H4_EMA200Forming,EntryHour,EntryDayOfWeek,EntryMonth,EntryWeekOfMonth,Session,SessionID,IsLondon,IsNewYork,IsAsia,IsOverlap,MinFromSessionOpen,BarsSinceSignal,MinutesSinceSignal,CandleOpen,CandleHigh,CandleLow,CandleClose,CandleRange,CandleBody,CandleUpperWick,CandleLowerWick,SignalCLV,SignalBodyRatio,CandleATRNorm,SpreadEntry,SpreadATRNorm,TickVolume,IsBullCandle,IsBearCandle,IsPinBar,IsLongBody,IsInsideBar,QCValid,QCAllTFValid,QCSpreadNormal,QCAllIndicatorsOK,QCNoFutureLeak,QCHasEMAData,QCHasRSIData,QCHasADXData,QCHasCCIData,QCHasMACDData,QCHasBBData,QCHasStochData,QCHasWilliamsData,OBDistPct,OBInTol,BreakOfStructureFlag,ChangeOfCharacterFlag,BarsSinceBOS,BarsSinceCHoCH,LastStructureEventType,StructureEventDirectionMatch,BOSBreakDistanceATR,CHoCHBreakDistanceATR,BarsBetweenSwingAndBOS,RangePositionSinceBOS,RSIGateEnabled,RSIHighGate,RSILowGate,RSIGatePassed
RX_1388707200_XAUUSD,1,2,2014.01.03 04:17:09,2014.01.03 04:17:09,2014.01.03 04:17:09,BUY,PROFILE_D_FULL,1229.95,1229.95,32.60,500000.00,500000.00,0.42,1229.11,1227.85,1225.74,1223.63,1229.39,1228.62,1227.47,1225.74,1230.79,1229.81,1229.04,1230.29,0,1,2014.01.03 03:53:00,2014.01.03 04:03:00,2014.01.03 04:14:00,1229.52,1229.51,1229.29,9.1571,28.7113,32.2041,10,11,21,1.100000,0.00018788,2.51683223,1.10000000,1.09747500,1.03219310,1,1,2,1,1,2014.01.03 04:16:00,1,0,1,44.528386,29.974543,72.508805,0.17,24.206398,16.193245,8.013152,1229.64,1230.17,1230.57,1230.29,-3.942552,1.936710,36.793375,-2.276481,1.264540,-0.141926,-0.189877,-0.051200,-3.143323,-0.680443,5.490092,+,E100>E200>E50>E20,RANGE,0,2014.01.03 04:17:00,44.528386,28.622565,108.568075,0.11,20.978878,14.034146,1229.64,1230.15,1230.55,1230.28,2014.01.03 04:10:00,1,0,1,36.896119,47.275254,-115.585704,0.42,4.943647,33.262446,28.318799,1230.53,1229.94,1228.33,1225.53,9.013284,-1.680198,5.596871,4.224491,0.752894,-0.306449,-0.041237,0.097551,1.398731,10.429504,11.828235,-,E20>E50>E100>E200,UP,1,2014.01.03 04:15:00,40.586341,48.983660,-88.299883,0.31,7.186988,28.827453,1230.44,1229.93,1228.35,1225.57,2014.01.03 04:00:00,1,0,0,,,,,,,,,,,,,,,,,,,,,,,,,,,2014.01.03 04:15:00,,,,,,,,,,,2014.01.03 03:30:00,1,0,0,,,,,,,,,,,,,,,,,,,,,,,,,,,2014.01.03 04:00:00,,,,,,,,,,,2014.01.03 03:00:00,1,0,0,,,,,,,,,,,,,,,,,,,,,,,,,,,2014.01.03 04:00:00,,,,,,,,,,,2014.01.03 00:00:00,1,0,0,,,,,,,,,,,,,,,,,,,,,,,,,,,2014.01.03 04:00:00,,,,,,,,,,,4,5,1,1,Asia,0,0,0,1,0,317,2,2,1229.54,1229.62,1229.46,1229.62,0.16,0.08,0.00,0.08,1.000000,0.525000,0.949555,33,1.958457,7,1,0,0,0,0,0,0,1,0,1,0,0,1,1,0,0,0,0,0.065322,1,1,1,0,0,3,1,0.379822,0.379822,3,1.000000,0,65,35,0
RX_1388707200_XAUUSD,2,4,2014.01.03 13:15:00,2014.01.03 13:15:00,2014.01.03 13:15:00,BUY,PROFILE_D_FULL,1230.98,1230.98,34.50,500002.02,500002.02,1.17,1228.64,1225.12,1219.26,1213.40,1229.42,1227.27,1224.07,1219.26,1233.32,1230.59,1228.44,1231.36,0,1,2014.01.03 12:47:00,2014.01.03 12:58:00,2014.01.03 13:03:00,1230.11,1229.96,1229.18,33.0805,38.6920,41.9287,11,5,16,0.454545,0.00075522,0.26747536,5.80625000,0.55301347,0.42914681,1,1,2,1,2,2014.01.03 13:14:00,1,0,1,54.708478,24.845221,128.956581,0.47,26.958486,6.751268,20.207218,1230.22,1230.50,1230.88,1231.36,-1.558474,2.030863,32.756695,0.893142,0.922736,-0.006957,-0.031203,-0.026208,-0.602914,-1.827474,2.430387,+,E200>E100>E50>E20,DOWN,0,2014.01.03 13:15:00,54.797239,29.525154,166.850372,0.35,23.364021,5.851099,1230.26,1230.51,1230.87,1231.35,2014.01.03 13:10:00,1,0,1,45.881772,21.374978,-59.474418,1.38,20.039029,14.386131,5.652898,1230.88,1231.48,1231.45,1229.81,0.592823,-0.111253,-2.242716,-2.756307,1.491323,-0.058226,-0.039314,0.003380,-0.439012,1.217135,1.217135,+,E50>E100>E20>E200,RANGE,1,2014.01.03 13:15:00,45.950577,20.714425,-13.304048,1.19,17.367159,12.467981,1230.86,1231.45,1231.43,1229.82,2014.01.03 13:00:00,1,0,0,,,,,,,,,,,,,,,,,,,,,,,,,,,2014.01.03 13:15:00,,,,,,,,,,,2014.01.03 12:30:00,1,0,0,,,,,,,,,,,,,,,,,,,,,,,,,,,2014.01.03 13:00:00,,,,,,,,,,,2014.01.03 12:00:00,1,0,0,,,,,,,,,,,,,,,,,,,,,,,,,,,2014.01.03 13:00:00,,,,,,,,,,,2014.01.03 08:00:00,1,0,0,,,,,,,,,,,,,,,,,,,,,,,,,,,2014.01.03 12:00:00,,,,,,,,,,,13,5,1,1,Overlap,3,1,1,0,1,75,2,2,1230.31,1230.95,1230.31,1230.63,0.64,0.31,0.33,0.00,0.489062,0.489062,1.365333,35,0.746667,120,1,0,0,0,0,0,0,1,0,1,0,0,1,1,0,0,0,0,0.075985,1,0,0,-1,-1,0,0,0.000000,0.000000,-1,-1.000000,0,65,35,0
RX_1388707200_XAUUSD,3,8,2014.01.06 00:14:00,2014.01.06 00:14:00,2014.01.06 00:14:00,BUY,PROFILE_D_FULL,1235.23,1235.23,43.40,500005.75,500005.75,2.08,1231.07,1224.83,1214.42,1204.01,1232.46,1228.65,1222.96,1214.42,1239.39,1234.54,1230.73,1236.21,0,1,2014.01.05 23:45:00,2014.01.06 00:00:00,2014.01.06 00:11:00,1235.04,1233.34,1232.85,20.6961,21.9847,33.1293,15,11,26,0.733333,0.00177241,0.60074636,8.41923077,0.47819711,0.37706520,1,1,2,0,0,2014.01.06 00:13:00,1,0,1,53.265524,39.590322,69.583930,0.83,22.673742,26.500159,3.826417,1234.27,1235.08,1235.73,1236.21,-1.607248,3.624280,40.333225,-0.100811,1.656716,-0.087553,-0.075176,-0.031682,-0.964777,-1.363369,2.328145,-,E200>E100>E50>E20,DOWN,0,2014.01.06 00:14:00,52.536683,35.349132,103.741914,0.64,19.650576,22.966804,1234.32,1235.06,1235.71,1236.20,2014.01.06 00:05:00,1,0,1,25.954457,45.071915,-154.170936,1.43,6.736382,36.472811,29.736429,1235.73,1236.29,1235.82,1234.12,-0.851594,-2.868583,-8.116144,3.580288,2.243064,-0.132505,-0.060268,0.001814,-0.388649,1.513897,1.513897,-,E50>E100>E20>E200,RANGE,0,2014.01.06 00:10:00,42.848080,47.660292,-95.978159,1.77,6.825126,31.609770,1235.64,1236.23,1235.80,1234.12,2014.01.05 23:45:00,1,0,0,,,,,,,,,,,,,,,,,,,,,,,,,,,2014.01.06 00:00:00,,,,,,,,,,,2014.01.05 23:30:00,1,0,0,,,,,,,,,,,,,,,,,,,,,,,,,,,2014.01.06 00:00:00,,,,,,,,,,,2014.01.05 23:00:00,1,0,0,,,,,,,,,,,,,,,,,,,,,,,,,,,2014.01.06 00:00:00,,,,,,,,,,,2014.01.05 20:00:00,1,0,0,,,,,,,,,,,,,,,,,,,,,,,,,,,2014.01.06 00:00:00,,,,,,,,,,,0,1,1,1,Asia,0,0,0,1,0,74,2,2,1233.57,1234.89,1233.57,1234.87,1.32,1.30,0.02,0.00,0.984848,0.984848,1.585586,43,0.516517,52,1,0,0,1,0,0,0,1,0,1,0,0,1,1,0,0,0,0,0.229468,1,1,1,0,0,3,1,0.060060,0.060060,11,0.984848,0,65,35,0
RX_1388707200_XAUUSD,4,10,2014.01.07 23:45:17,2014.01.07 23:45:17,2014.01.07 23:45:17,BUY,PROFILE_D_FULL,1230.91,1230.91,27.30,500009.96,500009.96,0.26,1230.39,1229.62,1228.33,1227.04,1230.57,1230.09,1229.39,1228.33,1231.43,1230.83,1230.35,1231.24,0,1,2014.01.07 23:27:00,2014.01.07 23:34:00,2014.01.07 23:42:00,1230.41,1230.41,1230.34,12.2928,21.1214,27.5967,7,8,15,1.142857,0.00005770,1.24494192,0.47333333,1.02025597,0.97430128,1,0,3,0,0,2014.01.07 23:44:00,1,0,1,35.802045,38.895234,-54.316684,0.10,30.669844,34.532291,3.862447,1230.79,1231.16,1231.38,1231.24,-6.676650,-0.433922,-3.192858,-1.016824,0.973995,-0.345513,-0.277692,-0.072045,-3.594949,-0.748509,5.712308,-,E100>E200>E50>E20,RANGE,0,2014.01.07 23:45:00,40.053804,34.499043,-15.925198,0.10,26.580531,29.927985,1230.78,1231.14,1231.36,1231.23,2014.01.07 23:40:00,1,0,1,39.516128,31.775605,-126.777701,0.52,9.251092,32.396621,23.145528,1231.38,1231.18,1231.56,1233.39,-5.457038,-1.950594,-12.142538,3.015723,0.622083,-0.144397,-0.029888,-0.050364,0.402391,-4.254040,4.254040,-,E200>E100>E20>E50,RANGE,0,2014.01.07 23:45:00,40.819111,34.948798,-95.629436,0.36,8.017613,28.077071,1231.31,1231.15,1231.55,1233.36,2014.01.07 23:30:00,1,0,1,45.726711,34.811104,-83.766115,1.05,12.984819,15.242212,2.257393,1231.09,1232.44,1234.53,1234.64,-3.895123,-1.216005,-32.578113,-3.371508,1.101864,0.037496,-0.042082,-0.031012,-1.284636,-2.096794,3.381430,-,E200>E100>E50>E20,DOWN,0,2014.01.07 23:45:00,46.316962,31.235926,-95.406793,0.95,11.253510,13.209917,1231.05,1232.37,1234.45,1234.60,2014.01.07 23:00:00,1,0,0,,,,,,,,,,,,,,,,,,,,,,,,,,,2014.01.07 23:30:00,,,,,,,,,,,2014.01.07 21:00:00,1,0,0,,,,,,,,,,,,,,,,,,,,,,,,,,,2014.01.07 23:00:00,,,,,,,,,,,2014.01.07 16:00:00,1,0,0,,,,,,,,,,,,,,,,,,,,,,,,,,,2014.01.07 20:00:00,,,,,,,,,,,23,2,1,1,Asia,0,0,0,1,0,45,2,2,1230.54,1230.64,1230.54,1230.55,0.10,0.01,0.09,0.00,0.084211,0.084211,0.922330,27,2.621359,8,1,0,1,0,0,1,1,1,0,1,0,1,1,1,0,0,0,0,0.065023,1,0,0,-1,-1,0,0,0.000000,0.000000,-1,-1.000000,0,65,35,0
RX_1388707200_XAUUSD,5,18,2014.01.09 02:46:12,2014.01.09 02:46:12,2014.01.09 02:46:12,BUY,PROFILE_D_FULL,1226.82,1226.82,36.50,500012.09,500012.09,0.71,1225.41,1223.29,1219.76,1216.23,1225.88,1224.59,1222.66,1219.76,1228.23,1226.59,1225.29,1226.14,0,0,2014.01.09 02:29:00,2014.01.09 02:37:00,2014.01.09 02:43:00,1226.12,1226.04,1225.77,27.2113,37.7976,38.4406,8,6,14,0.750000,0.00029035,0.41266749,2.54285714,0.80208847,0.71207583,1,1,4,2,3,2014.01.09 02:45:00,1,0,1,50.651966,32.564863,108.414815,0.28,25.224883,22.139221,3.085663,1226.34,1226.54,1226.48,1226.14,1.059136,1.777295,29.988678,-1.806551,1.793651,-0.067058,-0.056336,0.001187,-0.705308,1.412369,1.412369,+,E50>E100>E20>E200,RANGE,1,2014.01.09 02:46:00,50.898251,32.147588,139.370193,0.20,35.194899,19.187324,1226.35,1226.54,1226.48,1226.15,2014.01.09 02:40:00,1,0,1,50.223798,26.064312,-122.415887,0.59,10.188401,22.949966,12.761565,1226.46,1225.95,1225.39,1225.58,1.352543,-0.454884,-27.035015,-0.888975,1.013787,-0.014895,0.034042,0.014597,0.858566,0.641574,1.812792,-,E20>E50>E200>E100,RANGE,1,2014.01.09 02:45:00,51.037629,24.058527,-76.381050,0.42,15.941059,19.889970,1226.46,1225.97,1225.41,1225.59,2014.01.09 02:30:00,1,0,1,54.424213,24.622705,24.021443,0.98,19.720529,19.322253,0.398276,1225.89,1225.44,1226.53,1228.78,-2.450574,-0.539159,-28.381657,-0.513298,0.587425,0.110502,0.059303,-0.021074,0.467253,-3.404502,3.404502,+,E200>E100>E20>E50,RANGE,0,2014.01.09 02:45:00,54.865582,21.475691,31.967722,0.80,17.091125,16.745953,1225.95,1225.48,1226.52,1228.75,2014.01.09 02:00:00,1,0,1,53.260819,28.838881,84.092603,2.01,18.905466,8.922829,9.982637,1225.43,1226.55,1228.81,1228.33,-0.966992,0.027229,1.797452,0.418487,2.226645,0.060643,-0.004312,-0.010128,-0.552105,-0.883821,1.677733,+,E100>E200>E50>E20,RANGE,0,2014.01.09 02:30:00,53.506579,26.720906,58.617667,1.81,16.384737,12.626589,1225.53,1226.54,1228.77,1228.31,2014.01.09 01:00:00,1,0,0,,,,,,,,,,,,,,,,,,,,,,,,,,,2014.01.09 02:00:00,,,,,,,,,,,2014.01.08 20:00:00,1,0,0,,,,,,,,,,,,,,,,,,,,,,,,,,,2014.01.09 00:00:00,,,,,,,,,,,2,4,1,2,Asia,0,0,0,1,0,226,2,2,1226.36,1226.44,1226.30,1226.44,0.14,0.08,0.00,0.06,1.000000,0.571429,0.495575,37,1.309735,22,1,0,0,0,0,1,1,1,0,1,0,1,1,1,0,0,0,0,0.000000,1,1,1,1,1,3,1,0.332743,0.332743,4,1.000000,0,65,35,0
RX_1388707200_XAUUSD,6,22,2014.01.10 00:03:00,2014.01.10 00:03:00,2014.01.10 00:03:00,BUY,PROFILE_D_FULL,1229.35,1229.35,36.50,500014.09,500014.09,0.46,1228.43,1227.07,1224.79,1222.51,1228.75,1227.90,1226.65,1224.79,1230.26,1229.19,1228.36,1228.23,0,0,2014.01.09 23:52:00,2014.01.09 23:56:00,2014.01.10 00:00:00,1228.75,1228.72,1228.60,28.0864,36.0201,52.6732,4,4,8,1.000000,0.00011638,0.87539904,1.78750000,3.07334770,2.97540249,1,0,4,4,3,2014.01.10 00:02:00,1,0,1,57.648949,15.153451,55.968277,0.18,20.169913,20.890178,0.720266,1228.86,1228.65,1228.43,1228.23,4.016137,1.014058,22.770339,-1.340410,2.134503,0.019665,0.056767,0.036663,1.136604,2.296311,3.432916,-,E20>E50>E100>E200,UP,1,2014.01.10 00:03:00,58.297511,16.596994,169.911316,0.17,30.813924,18.104821,1228.87,1228.66,1228.44,1228.24,2014.01.09 23:55:00,1,0,1,61.127500,26.739157,78.720666,0.24,20.946741,19.031707,1.915034,1228.41,1228.14,1227.82,1227.42,6.046762,1.383214,-6.639828,0.098850,0.742835,0.286275,0.148988,0.065651,1.135398,3.025983,4.161381,+,E20>E50>E100>E200,UP,1,2014.01.10 00:00:00,62.897845,24.059923,69.820632,0.26,18.153843,20.738178,1228.47,1228.18,1227.84,1227.43,2014.01.09 23:45:00,1,0,1,57.832860,19.772711,151.225315,0.75,23.197985,16.741670,6.456316,1228.13,1227.63,1227.33,1228.03,1.114905,1.507717,53.666439,0.039864,1.267910,0.057463,0.046334,0.004978,0.656896,-0.533998,1.058104,+,E20>E200>E50>E100,RANGE,1,2014.01.10 00:00:00,58.659516,17.600064,110.600961,0.65,20.104921,18.753479,1228.21,1227.69,1227.37,1228.04,2014.01.09 23:30:00,1,0,1,55.835403,23.646231,64.793068,0.88,21.752270,9.835566,11.916704,1227.83,1227.38,1228.07,1228.02,0.959056,-0.056711,-2.460217,-0.618735,0.606804,0.059953,0.041647,0.002034,0.504443,-0.729895,0.778704,+,E100>E200>E20>E50,RANGE,1,2014.01.10 00:00:00,56.306873,25.523482,67.947328,0.79,18.851967,8.524158,1227.94,1227.45,1228.09,1228.03,2014.01.09 23:00:00,1,0,0,,,,,,,,,,,,,,,,,,,,,,,,,,,2014.01.10 00:00:00,,,,,,,,,,,2014.01.09 20:00:00,1,0,0,,,,,,,,,,,,,,,,,,,,,,,,,,,2014.01.10 00:00:00,,,,,,,,,,,0,5,1,2,Asia,0,0,0,1,0,63,2,2,1228.80,1228.96,1228.75,1228.96,0.21,0.16,0.00,0.05,1.000000,0.769953,1.167123,37,2.027397,33,1,0,0,1,0,1,1,1,0,1,0,1,1,1,0,0,0,0,0.027999,1,0,0,-1,-1,0,0,0.000000,0.000000,-1,-1.000000,0,65,35,0
RX_1388707200_XAUUSD,7,26,2014.01.10 12:43:00,2014.01.10 12:43:00,2014.01.10 12:43:00,BUY,PROFILE_D_FULL,1233.23,1233.23,36.50,500016.13,500016.13,0.33,1232.57,1231.59,1229.95,1228.31,1232.79,1232.19,1231.30,1229.95,1233.89,1233.12,1232.52,1233.38,0,1,2014.01.10 12:22:00,2014.01.10 12:31:00,2014.01.10 12:39:00,1232.88,1232.79,1232.73,30.4544,30.9738,38.3422,9,8,17,0.888889,0.00012086,0.25900335,0.87647059,0.46398797,0.39720926,1,0,4,3,2,2014.01.10 12:42:00,1,0,1,43.024543,22.803843,-78.659661,0.13,12.527018,18.804504,6.277485,1233.07,1233.26,1233.30,1233.38,-3.903295,-0.791837,-11.178357,0.455569,0.656250,-0.232412,-0.142824,-0.042125,-1.422066,-0.875895,2.297961,-,E200>E100>E50>E20,DOWN,0,2014.01.10 12:43:00,43.195077,20.246735,-56.384003,0.10,17.523416,16.297237,1233.05,1233.24,1233.29,1233.37,2014.01.10 12:35:00,1,0,1,44.019519,13.928089,-135.199407,0.71,19.273518,25.434170,6.160652,1233.31,1233.40,1233.18,1232.01,1.169209,-1.283458,-26.007343,-0.593475,0.907395,-0.018920,-0.011736,0.017614,-0.139660,1.973002,1.973002,-,E50>E20>E100>E200,RANGE,1,2014.01.10 12:40:00,44.462960,13.908324,-138.068684,0.53,16.703716,22.042948,1233.26,1233.38,1233.18,1232.02,2014.01.10 12:15:00,1,0,1,49.079509,18.320586,61.724179,1.17,17.450782,12.319973,5.130809,1233.40,1232.61,1231.05,1230.02,2.713223,0.617114,22.435791,-0.164250,0.947219,-0.005251,0.028141,0.029166,0.676420,2.209366,2.885787,+,E20>E50>E100>E200,UP,1,2014.01.10 12:30:00,46.927161,16.132318,-24.177511,1.18,15.124011,14.557518,1233.35,1232.62,1231.09,1230.05,2014.01.10 12:00:00,1,0,1,53.199734,30.582900,-31.563893,1.67,23.515029,9.568423,13.946607,1232.99,1231.08,1230.05,1229.13,2.435619,0.099823,16.419012,-0.968612,0.640971,0.017949,0.055940,0.024848,1.141626,1.168957,2.310582,+,E20>E50>E100>E200,UP,1,2014.01.10 12:30:00,51.668128,29.866660,-67.594747,1.13,20.379692,12.172841,1232.98,1231.15,1230.11,1229.17,2014.01.10 11:00:00,1,0,0,,,,,,,,,,,,,,,,,,,,,,,,,,,2014.01.10 12:00:00,,,,,,,,,,,2014.01.10 08:00:00,1,0,0,,,,,,,,,,,,,,,,,,,,,,,,,,,2014.01.10 12:00:00,,,,,,,,,,,12,5,1,2,Overlap,3,1,1,0,1,43,2,2,1232.79,1232.87,1232.79,1232.86,0.07,0.07,0.00,0.00,0.959459,0.959459,0.563810,37,2.819048,22,1,0,0,1,1,1,1,1,0,1,0,1,1,1,0,0,0,0,0.000000,1,0,0,-1,-1,0,0,0.000000,0.000000,-1,-1.000000,0,65,35,0
RX_1388707200_XAUUSD,8,28,2014.01.10 17:19:00,2014.01.10 17:19:00,2014.01.10 17:19:00,BUY,PROFILE_D_FULL,1244.14,1244.14,35.20,500018.14,500018.14,0.69,1242.76,1240.69,1237.24,1233.79,1243.22,1241.96,1240.08,1237.24,1245.52,1243.91,1242.65,1242.87,0,0,2014.01.10 17:03:00,2014.01.10 17:06:00,2014.01.10 17:14:00,1243.56,1243.46,1243.22,30.7902,35.7796,36.0790,3,8,11,2.666667,0.00026698,0.17176781,3.01818182,0.48079713,0.37154168,1,1,4,4,1,2014.01.10 17:18:00,1,0,1,49.337059,26.926733,0.586297,0.28,18.392273,24.254441,5.862168,1243.77,1243.98,1243.98,1242.87,3.361264,1.387120,21.616499,1.487674,1.479250,-0.079178,-0.061362,0.026903,-0.756123,4.018391,4.032904,-,E100>E50>E20>E200,RANGE,1,2014.01.10 17:19:00,49.259560,25.169287,41.669810,0.20,15.939970,21.020516,1243.77,1243.97,1243.98,1242.88,2014.01.10 17:10:00,1,0,1,49.769196,20.697404,-89.142720,0.69,12.071720,21.749351,9.677631,1243.94,1242.04,1239.32,1236.20,10.763978,-0.183447,5.883814,-0.866021,0.946170,-0.015365,0.117833,0.114664,2.765605,8.515146,11.280751,-,E20>E50>E100>E200,UP,1,2014.01.10 17:15:00,51.355656,21.752978,-72.270426,0.61,10.462157,18.849437,1243.92,1242.11,1239.41,1236.28,2014.01.10 17:00:00,1,0,1,61.246529,22.559224,7.206261,1.53,10.989032,11.547999,0.558968,1241.35,1237.49,1234.32,1231.95,7.596698,-1.686157,-14.594607,-2.020018,0.578937,0.244949,0.196844,0.082858,2.521817,3.616422,6.138238,-,E20>E50>E100>E200,UP,1,2014.01.10 17:15:00,61.773458,19.882023,-5.300361,0.99,9.523827,10.008266,1241.58,1237.74,1234.51,1232.07,2014.01.10 16:30:00,1,0,1,66.738369,34.611384,80.446594,2.82,19.045524,9.153056,9.892468,1238.13,1234.09,1231.83,1230.13,4.956180,0.353025,-33.976194,1.751916,0.339669,0.286165,0.160861,0.051629,1.430544,1.403817,2.834360,+,E20>E50>E100>E200,UP,1,2014.01.10 17:00:00,65.743701,34.674058,66.768549,1.90,16.506121,7.932649,1238.67,1234.47,1232.06,1230.27,2014.01.10 16:00:00,1,0,0,,,,,,,,,,,,,,,,,,,,,,,,,,,2014.01.10 17:00:00,,,,,,,,,,,2014.01.10 12:00:00,1,0,0,,,,,,,,,,,,,,,,,,,,,,,,,,,2014.01.10 16:00:00,,,,,,,,,,,17,5,1,2,NewYork,2,0,1,0,0,319,2,2,1243.55,1243.88,1243.46,1243.80,0.42,0.24,0.09,0.09,0.796651,0.581340,1.513122,35,1.266968,84,1,0,0,0,0,1,1,1,0,1,0,1,1,1,0,0,0,0,0.014478,1,0,0,-1,-1,0,0,0.000000,0.000000,-1,-1.000000,0,65,35,0
RX_1388707200_XAUUSD,9,30,2014.01.13 05:38:00,2014.01.13 05:38:00,2014.01.13 05:38:00,BUY,PROFILE_D_FULL,1251.89,1251.89,36.00,500020.16,500020.16,1.18,1249.53,1245.99,1240.10,1234.21,1250.31,1248.15,1244.93,1240.10,1254.25,1251.49,1249.33,1250.46,0,0,2014.01.13 05:25:00,2014.01.13 05:28:00,2014.01.13 05:33:00,1250.69,1250.65,1250.64,24.3476,39.6357,55.6240,3,5,8,1.666667,0.00003758,1.28457692,0.58750000,3.90954752,3.89708728,0,0,4,4,4,2014.01.13 05:37:00,1,0,1,56.386869,20.086367,93.917471,0.47,23.661485,17.355806,6.305679,1251.20,1250.89,1250.63,1250.46,2.243479,1.516676,16.220984,-1.318455,1.221503,0.053233,0.047196,0.020306,0.660555,0.916378,1.576933,+,E20>E50>E100>E200,UP,1,2014.01.13 05:38:00,56.547529,22.535740,106.756048,0.26,33.839954,15.041698,1251.23,1250.92,1250.65,1250.47,2014.01.13 05:30:00,1,0,1,57.064489,20.511415,85.056229,0.88,25.851928,21.686812,4.165116,1250.65,1250.33,1249.11,1245.89,6.290295,-0.967968,-37.300557,-1.544977,0.715100,0.101436,0.051420,0.063830,0.361377,5.053469,5.414846,+,E20>E50>E100>E200,UP,1,2014.01.13 05:35:00,57.836300,18.944762,69.240926,0.81,22.405004,18.795237,1250.73,1250.38,1249.16,1245.95,2014.01.13 05:15:00,1,0,1,59.289460,24.957390,61.544167,1.70,14.329804,14.308279,0.021524,1250.17,1247.45,1243.02,1238.03,7.678893,0.599899,28.869968,0.340853,1.889941,0.043086,0.084354,0.076319,1.601662,5.552462,7.154124,+,E20>E50>E100>E200,UP,1,2014.01.13 05:30:00,61.662798,21.686134,74.026623,1.71,12.505856,12.400509,1250.30,1247.61,1243.19,1238.17,2014.01.13 05:00:00,1,0,1,66.857288,27.086452,54.365256,1.63,19.006848,18.330354,0.676494,1248.38,1242.99,1238.03,1233.91,10.536165,-0.534863,-11.260402,-2.542039,0.551461,0.157208,0.199561,0.103379,3.310364,5.582443,8.892807,+,E20>E50>E100>E200,UP,1,2014.01.13 05:30:00,68.110292,23.751485,77.335814,1.71,16.559294,15.886306,1248.68,1243.33,1238.30,1234.08,2014.01.13 04:00:00,1,0,0,,,,,,,,,,,,,,,,,,,,,,,,,,,2014.01.13 05:00:00,,,,,,,,,,,2014.01.13 00:00:00,1,0,0,,,,,,,,,,,,,,,,,,,,,,,,,,,2014.01.13 04:00:00,,,,,,,,,,,5,1,1,2,Asia,0,0,0,1,0,398,2,2,1251.44,1251.52,1251.20,1251.52,0.31,0.08,0.00,0.24,1.000000,0.240385,0.661718,36,0.763521,68,1,0,1,0,0,1,1,1,0,1,0,1,1,1,0,0,0,0,0.003758,1,0,0,-1,-1,0,0,0.000000,0.000000,-1,-1.000000,0,65,35,0
RX_1388707200_XAUUSD,10,36,2014.01.15 16:12:00,2014.01.15 16:12:00,2014.01.15 16:12:00,SELL,PROFILE_D_FULL,1241.24,1241.24,32.10,500025.55,500025.55,1.60,1244.45,1249.26,1257.27,1265.28,1243.38,1246.32,1250.70,1257.27,1238.03,1241.78,1244.72,1238.28,0,1,2014.01.15 15:55:00,2014.01.15 16:05:00,2014.01.15 16:09:00,1241.79,1242.24,1242.26,74.3427,73.8853,61.3260,10,4,14,0.400000,0.00038090,0.17509033,3.37857143,0.92976298,0.87705515,1,0,5,2,2,2014.01.15 16:11:00,1,0,1,57.246621,25.353378,-39.254293,0.64,20.917591,23.177441,2.259850,1241.08,1239.94,1238.91,1238.28,4.776001,-0.859396,-19.677968,-2.270874,1.329186,0.116185,0.119591,0.054265,1.786950,2.582633,4.369584,-,E20>E50>E100>E200,UP,1,2014.01.15 16:12:00,55.836561,22.656255,-60.841227,0.52,18.128579,20.087116,1241.10,1239.99,1238.95,1238.31,2014.01.15 16:05:00,1,0,1,69.763037,49.758191,148.043761,1.35,28.593061,4.159401,24.433660,1238.87,1238.20,1238.55,1240.04,1.291430,2.587764,8.205865,3.651542,1.084459,0.197892,0.086888,0.005855,0.494029,-1.362811,1.362811,+,E200>E20>E100>E50,RANGE,1,2014.01.15 16:10:00,65.528229,51.148157,109.579824,1.33,24.780653,6.159788,1239.09,1238.32,1238.60,1240.05,2014.01.15 15:45:00,1,0,1,62.549739,24.424847,196.151804,2.39,27.274376,12.490959,14.783418,1238.17,1239.26,1241.47,1243.16,-0.914150,4.340334,59.059711,-0.682773,1.253042,0.033178,-0.010581,-0.019359,-0.454551,-1.629402,2.083953,+,E200>E100>E50>E20,DOWN,0,2014.01.15 16:00:00,63.503140,27.084326,194.440665,2.24,28.094801,10.825498,1238.46,1239.33,1241.46,1243.14,2014.01.15 15:30:00,1,0,1,54.838529,23.027277,176.584526,3.17,24.339215,16.758996,7.580219,1239.01,1241.55,1243.19,1241.54,-0.178819,2.114528,39.193731,-0.214503,1.473257,-0.034228,-0.049000,-0.011492,-0.802041,0.005758,1.317149,+,E100>E50>E200>E20,RANGE,0,2014.01.15 16:00:00,55.702686,23.625564,187.626575,2.69,25.550995,14.524463,1239.22,1241.54,1243.15,1241.53,2014.01.15 15:00:00,1,0,1,47.787656,17.444798,16.196399,4.69,20.944142,22.315786,1.371644,1240.77,1243.20,1241.59,1235.96,1.067244,2.278143,30.647889,-0.445534,1.771547,-0.064895,-0.045566,0.005215,-0.517146,1.542788,1.542788,-,E50>E100>E20>E200,RANGE,1,2014.01.15 16:00:00,48.531380,16.157628,103.272786,4.17,22.608598,19.340348,1240.82,1243.12,1241.58,1236.01,2014.01.15 12:00:00,1,0,0,,,,,,,,,,,,,,,,,,,,,,,,,,,2014.01.15 16:00:00,,,,,,,,,,,16,3,1,3,NewYork,2,0,1,0,0,252,2,2,1241.64,1241.64,1240.98,1241.34,0.66,0.30,0.00,0.36,0.544629,0.455371,1.031201,32,0.499220,165,0,1,0,0,0,1,1,1,0,1,0,1,1,1,0,0,0,0,0.237873,1,0,0,-1,-1,0,0,0.000000,0.000000,-1,-1.000000,0,65,35,0
RX_1388707200_XAUUSD,11,38,2014.01.16 12:39:00,2014.01.16 12:39:00,2014.01.16 12:39:00,SELL,PROFILE_D_FULL,1238.94,1238.94,33.80,500028.46,500028.46,1.21,1241.36,1244.98,1251.02,1257.06,1240.56,1242.77,1246.07,1251.02,1236.52,1239.35,1241.56,1238.04,0,1,2014.01.16 12:09:00,2014.01.16 12:18:00,2014.01.16 12:36:00,1238.59,1238.68,1239.74,76.6201,67.6090,66.5366,9,18,27,2.000000,0.00092847,0.13160310,4.25925926,0.37346063,0.28527721,1,0,5,3,1,2014.01.16 12:38:00,1,0,1,55.547336,36.499813,57.168710,0.48,23.248949,15.214173,8.034776,1238.79,1238.39,1238.07,1238.04,1.885491,-0.760799,-14.309564,1.908350,2.740426,0.097277,0.070548,0.023816,0.835214,0.726012,1.561227,+,E20>E50>E100>E200,UP,1,2014.01.16 12:39:00,55.318884,33.453078,24.190682,0.27,20.149089,26.518950,1238.81,1238.41,1238.08,1238.05,2014.01.16 12:30:00,1,0,1,60.406613,42.060153,98.960255,0.49,24.000663,9.977579,14.023084,1238.01,1238.14,1238.80,1239.45,-1.264474,-0.390320,-16.009700,2.038447,0.752127,0.151853,0.038564,-0.018947,-0.263413,-2.700425,2.963838,+,E200>E100>E50>E20,DOWN,0,2014.01.16 12:35:00,61.313025,44.299262,130.767774,0.55,33.384184,8.647235,1238.10,1238.17,1238.81,1239.45,2014.01.16 12:15:00,1,0,1,49.423910,33.115852,162.474298,0.86,25.404860,9.641307,15.763553,1238.21,1239.17,1239.98,1241.32,-3.333804,0.946356,30.585994,-1.529197,0.775062,-0.065142,-0.073185,-0.042777,-1.103956,-2.495589,3.599545,+,E200>E100>E50>E20,DOWN,0,2014.01.16 12:30:00,52.478302,36.290853,183.169367,1.07,30.443743,8.355800,1238.28,1239.16,1239.96,1241.30,2014.01.16 12:00:00,1,0,1,46.699645,22.931761,-26.911901,1.26,20.987843,14.082795,6.905048,1238.92,1239.95,1241.30,1240.97,-2.009273,0.484079,13.511567,-1.753434,0.611469,-0.143698,-0.087052,-0.028646,-0.821868,-0.809331,1.895493,+,E100>E200>E50>E20,RANGE,0,2014.01.16 12:30:00,48.910370,24.823633,10.730151,1.32,26.615661,12.205089,1238.92,1239.91,1241.25,1240.95,2014.01.16 11:00:00,1,0,1,40.813568,17.740431,-120.858781,2.25,12.941256,17.237135,4.295879,1239.75,1241.39,1241.04,1236.64,0.445894,-2.379414,-52.519448,-0.849762,1.305495,-0.096660,-0.064348,0.006816,-0.725410,2.109172,2.109172,-,E50>E100>E20>E200,RANGE,1,2014.01.16 12:00:00,45.859842,17.145423,-55.840241,2.05,19.513374,14.938850,1239.68,1241.29,1241.00,1236.66,2014.01.16 08:00:00,1,0,0,,,,,,,,,,,,,,,,,,,,,,,,,,,2014.01.16 12:00:00,,,,,,,,,,,12,4,1,3,Overlap,3,1,1,0,1,39,2,2,1239.20,1239.20,1238.95,1238.95,0.25,0.25,0.00,0.00,0.000000,1.000000,0.525880,34,0.703934,119,0,1,0,1,0,1,1,1,0,1,0,1,1,1,0,0,0,0,0.107280,1,0,0,-1,-1,0,0,0.000000,0.000000,-1,-1.000000,0,65,35,0
RX_1388707200_XAUUSD,12,44,2014.01.17 02:06:00,2014.01.17 02:06:00,2014.01.17 02:06:00,SELL,PROFILE_D_FULL,1243.23,1243.23,23.10,500031.04,500031.04,0.51,1244.24,1245.76,1248.29,1250.82,1243.91,1244.83,1246.22,1248.29,1242.22,1243.40,1244.33,1242.48,0,1,2014.01.17 01:38:00,2014.01.17 01:44:00,2014.01.17 02:03:00,1242.95,1243.05,1243.64,73.5236,70.0814,64.8642,6,19,25,3.166667,0.00055513,0.11777814,2.76000000,0.34637913,0.20991436,1,1,5,0,0,2014.01.17 02:05:00,1,0,1,53.091671,38.241380,-37.071985,0.20,30.828820,25.222313,5.606506,1243.22,1242.88,1242.65,1242.48,3.699515,-0.817170,-7.255983,-1.367570,0.809000,0.121248,0.117358,0.047123,1.689699,1.933029,3.622728,+,E20>E50>E100>E200,UP,1,2014.01.17 02:06:00,53.091671,34.476194,-88.292788,0.16,26.718310,21.859338,1243.22,1242.89,1242.66,1242.49,2014.01.17 02:00:00,1,0,1,64.870324,34.853039,119.135514,0.50,25.568366,7.672580,17.895786,1242.63,1242.40,1242.04,1241.45,3.950601,1.626006,8.608130,2.261432,0.858495,0.145899,0.068676,0.035371,0.449689,1.909901,2.359589,+,E20>E50>E100>E200,UP,1,2014.01.17 02:05:00,60.887068,37.384177,91.498965,0.49,22.159250,6.649569,1242.69,1242.44,1242.06,1241.47,2014.01.17 01:45:00,1,0,1,58.816066,22.427115,179.963338,0.99,25.757233,18.869534,6.887699,1242.31,1241.66,1241.19,1241.51,1.574319,0.574150,23.442519,-0.536512,1.339328,0.021235,0.034811,0.009481,0.659486,0.156749,1.141303,+,E20>E50>E200>E100,RANGE,1,2014.01.17 02:00:00,60.136601,21.561324,164.726835,0.87,22.552820,16.353596,1242.40,1241.73,1241.23,1241.53,2014.01.17 01:30:00,1,0,1,58.900014,21.087417,151.711298,1.32,19.236856,11.548093,7.688762,1241.86,1241.16,1241.48,1241.13,1.462072,0.127787,5.903450,1.072428,1.776320,0.065217,0.045196,0.010649,0.530470,0.023861,0.554331,+,E20>E100>E50>E200,RANGE,1,2014.01.17 02:00:00,59.724223,21.691312,206.560205,1.08,16.901827,10.008348,1241.99,1241.25,1241.52,1241.15,2014.01.17 01:00:00,1,0,1,58.496191,29.631642,77.238203,1.44,16.280277,9.190951,7.089325,1241.31,1241.52,1241.18,1237.25,4.039461,0.840004,0.844520,0.838053,0.838818,0.099107,0.026840,0.036586,-0.143469,2.968194,2.968194,+,E50>E20>E100>E200,RANGE,1,2014.01.17 02:00:00,59.130877,29.490952,134.895771,1.43,14.339458,7.965491,1241.50,1241.59,1241.22,1237.30,2014.01.16 20:00:00,1,0,0,,,,,,,,,,,,,,,,,,,,,,,,,,,2014.01.17 00:00:00,,,,,,,,,,,2,5,1,3,Asia,0,0,0,1,0,186,2,2,1243.42,1243.48,1243.19,1243.23,0.29,0.19,0.06,0.04,0.137931,0.655172,1.433869,23,1.137206,153,0,1,0,1,0,1,1,1,0,1,0,1,1,1,0,0,0,0,0.036023,1,0,0,-1,-1,0,0,0.000000,0.000000,-1,-1.000000,0,65,35,0
RX_1388707200_XAUUSD,13,48,2014.01.17 03:44:01,2014.01.17 03:44:01,2014.01.17 03:44:01,BUY,PROFILE_D_FULL,1243.31,1243.31,32.30,500033.41,500033.41,0.47,1242.37,1240.97,1238.63,1236.29,1242.69,1241.83,1240.55,1238.63,1244.25,1243.16,1242.30,1243.06,0,0,2014.01.17 03:24:00,2014.01.17 03:32:00,2014.01.17 03:41:00,1243.04,1242.90,1242.61,29.3164,31.4164,39.4884,8,9,17,1.125000,0.00035156,0.34697365,2.57058824,0.59835326,0.46107218,1,0,5,4,2,2014.01.17 03:43:00,1,0,1,45.808048,32.826262,11.562076,0.19,22.735987,25.646943,2.910956,1243.05,1243.25,1243.26,1243.06,-0.311295,0.894735,13.464282,-0.288727,1.407895,-0.118009,-0.089665,-0.010714,-1.075560,0.999806,1.140158,-,E100>E50>E200>E20,RANGE,0,2014.01.17 03:44:00,45.162521,29.251626,36.232448,0.15,19.704522,22.227351,1243.04,1243.24,1243.26,1243.06,2014.01.17 03:35:00,1,0,1,42.458948,37.549687,-180.651146,0.37,7.413046,30.098470,22.685425,1243.25,1242.94,1242.48,1241.79,2.707041,-2.683067,-34.743016,1.609016,1.156617,-0.053855,0.020733,0.036836,0.834762,3.100012,3.934774,-,E20>E50>E100>E200,UP,1,2014.01.17 03:40:00,46.462342,41.396882,-144.542429,0.33,6.424640,31.821420,1243.22,1242.94,1242.49,1241.81,2014.01.17 03:15:00,1,0,1,56.299225,19.056857,44.787481,0.69,17.348535,20.647780,3.299245,1242.88,1242.07,1241.46,1241.63,2.300776,-0.986833,-25.492028,-0.500893,0.795205,0.133438,0.098331,0.029440,1.170904,0.640042,2.060337,-,E20>E50>E200>E100,RANGE,1,2014.01.17 03:30:00,53.499102,20.370197,-4.460541,0.72,15.035397,27.262374,1242.89,1242.11,1241.49,1241.64,2014.01.17 03:00:00,1,0,1,57.933710,25.660899,126.961674,1.08,18.178008,8.366511,9.811497,1242.30,1241.43,1241.60,1241.20,1.865101,0.652265,11.647843,0.573467,1.051501,0.113658,0.073119,0.018967,0.803504,0.213352,1.016856,+,E20>E100>E50>E200,RANGE,1,2014.01.17 03:30:00,56.281512,22.595437,41.338995,0.88,15.754274,16.618608,1242.36,1241.49,1241.63,1241.22,2014.01.17 02:00:00,1,0,1,61.124192,30.987206,153.614832,1.52,18.497220,7.965491,10.531729,1241.55,1241.61,1241.23,1237.31,4.264422,1.047436,15.297066,1.135179,0.959357,0.103102,0.031921,0.036175,-0.038791,2.823786,2.823786,+,E50>E20>E100>E200,RANGE,1,2014.01.17 03:00:00,56.834864,29.740897,137.941201,1.62,16.030924,10.327082,1241.69,1241.66,1241.27,1237.37,2014.01.16 20:00:00,1,0,0,,,,,,,,,,,,,,,,,,,,,,,,,,,2014.01.17 00:00:00,,,,,,,,,,,3,5,1,3,Asia,0,0,0,1,0,284,2,2,1242.94,1243.04,1242.84,1243.00,0.20,0.06,0.04,0.10,0.805000,0.305000,1.068091,32,1.708945,26,1,0,0,0,0,1,1,1,0,1,0,1,1,1,0,0,0,0,0.000000,1,0,0,-1,-1,0,0,0.000000,0.000000,-1,-1.000000,0,65,35,0
RX_1388707200_XAUUSD,14,52,2014.01.17 07:56:01,2014.01.17 07:56:01,2014.01.17 07:56:01,BUY,PROFILE_D_FULL,1241.00,1241.00,27.50,500035.44,500035.44,1.32,1238.35,1234.38,1227.76,1221.14,1239.24,1236.81,1233.19,1227.76,1243.65,1240.56,1238.13,1242.76,0,1,2014.01.17 07:34:00,2014.01.17 07:48:00,2014.01.17 07:53:00,1240.54,1240.40,1239.77,17.6845,36.4064,37.3693,14,5,19,0.357143,0.00062795,1.11311370,4.10000000,1.03604353,0.95861199,1,1,5,2,1,2014.01.17 07:55:00,1,0,1,43.763829,24.477452,-51.777692,0.53,24.510021,27.697053,3.187032,1240.96,1241.80,1242.43,1242.76,-3.859732,-1.150780,-23.644405,-1.730364,1.249558,-0.140292,-0.117854,-0.045787,-1.590421,-1.810087,3.400509,-,E200>E100>E50>E20,DOWN,0,2014.01.17 07:56:00,43.895813,22.027738,8.861646,0.45,21.242019,24.004113,1240.93,1241.76,1242.39,1242.74,2014.01.17 07:50:00,1,0,1,26.705002,43.648723,-119.227766,1.09,10.389475,28.030807,17.641332,1242.34,1242.76,1242.69,1242.21,-2.009855,-2.293940,29.125710,3.062460,1.683295,-0.185443,-0.079249,-0.013090,-0.385269,0.501731,0.501731,-,E50>E100>E20>E200,RANGE,0,2014.01.17 07:55:00,35.115206,43.951122,-100.337302,1.05,9.004212,24.293366,1242.18,1242.68,1242.65,1242.20,2014.01.17 07:30:00,1,0,1,35.542728,16.602975,-149.763297,1.36,18.647309,31.278048,12.630739,1242.95,1242.52,1241.90,1241.84,-0.646836,-4.878465,-46.475194,-0.572057,1.462036,-0.019158,0.009952,0.007734,0.312806,0.500551,0.813357,-,E20>E50>E100>E200,UP,0,2014.01.17 07:45:00,34.299632,18.835581,-161.392170,1.70,16.161001,32.332323,1242.73,1242.45,1241.87,1241.83,2014.01.17 07:00:00,1,0,1,49.760248,15.623747,-4.824140,1.59,15.747755,18.599959,2.852203,1242.80,1241.91,1241.84,1241.36,0.707738,0.369222,14.769856,-0.994912,1.615365,0.053982,0.043613,0.013745,0.557950,0.350870,0.908819,-,E20>E50>E100>E200,UP,1,2014.01.17 07:30:00,41.363607,17.870802,-211.795724,1.90,13.648055,26.776650,1242.61,1241.87,1241.82,1241.35,2014.01.17 06:00:00,1,0,1,58.605680,22.035347,147.767239,1.98,13.607219,11.189398,2.417821,1242.14,1241.86,1241.39,1237.54,3.241085,0.021898,14.105807,-1.519259,1.372852,0.083637,0.034347,0.030284,0.141947,2.182376,2.324322,+,E20>E50>E100>E200,UP,1,2014.01.17 07:00:00,46.188095,22.195911,-89.606730,2.78,11.792923,18.933648,1242.01,1241.82,1241.38,1237.58,2014.01.17 00:00:00,1,0,0,,,,,,,,,,,,,,,,,,,,,,,,,,,2014.01.17 04:00:00,,,,,,,,,,,7,5,1,3,London,1,1,0,0,0,56,2,2,1240.02,1240.73,1240.00,1240.71,0.73,0.69,0.02,0.02,0.972603,0.945205,1.378659,28,0.528801,70,1,0,0,1,0,1,1,1,0,1,0,1,1,1,0,0,0,0,0.186971,1,0,0,-1,-1,0,0,0.000000,0.000000,-1,-1.000000,0,65,35,0
RX_1388707200_XAUUSD,15,54,2014.01.17 10:14:10,2014.01.17 10:14:10,2014.01.17 10:14:10,BUY,PROFILE_D_FULL,1241.59,1241.59,28.70,500038.17,500038.17,0.47,1240.64,1239.22,1236.85,1234.48,1240.95,1240.09,1238.79,1236.85,1242.54,1241.43,1240.56,1241.55,0,0,2014.01.17 09:46:00,2014.01.17 09:57:00,2014.01.17 10:07:00,1241.36,1241.27,1240.77,22.7337,23.4447,24.1266,11,10,21,0.909091,0.00047528,0.06127062,2.80952381,0.06632892,-0.08212676,1,1,5,3,2,2014.01.17 10:13:00,1,0,1,47.098613,22.686066,3.044448,0.19,26.357789,23.141880,3.215910,1241.33,1241.43,1241.36,1241.55,-1.335145,2.983549,45.998024,-2.193244,0.735666,-0.122341,-0.065569,-0.021495,-0.517447,-0.606063,1.123510,+,E200>E50>E100>E20,RANGE,0,2014.01.17 10:14:00,47.392415,20.527501,24.676929,0.15,22.843417,20.056296,1241.33,1241.43,1241.36,1241.54,2014.01.17 10:05:00,1,0,1,47.189280,25.730875,-33.625291,0.51,13.525923,31.898605,18.372682,1241.42,1241.69,1242.01,1241.93,-1.410037,-1.784446,-22.720506,-0.434100,0.590023,0.023496,-0.013509,-0.007755,-0.519528,-0.467770,1.143315,-,E100>E200>E50>E20,RANGE,0,2014.01.17 10:10:00,48.433639,27.692973,-36.844063,0.55,11.722467,27.645457,1241.41,1241.67,1241.99,1241.92,2014.01.17 09:45:00,1,0,1,48.461989,24.606958,-4.795177,1.62,16.382055,25.181465,8.799410,1241.90,1242.09,1241.76,1241.77,0.002007,3.046267,25.016428,-0.296201,1.247733,-0.030717,-0.016976,-0.002069,-0.118577,0.196186,0.203640,-,E50>E20>E200>E100,RANGE,1,2014.01.17 10:00:00,45.911097,25.787510,-21.100591,1.67,14.197781,28.477349,1241.84,1242.06,1241.75,1241.77,2014.01.17 09:30:00,1,0,1,48.157936,18.486146,-15.922357,2.01,19.328816,19.692064,0.363248,1242.23,1241.80,1241.78,1241.35,0.212177,-0.320462,-2.219643,0.572480,1.261340,-0.057567,-0.011447,-0.000499,0.211746,0.223432,0.435179,-,E20>E50>E100>E200,UP,1,2014.01.17 10:00:00,45.998054,18.317008,-73.812782,1.98,16.751641,23.719869,1242.14,1241.78,1241.77,1241.35,2014.01.17 09:00:00,1,0,1,50.254172,20.741890,-59.247595,2.89,17.902929,15.979298,1.923632,1241.85,1241.76,1241.37,1237.65,1.431011,-0.173928,-16.169248,-1.099673,1.683873,0.009510,0.005975,0.016168,0.029899,1.425161,1.455061,+,E20>E50>E100>E200,UP,1,2014.01.17 10:00:00,48.576026,18.733292,-106.329143,2.79,15.515872,13.848725,1241.79,1241.74,1241.36,1237.68,2014.01.17 04:00:00,1,0,0,,,,,,,,,,,,,,,,,,,,,,,,,,,2014.01.17 08:00:00,,,,,,,,,,,10,5,1,3,London,1,1,0,0,0,194,2,2,1241.17,1241.35,1241.17,1241.29,0.19,0.13,0.06,0.00,0.681081,0.681081,0.977543,29,1.532365,42,1,0,0,1,0,1,1,1,0,1,0,1,1,1,0,0,0,0,0.000000,1,0,0,-1,-1,0,0,0.000000,0.000000,-1,-1.000000,0,65,35,0
RX_1388707200_XAUUSD,16,60,2014.01.17 20:52:02,2014.01.17 20:52:02,2014.01.17 20:52:02,BUY,PROFILE_D_FULL,1252.52,1252.52,36.00,500042.21,500042.21,0.56,1251.39,1249.70,1246.89,1244.08,1251.77,1250.74,1249.20,1246.89,1253.65,1252.33,1251.30,1252.03,0,0,2014.01.17 20:34:00,2014.01.17 20:39:00,2014.01.17 20:46:00,1251.67,1251.67,1251.56,26.7671,36.0387,57.3955,5,7,12,1.400000,0.00009347,1.14425477,0.97500000,2.55236383,2.50903049,1,0,5,5,3,2014.01.17 20:51:00,1,0,1,56.373557,17.662905,224.486287,0.22,24.698827,22.886706,1.812121,1251.92,1252.14,1252.25,1252.03,0.936608,1.117890,32.935394,-0.165797,0.821918,-0.009090,-0.047815,-0.006479,-0.965496,0.468503,1.465672,+,E100>E50>E200>E20,RANGE,1,2014.01.17 20:52:00,54.145890,15.815603,183.897523,0.22,21.405650,19.835145,1251.94,1252.14,1252.25,1252.03,2014.01.17 20:45:00,1,0,1,41.856708,28.718302,-112.559203,0.39,12.911439,20.703907,7.792468,1252.22,1251.75,1250.00,1247.43,10.793586,-1.226621,-18.413327,0.426135,0.824182,-0.154740,0.000839,0.113813,1.195665,11.072486,12.268151,-,E20>E50>E100>E200,UP,1,2014.01.17 20:50:00,49.337429,25.806083,-57.936690,0.43,15.634358,17.943386,1252.21,1251.77,1250.04,1247.48,2014.01.17 20:30:00,1,0,1,56.322721,27.785286,-78.771920,0.77,21.093577,23.473200,2.379623,1251.48,1248.56,1245.98,1244.15,9.952276,-0.983840,-10.646733,0.937813,0.494007,0.146850,0.218706,0.109358,3.770662,5.708124,9.478786,-,E20>E50>E100>E200,UP,1,2014.01.17 20:45:00,57.810508,24.304069,-61.581197,0.72,21.037044,20.343440,1251.54,1248.70,1246.10,1244.23,2014.01.17 20:00:00,1,0,1,65.242647,31.926825,52.599957,1.46,30.518223,9.647234,20.870988,1249.31,1245.92,1244.10,1242.67,6.357784,-0.844174,-5.313594,1.622377,0.524599,0.271970,0.195310,0.067967,2.317551,2.219111,4.536662,+,E20>E50>E100>E200,UP,1,2014.01.17 20:30:00,65.752380,30.776141,26.051818,0.99,26.449126,16.454095,1249.58,1246.16,1244.26,1242.76,2014.01.17 19:00:00,1,0,1,70.269858,31.077748,95.209121,3.38,19.284617,7.049674,12.234944,1246.64,1244.06,1242.66,1238.67,4.233342,0.753551,-28.783717,2.408325,0.713028,0.216324,0.106765,0.040984,0.763460,1.595611,2.359071,+,E20>E50>E100>E200,UP,1,2014.01.17 20:00:00,67.231494,33.982441,79.623776,2.38,19.813486,6.109717,1247.17,1244.38,1242.85,1238.80,2014.01.17 16:00:00,1,0,0,,,,,,,,,,,,,,,,,,,,,,,,,,,2014.01.17 20:00:00,,,,,,,,,,,20,5,1,3,NewYork,2,0,1,0,0,532,2,2,1251.84,1252.24,1251.84,1252.24,0.40,0.40,0.00,0.00,1.000000,1.000000,1.777778,36,1.600000,28,1,0,0,1,0,1,1,1,0,1,0,1,1,1,0,0,0,0,0.010787,1,1,1,0,0,3,1,0.888889,0.888889,5,1.000000,0,65,35,0
RX_1388707200_XAUUSD,17,62,2014.01.20 04:37:05,2014.01.20 04:37:05,2014.01.20 04:37:05,BUY,PROFILE_D_FULL,1255.63,1255.63,30.80,500049.53,500049.53,0.48,1254.67,1253.23,1250.82,1248.41,1254.99,1254.11,1252.80,1250.82,1256.59,1255.47,1254.59,1255.75,0,1,2014.01.20 03:54:00,2014.01.20 04:09:00,2014.01.20 04:34:00,1255.03,1254.94,1254.90,24.4515,37.6152,54.2591,15,25,40,1.666667,0.00010358,1.21905234,0.32500000,0.74519117,0.72830806,0,0,5,4,2,2014.01.20 04:36:00,1,0,1,59.194210,19.286488,169.622476,0.19,25.411565,18.120544,7.291021,1255.15,1255.21,1255.44,1255.75,-2.360664,3.190871,34.360025,-1.430815,1.873479,0.021474,-0.008170,-0.031229,-0.306871,-2.839559,3.146430,+,E200>E100>E50>E20,DOWN,0,2014.01.20 04:37:00,60.129735,18.948103,159.762236,0.17,22.023357,15.704471,1255.16,1255.21,1255.44,1255.75,2014.01.20 04:30:00,1,0,1,41.398142,33.761135,-59.664393,0.26,12.963533,26.552814,13.589281,1255.46,1255.76,1254.89,1252.26,11.232342,0.498279,2.693256,1.224364,1.042829,-0.144905,-0.101284,0.113596,-1.162060,13.369212,13.369212,-,E50>E20>E100>E200,RANGE,1,2014.01.20 04:35:00,44.143985,32.295480,22.729114,0.25,14.476653,23.012439,1255.44,1255.74,1254.90,1252.29,2014.01.20 04:15:00,1,0,1,49.227923,34.406778,-98.508518,0.45,5.740494,20.232909,14.492414,1255.70,1253.54,1250.21,1246.98,18.535816,-1.160467,5.932289,3.208857,0.657196,-0.117139,0.174947,0.191787,4.834961,14.743899,19.578860,-,E20>E50>E100>E200,UP,1,2014.01.20 04:30:00,49.881178,34.497995,-81.319121,0.39,8.425387,17.535188,1255.66,1253.61,1250.31,1247.06,2014.01.20 04:00:00,1,0,1,58.225486,39.398841,-36.143063,1.05,9.653882,21.558166,11.904284,1254.30,1250.20,1246.98,1244.39,10.293754,-1.654152,-24.171520,-3.211665,0.629918,0.154232,0.226302,0.109142,3.892405,5.518291,9.410696,-,E20>E50>E100>E200,UP,1,2014.01.20 04:30:00,58.519193,38.021846,-45.905787,0.86,10.267282,18.683744,1254.40,1250.40,1247.15,1244.50,2014.01.20 03:00:00,1,0,1,67.233596,43.185861,57.313446,1.83,17.733985,16.929574,0.804411,1251.20,1246.89,1244.35,1239.81,8.415050,-0.716637,-5.065057,1.067120,0.841778,0.356114,0.226928,0.092349,2.361276,3.872037,6.233313,+,E20>E50>E100>E200,UP,1,2014.01.20 04:00:00,67.495599,37.737163,44.312544,1.44,15.369454,14.672298,1251.59,1247.22,1244.57,1239.97,2014.01.20 00:00:00,1,0,0,,,,,,,,,,,,,,,,,,,,,,,,,,,2014.01.20 04:00:00,,,,,,,,,,,4,1,1,3,Asia,0,0,0,1,0,337,2,2,1255.25,1255.36,1255.20,1255.30,0.16,0.05,0.06,0.05,0.621795,0.301282,0.810390,31,1.610390,33,1,0,0,0,0,1,1,1,0,1,0,1,1,1,0,0,0,0,0.000000,1,1,0,0,-1,1,1,0.098701,0.000000,6,0.621795,0,65,35,0
RX_1388707200_XAUUSD,18,66,2014.01.21 06:55:02,2014.01.21 06:55:02,2014.01.21 06:55:02,BUY,PROFILE_D_FULL,1252.80,1252.80,32.80,500051.53,500051.53,0.48,1251.85,1250.42,1248.04,1245.66,1252.17,1251.30,1250.00,1248.04,1253.75,1252.64,1251.77,1252.75,0,0,2014.01.21 06:15:00,2014.01.21 06:32:00,2014.01.21 06:46:00,1252.47,1252.18,1251.90,26.4426,29.0611,34.5189,14,5,19,0.357143,0.00018528,0.51151126,1.22105263,0.78237374,0.71827649,1,1,5,3,2,2014.01.21 06:54:00,1,0,1,55.414796,24.918191,128.989625,0.19,21.552245,13.275877,8.276367,1252.21,1252.50,1252.67,1252.75,-1.547885,3.652677,41.293806,-0.067004,1.139013,-0.062339,-0.090159,-0.034521,-1.503221,-1.305732,2.808953,+,E200>E100>E50>E20,DOWN,0,2014.01.21 06:55:00,55.989716,24.764227,199.069579,0.16,18.678612,11.505760,1252.24,1252.50,1252.67,1252.75,2014.01.21 06:50:00,1,0,1,45.766712,37.592840,-75.447408,0.53,17.827504,30.138023,12.310519,1252.67,1252.79,1253.23,1253.62,-2.229581,1.046250,10.974604,1.489201,1.333756,-0.089479,-0.040012,-0.025390,-0.227838,-1.579776,1.807614,-,E200>E100>E50>E20,DOWN,0,2014.01.21 06:55:00,46.139693,36.002508,-47.762478,0.43,15.450504,26.119620,1252.66,1252.78,1253.21,1253.61,2014.01.21 06:30:00,1,0,1,41.242477,23.360752,-36.003935,0.88,18.422154,22.040893,3.618739,1252.83,1253.54,1253.26,1251.03,1.212768,-1.494117,-26.199259,0.353006,1.638100,-0.012863,-0.038191,0.020731,-0.810357,2.860698,2.860698,-,E50>E100>E20>E200,RANGE,1,2014.01.21 06:45:00,45.138482,21.938152,-36.927243,0.77,15.965866,20.607484,1252.80,1253.50,1253.24,1251.04,2014.01.21 06:00:00,1,0,1,43.228586,25.169881,-11.832301,1.11,21.708686,15.366925,6.341761,1253.44,1253.28,1251.02,1247.71,4.205587,0.840248,16.663154,-0.935198,1.140225,-0.074612,-0.020162,0.046533,0.139322,5.004359,5.143680,+,E20>E50>E100>E200,UP,1,2014.01.21 06:30:00,43.717075,22.312427,-45.345384,1.03,18.814194,20.275758,1253.35,1253.25,1251.05,1247.76,2014.01.21 05:00:00,1,0,1,51.752213,26.380301,-48.032395,1.38,17.515571,18.873194,1.357623,1253.82,1251.11,1247.75,1242.51,8.129417,-0.132974,10.915790,1.950116,0.844543,-0.089114,0.055355,0.076524,1.959945,6.224200,8.184146,-,E20>E50>E100>E200,UP,1,2014.01.21 06:00:00,47.010837,25.416261,-79.029797,1.50,15.180162,22.371261,1253.69,1251.16,1247.85,1242.61,2014.01.21 00:00:00,1,0,0,,,,,,,,,,,,,,,,,,,,,,,,,,,2014.01.21 04:00:00,,,,,,,,,,,6,2,1,3,Asia,0,0,0,1,0,475,2,2,1252.00,1252.52,1251.99,1252.45,0.53,0.46,0.07,0.00,0.867925,0.862264,2.782152,33,1.732283,83,1,0,0,1,0,1,1,1,0,1,0,1,1,1,0,0,0,0,0.000000,1,0,0,-1,-1,0,0,0.000000,0.000000,-1,-1.000000,0,65,35,0
RX_1388707200_XAUUSD,19,72,2014.01.21 16:36:02,2014.01.21 16:36:02,2014.01.21 16:36:02,SELL,PROFILE_D_FULL,1240.77,1240.77,33.90,500053.59,500053.59,1.23,1243.23,1246.92,1253.07,1259.22,1242.41,1244.67,1248.03,1253.07,1238.31,1241.18,1243.44,1240.74,0,1,2014.01.21 16:14:00,2014.01.21 16:23:00,2014.01.21 16:33:00,1241.50,1241.60,1241.84,69.3205,62.1449,57.9739,9,10,19,1.111111,0.00027306,0.16368247,1.78421053,0.59718683,0.56094081,1,1,5,4,4,2014.01.21 16:35:00,1,0,1,48.086391,24.469319,-75.813544,0.49,24.754533,30.647875,5.893342,1240.94,1240.72,1240.39,1240.74,0.069213,-0.196694,-0.513958,0.118176,0.892971,0.026242,0.030827,0.006817,0.463208,-0.046175,1.121465,-,E20>E200>E50>E100,RANGE,1,2014.01.21 16:36:00,48.086391,22.625055,-44.585229,0.38,21.453928,26.561491,1240.93,1240.72,1240.40,1240.74,2014.01.21 16:30:00,1,0,1,53.143568,25.932837,85.895404,0.91,22.580917,17.390424,5.190494,1240.40,1241.20,1243.67,1246.95,-6.718051,0.545811,18.854747,-1.306721,1.011083,0.087198,-0.008160,-0.066482,-0.874210,-6.308413,7.182623,+,E200>E100>E50>E20,DOWN,0,2014.01.21 16:35:00,52.758599,22.639685,4.389035,0.86,19.570128,20.059232,1240.43,1241.18,1243.62,1246.89,2014.01.21 16:15:00,1,0,1,40.319723,41.017185,69.404152,1.64,11.879512,20.238770,8.359258,1241.77,1245.65,1248.52,1249.09,-5.113500,1.968382,22.894672,-3.140911,0.706516,-0.083738,-0.134091,-0.052636,-2.366010,-2.096298,4.462307,-,E200>E100>E50>E20,DOWN,0,2014.01.21 16:30:00,40.695724,37.763971,95.611240,1.52,12.541290,17.540268,1241.68,1245.46,1248.37,1249.01,2014.01.21 16:00:00,1,0,1,32.876835,39.868457,-46.138077,2.71,11.937996,21.311875,9.373879,1244.49,1248.45,1249.05,1247.27,-2.423370,3.194529,27.786800,-0.095075,0.658208,-0.219568,-0.141098,-0.028402,-1.460504,0.434290,1.681358,-,E100>E50>E200>E20,RANGE,0,2014.01.21 16:30:00,33.183185,37.075902,-31.434682,2.09,12.591976,18.470291,1244.14,1248.15,1248.88,1247.21,2014.01.21 15:00:00,1,0,1,28.336394,46.745050,-122.447430,5.56,8.408865,31.987067,23.578202,1248.18,1249.31,1247.42,1242.85,-0.335030,-1.128362,11.331945,3.571331,2.042516,-0.147378,-0.057908,-0.001320,-0.204391,1.162332,1.162332,-,E50>E20>E100>E200,RANGE,0,2014.01.21 16:00:00,28.013659,47.493545,-95.539306,5.06,8.668464,27.722125,1247.47,1248.98,1247.29,1242.83,2014.01.21 12:00:00,1,0,0,,,,,,,,,,,,,,,,,,,,,,,,,,,2014.01.21 16:00:00,,,,,,,,,,,16,2,1,3,NewYork,2,0,1,0,0,276,2,2,1240.82,1240.82,1240.42,1240.77,0.40,0.05,0.00,0.35,0.872818,0.124688,0.814627,34,0.690706,85,0,1,1,0,0,1,1,1,0,1,0,1,1,1,0,0,0,0,0.024158,1,0,0,-1,-1,0,0,0.000000,0.000000,-1,-1.000000,0,65,35,0
RX_1388707200_XAUUSD,20,76,2014.01.22 00:54:01,2014.01.22 00:54:01,2014.01.22 00:54:01,BUY,PROFILE_D_FULL,1243.05,1243.05,33.00,500056.07,500056.07,0.47,1242.12,1240.72,1238.39,1236.06,1242.43,1241.58,1240.30,1238.39,1243.98,1242.90,1242.04,1242.38,0,0,2014.01.22 00:39:00,2014.01.22 00:46:00,2014.01.22 00:51:00,1242.84,1242.59,1242.54,27.1602,35.0189,39.8193,7,5,12,0.714286,0.00024138,0.46609143,2.50000000,1.05492772,0.92069953,1,0,5,2,5,2014.01.22 00:53:00,1,0,1,46.572411,19.585689,-41.307735,0.19,23.080102,18.669991,4.410111,1242.82,1242.80,1242.62,1242.38,1.814921,0.871444,15.533930,-1.466940,0.648390,-0.092018,-0.027023,0.016730,0.095295,2.239525,2.334820,+,E20>E50>E100>E200,UP,1,2014.01.22 00:54:00,46.572411,18.382680,-43.860036,0.10,20.002755,16.180659,1242.81,1242.80,1242.62,1242.39,2014.01.22 00:45:00,1,0,1,53.458812,19.212206,4.102956,0.48,15.730421,15.077124,0.653297,1242.64,1242.32,1242.50,1244.19,-2.921262,-0.320430,-4.864894,0.481036,1.205385,0.090141,0.060217,-0.025785,0.658353,-3.877332,3.877332,+,E200>E20>E100>E50,RANGE,0,2014.01.22 00:50:00,52.595458,17.083626,-40.112230,0.45,13.633032,14.548322,1242.65,1242.34,1242.50,1244.17,2014.01.22 00:30:00,1,0,1,56.410728,18.894141,118.388701,0.81,16.002114,11.071644,4.930470,1242.23,1243.25,1245.70,1247.33,-5.215821,0.818348,19.632267,-0.828968,0.908732,0.090612,-0.025664,-0.057957,-1.258438,-5.063180,6.321618,+,E200>E100>E50>E20,DOWN,0,2014.01.22 00:45:00,53.166936,16.977620,78.934904,0.71,13.868499,15.181632,1242.28,1243.23,1245.64,1247.28,2014.01.22 00:00:00,1,0,1,46.367998,17.830455,96.838241,1.16,22.082050,12.691761,9.390289,1242.77,1245.75,1247.36,1246.60,-3.263050,2.071573,15.805335,-0.342486,0.751534,-0.052475,-0.133291,-0.038531,-2.566775,-0.728279,3.949583,+,E100>E200>E50>E20,RANGE,0,2014.01.22 00:30:00,45.981928,19.489879,91.716843,1.18,20.552159,10.999526,1242.76,1245.64,1247.27,1246.56,2014.01.21 23:00:00,1,0,1,39.202353,29.737013,-17.197338,2.05,17.253720,16.240397,1.013323,1245.04,1247.51,1246.70,1242.79,0.060765,1.381468,9.885459,-2.911160,0.572516,-0.192330,-0.119075,-0.003948,-1.205636,2.304250,2.304250,+,E50>E100>E20>E200,RANGE,1,2014.01.22 00:00:00,38.717170,27.467284,12.543096,1.69,18.175334,14.075010,1244.82,1247.32,1246.62,1242.79,2014.01.21 20:00:00,1,0,0,,,,,,,,,,,,,,,,,,,,,,,,,,,2014.01.22 00:00:00,,,,,,,,,,,0,3,1,4,Asia,0,0,0,1,0,114,2,2,1242.69,1242.80,1242.69,1242.72,0.11,0.03,0.08,0.00,0.272727,0.272727,0.590604,33,1.771812,16,1,0,1,0,0,1,1,1,0,1,0,1,1,1,0,0,0,0,0.003863,1,0,0,-1,-1,0,0,0.000000,0.000000,-1,-1.000000,0,65,35,0
RX_1388707200_XAUUSD,21,80,2014.01.22 05:23:07,2014.01.22 05:23:07,2014.01.22 05:23:07,BUY,PROFILE_D_FULL,1242.66,1242.66,28.60,500058.20,500058.20,0.41,1241.83,1240.59,1238.52,1236.45,1242.11,1241.35,1240.22,1238.52,1243.49,1242.53,1241.77,1242.69,0,1,2014.01.22 04:49:00,2014.01.22 04:53:00,2014.01.22 05:19:00,1242.68,1242.58,1241.98,23.6545,29.2754,37.1706,4,26,30,6.500000,0.00056249,0.57139579,2.33000000,0.45053581,0.30975031,1,1,5,0,2,2014.01.22 05:22:00,1,0,1,47.426813,18.226527,4.392971,0.17,21.773257,15.503105,6.270152,1242.36,1242.59,1242.72,1242.69,-2.014609,1.615375,25.071229,-1.831487,0.762673,-0.115676,-0.103764,-0.030348,-1.408336,-0.594566,2.205444,+,E100>E200>E50>E20,RANGE,0,2014.01.22 05:23:00,48.088891,19.650072,45.917618,0.11,24.360352,13.436024,1242.36,1242.58,1242.71,1242.68,2014.01.22 05:15:00,1,0,1,36.307201,25.223774,-170.691570,0.41,12.150318,29.097068,16.946750,1242.71,1242.64,1242.58,1243.51,-3.412137,-2.132660,0.015998,-0.476664,1.343776,-0.112076,-0.028631,-0.028547,0.181298,-2.154904,2.305090,-,E200>E20>E50>E100,RANGE,0,2014.01.22 05:20:00,42.837599,26.592860,-112.912118,0.34,12.006102,25.217459,1242.68,1242.63,1242.57,1243.50,2014.01.22 05:00:00,1,0,1,47.627179,19.720886,-27.701674,0.56,15.642687,20.037206,4.394518,1242.58,1242.91,1244.75,1246.54,-7.624066,-1.889905,-26.442669,-0.588826,0.797148,0.037876,-0.011229,-0.069081,-0.583646,-6.501825,7.085471,-,E200>E100>E50>E20,DOWN,0,2014.01.22 05:15:00,48.500041,21.538290,-104.201729,0.56,13.556996,27.125028,1242.56,1242.89,1244.70,1246.50,2014.01.22 04:30:00,1,0,1,47.230730,20.809274,51.765078,0.90,18.324603,13.632379,4.692225,1242.69,1244.80,1246.58,1246.26,-4.101144,0.083757,1.722657,0.741854,0.679152,0.016588,-0.099271,-0.039719,-2.353908,-1.623099,4.334046,+,E100>E200>E50>E20,RANGE,0,2014.01.22 05:00:00,46.190131,19.166385,0.650879,0.84,15.881323,18.827251,1242.66,1244.70,1246.49,1246.22,2014.01.22 04:00:00,1,0,1,40.734864,18.495105,85.026981,1.59,12.920062,13.436426,0.516364,1244.08,1246.62,1246.31,1242.78,-0.128897,0.306502,20.444864,-2.248382,0.774485,-0.120591,-0.112004,-0.001111,-1.599629,2.420742,2.420742,-,E50>E100>E20>E200,RANGE,0,2014.01.22 05:00:00,40.129074,19.360788,45.100706,1.29,11.197387,18.657425,1243.92,1246.46,1246.23,1242.78,2014.01.22 00:00:00,1,0,0,,,,,,,,,,,,,,,,,,,,,,,,,,,2014.01.22 04:00:00,,,,,,,,,,,5,3,1,4,Asia,0,0,0,1,0,383,2,2,1242.18,1242.36,1242.17,1242.35,0.19,0.17,0.01,0.01,0.947368,0.889474,1.148036,29,1.752266,25,1,0,0,1,0,1,1,1,0,1,0,1,1,1,0,0,0,0,0.024155,1,0,0,-1,-1,0,0,0.000000,0.000000,-1,-1.000000,0,65,35,0
RX_1388707200_XAUUSD,22,86,2014.01.22 07:50:01,2014.01.22 07:50:01,2014.01.22 07:50:01,SELL,PROFILE_D_FULL,1241.38,1241.38,34.40,500060.22,500060.22,0.81,1242.99,1245.41,1249.44,1253.47,1242.46,1243.93,1246.14,1249.44,1239.77,1241.65,1243.13,1241.18,0,1,2014.01.22 07:36:00,2014.01.22 07:42:00,2014.01.22 07:46:00,1241.57,1241.65,1241.94,81.4317,67.6650,58.2408,6,4,10,0.666667,0.00029801,0.28478994,3.70000000,2.31909372,2.20436504,1,0,5,4,3,2014.01.22 07:49:00,1,0,1,57.809565,30.155918,28.296439,0.32,31.502362,22.850323,8.652039,1241.17,1240.79,1240.78,1241.18,0.692197,-2.554099,-24.710390,1.213032,1.007812,0.164882,0.109992,0.013210,1.181663,-1.211825,1.226151,+,E200>E20>E50>E100,RANGE,1,2014.01.22 07:50:00,57.319104,28.257573,9.151883,0.21,27.302047,19.803613,1241.19,1240.81,1240.80,1241.18,2014.01.22 07:45:00,1,0,1,56.805147,26.939569,167.649121,0.78,29.174282,11.171622,18.002661,1240.77,1241.32,1241.79,1242.83,-1.828386,3.709296,32.252315,0.179833,1.273581,0.047261,-0.017073,-0.024006,-0.702438,-1.931610,2.634048,+,E200>E100>E50>E20,DOWN,0,2014.01.22 07:50:00,56.494741,29.297065,120.322791,0.58,25.284378,9.682072,1240.83,1241.32,1241.78,1242.81,2014.01.22 07:30:00,1,0,1,49.740561,31.705597,-22.386753,1.13,15.736982,17.618341,1.881359,1241.45,1242.24,1244.05,1246.01,-3.893869,2.807673,39.693168,0.184516,0.826421,-0.113602,-0.071235,-0.050909,-0.690661,-3.334867,4.025529,-,E200>E100>E50>E20,DOWN,0,2014.01.22 07:45:00,48.277185,29.329260,12.843543,0.97,20.192390,15.269229,1241.45,1242.20,1244.00,1245.96,2014.01.22 07:00:00,1,0,1,36.635608,24.368525,-146.225174,1.54,13.341263,22.072489,8.731226,1242.04,1244.13,1246.06,1246.01,-3.724693,-2.119024,-39.598050,0.711850,1.716713,-0.084134,-0.086728,-0.032316,-1.358201,-1.217528,2.609431,-,E100>E200>E50>E20,RANGE,0,2014.01.22 07:30:00,44.232570,21.243198,-66.333796,1.78,19.488081,19.129491,1241.98,1244.02,1245.97,1245.96,2014.01.22 06:00:00,1,0,1,34.895035,23.454397,-162.167847,1.79,9.704402,27.525604,17.821202,1243.57,1246.21,1246.12,1242.75,-1.292883,-0.479811,-32.384299,-0.428348,1.093918,-0.115370,-0.103583,-0.003957,-1.481044,1.938639,1.938639,-,E50>E100>E20>E200,RANGE,0,2014.01.22 07:00:00,39.107648,26.709524,-124.060038,1.91,8.410482,23.855524,1243.36,1246.02,1246.02,1242.74,2014.01.22 00:00:00,1,0,0,,,,,,,,,,,,,,,,,,,,,,,,,,,2014.01.22 04:00:00,,,,,,,,,,,7,3,1,4,London,1,1,0,0,0,50,2,2,1241.57,1241.57,1241.35,1241.40,0.22,0.17,0.00,0.05,0.227273,0.772727,0.682171,34,1.054264,15,0,1,0,1,0,1,1,1,0,1,0,1,1,1,0,0,0,0,0.007247,1,0,0,-1,-1,0,0,0.000000,0.000000,-1,-1.000000,0,65,35,0
RX_1388707200_XAUUSD,23,88,2014.01.22 10:56:06,2014.01.22 10:56:06,2014.01.22 10:56:06,SELL,PROFILE_D_FULL,1239.91,1239.91,32.50,500062.22,500062.22,0.49,1240.89,1242.36,1244.81,1247.26,1240.57,1241.46,1242.80,1244.81,1238.93,1240.08,1240.97,1239.81,0,1,2014.01.22 10:39:00,2014.01.22 10:48:00,2014.01.22 10:52:00,1239.79,1240.06,1240.17,72.0908,69.0169,62.1279,9,4,13,0.444444,0.00030650,0.13819864,2.92307692,0.76637308,0.61704604,1,0,5,4,3,2014.01.22 10:55:00,1,0,1,56.019660,42.841475,40.714189,0.20,22.348323,17.166080,5.182242,1239.78,1239.57,1239.55,1239.81,0.379272,-1.170693,-13.601374,0.467561,1.154867,0.159721,0.102037,0.011284,1.047813,-1.216613,1.315401,+,E200>E20>E50>E100,RANGE,1,2014.01.22 10:56:00,56.847861,38.877921,21.639042,0.16,19.368546,14.877270,1239.79,1239.58,1239.56,1239.81,2014.01.22 10:50:00,1,0,1,56.531620,19.264179,192.158667,0.38,23.139815,8.977022,14.162792,1239.59,1239.98,1240.66,1241.84,-4.670447,2.419790,53.172963,0.445475,0.922429,0.063063,-0.025900,-0.055930,-1.029353,-4.848996,5.878349,+,E200>E100>E50>E20,DOWN,0,2014.01.22 10:55:00,54.069506,21.751818,129.375426,0.37,20.054506,9.026545,1239.62,1239.98,1240.64,1241.82,2014.01.22 10:30:00,1,0,1,45.391654,29.370282,-43.688249,0.73,12.027096,17.597010,5.569915,1240.11,1241.22,1243.10,1245.28,-7.763468,0.125229,4.356660,0.288703,0.417891,-0.128882,-0.112061,-0.083319,-1.540451,-5.596940,7.137391,-,E200>E100>E50>E20,DOWN,0,2014.01.22 10:45:00,47.062601,27.305038,14.119077,0.72,20.167073,15.250742,1240.09,1241.17,1243.04,1245.23,2014.01.22 10:00:00,1,0,1,39.579122,23.137981,-91.264686,1.80,9.326186,21.380524,12.054338,1240.92,1243.16,1245.33,1245.63,-3.568175,0.860239,2.773474,0.330946,0.956932,-0.102105,-0.089240,-0.034645,-1.246381,-1.372856,2.619237,-,E200>E100>E50>E20,DOWN,0,2014.01.22 10:30:00,43.315648,22.011515,-62.213911,1.30,13.783178,18.529787,1240.82,1243.04,1245.22,1245.58,2014.01.22 09:00:00,1,0,1,35.393754,34.392860,-157.751373,2.75,6.317207,23.466939,17.149733,1242.42,1245.41,1245.71,1242.64,-1.188224,-1.068222,-48.555671,3.179551,1.733701,-0.121148,-0.088061,-0.009907,-1.088102,1.005517,1.196556,-,E100>E50>E200>E20,RANGE,0,2014.01.22 10:00:00,37.784020,36.856953,-107.426129,2.33,6.269614,20.338014,1242.18,1245.20,1245.59,1242.62,2014.01.22 04:00:00,1,0,0,,,,,,,,,,,,,,,,,,,,,,,,,,,2014.01.22 08:00:00,,,,,,,,,,,10,3,1,4,London,1,1,0,0,0,236,2,2,1240.13,1240.13,1239.78,1239.88,0.35,0.25,0.00,0.10,0.291785,0.708215,1.803321,33,1.685824,44,0,1,0,1,0,1,1,1,0,1,0,1,1,1,0,0,0,0,0.008063,1,0,0,-1,-1,0,0,0.000000,0.000000,-1,-1.000000,0,65,35,0
RX_1388707200_XAUUSD,24,94,2014.01.22 16:19:00,2014.01.22 16:19:00,2014.01.22 16:19:00,SELL,PROFILE_D_FULL,1240.79,1240.79,33.50,500064.24,500064.24,0.56,1241.91,1243.59,1246.39,1249.19,1241.54,1242.57,1244.10,1246.39,1239.67,1240.98,1242.01,1240.50,0,1,2014.01.22 16:03:00,2014.01.22 16:10:00,2014.01.22 16:16:00,1240.68,1241.16,1241.22,68.4251,66.4171,54.5490,7,6,13,0.857143,0.00043444,0.20279214,4.14615385,1.06738954,0.88249974,1,1,5,4,3,2014.01.22 16:18:00,1,0,1,55.537527,29.950582,-20.736667,0.22,16.179753,21.273288,5.093535,1240.74,1240.38,1240.36,1240.50,1.323584,-2.326013,-22.477812,-2.564108,0.903323,0.122522,0.114655,0.021615,1.599209,-0.504065,1.721666,-,E20>E200>E50>E100,RANGE,1,2014.01.22 16:19:00,55.537527,27.770476,-64.672988,0.19,14.022453,18.436850,1240.75,1240.40,1240.36,1240.50,2014.01.22 16:10:00,1,0,1,56.187058,32.535669,108.656500,0.45,31.403968,8.903346,22.500622,1240.35,1240.54,1240.70,1241.34,-0.584701,2.135966,28.851143,1.070910,0.589426,0.099846,0.012739,-0.015347,-0.434432,-1.761258,2.195690,+,E200>E100>E50>E20,DOWN,0,2014.01.22 16:15:00,53.385402,35.882188,96.387029,0.44,28.710782,7.716233,1240.39,1240.55,1240.70,1241.33,2014.01.22 16:00:00,1,0,1,52.182566,19.872138,3.941882,1.46,26.189573,17.618114,8.571459,1240.59,1240.94,1242.27,1244.40,-2.272178,-0.163927,-8.757829,-0.928000,1.133747,-0.040881,-0.025840,-0.030314,-0.242515,-2.360489,2.603004,+,E200>E100>E50>E20,DOWN,0,2014.01.22 16:15:00,50.762436,20.237372,19.648919,1.01,24.191640,15.269032,1240.61,1240.94,1242.25,1244.36,2014.01.22 15:30:00,1,0,1,48.190996,16.216457,-49.917290,2.19,16.437775,17.310465,0.872690,1240.70,1242.26,1244.40,1245.11,-2.117156,-1.899267,-42.711384,-1.235508,0.984838,-0.024086,-0.039148,-0.022345,-0.711893,-1.301893,2.013786,-,E200>E100>E50>E20,DOWN,0,2014.01.22 16:00:00,49.375325,16.562040,24.692029,2.05,21.953122,15.002403,1240.71,1242.20,1244.33,1245.07,2014.01.22 15:00:00,1,0,1,41.324408,22.378543,-60.390929,2.95,12.417149,16.825798,4.408649,1241.65,1244.41,1245.14,1242.53,-0.696456,0.505586,8.338656,-2.779754,1.252783,-0.037204,-0.053989,-0.005983,-0.933110,0.635476,1.182258,-,E100>E50>E200>E20,RANGE,0,2014.01.22 16:00:00,42.902185,21.404863,-11.326287,2.41,10.761529,14.582358,1241.57,1244.27,1245.06,1242.51,2014.01.22 12:00:00,1,0,0,,,,,,,,,,,,,,,,,,,,,,,,,,,2014.01.22 16:00:00,,,,,,,,,,,16,3,1,4,NewYork,2,0,1,0,0,259,2,2,1240.94,1241.04,1240.74,1240.79,0.30,0.15,0.10,0.05,0.167224,0.498328,1.333333,34,1.516165,45,0,1,0,0,0,1,1,1,0,1,0,1,1,1,0,0,0,0,0.007493,1,0,0,-1,-1,0,0,0.000000,0.000000,-1,-1.000000,0,65,35,0
RX_1388707200_XAUUSD,25,96,2014.01.22 20:47:01,2014.01.22 20:47:01,2014.01.22 20:47:01,BUY,PROFILE_D_FULL,1238.06,1238.06,32.60,500066.28,500066.28,0.68,1236.70,1234.66,1231.26,1227.86,1237.15,1235.91,1234.05,1231.26,1239.42,1237.83,1236.59,1239.24,0,1,2014.01.22 20:25:00,2014.01.22 20:38:00,2014.01.22 20:44:00,1238.32,1237.47,1237.24,20.4823,32.2253,40.5896,13,6,19,0.461538,0.00086892,0.98169007,5.66315789,1.05827732,0.84988144,1,0,5,0,0,2014.01.22 20:46:00,1,0,1,37.509631,54.164867,-28.367961,0.27,13.080201,22.591148,9.510946,1238.01,1238.55,1238.92,1239.24,-5.513529,0.846344,10.041266,0.082113,0.803400,-0.165314,-0.145262,-0.060091,-1.980638,-2.566554,4.547192,-,E200>E100>E50>E20,DOWN,0,2014.01.22 20:47:00,37.222099,50.497912,-31.307665,0.24,11.336175,19.578995,1237.98,1238.51,1238.90,1239.23,2014.01.22 20:40:00,1,0,1,28.424548,45.689878,-161.676174,0.59,5.770076,38.344322,32.574246,1238.93,1239.36,1239.79,1240.52,-4.762132,-2.594570,8.250256,3.645354,1.631068,-0.180038,-0.091571,-0.041052,-0.738852,-1.964690,2.703541,-,E200>E100>E50>E20,DOWN,0,2014.01.22 20:45:00,28.721561,46.534838,-111.844739,0.53,10.486447,33.231746,1238.82,1239.30,1239.75,1240.49,2014.01.22 20:30:00,1,0,1,35.764899,24.983565,-262.132758,0.86,9.143390,31.758489,22.615100,1239.45,1240.12,1241.40,1243.57,-6.815867,-2.954169,-56.091800,1.442331,1.031212,-0.088378,-0.061807,-0.055140,-0.786539,-4.016836,4.803375,-,E200>E100>E50>E20,DOWN,0,2014.01.22 20:45:00,35.888836,29.024570,-180.348708,0.85,7.924271,27.524024,1239.28,1240.03,1241.33,1243.52,2014.01.22 20:00:00,1,0,1,41.873469,14.727120,-110.862515,1.12,11.055469,21.062784,10.007315,1239.95,1241.42,1243.60,1244.63,-5.517996,-0.433074,2.842879,-0.197080,0.894094,-0.084022,-0.086843,-0.049569,-1.319880,-2.874884,4.194764,-,E200>E100>E50>E20,DOWN,0,2014.01.22 20:30:00,39.197418,19.552857,-205.413094,1.11,9.581406,29.462746,1239.74,1241.28,1243.48,1244.56,2014.01.22 19:00:00,1,0,1,39.243736,25.659248,-56.548177,1.36,9.291071,16.001919,6.710848,1240.94,1243.68,1244.71,1242.41,-2.060418,-1.058971,-9.485943,0.431445,0.503148,-0.122606,-0.130343,-0.020495,-2.016697,0.935170,2.772859,-,E100>E50>E200>E20,RANGE,0,2014.01.22 20:00:00,32.921691,28.626716,-149.547257,1.61,8.052262,22.867589,1240.64,1243.45,1244.57,1242.37,2014.01.22 16:00:00,1,0,0,,,,,,,,,,,,,,,,,,,,,,,,,,,2014.01.22 20:00:00,,,,,,,,,,,20,3,1,4,NewYork,2,0,1,0,0,527,2,2,1237.71,1237.84,1237.71,1237.74,0.13,0.03,0.09,0.00,0.280000,0.280000,0.459982,33,1.214351,62,1,0,1,0,1,1,1,1,0,1,0,1,1,1,0,0,0,0,0.095778,1,0,0,-1,-1,0,0,0.000000,0.000000,-1,-1.000000,0,65,35,0
RX_1388707200_XAUUSD,26,102,2014.01.24 07:13:00,2014.01.24 07:13:00,2014.01.24 07:13:00,BUY,PROFILE_D_FULL,1259.30,1259.30,32.10,500070.62,500070.62,0.88,1257.55,1254.92,1250.54,1246.16,1258.13,1256.52,1254.13,1250.54,1261.05,1259.00,1257.40,1259.85,0,1,2014.01.24 06:58:00,2014.01.24 07:03:00,2014.01.24 07:09:00,1258.80,1258.17,1258.15,24.1856,33.5906,50.5032,5,6,11,1.200000,0.00051398,1.08815363,5.88181818,2.39251316,2.22482056,1,0,5,4,1,2014.01.24 07:12:00,1,0,1,51.510717,31.609733,73.404122,0.35,22.490886,16.022558,6.468328,1258.80,1259.18,1259.52,1259.85,-2.515003,4.171540,37.311082,-1.851147,1.278943,-0.046797,-0.066456,-0.035230,-1.088476,-1.908881,2.997357,+,E200>E100>E50>E20,DOWN,0,2014.01.24 07:13:00,51.737215,29.634434,104.020744,0.19,19.492101,13.886217,1258.81,1259.17,1259.51,1259.84,2014.01.24 07:05:00,1,0,1,36.134551,43.662699,-148.641751,0.69,7.360584,28.833902,21.473318,1259.57,1260.01,1260.22,1258.17,0.862579,-0.149989,-6.501478,1.754499,1.556183,-0.112852,-0.064930,0.012529,-0.630289,2.671071,2.974973,-,E100>E50>E20>E200,RANGE,1,2014.01.24 07:10:00,39.939852,42.775423,-93.972301,0.64,11.489305,24.989382,1259.52,1259.97,1260.19,1258.18,2014.01.24 06:45:00,1,0,1,40.293669,24.979703,-100.847285,0.94,11.852069,24.710533,12.858464,1260.16,1259.45,1255.52,1250.97,8.606866,-3.238572,-49.834053,-0.198681,0.826910,-0.071174,0.011566,0.095485,0.761705,9.026678,9.788383,-,E20>E50>E100>E200,UP,1,2014.01.24 07:00:00,39.818952,28.126093,-137.453888,0.90,10.271794,29.678886,1260.05,1259.43,1255.59,1251.05,2014.01.24 06:30:00,1,0,1,49.463723,32.213986,-115.441383,1.28,15.964557,31.403337,15.438781,1260.01,1255.54,1250.99,1248.13,8.542716,-0.600994,1.609057,-0.556156,1.272953,-0.018647,0.148759,0.093976,3.490039,5.800114,9.290153,-,E20>E50>E100>E200,UP,1,2014.01.24 07:00:00,49.109584,33.770490,-145.979692,1.27,13.835949,35.479316,1259.91,1255.68,1251.15,1248.23,2014.01.24 06:00:00,1,0,1,60.966123,34.319113,-105.647567,1.79,15.675666,23.264042,7.588376,1257.19,1251.16,1248.26,1244.85,7.948653,-1.370576,-26.956995,-2.295660,0.835906,0.195966,0.216975,0.086554,3.373625,3.533023,6.906648,-,E20>E50>E100>E200,UP,1,2014.01.24 07:00:00,60.707088,34.453026,-123.634024,1.69,13.585577,28.425261,1257.36,1251.47,1248.48,1244.99,2014.01.24 00:00:00,1,0,0,,,,,,,,,,,,,,,,,,,,,,,,,,,2014.01.24 04:00:00,,,,,,,,,,,7,5,1,4,London,1,1,0,0,0,13,2,2,1258.72,1258.98,1258.72,1258.96,0.26,0.24,0.01,0.01,0.954023,0.927203,0.744120,32,0.912331,33,1,0,0,1,0,1,1,1,0,1,0,1,1,1,0,0,0,0,0.064698,1,1,1,0,0,3,1,0.461867,0.461867,3,0.954023,0,65,35,0
RX_1388707200_XAUUSD,27,106,2014.01.27 06:41:02,2014.01.27 06:41:02,2014.01.27 06:41:02,BUY,PROFILE_D_FULL,1269.73,1269.73,38.70,500072.62,500072.62,0.78,1268.17,1265.83,1261.93,1258.03,1268.69,1267.26,1265.12,1261.93,1271.29,1269.47,1268.04,1271.36,0,1,2014.01.27 06:31:00,2014.01.27 06:34:00,2014.01.27 06:38:00,1268.82,1268.68,1268.65,15.9824,18.1679,27.8130,3,4,7,1.333333,0.00013398,0.74023262,2.42857143,1.69009475,1.61219350,1,1,5,4,1,2014.01.27 06:40:00,1,0,1,40.781315,59.745059,-6.054018,0.31,19.049762,29.609768,10.560006,1269.55,1270.28,1270.84,1271.36,-6.477216,1.866927,12.792125,-1.946206,0.960709,-0.195190,-0.172139,-0.075387,-2.358833,-3.453254,5.812088,-,E200>E100>E50>E20,DOWN,0,2014.01.27 06:41:00,40.781315,54.672628,46.710843,0.24,16.509794,25.661799,1269.53,1270.25,1270.81,1271.34,2014.01.27 06:35:00,1,0,1,27.547952,32.014669,-155.726413,0.78,10.430432,35.353899,24.923467,1270.74,1271.40,1271.00,1269.04,0.036281,-3.181716,-13.568692,2.799094,1.481710,-0.202925,-0.103791,0.007402,-0.848914,3.030863,3.030863,-,E50>E100>E20>E200,RANGE,1,2014.01.27 06:40:00,31.876225,33.228293,-110.772121,0.79,12.785026,30.640046,1270.61,1271.32,1270.97,1269.04,2014.01.27 06:15:00,1,0,1,38.861447,23.143764,-179.461695,1.14,12.192098,30.430701,18.238603,1271.47,1270.08,1266.86,1261.21,7.013849,-2.476393,-20.512691,-0.282078,1.261086,-0.068417,0.033430,0.087919,1.225604,7.791829,9.017433,-,E20>E50>E100>E200,UP,1,2014.01.27 06:30:00,39.810849,27.049311,-220.775339,1.14,10.566485,33.863521,1271.27,1270.05,1266.91,1261.30,2014.01.27 06:00:00,1,0,1,48.370966,23.140217,-137.320346,1.43,15.693205,22.082025,6.388821,1270.53,1266.79,1261.18,1255.21,9.799816,-1.520709,-29.899642,-3.017770,0.739474,0.022494,0.125068,0.112394,2.614796,8.119277,10.734073,-,E20>E50>E100>E200,UP,1,2014.01.27 06:30:00,48.832608,24.372568,-166.375666,1.36,13.600777,26.628002,1270.41,1266.89,1261.34,1255.35,2014.01.27 05:00:00,1,0,1,61.716228,25.520922,43.619532,2.01,21.559416,18.269970,3.289445,1267.97,1261.05,1255.14,1249.29,10.936372,-0.731271,-20.401251,-1.380969,0.406820,0.245205,0.237274,0.114996,3.439965,5.841527,9.281491,+,E20>E50>E100>E200,UP,1,2014.01.27 06:00:00,56.675785,24.146711,10.947694,2.14,18.684827,25.390614,1268.10,1261.37,1255.42,1249.49,2014.01.27 00:00:00,1,0,0,,,,,,,,,,,,,,,,,,,,,,,,,,,2014.01.27 04:00:00,,,,,,,,,,,6,1,1,4,Asia,0,0,0,1,0,461,2,2,1269.06,1269.34,1268.99,1269.34,0.36,0.29,0.00,0.07,1.000000,0.803371,1.141941,39,1.251002,71,1,0,0,1,0,1,1,1,0,1,0,1,1,1,0,0,0,0,0.163165,1,0,0,-1,-1,0,0,0.000000,0.000000,-1,-1.000000,0,65,35,0
RX_1388707200_XAUUSD,28,110,2014.01.28 02:18:04,2014.01.28 02:18:04,2014.01.28 02:18:04,SELL,PROFILE_D_FULL,1258.56,1258.56,20.60,500074.80,500074.80,0.41,1259.37,1260.59,1262.62,1264.65,1259.10,1259.85,1260.96,1262.62,1257.75,1258.70,1259.44,1257.31,0,1,2014.01.28 02:00:00,2014.01.28 02:05:00,2014.01.28 02:12:00,1258.60,1258.86,1258.92,83.4758,76.1844,66.6338,7,3,10,0.428571,0.00005561,0.11980419,0.70000000,0.91272158,0.86964466,1,1,5,2,2,2014.01.28 02:17:00,1,0,1,51.188459,22.314997,-88.026052,0.16,18.256710,26.628801,8.372091,1258.63,1258.24,1257.79,1257.31,7.702484,-3.294649,-38.012646,-2.027497,0.812500,0.127664,0.149283,0.093684,2.345728,5.745346,8.091073,-,E20>E50>E100>E200,UP,1,2014.01.28 02:18:00,51.188459,21.826611,-178.771529,0.14,15.822482,23.078294,1258.62,1258.26,1257.81,1257.32,2014.01.28 02:10:00,1,0,1,69.376307,42.722994,147.633360,0.37,39.497305,7.340345,32.156959,1257.76,1257.25,1258.02,1260.32,-3.925337,1.898789,13.314940,3.072629,0.844749,0.262852,0.147971,-0.051153,1.391968,-8.291956,8.291956,+,E200>E100>E20>E50,RANGE,0,2014.01.28 02:15:00,63.784780,46.217532,116.606423,0.39,34.591358,6.361633,1257.84,1257.30,1258.03,1260.30,2014.01.28 02:00:00,1,0,1,55.880402,30.677322,148.243582,0.78,33.006628,10.488432,22.518196,1257.35,1259.24,1261.53,1261.03,-2.778593,2.369938,26.814344,0.613633,0.898212,0.130321,-0.065575,-0.038961,-2.432981,-2.293405,5.370873,+,E100>E200>E50>E20,RANGE,0,2014.01.28 02:15:00,54.322278,33.550817,124.686989,0.57,28.966105,9.089974,1257.46,1259.21,1261.47,1261.00,2014.01.28 01:30:00,1,0,1,46.624042,17.400117,46.639595,1.34,25.881965,17.890422,7.991542,1258.51,1261.54,1261.00,1257.09,0.827032,1.555186,20.797256,-0.474735,0.666584,-0.107963,-0.137838,0.002190,-2.269761,3.330461,3.330461,+,E50>E100>E20>E200,RANGE,1,2014.01.28 02:00:00,47.601869,20.175113,95.185851,1.22,34.683288,15.505033,1258.51,1261.42,1260.95,1257.10,2014.01.28 01:00:00,1,0,1,44.215764,22.004838,-46.649992,2.76,14.865305,16.669212,1.803908,1260.96,1260.99,1257.12,1251.42,2.454104,2.372065,26.089353,-1.489508,0.524131,-0.195644,-0.068572,0.019543,-0.012730,3.469280,3.469280,-,E50>E20>E100>E200,RANGE,1,2014.01.28 02:00:00,44.894478,22.671426,-14.592497,2.28,25.135516,14.446651,1260.73,1260.90,1257.14,1251.49,2014.01.27 20:00:00,1,0,0,,,,,,,,,,,,,,,,,,,,,,,,,,,2014.01.28 00:00:00,,,,,,,,,,,2,2,1,4,Asia,0,0,0,1,0,198,0,0,1258.82,1258.82,1258.56,1258.56,0.26,0.26,0.00,0.00,0.000000,1.000000,1.600000,21,1.292308,60,0,1,0,1,0,1,1,1,0,1,0,1,1,1,0,0,0,0,0.063546,1,0,0,-1,-1,0,0,0.000000,0.000000,-1,-1.000000,0,65,35,0
RX_1388707200_XAUUSD,29,112,2014.01.28 07:48:03,2014.01.28 07:48:03,2014.01.28 07:48:03,BUY,PROFILE_D_FULL,1257.12,1257.12,33.10,500076.83,500076.83,0.87,1255.37,1252.75,1248.38,1244.01,1255.95,1254.35,1251.96,1248.38,1258.87,1256.83,1255.23,1258.36,0,1,2014.01.28 07:34:00,2014.01.28 07:40:00,2014.01.28 07:45:00,1257.14,1256.31,1256.17,17.2599,25.5331,25.7157,6,5,11,0.833333,0.00077159,0.48991018,8.81818182,0.76870983,0.51658169,1,0,5,2,2,2014.01.28 07:47:00,1,0,1,39.696056,42.685822,-30.848848,0.35,14.681726,25.800797,11.119072,1257.03,1257.75,1258.27,1258.36,-4.558872,1.876934,15.803073,-1.078067,0.821491,-0.159933,-0.145941,-0.051797,-2.048720,-1.748755,3.797475,-,E200>E100>E50>E20,DOWN,0,2014.01.28 07:48:00,40.282646,40.656559,-14.845860,0.31,12.724162,22.360691,1257.01,1257.71,1258.24,1258.34,2014.01.28 07:40:00,1,0,1,31.893022,61.687326,-131.128531,0.68,2.906346,40.590666,37.684320,1258.30,1258.32,1258.23,1259.31,-3.920363,-2.577848,5.725185,4.005342,0.697412,-0.227867,-0.076848,-0.032358,-0.038862,-1.449753,1.585305,-,E200>E50>E20>E100,RANGE,0,2014.01.28 07:45:00,33.860344,65.137158,-118.066457,0.71,2.518833,37.980366,1258.15,1258.26,1258.20,1259.28,2014.01.28 07:30:00,1,0,1,41.116757,25.615258,-107.101301,1.38,19.587874,32.070138,12.482264,1258.17,1258.62,1260.33,1260.45,-2.764594,-3.655524,-41.490331,-1.188729,1.322148,-0.001832,-0.012077,-0.016030,-0.332065,-1.327519,1.659584,-,E200>E100>E50>E20,DOWN,0,2014.01.28 07:45:00,42.117819,26.017187,-123.734550,1.23,16.976157,30.595908,1258.03,1258.55,1260.26,1260.42,2014.01.28 07:00:00,1,0,1,45.601840,21.570831,18.230740,1.90,24.799052,20.026294,4.772758,1258.32,1260.33,1260.43,1257.19,0.130258,-0.035099,0.145484,1.414993,1.531382,0.035183,-0.034082,0.009166,-1.061519,1.653660,1.705152,+,E100>E50>E20>E200,RANGE,1,2014.01.28 07:30:00,43.724095,20.649109,-98.698292,1.82,21.492512,28.875396,1258.17,1260.19,1260.36,1257.19,2014.01.28 06:00:00,1,0,1,47.192530,22.831675,45.368690,2.22,26.567852,9.183165,17.384687,1259.87,1260.47,1257.21,1251.75,3.328513,0.595353,18.403736,0.165367,0.805329,-0.097876,-0.046983,0.029201,-0.270269,3.926980,3.926980,+,E50>E20>E100>E200,RANGE,1,2014.01.28 07:00:00,43.222881,21.481592,-10.273404,2.45,23.025472,17.833863,1259.58,1260.33,1257.20,1251.80,2014.01.28 00:00:00,1,0,0,,,,,,,,,,,,,,,,,,,,,,,,,,,2014.01.28 04:00:00,,,,,,,,,,,7,2,1,4,London,1,1,0,0,0,48,2,2,1256.64,1256.84,1256.59,1256.76,0.25,0.12,0.08,0.05,0.686508,0.484127,0.720515,33,0.943531,65,1,0,0,0,0,1,1,1,0,1,0,1,1,1,0,0,0,0,0.144168,1,0,0,-1,-1,0,0,0.000000,0.000000,-1,-1.000000,0,65,35,0
RX_1388707200_XAUUSD,30,118,2014.01.28 21:23:00,2014.01.28 21:23:00,2014.01.28 21:23:00,SELL,PROFILE_D_FULL,1254.25,1254.25,48.30,500080.40,500080.40,0.58,1255.42,1257.17,1260.08,1262.99,1255.03,1256.10,1257.69,1260.08,1253.08,1254.44,1255.51,1252.51,0,1,2014.01.28 20:56:00,2014.01.28 21:05:00,2014.01.28 21:20:00,1254.16,1254.24,1254.74,65.1125,63.6108,62.7778,9,15,24,1.666667,0.00046166,0.03585629,2.41250000,0.09727888,-0.00626189,1,0,5,2,1,2014.01.28 21:22:00,1,0,1,51.137949,15.789802,-13.154240,0.23,18.494093,25.859172,7.365079,1254.31,1253.83,1253.10,1252.51,7.490924,-2.632405,-24.646523,-1.069078,2.452632,0.089434,0.124005,0.087054,2.075885,5.672242,7.748126,-,E20>E50>E100>E200,UP,1,2014.01.28 21:23:00,51.137949,15.898561,-68.972188,0.21,16.028214,22.411282,1254.31,1253.85,1253.13,1252.53,2014.01.28 21:15:00,1,0,1,74.173089,57.006142,87.192780,0.42,34.312915,6.263942,28.048973,1253.11,1252.46,1252.93,1254.38,0.618950,0.366293,-12.030746,0.687360,0.471517,0.377430,0.196196,-0.001900,1.560549,-4.597723,4.597723,+,E200>E20>E100>E50,RANGE,1,2014.01.28 21:20:00,67.338284,55.748074,69.804847,0.37,29.737860,10.565362,1253.22,1252.53,1252.96,1254.38,2014.01.28 21:00:00,1,0,1,59.517154,29.577711,154.726251,1.43,26.840464,10.919539,15.920925,1252.57,1253.68,1255.75,1257.60,-2.195794,2.801736,27.020107,0.667043,1.404063,0.090196,-0.006138,-0.029742,-0.772557,-2.730775,3.503332,+,E200>E100>E50>E20,DOWN,0,2014.01.28 21:15:00,58.242094,32.359235,128.386327,1.18,28.726216,9.463601,1252.73,1253.70,1255.72,1257.57,2014.01.28 20:30:00,1,0,1,51.613343,22.892864,80.840581,1.55,29.814130,14.126508,15.687622,1253.11,1255.66,1257.53,1256.34,-1.351727,2.522692,35.811544,1.257043,1.067354,-0.074707,-0.101200,-0.028245,-1.644861,-0.437301,2.846441,+,E100>E200>E50>E20,RANGE,0,2014.01.28 21:00:00,51.649638,24.600730,163.365044,1.57,25.838913,12.242973,1253.22,1255.61,1257.46,1256.32,2014.01.28 20:00:00,1,0,1,46.422561,15.064680,-14.545426,2.41,27.175494,16.532892,10.642602,1254.87,1257.51,1256.35,1252.01,0.926105,1.309980,31.043802,-0.254154,0.367759,-0.156806,-0.103273,-0.000683,-1.093612,2.279902,2.279902,+,E50>E100>E20>E200,RANGE,1,2014.01.28 21:00:00,46.449870,16.302603,20.940959,2.15,23.552095,14.328507,1254.81,1257.38,1256.31,1252.03,2014.01.28 16:00:00,1,0,0,,,,,,,,,,,,,,,,,,,,,,,,,,,2014.01.28 20:00:00,,,,,,,,,,,21,2,1,4,Asia,0,0,0,1,0,1343,2,2,1254.54,1254.57,1254.25,1254.25,0.32,0.29,0.03,0.00,0.000000,0.907937,1.351931,48,2.060086,24,0,1,0,1,0,1,1,1,0,1,0,1,1,1,0,0,0,0,0.039849,1,0,0,-1,-1,0,0,0.000000,0.000000,-1,-1.000000,0,65,35,0
RX_1388707200_XAUUSD,31,122,2014.01.29 23:48:10,2014.01.29 23:48:10,2014.01.29 23:48:10,BUY,PROFILE_D_FULL,1267.66,1267.66,34.70,500082.59,500082.59,0.62,1266.43,1264.58,1261.50,1258.42,1266.84,1265.71,1264.02,1261.50,1268.89,1267.45,1266.32,1266.67,0,0,2014.01.29 23:38:00,2014.01.29 23:42:00,2014.01.29 23:45:00,1266.68,1266.59,1266.57,28.4394,35.4264,43.9496,4,3,7,0.750000,0.00008921,0.54537756,1.61428571,2.21574272,2.15018797,1,1,5,5,2,2014.01.29 23:47:00,1,0,1,57.253524,36.352727,152.029446,0.25,29.032420,18.184604,10.847816,1267.03,1267.21,1267.25,1266.67,2.597161,3.388989,48.408107,-1.069567,1.123147,-0.027187,-0.045926,0.011284,-0.734574,2.184037,2.354546,+,E100>E50>E20>E200,RANGE,1,2014.01.29 23:48:00,57.253524,34.568947,158.295523,0.21,25.161430,15.759990,1267.06,1267.21,1267.25,1266.68,2014.01.29 23:40:00,1,0,1,46.729914,34.329158,-81.213251,0.34,8.263905,29.837480,21.573575,1267.19,1266.27,1264.72,1262.10,13.090316,-1.033805,-6.979697,1.218928,0.371892,-0.055361,0.102454,0.148338,2.676408,12.121087,14.797495,-,E20>E50>E100>E200,UP,1,2014.01.29 23:45:00,52.054520,34.918331,-37.408235,0.46,11.415849,25.859149,1267.20,1266.31,1264.77,1262.15,2014.01.29 23:30:00,1,0,1,54.520610,32.310412,9.113737,1.07,17.395563,28.217228,10.821665,1266.13,1263.42,1260.68,1259.18,6.966532,-1.704024,-18.230920,-2.347466,0.420114,0.140389,0.162131,0.078622,2.536900,3.984313,6.521213,-,E20>E50>E100>E200,UP,1,2014.01.29 23:45:00,56.959956,30.872655,8.636869,0.86,15.791078,24.454931,1266.24,1263.58,1260.81,1259.26,2014.01.29 23:00:00,1,0,1,59.532759,26.595813,66.730652,2.79,16.354614,16.414440,0.059826,1264.34,1260.71,1259.18,1257.54,3.444732,-0.083742,11.927372,-0.401112,0.463548,0.163964,0.113913,0.038021,1.299962,1.131371,2.431333,-,E20>E50>E100>E200,UP,1,2014.01.29 23:30:00,59.802166,23.074047,60.645437,1.93,14.173999,14.225848,1264.62,1260.96,1259.34,1257.64,2014.01.29 21:00:00,1,0,1,62.593958,37.842116,103.839717,7.20,24.941098,14.232820,10.708278,1261.58,1259.21,1257.57,1253.54,1.886452,-0.096507,1.768506,-2.518746,1.411206,0.084214,0.042204,0.017717,0.328410,0.787108,1.115518,+,E20>E50>E100>E200,UP,1,2014.01.29 23:00:00,62.845305,33.159984,80.669293,5.73,21.615618,20.468357,1262.13,1259.53,1257.77,1253.68,2014.01.29 16:00:00,1,0,0,,,,,,,,,,,,,,,,,,,,,,,,,,,2014.01.29 20:00:00,,,,,,,,,,,23,3,1,5,Asia,0,0,0,1,0,48,2,2,1267.14,1267.32,1267.14,1267.31,0.18,0.17,0.00,0.01,0.977528,0.949438,0.722843,35,1.421320,16,1,0,0,1,0,1,1,1,0,1,0,1,1,1,0,0,0,0,0.000000,1,1,1,1,1,3,1,0.946193,0.946193,7,0.988506,0,65,35,0
RX_1388707200_XAUUSD,32,132,2014.01.30 20:35:00,2014.01.30 20:35:00,2014.01.30 20:35:00,BUY,PROFILE_D_FULL,1243.74,1243.74,36.00,499767.56,499767.56,0.62,1242.50,1240.63,1237.52,1234.41,1242.92,1241.77,1240.07,1237.52,1244.98,1243.54,1242.39,1244.11,0,1,2014.01.30 20:18:00,2014.01.30 20:25:00,2014.01.30 20:31:00,1243.34,1243.05,1242.94,29.4164,37.5546,41.9511,7,6,13,0.857143,0.00032091,0.42611317,3.06923077,0.96420961,0.84082345,1,0,5,0,1,2014.01.30 20:34:00,1,0,1,43.350810,27.375410,-41.869919,0.25,21.491216,23.999676,2.508460,1243.59,1243.97,1244.11,1244.11,-2.926938,0.604063,3.305727,-0.449013,0.827787,-0.169182,-0.124539,-0.035020,-1.490933,-0.593827,2.084759,-,E200>E100>E50>E20,DOWN,0,2014.01.30 20:35:00,43.350810,24.460582,-19.766261,0.14,18.625721,20.799719,1243.57,1243.94,1244.09,1244.11,2014.01.30 20:30:00,1,0,1,42.915378,26.790537,-153.927546,0.78,7.287495,22.217212,14.929717,1244.05,1244.23,1246.02,1250.01,-8.454967,-1.560741,-10.329982,2.588019,1.284426,-0.083659,-0.037201,-0.084128,-0.222516,-7.378008,7.600523,-,E200>E100>E50>E20,DOWN,0,2014.01.30 20:35:00,42.915378,29.965283,-108.025759,0.53,6.315829,19.254917,1243.99,1244.20,1245.97,1249.94,2014.01.30 20:15:00,1,0,1,43.257125,15.945693,-55.543141,0.94,18.034696,31.315005,13.280309,1244.48,1248.20,1252.41,1255.28,-12.657692,-1.538612,-39.872404,-0.056169,0.550220,-0.032711,-0.184441,-0.119824,-3.955806,-7.541740,11.497546,-,E200>E100>E50>E20,DOWN,0,2014.01.30 20:30:00,43.231458,18.030824,-79.058479,0.86,15.630070,30.061317,1244.38,1248.01,1252.23,1255.17,2014.01.30 20:00:00,1,0,1,36.219782,18.527476,36.439744,1.79,17.078245,17.988375,0.910129,1246.73,1252.26,1255.19,1256.04,-7.052582,0.450815,14.665512,-1.618200,0.596391,-0.205953,-0.207460,-0.069737,-3.083795,-2.107776,5.191570,-,E200>E100>E50>E20,DOWN,0,2014.01.30 20:30:00,36.204110,17.542234,-4.962299,1.41,14.801146,18.511571,1246.41,1251.91,1254.96,1255.91,2014.01.30 19:00:00,1,0,1,31.479780,35.442343,-54.894937,3.03,20.335715,18.979903,1.355811,1251.38,1255.47,1256.22,1253.65,-2.970162,1.103611,28.655102,-2.693158,0.453809,-0.319275,-0.169347,-0.033096,-1.353909,0.602163,1.598874,+,E100>E50>E200>E20,RANGE,0,2014.01.30 20:00:00,29.795418,32.319239,-57.352595,2.65,17.624286,22.439588,1250.62,1255.00,1255.96,1253.55,2014.01.30 16:00:00,1,0,0,,,,,,,,,,,,,,,,,,,,,,,,,,,2014.01.30 20:00:00,,,,,,,,,,,20,4,1,5,NewYork,2,0,1,0,0,515,2,2,1243.30,1243.38,1243.24,1243.38,0.14,0.09,0.00,0.05,1.000000,0.629371,0.574874,36,1.447236,43,1,0,0,1,0,1,1,1,0,1,0,1,1,1,0,0,0,0,0.000000,1,0,0,-1,-1,0,0,0.000000,0.000000,-1,-1.000000,0,65,35,0
RX_1388707200_XAUUSD,33,136,2014.01.31 07:09:00,2014.01.31 07:09:00,2014.01.31 07:09:00,SELL,PROFILE_D_FULL,1242.58,1242.58,36.70,499769.60,499769.60,0.63,1243.85,1245.75,1248.91,1252.07,1243.42,1244.59,1246.32,1248.91,1241.31,1242.79,1243.95,1243.01,0,0,2014.01.31 06:12:00,2014.01.31 06:15:00,2014.01.31 07:06:00,1242.93,1242.95,1243.16,54.2205,52.8852,52.7171,3,51,54,17.000000,0.00018424,0.02772805,0.42407407,0.02784127,0.01107945,1,1,5,5,4,2014.01.31 07:08:00,1,0,1,45.789151,22.399262,-46.831683,0.25,19.258284,22.521528,3.263244,1242.72,1242.73,1242.86,1243.01,-1.716394,-1.929591,-25.680700,-0.956494,0.838442,0.034439,0.010445,-0.008749,-0.059511,-1.103761,1.163272,-,E200>E100>E50>E20,DOWN,0,2014.01.31 07:09:00,45.789151,20.454104,-98.428758,0.22,16.690513,19.518657,1242.71,1242.73,1242.86,1243.01,2014.01.31 07:00:00,1,0,1,49.721580,13.152867,114.081863,0.39,15.299403,11.726262,3.573141,1242.84,1243.04,1243.44,1245.39,-6.452642,1.193434,30.949671,-0.600847,1.052239,-0.078703,-0.051739,-0.074187,-0.539913,-6.055780,6.595693,+,E200>E100>E50>E20,DOWN,0,2014.01.31 07:05:00,45.144951,15.215642,114.349095,0.46,18.313800,10.162760,1242.81,1243.03,1243.42,1245.37,2014.01.31 06:45:00,1,0,1,43.465457,21.522429,-72.991680,0.53,8.993550,14.621567,5.628017,1243.02,1244.24,1247.50,1251.47,-16.983649,-1.699555,-29.772593,0.486253,0.609693,-0.115290,-0.140032,-0.171927,-2.282761,-13.608534,15.891295,-,E200>E100>E50>E20,DOWN,0,2014.01.31 07:00:00,44.829762,19.187358,-48.190800,0.57,13.730610,12.672025,1242.98,1244.17,1247.40,1251.38,2014.01.31 06:30:00,1,0,1,39.844756,17.096828,-77.979003,0.95,11.831938,16.557471,4.725532,1243.62,1247.41,1251.40,1253.82,-11.962899,-1.130785,-18.481845,-0.153188,0.852499,-0.093534,-0.206621,-0.116649,-3.993274,-6.734509,10.727782,-,E200>E100>E50>E20,DOWN,0,2014.01.31 07:00:00,40.684138,15.740105,-53.089531,0.92,12.491980,14.349808,1243.52,1247.22,1251.22,1253.70,2014.01.31 06:00:00,1,0,1,35.456083,17.558450,-93.237393,1.51,14.831978,16.554221,1.722243,1246.05,1251.36,1253.82,1252.64,-6.730094,0.139230,-8.234149,-1.284652,0.812224,-0.280498,-0.250643,-0.066694,-3.504865,-0.846610,5.130683,-,E100>E200>E50>E20,RANGE,0,2014.01.31 07:00:00,35.938932,15.554754,-78.736753,1.41,15.092014,14.346991,1245.72,1251.01,1253.60,1252.54,2014.01.31 00:00:00,1,0,0,,,,,,,,,,,,,,,,,,,,,,,,,,,2014.01.31 04:00:00,,,,,,,,,,,7,5,1,5,London,1,1,0,0,0,9,2,2,1242.84,1242.86,1242.58,1242.58,0.28,0.26,0.02,0.00,0.000000,0.942446,1.098814,37,1.462451,63,0,1,0,1,0,1,1,1,0,1,0,1,1,1,0,0,0,0,0.009492,1,0,0,-1,-1,0,0,0.000000,0.000000,-1,-1.000000,0,65,35,0
RX_1388707200_XAUUSD,34,140,2014.01.31 08:03:03,2014.01.31 08:03:03,2014.01.31 08:03:03,BUY,PROFILE_D_FULL,1242.20,1242.20,36.60,499771.89,499771.89,1.27,1239.67,1235.87,1229.54,1223.21,1240.52,1238.19,1234.73,1229.54,1244.73,1241.78,1239.46,1242.71,0,1,2014.01.31 07:51:00,2014.01.31 07:57:00,2014.01.31 08:00:00,1241.45,1241.39,1241.20,23.7666,25.9167,29.0475,6,3,9,0.500000,0.00020138,0.22219417,2.77777778,0.58675661,0.53194107,1,0,5,0,0,2014.01.31 08:02:00,1,0,1,43.796182,39.136161,-50.264847,0.51,16.563180,29.475292,12.912111,1242.08,1242.33,1242.49,1242.71,-1.759030,1.661760,8.703944,-1.663637,1.910462,-0.111986,-0.059579,-0.021457,-0.491794,-0.752440,1.244234,-,E200>E100>E50>E20,DOWN,0,2014.01.31 08:03:00,43.947985,34.454721,-2.340926,0.42,27.688090,25.545253,1242.06,1242.31,1242.48,1242.71,2014.01.31 07:55:00,1,0,1,40.892490,18.359960,-93.489622,1.04,17.558430,24.993539,7.435109,1242.57,1242.82,1243.24,1245.08,-3.248714,-2.259609,-25.027555,0.024877,0.912919,0.002964,-0.007247,-0.023613,-0.249353,-2.170705,2.420058,-,E200>E100>E50>E20,DOWN,0,2014.01.31 08:00:00,42.324977,19.093087,-85.230890,1.07,15.217306,24.753769,1242.50,1242.79,1243.21,1245.05,2014.01.31 07:45:00,1,0,1,41.960204,25.509997,-75.731918,2.00,13.098265,19.789053,6.690788,1242.79,1243.95,1247.10,1251.11,-4.715153,-0.469139,-4.907433,0.868585,2.605289,-0.029583,-0.035857,-0.045093,-0.582866,-3.588124,4.170990,-,E200>E100>E50>E20,DOWN,0,2014.01.31 08:00:00,42.901749,25.860891,-128.215697,1.80,11.351830,20.243215,1242.70,1243.87,1247.00,1251.02,2014.01.31 07:30:00,1,0,1,36.996513,20.096983,-82.123678,1.57,13.188669,20.130574,6.941905,1243.28,1246.98,1251.02,1253.58,-7.586254,-1.491834,-28.482979,1.081414,1.200115,-0.092321,-0.135270,-0.074450,-2.362060,-4.215161,6.577220,-,E200>E100>E50>E20,DOWN,0,2014.01.31 08:00:00,37.874621,21.216445,-149.872461,1.63,11.430180,20.539200,1243.14,1246.78,1250.84,1253.46,2014.01.31 07:00:00,1,0,1,34.080496,18.400551,-139.875070,2.05,12.854381,20.917040,8.062659,1245.63,1250.98,1253.58,1252.53,-5.293380,0.014703,-17.559516,-0.843736,1.221409,-0.198205,-0.182587,-0.049978,-2.613335,-0.758996,3.885419,-,E100>E200>E50>E20,RANGE,0,2014.01.31 08:00:00,34.554116,19.130371,-169.560405,1.74,11.140464,18.128101,1245.27,1250.62,1253.35,1252.42,2014.01.31 04:00:00,1,0,0,,,,,,,,,,,,,,,,,,,,,,,,,,,2014.01.31 08:00:00,,,,,,,,,,,8,5,1,5,London,1,1,0,0,0,63,2,2,1241.48,1241.82,1241.48,1241.82,0.34,0.34,0.00,0.00,1.000000,1.000000,0.670942,37,0.730143,48,1,0,0,1,1,1,1,1,0,1,0,1,1,1,0,0,0,0,0.001047,1,0,0,-1,-1,0,0,0.000000,0.000000,-1,-1.000000,0,65,35,0
RX_1388707200_XAUUSD,35,144,2014.01.31 13:40:00,2014.01.31 13:40:00,2014.01.31 13:40:00,SELL,PROFILE_D_FULL,1252.85,1252.85,35.50,499775.13,499775.13,2.13,1257.12,1263.52,1274.19,1284.86,1255.69,1259.60,1265.44,1274.19,1248.58,1253.56,1257.47,1247.89,0,1,2014.01.31 13:28:00,2014.01.31 13:32:00,2014.01.31 13:37:00,1253.47,1253.94,1254.91,83.7383,75.4589,69.1632,4,5,9,1.250000,0.00114881,0.17405631,16.00000000,1.61946531,1.43200192,1,1,5,1,0,2014.01.31 13:39:00,1,0,1,55.423355,51.157341,-55.916473,0.85,25.036813,23.706544,1.330269,1252.74,1251.17,1249.72,1247.89,5.833006,-3.804218,-31.046922,-1.267227,1.235166,0.141270,0.131412,0.070006,1.837555,3.839584,5.677139,+,E20>E50>E100>E200,UP,1,2014.01.31 13:40:00,55.259545,44.700247,-95.436569,0.60,21.698571,20.545671,1252.75,1251.23,1249.79,1247.94,2014.01.31 13:35:00,1,0,1,73.529533,50.241781,134.257556,1.79,35.790341,5.273910,30.516431,1249.78,1247.29,1245.57,1245.38,4.190211,0.939477,-3.690706,3.232355,1.458605,0.208006,0.131148,0.041185,1.392580,1.072006,2.464585,+,E20>E50>E100>E200,UP,1,2014.01.31 13:40:00,73.385250,53.451392,89.819824,1.31,31.018295,4.570722,1250.08,1247.51,1245.71,1245.45,2014.01.31 13:15:00,1,0,1,80.028320,60.030973,173.209495,2.11,36.433105,3.863110,32.569995,1246.52,1245.01,1246.47,1249.92,1.339624,1.591682,11.310357,2.540309,1.276709,0.199832,0.097272,-0.001676,0.715768,-2.331732,2.331732,+,E200>E20>E100>E50,RANGE,1,2014.01.31 13:30:00,80.216252,63.301964,192.856077,2.30,40.029783,3.348029,1247.12,1245.32,1246.59,1249.95,2014.01.31 13:00:00,1,0,1,76.321371,38.247338,164.314842,3.41,36.783330,7.850519,28.932811,1245.36,1246.53,1249.93,1252.72,0.005715,3.679555,-2.055750,2.821941,1.315246,0.131382,0.026954,-0.012706,-0.343408,-1.818041,2.161449,+,E200>E100>E50>E20,DOWN,1,2014.01.31 13:30:00,76.501805,42.631952,164.735684,3.10,40.333311,6.803783,1246.08,1246.78,1249.99,1252.72,2014.01.31 12:00:00,1,0,1,55.071297,20.041575,230.150707,3.97,29.152611,14.976652,14.175959,1245.47,1249.89,1252.75,1252.15,-0.877763,4.198160,74.005155,0.328205,1.939249,-0.008120,-0.054908,-0.018902,-1.113663,-0.571414,1.835593,+,E100>E200>E50>E20,RANGE,0,2014.01.31 13:00:00,62.846323,23.360370,232.654038,4.53,34.161556,12.979765,1246.17,1250.00,1252.75,1252.16,2014.01.31 08:00:00,1,0,0,,,,,,,,,,,,,,,,,,,,,,,,,,,2014.01.31 12:00:00,,,,,,,,,,,13,5,1,5,Overlap,3,1,1,0,1,100,2,2,1253.35,1253.44,1252.81,1252.87,0.64,0.48,0.10,0.06,0.098592,0.748044,0.748682,36,0.421793,224,0,1,0,1,0,1,1,1,0,1,0,1,1,1,0,0,0,0,0.082077,1,0,0,-1,-1,0,0,0.000000,0.000000,-1,-1.000000,0,65,35,0
RX_1388707200_XAUUSD,36,146,2014.01.31 17:01:01,2014.01.31 17:01:01,2014.01.31 17:01:01,SELL,PROFILE_D_FULL,1242.21,1242.21,33.80,499779.09,499779.09,1.32,1244.85,1248.81,1255.42,1262.03,1243.97,1246.39,1250.00,1255.42,1239.57,1242.65,1245.07,1245.48,0,0,2014.01.31 16:31:00,2014.01.31 16:44:00,2014.01.31 16:58:00,1243.34,1243.48,1243.54,70.4690,63.0493,54.2069,13,14,27,1.076923,0.00016005,0.23077026,0.73703704,0.60230201,0.58835618,1,1,5,5,4,2014.01.31 17:00:00,1,0,1,45.113392,16.663690,-108.921980,0.53,23.076572,31.012963,7.936391,1242.64,1242.72,1243.81,1245.48,-6.252690,-1.611130,-13.553800,-0.490116,1.531884,0.034372,0.008399,-0.051475,-0.133574,-5.238474,5.372047,-,E200>E100>E50>E20,DOWN,0,2014.01.31 17:01:00,45.498262,16.398223,-130.466823,0.46,19.999696,26.877901,1242.60,1242.70,1243.78,1245.45,2014.01.31 16:55:00,1,0,1,40.468775,31.148461,50.190744,1.07,19.995703,16.062094,3.933609,1243.71,1245.79,1245.94,1245.81,-2.871647,0.533086,20.314908,-4.238457,0.511539,-0.135971,-0.132314,-0.030913,-1.939201,-0.026261,2.088552,+,E100>E200>E50>E20,RANGE,0,2014.01.31 17:00:00,38.232662,27.612960,8.421700,0.88,17.329609,19.013074,1243.57,1245.64,1245.87,1245.78,2014.01.31 16:45:00,1,0,1,38.786442,39.514253,-78.397090,2.51,12.014889,26.119762,14.104873,1245.99,1245.74,1246.60,1249.56,-2.712760,-1.147129,7.863560,0.503500,0.721179,-0.178692,-0.056097,-0.028518,0.100209,-1.519643,1.519643,-,E200>E100>E20>E50,RANGE,0,2014.01.31 17:00:00,37.435471,39.235726,-75.914446,2.00,10.412903,22.868608,1245.63,1245.60,1246.52,1249.49,2014.01.31 16:30:00,1,0,1,42.665612,28.702977,-109.758995,5.37,18.606439,21.835349,3.228910,1245.71,1246.53,1249.50,1252.32,-1.783716,-5.312276,-43.150034,-2.797536,1.756748,-0.027610,-0.014021,-0.014052,-0.151994,-1.078542,1.230536,-,E200>E100>E50>E20,DOWN,0,2014.01.31 17:00:00,41.540117,25.940459,-101.395095,3.41,16.125580,18.923969,1245.38,1246.36,1249.36,1252.22,2014.01.31 16:00:00,1,0,1,41.817194,21.610985,-62.466933,6.04,22.237908,25.935637,3.697729,1245.96,1249.49,1252.33,1251.97,-1.527745,-1.962274,-62.216340,0.685640,1.478511,0.027525,-0.014723,-0.007409,-0.584408,-0.409533,1.054662,-,E100>E200>E50>E20,RANGE,0,2014.01.31 17:00:00,40.928020,19.752967,-56.284695,4.45,19.272853,22.477552,1245.61,1249.21,1252.13,1251.87,2014.01.31 12:00:00,1,0,0,,,,,,,,,,,,,,,,,,,,,,,,,,,2014.01.31 16:00:00,,,,,,,,,,,17,5,1,5,NewYork,2,0,1,0,0,301,2,2,1242.74,1242.75,1242.17,1242.18,0.58,0.56,0.01,0.01,0.010417,0.977431,1.089877,34,0.643330,123,0,1,0,1,0,1,1,1,0,1,0,1,1,1,0,0,0,0,0.000000,1,1,1,0,0,4,1,0.007569,0.007569,6,0.010417,0,65,35,0
RX_1388707200_XAUUSD,37,148,2014.01.31 20:17:03,2014.01.31 20:17:03,2014.01.31 20:17:03,SELL,PROFILE_D_FULL,1242.54,1242.54,24.70,499781.37,499781.37,1.19,1244.92,1248.49,1254.44,1260.39,1244.13,1246.31,1249.56,1254.44,1240.16,1242.94,1245.12,1241.63,0,1,2014.01.31 19:36:00,2014.01.31 19:53:00,2014.01.31 20:14:00,1241.65,1241.84,1243.23,78.5164,75.6133,74.4133,17,21,38,1.235294,0.00127170,0.05225827,4.15526316,0.10797714,0.02063583,1,0,5,4,1,2014.01.31 20:16:00,1,0,1,63.322062,49.446036,84.495785,0.48,27.009565,11.215459,15.794106,1242.00,1241.46,1241.17,1241.63,1.705005,0.131635,-2.983755,2.241379,1.568838,0.140666,0.098106,0.018986,1.141106,-0.358256,1.743631,+,E20>E200>E50>E100,RANGE,1,2014.01.31 20:17:00,64.873918,48.362399,75.909226,0.32,23.408290,9.720065,1242.05,1241.50,1241.20,1241.64,2014.01.31 20:10:00,1,0,1,63.555807,30.155038,182.351825,0.80,42.281570,13.015977,29.265593,1241.19,1242.02,1243.28,1244.27,-1.983985,3.380453,25.704538,1.067313,1.615307,0.114927,-0.009134,-0.031394,-1.035202,-2.827637,3.862839,+,E200>E100>E50>E20,DOWN,0,2014.01.31 20:15:00,61.836505,33.190880,149.562035,0.75,36.644028,11.280513,1241.32,1242.04,1243.26,1244.25,2014.01.31 20:00:00,1,0,1,48.955560,36.928228,109.049331,1.41,24.012304,14.649946,9.362359,1242.34,1243.80,1245.31,1248.51,-4.126666,3.147757,39.846272,-2.714817,1.051798,-0.104249,-0.083317,-0.053791,-1.033323,-3.342051,4.375374,+,E200>E100>E50>E20,DOWN,0,2014.01.31 20:15:00,48.256254,35.233233,141.469478,1.22,20.810664,12.696620,1242.36,1243.75,1245.25,1248.45,2014.01.31 19:30:00,1,0,1,40.730379,23.171025,-57.242418,1.53,18.201861,16.106256,2.095606,1243.46,1245.29,1248.51,1251.65,-6.971167,-0.019292,11.132620,-0.592295,0.400682,-0.246803,-0.137752,-0.074601,-1.200240,-4.160126,5.360366,+,E200>E100>E50>E20,DOWN,0,2014.01.31 20:00:00,46.097641,23.626895,-34.000038,1.50,24.070843,13.958755,1243.37,1245.19,1248.39,1251.56,2014.01.31 19:00:00,1,0,1,40.114855,19.025525,-73.337790,3.08,14.476054,20.615199,6.139145,1244.58,1248.49,1251.65,1251.63,-3.448306,-3.949059,-47.631898,-1.442227,0.737970,-0.126894,-0.097974,-0.032956,-1.268604,-1.018892,2.293922,-,E100>E200>E50>E20,RANGE,0,2014.01.31 20:00:00,43.886296,17.513652,-42.123367,2.41,20.841811,17.866506,1244.39,1248.26,1251.47,1251.54,2014.01.31 16:00:00,1,0,0,,,,,,,,,,,,,,,,,,,,,,,,,,,2014.01.31 20:00:00,,,,,,,,,,,20,5,1,5,NewYork,2,0,1,0,0,497,2,2,1242.54,1242.64,1242.44,1242.44,0.20,0.10,0.10,0.00,0.000000,0.500000,0.420389,25,0.525486,43,0,1,0,0,0,1,1,1,0,1,0,1,1,1,0,0,0,0,0.106980,1,0,0,-1,-1,0,0,0.000000,0.000000,-1,-1.000000,0,65,35,0
RX_1388707200_XAUUSD,38,152,2014.02.04 01:05:00,2014.02.04 01:05:00,2014.02.04 01:05:00,BUY,PROFILE_D_FULL,1257.45,1257.45,30.60,499783.40,499783.40,0.74,1255.97,1253.76,1250.07,1246.38,1256.47,1255.12,1253.10,1250.07,1258.93,1257.21,1255.86,1257.80,0,1,2014.02.04 00:43:00,2014.02.04 00:48:00,2014.02.04 01:02:00,1257.31,1256.71,1256.58,21.0991,21.8217,29.6428,5,14,19,2.800000,0.00057902,0.40493073,3.83157895,0.44966717,0.31978314,1,0,5,4,2,2014.02.04 01:04:00,1,0,1,48.169883,26.369957,-21.741715,0.30,18.970274,23.319155,4.348881,1257.12,1257.45,1257.67,1257.80,-2.220405,1.635179,2.883536,1.145340,1.596752,-0.099641,-0.084664,-0.031601,-1.126394,-1.162207,2.288601,-,E200>E100>E50>E20,DOWN,0,2014.02.04 01:05:00,48.169883,24.225111,29.541169,0.19,16.440904,20.209934,1257.12,1257.44,1257.66,1257.79,2014.02.04 01:00:00,1,0,1,43.245863,42.555557,-106.633581,0.62,8.999903,31.169176,22.169274,1257.68,1257.84,1257.07,1254.36,4.493817,-0.808580,-5.537541,2.449962,1.101823,-0.110186,-0.048461,0.046382,-0.253282,5.613507,5.613507,-,E50>E20>E100>E200,RANGE,1,2014.02.04 01:05:00,43.245863,44.240136,-76.999165,0.42,7.799916,27.013286,1257.63,1257.81,1257.07,1254.39,2014.02.04 00:45:00,1,0,1,48.007517,17.093336,-77.960806,1.20,14.157089,25.573686,11.416597,1257.81,1255.65,1252.37,1250.55,5.415437,-1.695053,-28.651891,-0.093236,0.957876,-0.003547,0.081334,0.062724,1.806982,4.250992,6.057974,-,E20>E50>E100>E200,UP,1,2014.02.04 01:00:00,48.449537,19.455690,-88.635236,0.84,12.269477,25.373301,1257.75,1255.70,1252.47,1250.61,2014.02.04 00:30:00,1,0,1,54.727850,19.278726,-70.572124,1.85,18.101038,14.547340,3.553698,1256.48,1252.40,1250.57,1251.26,3.123286,-0.342816,-3.359426,-0.103229,0.708696,0.091495,0.129098,0.036246,2.204029,0.617188,3.193261,+,E20>E50>E200>E100,RANGE,1,2014.02.04 01:00:00,54.972831,16.763065,-79.542497,1.71,15.687567,15.817134,1256.55,1252.59,1250.70,1251.32,2014.02.04 00:00:00,1,0,1,58.298366,23.279838,34.656321,2.73,20.376938,14.117863,6.259075,1253.57,1250.63,1251.30,1251.33,2.092929,-1.820719,-14.341232,-2.112023,0.367560,0.207405,0.118203,0.024723,1.075750,-0.255821,1.075750,+,E20>E200>E100>E50,RANGE,1,2014.02.04 01:00:00,58.440085,21.068009,18.036484,2.12,17.660013,15.444921,1253.91,1250.89,1251.42,1251.39,2014.02.03 20:00:00,1,0,0,,,,,,,,,,,,,,,,,,,,,,,,,,,2014.02.04 00:00:00,,,,,,,,,,,1,2,2,1,Asia,0,0,0,1,0,125,2,2,1256.84,1257.14,1256.75,1257.14,0.39,0.30,0.00,0.09,1.000000,0.773196,1.315254,31,1.050847,66,1,0,0,1,0,1,1,1,0,1,0,1,1,1,0,0,0,0,0.013131,1,0,0,-1,-1,0,0,0.000000,0.000000,-1,-1.000000,0,65,35,0
RX_1388707200_XAUUSD,39,154,2014.02.04 13:33:00,2014.02.04 13:33:00,2014.02.04 13:33:00,BUY,PROFILE_D_FULL,1250.28,1250.28,29.70,499785.49,499785.49,1.14,1248.00,1244.58,1238.87,1233.16,1248.76,1246.67,1243.55,1238.87,1252.56,1249.90,1247.81,1253.55,0,1,2014.02.04 13:20:00,2014.02.04 13:23:00,2014.02.04 13:30:00,1249.48,1249.13,1249.06,14.3566,21.8672,30.9645,3,7,10,2.333333,0.00033694,1.15680964,4.21000000,1.66078882,1.56856538,1,1,5,1,0,2014.02.04 13:32:00,1,0,1,36.795673,40.572269,26.959083,0.46,18.842181,21.845292,3.003111,1250.47,1251.82,1252.66,1253.55,-7.882843,2.714352,22.769724,-1.848137,0.938817,-0.250788,-0.217845,-0.089586,-2.946242,-3.796912,6.743154,-,E200>E100>E50>E20,DOWN,0,2014.02.04 13:33:00,37.333026,36.146757,69.670624,0.39,16.329890,18.932587,1250.43,1251.75,1252.60,1253.52,2014.02.04 13:25:00,1,0,1,27.618998,28.209739,-191.611192,1.64,11.016787,32.448861,21.432074,1252.77,1253.98,1255.10,1255.36,-3.627801,-4.291346,-54.079489,1.641287,1.249239,-0.144839,-0.079110,-0.026560,-0.740270,-0.838656,1.578926,-,E200>E100>E50>E20,DOWN,0,2014.02.04 13:30:00,32.359483,31.167109,-134.500400,1.55,9.547882,28.943895,1252.50,1253.82,1255.00,1255.30,2014.02.04 13:15:00,1,0,1,28.421294,32.659105,-339.857649,2.52,13.224169,28.190246,14.966077,1254.18,1255.42,1254.57,1252.72,-1.314778,-1.925845,-50.052517,-1.717600,2.031206,-0.081669,-0.047807,0.000126,-0.492136,1.072142,1.072142,-,E50>E100>E20>E200,RANGE,0,2014.02.04 13:30:00,31.648500,33.313413,-260.175523,2.39,11.460947,25.253096,1253.78,1255.21,1254.48,1252.69,2014.02.04 13:00:00,1,0,1,34.048262,22.637929,-134.728494,3.06,12.996512,23.351895,10.355382,1254.97,1254.43,1252.65,1252.30,-0.945863,-1.412229,6.252957,0.244232,1.253965,-0.095147,-0.022905,0.002018,0.176799,0.695088,0.871886,-,E20>E50>E100>E200,UP,0,2014.02.04 13:30:00,36.090769,23.660443,-156.219418,2.85,11.263644,21.059858,1254.50,1254.26,1252.60,1252.28,2014.02.04 12:00:00,1,0,1,49.676124,20.510944,-123.709761,3.12,12.964005,19.323526,6.359522,1255.21,1252.76,1252.37,1251.90,0.778693,-2.425133,-31.573879,0.204423,1.214731,-0.033557,0.024516,0.008637,0.788296,0.276125,1.064421,-,E20>E50>E100>E200,UP,1,2014.02.04 13:00:00,40.991159,22.695602,-178.287901,3.52,11.235471,24.373840,1254.72,1252.65,1252.32,1251.88,2014.02.04 08:00:00,1,0,0,,,,,,,,,,,,,,,,,,,,,,,,,,,2014.02.04 12:00:00,,,,,,,,,,,13,2,2,1,Overlap,3,1,1,0,1,93,2,2,1249.72,1250.05,1249.65,1249.95,0.40,0.23,0.10,0.06,0.747500,0.587500,0.876232,30,0.657174,170,1,0,0,0,0,1,1,1,0,1,0,1,1,1,0,0,0,0,0.010328,1,0,0,-1,-1,0,0,0.000000,0.000000,-1,-1.000000,0,65,35,0
RX_1388707200_XAUUSD,40,158,2014.02.05 13:03:00,2014.02.05 13:03:00,2014.02.05 13:03:00,BUY,PROFILE_D_FULL,1258.91,1258.91,29.30,499789.56,499789.56,1.05,1256.82,1253.68,1248.45,1243.22,1257.52,1255.60,1252.74,1248.45,1261.00,1258.56,1256.65,1257.90,0,0,2014.02.05 12:44:00,2014.02.05 12:49:00,2014.02.05 13:00:00,1258.48,1258.47,1258.12,28.0739,28.5432,28.6549,5,11,16,2.200000,0.00028844,0.02069443,2.26875000,0.03631082,-0.01793306,1,1,5,5,4,2014.02.05 13:02:00,1,0,1,50.336562,18.648475,28.808753,0.42,17.104336,17.273602,0.169266,1258.60,1258.67,1258.44,1257.90,1.816281,0.639515,-16.411542,-0.917921,1.295895,-0.060146,-0.029034,0.012011,-0.172189,1.836287,1.836287,-,E50>E20>E100>E200,RANGE,1,2014.02.05 13:03:00,49.175144,16.227661,49.373582,0.34,14.823758,14.970455,1258.60,1258.67,1258.44,1257.91,2014.02.05 12:55:00,1,0,1,49.824016,32.321885,-65.548594,0.63,18.911301,9.565908,9.345393,1258.44,1257.64,1256.67,1255.67,4.058624,-1.912260,-29.104467,-1.857655,0.782636,0.038523,0.070726,0.048648,1.262948,3.128130,4.391078,+,E20>E50>E100>E200,UP,1,2014.02.05 13:00:00,53.616603,30.941336,-85.828890,0.59,16.389794,10.485821,1258.45,1257.68,1256.71,1255.70,2014.02.05 12:45:00,1,0,1,59.762650,37.313085,66.134498,1.20,22.224485,7.995237,14.229248,1257.48,1256.11,1255.15,1253.92,3.595721,-1.050755,-13.267323,2.550960,1.087282,0.141419,0.099544,0.041875,1.143119,1.828668,2.971787,+,E20>E50>E100>E200,UP,1,2014.02.05 13:00:00,62.195227,37.099379,53.563075,1.04,19.261221,9.124573,1257.59,1256.21,1255.22,1253.96,2014.02.05 12:30:00,1,0,1,60.812256,45.322773,115.153393,1.39,30.814314,7.057113,23.757201,1256.50,1255.15,1253.90,1253.09,3.694794,-0.886461,-6.770587,0.952088,0.838685,0.165504,0.097798,0.037696,0.966421,1.484815,2.451236,+,E20>E50>E100>E200,UP,1,2014.02.05 13:00:00,62.247983,46.283598,88.617526,1.36,26.705739,8.311532,1256.70,1255.29,1254.00,1253.14,2014.02.05 12:00:00,1,0,1,62.562445,42.475109,152.691464,2.21,29.325490,5.022685,24.302805,1255.42,1253.89,1253.10,1252.37,2.648663,1.704982,13.777678,3.894349,1.796101,0.127583,0.072720,0.023748,0.688310,0.688432,1.376742,+,E20>E50>E100>E200,UP,1,2014.02.05 13:00:00,63.652337,46.245665,115.209613,1.70,25.415425,4.352994,1255.72,1254.08,1253.21,1252.43,2014.02.05 08:00:00,1,0,0,,,,,,,,,,,,,,,,,,,,,,,,,,,2014.02.05 12:00:00,,,,,,,,,,,13,3,2,1,Overlap,3,1,1,0,1,63,2,2,1258.47,1258.78,1258.30,1258.66,0.48,0.19,0.12,0.16,0.746862,0.401674,1.142857,29,0.693365,91,1,0,0,0,0,1,1,1,0,1,0,1,1,1,0,0,0,0,0.000000,1,0,0,-1,-1,0,0,0.000000,0.000000,-1,-1.000000,0,65,35,0
RX_1388707200_XAUUSD,41,160,2014.02.06 20:13:07,2014.02.06 20:13:07,2014.02.06 20:13:07,BUY,PROFILE_D_FULL,1257.86,1257.86,32.20,499791.76,499791.76,0.38,1257.09,1255.94,1254.02,1252.10,1257.35,1256.65,1255.60,1254.02,1258.63,1257.73,1257.03,1257.18,0,0,2014.02.06 19:51:00,2014.02.06 19:57:00,2014.02.06 20:06:00,1257.23,1257.14,1257.04,39.7336,47.8086,55.9900,6,9,15,1.500000,0.00015113,0.40913715,1.26666667,1.08376493,1.00111131,1,0,5,4,5,2014.02.06 20:12:00,1,0,1,54.977365,47.010366,151.610742,0.15,27.014191,4.722413,22.291778,1257.39,1257.37,1257.27,1257.18,2.381963,0.716197,22.425425,2.226407,0.515993,0.029287,0.014928,0.015973,0.160528,1.245435,1.405962,+,E20>E50>E100>E200,UP,1,2014.02.06 20:13:00,54.758879,50.107645,118.226022,0.11,23.412299,4.092758,1257.41,1257.37,1257.27,1257.18,2014.02.06 20:05:00,1,0,1,54.259533,27.629557,3.907496,0.43,17.094992,12.375863,4.719129,1257.26,1257.21,1257.59,1257.88,-1.109851,-1.669077,-29.240858,-0.087583,0.920193,0.034579,0.016875,-0.011999,0.108349,-1.554526,1.554526,+,E200>E100>E20>E50,RANGE,0,2014.02.06 20:10:00,56.651691,28.074445,58.253221,0.41,20.348164,10.725748,1257.28,1257.22,1257.59,1257.87,2014.02.06 19:45:00,1,0,1,49.201791,41.042136,142.978247,0.79,20.807956,3.136840,17.671115,1257.29,1257.80,1257.79,1256.90,0.557111,0.052659,11.800196,3.268438,0.684313,0.003889,-0.028626,0.004972,-0.652933,1.143348,1.143348,+,E50>E100>E20>E200,RANGE,1,2014.02.06 20:00:00,50.471416,43.185226,88.881635,0.84,18.033562,4.922268,1257.31,1257.79,1257.79,1256.91,2014.02.06 19:30:00,1,0,1,48.044995,32.328483,14.319089,1.08,21.047819,5.260039,15.787779,1257.68,1257.79,1256.91,1255.45,1.751946,0.362140,13.135971,2.328352,0.414377,-0.055254,-0.023555,0.016703,-0.101868,2.162767,2.162767,+,E50>E20>E100>E200,RANGE,1,2014.02.06 20:00:00,48.877030,34.139255,15.377177,0.89,18.241443,6.762373,1257.66,1257.78,1256.93,1255.47,2014.02.06 19:00:00,1,0,1,48.917352,34.026017,-35.332500,2.09,21.512143,8.877739,12.634405,1257.82,1256.85,1255.40,1253.89,1.648096,1.134179,3.762068,-0.543701,0.334171,-0.068706,-0.004227,0.013358,0.462917,1.413332,1.876250,+,E20>E50>E100>E200,UP,1,2014.02.06 20:00:00,49.521572,35.032465,-35.269398,1.38,18.643857,7.694040,1257.79,1256.88,1255.44,1253.93,2014.02.06 16:00:00,1,0,0,,,,,,,,,,,,,,,,,,,,,,,,,,,2014.02.06 20:00:00,,,,,,,,,,,20,4,2,1,NewYork,2,0,1,0,0,493,2,2,1257.44,1257.64,1257.44,1257.54,0.20,0.10,0.10,0.00,0.500000,0.500000,1.305057,32,2.088091,33,1,0,0,0,0,1,1,1,0,1,0,1,1,1,0,0,0,0,0.000000,1,0,0,-1,-1,0,0,0.000000,0.000000,-1,-1.000000,0,65,35,0
RX_1388707200_XAUUSD,42,164,2014.02.10 07:43:03,2014.02.10 07:43:03,2014.02.10 07:43:03,BUY,PROFILE_D_FULL,1272.37,1272.37,17.50,499793.86,499793.86,0.99,1270.40,1267.44,1262.51,1257.58,1271.06,1269.25,1266.56,1262.51,1274.34,1272.04,1270.24,1271.06,0,0,2014.02.10 07:24:00,2014.02.10 07:32:00,2014.02.10 07:40:00,1272.19,1272.01,1271.55,32.3450,32.5077,34.3459,8,8,16,1.000000,0.00050229,0.06186227,3.99375000,0.12505849,0.02369428,1,0,5,5,4,2014.02.10 07:42:00,1,0,1,44.493198,27.424422,-3.234783,0.39,29.124721,25.628037,3.496683,1272.31,1272.44,1272.00,1271.06,2.881980,2.264048,22.355869,-1.707042,2.179806,-0.072929,-0.039668,0.026740,-0.322656,3.508951,3.508951,+,E50>E20>E100>E200,RANGE,1,2014.02.10 07:43:00,44.493198,24.619341,8.887064,0.27,25.241424,22.210966,1272.30,1272.43,1272.00,1271.07,2014.02.10 07:35:00,1,0,1,53.354264,24.538882,-97.139645,0.90,16.406841,20.232169,3.825329,1272.05,1270.70,1269.27,1267.17,5.442676,-2.853311,-37.895136,-2.489125,1.278839,0.072843,0.092364,0.061717,1.487739,3.914318,5.402058,-,E20>E50>E100>E200,UP,1,2014.02.10 07:40:00,54.164615,24.254498,-117.958378,0.80,14.219262,22.431156,1272.06,1270.76,1269.33,1267.22,2014.02.10 07:15:00,1,0,1,72.898690,35.510795,88.847390,1.20,27.320043,11.093983,16.226060,1270.41,1268.09,1265.59,1262.71,8.524474,-0.703760,-50.766370,2.139976,0.626889,0.260330,0.173019,0.085823,1.925768,4.474758,6.400526,+,E20>E50>E100>E200,UP,1,2014.02.10 07:30:00,65.618838,33.612065,56.873440,1.34,23.677371,15.371542,1270.58,1268.25,1265.72,1262.80,2014.02.10 07:00:00,1,0,1,72.652787,31.080110,165.388126,2.54,26.172393,12.101665,14.070728,1268.78,1265.58,1262.71,1259.62,5.242761,2.617241,24.727614,-0.437841,2.930608,0.135825,0.099513,0.046764,1.256168,2.341458,3.597626,+,E20>E50>E100>E200,UP,1,2014.02.10 07:30:00,67.997215,29.260754,106.565490,2.55,22.682740,15.947569,1269.10,1265.84,1262.90,1259.75,2014.02.10 06:00:00,1,0,1,72.249379,67.721188,174.857686,2.20,41.624737,6.596621,35.028116,1266.24,1262.59,1259.54,1256.62,7.327738,1.374928,17.138033,0.793952,0.766142,0.217406,0.145334,0.061183,1.655208,2.707751,4.362960,+,E20>E50>E100>E200,UP,1,2014.02.10 07:00:00,69.891908,68.377063,154.919279,2.35,36.074772,5.717071,1266.81,1262.97,1259.79,1256.78,2014.02.10 00:00:00,1,0,0,,,,,,,,,,,,,,,,,,,,,,,,,,,2014.02.10 04:00:00,,,,,,,,,,,7,1,2,2,London,1,1,0,0,0,43,2,2,1272.24,1272.35,1272.08,1272.19,0.27,0.05,0.11,0.11,0.403704,0.185185,0.685279,17,0.431472,31,0,1,0,0,0,1,1,1,0,1,0,1,1,1,0,0,0,0,0.011482,1,0,0,-1,-1,0,0,0.000000,0.000000,-1,-1.000000,0,65,35,0
RX_1388707200_XAUUSD,43,166,2014.02.11 12:44:00,2014.02.11 12:44:00,2014.02.11 12:44:00,BUY,PROFILE_D_FULL,1284.54,1284.54,36.00,499795.86,499795.86,0.55,1283.43,1281.77,1279.00,1276.23,1283.80,1282.79,1281.27,1279.00,1285.65,1284.36,1283.34,1284.10,0,0,2014.02.11 12:11:00,2014.02.11 12:36:00,2014.02.11 12:39:00,1284.16,1283.83,1283.73,34.5747,43.6371,46.6055,25,3,28,0.120000,0.00033407,0.34796608,1.53214286,0.42967210,0.36057885,1,1,5,5,5,2014.02.11 12:43:00,1,0,1,50.786182,16.441554,-22.647465,0.22,17.257269,13.174654,4.082615,1284.13,1284.24,1284.22,1284.10,0.444606,0.612523,-3.405390,-0.970171,0.501413,-0.048570,-0.040182,-0.002721,-0.521342,0.647324,0.647324,+,E50>E100>E20>E200,RANGE,1,2014.02.11 12:44:00,50.334630,16.038089,18.354885,0.17,14.956300,11.418033,1284.13,1284.24,1284.22,1284.10,2014.02.11 12:35:00,1,0,1,48.665883,35.023358,-67.097957,0.90,17.200021,15.763601,1.436420,1284.25,1284.04,1283.43,1281.39,2.960674,-1.445015,-19.494529,-4.519975,1.231137,-0.011548,0.006310,0.031539,0.229982,2.932154,3.162136,+,E20>E50>E100>E200,UP,1,2014.02.11 12:40:00,49.884880,30.934589,-75.614021,0.69,14.906685,13.661787,1284.24,1284.04,1283.44,1281.42,2014.02.11 12:15:00,1,0,1,52.266198,20.976774,11.379880,1.15,19.985158,14.904986,5.080172,1283.98,1282.45,1279.28,1274.14,8.618799,-0.360879,-8.087715,0.743623,0.851429,0.048263,0.075056,0.091198,1.321663,7.198433,8.520096,+,E20>E50>E100>E200,UP,1,2014.02.11 12:30:00,52.757521,20.121268,17.549225,1.22,17.320470,12.917655,1284.00,1282.52,1279.38,1274.24,2014.02.11 12:00:00,1,0,1,56.841207,19.612643,34.780397,1.71,18.512615,14.844176,3.668439,1283.12,1279.34,1274.19,1267.96,9.425102,0.298624,14.517475,-0.498523,0.563642,0.081205,0.124776,0.096973,2.206322,6.646879,8.853201,+,E20>E50>E100>E200,UP,1,2014.02.11 12:30:00,57.106448,18.463968,12.284444,1.53,16.044266,12.864952,1283.22,1279.53,1274.39,1268.12,2014.02.11 11:00:00,1,0,1,66.978052,32.336350,53.494599,2.90,18.328879,8.753638,9.575241,1280.67,1274.18,1267.93,1262.02,7.866644,-0.325072,-5.739425,-0.917135,1.059464,0.167719,0.156694,0.079358,2.242885,4.198474,6.441359,+,E20>E50>E100>E200,UP,1,2014.02.11 12:00:00,64.657294,33.057101,46.164063,2.29,16.784627,7.586486,1281.01,1274.57,1268.25,1262.24,2014.02.11 08:00:00,1,0,0,,,,,,,,,,,,,,,,,,,,,,,,,,,2014.02.11 12:00:00,,,,,,,,,,,12,2,2,2,Overlap,3,1,1,0,1,44,2,2,1283.90,1284.20,1283.90,1284.20,0.29,0.29,0.00,0.00,1.000000,1.000000,1.321308,36,1.623450,41,1,0,0,1,0,1,1,1,0,1,0,1,1,1,0,0,0,0,0.000000,1,0,0,-1,-1,0,0,0.000000,0.000000,-1,-1.000000,0,65,35,0
RX_1388707200_XAUUSD,44,168,2014.02.11 20:48:00,2014.02.11 20:48:00,2014.02.11 20:48:00,BUY,PROFILE_D_FULL,1291.14,1291.14,29.80,499797.97,499797.97,1.21,1288.73,1285.11,1279.08,1273.05,1289.54,1287.32,1284.03,1279.08,1293.55,1290.74,1288.53,1290.22,0,0,2014.02.11 20:29:00,2014.02.11 20:40:00,2014.02.11 20:45:00,1290.11,1290.10,1290.00,23.6040,29.5988,40.6014,11,5,16,0.454545,0.00007984,0.72010630,0.64375000,1.06233660,1.04898079,1,1,5,5,3,2014.02.11 20:47:00,1,0,1,52.020916,27.085594,45.669732,0.48,30.187893,12.838947,17.348946,1290.56,1290.80,1290.75,1290.22,1.091150,2.856551,26.098723,-0.608359,1.945510,-0.024643,-0.031214,0.004999,-0.507314,1.195421,1.195421,+,E50>E100>E20>E200,RANGE,1,2014.02.11 20:48:00,53.612610,30.590142,107.370473,0.37,36.597623,11.127088,1290.58,1290.80,1290.75,1290.23,2014.02.11 20:40:00,1,0,1,50.022213,24.703192,-104.896724,0.68,14.563868,23.695544,9.131676,1290.81,1289.90,1288.24,1285.69,7.325283,-1.569788,-29.310788,-1.605556,1.358358,-0.038659,0.046509,0.074437,1.341585,6.205118,7.546703,-,E20>E50>E100>E200,UP,1,2014.02.11 20:45:00,51.856734,25.037804,-89.460928,0.63,12.622019,22.059948,1290.81,1289.94,1288.29,1285.74,2014.02.11 20:30:00,1,0,1,57.620109,20.128525,19.804810,1.03,15.342220,16.141370,0.799150,1289.54,1286.91,1283.49,1277.95,12.385116,-0.112971,7.164829,-0.509604,1.005388,0.203163,0.184873,0.132582,2.560194,8.729866,11.290060,-,E20>E50>E100>E200,UP,1,2014.02.11 20:45:00,58.251202,18.470494,16.806218,0.99,13.296591,15.512997,1289.66,1287.06,1283.63,1278.08,2014.02.11 20:00:00,1,0,1,59.869551,32.931449,59.398668,1.70,21.817234,11.616437,10.200796,1287.55,1283.42,1277.89,1270.86,11.328022,-0.513943,-8.168642,-1.257611,0.559039,0.213802,0.179837,0.117340,2.433665,7.392111,9.825776,+,E20>E50>E100>E200,UP,1,2014.02.11 20:30:00,61.431344,31.703728,53.050614,1.71,18.908269,11.657085,1287.87,1283.71,1278.15,1271.06,2014.02.11 19:00:00,1,0,1,67.365623,34.928965,122.691189,3.57,24.337297,10.290833,14.046463,1284.89,1277.94,1270.86,1264.00,7.850747,2.585024,62.474223,1.023048,0.583851,0.205965,0.155814,0.076045,1.944594,3.903494,5.848088,+,E20>E50>E100>E200,UP,1,2014.02.11 20:00:00,64.384580,35.680268,98.421868,2.49,21.092324,8.918722,1285.46,1278.45,1271.26,1264.27,2014.02.11 16:00:00,1,0,0,,,,,,,,,,,,,,,,,,,,,,,,,,,2014.02.11 20:00:00,,,,,,,,,,,20,2,2,2,NewYork,2,0,1,0,0,528,2,2,1290.34,1290.77,1290.34,1290.75,0.43,0.41,0.02,0.00,0.953271,0.953271,0.887967,30,0.622407,69,1,0,0,1,0,1,1,1,0,1,0,1,1,1,0,0,0,0,0.007442,1,0,0,-1,-1,0,0,0.000000,0.000000,-1,-1.000000,0,65,35,0
RX_1388707200_XAUUSD,45,174,2014.02.13 08:04:00,2014.02.13 08:04:00,2014.02.13 08:04:00,BUY,PROFILE_D_FULL,1288.16,1288.16,28.40,499800.66,499800.66,0.89,1286.37,1283.69,1279.22,1274.75,1286.97,1285.33,1282.89,1279.22,1289.95,1287.86,1286.23,1289.31,0,1,2014.02.13 07:36:00,2014.02.13 07:47:00,2014.02.13 08:01:00,1288.14,1288.03,1287.53,18.3895,27.2717,33.0913,11,14,25,1.272727,0.00047277,0.79946627,2.43600000,0.58807157,0.51993171,1,0,5,3,1,2014.02.13 08:03:00,1,0,1,39.227721,17.914374,-96.857172,0.36,27.702523,24.273789,3.428734,1288.30,1288.63,1288.92,1289.31,-3.953958,-0.918233,-8.876883,-1.175425,1.474227,-0.154363,-0.092989,-0.040816,-0.931899,-1.892261,2.824160,+,E200>E100>E50>E20,DOWN,0,2014.02.13 08:04:00,38.891962,16.405354,-82.513868,0.17,24.008853,21.037284,1288.26,1288.60,1288.90,1289.29,2014.02.13 07:55:00,1,0,1,38.434108,22.734235,-95.368786,0.63,16.676675,27.707248,11.030573,1289.03,1289.55,1290.17,1290.34,-3.126437,0.262484,27.566466,1.475741,1.407119,-0.104735,-0.071842,-0.029406,-0.819201,-1.247128,2.066330,-,E200>E100>E50>E20,DOWN,0,2014.02.13 08:00:00,33.657202,25.181671,-150.870515,0.69,14.453118,34.615358,1288.92,1289.49,1290.12,1290.32,2014.02.13 07:45:00,1,0,1,34.775392,42.524648,-172.936946,0.81,5.998322,22.282705,16.284383,1289.65,1290.36,1289.83,1286.80,1.936352,-1.306827,-25.564398,-0.632159,0.895746,-0.117355,-0.077035,0.027685,-0.880735,4.416837,4.416837,-,E50>E100>E20>E200,RANGE,1,2014.02.13 08:00:00,31.764376,45.928106,-194.311314,0.87,5.198546,27.343806,1289.48,1290.26,1289.79,1286.81,2014.02.13 07:30:00,1,0,1,38.497362,52.666409,-118.206671,1.04,4.037539,30.012426,25.974887,1290.26,1289.86,1286.85,1280.10,7.949029,-0.886354,3.170773,3.279613,0.875158,-0.153486,-0.034597,0.088349,0.384977,9.390151,9.775129,-,E20>E50>E100>E200,UP,1,2014.02.13 08:00:00,36.462492,56.492024,-148.123877,0.87,3.499200,34.042898,1290.03,1289.78,1286.87,1280.18,2014.02.13 07:00:00,1,0,1,46.105015,25.279283,-123.468528,1.64,8.438261,18.938816,10.500555,1290.00,1286.80,1280.13,1271.36,10.381563,-2.040194,-19.770167,0.856380,0.990927,-0.060881,0.067161,0.112363,1.955923,9.426281,11.382204,-,E20>E50>E100>E200,UP,1,2014.02.13 08:00:00,44.643455,29.101486,-140.615684,1.47,7.313159,24.445769,1289.80,1286.84,1280.28,1271.52,2014.02.13 04:00:00,1,0,0,,,,,,,,,,,,,,,,,,,,,,,,,,,2014.02.13 08:00:00,,,,,,,,,,,8,4,2,2,London,1,1,0,0,0,64,2,2,1287.77,1287.99,1287.77,1287.89,0.22,0.12,0.10,0.00,0.545455,0.545455,0.615385,28,0.783217,21,1,0,0,0,0,1,1,1,0,1,0,1,1,1,0,0,0,0,0.038834,1,0,0,-1,-1,0,0,0.000000,0.000000,-1,-1.000000,0,65,35,0
RX_1388707200_XAUUSD,46,178,2014.02.14 01:03:00,2014.02.14 01:03:00,2014.02.14 01:03:00,BUY,PROFILE_D_FULL,1302.82,1302.82,35.00,499802.86,499802.86,1.02,1300.77,1297.70,1292.58,1287.46,1301.46,1299.58,1296.78,1292.58,1304.87,1302.48,1300.60,1301.15,0,0,2014.02.14 00:46:00,2014.02.14 00:49:00,2014.02.14 01:00:00,1301.57,1301.42,1301.20,25.3796,35.5437,44.4753,3,11,14,3.666667,0.00028274,0.75240275,2.62857143,1.36397752,1.29974853,1,1,5,5,4,2014.02.14 01:02:00,1,0,1,70.868005,24.708890,294.374385,0.41,37.073936,22.388005,14.685931,1301.67,1301.46,1301.31,1301.15,3.216854,4.621083,79.823119,-0.219448,3.178641,0.046226,0.034975,0.015380,0.524927,0.755212,1.280139,+,E20>E50>E100>E200,UP,1,2014.02.14 01:03:00,71.011681,24.707442,208.352400,0.37,32.130745,19.402938,1301.75,1301.50,1301.33,1301.16,2014.02.14 00:55:00,1,0,1,50.678716,21.172679,32.580599,0.31,15.163302,23.589337,8.426035,1301.30,1300.98,1299.64,1297.16,13.508260,-2.458647,-40.680456,-1.370399,0.377064,0.124694,0.091033,0.148212,1.052539,12.376851,13.429390,-,E20>E50>E100>E200,UP,1,2014.02.14 01:00:00,61.178353,18.941392,86.977865,0.60,22.342994,20.444092,1301.42,1301.04,1299.70,1297.22,2014.02.14 00:45:00,1,0,1,56.729434,33.275818,-5.464277,1.07,24.336983,23.614301,0.722682,1300.75,1298.28,1295.47,1291.56,9.090163,0.012215,6.874106,-4.337210,1.207584,0.052442,0.118153,0.091265,2.301905,6.251908,8.553813,+,E20>E50>E100>E200,UP,1,2014.02.14 01:00:00,61.882587,31.166430,74.598593,1.21,29.121356,20.465728,1300.92,1298.44,1295.61,1291.67,2014.02.14 00:30:00,1,0,1,65.174599,36.108710,65.147340,1.66,22.356181,13.210379,9.145802,1299.22,1295.59,1291.65,1284.62,10.084837,-2.854406,-6.907411,-3.171433,0.925688,0.170867,0.155484,0.103949,2.188460,6.622176,8.810635,+,E20>E50>E100>E200,UP,1,2014.02.14 01:00:00,68.589346,34.617265,85.042153,1.51,19.375357,11.644355,1299.53,1295.86,1291.87,1284.80,2014.02.14 00:00:00,1,0,1,68.165841,45.409733,76.558728,2.35,25.238571,7.946988,17.291584,1296.63,1291.73,1284.70,1275.09,11.142118,-0.979692,-12.896519,2.509318,0.805853,0.258266,0.180285,0.114197,2.082351,7.066031,9.148382,+,E20>E50>E100>E200,UP,1,2014.02.14 01:00:00,70.226712,46.302535,85.296321,2.09,21.873428,6.887389,1297.19,1292.15,1285.06,1275.37,2014.02.13 20:00:00,1,0,0,,,,,,,,,,,,,,,,,,,,,,,,,,,2014.02.14 00:00:00,,,,,,,,,,,1,5,2,2,Asia,0,0,0,1,0,123,2,2,1302.18,1302.56,1302.12,1302.46,0.44,0.29,0.10,0.05,0.773243,0.650794,1.077581,35,0.855223,144,1,0,0,1,0,1,1,1,0,1,0,1,1,1,0,0,0,0,0.006686,1,1,1,1,1,3,1,1.769090,1.769090,10,0.899699,0,65,35,0
RX_1388707200_XAUUSD,47,180,2014.02.14 17:33:00,2014.02.14 17:33:00,2014.02.14 17:33:00,BUY,PROFILE_D_FULL,1317.03,1317.03,32.50,499804.92,499804.92,0.94,1315.15,1312.33,1307.63,1302.93,1315.78,1314.06,1311.49,1307.63,1318.91,1316.72,1315.00,1316.76,0,0,2014.02.14 17:15:00,2014.02.14 17:27:00,2014.02.14 17:30:00,1315.71,1315.69,1315.63,21.1179,35.6721,55.6582,12,3,15,0.250000,0.00006004,1.63559282,0.52666667,2.30268595,2.28867886,1,0,5,4,3,2014.02.14 17:32:00,1,0,1,59.284256,25.320785,174.416923,0.38,35.794197,12.946994,22.847203,1316.19,1316.44,1316.73,1316.76,-0.207070,4.106451,56.596477,0.202906,1.732719,0.002265,-0.032410,-0.016532,-0.676981,-0.844650,1.521631,+,E200>E100>E50>E20,DOWN,0,2014.02.14 17:33:00,59.633647,28.194617,151.076783,0.35,31.021638,11.220728,1316.24,1316.45,1316.73,1316.76,2014.02.14 17:25:00,1,0,1,42.090931,22.244172,-134.507644,0.62,11.632832,32.064494,20.431663,1316.68,1316.54,1314.77,1310.98,7.772439,-0.717352,-28.533454,1.042337,0.657286,-0.132136,-0.033352,0.083643,0.233002,8.893825,9.126827,-,E20>E50>E100>E200,UP,1,2014.02.14 17:30:00,49.396321,21.260934,-42.435499,0.66,20.594608,27.789228,1316.68,1316.54,1314.81,1311.04,2014.02.14 17:15:00,1,0,1,51.138273,17.870459,-99.170226,1.58,13.909082,15.053682,1.144600,1316.29,1312.84,1307.88,1301.20,9.290159,-0.997451,-9.393742,-2.598330,0.785688,0.037269,0.111552,0.101802,2.190830,7.388311,9.579141,-,E20>E50>E100>E200,UP,1,2014.02.14 17:30:00,54.264671,17.344557,-69.853096,1.38,17.268213,13.046525,1316.33,1312.99,1308.05,1301.35,2014.02.14 17:00:00,1,0,1,59.641959,30.039972,7.082774,2.64,18.050364,16.490245,1.560119,1314.11,1307.98,1301.29,1292.07,8.988607,-3.632412,-19.581548,-2.813224,0.850821,0.148550,0.154164,0.097498,2.318665,6.017778,8.336442,+,E20>E50>E100>E200,UP,1,2014.02.14 17:30:00,61.563886,26.344721,-11.192656,2.00,15.643648,14.932571,1314.36,1308.32,1301.60,1292.32,2014.02.14 16:00:00,1,0,1,70.773464,62.262377,80.508449,4.61,25.892251,5.934476,19.957775,1309.74,1301.20,1291.99,1280.42,8.055878,-2.129129,-25.360366,0.285181,1.046257,0.211938,0.154264,0.081968,1.851712,4.510372,6.362084,+,E20>E50>E100>E200,UP,1,2014.02.14 17:00:00,68.450979,62.321740,63.384891,4.11,22.439951,5.143212,1310.40,1301.81,1292.48,1280.78,2014.02.14 12:00:00,1,0,0,,,,,,,,,,,,,,,,,,,,,,,,,,,2014.02.14 16:00:00,,,,,,,,,,,17,5,2,2,NewYork,2,0,1,0,0,333,2,2,1316.32,1316.88,1316.32,1316.68,0.56,0.36,0.20,0.00,0.642857,0.642857,1.489362,33,0.877660,69,1,0,0,1,0,1,1,1,0,1,0,1,1,1,0,0,0,0,0.005321,1,1,1,0,0,3,1,0.765957,0.765957,14,0.642857,0,65,35,0
RX_1388707200_XAUUSD,48,182,2014.02.17 02:39:00,2014.02.17 02:39:00,2014.02.17 02:39:00,BUY,PROFILE_D_FULL,1326.71,1326.71,32.90,499807.02,499807.02,0.59,1325.53,1323.76,1320.81,1317.86,1325.92,1324.84,1323.23,1320.81,1327.89,1326.51,1325.43,1324.69,0,0,2014.02.17 02:16:00,2014.02.17 02:21:00,2014.02.17 02:36:00,1326.54,1326.27,1326.00,24.8660,27.8559,34.4295,5,15,20,3.000000,0.00041160,0.38460167,2.73000000,0.47817464,0.36237400,1,0,6,6,4,2014.02.17 02:38:00,1,0,1,42.692604,37.383214,-58.424104,0.24,14.549798,32.336880,17.787083,1326.55,1326.71,1326.18,1324.69,7.214318,0.877946,18.145900,2.713577,1.471139,-0.147097,-0.081099,0.068774,-0.672873,8.550578,8.550578,-,E50>E20>E100>E200,RANGE,1,2014.02.17 02:39:00,42.374523,37.456962,-41.586384,0.18,12.609825,28.025296,1326.53,1326.69,1326.18,1324.71,2014.02.17 02:30:00,1,0,1,54.040898,28.923683,-122.232926,0.42,11.772649,30.833424,19.060775,1326.22,1324.05,1321.61,1317.77,20.269142,-1.261645,-26.577965,0.170422,0.543865,0.125028,0.272632,0.216571,5.165695,14.950468,20.116163,-,E20>E50>E100>E200,UP,1,2014.02.17 02:35:00,54.607836,32.395190,-128.529056,0.46,10.202963,35.103253,1326.23,1324.14,1321.71,1317.86,2014.02.17 02:15:00,1,0,1,70.572819,31.962778,72.796441,1.38,20.194978,17.889331,2.305647,1323.31,1319.52,1314.34,1306.70,14.491518,-0.253165,-11.647043,1.244287,0.615239,0.347565,0.240312,0.150649,2.736458,9.258097,11.994555,+,E20>E50>E100>E200,UP,1,2014.02.17 02:30:00,68.158319,28.650513,55.969843,1.02,17.502314,20.186021,1323.60,1319.79,1314.58,1306.89,2014.02.17 02:00:00,1,0,1,72.002237,39.043323,136.076412,3.50,26.381116,8.959425,17.421691,1320.87,1314.50,1306.83,1296.41,8.661346,0.048116,-22.483179,1.366698,1.780417,0.166448,0.135165,0.084001,1.816245,5.163165,6.979411,+,E20>E50>E100>E200,UP,1,2014.02.17 02:30:00,70.413603,37.770992,100.631458,3.32,22.863634,12.446769,1321.39,1314.97,1307.22,1296.71,2014.02.17 01:00:00,1,0,1,75.260338,68.307467,236.774524,4.49,31.493239,3.536356,27.956883,1316.13,1306.62,1296.27,1283.52,9.681320,0.517836,31.208917,0.704884,1.713360,0.178586,0.152168,0.087654,2.115335,5.139101,7.254436,+,E20>E50>E100>E200,UP,1,2014.02.17 02:00:00,73.442345,69.841048,180.917315,4.73,27.294140,3.064842,1317.11,1307.40,1296.86,1283.95,2014.02.16 20:00:00,1,0,1,82.180168,62.621182,114.759196,5.02,36.639430,3.100176,33.539254,1302.49,1285.87,1272.10,1256.34,13.372808,0.494884,-11.249255,3.632969,0.907924,0.434429,0.292997,0.127944,3.307375,5.879017,9.186391,+,E20>E50>E100>E200,UP,1,2014.02.17 00:00:00,83.354391,65.942065,115.123185,5.38,40.398112,2.686819,1304.77,1287.46,1273.17,1257.03,2,1,2,3,Asia,0,0,0,1,0,219,2,2,1326.33,1326.42,1326.24,1326.39,0.18,0.06,0.03,0.10,0.849162,0.318436,0.759279,33,1.399788,63,1,0,0,0,1,1,1,1,1,1,1,1,1,1,1,1,1,1,0.000000,1,0,0,-1,-1,0,0,0.000000,0.000000,-1,-1.000000,0,65,35,0
RX_1388707200_XAUUSD,49,188,2014.02.17 13:05:01,2014.02.17 13:05:01,2014.02.17 13:05:01,BUY,PROFILE_D_FULL,1326.24,1326.24,30.00,499809.45,499809.45,1.58,1323.08,1318.34,1310.44,1302.54,1324.14,1321.24,1316.92,1310.44,1329.40,1325.72,1322.82,1326.22,0,0,2014.02.17 12:41:00,2014.02.17 12:49:00,2014.02.17 13:02:00,1326.30,1325.79,1325.03,38.3780,40.4631,46.3615,8,13,21,1.625000,0.00095680,0.20802442,6.04285714,0.38016931,0.28455448,1,1,6,5,3,2014.02.17 13:04:00,1,0,1,43.124739,29.602081,-87.747760,0.63,31.888393,25.501219,6.387174,1326.28,1326.45,1326.47,1326.22,-0.439423,-2.976677,-32.432770,-3.345272,1.900752,-0.096496,-0.044569,-0.006594,-0.267907,0.360312,0.389134,+,E100>E50>E20>E200,RANGE,0,2014.02.17 13:05:00,43.124739,27.139069,-71.080373,0.36,27.636607,22.101056,1326.25,1326.43,1326.46,1326.22,2014.02.17 13:00:00,1,0,1,45.003266,16.036880,-167.308618,1.05,18.698027,23.488559,4.790532,1326.51,1326.13,1325.56,1323.52,2.300033,-1.876940,-27.097145,0.040028,1.749792,-0.012207,0.011915,0.028215,0.360712,2.481842,2.842554,-,E20>E50>E100>E200,UP,1,2014.02.17 13:05:00,45.003266,15.412707,-161.724459,0.89,16.204957,20.356751,1326.46,1326.13,1325.56,1323.55,2014.02.17 12:45:00,1,0,1,58.040977,16.696850,43.555406,0.98,13.367811,17.072175,3.704364,1326.08,1324.69,1320.86,1313.25,13.935624,0.032238,-11.710205,-1.629730,0.735443,0.084517,0.091431,0.140595,1.416831,11.647692,13.064523,-,E20>E50>E100>E200,UP,1,2014.02.17 13:00:00,50.668332,17.794412,-8.953243,1.33,11.585436,19.279660,1326.06,1324.74,1320.96,1313.37,2014.02.17 12:30:00,1,0,1,60.844117,14.503076,62.571587,1.24,14.762747,15.804956,1.042209,1325.32,1320.94,1313.34,1301.97,20.136219,0.617733,9.856413,-1.114016,0.661067,0.152113,0.208085,0.205051,3.533803,15.301125,18.834928,-,E20>E50>E100>E200,UP,1,2014.02.17 13:00:00,55.934530,14.888144,25.598368,1.41,12.794381,18.181405,1325.38,1321.14,1313.59,1302.21,2014.02.17 12:00:00,1,0,1,65.444134,28.039863,76.283595,2.21,18.522076,15.916493,2.605582,1322.55,1313.41,1302.07,1287.91,17.655971,0.775022,6.625251,-3.099897,0.687724,0.205187,0.251724,0.176417,4.136931,11.536813,15.673744,+,E20>E50>E100>E200,UP,1,2014.02.17 13:00:00,62.556930,25.165597,37.639963,2.26,16.052466,18.278070,1322.88,1313.90,1302.54,1288.29,2014.02.17 08:00:00,1,0,1,80.724747,69.049104,87.977769,6.51,30.343471,5.242275,25.101195,1308.40,1290.33,1275.19,1258.37,10.493784,-0.375701,-10.203628,2.592694,0.890386,0.308081,0.226713,0.102680,2.776754,4.909383,7.686137,+,E20>E50>E100>E200,UP,1,2014.02.17 12:00:00,79.222661,69.247519,86.159693,5.66,26.297674,4.543305,1310.07,1291.72,1276.20,1259.05,13,1,2,3,Overlap,3,1,1,0,1,65,2,2,1325.74,1326.01,1325.74,1325.94,0.27,0.20,0.07,0.00,0.740741,0.740741,0.427215,30,0.474684,77,1,0,0,1,1,1,1,1,1,1,1,1,1,1,1,1,1,1,0.059621,1,0,0,-1,-1,0,0,0.000000,0.000000,-1,-1.000000,0,65,35,0
RX_1388707200_XAUUSD,50,190,2014.02.18 01:15:00,2014.02.18 01:15:00,2014.02.18 01:15:00,BUY,PROFILE_D_FULL,1326.20,1326.20,36.00,499812.77,499812.77,0.79,1324.62,1322.24,1318.28,1314.32,1325.15,1323.70,1321.53,1318.28,1327.78,1325.94,1324.49,1328.08,0,1,2014.02.18 00:45:00,2014.02.18 01:06:00,2014.02.18 01:12:00,1327.04,1325.55,1325.55,34.4273,39.2334,44.5107,21,6,27,0.285714,0.00112205,0.29288919,5.51481481,0.37345912,0.19935289,1,1,6,4,4,2014.02.18 01:14:00,1,0,1,37.790456,14.883551,-44.513713,0.32,26.113058,17.992981,8.120077,1326.42,1327.12,1327.75,1328.08,-6.917011,0.266586,0.488044,-1.770828,0.952632,-0.260167,-0.185817,-0.074324,-2.195136,-3.054451,5.249586,+,E200>E100>E50>E20,DOWN,0,2014.02.18 01:15:00,37.088775,15.353791,-37.469624,0.20,22.631317,15.593917,1326.37,1327.07,1327.71,1328.06,2014.02.18 01:10:00,1,0,1,35.911551,27.973630,-179.360351,1.31,17.533298,25.311193,7.777896,1327.69,1328.06,1327.64,1326.12,-0.177207,-0.800519,-21.483576,-2.832021,3.315589,-0.099616,-0.043973,0.005248,-0.281419,1.476492,1.476492,-,E50>E20>E100>E200,RANGE,0,2014.02.18 01:15:00,35.627781,26.664317,-140.280518,1.13,15.195525,21.936368,1327.51,1327.97,1327.60,1326.12,2014.02.18 01:00:00,1,0,1,41.459513,25.077045,-133.648219,1.51,18.801979,22.599090,3.797111,1328.01,1327.05,1324.09,1317.07,5.843676,-1.983234,-33.940033,-3.241768,0.729149,-0.064475,0.007237,0.069544,0.638801,6.608590,7.247391,-,E20>E50>E100>E200,UP,1,2014.02.18 01:15:00,41.255999,22.956310,-155.859725,1.33,16.295048,19.585878,1327.81,1327.00,1324.12,1317.15,2014.02.18 00:30:00,1,0,1,55.647957,24.186699,-9.788641,2.54,16.490616,15.128880,1.361736,1327.70,1324.24,1317.19,1305.63,8.981806,-1.397584,-27.877233,0.699918,1.780151,0.057703,0.080796,0.093897,1.360088,7.322534,8.682623,+,E20>E50>E100>E200,UP,1,2014.02.18 01:00:00,45.881281,23.097648,-128.629875,2.45,14.291867,19.744010,1327.52,1324.31,1317.36,1305.83,2014.02.18 00:00:00,1,0,1,66.673474,33.763918,63.959928,1.81,21.927993,13.390147,8.537846,1325.70,1317.46,1305.93,1291.01,20.694673,0.043013,-9.124073,1.366335,0.801839,0.201509,0.270181,0.212450,4.549371,14.617646,19.167017,+,E20>E50>E100>E200,UP,1,2014.02.18 01:00:00,56.023347,29.536722,-26.805578,2.18,19.004261,18.237108,1325.71,1317.79,1306.33,1291.36,2014.02.17 20:00:00,1,0,1,81.015120,71.725191,98.115022,3.92,33.848603,3.412527,30.436076,1313.58,1294.63,1278.29,1260.44,17.336142,-0.396031,-3.102299,1.156625,0.728421,0.454036,0.367394,0.174311,4.834127,8.720740,13.554867,+,E20>E50>E100>E200,UP,1,2014.02.18 00:00:00,75.137938,67.184789,64.914146,3.28,29.335456,13.280934,1314.74,1295.85,1279.23,1261.09,1,2,2,3,Asia,0,0,0,1,0,135,2,2,1325.68,1325.95,1325.66,1325.89,0.29,0.21,0.06,0.02,0.793103,0.724138,0.915549,36,1.136543,43,1,0,0,1,0,1,1,1,1,1,1,1,1,1,1,1,1,1,0.113311,1,0,0,-1,-1,0,0,0.000000,0.000000,-1,-1.000000,0,65,35,0
RX_1388707200_XAUUSD,51,200,2014.02.20 00:36:14,2014.02.20 00:36:14,2014.02.20 00:36:14,SELL,PROFILE_D_FULL,1312.84,1312.84,36.00,499819.26,499819.26,0.37,1313.58,1314.69,1316.54,1318.39,1313.34,1314.02,1315.03,1316.54,1312.10,1312.97,1313.65,1312.88,0,0,2014.02.20 00:16:00,2014.02.20 00:20:00,2014.02.20 00:30:00,1313.31,1313.43,1313.63,86.9450,80.3926,56.6977,4,10,14,2.500000,0.00024137,0.34789011,2.26428571,2.16052274,2.00727160,1,1,6,4,4,2014.02.20 00:35:00,1,0,1,46.532101,22.984905,-113.042671,0.15,10.418809,20.725495,10.306686,1313.02,1312.74,1312.51,1312.88,-0.238397,-2.481978,-31.871322,-2.197774,0.515707,-0.071265,0.059680,0.004090,1.898428,-0.946245,3.474727,-,E20>E200>E50>E100,RANGE,0,2014.02.20 00:36:00,46.532101,24.332694,-106.976300,0.09,9.029634,17.962096,1313.00,1312.74,1312.51,1312.88,2014.02.20 00:30:00,1,0,1,54.766241,21.003555,75.608646,0.56,22.629879,20.656664,1.973215,1312.55,1313.27,1314.91,1316.60,-6.462248,0.288682,7.365087,-0.667190,0.885259,0.152772,-0.004507,-0.062620,-1.288019,-6.009751,7.297770,+,E200>E100>E50>E20,DOWN,0,2014.02.20 00:35:00,52.821716,18.810881,48.869064,0.48,19.612562,17.902442,1312.58,1313.25,1314.87,1316.57,2014.02.20 00:15:00,1,0,1,44.111260,22.664888,96.601853,1.07,26.171909,21.817674,4.354236,1313.73,1315.98,1317.52,1317.97,-4.372262,1.004631,26.168544,-2.231332,1.030970,-0.131958,-0.140108,-0.051797,-2.114436,-1.871686,3.986122,+,E200>E100>E50>E20,DOWN,0,2014.02.20 00:30:00,42.043183,21.499148,94.543187,1.02,25.025025,18.908651,1313.64,1315.86,1317.42,1317.92,2014.02.20 00:00:00,1,0,1,41.230136,26.977435,-46.218920,1.66,18.077298,18.283068,0.205770,1315.32,1317.45,1317.96,1313.33,-0.011297,3.029347,34.243604,-0.147876,0.446568,-0.241578,-0.140568,-0.007250,-1.285219,2.481298,2.788470,-,E100>E50>E20>E200,RANGE,0,2014.02.20 00:30:00,40.022155,24.232851,-35.447180,1.75,18.009696,15.845325,1315.08,1317.27,1317.86,1313.33,2014.02.19 23:00:00,1,0,1,35.295484,23.249689,-135.231277,4.40,16.199671,23.436674,7.237003,1317.02,1318.01,1313.40,1301.04,2.452966,-2.772666,-28.630271,1.551839,1.597438,-0.112479,-0.046145,0.029169,-0.225275,3.860717,3.860717,-,E50>E20>E100>E200,RANGE,1,2014.02.20 00:00:00,38.461478,22.124760,-94.265706,3.31,15.070679,20.311784,1316.62,1317.81,1313.39,1301.16,2014.02.19 20:00:00,1,0,1,47.337230,27.689377,-152.137622,6.17,14.908348,32.894265,17.985916,1316.54,1303.61,1286.82,1266.99,7.266464,-1.706323,-12.593666,-1.035655,1.011766,-0.002686,0.093280,0.082609,2.096134,5.934989,8.031123,-,E20>E50>E100>E200,UP,1,2014.02.20 00:00:00,48.677400,29.014178,-133.631720,5.45,12.920568,28.508363,1316.19,1303.97,1287.34,1267.45,0,4,2,3,Asia,0,0,0,1,0,96,2,2,1313.00,1313.00,1312.80,1312.84,0.20,0.16,0.00,0.04,0.203980,0.796020,1.360406,36,2.436548,16,0,1,0,1,0,1,1,1,1,1,1,1,1,1,1,1,1,1,0.087620,1,0,0,-1,-1,0,0,0.000000,0.000000,-1,-1.000000,0,65,35,0
RX_1388707200_XAUUSD,52,206,2014.02.20 06:55:00,2014.02.20 06:55:00,2014.02.20 06:55:00,BUY,PROFILE_D_FULL,1313.82,1313.82,29.40,499821.34,499821.34,0.50,1312.81,1311.30,1308.78,1306.26,1313.14,1312.22,1310.84,1308.78,1314.83,1313.65,1312.73,1312.64,0,0,2014.02.20 06:16:00,2014.02.20 06:23:00,2014.02.20 06:50:00,1313.07,1313.05,1312.64,29.0686,46.5179,47.8912,7,27,34,3.857143,0.00032519,0.64752470,1.25588235,0.55360643,0.49120234,1,1,6,4,5,2014.02.20 06:54:00,1,0,1,50.962153,41.114273,15.255328,0.20,17.469054,14.970024,2.499030,1313.43,1313.41,1313.10,1312.64,4.334852,3.004628,27.473061,-0.667850,0.519355,-0.071156,-0.019856,0.034422,0.108398,3.808253,3.916650,+,E20>E50>E100>E200,UP,1,2014.02.20 06:55:00,51.167180,36.659538,68.369176,0.15,15.139847,12.974021,1313.44,1313.41,1313.10,1312.65,2014.02.20 06:50:00,1,0,1,56.651618,27.757661,-35.702543,0.92,20.979760,19.393335,1.586425,1313.07,1312.54,1312.83,1314.23,-0.781783,-1.518221,-21.903348,-0.918095,1.756925,0.055128,0.045420,-0.008161,0.574036,-1.835539,1.835539,+,E200>E20>E100>E50,RANGE,0,2014.02.20 06:55:00,56.761075,24.580561,12.436991,0.71,18.182459,16.807557,1313.11,1312.58,1312.85,1314.22,2014.02.20 06:30:00,1,0,1,53.108420,20.031846,119.461271,1.28,28.125554,13.101760,15.023794,1312.47,1313.53,1315.36,1316.65,-2.742476,0.495687,2.735484,0.787889,1.784245,0.075788,-0.011462,-0.027742,-0.829707,-2.439616,3.269323,+,E200>E100>E50>E20,DOWN,0,2014.02.20 06:45:00,55.034947,19.095907,75.436623,1.09,24.375480,18.762266,1312.57,1313.53,1315.32,1316.62,2014.02.20 06:00:00,1,0,1,49.497078,24.600275,138.070574,1.31,24.320204,9.237958,15.082246,1313.09,1315.36,1316.67,1313.17,0.281775,1.677399,48.068602,0.583687,0.592555,-0.022024,-0.086478,-0.003095,-1.739720,1.672585,2.740684,+,E100>E50>E200>E20,RANGE,1,2014.02.20 06:30:00,49.437921,28.061962,115.525384,1.56,24.383348,8.006230,1313.13,1315.29,1316.61,1313.18,2014.02.20 05:00:00,1,0,1,45.755883,21.817354,-22.620737,2.59,17.793583,13.292577,4.501006,1314.60,1316.64,1313.18,1301.65,4.673632,2.279745,16.647811,-0.079375,0.753312,-0.144522,-0.085973,0.039260,-0.784768,5.791820,5.791820,+,E50>E20>E100>E200,RANGE,1,2014.02.20 06:00:00,45.275075,22.885624,-2.452505,2.19,21.314684,11.520233,1314.50,1316.51,1313.19,1301.77,2014.02.20 00:00:00,1,0,1,45.973309,29.119826,-156.851414,6.42,12.920568,29.041420,16.120852,1315.98,1303.88,1287.30,1267.43,6.739571,-1.951454,-9.890846,-0.728930,1.446235,-0.022674,0.077814,0.076529,1.885461,5.683035,7.568496,-,E20>E50>E100>E200,UP,1,2014.02.20 04:00:00,49.812788,29.939948,-107.295407,5.98,12.043889,25.169231,1315.75,1304.26,1287.82,1267.88,6,4,2,3,Asia,0,0,0,1,0,475,2,2,1313.19,1313.53,1313.17,1313.51,0.36,0.32,0.02,0.02,0.955556,0.888889,1.788820,29,1.440994,65,1,0,0,1,0,1,1,1,1,1,1,1,1,1,1,1,1,1,0.007237,1,0,0,-1,-1,0,0,0.000000,0.000000,-1,-1.000000,0,65,35,0
RX_1388707200_XAUUSD,53,210,2014.02.20 14:32:00,2014.02.20 14:32:00,2014.02.20 14:32:00,SELL,PROFILE_D_FULL,1314.08,1314.08,26.00,499823.40,499823.40,1.61,1317.30,1322.13,1330.18,1338.23,1316.23,1319.18,1323.58,1330.18,1310.86,1314.62,1317.57,1313.81,0,1,2014.02.20 13:19:00,2014.02.20 13:26:00,2014.02.20 13:31:00,1312.22,1313.26,1317.44,78.8908,75.0962,73.5659,5,6,11,1.200000,-0.00049695,0.32279457,-5.94545455,1.77904991,1.87137063,1,0,6,1,5,2014.02.20 14:31:00,1,0,1,33.889338,21.836089,-262.573822,0.64,12.488962,29.270087,16.781125,1315.12,1314.97,1314.32,1313.81,0.408933,-1.440988,-21.474212,-0.140069,1.905325,-0.056136,-0.006520,0.017231,0.238651,1.804934,2.043585,-,E20>E50>E100>E200,UP,1,2014.02.20 14:32:00,34.083837,24.282690,-222.646017,0.53,10.823767,25.367409,1315.03,1314.94,1314.31,1313.81,2014.02.20 14:25:00,1,0,1,57.887334,31.838196,12.123066,0.75,14.650043,9.989579,4.660463,1314.28,1313.70,1313.54,1313.90,1.579247,-1.142063,-11.617070,-0.754902,0.588247,0.162839,0.090396,0.018218,0.773431,-0.271388,0.989480,+,E20>E200>E50>E100,RANGE,1,2014.02.20 14:30:00,50.418183,29.810571,-93.154385,1.05,12.696704,17.762352,1314.26,1313.71,1313.55,1313.90,2014.02.20 14:15:00,1,0,1,57.763156,20.006624,87.218024,2.42,17.117187,18.743145,1.625958,1313.55,1313.57,1314.55,1315.84,-0.309593,4.296512,51.407539,-2.969633,1.003519,0.064938,0.020539,-0.005019,-0.007422,-0.937996,0.945418,-,E200>E100>E50>E20,DOWN,0,2014.02.20 14:30:00,52.641757,20.750708,45.040275,1.48,14.834895,25.037025,1313.60,1313.59,1314.54,1315.82,2014.02.20 14:00:00,1,0,1,54.860321,26.468706,108.964372,4.36,15.218459,16.553126,1.334667,1313.46,1314.52,1315.83,1313.24,0.425234,1.149808,22.122391,-1.047614,2.670291,-0.008313,-0.014894,-0.000563,-0.244203,0.295053,0.595279,-,E100>E50>E20>E200,RANGE,1,2014.02.20 14:30:00,51.456251,26.591304,40.310719,3.22,13.189331,23.139008,1313.52,1314.51,1315.80,1313.25,2014.02.20 13:00:00,1,0,1,51.507376,21.542357,61.189946,4.75,17.401231,19.678567,2.277336,1313.89,1315.73,1313.21,1302.55,2.660415,0.755924,2.318111,-0.744374,2.196763,-0.020358,-0.024039,0.022902,-0.388081,2.774674,2.774674,-,E50>E20>E100>E200,RANGE,1,2014.02.20 14:00:00,49.063051,19.488938,87.874015,4.80,15.081067,17.054758,1313.91,1315.67,1313.23,1302.66,2014.02.20 08:00:00,1,0,1,49.991535,28.388606,-70.621939,4.92,15.063138,21.813333,6.750195,1315.51,1304.61,1288.32,1268.34,9.213641,-1.855608,-5.348286,0.263315,0.935932,-0.070510,0.074206,0.092878,2.216329,7.380226,9.596555,-,E20>E50>E100>E200,UP,1,2014.02.20 12:00:00,50.636498,29.049866,-81.575831,5.77,13.054720,26.118090,1315.37,1304.99,1288.83,1268.79,14,4,2,3,Overlap,3,1,1,0,1,152,2,2,1315.04,1315.04,1313.61,1314.07,1.43,0.97,0.00,0.46,0.322626,0.677374,2.223602,26,0.403727,165,0,1,0,1,0,1,1,1,1,1,1,1,1,1,1,1,1,1,0.000000,1,1,0,0,-1,2,1,0.990683,0.000000,7,0.322626,0,65,35,0
RX_1388707200_XAUUSD,54,214,2014.02.24 17:42:00,2014.02.24 17:42:00,2014.02.24 17:42:00,BUY,PROFILE_D_FULL,1337.18,1337.18,23.50,499825.90,499825.90,0.56,1336.05,1334.36,1331.55,1328.74,1336.43,1335.40,1333.86,1331.55,1338.31,1336.99,1335.96,1336.22,0,0,2014.02.24 17:24:00,2014.02.24 17:36:00,2014.02.24 17:39:00,1336.94,1336.76,1336.54,26.5440,31.1784,31.3162,12,3,15,0.250000,0.00029919,0.17978355,2.66666667,0.31814550,0.19962698,1,0,6,6,4,2014.02.24 17:41:00,1,0,1,45.125465,32.901634,-56.230650,0.22,18.400379,26.802874,8.402495,1337.09,1337.27,1337.09,1336.22,3.230232,1.035879,10.127464,0.793560,0.780572,-0.146989,-0.085071,0.028530,-0.806645,4.693194,4.693194,-,E50>E100>E20>E200,RANGE,1,2014.02.24 17:42:00,45.125465,30.993183,-6.633425,0.18,15.946995,23.229158,1337.08,1337.26,1337.09,1336.22,2014.02.24 17:35:00,1,0,1,49.401654,26.665569,-88.897945,0.80,8.886191,18.437967,9.551776,1337.11,1335.81,1333.80,1330.70,7.556897,-2.405419,-25.783643,-0.051074,0.856302,0.006183,0.075401,0.083118,1.625965,6.388240,8.014205,-,E20>E50>E100>E200,UP,1,2014.02.24 17:40:00,50.858107,27.771127,-82.748729,0.65,7.701365,15.979571,1337.09,1335.85,1333.86,1330.76,2014.02.24 17:15:00,1,0,1,58.473575,16.453183,53.501589,1.60,17.213003,13.170552,4.042451,1335.38,1332.10,1328.56,1324.79,7.555364,-1.932009,-17.771482,-0.364577,0.742273,0.174354,0.151152,0.082079,2.052530,4.582130,6.634660,+,E20>E50>E100>E200,UP,1,2014.02.24 17:30:00,58.747688,14.667085,36.732371,1.35,14.917936,15.858923,1335.53,1332.29,1328.73,1324.91,2014.02.24 17:00:00,1,0,1,66.075626,25.846879,102.285122,2.19,19.099723,9.409890,9.689833,1333.07,1328.64,1324.86,1320.48,7.469721,1.131337,15.171667,0.512930,0.660589,0.239491,0.171263,0.077831,2.020920,3.722168,5.743088,+,E20>E50>E100>E200,UP,1,2014.02.24 17:30:00,66.269902,26.932355,78.884654,1.94,16.553093,8.155238,1333.44,1328.96,1325.10,1320.64,2014.02.24 16:00:00,1,0,1,72.888943,37.892839,119.458534,4.43,25.717454,9.409571,16.307882,1329.55,1324.72,1320.40,1310.78,5.848561,0.484629,-0.616904,0.344395,1.144509,0.135890,0.092933,0.053600,1.089778,3.147106,4.236883,+,E20>E50>E100>E200,UP,1,2014.02.24 17:00:00,73.246738,39.030522,114.785845,4.13,22.288460,8.154962,1330.25,1325.20,1320.73,1311.04,2014.02.24 12:00:00,1,0,1,72.072943,24.121854,193.754570,9.31,26.719158,11.991569,14.727590,1323.15,1313.11,1297.04,1275.59,6.572639,2.179299,18.187321,0.748373,1.819786,0.089682,0.076194,0.058742,1.077836,4.031873,5.109709,+,E20>E50>E100>E200,UP,1,2014.02.24 16:00:00,72.212687,26.922700,181.718010,8.16,27.487210,10.392693,1324.46,1314.05,1297.83,1276.20,17,1,2,4,NewYork,2,0,1,0,0,342,2,2,1336.74,1336.94,1336.64,1336.94,0.30,0.20,0.00,0.10,1.000000,0.666667,1.333333,23,1.022222,23,1,0,0,1,0,1,1,1,1,1,1,1,1,1,1,1,1,1,0.000000,1,0,0,-1,-1,0,0,0.000000,0.000000,-1,-1.000000,0,65,35,0
RX_1388707200_XAUUSD,55,218,2014.02.26 01:04:01,2014.02.26 01:04:01,2014.02.26 01:04:01,BUY,PROFILE_D_FULL,1340.61,1340.61,31.30,499828.14,499828.14,1.57,1337.47,1332.76,1324.91,1317.06,1338.52,1335.64,1331.35,1324.91,1343.75,1340.09,1337.21,1340.65,0,1,2014.02.26 00:47:00,2014.02.26 00:53:00,2014.02.26 01:01:00,1339.77,1339.77,1339.34,32.2648,40.9068,48.9874,6,8,14,1.333333,0.00032020,0.51829217,3.06428571,1.19447209,1.14569714,1,1,6,5,3,2014.02.26 01:03:00,1,0,1,57.364969,17.989680,159.100408,0.63,21.517490,14.479649,7.037841,1339.99,1340.17,1340.37,1340.65,-0.570556,1.310012,18.257075,-1.512473,3.437756,-0.020812,-0.021480,-0.013080,-0.287236,-0.771840,1.059076,+,E200>E100>E50>E20,DOWN,0,2014.02.26 01:04:00,57.364969,18.197871,142.336935,0.43,18.648491,12.549029,1340.02,1340.17,1340.37,1340.65,2014.02.26 00:55:00,1,0,1,34.634684,29.175066,-121.066988,0.41,10.239350,26.755371,16.516022,1340.35,1340.71,1340.36,1338.93,1.481897,-1.671669,-5.231162,0.503965,0.736559,-0.125348,-0.079413,0.026334,-0.886055,4.332160,4.332160,-,E50>E100>E20>E200,RANGE,1,2014.02.26 01:00:00,47.653381,29.567550,-60.741472,0.61,11.913764,23.187988,1340.34,1340.70,1340.36,1338.95,2014.02.26 00:45:00,1,0,1,40.450507,21.536151,-184.462106,0.71,12.679254,32.966258,20.287004,1340.67,1339.60,1337.53,1333.74,8.201770,-2.698728,-32.367914,0.833403,1.055970,-0.073656,0.044302,0.095543,1.512044,8.289291,9.801335,-,E20>E50>E100>E200,UP,1,2014.02.26 01:00:00,47.946135,23.442923,-99.376933,0.79,13.495499,28.570757,1340.64,1339.63,1337.58,1333.80,2014.02.26 00:30:00,1,0,1,50.721779,22.356735,-113.506718,1.08,17.352310,19.855546,2.503237,1339.99,1337.53,1333.77,1328.00,10.675656,-1.272300,-20.528433,-2.689902,0.585861,0.045633,0.117214,0.117652,2.270549,8.815066,11.085615,-,E20>E50>E100>E200,UP,1,2014.02.26 01:00:00,54.183776,20.856002,-86.411980,1.10,15.038668,18.794577,1340.01,1337.64,1333.90,1328.12,2014.02.26 00:00:00,1,0,1,57.053164,26.034779,26.132076,2.16,14.793527,14.780280,0.013247,1338.42,1333.86,1328.09,1317.65,10.151195,-2.558342,-23.383993,-1.649464,0.820230,0.141412,0.143313,0.110466,2.112967,7.519119,9.632086,+,E20>E50>E100>E200,UP,1,2014.02.26 01:00:00,59.000108,23.335028,16.646306,1.53,12.821056,14.396012,1338.60,1334.12,1328.33,1317.87,2014.02.25 20:00:00,1,0,1,68.962038,28.874087,110.544295,5.76,24.490263,8.683485,15.806778,1331.25,1319.80,1303.01,1280.34,10.549404,1.082811,4.791706,0.997576,1.059641,0.172210,0.144765,0.103572,1.989625,6.855441,8.845066,+,E20>E50>E100>E200,UP,1,2014.02.26 00:00:00,67.395320,30.461732,93.157261,4.60,21.224894,8.928083,1332.11,1320.60,1303.75,1280.93,1,3,2,4,Asia,0,0,0,1,0,124,2,2,1340.03,1340.44,1340.01,1340.29,0.43,0.26,0.15,0.02,0.651163,0.609302,0.684441,31,0.493434,85,1,0,0,1,1,1,1,1,1,1,1,1,1,1,1,1,1,1,0.024639,1,1,0,0,-1,1,1,0.160764,0.000000,4,0.651163,0,65,35,0
RX_1388707200_XAUUSD,56,220,2014.02.26 23:01:00,2014.02.26 23:01:00,2014.02.26 23:01:00,SELL,PROFILE_D_FULL,1329.74,1329.74,61.50,499831.34,499831.34,1.18,1332.09,1335.62,1341.50,1347.38,1331.31,1333.47,1336.68,1341.50,1327.39,1330.13,1332.29,1329.20,0,1,2014.02.26 21:40:00,2014.02.26 21:43:00,2014.02.26 21:55:00,1330.91,1330.98,1331.03,88.1726,80.7110,52.3360,3,12,15,4.000000,0.00008641,0.40643644,0.76666667,2.38910340,2.37279134,1,1,6,2,2,2014.02.26 23:00:00,1,0,1,34.379402,18.870991,-376.381041,0.47,12.366413,31.532318,19.165905,1330.48,1330.10,1329.62,1329.20,1.155353,-4.476616,-73.607417,0.537369,1.773585,-0.037451,0.024819,0.025734,0.797321,1.923945,2.721266,-,E20>E50>E100>E200,UP,1,2014.02.26 23:01:00,34.363332,22.176107,-208.259960,0.39,10.717558,27.328009,1330.41,1330.09,1329.62,1329.21,2014.02.26 21:55:00,1,0,1,64.777712,49.058972,82.824277,0.50,37.097240,9.021608,28.075632,1329.67,1329.24,1330.29,1332.83,-4.754785,-1.081881,-24.071354,3.093556,1.185894,0.260346,0.127841,-0.044649,0.877587,-7.242786,7.242786,+,E200>E100>E20>E50,RANGE,0,2014.02.26 23:00:00,53.401208,45.712377,-14.209568,0.72,32.150941,19.722354,1329.68,1329.26,1330.28,1332.80,2014.02.26 21:45:00,1,0,1,53.985484,25.279246,208.837278,0.87,28.278797,9.049813,19.228984,1329.37,1331.69,1334.11,1334.18,-4.256496,2.005139,38.401052,1.844152,1.197043,0.072115,-0.096707,-0.052025,-2.670791,-2.855430,5.526221,+,E200>E100>E50>E20,DOWN,0,2014.02.26 23:00:00,49.776038,23.343240,63.320207,1.01,24.508291,19.746798,1329.40,1331.61,1334.02,1334.13,2014.02.26 21:30:00,1,0,1,45.033754,24.380263,113.522053,1.08,27.070807,10.061332,17.009475,1330.79,1334.01,1334.12,1330.40,0.067263,1.868300,28.388444,-0.809810,0.481254,-0.165646,-0.190656,-0.010042,-2.983736,3.347971,3.448804,+,E100>E50>E20>E200,RANGE,1,2014.02.26 23:00:00,42.845096,24.490374,84.350267,1.19,23.461366,14.015029,1330.69,1333.84,1334.03,1330.39,2014.02.26 21:00:00,1,0,1,41.371376,27.379584,-37.900747,1.97,20.434832,15.036426,5.398407,1333.27,1334.08,1330.41,1320.96,4.834355,2.432870,24.893597,-1.914713,0.311444,-0.258212,-0.106878,0.043533,-0.409399,6.666094,6.666094,+,E50>E20>E100>E200,RANGE,1,2014.02.26 23:00:00,39.982193,25.758186,-35.566666,1.63,17.710188,13.031569,1332.93,1333.91,1330.39,1321.05,2014.02.26 16:00:00,1,0,1,48.477918,24.427101,-165.526330,8.52,17.244587,21.617919,4.373332,1332.46,1322.52,1306.06,1283.01,5.402803,-4.096824,-55.214125,-0.889397,1.480196,0.028381,0.063938,0.062664,1.166379,4.637810,5.804189,-,E20>E50>E100>E200,UP,1,2014.02.26 20:00:00,49.290409,21.533775,-106.595123,7.82,19.786073,18.735530,1332.20,1322.81,1306.52,1283.47,23,3,2,4,Asia,0,0,0,1,0,1,2,2,1329.33,1329.79,1329.21,1329.74,0.58,0.41,0.05,0.12,0.913793,0.706897,1.234043,62,1.319149,28,1,0,0,1,0,0,1,0,1,1,1,1,1,1,1,1,1,1,0.081366,1,1,1,0,0,4,1,1.425532,1.425532,5,0.913793,0,65,35,0
RX_1388707200_XAUUSD,57,222,2014.02.27 18:48:02,2014.02.27 18:48:02,2014.02.27 18:48:02,BUY,PROFILE_D_FULL,1331.16,1331.16,21.10,499833.53,499833.53,0.84,1329.48,1326.95,1322.74,1318.53,1330.04,1328.49,1326.19,1322.74,1332.84,1330.88,1329.33,1332.68,0,1,2014.02.27 18:15:00,2014.02.27 18:28:00,2014.02.27 18:42:00,1332.36,1331.03,1330.35,13.6545,18.7955,21.1370,13,12,25,0.923077,0.00150485,0.54798700,8.02000000,0.29929900,0.06114013,1,0,6,3,2,2014.02.27 18:47:00,1,0,1,37.926439,40.887116,-12.355419,0.34,13.817764,23.133210,9.315446,1331.18,1331.96,1332.49,1332.68,-5.132487,1.875575,15.366704,-2.289211,1.020455,-0.150994,-0.154499,-0.057700,-2.305443,-2.128261,4.433704,-,E200>E100>E50>E20,DOWN,0,2014.02.27 18:48:00,37.926439,38.796872,22.846234,0.23,11.975395,20.048782,1331.16,1331.92,1332.46,1332.66,2014.02.27 18:40:00,1,0,1,32.162951,36.619947,-147.997118,0.94,7.967279,37.046362,29.079083,1332.46,1332.60,1331.97,1331.33,-0.725015,-2.512477,11.322986,3.807274,1.594744,-0.163350,-0.059535,0.000316,-0.142913,1.346530,1.346530,-,E50>E20>E100>E200,RANGE,0,2014.02.27 18:45:00,35.664916,40.350701,-114.058826,0.67,6.904975,32.106847,1332.32,1332.53,1331.95,1331.33,2014.02.27 18:30:00,1,0,1,42.401545,21.348393,-219.929290,1.47,12.506534,27.260143,14.753609,1332.40,1331.48,1331.53,1332.19,-1.047758,-2.831588,-53.646171,0.537504,1.054383,-0.010838,0.027034,0.001658,0.622660,-0.484233,0.622660,-,E20>E200>E100>E50,RANGE,0,2014.02.27 18:45:00,44.076396,23.448665,-168.981818,1.35,10.838996,23.625457,1332.26,1331.46,1331.52,1332.18,2014.02.27 18:00:00,1,0,1,49.769924,17.122611,-24.281859,1.87,19.000987,20.971640,1.970653,1331.84,1331.59,1332.22,1330.37,0.584112,-1.570353,-30.755312,-1.196949,0.643982,0.079385,0.033848,0.014655,0.132374,0.655228,0.990729,-,E100>E20>E50>E200,RANGE,1,2014.02.27 18:30:00,47.792545,17.389972,-103.473922,1.72,16.467522,24.257293,1331.76,1331.57,1332.20,1330.37,2014.02.27 17:00:00,1,0,1,55.966403,25.488832,91.664161,2.98,21.363402,9.085973,12.277429,1331.49,1332.25,1330.38,1322.49,3.815115,1.094768,-0.894493,1.049261,0.750740,0.062018,0.008851,0.035528,-0.256456,3.275424,3.275424,+,E50>E20>E100>E200,RANGE,1,2014.02.27 18:00:00,48.137443,22.707018,36.853161,3.18,18.514949,16.877947,1331.44,1332.20,1330.39,1322.57,2014.02.27 12:00:00,1,0,1,53.185190,17.778027,-20.296804,6.31,21.365202,14.864571,6.500631,1331.76,1323.98,1308.38,1285.32,7.548229,0.941454,29.045905,-1.329815,0.740428,-0.022303,0.046075,0.073392,1.233386,6.127106,7.360492,+,E20>E50>E100>E200,UP,1,2014.02.27 16:00:00,50.606473,17.799995,-29.873446,5.82,18.516508,12.882628,1331.68,1324.25,1308.83,1285.78,18,4,2,4,NewYork,2,0,1,0,0,408,2,2,1330.77,1331.00,1330.67,1330.95,0.33,0.17,0.05,0.10,0.836923,0.535385,0.965108,21,0.623608,70,1,0,0,0,0,1,1,1,1,1,1,1,1,1,1,1,1,1,0.009020,1,0,0,-1,-1,0,0,0.000000,0.000000,-1,-1.000000,0,65,35,0
RX_1388707200_XAUUSD,58,228,2014.02.27 20:50:00,2014.02.27 20:50:00,2014.02.27 20:50:00,SELL,PROFILE_D_FULL,1330.82,1330.82,23.50,499838.08,499838.08,0.65,1332.12,1334.08,1337.34,1340.60,1331.69,1332.88,1334.67,1337.34,1329.52,1331.04,1332.23,1330.50,0,1,2014.02.27 20:36:00,2014.02.27 20:42:00,2014.02.27 20:46:00,1331.04,1331.42,1331.48,80.8034,76.1464,65.0239,6,4,10,0.666667,0.00033057,0.19528204,4.40000000,1.57794482,1.40920081,1,1,6,3,3,2014.02.27 20:49:00,1,0,1,54.618486,33.654426,2.350688,0.26,19.881224,22.301827,2.420603,1330.77,1330.21,1330.04,1330.50,1.297357,-2.038206,-15.405586,-1.948888,0.749820,0.235639,0.178297,0.030008,2.162157,-1.123473,2.796332,-,E20>E200>E50>E100,RANGE,1,2014.02.27 20:50:00,54.329568,29.932280,-52.745327,0.21,17.230394,19.328250,1330.77,1330.23,1330.06,1330.50,2014.02.27 20:45:00,1,0,1,56.315999,37.005971,157.317911,0.79,34.386304,9.403720,24.982584,1330.00,1330.65,1330.98,1330.90,-0.085681,2.070371,17.244637,1.782237,1.280325,0.085840,-0.009540,-0.005716,-0.831151,-0.318832,1.241347,+,E100>E200>E50>E20,RANGE,0,2014.02.27 20:50:00,56.176037,39.678622,106.716935,0.60,29.801464,8.149891,1330.08,1330.66,1330.97,1330.90,2014.02.27 20:30:00,1,0,1,50.256858,25.718456,-4.659782,1.29,29.668960,19.940444,9.728516,1330.74,1330.88,1331.20,1331.97,-0.779137,2.750388,33.282681,-1.615021,0.683146,-0.092789,-0.037895,-0.017551,-0.107830,-0.839768,0.947598,+,E200>E100>E50>E20,DOWN,0,2014.02.27 20:45:00,49.626911,25.183610,19.620640,1.09,26.864614,17.281718,1330.75,1330.88,1331.19,1331.96,2014.02.27 20:00:00,1,0,1,44.961885,25.065878,-106.792375,2.37,12.001226,26.087616,14.086390,1330.98,1331.24,1331.99,1330.32,-0.297592,-3.136469,-40.738507,1.213496,1.607584,-0.076356,-0.030158,-0.002907,-0.112053,0.387132,0.702487,-,E100>E50>E20>E200,RANGE,0,2014.02.27 20:30:00,49.634702,22.755648,-47.327426,2.33,19.361117,22.609267,1330.96,1331.23,1331.97,1330.33,2014.02.27 19:00:00,1,0,1,44.390563,22.624577,-57.217490,2.98,16.046289,25.983261,9.936972,1331.13,1332.04,1330.34,1322.63,2.215607,-1.423710,-26.567628,0.740497,0.869305,0.021115,-0.004356,0.031598,-0.306705,3.157394,3.157394,-,E50>E20>E100>E200,RANGE,1,2014.02.27 20:00:00,48.591251,20.723855,-17.908329,3.04,19.040646,22.518826,1331.10,1331.99,1330.35,1322.71,2014.02.27 16:00:00,1,0,1,48.582537,15.738050,-48.664225,6.68,18.516508,17.620950,0.895558,1331.52,1324.18,1308.79,1285.76,6.506844,-0.345314,10.718275,-1.169823,0.852635,-0.023103,0.040135,0.068191,1.097809,5.751179,6.848987,+,E20>E50>E100>E200,UP,1,2014.02.27 20:00:00,50.558037,13.970070,-41.278808,6.70,16.047640,15.271490,1331.45,1324.44,1309.23,1286.21,20,4,2,4,NewYork,2,0,1,0,0,530,2,2,1331.40,1331.42,1330.82,1330.84,0.60,0.56,0.02,0.02,0.033167,0.930348,2.312560,23,0.882071,62,0,1,0,1,0,1,1,1,1,1,1,1,1,1,1,1,1,1,0.033046,1,1,1,0,0,4,1,0.318313,0.318313,4,0.033167,0,65,35,0
RX_1388707200_XAUUSD,59,232,2014.02.28 11:37:02,2014.02.28 11:37:02,2014.02.28 11:37:02,SELL,PROFILE_D_FULL,1330.53,1330.53,36.40,499840.12,499840.12,0.73,1331.99,1334.18,1337.83,1341.48,1331.51,1332.84,1334.84,1337.83,1329.07,1330.78,1332.11,1329.13,0,1,2014.02.28 11:14:00,2014.02.28 11:29:00,2014.02.28 11:34:00,1330.68,1330.93,1330.94,64.6699,58.7494,57.9571,15,5,20,0.333333,0.00019539,0.10380041,1.30000000,0.33563795,0.29111740,1,0,6,1,1,2014.02.28 11:36:00,1,0,1,53.808339,37.704474,48.552762,0.29,21.067357,13.579548,7.487810,1330.43,1330.01,1329.43,1329.13,4.833085,0.065131,-3.568142,0.465222,0.704039,0.123401,0.106719,0.055527,1.443523,2.997877,4.441399,+,E20>E50>E100>E200,UP,1,2014.02.28 11:37:00,53.628250,35.558780,14.448523,0.21,18.258376,11.768941,1330.44,1330.03,1329.45,1329.14,2014.02.28 11:30:00,1,0,1,63.796060,37.820113,88.450833,0.69,24.463052,14.307100,10.155952,1329.45,1329.18,1329.59,1330.11,0.853215,-0.116266,-12.632450,-1.758884,0.885420,0.165189,0.072788,0.003037,0.383756,-1.342254,1.342254,+,E200>E100>E20>E50,RANGE,1,2014.02.28 11:35:00,61.900370,36.270136,81.159751,0.62,21.201312,12.399487,1329.55,1329.24,1329.61,1330.11,2014.02.28 11:15:00,1,0,1,54.184363,26.305816,96.220996,1.31,27.583319,14.048060,13.535259,1329.24,1329.90,1330.45,1331.23,-0.688348,1.341009,24.445608,0.291393,0.691108,0.049875,-0.007757,-0.012522,-0.506742,-1.019075,1.525817,+,E200>E100>E50>E20,DOWN,0,2014.02.28 11:30:00,55.011692,27.184198,98.341329,1.12,24.110672,12.174985,1329.36,1329.93,1330.45,1331.23,2014.02.28 11:00:00,1,0,1,51.512439,16.971094,46.488808,2.09,28.871009,17.330373,11.540636,1329.65,1330.40,1331.21,1330.30,0.014629,2.608442,37.738227,0.301272,0.939653,-0.067748,-0.042140,-0.009611,-0.361853,0.048632,0.745980,+,E100>E50>E200>E20,RANGE,1,2014.02.28 11:30:00,52.160437,18.089795,54.021142,1.67,25.226669,15.019656,1329.73,1330.41,1331.19,1330.30,2014.02.28 10:00:00,1,0,1,48.812176,20.647963,-70.252319,3.24,17.630805,24.414296,6.783492,1330.20,1331.23,1330.32,1323.63,1.995952,-0.550564,-10.939985,0.827980,1.223851,-0.059961,-0.034382,0.016168,-0.317964,2.350637,2.350637,-,E50>E100>E20>E200,RANGE,1,2014.02.28 11:00:00,50.069551,17.961903,2.139802,2.93,20.947466,21.159057,1330.23,1331.20,1330.32,1323.69,2014.02.28 04:00:00,1,0,1,48.178726,13.546466,-38.625995,4.46,19.140968,18.692926,0.448042,1331.25,1324.90,1310.06,1287.08,9.424679,-1.077482,3.263469,-0.841243,0.823252,-0.017058,0.057949,0.100499,1.424788,8.484629,9.909417,+,E20>E50>E100>E200,UP,1,2014.02.28 08:00:00,50.189403,13.766711,-51.726532,4.10,16.588839,22.534999,1331.19,1325.12,1310.47,1287.51,11,5,2,4,London,1,1,0,0,0,277,2,2,1330.74,1330.84,1330.50,1330.54,0.34,0.20,0.10,0.04,0.115044,0.589971,1.160959,36,1.232877,28,0,1,0,0,0,1,1,1,1,1,1,1,1,1,1,1,1,1,0.021038,1,0,0,-1,-1,0,0,0.000000,0.000000,-1,-1.000000,0,65,35,0
RX_1388707200_XAUUSD,60,234,2014.02.28 16:01:05,2014.02.28 16:01:05,2014.02.28 16:01:05,SELL,PROFILE_D_FULL,1325.38,1325.38,23.00,499842.12,499842.12,2.15,1329.68,1336.12,1346.86,1357.60,1328.25,1332.19,1338.06,1346.86,1321.08,1326.10,1330.04,1327.93,0,0,2014.02.28 15:51:00,2014.02.28 15:54:00,2014.02.28 15:58:00,1325.51,1325.67,1326.34,63.8034,63.5967,57.5923,3,4,7,1.333333,0.00062617,0.09734778,11.85714286,0.88730315,0.74930905,1,0,6,4,4,2014.02.28 16:00:00,1,0,1,51.069040,29.119773,66.984725,0.86,19.026597,10.618802,8.407795,1325.27,1325.67,1326.77,1327.93,-2.966570,-0.857141,-14.850942,0.579710,2.291333,0.071640,0.003982,-0.026003,-0.463861,-2.626128,3.089989,+,E200>E100>E50>E20,DOWN,0,2014.02.28 16:01:00,51.069040,29.018632,6.862607,0.63,16.489718,9.202962,1325.28,1325.66,1326.74,1327.90,2014.02.28 15:55:00,1,0,1,43.326208,30.430149,-7.650708,1.14,25.271678,18.765094,6.506584,1326.81,1328.24,1328.94,1329.58,-2.972616,3.031059,31.421857,-1.401858,0.594401,-0.193972,-0.124219,-0.041073,-1.252179,-1.170904,2.423084,+,E200>E100>E50>E20,DOWN,0,2014.02.28 16:00:00,39.659967,28.342841,-7.882762,1.02,21.902121,16.263082,1326.67,1328.13,1328.87,1329.53,2014.02.28 15:45:00,1,0,1,41.567426,20.962156,-104.474608,3.06,18.166017,24.510675,6.344658,1328.29,1329.24,1329.94,1330.84,-1.520867,-1.703828,-16.353755,0.809621,1.496822,-0.111670,-0.051177,-0.017135,-0.309555,-0.522967,0.832522,-,E200>E100>E50>E20,DOWN,0,2014.02.28 16:00:00,39.375257,20.149442,-83.223352,2.62,15.743882,21.242585,1328.01,1329.09,1329.85,1330.78,2014.02.28 15:30:00,1,0,1,42.711642,17.240114,-135.730961,3.76,15.397306,29.307080,13.909774,1328.75,1329.79,1330.75,1330.15,-1.052828,-2.412961,-55.141780,0.325633,1.487207,-0.051200,-0.027683,-0.007147,-0.275349,-0.094587,0.530685,-,E100>E200>E50>E20,RANGE,0,2014.02.28 16:00:00,41.056421,19.090100,-106.595596,3.56,13.344332,25.399470,1328.43,1329.62,1330.64,1330.10,2014.02.28 15:00:00,1,0,1,40.272701,18.037863,-192.092300,4.51,14.703398,29.876600,15.173202,1329.46,1330.72,1330.14,1323.86,0.514323,-1.707895,-24.367996,-0.522020,1.394328,-0.032820,-0.022463,0.010521,-0.279827,1.520937,1.520937,-,E50>E100>E20>E200,RANGE,1,2014.02.28 16:00:00,38.625446,20.170934,-152.520167,3.76,12.742945,25.893054,1329.07,1330.51,1330.05,1323.88,2014.02.28 12:00:00,1,0,1,44.321457,14.807910,-93.129642,5.96,14.376994,22.457509,8.080515,1330.55,1325.10,1310.74,1287.88,6.429635,-0.852216,-8.893083,-0.186028,0.891600,-0.032435,0.030663,0.071295,0.915791,6.247244,7.163035,-,E20>E50>E100>E200,UP,1,2014.02.28 16:00:00,43.281995,15.758503,-143.526081,5.47,12.460062,19.463175,1330.06,1325.11,1311.03,1288.25,16,5,2,4,NewYork,2,0,1,0,0,241,2,2,1326.18,1326.28,1325.38,1325.38,0.90,0.80,0.10,0.00,0.000000,0.889258,1.050916,23,0.267675,113,0,1,0,1,0,1,1,1,1,1,1,1,1,1,1,1,1,1,0.077733,1,0,0,-1,-1,0,0,0.000000,0.000000,-1,-1.000000,0,65,35,0
